Date,Actividad(%),Activos,AdjClose,Births,Close,Close_DJ,Debt,Debt_per_capita,Defunciones,Euribor,GDP_Value,High_DJ,High_EURO,High_y,IPC,Low_DJ,Low_EURO,Low_y,Ocupados,Open_DJ,Open_EURO,Open_y,Parados,Paro(%),Percentage,Price_EURO
2005-01-03,57.38,20857.4,9124.09082,1277.0,9124.099609,10729.43,396026.0,9147.0,11.299,2.3121,0.9816,10892.67,1.3582,9154.299805,-0.8,10694.18,1.3386,9057.5,18736.1,10783.75,1.3547,9085.200195,2121.3,10.17,46.08,1.3463
2005-01-04,57.38,20857.4,9119.991211,1277.0,9120.0,10630.78,396026.0,9147.0,11.299,2.3121,0.9816,10803.62,1.3496,9139.900391,-0.8,10587.48,1.3249,9094.200195,18736.1,10727.81,1.3466,9117.599609,2121.3,10.17,46.08,1.3272
2005-01-05,57.38,20857.4,9024.391602,1277.0,9024.400391,10597.83,396026.0,9147.0,11.299,2.3121,0.9816,10736.16,1.3305,9066.200195,-0.8,10561.03,1.3215,9018.700195,18736.1,10629.53,1.3282,9064.400391,2121.3,10.17,46.08,1.3262
2005-01-07,57.38,20857.4,9041.09082,1277.0,9041.099609,10603.96,396026.0,9147.0,11.299,2.3121,0.9816,10697.81,1.3251,9072.900391,-0.8,10545.8,1.3024,9008.900391,18736.1,10624.8,1.3171,9055.400391,2121.3,10.17,46.08,1.3054
2005-01-10,57.38,20857.4,9028.491211,1277.0,9028.5,10621.03,396026.0,9147.0,11.057,2.3121,0.9816,10696.85,1.3124,9058.799805,-0.8,10544.99,1.3049,9003.599609,18736.1,10603.44,1.3061,9045.599609,2121.3,10.17,46.08,1.3084
2005-01-11,57.38,20857.4,8966.391602,1277.0,8966.400391,10556.22,396026.0,9147.0,11.057,2.3121,0.9816,10632.63,1.3172,9052.200195,-0.8,10504.72,1.3066,8952.099609,18736.1,10619.77,1.308,9039.400391,2121.3,10.17,46.08,1.3114
2005-01-12,57.38,20857.4,8945.691406,1277.0,8945.700195,10617.78,396026.0,9147.0,11.057,2.3121,0.9816,10648.52,1.3294,8983.599609,-0.8,10481.37,1.3082,8919.900391,18736.1,10561.32,1.3109,8971.400391,2121.3,10.17,46.08,1.3265
2005-01-13,57.38,20857.4,9016.791016,1277.0,9016.799805,10505.83,396026.0,9147.0,11.057,2.3121,0.9816,10650.96,1.3268,9016.799805,-0.8,10463.26,1.3192,8972.0,18736.1,10617.41,1.3257,8974.799805,2121.3,10.17,46.08,1.3218
2005-01-14,57.38,20857.4,9025.09082,1277.0,9025.099609,10558.0,396026.0,9147.0,11.057,2.3121,0.9816,10606.47,1.3226,9033.599609,-0.8,10475.01,1.3056,8968.400391,18736.1,10506.71,1.3218,8970.299805,2121.3,10.17,46.08,1.3106
2005-01-18,57.38,20857.4,9096.891602,1277.0,9096.900391,10628.79,396026.0,9147.0,10.154,2.3121,0.9816,10665.44,1.3076,9104.799805,-0.8,10456.61,1.2994,9040.700195,18736.1,10554.23,1.3061,9085.799805,2121.3,10.17,46.08,1.3027
2005-01-19,57.38,20857.4,9087.59082,1277.0,9087.599609,10539.97,396026.0,9147.0,10.154,2.3121,0.9816,10668.4,1.3119,9137.099609,-0.8,10519.2,1.2963,9086.5,18736.1,10626.05,1.3024,9113.0,2121.3,10.17,46.08,1.3001
2005-01-20,57.38,20857.4,9017.691406,1277.0,9017.700195,10471.47,396026.0,9147.0,10.154,2.3121,0.9816,10582.09,1.3025,9055.599609,-0.8,10414.72,1.2921,9002.400391,18736.1,10538.9,1.3009,9034.799805,2121.3,10.17,46.08,1.2968
2005-01-21,57.38,20857.4,8999.391602,1277.0,8999.400391,10392.99,396026.0,9147.0,10.154,2.3121,0.9816,10541.3,1.3069,9029.599609,-0.8,10370.97,1.293,8985.299805,18736.1,10471.98,1.2966,9001.200195,2121.3,10.17,46.08,1.305
2005-01-24,57.38,20857.4,8967.09082,1277.0,8967.099609,10368.61,396026.0,9147.0,10.247,2.3121,0.9816,10491.71,1.3102,8984.299805,-0.8,10317.1,1.3026,8907.0,18736.1,10393.58,1.3039,8981.900391,2121.3,10.17,46.08,1.3056
2005-01-25,57.38,20857.4,9033.191406,1277.0,9033.200195,10461.56,396026.0,9147.0,10.247,2.3121,0.9816,10534.72,1.3079,9045.5,-0.8,10387.23,1.2943,8950.5,18736.1,10369.42,1.3056,8954.900391,2121.3,10.17,46.08,1.2974
2005-01-26,57.38,20857.4,9058.09082,1277.0,9058.099609,10498.59,396026.0,9147.0,10.247,2.3121,0.9816,10571.66,1.3109,9075.200195,-0.8,10433.56,1.2964,9028.400391,18736.1,10463.19,1.297,9044.599609,2121.3,10.17,46.08,1.3084
2005-01-27,57.38,20857.4,9125.291016,1277.0,9125.299805,10467.4,396026.0,9147.0,10.247,2.3121,0.9816,10535.16,1.3126,9125.299805,-0.8,10379.47,1.301,9060.099609,18736.1,10498.14,1.3083,9080.599609,2121.3,10.17,46.08,1.3035
2005-01-28,57.38,20857.4,9139.391602,1277.0,9139.400391,10427.2,396026.0,9147.0,10.247,2.3121,0.9816,10520.61,1.3084,9164.599609,-0.8,10331.58,1.2985,9115.900391,18736.1,10470.58,1.3043,9124.700195,2121.3,10.17,46.08,1.3044
2005-01-31,57.38,20857.4,9223.890625,1277.0,9223.900391,10489.94,396026.0,9147.0,9.599,2.3121,0.9816,10559.77,1.306,9224.599609,-0.8,10414.49,1.2974,9161.900391,18736.1,10428.76,1.3034,9163.200195,2121.3,10.17,46.08,1.3034
2005-02-01,57.38,20857.4,9256.990234,1277.0,9257.0,10551.94,391778.0,9049.0,9.599,2.31,0.9816,10609.73,1.3069,9257.0,0.3,10464.38,1.3001,9193.599609,18736.1,10489.72,1.3037,9218.900391,2121.3,10.17,45.59,1.3042
2005-02-02,57.38,20857.4,9306.990234,1277.0,9307.0,10596.79,391778.0,9049.0,9.599,2.31,0.9816,10638.25,1.3096,9315.799805,0.3,10501.02,1.3009,9247.299805,18736.1,10551.05,1.3047,9260.200195,2121.3,10.17,45.59,1.3036
2005-02-03,57.38,20857.4,9310.390625,1277.0,9310.400391,10593.1,391778.0,9049.0,9.599,2.31,0.9816,10640.69,1.3038,9331.599609,0.3,10511.96,1.2939,9280.799805,18736.1,10592.21,1.3026,9309.900391,2121.3,10.17,45.59,1.2973
2005-02-04,57.38,20857.4,9422.490234,1277.0,9422.5,10716.13,391778.0,9049.0,9.599,2.31,0.9816,10750.94,1.3044,9422.5,0.3,10553.93,1.2863,9319.299805,18736.1,10593.17,1.2974,9321.200195,2121.3,10.17,45.59,1.2872
2005-02-07,57.38,20857.4,9461.69043,1277.0,9461.700195,10715.76,391778.0,9049.0,8.866,2.31,0.9816,10774.8,1.2865,9487.099609,0.3,10650.59,1.273,9446.200195,18736.1,10715.76,1.2856,9449.099609,2121.3,10.17,45.59,1.2759
2005-02-08,57.38,20857.4,9479.19043,1277.0,9479.200195,10724.63,391778.0,9049.0,8.866,2.31,0.9816,10783.97,1.2801,9490.5,0.3,10647.85,1.2731,9442.0,18736.1,10712.51,1.2761,9474.700195,2121.3,10.17,45.59,1.2769
2005-02-09,57.38,20857.4,9450.790039,1277.0,9450.799805,10664.11,391778.0,9049.0,8.866,2.31,0.9816,10781.38,1.2817,9486.599609,0.3,10621.84,1.2739,9410.400391,18736.1,10717.76,1.2766,9485.5,2121.3,10.17,45.59,1.2805
2005-02-10,57.38,20857.4,9451.19043,1277.0,9451.200195,10749.61,391778.0,9049.0,8.866,2.31,0.9816,10803.92,1.2907,9479.900391,0.3,10633.67,1.2739,9417.799805,18736.1,10665.0,1.2811,9447.799805,2121.3,10.17,45.59,1.2876
2005-02-11,57.38,20857.4,9588.290039,1277.0,9588.299805,10796.01,391778.0,9049.0,8.866,2.31,0.9816,10865.69,1.2898,9588.299805,0.3,10680.15,1.2845,9468.099609,18736.1,10742.92,1.2877,9481.099609,2121.3,10.17,45.59,1.2866
2005-02-14,57.38,20857.4,9584.990234,1277.0,9585.0,10791.13,391778.0,9049.0,8.823,2.31,0.9816,10853.8,1.2991,9592.200195,0.3,10722.63,1.2874,9559.400391,18736.1,10795.72,1.2879,9588.099609,2121.3,10.17,45.59,1.2963
2005-02-15,57.38,20857.4,9634.290039,1277.0,9634.299805,10837.32,391778.0,9049.0,8.823,2.31,0.9816,10886.31,1.3054,9647.700195,0.3,10745.1,1.2954,9574.799805,18736.1,10791.06,1.2976,9579.0,2121.3,10.17,45.59,1.302
2005-02-16,57.38,20857.4,9575.589844,1277.0,9575.599609,10834.88,391778.0,9049.0,8.823,2.31,0.9816,10889.78,1.3066,9619.799805,0.3,10746.21,1.2955,9540.200195,18736.1,10832.03,1.3028,9618.0,2121.3,10.17,45.59,1.3032
2005-02-17,57.38,20857.4,9585.69043,1277.0,9585.700195,10754.26,391778.0,9049.0,8.823,2.31,0.9816,10873.6,1.3091,9638.5,0.3,10729.95,1.3014,9573.099609,18736.1,10835.03,1.303,9584.5,2121.3,10.17,45.59,1.307
2005-02-18,57.38,20857.4,9570.089844,1277.0,9570.099609,10785.22,391778.0,9049.0,8.823,2.31,0.9816,10854.98,1.3083,9606.5,0.3,10682.29,1.3011,9557.099609,18736.1,10755.15,1.307,9591.299805,2121.3,10.17,45.59,1.3072
2005-02-22,57.38,20857.4,9350.290039,1277.0,9350.299805,10611.2,391778.0,9049.0,8.567,2.31,0.9816,10806.36,1.3264,9455.200195,0.3,10596.79,1.3054,9307.200195,18736.1,10783.38,1.3064,9448.299805,2121.3,10.17,45.59,1.3251
2005-02-23,57.38,20857.4,9354.089844,1277.0,9354.099609,10673.79,391778.0,9049.0,8.567,2.31,0.9816,10735.42,1.3275,9357.400391,0.3,10583.64,1.3186,9261.400391,18736.1,10609.28,1.3254,9329.900391,2121.3,10.17,45.59,1.3213
2005-02-24,57.38,20857.4,9352.589844,1277.0,9352.599609,10748.79,391778.0,9049.0,8.567,2.31,0.9816,10779.39,1.3272,9380.400391,0.3,10612.24,1.3175,9325.599609,18736.1,10672.24,1.3211,9377.200195,2121.3,10.17,45.59,1.3203
2005-02-25,57.38,20857.4,9439.69043,1277.0,9439.700195,10841.6,391778.0,9049.0,8.567,2.31,0.9816,10871.53,1.3249,9444.599609,0.3,10698.32,1.3142,9402.299805,18736.1,10748.42,1.3196,9416.200195,2121.3,10.17,45.59,1.3243
2005-02-28,57.38,20857.4,9390.990234,1277.0,9391.0,10766.23,391778.0,9049.0,9.0,2.31,0.9816,10877.07,1.3281,9467.099609,0.3,10709.41,1.3231,9380.900391,18736.1,10842.05,1.3244,9454.400391,2121.3,10.17,45.59,1.3237
2005-03-01,57.38,20857.4,9472.290039,1277.0,9472.299805,10830.0,394722.0,9117.0,9.0,2.3348,0.9816,10896.51,1.3234,9476.0,0.8,10742.51,1.3167,9370.799805,18736.1,10769.04,1.3226,9372.200195,2121.3,10.17,45.11,1.3186
2005-03-02,57.38,20857.4,9443.589844,1277.0,9443.599609,10811.97,394722.0,9117.0,9.0,2.3348,0.9816,10896.66,1.319,9467.5,0.8,10736.16,1.3087,9390.099609,18736.1,10825.68,1.3188,9464.599609,2121.3,10.17,45.11,1.3131
2005-03-03,57.38,20857.4,9418.790039,1277.0,9418.799805,10833.03,394722.0,9117.0,9.0,2.3348,0.9816,10904.34,1.3168,9460.599609,0.8,10744.14,1.3097,9412.0,18736.1,10812.27,1.3141,9436.5,2121.3,10.17,45.11,1.311
2005-03-04,57.38,20857.4,9537.990234,1277.0,9538.0,10940.55,394722.0,9117.0,9.0,2.3348,0.9816,10996.93,1.326,9538.0,0.8,10833.7,1.3089,9410.700195,18736.1,10834.51,1.311,9411.900391,2121.3,10.17,45.11,1.3241
2005-03-07,57.38,20857.4,9545.890625,1277.0,9545.900391,10936.86,394722.0,9117.0,8.595,2.3348,0.9816,11027.15,1.3251,9581.799805,0.8,10886.09,1.318,9525.0,18736.1,10940.55,1.3241,9568.099609,2121.3,10.17,45.11,1.3209
2005-03-08,57.38,20857.4,9480.19043,1277.0,9480.200195,10912.62,394722.0,9117.0,8.595,2.3348,0.9816,10996.56,1.3363,9541.900391,0.8,10863.4,1.3207,9480.200195,18736.1,10935.6,1.3211,9536.299805,2121.3,10.17,45.11,1.3344
2005-03-09,57.38,20857.4,9410.290039,1277.0,9410.299805,10805.62,394722.0,9117.0,8.595,2.3348,0.9816,10949.2,1.3426,9527.400391,0.8,10768.66,1.3331,9410.299805,18736.1,10912.32,1.3342,9496.700195,2121.3,10.17,45.11,1.3388
2005-03-10,57.38,20857.4,9319.390625,1277.0,9319.400391,10851.51,394722.0,9117.0,8.595,2.3348,0.9816,10907.45,1.3458,9366.799805,0.8,10757.36,1.337,9296.900391,18736.1,10806.28,1.3393,9365.799805,2121.3,10.17,45.11,1.3428
2005-03-11,57.38,20857.4,9330.19043,1277.0,9330.200195,10774.36,394722.0,9117.0,8.595,2.3348,0.9816,10897.68,1.3482,9385.799805,0.8,10728.62,1.3392,9317.400391,18736.1,10845.3,1.3417,9370.700195,2121.3,10.17,45.11,1.3454
2005-03-14,57.38,20857.4,9296.490234,1277.0,9296.5,10804.51,394722.0,9117.0,7.894,2.3348,0.9816,10859.12,1.3479,9360.900391,0.8,10709.26,1.3333,9280.400391,18736.1,10773.92,1.3459,9318.799805,2121.3,10.17,45.11,1.3371
2005-03-15,57.38,20857.4,9354.69043,1277.0,9354.700195,10745.1,394722.0,9117.0,7.894,2.3348,0.9816,10884.76,1.3413,9359.200195,0.8,10716.87,1.3296,9306.799805,18736.1,10804.29,1.3371,9311.299805,2121.3,10.17,45.11,1.3308
2005-03-16,57.38,20857.4,9201.19043,1277.0,9201.200195,10633.07,394722.0,9117.0,7.894,2.3348,0.9816,10764.16,1.3439,9337.400391,0.8,10569.3,1.3289,9192.200195,18736.1,10741.63,1.3306,9335.200195,2121.3,10.17,45.11,1.3421
2005-03-17,57.38,20857.4,9235.790039,1277.0,9235.799805,10626.35,394722.0,9117.0,7.894,2.3348,0.9816,10707.86,1.3423,9260.900391,0.8,10561.1,1.3342,9158.0,18736.1,10633.3,1.3417,9197.900391,2121.3,10.17,45.11,1.3377
2005-03-18,57.38,20857.4,9263.890625,1277.0,9263.900391,10629.67,394722.0,9117.0,7.894,2.3348,0.9816,10709.85,1.3388,9300.799805,0.8,10520.6,1.3264,9239.700195,18736.1,10627.83,1.3377,9254.400391,2121.3,10.17,45.11,1.3318
2005-03-21,57.38,20857.4,9225.390625,1277.0,9225.400391,10565.39,394722.0,9117.0,7.536,2.3348,0.9816,10662.93,1.3317,9287.099609,0.8,10503.46,1.3139,9215.700195,18736.1,10629.9,1.3312,9236.900391,2121.3,10.17,45.11,1.3172
2005-03-22,57.38,20857.4,9299.19043,1277.0,9299.200195,10470.51,394722.0,9117.0,7.536,2.3348,0.9816,10651.41,1.3228,9306.200195,0.8,10446.78,1.3053,9209.5,18736.1,10565.39,1.3157,9234.099609,2121.3,10.17,45.11,1.3087
2005-03-23,57.38,20857.4,9252.089844,1277.0,9252.099609,10456.02,394722.0,9117.0,7.536,2.3348,0.9816,10558.51,1.3089,9277.099609,0.8,10384.34,1.2959,9196.799805,18736.1,10470.58,1.3077,9206.0,2121.3,10.17,45.11,1.2988
2005-03-24,57.38,20857.4,9309.290039,1277.0,9309.299805,10442.87,394722.0,9117.0,7.536,2.3348,0.9816,10554.6,1.3035,9329.099609,0.8,10415.16,1.2932,9244.900391,18736.1,10457.06,1.299,9265.200195,2121.3,10.17,45.11,1.2941
2005-03-29,57.38,20857.4,9324.089844,1277.0,9324.099609,10405.7,394722.0,9117.0,7.113,2.3348,0.9816,10565.46,1.2957,9331.200195,0.8,10351.76,1.2875,9234.099609,18736.1,10486.1,1.2889,9266.099609,2121.3,10.17,45.11,1.2921
2005-03-30,57.38,20857.4,9280.089844,1277.0,9280.099609,10540.93,394722.0,9117.0,7.113,2.3348,0.9816,10564.8,1.2986,9305.099609,0.8,10395.21,1.291,9245.5,18736.1,10405.77,1.2927,9277.299805,2121.3,10.17,45.11,1.2923
2005-03-31,57.38,20857.4,9258.790039,1277.0,9258.799805,10503.76,394722.0,9117.0,7.113,2.3348,0.9816,10586.15,1.302,9355.799805,0.8,10448.19,1.291,9240.5,18736.1,10541.59,1.2917,9333.700195,2121.3,10.17,45.11,1.2963
2005-04-01,57.86,21129.7,9289.490234,1277.0,9289.5,10404.3,388022.0,8962.0,7.113,2.2651,0.8886,10600.56,1.306,9338.299805,1.4,10349.02,1.2869,9244.700195,19160.6,10504.57,1.296,9254.700195,1969.1,9.32,44.34,1.2908
2005-04-04,57.86,21129.7,9205.990234,1277.0,9206.0,10421.14,388022.0,8962.0,7.004,2.2651,0.8886,10496.44,1.2906,9261.0,1.4,10307.64,1.2816,9164.299805,19160.6,10401.71,1.2881,9257.299805,1969.1,9.32,44.34,1.2849
2005-04-05,57.86,21129.7,9298.089844,1277.0,9298.099609,10458.46,388022.0,8962.0,7.004,2.2651,0.8886,10530.14,1.2879,9304.299805,1.4,10372.59,1.2799,9239.299805,19160.6,10421.14,1.2853,9246.400391,1969.1,9.32,44.34,1.2858
2005-04-06,57.86,21129.7,9382.089844,1277.0,9382.099609,10486.02,388022.0,8962.0,7.004,2.2651,0.8886,10557.18,1.2912,9382.099609,1.4,10434.22,1.2838,9316.599609,19160.6,10453.45,1.2857,9320.299805,1969.1,9.32,44.34,1.2872
2005-04-07,57.86,21129.7,9392.390625,1277.0,9392.400391,10546.32,388022.0,8962.0,7.004,2.2651,0.8886,10589.99,1.2941,9407.099609,1.4,10434.3,1.2844,9335.0,19160.6,10485.88,1.2872,9377.0,1969.1,9.32,44.34,1.2855
2005-04-08,57.86,21129.7,9385.790039,1277.0,9385.799805,10461.34,388022.0,8962.0,7.004,2.2651,0.8886,10584.6,1.2944,9442.200195,1.4,10445.31,1.2809,9369.700195,19160.6,10546.32,1.2853,9439.099609,1969.1,9.32,44.34,1.2938
2005-04-11,57.86,21129.7,9334.790039,1277.0,9334.799805,10448.56,388022.0,8962.0,7.022,2.2651,0.8886,10530.58,1.3005,9355.700195,1.4,10393.36,1.2906,9311.200195,19160.6,10462.08,1.2925,9341.0,1969.1,9.32,44.34,1.2976
2005-04-12,57.86,21129.7,9303.089844,1277.0,9303.099609,10507.97,388022.0,8962.0,7.022,2.2651,0.8886,10552.6,1.3018,9335.700195,1.4,10331.21,1.2864,9272.099609,19160.6,10448.63,1.2973,9334.0,1969.1,9.32,44.34,1.2923
2005-04-13,57.86,21129.7,9373.890625,1277.0,9373.900391,10403.93,388022.0,8962.0,7.022,2.2651,0.8886,10567.38,1.2955,9377.200195,1.4,10355.16,1.2849,9348.900391,19160.6,10507.45,1.2917,9359.799805,1969.1,9.32,44.34,1.2917
2005-04-14,57.86,21129.7,9364.490234,1277.0,9364.5,10278.75,388022.0,8962.0,7.022,2.2651,0.8886,10457.06,1.2923,9382.599609,1.4,10248.23,1.2767,9308.900391,19160.6,10403.71,1.2921,9316.799805,1969.1,9.32,44.34,1.2807
2005-04-15,57.86,21129.7,9155.191406,1277.0,9155.200195,10087.51,388022.0,8962.0,7.022,2.2651,0.8886,10311.26,1.2941,9278.5,1.4,10059.36,1.2776,9155.200195,19160.6,10276.61,1.2799,9275.200195,1969.1,9.32,44.34,1.2917
2005-04-18,57.86,21129.7,9025.791016,1277.0,9025.799805,10071.25,388022.0,8962.0,6.957,2.2651,0.8886,10183.5,1.3047,9054.799805,1.4,9961.52,1.2877,8938.900391,19160.6,10088.54,1.2914,9046.599609,1969.1,9.32,44.34,1.3016
2005-04-19,57.86,21129.7,9046.191406,1277.0,9046.200195,10127.41,388022.0,8962.0,6.957,2.2651,0.8886,10220.21,1.3078,9073.599609,1.4,10021.08,1.298,9021.0,19160.6,10071.55,1.302,9050.5,1969.1,9.32,44.34,1.3057
2005-04-20,57.86,21129.7,9016.59082,1277.0,9016.599609,10012.36,388022.0,8962.0,6.957,2.2651,0.8886,10232.34,1.3104,9093.799805,1.4,9978.74,1.2988,8997.700195,19160.6,10131.18,1.3054,9091.299805,1969.1,9.32,44.34,1.3085
2005-04-21,57.86,21129.7,9018.691406,1277.0,9018.700195,10218.6,388022.0,8962.0,6.957,2.2651,0.8886,10250.3,1.3127,9077.400391,1.4,10032.16,1.3025,8968.799805,19160.6,10010.51,1.3091,8975.599609,1969.1,9.32,44.34,1.3054
2005-04-22,57.86,21129.7,9096.391602,1277.0,9096.400391,10157.71,388022.0,8962.0,6.957,2.2651,0.8886,10266.48,1.3098,9115.900391,1.4,10055.29,1.3022,9068.5,19160.6,10216.68,1.3051,9108.900391,1969.1,9.32,44.34,1.3068
2005-04-25,57.86,21129.7,9106.191406,1277.0,9106.200195,10242.47,388022.0,8962.0,6.816,2.2651,0.8886,10305.87,1.3065,9130.0,1.4,10148.25,1.2954,9047.5,19160.6,10158.52,1.3064,9050.5,1969.1,9.32,44.34,1.3001
2005-04-26,57.86,21129.7,9083.691406,1277.0,9083.700195,10151.13,388022.0,8962.0,6.816,2.2651,0.8886,10298.85,1.3017,9122.299805,1.4,10108.79,1.2944,9062.299805,19160.6,10240.99,1.299,9115.099609,1969.1,9.32,44.34,1.299
2005-04-27,57.86,21129.7,8984.991211,1277.0,8985.0,10198.8,388022.0,8962.0,6.816,2.2651,0.8886,10250.23,1.2994,9068.099609,1.4,10048.27,1.2904,8953.599609,19160.6,10150.32,1.2994,9066.799805,1969.1,9.32,44.34,1.2929
2005-04-28,57.86,21129.7,8985.391602,1277.0,8985.400391,10070.37,388022.0,8962.0,6.816,2.2651,0.8886,10229.09,1.2944,9034.099609,1.4,10036.74,1.2881,8950.700195,19160.6,10194.58,1.2925,9015.5,1969.1,9.32,44.34,1.29
2005-04-29,57.86,21129.7,9001.59082,1277.0,9001.599609,10192.51,388022.0,8962.0,6.816,2.2651,0.8886,10231.31,1.2982,9025.700195,1.4,10021.23,1.2853,8940.5,19160.6,10073.47,1.2898,8955.700195,1969.1,9.32,44.34,1.2873
2005-05-02,57.86,21129.7,9119.891602,1277.0,9119.900391,10251.7,382682.0,8839.0,6.525,2.1933,0.8886,10309.86,1.2877,9139.700195,0.2,10149.06,1.2837,9020.099609,19160.6,10192.0,1.2862,9027.900391,1969.1,9.32,43.73,1.2864
2005-05-03,57.86,21129.7,9168.290039,1277.0,9168.299805,10256.95,382682.0,8839.0,6.525,2.1933,0.8886,10327.37,1.2917,9168.299805,0.2,10169.39,1.2826,9083.200195,19160.6,10251.04,1.2853,9094.5,1969.1,9.32,43.73,1.2868
2005-05-04,57.86,21129.7,9195.69043,1277.0,9195.700195,10384.64,382682.0,8839.0,6.525,2.1933,0.8886,10412.2,1.2974,9196.0,0.2,10239.95,1.2867,9120.799805,19160.6,10255.25,1.2871,9168.700195,1969.1,9.32,43.73,1.2946
2005-05-05,57.86,21129.7,9235.490234,1277.0,9235.5,10340.38,382682.0,8839.0,6.525,2.1933,0.8886,10447.08,1.2992,9244.900391,0.2,10276.75,1.2925,9211.599609,19160.6,10384.49,1.2952,9232.700195,1969.1,9.32,43.73,1.2959
2005-05-06,57.86,21129.7,9263.089844,1277.0,9263.099609,10345.4,382682.0,8839.0,6.525,2.1933,0.8886,10454.4,1.2967,9273.099609,0.2,10300.7,1.281,9201.599609,19160.6,10339.71,1.296,9224.400391,1969.1,9.32,43.73,1.2837
2005-05-09,57.86,21129.7,9223.490234,1277.0,9223.5,10384.34,382682.0,8839.0,6.627,2.1933,0.8886,10416.56,1.2878,9250.599609,0.2,10288.95,1.2789,9205.799805,19160.6,10345.4,1.2817,9245.599609,1969.1,9.32,43.73,1.2868
2005-05-10,57.86,21129.7,9146.09082,1277.0,9146.099609,10281.11,382682.0,8839.0,6.627,2.1933,0.8886,10389.96,1.2893,9241.700195,0.2,10230.35,1.2814,9144.799805,19160.6,10382.94,1.2866,9241.700195,1969.1,9.32,43.73,1.2883
2005-05-11,57.86,21129.7,9149.891602,1277.0,9149.900391,10300.25,382682.0,8839.0,6.627,2.1933,0.8886,10355.31,1.2915,9188.599609,0.2,10172.86,1.2777,9121.900391,19160.6,10272.91,1.2881,9140.0,1969.1,9.32,43.73,1.2804
2005-05-12,57.86,21129.7,9213.089844,1277.0,9213.099609,10189.48,382682.0,8839.0,6.627,2.1933,0.8886,10357.37,1.2816,9224.599609,0.2,10155.86,1.2664,9176.900391,19160.6,10299.74,1.2805,9188.299805,1969.1,9.32,43.73,1.267
2005-05-13,57.86,21129.7,9222.490234,1277.0,9222.5,10140.12,382682.0,8839.0,6.627,2.1933,0.8886,10268.85,1.2691,9222.5,0.2,10062.76,1.2611,9136.200195,19160.6,10188.23,1.2673,9144.700195,1969.1,9.32,43.73,1.2618
2005-05-16,57.86,21129.7,9217.69043,1277.0,9217.700195,10252.29,382682.0,8839.0,6.787,2.1933,0.8886,10274.39,1.2651,9242.200195,0.2,10118.32,1.258,9193.700195,19160.6,10139.61,1.2626,9222.0,1969.1,9.32,43.73,1.2635
2005-05-17,57.86,21129.7,9213.290039,1277.0,9213.299805,10331.88,382682.0,8839.0,6.787,2.1933,0.8886,10357.3,1.2666,9240.200195,0.2,10175.81,1.2592,9193.599609,19160.6,10247.49,1.2628,9238.299805,1969.1,9.32,43.73,1.2605
2005-05-18,57.86,21129.7,9364.19043,1277.0,9364.200195,10464.45,382682.0,8839.0,6.787,2.1933,0.8886,10518.17,1.2692,9364.200195,0.2,10329.37,1.2586,9241.799805,19160.6,10323.19,1.2612,9241.799805,1969.1,9.32,43.73,1.2679
2005-05-19,57.86,21129.7,9400.089844,1277.0,9400.099609,10493.19,382682.0,8839.0,6.787,2.1933,0.8886,10538.71,1.2692,9411.5,0.2,10394.39,1.2605,9361.900391,19160.6,10464.45,1.2675,9386.599609,1969.1,9.32,43.73,1.2643
2005-05-20,57.86,21129.7,9368.490234,1277.0,9368.5,10471.91,382682.0,8839.0,6.787,2.1933,0.8886,10535.24,1.2656,9407.099609,0.2,10400.6,1.2536,9368.5,19160.6,10492.75,1.2637,9403.700195,1969.1,9.32,43.73,1.2559
2005-05-23,57.86,21129.7,9396.990234,1277.0,9397.0,10523.56,382682.0,8839.0,6.528,2.1933,0.8886,10589.92,1.2599,9416.700195,0.2,10438.36,1.2534,9372.599609,19160.6,10472.8,1.2544,9408.900391,1969.1,9.32,43.73,1.2578
2005-05-24,57.86,21129.7,9372.390625,1277.0,9372.400391,10503.68,382682.0,8839.0,6.528,2.1933,0.8886,10550.24,1.2632,9414.700195,0.2,10433.78,1.2556,9338.900391,19160.6,10522.68,1.2569,9403.700195,1969.1,9.32,43.73,1.2579
2005-05-25,57.86,21129.7,9351.290039,1277.0,9351.299805,10457.8,382682.0,8839.0,6.528,2.1933,0.8886,10516.17,1.262,9375.900391,0.2,10396.46,1.2549,9333.0,19160.6,10503.17,1.2577,9354.299805,1969.1,9.32,43.73,1.2603
2005-05-26,57.86,21129.7,9417.890625,1277.0,9417.900391,10537.6,382682.0,8839.0,6.528,2.1933,0.8886,10581.87,1.2618,9421.900391,0.2,10450.55,1.2496,9343.299805,19160.6,10458.68,1.2605,9350.0,1969.1,9.32,43.73,1.2512
2005-05-27,57.86,21129.7,9381.490234,1277.0,9381.5,10542.55,382682.0,8839.0,6.528,2.1933,0.8886,10579.94,1.2593,9428.299805,0.2,10489.35,1.2509,9364.400391,19160.6,10537.08,1.2515,9420.0,1969.1,9.32,43.73,1.2575
2005-05-31,57.86,21129.7,9427.089844,1277.0,9427.099609,10467.48,382682.0,8839.0,6.516,2.1933,0.8886,10574.92,1.2487,9472.400391,0.2,10437.77,1.2295,9421.400391,19160.6,10541.89,1.2473,9466.799805,1969.1,9.32,43.73,1.231
2005-06-01,57.86,21129.7,9550.790039,1277.0,9550.799805,10549.87,393037.0,9002.0,6.516,2.1028,0.8886,10616.15,1.2343,9551.0,0.2,10433.48,1.216,9444.099609,19160.6,10462.86,1.2306,9455.400391,1969.1,9.32,44.06,1.2188
2005-06-02,57.86,21129.7,9539.69043,1277.0,9539.700195,10553.49,393037.0,9002.0,6.516,2.1028,0.8886,10590.07,1.23,9587.400391,0.2,10478.26,1.2184,9519.400391,19160.6,10548.83,1.2207,9542.400391,1969.1,9.32,44.06,1.2275
2005-06-03,57.86,21129.7,9497.69043,1277.0,9497.700195,10460.97,393037.0,9002.0,6.516,2.1028,0.8886,10572.18,1.2346,9560.799805,0.2,10427.35,1.2205,9487.099609,19160.6,10552.82,1.2275,9550.700195,1969.1,9.32,44.06,1.2235
2005-06-06,57.86,21129.7,9449.390625,1277.0,9449.400391,10467.03,393037.0,9002.0,6.578,2.1028,0.8886,10519.79,1.2296,9497.099609,0.2,10410.28,1.2218,9443.0,19160.6,10461.64,1.2224,9480.700195,1969.1,9.32,44.06,1.2257
2005-06-07,57.86,21129.7,9535.490234,1277.0,9535.5,10483.07,393037.0,9002.0,6.578,2.1028,0.8886,10603.15,1.2317,9537.299805,0.2,10454.18,1.2239,9465.099609,19160.6,10466.0,1.2262,9473.700195,1969.1,9.32,44.06,1.2285
2005-06-08,57.86,21129.7,9487.69043,1277.0,9487.700195,10476.86,393037.0,9002.0,6.578,2.1028,0.8886,10575.81,1.2355,9513.299805,0.2,10439.77,1.2207,9458.299805,19160.6,10484.84,1.2281,9499.099609,1969.1,9.32,44.06,1.2239
2005-06-09,57.86,21129.7,9493.990234,1277.0,9494.0,10503.02,393037.0,9002.0,6.578,2.1028,0.8886,10556.9,1.2258,9495.599609,0.2,10410.8,1.2176,9444.900391,19160.6,10477.75,1.2237,9459.099609,1969.1,9.32,44.06,1.2231
2005-06-10,57.86,21129.7,9561.490234,1277.0,9561.5,10512.63,393037.0,9002.0,6.578,2.1028,0.8886,10581.13,1.2252,9574.0,0.2,10410.5,1.2108,9526.0,19160.6,10503.02,1.2231,9536.299805,1969.1,9.32,44.06,1.2123
2005-06-13,57.86,21129.7,9579.19043,1277.0,9579.200195,10522.56,393037.0,9002.0,6.908,2.1028,0.8886,10611.1,1.2123,9579.400391,0.2,10437.32,1.2027,9526.700195,19160.6,10503.57,1.2113,9564.0,1969.1,9.32,44.06,1.2114
2005-06-14,57.86,21129.7,9614.390625,1277.0,9614.400391,10547.57,393037.0,9002.0,6.908,2.1028,0.8886,10617.01,1.2154,9617.799805,0.2,10473.92,1.2022,9543.799805,19160.6,10521.95,1.2118,9565.5,1969.1,9.32,44.06,1.2028
2005-06-15,57.86,21129.7,9563.589844,1277.0,9563.599609,10566.37,393037.0,9002.0,6.908,2.1028,0.8886,10628.67,1.2133,9643.5,0.2,10471.69,1.2015,9555.799805,19160.6,10548.65,1.2028,9632.400391,1969.1,9.32,44.06,1.2121
2005-06-16,57.86,21129.7,9624.69043,1277.0,9624.700195,10578.65,393037.0,9002.0,6.908,2.1028,0.8886,10632.2,1.2169,9642.200195,0.2,10501.92,1.2055,9579.5,19160.6,10566.76,1.2123,9593.400391,1969.1,9.32,44.06,1.2109
2005-06-17,57.86,21129.7,9682.290039,1277.0,9682.299805,10623.07,393037.0,9002.0,6.908,2.1028,0.8886,10710.38,1.2291,9706.200195,0.2,10561.0,1.2091,9617.099609,19160.6,10580.41,1.2111,9633.200195,1969.1,9.32,44.06,1.2289
2005-06-20,57.86,21129.7,9659.490234,1277.0,9659.5,10609.11,393037.0,9002.0,6.57,2.1028,0.8886,10656.66,1.2241,9671.299805,0.2,10539.21,1.2124,9634.200195,19160.6,10621.54,1.2195,9670.900391,1969.1,9.32,44.06,1.2147
2005-06-21,57.86,21129.7,9712.490234,1277.0,9712.5,10599.67,393037.0,9002.0,6.57,2.1028,0.8886,10670.56,1.2187,9713.400391,0.2,10545.89,1.2066,9666.099609,19160.6,10608.88,1.2153,9688.299805,1969.1,9.32,44.06,1.2178
2005-06-22,57.86,21129.7,9726.19043,1277.0,9726.200195,10587.93,393037.0,9002.0,6.57,2.1028,0.8886,10676.24,1.2208,9752.900391,0.2,10543.28,1.2096,9698.200195,19160.6,10599.36,1.2174,9717.099609,1969.1,9.32,44.06,1.2126
2005-06-23,57.86,21129.7,9769.589844,1277.0,9769.599609,10421.44,393037.0,9002.0,6.57,2.1028,0.8886,10617.39,1.2146,9779.400391,0.2,10401.49,1.2016,9725.799805,19160.6,10587.09,1.2132,9727.400391,1969.1,9.32,44.06,1.2039
2005-06-24,57.86,21129.7,9677.390625,1277.0,9677.400391,10297.84,393037.0,9002.0,6.57,2.1028,0.8886,10452.82,1.211,9712.799805,0.2,10266.3,1.1983,9664.700195,19160.6,10422.28,1.2029,9696.0,1969.1,9.32,44.06,1.2097
2005-06-27,57.86,21129.7,9622.890625,1277.0,9622.900391,10290.78,393037.0,9002.0,6.271,2.1028,0.8886,10377.55,1.2188,9644.900391,0.2,10229.4,1.2092,9590.700195,19160.6,10298.07,1.2092,9629.700195,1969.1,9.32,44.06,1.2165
2005-06-28,57.86,21129.7,9682.490234,1277.0,9682.5,10405.63,393037.0,9002.0,6.271,2.1028,0.8886,10434.18,1.2176,9685.900391,0.2,10285.86,1.2047,9624.099609,19160.6,10291.01,1.2168,9638.099609,1969.1,9.32,44.06,1.206
2005-06-29,57.86,21129.7,9769.19043,1277.0,9769.200195,10374.48,393037.0,9002.0,6.271,2.1028,0.8886,10472.46,1.2113,9796.900391,0.2,10332.52,1.2014,9714.299805,19160.6,10405.94,1.2066,9719.799805,1969.1,9.32,44.06,1.2077
2005-06-30,57.86,21129.7,9783.19043,1277.0,9783.200195,10274.97,393037.0,9002.0,6.271,2.1028,0.8886,10458.19,1.2123,9815.5,0.2,10253.49,1.2043,9746.900391,19160.6,10374.18,1.2073,9760.799805,1969.1,9.32,44.06,1.2102
2005-07-01,57.86,21205.6,9829.089844,1277.0,9829.099609,10303.44,376933.0,8633.0,6.271,2.168,0.9675,10380.78,1.2109,9829.099609,-0.6,10239.91,1.1942,9727.900391,19422.1,10273.59,1.21,9731.0,1783.5,8.41,42.25,1.1959
2005-07-05,57.86,21205.6,9807.390625,1277.0,9807.400391,10371.8,376933.0,8633.0,6.489,2.168,0.9675,10411.24,1.1943,9814.900391,-0.6,10252.03,1.187,9766.099609,19422.1,10303.13,1.1901,9805.799805,1783.5,8.41,42.25,1.1916
2005-07-06,57.86,21205.6,9832.490234,1277.0,9832.5,10270.68,376933.0,8633.0,6.489,2.168,0.9675,10413.23,1.1955,9849.5,-0.6,10242.21,1.1892,9811.5,19422.1,10366.52,1.1917,9824.900391,1783.5,8.41,42.25,1.1932
2005-07-07,57.86,21205.6,9644.390625,1277.0,9644.400391,10302.29,376933.0,8633.0,6.489,2.168,0.9675,10337.84,1.2043,9802.5,-0.6,10142.24,1.1909,9399.299805,19422.1,10269.76,1.1932,9799.700195,1783.5,8.41,42.25,1.1953
2005-07-08,57.86,21205.6,9793.19043,1277.0,9793.200195,10449.14,376933.0,8633.0,6.489,2.168,0.9675,10486.5,1.1987,9794.700195,-0.6,10279.65,1.1873,9691.299805,19422.1,10302.9,1.1947,9742.299805,1783.5,8.41,42.25,1.1971
2005-07-11,57.86,21205.6,9876.290039,1277.0,9876.299805,10519.72,376933.0,8633.0,6.423,2.168,0.9675,10570.67,1.2087,9878.700195,-0.6,10425.97,1.1957,9819.599609,19422.1,10449.6,1.1967,9831.099609,1783.5,8.41,42.25,1.2075
2005-07-12,57.86,21205.6,9873.390625,1277.0,9873.400391,10513.89,376933.0,8633.0,6.423,2.168,0.9675,10583.02,1.2258,9904.200195,-0.6,10444.46,1.2052,9841.599609,19422.1,10519.49,1.2075,9904.200195,1783.5,8.41,42.25,1.2241
2005-07-13,57.86,21205.6,9937.790039,1277.0,9937.799805,10557.39,376933.0,8633.0,6.423,2.168,0.9675,10596.98,1.2241,9938.599609,-0.6,10481.36,1.2071,9874.5,19422.1,10513.36,1.2241,9880.599609,1783.5,8.41,42.25,1.2094
2005-07-14,57.86,21205.6,9965.19043,1277.0,9965.200195,10628.89,376933.0,8633.0,6.423,2.168,0.9675,10696.96,1.2127,9996.400391,-0.6,10560.82,1.2056,9944.099609,19422.1,10559.86,1.2083,9949.200195,1783.5,8.41,42.25,1.2083
2005-07-15,57.86,21205.6,9943.790039,1277.0,9943.799805,10640.83,376933.0,8633.0,6.423,2.168,0.9675,10698.07,1.214,9983.5,-0.6,10559.46,1.2012,9920.5,19422.1,10629.44,1.2085,9961.099609,1783.5,8.41,42.25,1.2035
2005-07-18,57.86,21205.6,9960.990234,1277.0,9961.0,10574.99,376933.0,8633.0,6.369,2.168,0.9675,10681.99,1.209,9981.599609,-0.6,10533.59,1.2021,9927.5,19422.1,10640.19,1.2022,9944.799805,1783.5,8.41,42.25,1.2054
2005-07-19,57.86,21205.6,10044.990234,1277.0,10045.0,10646.56,376933.0,8633.0,6.369,2.168,0.9675,10718.69,1.2068,10045.0,-0.6,10573.0,1.1952,9966.5,19422.1,10576.9,1.2052,9969.200195,1783.5,8.41,42.25,1.2035
2005-07-20,57.86,21205.6,10006.990234,1277.0,10007.0,10689.15,376933.0,8633.0,6.369,2.168,0.9675,10726.81,1.2188,10037.799805,-0.6,10535.1,1.1995,9982.099609,19422.1,10629.52,1.2033,10016.099609,1783.5,8.41,42.25,1.2144
2005-07-21,57.86,21205.6,10021.490234,1277.0,10021.5,10627.77,376933.0,8633.0,6.369,2.168,0.9675,10735.33,1.2259,10068.0,-0.6,10567.98,1.2101,9962.900391,19422.1,10690.03,1.2153,10030.400391,1783.5,8.41,42.25,1.2167
2005-07-22,57.86,21205.6,10018.790039,1277.0,10018.799805,10651.18,376933.0,8633.0,6.369,2.168,0.9675,10702.21,1.2191,10044.5,-0.6,10552.54,1.2053,9998.700195,19422.1,10624.19,1.2165,10010.900391,1783.5,8.41,42.25,1.2067
2005-07-25,57.86,21205.6,10017.089844,1277.0,10017.099609,10596.48,376933.0,8633.0,6.233,2.168,0.9675,10709.69,1.2089,10048.0,-0.6,10565.12,1.2027,9979.5,19422.1,10651.66,1.2054,10036.700195,1783.5,8.41,42.25,1.206
2005-07-26,57.86,21205.6,10043.290039,1277.0,10043.299805,10579.77,376933.0,8633.0,6.233,2.168,0.9675,10667.9,1.2071,10052.200195,-0.6,10535.58,1.198,9989.099609,19422.1,10597.6,1.2067,10014.299805,1783.5,8.41,42.25,1.2012
2005-07-27,57.86,21205.6,10088.69043,1277.0,10088.700195,10637.09,376933.0,8633.0,6.233,2.168,0.9675,10689.31,1.2089,10099.0,-0.6,10530.5,1.1961,10046.700195,19422.1,10579.45,1.2019,10046.700195,1783.5,8.41,42.25,1.2071
2005-07-28,57.86,21205.6,10128.789063,1277.0,10128.799805,10705.55,376933.0,8633.0,6.233,2.168,0.9675,10745.68,1.215,10140.0,-0.6,10603.49,1.2033,10110.099609,19422.1,10633.5,1.2065,10114.099609,1783.5,8.41,42.25,1.2132
2005-07-29,57.86,21205.6,10115.589844,1277.0,10115.599609,10640.91,376933.0,8633.0,6.233,2.168,0.9675,10754.6,1.2159,10162.400391,-0.6,10608.27,1.2073,10083.0,19422.1,10705.16,1.2127,10156.700195,1783.5,8.41,42.25,1.213
2005-08-01,57.86,21205.6,10068.890625,1277.0,10068.900391,10623.15,373286.0,8549.0,6.374,2.2229,0.9675,10713.51,1.2252,10125.700195,0.4,10578.97,1.2117,10058.599609,19422.1,10641.78,1.2125,10122.599609,1783.5,8.41,41.84,1.2176
2005-08-02,57.86,21205.6,10113.890625,1277.0,10113.900391,10683.74,373286.0,8549.0,6.374,2.2229,0.9675,10729.6,1.2255,10113.900391,0.4,10600.62,1.2171,10043.700195,19422.1,10623.79,1.2176,10048.099609,1783.5,8.41,41.84,1.2199
2005-08-03,57.86,21205.6,10149.689453,1277.0,10149.700195,10697.59,373286.0,8549.0,6.374,2.2229,0.9675,10735.17,1.2345,10151.099609,0.4,10600.02,1.2148,10074.900391,19422.1,10681.51,1.2192,10099.900391,1783.5,8.41,41.84,1.2341
2005-08-04,57.86,21205.6,10074.290039,1277.0,10074.299805,10610.1,373286.0,8549.0,6.374,2.2229,0.9675,10709.77,1.2404,10147.700195,0.4,10568.7,1.2298,10067.299805,19422.1,10696.8,1.2333,10144.0,1783.5,8.41,41.84,1.2387
2005-08-05,57.86,21205.6,10045.390625,1277.0,10045.400391,10558.03,373286.0,8549.0,6.374,2.2229,0.9675,10643.46,1.2399,10082.5,0.4,10512.49,1.2313,10029.0,19422.1,10610.34,1.239,10042.799805,1783.5,8.41,41.84,1.2363
2005-08-08,57.86,21205.6,10115.490234,1277.0,10115.5,10536.93,373286.0,8549.0,6.096,2.2229,0.9675,10635.65,1.2394,10128.700195,0.4,10497.45,1.2318,10045.200195,19422.1,10557.24,1.2343,10052.099609,1783.5,8.41,41.84,1.235
2005-08-09,57.86,21205.6,10145.588867,1277.0,10145.599609,10615.67,373286.0,8549.0,6.096,2.2229,0.9675,10662.8,1.2418,10145.599609,0.4,10537.01,1.2329,10062.599609,19422.1,10537.65,1.2348,10074.400391,1783.5,8.41,41.84,1.2371
2005-08-10,57.86,21205.6,10229.189453,1277.0,10229.200195,10594.41,373286.0,8549.0,6.096,2.2229,0.9675,10746.87,1.2427,10229.200195,0.4,10553.81,1.2334,10146.700195,19422.1,10606.52,1.2377,10150.200195,1783.5,8.41,41.84,1.2385
2005-08-11,57.86,21205.6,10222.088867,1277.0,10222.099609,10685.89,373286.0,8549.0,6.096,2.2229,0.9675,10721.56,1.2479,10226.5,0.4,10549.43,1.2379,10156.0,19422.1,10591.83,1.2387,10189.200195,1783.5,8.41,41.84,1.2472
2005-08-12,57.86,21205.6,10187.189453,1277.0,10187.200195,10600.31,373286.0,8549.0,6.096,2.2229,0.9675,10688.68,1.2487,10253.700195,0.4,10549.19,1.2383,10169.799805,19422.1,10682.7,1.247,10253.400391,1783.5,8.41,41.84,1.2437
2005-08-15,57.86,21205.6,10184.889648,1277.0,10184.900391,10634.38,373286.0,8549.0,6.079,2.2229,0.9675,10687.72,1.2458,10206.200195,0.4,10532.48,1.2344,10162.5,19422.1,10599.19,1.2458,10163.799805,1783.5,8.41,41.84,1.237
2005-08-16,57.86,21205.6,10139.789063,1277.0,10139.799805,10513.45,373286.0,8549.0,6.079,2.2229,0.9675,10650.14,1.2374,10223.799805,0.4,10489.24,1.2294,10105.700195,19422.1,10631.59,1.2369,10211.799805,1783.5,8.41,41.84,1.2363
2005-08-17,57.86,21205.6,10094.089844,1277.0,10094.099609,10550.71,373286.0,8549.0,6.079,2.2229,0.9675,10625.86,1.237,10124.0,0.4,10472.45,1.2259,10043.200195,19422.1,10505.6,1.2351,10110.400391,1783.5,8.41,41.84,1.2274
2005-08-18,57.86,21205.6,10037.890625,1277.0,10037.900391,10554.93,373286.0,8549.0,6.079,2.2229,0.9675,10623.95,1.2296,10107.5,0.4,10466.32,1.2157,10029.400391,19422.1,10549.75,1.2277,10093.5,1783.5,8.41,41.84,1.2176
2005-08-19,57.86,21205.6,10132.889648,1277.0,10132.900391,10559.23,373286.0,8549.0,6.079,2.2229,0.9675,10656.59,1.2197,10136.5,0.4,10503.9,1.2127,10055.5,19422.1,10552.7,1.2182,10062.700195,1783.5,8.41,41.84,1.2154
2005-08-22,57.86,21205.6,10174.789063,1277.0,10174.799805,10569.89,373286.0,8549.0,6.321,2.2229,0.9675,10669.81,1.2245,10183.0,0.4,10509.07,1.2156,10147.799805,19422.1,10559.78,1.2163,10149.0,1783.5,8.41,41.84,1.2225
2005-08-23,57.86,21205.6,10104.089844,1277.0,10104.099609,10519.58,373286.0,8549.0,6.321,2.2229,0.9675,10604.29,1.2256,10160.200195,0.4,10475.63,1.2189,10104.099609,19422.1,10571.01,1.2222,10158.900391,1783.5,8.41,41.84,1.2231
2005-08-24,57.86,21205.6,10078.890625,1277.0,10078.900391,10434.87,373286.0,8549.0,6.321,2.2229,0.9675,10584.3,1.2282,10096.0,0.4,10407.56,1.2159,10032.900391,19422.1,10519.34,1.2227,10082.299805,1783.5,8.41,41.84,1.2269
2005-08-25,57.86,21205.6,9983.19043,1277.0,9983.200195,10450.63,373286.0,8549.0,6.321,2.2229,0.9675,10506.6,1.2329,10030.5,0.4,10391.71,1.2256,9975.5,19422.1,10434.39,1.2271,10026.599609,1783.5,8.41,41.84,1.2298
2005-08-26,57.86,21205.6,9904.790039,1277.0,9904.799805,10397.29,373286.0,8549.0,6.321,2.2229,0.9675,10480.01,1.2344,10014.400391,0.4,10355.02,1.2271,9903.400391,19422.1,10450.95,1.23,9988.700195,1783.5,8.41,41.84,1.2283
2005-08-29,57.86,21205.6,9938.490234,1277.0,9938.5,10463.05,373286.0,8549.0,5.942,2.2229,0.9675,10508.35,1.2346,9946.099609,0.4,10321.42,1.2215,9823.799805,19422.1,10396.9,1.2285,9862.400391,1783.5,8.41,41.84,1.2231
2005-08-30,57.86,21205.6,9922.290039,1277.0,9922.299805,10412.82,373286.0,8549.0,5.942,2.2229,0.9675,10476.83,1.2238,9977.900391,0.4,10329.15,1.2168,9922.299805,19422.1,10461.54,1.2221,9939.400391,1783.5,8.41,41.84,1.2218
2005-08-31,57.86,21205.6,10008.890625,1277.0,10008.900391,10481.6,373286.0,8549.0,5.942,2.2229,0.9675,10508.83,1.2359,10019.700195,0.4,10326.68,1.2188,9906.900391,19422.1,10409.08,1.2218,9916.700195,1783.5,8.41,41.84,1.2344
2005-09-01,57.86,21205.6,10134.088867,1277.0,10134.099609,10459.63,390459.0,8943.0,5.942,2.2195,0.9675,10557.47,1.2525,10143.299805,0.6,10382.09,1.2325,10048.400391,19422.1,10481.44,1.2339,10049.900391,1783.5,8.41,42.93,1.2501
2005-09-02,57.86,21205.6,10144.989258,1277.0,10145.0,10447.37,390459.0,8943.0,5.942,2.2195,0.9675,10536.14,1.259,10184.799805,0.6,10400.88,1.2466,10113.799805,19422.1,10460.67,1.2502,10119.900391,1783.5,8.41,42.93,1.2525
2005-09-06,57.86,21205.6,10373.189453,1277.0,10373.200195,10589.24,390459.0,8943.0,6.143,2.2195,0.9675,10621.96,1.2546,10377.5,0.6,10467.51,1.2444,10253.599609,19422.1,10447.69,1.2545,10254.0,1783.5,8.41,42.93,1.2462
2005-09-07,57.86,21205.6,10407.989258,1277.0,10408.0,10633.5,390459.0,8943.0,6.143,2.2195,0.9675,10667.1,1.2537,10421.099609,0.6,10534.23,1.2406,10377.299805,19422.1,10588.68,1.2466,10391.799805,1783.5,8.41,42.93,1.2418
2005-09-08,57.86,21205.6,10441.189453,1277.0,10441.200195,10595.93,390459.0,8943.0,6.143,2.2195,0.9675,10670.6,1.2458,10445.5,0.6,10530.01,1.2382,10371.700195,19422.1,10633.11,1.2414,10418.5,1783.5,8.41,42.93,1.2403
2005-09-09,57.86,21205.6,10486.588867,1277.0,10486.599609,10678.56,390459.0,8943.0,6.143,2.2195,0.9675,10727.53,1.2461,10494.200195,0.6,10573.47,1.2374,10444.200195,19422.1,10594.1,1.2396,10450.5,1783.5,8.41,42.93,1.2409
2005-09-12,57.86,21205.6,10494.689453,1277.0,10494.700195,10682.94,390459.0,8943.0,6.006,2.2195,0.9675,10743.77,1.2417,10532.5,0.6,10618.13,1.2272,10437.099609,19422.1,10678.41,1.2404,10519.900391,1783.5,8.41,42.93,1.228
2005-09-13,57.86,21205.6,10429.789063,1277.0,10429.799805,10597.44,390459.0,8943.0,6.006,2.2195,0.9675,10701.57,1.2318,10514.200195,0.6,10561.61,1.2246,10421.900391,19422.1,10673.71,1.2277,10479.599609,1783.5,8.41,42.93,1.2265
2005-09-14,57.86,21205.6,10459.088867,1277.0,10459.099609,10544.9,390459.0,8943.0,6.006,2.2195,0.9675,10673.71,1.2337,10483.700195,0.6,10510.26,1.2258,10421.200195,19422.1,10597.52,1.227,10433.400391,1783.5,8.41,42.93,1.2288
2005-09-15,57.86,21205.6,10475.689453,1277.0,10475.700195,10558.75,390459.0,8943.0,6.006,2.2195,0.9675,10627.85,1.2288,10492.099609,0.6,10488.05,1.2191,10432.299805,19422.1,10545.85,1.2283,10451.700195,1783.5,8.41,42.93,1.2222
2005-09-16,57.86,21205.6,10532.088867,1277.0,10532.099609,10641.94,390459.0,8943.0,6.006,2.2195,0.9675,10696.24,1.231,10560.599609,0.6,10539.64,1.2196,10467.599609,19422.1,10560.5,1.2223,10472.5,1783.5,8.41,42.93,1.2236
2005-09-19,57.86,21205.6,10535.989258,1277.0,10536.0,10557.63,390459.0,8943.0,6.338,2.2195,0.9675,10656.75,1.2178,10561.700195,0.6,10497.29,1.21,10475.900391,19422.1,10641.87,1.2168,10511.099609,1783.5,8.41,42.93,1.2138
2005-09-20,57.86,21205.6,10583.389648,1277.0,10583.400391,10481.52,390459.0,8943.0,6.338,2.2195,0.9675,10642.26,1.2193,10583.400391,0.6,10453.98,1.2109,10537.0,19422.1,10558.19,1.2138,10557.0,1783.5,8.41,42.93,1.2117
2005-09-21,57.86,21205.6,10500.289063,1277.0,10500.299805,10378.03,390459.0,8943.0,6.338,2.2195,0.9675,10512.02,1.2241,10567.5,0.6,10335.28,1.211,10494.599609,19422.1,10484.23,1.2121,10542.5,1783.5,8.41,42.93,1.2217
2005-09-22,57.86,21205.6,10536.588867,1277.0,10536.599609,10422.05,390459.0,8943.0,6.338,2.2195,0.9675,10489.64,1.2271,10572.5,0.6,10303.51,1.2132,10464.400391,19422.1,10376.2,1.2224,10486.5,1783.5,8.41,42.93,1.2153
2005-09-23,57.86,21205.6,10631.189453,1277.0,10631.200195,10419.59,390459.0,8943.0,6.338,2.2195,0.9675,10494.42,1.2172,10642.799805,0.6,10328.59,1.2037,10542.099609,19422.1,10421.81,1.2159,10558.400391,1783.5,8.41,42.93,1.2039
2005-09-26,57.86,21205.6,10724.889648,1277.0,10724.900391,10443.63,390459.0,8943.0,6.375,2.2195,0.9675,10544.98,1.2083,10741.0,0.6,10381.53,1.201,10664.200195,19422.1,10420.22,1.2035,10671.0,1783.5,8.41,42.93,1.2075
2005-09-27,57.86,21205.6,10678.489258,1277.0,10678.5,10456.21,390459.0,8943.0,6.375,2.2195,0.9675,10534.31,1.2084,10725.900391,0.6,10376.83,1.1977,10669.099609,19422.1,10444.58,1.2074,10714.400391,1783.5,8.41,42.93,1.2016
2005-09-28,57.86,21205.6,10801.689453,1277.0,10801.700195,10473.09,390459.0,8943.0,6.375,2.2195,0.9675,10560.02,1.2058,10818.400391,0.6,10390.05,1.1991,10708.400391,19422.1,10456.61,1.2014,10711.700195,1783.5,8.41,42.93,1.2041
2005-09-29,57.86,21205.6,10780.588867,1277.0,10780.599609,10552.78,390459.0,8943.0,6.375,2.2195,0.9675,10583.43,1.2079,10832.900391,0.6,10389.01,1.2005,10751.900391,19422.1,10472.61,1.2043,10818.5,1783.5,8.41,42.93,1.2033
2005-09-30,57.86,21205.6,10813.889648,1277.0,10813.900391,10568.7,390459.0,8943.0,6.375,2.2195,0.9675,10625.22,1.209,10851.400391,0.6,10471.49,1.1996,10793.599609,19422.1,10552.7,1.2034,10834.299805,1783.5,8.41,42.93,1.203
2005-10-03,58.08,21369.5,10880.689453,1277.0,10880.700195,10535.48,377689.0,8650.0,6.565,2.4136,1.0015,10637.0,1.2033,10880.700195,0.8,10486.17,1.19,10815.400391,19509.2,10569.5,1.2022,10835.799805,1860.3,8.71,41.53,1.1923
2005-10-04,58.08,21369.5,10919.189453,1277.0,10919.200195,10441.11,377689.0,8650.0,6.565,2.4136,1.0015,10618.41,1.1951,10919.200195,0.8,10409.89,1.19,10824.900391,19509.2,10534.36,1.1921,10883.900391,1860.3,8.71,41.53,1.1917
2005-10-05,58.08,21369.5,10823.088867,1277.0,10823.099609,10317.36,377689.0,8650.0,6.565,2.4136,1.0015,10477.21,1.1989,10874.299805,0.8,10299.27,1.1915,10822.700195,19509.2,10434.81,1.1919,10843.5,1860.3,8.71,41.53,1.1976
2005-10-06,58.08,21369.5,10750.889648,1277.0,10750.900391,10287.1,377689.0,8650.0,6.565,2.4136,1.0015,10425.98,1.2208,10761.900391,0.8,10200.81,1.1983,10680.700195,19509.2,10317.36,1.1987,10723.299805,1860.3,8.71,41.53,1.2185
2005-10-07,58.08,21369.5,10732.389648,1277.0,10732.400391,10292.31,377689.0,8650.0,6.565,2.4136,1.0015,10387.48,1.2185,10765.299805,0.8,10221.47,1.2093,10698.099609,19509.2,10287.42,1.2185,10742.5,1860.3,8.71,41.53,1.2119
2005-10-10,58.08,21369.5,10800.588867,1277.0,10800.599609,10238.76,377689.0,8650.0,6.533,2.4136,1.0015,10378.19,1.2155,10819.799805,0.8,10184.09,1.2039,10754.0,19509.2,10292.95,1.2119,10754.099609,1860.3,8.71,41.53,1.2071
2005-10-11,58.08,21369.5,10810.189453,1277.0,10810.200195,10253.17,377689.0,8650.0,6.533,2.4136,1.0015,10361.15,1.2071,10866.200195,0.8,10195.13,1.1974,10795.200195,19509.2,10239.16,1.2064,10795.200195,1860.3,8.71,41.53,1.1991
2005-10-12,58.08,21369.5,10721.789063,1277.0,10721.799805,10216.91,377689.0,8650.0,6.533,2.4136,1.0015,10343.94,1.2056,10768.400391,0.8,10145.03,1.1953,10690.799805,19509.2,10253.81,1.1993,10766.799805,1860.3,8.71,41.53,1.2024
2005-10-13,58.08,21369.5,10567.088867,1277.0,10567.099609,10216.59,377689.0,8650.0,6.533,2.4136,1.0015,10309.2,1.2038,10735.400391,0.8,10098.18,1.1911,10567.099609,19509.2,10216.91,1.2026,10689.400391,1860.3,8.71,41.53,1.2027
2005-10-14,58.08,21369.5,10629.289063,1277.0,10629.299805,10287.34,377689.0,8650.0,6.533,2.4136,1.0015,10327.21,1.2109,10645.5,0.8,10165.12,1.1976,10513.0,19509.2,10216.59,1.2027,10645.5,1860.3,8.71,41.53,1.2077
2005-10-17,58.08,21369.5,10629.489258,1277.0,10629.5,10348.1,377689.0,8650.0,6.665,2.4136,1.0015,10419.58,1.2122,10678.900391,0.8,10213.06,1.2009,10615.400391,19509.2,10287.42,1.2082,10646.700195,1860.3,8.71,41.53,1.2025
2005-10-18,58.08,21369.5,10529.889648,1277.0,10529.900391,10285.26,377689.0,8650.0,6.665,2.4136,1.0015,10412.85,1.2026,10663.900391,0.8,10233.47,1.1916,10521.599609,19509.2,10349.14,1.2022,10633.299805,1860.3,8.71,41.53,1.1963
2005-10-19,58.08,21369.5,10402.489258,1277.0,10402.5,10414.13,377689.0,8650.0,6.665,2.4136,1.0015,10444.15,1.2003,10454.5,0.8,10173.52,1.1873,10356.5,19509.2,10277.18,1.1963,10452.200195,1860.3,8.71,41.53,1.1993
2005-10-20,58.08,21369.5,10382.289063,1277.0,10382.299805,10281.1,377689.0,8650.0,6.665,2.4136,1.0015,10483.21,1.2026,10512.700195,0.8,10230.27,1.1947,10351.0,19509.2,10411.73,1.1989,10469.5,1860.3,8.71,41.53,1.2016
2005-10-21,58.08,21369.5,10368.789063,1277.0,10368.799805,10215.22,377689.0,8650.0,6.665,2.4136,1.0015,10354.02,1.2079,10409.799805,0.8,10161.6,1.193,10326.0,19509.2,10282.22,1.2018,10343.799805,1860.3,8.71,41.53,1.1949
2005-10-24,58.08,21369.5,10534.489258,1277.0,10534.5,10385.0,377689.0,8650.0,6.452,2.4136,1.0015,10411.57,1.2023,10534.5,0.8,10219.15,1.1921,10347.099609,19509.2,10216.11,1.1948,10359.099609,1860.3,8.71,41.53,1.1985
2005-10-25,58.08,21369.5,10476.588867,1277.0,10476.599609,10377.87,377689.0,8650.0,6.452,2.4136,1.0015,10457.52,1.2119,10562.700195,0.8,10282.78,1.1936,10464.400391,19509.2,10383.88,1.198,10556.5,1860.3,8.71,41.53,1.2113
2005-10-26,58.08,21369.5,10473.389648,1277.0,10473.400391,10344.98,377689.0,8650.0,6.452,2.4136,1.0015,10474.18,1.214,10544.5,0.8,10283.1,1.2048,10435.200195,19509.2,10377.39,1.2109,10470.5,1860.3,8.71,41.53,1.2066
2005-10-27,58.08,21369.5,10328.588867,1277.0,10328.599609,10229.95,377689.0,8650.0,6.452,2.4136,1.0015,10379.72,1.2174,10424.599609,0.8,10205.78,1.2041,10327.400391,19509.2,10344.74,1.2062,10409.5,1860.3,8.71,41.53,1.2138
2005-10-28,58.08,21369.5,10339.489258,1277.0,10339.5,10402.77,377689.0,8650.0,6.452,2.4136,1.0015,10433.51,1.2172,10362.400391,0.8,10213.14,1.2048,10256.0,19509.2,10231.15,1.2138,10327.700195,1860.3,8.71,41.53,1.2062
2005-10-31,58.08,21369.5,10493.789063,1277.0,10493.799805,10440.07,377689.0,8650.0,6.784,2.4136,1.0015,10539.16,1.2091,10493.799805,0.8,10372.67,1.1966,10412.900391,19509.2,10403.17,1.2057,10417.200195,1860.3,8.71,41.53,1.1988
2005-11-01,58.08,21369.5,10427.189453,1277.0,10427.200195,10406.77,382665.0,8764.0,6.784,2.6844,1.0015,10510.03,1.2027,10485.599609,0.2,10352.42,1.197,10415.099609,19509.2,10437.51,1.1995,10469.400391,1860.3,8.71,42.07,1.201
2005-11-02,58.08,21369.5,10424.489258,1277.0,10424.5,10472.73,382665.0,8764.0,6.784,2.6844,1.0015,10527.32,1.2085,10469.900391,0.2,10347.7,1.1984,10336.099609,19509.2,10406.29,1.2022,10432.400391,1860.3,8.71,42.07,1.2067
2005-11-03,58.08,21369.5,10476.889648,1277.0,10476.900391,10522.59,382665.0,8764.0,6.784,2.6844,1.0015,10613.84,1.2087,10500.400391,0.2,10421.98,1.1934,10432.599609,19509.2,10470.49,1.207,10467.900391,1860.3,8.71,42.07,1.1945
2005-11-04,58.08,21369.5,10412.289063,1277.0,10412.299805,10530.76,382665.0,8764.0,6.784,2.6844,1.0015,10593.51,1.1997,10486.700195,0.2,10441.59,1.1801,10389.200195,19509.2,10523.23,1.1947,10479.200195,1860.3,8.71,42.07,1.1822
2005-11-07,58.08,21369.5,10420.889648,1277.0,10420.900391,10586.23,382665.0,8764.0,7.051,2.6844,1.0015,10632.34,1.1837,10455.599609,0.2,10488.74,1.1772,10362.0,19509.2,10531.24,1.1814,10406.200195,1860.3,8.71,42.07,1.1812
2005-11-08,58.08,21369.5,10440.189453,1277.0,10440.200195,10539.72,382665.0,8764.0,7.051,2.6844,1.0015,10606.8,1.1808,10483.200195,0.2,10478.49,1.1709,10410.400391,19509.2,10574.18,1.1805,10440.700195,1860.3,8.71,42.07,1.1782
2005-11-09,58.08,21369.5,10456.289063,1277.0,10456.299805,10546.21,382665.0,8764.0,7.051,2.6844,1.0015,10637.78,1.1795,10475.900391,0.2,10466.24,1.1717,10428.099609,19509.2,10539.24,1.1782,10434.099609,1860.3,8.71,42.07,1.1766
2005-11-10,58.08,21369.5,10438.389648,1277.0,10438.400391,10640.1,382665.0,8764.0,7.051,2.6844,1.0015,10680.2,1.1799,10491.200195,0.2,10484.17,1.1677,10407.599609,19509.2,10541.16,1.1766,10484.900391,1860.3,8.71,42.07,1.1686
2005-11-11,58.08,21369.5,10510.289063,1277.0,10510.299805,10686.04,382665.0,8764.0,7.051,2.6844,1.0015,10725.99,1.1735,10518.900391,0.2,10595.89,1.1671,10471.400391,19509.2,10641.3,1.1685,10491.400391,1860.3,8.71,42.07,1.1724
2005-11-14,58.08,21369.5,10504.588867,1277.0,10504.599609,10697.17,382665.0,8764.0,7.025,2.6844,1.0015,10756.88,1.1774,10561.700195,0.2,10618.89,1.166,10473.799805,19509.2,10686.6,1.1723,10490.700195,1860.3,8.71,42.07,1.1694
2005-11-15,58.08,21369.5,10456.289063,1277.0,10456.299805,10686.44,382665.0,8764.0,7.025,2.6844,1.0015,10783.62,1.1732,10508.200195,0.2,10610.08,1.1641,10413.0,19509.2,10697.01,1.169,10489.599609,1860.3,8.71,42.07,1.1721
2005-11-16,58.08,21369.5,10391.689453,1277.0,10391.700195,10674.76,382665.0,8764.0,7.025,2.6844,1.0015,10780.98,1.1738,10455.5,0.2,10574.46,1.1643,10338.700195,19509.2,10683.03,1.1719,10453.5,1860.3,8.71,42.07,1.1672
2005-11-17,58.08,21369.5,10445.189453,1277.0,10445.200195,10720.22,382665.0,8764.0,7.025,2.6844,1.0015,10778.5,1.1765,10468.400391,0.2,10619.61,1.1639,10421.099609,19509.2,10677.0,1.1667,10430.900391,1860.3,8.71,42.07,1.1759
2005-11-18,58.08,21369.5,10527.088867,1277.0,10527.099609,10766.33,382665.0,8764.0,7.025,2.6844,1.0015,10865.58,1.1795,10577.299805,0.2,10663.79,1.1662,10485.900391,19509.2,10719.34,1.1757,10502.299805,1860.3,8.71,42.07,1.1768
2005-11-21,58.08,21369.5,10535.088867,1277.0,10535.099609,10820.28,382665.0,8764.0,7.528,2.6844,1.0015,10871.11,1.1841,10556.900391,0.2,10708.86,1.1717,10498.200195,19509.2,10766.33,1.1776,10532.900391,1860.3,8.71,42.07,1.1728
2005-11-22,58.08,21369.5,10522.889648,1277.0,10522.900391,10871.43,382665.0,8764.0,7.528,2.6844,1.0015,10907.77,1.1825,10559.099609,0.2,10729.99,1.1684,10491.700195,19509.2,10815.96,1.1728,10557.400391,1860.3,8.71,42.07,1.1812
2005-11-23,58.08,21369.5,10626.689453,1277.0,10626.700195,10916.09,382665.0,8764.0,7.528,2.6844,1.0015,10974.84,1.1865,10631.799805,0.2,10825.32,1.1761,10534.799805,19509.2,10871.43,1.182,10544.599609,1860.3,8.71,42.07,1.182
2005-11-25,58.08,21369.5,10656.289063,1277.0,10656.299805,10931.62,382665.0,8764.0,7.528,2.6844,1.0015,10997.5,1.179,10672.599609,0.2,10883.55,1.1708,10625.0,19509.2,10915.13,1.1787,10649.299805,1860.3,8.71,42.07,1.1724
2005-11-28,58.08,21369.5,10618.789063,1277.0,10618.799805,10890.72,382665.0,8764.0,7.153,2.6844,1.0015,10992.39,1.1905,10716.799805,0.2,10839.37,1.1682,10609.599609,19509.2,10932.74,1.1716,10677.200195,1860.3,8.71,42.07,1.1851
2005-11-29,58.08,21369.5,10620.088867,1277.0,10620.099609,10888.16,382665.0,8764.0,7.153,2.6844,1.0015,10994.85,1.1864,10657.900391,0.2,10850.29,1.1738,10583.0,19509.2,10888.48,1.1845,10604.200195,1860.3,8.71,42.07,1.1785
2005-11-30,58.08,21369.5,10557.789063,1277.0,10557.799805,10805.87,382665.0,8764.0,7.153,2.6844,1.0015,10959.8,1.1805,10604.200195,0.2,10789.38,1.1755,10540.5,19509.2,10883.91,1.1778,10596.799805,1860.3,8.71,42.07,1.1789
2005-12-01,58.08,21369.5,10678.689453,1277.0,10678.700195,10912.57,393479.0,8941.0,7.153,2.7833,1.0015,10969.97,1.1805,10678.700195,0.2,10819.15,1.1688,10580.0,19509.2,10806.03,1.1789,10580.0,1860.3,8.71,42.43,1.1734
2005-12-02,58.08,21369.5,10649.789063,1277.0,10649.799805,10877.51,393479.0,8941.0,7.153,2.7833,1.0015,10952.83,1.1751,10699.5,0.2,10818.36,1.1662,10611.799805,19509.2,10912.01,1.1734,10692.200195,1860.3,8.71,42.43,1.1717
2005-12-05,58.08,21369.5,10532.088867,1277.0,10532.099609,10835.01,393479.0,8941.0,7.493,2.7833,1.0015,10923.37,1.1821,10669.0,0.2,10766.57,1.1688,10495.5,19509.2,10876.95,1.1704,10669.0,1860.3,8.71,42.43,1.1784
2005-12-06,58.08,21369.5,10539.289063,1277.0,10539.299805,10856.86,393479.0,8941.0,7.493,2.7833,1.0015,10924.9,1.181,10562.299805,0.2,10809.15,1.1755,10501.400391,19509.2,10835.41,1.1791,10538.799805,1860.3,8.71,42.43,1.1787
2005-12-07,58.08,21369.5,10506.588867,1277.0,10506.599609,10810.91,393479.0,8941.0,7.493,2.7833,1.0015,10916.89,1.1804,10555.599609,0.2,10737.27,1.1702,10479.0,19509.2,10856.86,1.1785,10553.900391,1860.3,8.71,42.43,1.1722
2005-12-08,58.08,21369.5,10495.789063,1277.0,10495.799805,10755.12,393479.0,8941.0,7.493,2.7833,1.0015,10871.11,1.185,10495.799805,0.2,10705.17,1.1701,10423.900391,19509.2,10808.43,1.1721,10437.0,1860.3,8.71,42.43,1.1817
2005-12-09,58.08,21369.5,10489.289063,1277.0,10489.299805,10778.58,393479.0,8941.0,7.493,2.7833,1.0015,10845.33,1.1839,10501.099609,0.2,10694.05,1.1764,10438.299805,19509.2,10751.76,1.182,10453.299805,1860.3,8.71,42.43,1.1812
2005-12-12,58.08,21369.5,10539.989258,1277.0,10540.0,10767.77,393479.0,8941.0,7.833,2.7833,1.0015,10857.02,1.1984,10587.900391,0.2,10707.18,1.1777,10500.0,19509.2,10778.66,1.1781,10521.700195,1860.3,8.71,42.43,1.1955
2005-12-13,58.08,21369.5,10533.588867,1277.0,10533.599609,10823.72,393479.0,8941.0,7.833,2.7833,1.0015,10902.64,1.1987,10561.799805,0.2,10694.29,1.1903,10501.900391,19509.2,10765.69,1.1952,10544.0,1860.3,8.71,42.43,1.1937
2005-12-14,58.08,21369.5,10502.389648,1277.0,10502.400391,10883.51,393479.0,8941.0,7.833,2.7833,1.0015,10953.07,1.2063,10572.400391,0.2,10786.34,1.193,10484.799805,19509.2,10821.32,1.1945,10559.599609,1860.3,8.71,42.43,1.2004
2005-12-15,58.08,21369.5,10483.489258,1277.0,10483.5,10881.67,393479.0,8941.0,7.833,2.7833,1.0015,10985.01,1.2039,10517.599609,0.2,10803.55,1.1934,10450.599609,19509.2,10883.43,1.2001,10509.400391,1860.3,8.71,42.43,1.1978
2005-12-16,58.08,21369.5,10555.289063,1277.0,10555.299805,10875.59,393479.0,8941.0,7.833,2.7833,1.0015,10978.21,1.2028,10602.099609,0.2,10830.84,1.1934,10462.799805,19509.2,10881.67,1.1975,10488.400391,1860.3,8.71,42.43,1.2013
2005-12-19,58.08,21369.5,10528.289063,1277.0,10528.299805,10836.53,393479.0,8941.0,8.245,2.7833,1.0015,10970.04,1.204,10587.0,0.2,10781.7,1.1973,10514.099609,19509.2,10875.51,1.2027,10549.599609,1860.3,8.71,42.43,1.2004
2005-12-20,58.08,21369.5,10572.289063,1277.0,10572.299805,10805.55,393479.0,8941.0,8.245,2.7833,1.0015,10905.28,1.2015,10584.400391,0.2,10754.56,1.1838,10495.900391,19509.2,10836.93,1.2007,10513.5,1860.3,8.71,42.43,1.187
2005-12-21,58.08,21369.5,10682.689453,1277.0,10682.700195,10833.73,393479.0,8941.0,8.245,2.7833,1.0015,10933.7,1.1912,10694.700195,0.2,10776.01,1.1799,10576.200195,19509.2,10805.63,1.1858,10578.5,1860.3,8.71,42.43,1.1832
2005-12-22,58.08,21369.5,10701.289063,1277.0,10701.299805,10889.44,393479.0,8941.0,8.245,2.7833,1.0015,10928.34,1.1902,10717.200195,0.2,10785.93,1.181,10668.5,19509.2,10831.56,1.1837,10675.799805,1860.3,8.71,42.43,1.1869
2005-12-23,58.08,21369.5,10723.889648,1277.0,10723.900391,10883.27,393479.0,8941.0,8.245,2.7833,1.0015,10940.66,1.1885,10753.299805,0.2,10840.53,1.1829,10704.200195,19509.2,10883.27,1.1869,10725.799805,1860.3,8.71,42.43,1.1875
2005-12-27,58.08,21369.5,10772.689453,1277.0,10772.700195,10777.77,393479.0,8941.0,8.24,2.7833,1.0015,10956.99,1.1881,10791.5,0.2,10754.16,1.1829,10716.099609,19509.2,10883.75,1.1848,10718.299805,1860.3,8.71,42.43,1.1831
2005-12-28,58.08,21369.5,10769.489258,1277.0,10769.5,10796.26,393479.0,8941.0,8.24,2.7833,1.0015,10858.07,1.1936,10781.400391,0.2,10750.4,1.1814,10741.799805,19509.2,10778.25,1.1829,10747.200195,1860.3,8.71,42.43,1.1835
2005-12-29,58.08,21369.5,10778.088867,1277.0,10778.099609,10784.82,393479.0,8941.0,8.24,2.7833,1.0015,10870.71,1.1884,10811.900391,0.2,10747.76,1.1816,10765.200195,19509.2,10795.7,1.1836,10787.400391,1860.3,8.71,42.43,1.1844
2005-12-30,58.08,21369.5,10733.889648,1277.0,10733.900391,10717.5,393479.0,8941.0,8.24,2.7833,1.0015,10801.87,1.189,10771.400391,0.2,10675.64,1.1778,10696.900391,19509.2,10783.86,1.1845,10767.799805,1860.3,8.71,42.43,1.1843
2006-01-03,58.3,21521.3,10818.088867,1323.0,10818.099609,10847.41,377945.0,8588.0,7.923,2.8335,1.1505,10888.4,1.2031,10839.299805,-0.4,10650.18,1.181,10769.299805,19578.4,10718.3,1.1824,10794.099609,1942.8,9.03,40.76,1.2012
2006-01-04,58.3,21521.3,10895.789063,1323.0,10895.799805,10880.15,377945.0,8588.0,7.923,2.8335,1.1505,10946.27,1.2144,10898.900391,-0.4,10772.89,1.2003,10830.900391,19578.4,10843.97,1.2012,10869.299805,1942.8,9.03,40.76,1.2128
2006-01-05,58.3,21521.3,10913.588867,1323.0,10913.599609,10882.15,377945.0,8588.0,7.923,2.8335,1.1505,10951.39,1.2123,10929.599609,-0.4,10797.55,1.2064,10883.299805,19578.4,10880.39,1.2123,10907.299805,1942.8,9.03,40.76,1.2102
2006-01-06,58.3,21521.3,10913.588867,1323.0,10913.599609,10959.31,377945.0,8588.0,7.923,2.8335,1.1505,11005.98,1.2182,10929.599609,-0.4,10846.21,1.2079,10883.299805,19578.4,10875.45,1.2107,10907.299805,1942.8,9.03,40.76,1.2149
2006-01-09,58.3,21521.3,10962.489258,1323.0,10962.5,11011.9,377945.0,8588.0,7.936,2.8335,1.1505,11053.93,1.2156,10966.099609,-0.4,10906.33,1.2051,10928.099609,19578.4,10959.47,1.2147,10943.099609,1942.8,9.03,40.76,1.2087
2006-01-10,58.3,21521.3,10869.889648,1323.0,10869.900391,11011.58,377945.0,8588.0,7.936,2.8335,1.1505,11054.49,1.2111,10935.099609,-0.4,10902.96,1.2036,10869.900391,19578.4,11010.46,1.2084,10932.099609,1942.8,9.03,40.76,1.2067
2006-01-11,58.3,21521.3,10966.189453,1323.0,10966.200195,11043.44,377945.0,8588.0,7.936,2.8335,1.1505,11099.15,1.2146,10966.200195,-0.4,10939.86,1.2043,10908.799805,19578.4,11011.66,1.2062,10909.299805,1942.8,9.03,40.76,1.2125
2006-01-12,58.3,21521.3,10955.789063,1323.0,10955.799805,10962.36,377945.0,8588.0,7.936,2.8335,1.1505,11070.1,1.2165,10969.400391,-0.4,10918.09,1.2005,10925.700195,19578.4,11043.12,1.2125,10935.0,1942.8,9.03,40.76,1.2035
2006-01-13,58.3,21521.3,10850.689453,1323.0,10850.700195,10959.87,377945.0,8588.0,7.936,2.8335,1.1505,11033.04,1.2144,10943.0,-0.4,10888.88,1.2026,10825.5,19578.4,10961.48,1.2037,10938.400391,1942.8,9.03,40.76,1.2138
2006-01-17,58.3,21521.3,10806.289063,1323.0,10806.299805,10896.32,377945.0,8588.0,7.665,2.8335,1.1505,10977.01,1.2145,10844.0,-0.4,10841.17,1.205,10795.099609,19578.4,10957.55,1.2119,10834.5,1942.8,9.03,40.76,1.2107
2006-01-18,58.3,21521.3,10708.088867,1323.0,10708.099609,10854.86,377945.0,8588.0,7.665,2.8335,1.1505,10934.9,1.2162,10740.700195,-0.4,10778.33,1.2071,10674.200195,19578.4,10890.08,1.2107,10719.0,1942.8,9.03,40.76,1.2105
2006-01-19,58.3,21521.3,10821.489258,1323.0,10821.5,10880.71,377945.0,8588.0,7.665,2.8335,1.1505,10965.0,1.2125,10821.5,-0.4,10796.66,1.2052,10763.400391,19578.4,10855.18,1.2115,10764.700195,1942.8,9.03,40.76,1.2098
2006-01-20,58.3,21521.3,10740.889648,1323.0,10740.900391,10667.39,377945.0,8588.0,7.665,2.8335,1.1505,10890.08,1.2142,10872.400391,-0.4,10637.21,1.2041,10737.799805,19578.4,10880.71,1.21,10834.099609,1942.8,9.03,40.76,1.2138
2006-01-23,58.3,21521.3,10712.189453,1323.0,10712.200195,10688.77,377945.0,8588.0,7.936,2.8335,1.1505,10783.7,1.2313,10723.299805,-0.4,10607.36,1.2138,10611.099609,19578.4,10668.75,1.2141,10642.900391,1942.8,9.03,40.76,1.2312
2006-01-24,58.3,21521.3,10665.588867,1323.0,10665.599609,10712.22,377945.0,8588.0,7.936,2.8335,1.1505,10804.75,1.2326,10747.599609,-0.4,10624.49,1.2259,10645.5,19578.4,10690.21,1.231,10728.299805,1942.8,9.03,40.76,1.2281
2006-01-25,58.3,21521.3,10824.088867,1323.0,10824.099609,10709.74,377945.0,8588.0,7.936,2.8335,1.1505,10832.93,1.2324,10824.099609,-0.4,10615.2,1.2234,10690.400391,19578.4,10713.26,1.2284,10704.099609,1942.8,9.03,40.76,1.2246
2006-01-26,58.3,21521.3,10890.189453,1323.0,10890.200195,10809.47,377945.0,8588.0,7.936,2.8335,1.1505,10896.96,1.2272,10952.599609,-0.4,10677.0,1.22,10788.099609,19578.4,10711.02,1.2244,10792.200195,1942.8,9.03,40.76,1.2214
2006-01-27,58.3,21521.3,11023.189453,1323.0,11023.200195,10907.21,377945.0,8588.0,7.936,2.8335,1.1505,10988.29,1.2237,11026.900391,-0.4,10766.01,1.2085,10886.299805,19578.4,10815.32,1.2205,10944.5,1942.8,9.03,40.76,1.21
2006-01-30,58.3,21521.3,11037.989258,1323.0,11038.0,10899.92,377945.0,8588.0,7.862,2.8335,1.1505,10993.97,1.2117,11051.700195,-0.4,10832.52,1.2062,10979.700195,19578.4,10908.49,1.2106,11012.400391,1942.8,9.03,40.76,1.2088
2006-01-31,58.3,21521.3,11104.288086,1323.0,11104.299805,10864.86,377945.0,8588.0,7.862,2.8335,1.1505,10970.28,1.2191,11112.099609,-0.4,10807.55,1.2077,11022.799805,19578.4,10900.4,1.2092,11025.200195,1942.8,9.03,40.76,1.2155
2006-02-01,58.3,21521.3,11221.087891,1323.0,11221.099609,10953.95,377948.0,8588.0,7.862,2.9142,1.1505,11001.82,1.2166,11221.099609,0.0,10815.39,1.2048,11030.099609,19578.4,10862.14,1.2153,11030.5,1942.8,9.03,40.76,1.2061
2006-02-02,58.3,21521.3,11135.988281,1323.0,11136.0,10851.98,377948.0,8588.0,7.862,2.9142,1.1505,10987.73,1.2109,11253.0,0.0,10800.35,1.2031,11125.700195,19578.4,10950.11,1.2058,11218.700195,1942.8,9.03,40.76,1.2098
2006-02-03,58.3,21521.3,11175.788086,1323.0,11175.799805,10793.62,377948.0,8588.0,7.862,2.9142,1.1505,10905.28,1.2113,11202.5,0.0,10725.35,1.1968,11120.700195,19578.4,10849.57,1.2092,11162.0,1942.8,9.03,40.76,1.2024
2006-02-06,58.3,21521.3,11187.488281,1323.0,11187.5,10798.27,377948.0,8588.0,7.978,2.9142,1.1505,10868.62,1.2048,11217.0,0.0,10725.91,1.1944,11164.799805,19578.4,10793.3,1.2037,11199.799805,1942.8,9.03,40.76,1.1963
2006-02-07,58.3,21521.3,11175.087891,1323.0,11175.099609,10749.76,377948.0,8588.0,7.978,2.9142,1.1505,10874.79,1.2016,11215.900391,0.0,10691.97,1.194,11099.099609,19578.4,10796.42,1.1966,11195.900391,1942.8,9.03,40.76,1.1974
2006-02-08,58.3,21521.3,11202.587891,1323.0,11202.599609,10858.62,377948.0,8588.0,7.978,2.9142,1.1505,10897.44,1.1997,11209.299805,0.0,10712.3,1.1923,11083.400391,19578.4,10742.16,1.198,11114.099609,1942.8,9.03,40.76,1.1955
2006-02-09,58.3,21521.3,11344.888672,1323.0,11344.900391,10883.35,377948.0,8588.0,7.978,2.9142,1.1505,11003.5,1.1997,11344.900391,0.0,10800.91,1.1946,11222.0,19578.4,10859.42,1.1964,11226.400391,1942.8,9.03,40.76,1.1981
2006-02-10,58.3,21521.3,11312.587891,1323.0,11312.599609,10919.05,377948.0,8588.0,7.978,2.9142,1.1505,10972.76,1.2027,11366.900391,0.0,10787.62,1.1892,11293.599609,19578.4,10883.51,1.198,11339.099609,1942.8,9.03,40.76,1.19
2006-02-13,58.3,21521.3,11395.488281,1323.0,11395.5,10892.32,377948.0,8588.0,7.577,2.9142,1.1505,10982.93,1.1925,11395.5,0.0,10824.6,1.1878,11281.200195,19578.4,10915.21,1.1903,11325.099609,1942.8,9.03,40.76,1.1905
2006-02-14,58.3,21521.3,11395.888672,1323.0,11395.900391,11028.39,377948.0,8588.0,7.577,2.9142,1.1505,11071.54,1.1925,11412.299805,0.0,10873.62,1.1856,11320.400391,19578.4,10890.72,1.19,11389.5,1942.8,9.03,40.76,1.1915
2006-02-15,58.3,21521.3,11377.388672,1323.0,11377.400391,11058.97,377948.0,8588.0,7.577,2.9142,1.1505,11115.56,1.1956,11426.099609,0.0,10940.18,1.1871,11366.900391,19578.4,11025.67,1.1916,11399.0,1942.8,9.03,40.76,1.1885
2006-02-16,58.3,21521.3,11447.188477,1323.0,11447.200195,11120.68,377948.0,8588.0,7.577,2.9142,1.1505,11154.14,1.1904,11447.200195,0.0,10997.66,1.1847,11384.099609,19578.4,11059.05,1.1892,11410.900391,1942.8,9.03,40.76,1.1896
2006-02-17,58.3,21521.3,11491.288086,1323.0,11491.299805,11115.32,377948.0,8588.0,7.577,2.9142,1.1505,11178.8,1.1944,11501.400391,0.0,11035.44,1.1856,11428.599609,19578.4,11119.56,1.1904,11460.700195,1942.8,9.03,40.76,1.1934
2006-02-21,58.3,21521.3,11626.888672,1323.0,11626.900391,11069.06,377948.0,8588.0,7.893,2.9142,1.1505,11182.68,1.1944,11657.799805,0.0,11011.18,1.189,11542.0,19578.4,11115.48,1.1938,11564.0,1942.8,9.03,40.76,1.1911
2006-02-22,58.3,21521.3,11755.288086,1323.0,11755.299805,11137.17,377948.0,8588.0,7.893,2.9142,1.1505,11198.73,1.193,11755.299805,0.0,11034.08,1.1858,11604.799805,19578.4,11065.29,1.1913,11619.200195,1942.8,9.03,40.76,1.1911
2006-02-23,58.3,21521.3,11738.988281,1323.0,11739.0,11069.22,377948.0,8588.0,7.893,2.9142,1.1505,11167.83,1.1972,11785.900391,0.0,11017.27,1.1888,11708.5,19578.4,11133.52,1.1911,11755.200195,1942.8,9.03,40.76,1.1923
2006-02-24,58.3,21521.3,11786.888672,1323.0,11786.900391,11061.85,377948.0,8588.0,7.893,2.9142,1.1505,11129.65,1.1936,11786.900391,0.0,10981.41,1.1864,11738.700195,19578.4,11065.77,1.1923,11753.900391,1942.8,9.03,40.76,1.1873
2006-02-27,58.3,21521.3,11832.788086,1323.0,11832.799805,11097.55,377948.0,8588.0,7.956,2.9142,1.1505,11180.48,1.1879,11832.799805,0.0,11038.72,1.1824,11786.5,19578.4,11062.81,1.1871,11821.099609,1942.8,9.03,40.76,1.1846
2006-02-28,58.3,21521.3,11740.688477,1323.0,11740.700195,10993.41,377948.0,8588.0,7.956,2.9142,1.1505,11115.24,1.1944,11840.099609,0.0,10947.07,1.1835,11691.799805,19578.4,11096.75,1.1848,11825.400391,1942.8,9.03,40.76,1.1921
2006-03-01,58.3,21521.3,11902.188477,1323.0,11902.200195,11053.53,393984.0,8952.0,7.956,3.1053,1.1505,11115.8,1.1976,11902.200195,0.7,10960.6,1.189,11758.099609,19578.4,10993.25,1.1921,11764.599609,1942.8,9.03,41.64,1.1915
2006-03-02,58.3,21521.3,11809.587891,1323.0,11809.599609,11025.51,393984.0,8952.0,7.956,3.1053,1.1505,11090.91,1.2046,11918.599609,0.7,10951.71,1.1911,11776.400391,19578.4,11052.57,1.1917,11914.400391,1942.8,9.03,41.64,1.2041
2006-03-03,58.3,21521.3,11755.688477,1323.0,11755.700195,11021.59,393984.0,8952.0,7.956,3.1053,1.1505,11125.01,1.2054,11834.799805,0.7,10942.99,1.1993,11725.799805,19578.4,11024.23,1.2039,11783.599609,1942.8,9.03,41.64,1.2039
2006-03-06,58.3,21521.3,11759.087891,1323.0,11759.099609,10958.59,393984.0,8952.0,7.597,3.1053,1.1505,11084.66,1.2094,11812.400391,0.7,10899.76,1.1989,11740.799805,19578.4,11022.47,1.205,11765.700195,1942.8,9.03,41.64,1.2018
2006-03-07,58.3,21521.3,11701.288086,1323.0,11701.299805,10980.69,393984.0,8952.0,7.597,3.1053,1.1505,11032.31,1.2024,11714.400391,0.7,10885.35,1.1868,11610.299805,19578.4,10957.31,1.2019,11706.200195,1942.8,9.03,41.64,1.1886
2006-03-08,58.3,21521.3,11629.188477,1323.0,11629.200195,11005.74,393984.0,8952.0,7.597,3.1053,1.1505,11065.61,1.1942,11736.0,0.7,10885.99,1.1871,11566.799805,19578.4,10977.08,1.1886,11722.299805,1942.8,9.03,41.64,1.1923
2006-03-09,58.3,21521.3,11699.587891,1323.0,11699.599609,10972.28,393984.0,8952.0,7.597,3.1053,1.1505,11093.39,1.1954,11727.900391,0.7,10923.86,1.1901,11657.5,19578.4,11005.66,1.1924,11701.5,1942.8,9.03,41.64,1.1914
2006-03-10,58.3,21521.3,11771.788086,1323.0,11771.799805,11076.34,393984.0,8952.0,7.597,3.1053,1.1505,11125.41,1.1934,11771.799805,0.7,10948.43,1.1859,11635.299805,19578.4,10972.92,1.1912,11642.200195,1942.8,9.03,41.64,1.1915
2006-03-13,58.3,21521.3,11845.388672,1323.0,11845.400391,11076.02,393984.0,8952.0,7.3,3.1053,1.1505,11157.82,1.1972,11854.700195,0.7,11019.75,1.1911,11805.900391,19578.4,11067.61,1.1917,11808.700195,1942.8,9.03,41.64,1.1961
2006-03-14,58.3,21521.3,11834.988281,1323.0,11835.0,11151.34,393984.0,8952.0,7.3,3.1053,1.1505,11190.96,1.2033,11839.700195,0.7,11030.23,1.1936,11773.299805,19578.4,11076.02,1.196,11815.5,1942.8,9.03,41.64,1.2016
2006-03-15,58.3,21521.3,11845.688477,1323.0,11845.700195,11209.77,393984.0,8952.0,7.3,3.1053,1.1505,11258.28,1.2076,11884.5,0.7,11097.23,1.2005,11831.900391,19578.4,11149.76,1.2013,11869.400391,1942.8,9.03,41.64,1.2071
2006-03-16,58.3,21521.3,11862.488281,1323.0,11862.5,11253.24,393984.0,8952.0,7.3,3.1053,1.1505,11324.8,1.219,11874.400391,0.7,11176.07,1.2033,11804.200195,19578.4,11210.97,1.2069,11860.299805,1942.8,9.03,41.64,1.218
2006-03-17,58.3,21521.3,11872.888672,1323.0,11872.900391,11279.65,393984.0,8952.0,7.3,3.1053,1.1505,11335.52,1.2208,11949.599609,0.7,11210.48,1.2139,11835.299805,19578.4,11254.12,1.2176,11877.400391,1942.8,9.03,41.64,1.219
2006-03-20,58.3,21521.3,11921.988281,1323.0,11922.0,11274.53,393984.0,8952.0,7.248,3.1053,1.1505,11350.73,1.22,11962.799805,0.7,11208.33,1.2147,11896.599609,19578.4,11278.93,1.2186,11909.299805,1942.8,9.03,41.64,1.2167
2006-03-21,58.3,21521.3,11933.388672,1323.0,11933.400391,11235.47,393984.0,8952.0,7.248,3.1053,1.1505,11364.34,1.2167,11944.599609,0.7,11188.56,1.2073,11857.799805,19578.4,11275.89,1.2167,11944.599609,1942.8,9.03,41.64,1.2088
2006-03-22,58.3,21521.3,11951.587891,1323.0,11951.599609,11317.43,393984.0,8952.0,7.248,3.1053,1.1505,11358.01,1.2115,11959.299805,0.7,11200.22,1.2064,11860.0,19578.4,11234.51,1.2094,11876.200195,1942.8,9.03,41.64,1.2079
2006-03-23,58.3,21521.3,11906.188477,1323.0,11906.200195,11270.29,393984.0,8952.0,7.248,3.1053,1.1505,11363.46,1.2083,11970.0,0.7,11207.85,1.1955,11880.400391,19578.4,11317.35,1.2077,11957.5,1942.8,9.03,41.64,1.1972
2006-03-24,58.3,21521.3,11954.388672,1323.0,11954.400391,11279.97,393984.0,8952.0,7.248,3.1053,1.1505,11353.21,1.2048,11954.400391,0.7,11197.21,1.195,11895.299805,19578.4,11270.61,1.1972,11908.5,1942.8,9.03,41.64,1.2036
2006-03-27,58.3,21521.3,11839.587891,1323.0,11839.599609,11250.11,393984.0,8952.0,7.014,3.1053,1.1505,11314.96,1.2064,11954.099609,0.7,11194.07,1.2003,11839.099609,19578.4,11280.13,1.2039,11939.5,1942.8,9.03,41.64,1.2014
2006-03-28,58.3,21521.3,11774.188477,1323.0,11774.200195,11154.54,393984.0,8952.0,7.014,3.1053,1.1505,11312.31,1.2111,11870.5,0.7,11132.05,1.1992,11754.099609,19578.4,11250.11,1.2014,11855.400391,1942.8,9.03,41.64,1.2003
2006-03-29,58.3,21521.3,11817.288086,1323.0,11817.299805,11215.7,393984.0,8952.0,7.014,3.1053,1.1505,11283.97,1.205,11839.799805,0.7,11117.48,1.1976,11753.900391,19578.4,11154.94,1.2001,11773.099609,1942.8,9.03,41.64,1.2029
2006-03-30,58.3,21521.3,11869.788086,1323.0,11869.799805,11150.7,393984.0,8952.0,7.014,3.1053,1.1505,11279.89,1.217,11884.0,0.7,11092.75,1.202,11805.200195,19578.4,11216.34,1.2027,11870.200195,1942.8,9.03,41.64,1.217
2006-03-31,58.3,21521.3,11854.288086,1323.0,11854.299805,11109.32,393984.0,8952.0,7.014,3.1053,1.1505,11229.47,1.2176,11871.599609,0.7,11069.78,1.2077,11779.200195,19578.4,11151.34,1.2165,11856.200195,1942.8,9.03,41.64,1.2119
2006-04-03,58.63,21726.0,11919.988281,1323.0,11920.0,11144.94,379219.0,8617.0,6.869,3.2214,0.9754,11287.02,1.2149,11958.599609,1.4,11101.07,1.2031,11901.799805,19891.6,11113.0,1.2121,11923.5,1834.4,8.44,40.08,1.2138
2006-04-04,58.63,21726.0,11893.788086,1323.0,11893.799805,11203.85,379219.0,8617.0,6.869,3.2214,0.9754,11269.17,1.2279,11893.799805,1.4,11094.03,1.2119,11829.799805,19891.6,11142.54,1.2134,11892.599609,1834.4,8.44,40.08,1.2256
2006-04-05,58.63,21726.0,11916.388672,1323.0,11916.400391,11239.55,379219.0,8617.0,6.869,3.2214,0.9754,11290.3,1.2308,11916.400391,1.4,11141.82,1.2243,11839.799805,19891.6,11203.21,1.2262,11888.200195,1834.4,8.44,40.08,1.2296
2006-04-06,58.63,21726.0,11908.188477,1323.0,11908.200195,11216.5,379219.0,8617.0,6.869,3.2214,0.9754,11294.3,1.2334,11944.0,1.4,11137.57,1.2197,11883.599609,19891.6,11233.01,1.2298,11938.599609,1834.4,8.44,40.08,1.2226
2006-04-07,58.63,21726.0,11816.688477,1323.0,11816.700195,11120.04,379219.0,8617.0,6.869,3.2214,0.9754,11285.65,1.2228,11922.0,1.4,11081.46,1.2088,11807.700195,19891.6,11217.14,1.2223,11903.400391,1834.4,8.44,40.08,1.209
2006-04-10,58.63,21726.0,11817.488281,1323.0,11817.5,11141.33,379219.0,8617.0,6.735,3.2214,0.9754,11211.37,1.213,11817.5,1.4,11083.06,1.2075,11764.400391,19891.6,11119.88,1.2109,11792.400391,1834.4,8.44,40.08,1.2115
2006-04-11,58.63,21726.0,11674.587891,1323.0,11674.599609,11089.63,379219.0,8617.0,6.735,3.2214,0.9754,11220.98,1.2156,11822.200195,1.4,11017.99,1.209,11657.099609,19891.6,11141.33,1.2113,11796.700195,1834.4,8.44,40.08,1.2147
2006-04-12,58.63,21726.0,11601.688477,1323.0,11601.700195,11129.97,379219.0,8617.0,6.735,3.2214,0.9754,11194.0,1.217,11667.900391,1.4,11052.17,1.2066,11567.599609,19891.6,11089.47,1.2142,11666.900391,1834.4,8.44,40.08,1.2107
2006-04-13,58.63,21726.0,11609.388672,1323.0,11609.400391,11137.65,379219.0,8617.0,6.735,3.2214,0.9754,11210.73,1.2135,11645.299805,1.4,11053.29,1.2065,11564.200195,19891.6,11130.13,1.2104,11604.5,1834.4,8.44,40.08,1.2116
2006-04-18,58.63,21726.0,11584.988281,1323.0,11585.0,11268.77,379219.0,8617.0,6.851,3.2214,0.9754,11302.3,1.2361,11626.299805,1.4,11064.01,1.2222,11552.099609,19891.6,11074.58,1.2256,11589.400391,1834.4,8.44,40.08,1.2351
2006-04-19,58.63,21726.0,11720.087891,1323.0,11720.099609,11278.77,379219.0,8617.0,6.851,3.2214,0.9754,11379.79,1.2395,11721.299805,1.4,11181.84,1.2283,11659.799805,19891.6,11265.4,1.2358,11671.700195,1834.4,8.44,40.08,1.2381
2006-04-20,58.63,21726.0,11782.587891,1323.0,11782.599609,11342.89,379219.0,8617.0,6.851,3.2214,0.9754,11429.25,1.2382,11814.200195,1.4,11221.3,1.2285,11716.299805,19891.6,11278.53,1.2382,11720.099609,1834.4,8.44,40.08,1.2321
2006-04-21,58.63,21726.0,11913.788086,1323.0,11913.799805,11347.45,379219.0,8617.0,6.851,3.2214,0.9754,11468.16,1.2363,11913.799805,1.4,11272.61,1.2267,11806.099609,19891.6,11343.45,1.2317,11819.900391,1834.4,8.44,40.08,1.2341
2006-04-24,58.63,21726.0,11901.288086,1323.0,11901.299805,11336.32,379219.0,8617.0,6.776,3.2214,0.9754,11420.05,1.2416,11955.799805,1.4,11246.35,1.2332,11856.599609,19891.6,11346.81,1.2373,11884.400391,1834.4,8.44,40.08,1.2395
2006-04-25,58.63,21726.0,11920.488281,1323.0,11920.5,11283.25,379219.0,8617.0,6.776,3.2214,0.9754,11401.32,1.244,11975.5,1.4,11213.05,1.2364,11878.599609,19891.6,11336.56,1.2386,11889.799805,1834.4,8.44,40.08,1.2435
2006-04-26,58.63,21726.0,11925.587891,1323.0,11925.599609,11354.49,379219.0,8617.0,6.776,3.2214,0.9754,11428.77,1.2471,11958.099609,1.4,11256.12,1.2386,11886.900391,19891.6,11283.25,1.2429,11940.799805,1834.4,8.44,40.08,1.2445
2006-04-27,58.63,21726.0,11891.288086,1323.0,11891.299805,11382.51,379219.0,8617.0,6.776,3.2214,0.9754,11465.75,1.2551,11946.200195,1.4,11220.74,1.2404,11825.299805,19891.6,11349.53,1.2449,11944.900391,1834.4,8.44,40.08,1.2532
2006-04-28,58.63,21726.0,11892.488281,1323.0,11892.5,11367.14,379219.0,8617.0,6.776,3.2214,0.9754,11462.95,1.2642,11913.900391,1.4,11278.13,1.2521,11812.900391,19891.6,11358.33,1.253,11876.200195,1834.4,8.44,40.08,1.2637
2006-05-02,58.63,21726.0,11929.288086,1323.0,11929.299805,11416.45,379726.0,8628.0,6.699,3.3078,0.9754,11479.46,1.2668,11929.299805,0.4,11302.78,1.2557,11835.900391,19891.6,11345.21,1.2569,11843.299805,1834.4,8.44,40.13,1.2616
2006-05-03,58.63,21726.0,11876.488281,1323.0,11876.5,11400.28,379726.0,8628.0,6.699,3.3078,0.9754,11472.96,1.267,11956.900391,0.4,11308.55,1.2589,11858.400391,19891.6,11414.69,1.2614,11939.5,1834.4,8.44,40.13,1.2641
2006-05-04,58.63,21726.0,11928.488281,1323.0,11928.5,11438.86,379726.0,8628.0,6.699,3.3078,0.9754,11512.18,1.2723,11934.799805,0.4,11366.82,1.2569,11851.599609,19891.6,11401.8,1.263,11901.099609,1834.4,8.44,40.13,1.2694
2006-05-05,58.63,21726.0,12034.388672,1323.0,12034.400391,11577.74,379726.0,8628.0,6.699,3.3078,0.9754,11616.16,1.2768,12034.400391,0.4,11456.95,1.2673,11922.299805,19891.6,11440.62,1.2692,11935.200195,1834.4,8.44,40.13,1.2725
2006-05-08,58.63,21726.0,12067.6875,1323.0,12067.700195,11584.54,379726.0,8628.0,6.865,3.3078,0.9754,11665.14,1.2788,12087.200195,0.4,11504.09,1.2691,12031.5,19891.6,11576.37,1.2742,12070.5,1834.4,8.44,40.13,1.2708
2006-05-09,58.63,21726.0,12083.287109,1323.0,12083.299805,11639.77,379726.0,8628.0,6.865,3.3078,0.9754,11684.28,1.2784,12096.200195,0.4,11535.71,1.266,12042.5,19891.6,11584.62,1.27,12073.099609,1834.4,8.44,40.13,1.2763
2006-05-10,58.63,21726.0,12064.787109,1323.0,12064.799805,11642.65,379726.0,8628.0,6.865,3.3078,0.9754,11709.09,1.2832,12085.5,0.4,11545.64,1.275,12046.599609,19891.6,11630.48,1.2761,12057.299805,1834.4,8.44,40.13,1.2788
2006-05-11,58.63,21726.0,12008.388672,1323.0,12008.400391,11500.73,379726.0,8628.0,6.865,3.3078,0.9754,11660.58,1.2873,12106.0,0.4,11449.74,1.2685,11998.099609,19891.6,11639.29,1.2784,12052.200195,1834.4,8.44,40.13,1.2834
2006-05-12,58.63,21726.0,11710.188477,1323.0,11710.200195,11380.99,379726.0,8628.0,6.865,3.3078,0.9754,11551.4,1.2959,11931.799805,0.4,11336.96,1.2831,11710.200195,19891.6,11500.01,1.2838,11919.099609,1834.4,8.44,40.13,1.2932
2006-05-15,58.63,21726.0,11587.688477,1323.0,11587.700195,11428.77,379726.0,8628.0,6.523,3.3078,0.9754,11485.61,1.2973,11673.099609,0.4,11273.65,1.2778,11517.900391,19891.6,11380.43,1.295,11661.299805,1834.4,8.44,40.13,1.2797
2006-05-16,58.63,21726.0,11595.888672,1323.0,11595.900391,11419.89,379726.0,8628.0,6.523,3.3078,0.9754,11520.42,1.287,11637.099609,0.4,11334.64,1.2769,11553.900391,19891.6,11428.21,1.2797,11567.099609,1834.4,8.44,40.13,1.2862
2006-05-17,58.63,21726.0,11248.188477,1323.0,11248.200195,11205.61,379726.0,8628.0,6.523,3.3078,0.9754,11412.28,1.2923,11636.099609,0.4,11139.17,1.2702,11248.200195,19891.6,11410.13,1.286,11615.299805,1834.4,8.44,40.13,1.2736
2006-05-18,58.63,21726.0,11210.288086,1323.0,11210.299805,11128.29,379726.0,8628.0,6.523,3.3078,0.9754,11301.26,1.2866,11332.099609,0.4,11096.35,1.2721,11069.099609,19891.6,11206.17,1.2731,11241.400391,1834.4,8.44,40.13,1.2862
2006-05-19,58.63,21726.0,11270.788086,1323.0,11270.799805,11144.06,379726.0,8628.0,6.523,3.3078,0.9754,11254.6,1.2867,11294.200195,0.4,11009.98,1.2695,11173.700195,19891.6,11124.37,1.2858,11197.200195,1834.4,8.44,40.13,1.2774
2006-05-22,58.63,21726.0,10950.189453,1323.0,10950.200195,11125.33,379726.0,8628.0,6.484,3.3078,0.9754,11210.01,1.2887,11248.0,0.4,11011.18,1.2693,10918.299805,19891.6,11143.42,1.2759,11246.599609,1834.4,8.44,40.13,1.2873
2006-05-23,58.63,21726.0,11160.688477,1323.0,11160.700195,11098.35,379726.0,8628.0,6.484,3.3078,0.9754,11254.68,1.2879,11169.5,0.4,11068.49,1.2803,10993.099609,19891.6,11126.29,1.2866,11004.799805,1834.4,8.44,40.13,1.282
2006-05-24,58.63,21726.0,11047.189453,1323.0,11047.200195,11117.32,379726.0,8628.0,6.484,3.3078,0.9754,11241.15,1.2894,11120.799805,0.4,10980.29,1.2729,10961.5,19891.6,11100.11,1.2814,11085.200195,1834.4,8.44,40.13,1.2752
2006-05-25,58.63,21726.0,11208.188477,1323.0,11208.200195,11211.05,379726.0,8628.0,6.484,3.3078,0.9754,11258.12,1.2818,11208.200195,0.4,11089.55,1.2746,10984.299805,19891.6,11114.96,1.2759,11107.700195,1834.4,8.44,40.13,1.2805
2006-05-26,58.63,21726.0,11414.788086,1323.0,11414.799805,11278.61,379726.0,8628.0,6.484,3.3078,0.9754,11329.36,1.2837,11414.799805,0.4,11177.43,1.2701,11236.700195,19891.6,11211.69,1.2816,11268.700195,1834.4,8.44,40.13,1.2735
2006-05-30,58.63,21726.0,11165.587891,1323.0,11165.599609,11094.43,379726.0,8628.0,6.817,3.3078,0.9754,11275.33,1.291,11384.299805,0.4,11071.7,1.274,11143.200195,19891.6,11277.25,1.2748,11347.5,1834.4,8.44,40.13,1.2875
2006-05-31,58.63,21726.0,11340.488281,1323.0,11340.5,11168.31,379726.0,8628.0,6.817,3.3078,0.9754,11225.78,1.2905,11344.299805,0.4,11050.4,1.2804,11049.200195,19891.6,11091.15,1.2876,11072.400391,1834.4,8.44,40.13,1.2812
2006-06-01,58.63,21726.0,11346.388672,1323.0,11346.400391,11260.28,390270.0,8798.0,6.817,3.4005,0.9754,11290.86,1.2825,11375.799805,0.2,11115.4,1.2721,11244.799805,19891.6,11169.03,1.2813,11327.700195,1834.4,8.44,40.41,1.281
2006-06-02,58.63,21726.0,11360.688477,1323.0,11360.700195,11247.87,390270.0,8798.0,6.817,3.4005,0.9754,11329.28,1.2942,11470.599609,0.2,11158.06,1.2795,11317.099609,19891.6,11260.52,1.2813,11445.700195,1834.4,8.44,40.41,1.2918
2006-06-05,58.63,21726.0,11287.788086,1323.0,11287.799805,11048.72,390270.0,8798.0,6.588,3.4005,0.9754,11259.96,1.298,11380.0,0.2,11025.75,1.29,11262.5,19891.6,11247.55,1.2929,11380.0,1834.4,8.44,40.41,1.2906
2006-06-06,58.63,21726.0,11111.988281,1323.0,11112.0,11002.14,390270.0,8798.0,6.588,3.4005,0.9754,11140.45,1.2938,11223.799805,0.2,10890.24,1.2807,11090.099609,19891.6,11048.24,1.2908,11134.099609,1834.4,8.44,40.41,1.282
2006-06-07,58.63,21726.0,11224.688477,1323.0,11224.700195,10930.9,390270.0,8798.0,6.588,3.4005,0.9754,11107.48,1.2838,11267.099609,0.2,10897.76,1.2758,11105.799805,19891.6,11002.06,1.2819,11181.0,1834.4,8.44,40.41,1.279
2006-06-08,58.63,21726.0,10952.588867,1323.0,10952.599609,10938.82,390270.0,8798.0,6.588,3.4005,0.9754,11032.15,1.2809,11097.799805,0.2,10726.15,1.2625,10952.599609,19891.6,10929.7,1.2794,11027.400391,1834.4,8.44,40.41,1.2651
2006-06-09,58.63,21726.0,11098.188477,1323.0,11098.200195,10891.92,390270.0,8798.0,6.588,3.4005,0.9754,11015.67,1.2686,11121.700195,0.2,10842.89,1.2596,11037.599609,19891.6,10939.14,1.2653,11086.400391,1834.4,8.44,40.41,1.2644
2006-06-12,58.63,21726.0,11031.389648,1323.0,11031.400391,10792.58,390270.0,8798.0,6.629,3.4005,0.9754,10969.32,1.2653,11109.400391,0.2,10767.61,1.2567,11018.5,19891.6,10892.0,1.2618,11060.799805,1834.4,8.44,40.41,1.2585
2006-06-13,58.63,21726.0,10797.489258,1323.0,10797.5,10706.14,390270.0,8798.0,6.629,3.4005,0.9754,10893.04,1.262,10909.0,0.2,10653.23,1.2529,10772.400391,19891.6,10783.14,1.2582,10867.799805,1834.4,8.44,40.41,1.2544
2006-06-14,58.63,21726.0,10851.989258,1323.0,10852.0,10816.92,390270.0,8798.0,6.629,3.4005,0.9754,10859.18,1.265,10873.400391,0.2,10664.91,1.2534,10744.200195,19891.6,10706.78,1.2548,10833.400391,1834.4,8.44,40.41,1.2605
2006-06-15,58.63,21726.0,11036.289063,1323.0,11036.299805,11015.19,390270.0,8798.0,6.629,3.4005,0.9754,11049.85,1.2658,11045.900391,0.2,10788.34,1.2578,10892.599609,19891.6,10817.48,1.2605,10906.099609,1834.4,8.44,40.41,1.2635
2006-06-16,58.63,21726.0,10962.789063,1323.0,10962.799805,11014.55,390270.0,8798.0,6.629,3.4005,0.9754,11095.39,1.2678,11176.5,0.2,10929.54,1.2619,10935.200195,19891.6,11014.38,1.2634,11143.799805,1834.4,8.44,40.41,1.2645
2006-06-19,58.63,21726.0,11056.789063,1323.0,11056.799805,10942.11,390270.0,8798.0,6.6,3.4005,0.9754,11098.99,1.2654,11101.400391,0.2,10886.63,1.255,11000.599609,19891.6,11014.87,1.2649,11032.599609,1834.4,8.44,40.41,1.2574
2006-06-20,58.63,21726.0,11103.488281,1323.0,11103.5,10974.84,390270.0,8798.0,6.6,3.4005,0.9754,11066.73,1.2618,11109.200195,0.2,10895.28,1.2538,10965.099609,19891.6,10942.03,1.2578,10987.400391,1834.4,8.44,40.41,1.2584
2006-06-21,58.63,21726.0,11155.388672,1323.0,11155.400391,11079.46,390270.0,8798.0,6.6,3.4005,0.9754,11165.91,1.2681,11155.400391,0.2,10952.43,1.258,11046.400391,19891.6,10975.24,1.2584,11134.099609,1834.4,8.44,40.41,1.266
2006-06-22,58.63,21726.0,11246.288086,1323.0,11246.299805,11019.11,390270.0,8798.0,6.6,3.4005,0.9754,11127.73,1.2681,11257.700195,0.2,10954.83,1.255,11197.599609,19891.6,11077.78,1.2664,11248.0,1834.4,8.44,40.41,1.2578
2006-06-23,58.63,21726.0,11274.188477,1323.0,11274.200195,10989.09,390270.0,8798.0,6.6,3.4005,0.9754,11098.67,1.2596,11302.900391,0.2,10932.82,1.2479,11212.099609,19891.6,11019.19,1.2572,11248.0,1834.4,8.44,40.41,1.2512
2006-06-26,58.63,21726.0,11276.587891,1323.0,11276.599609,11045.28,390270.0,8798.0,6.63,3.4005,0.9754,11089.07,1.2605,11315.200195,0.2,10937.06,1.25,11260.0,19891.6,10990.29,1.2504,11313.799805,1834.4,8.44,40.41,1.2588
2006-06-27,58.63,21726.0,11214.488281,1323.0,11214.5,10924.74,390270.0,8798.0,6.63,3.4005,0.9754,11096.83,1.262,11313.099609,0.2,10895.84,1.2559,11205.099609,19891.6,11048.24,1.2588,11313.099609,1834.4,8.44,40.41,1.2584
2006-06-28,58.63,21726.0,11188.788086,1323.0,11188.799805,10973.56,390270.0,8798.0,6.63,3.4005,0.9754,11026.07,1.2586,11237.200195,0.2,10869.02,1.2516,11158.5,19891.6,10925.3,1.2581,11180.5,1834.4,8.44,40.41,1.2557
2006-06-29,58.63,21726.0,11386.587891,1323.0,11386.599609,11190.8,390270.0,8798.0,6.63,3.4005,0.9754,11225.06,1.2668,11386.599609,0.2,10975.16,1.2515,11239.099609,19891.6,10974.36,1.255,11271.400391,1834.4,8.44,40.41,1.2662
2006-06-30,58.63,21726.0,11548.087891,1323.0,11548.099609,11150.22,390270.0,8798.0,6.63,3.4005,0.9754,11288.86,1.2797,11585.299805,0.2,11100.11,1.2657,11448.200195,19891.6,11190.8,1.2668,11486.700195,1834.4,8.44,40.41,1.2789
2006-07-03,58.74,21857.8,11569.587891,1323.0,11569.599609,11228.02,383934.0,8655.0,7.154,3.5386,0.9299,11277.09,1.2825,11573.900391,-0.6,11146.06,1.2762,11500.0,20091.0,11149.34,1.279,11527.900391,1766.9,8.08,39.75,1.2798
2006-07-05,58.74,21857.8,11521.188477,1323.0,11521.200195,11151.82,383934.0,8655.0,7.154,3.5386,0.9299,11239.47,1.2841,11555.0,-0.6,11083.94,1.2704,11469.200195,20091.0,11225.06,1.2786,11552.099609,1766.9,8.08,39.75,1.2721
2006-07-06,58.74,21857.8,11636.788086,1323.0,11636.799805,11225.3,383934.0,8655.0,7.154,3.5386,0.9299,11301.58,1.2784,11650.5,-0.6,11117.16,1.2719,11505.799805,20091.0,11147.12,1.2723,11510.900391,1766.9,8.08,39.75,1.2778
2006-07-07,58.74,21857.8,11626.688477,1323.0,11626.700195,11090.67,383934.0,8655.0,7.154,3.5386,0.9299,11227.62,1.2864,11646.0,-0.6,11040.32,1.2765,11541.400391,20091.0,11224.18,1.278,11619.700195,1766.9,8.08,39.75,1.281
2006-07-10,58.74,21857.8,11649.488281,1323.0,11649.5,11103.55,383934.0,8655.0,7.433,3.5386,0.9299,11210.73,1.2818,11650.5,-0.6,11048.8,1.2718,11549.299805,20091.0,11091.71,1.2812,11581.799805,1766.9,8.08,39.75,1.2737
2006-07-11,58.74,21857.8,11535.188477,1323.0,11535.200195,11134.77,383934.0,8655.0,7.433,3.5386,0.9299,11186.32,1.2779,11616.200195,-0.6,10987.33,1.2704,11520.099609,20091.0,11102.59,1.2736,11590.700195,1766.9,8.08,39.75,1.2772
2006-07-12,58.74,21857.8,11537.288086,1323.0,11537.299805,11013.18,383934.0,8655.0,7.433,3.5386,0.9299,11181.12,1.2782,11630.900391,-0.6,10973.37,1.2675,11525.799805,20091.0,11133.97,1.2763,11569.5,1766.9,8.08,39.75,1.2702
2006-07-13,58.74,21857.8,11374.988281,1323.0,11375.0,10846.29,383934.0,8655.0,7.433,3.5386,0.9299,11015.19,1.2734,11479.099609,-0.6,10790.82,1.2664,11352.0,20091.0,11012.62,1.2701,11470.299805,1766.9,8.08,39.75,1.2692
2006-07-14,58.74,21857.8,11240.188477,1323.0,11240.200195,10739.35,383934.0,8655.0,7.433,3.5386,0.9299,10892.64,1.2698,11330.099609,-0.6,10664.43,1.2625,11240.200195,20091.0,10846.53,1.2692,11270.200195,1766.9,8.08,39.75,1.2651
2006-07-17,58.74,21857.8,11179.388672,1323.0,11179.400391,10747.36,383934.0,8655.0,7.349,3.5386,0.9299,10858.22,1.2647,11264.400391,-0.6,10668.35,1.251,11120.900391,20091.0,10739.35,1.2632,11243.099609,1766.9,8.08,39.75,1.2519
2006-07-18,58.74,21857.8,11160.988281,1323.0,11161.0,10799.23,383934.0,8655.0,7.349,3.5386,0.9299,10867.02,1.2561,11198.599609,-0.6,10658.35,1.2473,11116.0,20091.0,10745.84,1.2521,11172.200195,1766.9,8.08,39.75,1.2506
2006-07-19,58.74,21857.8,11425.688477,1323.0,11425.700195,11011.42,383934.0,8655.0,7.349,3.5386,0.9299,11069.86,1.261,11425.700195,-0.6,10791.14,1.2457,11190.599609,20091.0,10797.39,1.2503,11211.900391,1766.9,8.08,39.75,1.2593
2006-07-20,58.74,21857.8,11446.388672,1323.0,11446.400391,10928.1,383934.0,8655.0,7.349,3.5386,0.9299,11098.75,1.2656,11523.799805,-0.6,10884.47,1.2588,11422.700195,20091.0,11007.26,1.2591,11468.099609,1766.9,8.08,39.75,1.2628
2006-07-21,58.74,21857.8,11333.888672,1323.0,11333.900391,10868.38,383934.0,8655.0,7.349,3.5386,0.9299,10995.73,1.2699,11434.099609,-0.6,10778.58,1.2624,11321.599609,20091.0,10937.94,1.263,11384.200195,1766.9,8.08,39.75,1.2697
2006-07-24,58.74,21857.8,11561.587891,1323.0,11561.599609,11051.05,383934.0,8655.0,6.883,3.5386,0.9299,11096.35,1.2708,11561.599609,-0.6,10869.75,1.2609,11337.5,20091.0,10868.7,1.2702,11343.900391,1766.9,8.08,39.75,1.2635
2006-07-25,58.74,21857.8,11611.888672,1323.0,11611.900391,11103.71,383934.0,8655.0,6.883,3.5386,0.9299,11186.16,1.2675,11644.299805,-0.6,10937.38,1.2561,11539.900391,20091.0,11051.05,1.263,11586.799805,1766.9,8.08,39.75,1.2578
2006-07-26,58.74,21857.8,11635.188477,1323.0,11635.200195,11102.51,383934.0,8655.0,6.883,3.5386,0.9299,11208.09,1.2725,11635.200195,-0.6,10987.41,1.2559,11572.700195,20091.0,11102.91,1.2579,11632.5,1766.9,8.08,39.75,1.2717
2006-07-27,58.74,21857.8,11768.388672,1323.0,11768.400391,11100.43,383934.0,8655.0,6.883,3.5386,0.9299,11245.47,1.2774,11777.200195,-0.6,11040.8,1.2681,11676.099609,20091.0,11104.19,1.2716,11683.400391,1766.9,8.08,39.75,1.2698
2006-07-28,58.74,21857.8,11887.388672,1323.0,11887.400391,11219.7,383934.0,8655.0,6.883,3.5386,0.9299,11282.05,1.2772,11892.299805,-0.6,11112.84,1.2658,11717.5,20091.0,11102.11,1.2697,11728.799805,1766.9,8.08,39.75,1.2764
2006-07-31,58.74,21857.8,11817.988281,1323.0,11818.0,11185.68,383934.0,8655.0,6.554,3.5386,0.9299,11265.8,1.2784,11886.700195,-0.6,11115.24,1.2738,11789.299805,20091.0,11218.9,1.2767,11871.799805,1766.9,8.08,39.75,1.2763
2006-08-01,58.74,21857.8,11706.587891,1323.0,11706.599609,11125.73,379766.0,8561.0,6.554,3.6151,0.9299,11210.65,1.283,11830.200195,0.2,11035.92,1.2719,11698.5,20091.0,11184.8,1.2763,11806.900391,1766.9,8.08,39.32,1.2828
2006-08-02,58.74,21857.8,11862.988281,1323.0,11863.0,11199.93,379766.0,8561.0,6.554,3.6151,0.9299,11267.24,1.2837,11877.799805,0.2,11106.04,1.2774,11752.200195,20091.0,11125.57,1.2824,11767.099609,1766.9,8.08,39.32,1.2788
2006-08-03,58.74,21857.8,11800.688477,1323.0,11800.700195,11242.59,379766.0,8561.0,6.554,3.6151,0.9299,11304.78,1.2837,11873.700195,0.2,11101.55,1.2742,11756.5,20091.0,11195.28,1.279,11873.700195,1766.9,8.08,39.32,1.2805
2006-08-04,58.74,21857.8,11934.087891,1323.0,11934.099609,11240.35,379766.0,8561.0,6.554,3.6151,0.9299,11367.94,1.2912,11934.099609,0.2,11165.11,1.276,11830.099609,20091.0,11244.59,1.2803,11848.5,1766.9,8.08,39.32,1.2874
2006-08-07,58.74,21857.8,11790.488281,1323.0,11790.5,11219.38,379766.0,8561.0,6.142,3.6151,0.9299,11294.14,1.2893,11845.099609,0.2,11143.02,1.283,11771.599609,20091.0,11239.47,1.2883,11836.200195,1766.9,8.08,39.32,1.2833
2006-08-08,58.74,21857.8,11833.988281,1323.0,11834.0,11173.59,379766.0,8561.0,6.142,3.6151,0.9299,11319.51,1.2896,11878.799805,0.2,11117.8,1.2806,11801.400391,20091.0,11218.18,1.2831,11847.099609,1766.9,8.08,39.32,1.2834
2006-08-09,58.74,21857.8,11911.587891,1323.0,11911.599609,11076.18,379766.0,8561.0,6.142,3.6151,0.9299,11296.22,1.2904,11922.200195,0.2,11044.64,1.2765,11785.0,20091.0,11168.47,1.2822,11855.0,1766.9,8.08,39.32,1.2862
2006-08-10,58.74,21857.8,11810.388672,1323.0,11810.400391,11124.37,379766.0,8561.0,6.142,3.6151,0.9299,11176.47,1.2914,11834.700195,0.2,10998.06,1.2748,11723.400391,20091.0,11073.14,1.2865,11807.200195,1766.9,8.08,39.32,1.2794
2006-08-11,58.74,21857.8,11777.288086,1323.0,11777.299805,11088.03,379766.0,8561.0,6.142,3.6151,0.9299,11157.42,1.2801,11863.200195,0.2,11005.18,1.2716,11707.599609,20091.0,11121.16,1.2793,11836.099609,1766.9,8.08,39.32,1.2722
2006-08-14,58.74,21857.8,11903.288086,1323.0,11903.299805,11097.87,379766.0,8561.0,6.449,3.6151,0.9299,11242.83,1.2767,11913.099609,0.2,11049.68,1.2706,11829.799805,20091.0,11089.07,1.2713,11849.299805,1766.9,8.08,39.32,1.2719
2006-08-15,58.74,21857.8,11991.288086,1323.0,11991.299805,11230.26,379766.0,8561.0,6.449,3.6151,0.9299,11271.25,1.2806,12008.299805,0.2,11117.8,1.2695,11853.200195,20091.0,11098.03,1.2723,11853.700195,1766.9,8.08,39.32,1.2787
2006-08-16,58.74,21857.8,12045.888672,1323.0,12045.900391,11327.12,379766.0,8561.0,6.449,3.6151,0.9299,11373.78,1.2868,12071.700195,0.2,11207.85,1.2767,11986.200195,20091.0,11224.91,1.2784,12001.0,1766.9,8.08,39.32,1.2845
2006-08-17,58.74,21857.8,12087.787109,1323.0,12087.799805,11334.96,379766.0,8561.0,6.449,3.6151,0.9299,11429.65,1.2893,12098.400391,0.2,11237.79,1.2813,12026.0,20091.0,11327.36,1.2843,12050.400391,1766.9,8.08,39.32,1.2832
2006-08-18,58.74,21857.8,12067.787109,1323.0,12067.799805,11381.47,379766.0,8561.0,6.449,3.6151,0.9299,11437.66,1.2848,12092.700195,0.2,11273.49,1.2781,12014.299805,20091.0,11333.76,1.2831,12092.700195,1766.9,8.08,39.32,1.2826
2006-08-21,58.74,21857.8,12054.887695,1323.0,12054.900391,11345.05,379766.0,8561.0,6.586,3.6151,0.9299,11406.6,1.294,12077.599609,0.2,11284.05,1.2826,12003.400391,20091.0,11380.67,1.2828,12029.099609,1766.9,8.08,39.32,1.2891
2006-08-22,58.74,21857.8,12080.787109,1323.0,12080.799805,11339.84,379766.0,8561.0,6.586,3.6151,0.9299,11426.13,1.2892,12121.5,0.2,11279.25,1.2783,12003.400391,20091.0,11344.41,1.2887,12094.799805,1766.9,8.08,39.32,1.2805
2006-08-23,58.74,21857.8,12012.688477,1323.0,12012.700195,11297.9,379766.0,8561.0,6.586,3.6151,0.9299,11394.75,1.2853,12098.900391,0.2,11238.67,1.2776,12008.200195,20091.0,11337.12,1.2805,12098.900391,1766.9,8.08,39.32,1.2788
2006-08-24,58.74,21857.8,12055.987305,1323.0,12056.0,11304.46,379766.0,8561.0,6.586,3.6151,0.9299,11386.59,1.2845,12085.799805,0.2,11232.83,1.275,11970.200195,20091.0,11297.82,1.2784,12018.5,1766.9,8.08,39.32,1.2767
2006-08-25,58.74,21857.8,12042.888672,1323.0,12042.900391,11284.05,379766.0,8561.0,6.586,3.6151,0.9299,11350.09,1.2784,12099.0,0.2,11218.66,1.2725,12011.5,20091.0,11301.22,1.2767,12068.0,1766.9,8.08,39.32,1.275
2006-08-28,58.74,21857.8,12116.586914,1323.0,12116.599609,11352.01,379766.0,8561.0,6.755,3.6151,0.9299,11411.24,1.2822,12120.0,0.2,11240.91,1.2753,11981.0,20091.0,11285.33,1.2761,12044.799805,1766.9,8.08,39.32,1.2778
2006-08-29,58.74,21857.8,12146.586914,1323.0,12146.599609,11369.94,379766.0,8561.0,6.755,3.6151,0.9299,11432.38,1.2845,12190.099609,0.2,11255.88,1.275,12103.099609,20091.0,11352.65,1.2786,12103.099609,1766.9,8.08,39.32,1.2829
2006-08-30,58.74,21857.8,12171.887695,1323.0,12171.900391,11382.91,379766.0,8561.0,6.755,3.6151,0.9299,11452.95,1.2855,12200.0,0.2,11309.99,1.2811,12160.599609,20091.0,11365.98,1.2824,12172.0,1766.9,8.08,39.32,1.2839
2006-08-31,58.74,21857.8,12144.6875,1323.0,12144.700195,11381.15,379766.0,8561.0,6.755,3.6151,0.9299,11451.03,1.2881,12195.5,0.2,11326.8,1.2784,12104.299805,20091.0,11383.47,1.2835,12191.599609,1766.9,8.08,39.32,1.2807
2006-09-01,58.74,21857.8,12192.987305,1323.0,12193.0,11464.15,394583.0,8895.0,6.755,3.7153,0.9299,11516.9,1.2848,12231.900391,-0.2,11363.78,1.2754,12150.200195,20091.0,11382.75,1.2804,12152.200195,1766.9,8.08,40.05,1.2836
2006-09-05,58.74,21857.8,12212.387695,1323.0,12212.400391,11469.28,394583.0,8895.0,6.275,3.7153,0.9299,11533.87,1.2866,12272.700195,-0.2,11385.95,1.2793,12181.400391,20091.0,11461.83,1.2862,12272.700195,1766.9,8.08,40.05,1.2818
2006-09-06,58.74,21857.8,12102.887695,1323.0,12102.900391,11406.2,394583.0,8895.0,6.275,3.7153,0.9299,11492.41,1.2837,12215.900391,-0.2,11357.69,1.2767,12092.599609,20091.0,11466.23,1.2818,12214.099609,1766.9,8.08,40.05,1.2805
2006-09-07,58.74,21857.8,12014.488281,1323.0,12014.5,11331.44,394583.0,8895.0,6.275,3.7153,0.9299,11443.66,1.2832,12065.799805,-0.2,11273.89,1.2704,11991.900391,20091.0,11405.16,1.2801,12059.700195,1766.9,8.08,40.05,1.2732
2006-09-08,58.74,21857.8,12081.6875,1323.0,12081.700195,11392.11,394583.0,8895.0,6.275,3.7153,0.9299,11448.3,1.2742,12094.400391,-0.2,11295.18,1.2649,12027.900391,20091.0,11332.24,1.2732,12032.599609,1766.9,8.08,40.05,1.2673
2006-09-11,58.74,21857.8,12055.1875,1323.0,12055.200195,11396.84,394583.0,8895.0,6.389,3.7153,0.9299,11468.88,1.2744,12068.900391,-0.2,11295.9,1.2647,11969.200195,20091.0,11389.87,1.2668,12047.700195,1766.9,8.08,40.05,1.2704
2006-09-12,58.74,21857.8,12164.887695,1323.0,12164.900391,11498.09,394583.0,8895.0,6.389,3.7153,0.9299,11551.72,1.2734,12177.200195,-0.2,11357.37,1.267,12029.400391,20091.0,11396.12,1.27,12059.900391,1766.9,8.08,40.05,1.2685
2006-09-13,58.74,21857.8,12206.887695,1323.0,12206.900391,11543.32,394583.0,8895.0,6.389,3.7153,0.9299,11605.59,1.2717,12225.299805,-0.2,11423.73,1.2664,12152.799805,20091.0,11487.69,1.2683,12225.299805,1766.9,8.08,40.05,1.2694
2006-09-14,58.74,21857.8,12214.487305,1323.0,12214.5,11527.39,394583.0,8895.0,6.389,3.7153,0.9299,11595.75,1.2755,12282.900391,-0.2,11445.1,1.2674,12205.200195,20091.0,11543.4,1.2698,12230.599609,1766.9,8.08,40.05,1.2721
2006-09-15,58.74,21857.8,12278.387695,1323.0,12278.400391,11560.77,394583.0,8895.0,6.389,3.7153,0.9299,11661.38,1.2736,12337.5,-0.2,11504.57,1.263,12196.0,20091.0,11528.75,1.2721,12222.099609,1766.9,8.08,40.05,1.2647
2006-09-18,58.74,21857.8,12287.787109,1323.0,12287.799805,11555.0,394583.0,8895.0,6.475,3.7153,0.9299,11636.33,1.2712,12329.900391,-0.2,11477.2,1.263,12252.400391,20091.0,11559.97,1.2636,12294.599609,1766.9,8.08,40.05,1.2703
2006-09-19,58.74,21857.8,12240.887695,1323.0,12240.900391,11540.91,394583.0,8895.0,6.475,3.7153,0.9299,11605.67,1.2729,12291.599609,-0.2,11450.3,1.2651,12207.700195,20091.0,11554.6,1.2698,12279.700195,1766.9,8.08,40.05,1.2679
2006-09-20,58.74,21857.8,12426.086914,1323.0,12426.099609,11613.19,394583.0,8895.0,6.475,3.7153,0.9299,11680.19,1.2729,12426.099609,-0.2,11514.5,1.2662,12216.099609,20091.0,11542.28,1.2673,12225.200195,1766.9,8.08,40.05,1.2687
2006-09-21,58.74,21857.8,12476.887695,1323.0,12476.900391,11533.23,394583.0,8895.0,6.475,3.7153,0.9299,11677.39,1.2799,12502.799805,-0.2,11471.76,1.2681,12394.400391,20091.0,11611.67,1.2688,12411.599609,1766.9,8.08,40.05,1.278
2006-09-22,58.74,21857.8,12389.487305,1323.0,12389.5,11508.1,394583.0,8895.0,6.475,3.7153,0.9299,11588.62,1.2835,12444.0,-0.2,11423.57,1.2774,12368.900391,20091.0,11532.91,1.2783,12401.299805,1766.9,8.08,40.05,1.278
2006-09-25,58.74,21857.8,12393.287109,1323.0,12393.299805,11575.81,394583.0,8895.0,6.342,3.7153,0.9299,11655.62,1.2827,12485.400391,-0.2,11436.22,1.2732,12333.299805,20091.0,11509.3,1.2792,12427.0,1766.9,8.08,40.05,1.2752
2006-09-26,58.74,21857.8,12617.387695,1323.0,12617.400391,11669.39,394583.0,8895.0,6.342,3.7153,0.9299,11723.74,1.2765,12628.200195,-0.2,11517.54,1.2662,12431.400391,20091.0,11575.73,1.2748,12473.0,1766.9,8.08,40.05,1.2685
2006-09-27,58.74,21857.8,12949.987305,1323.0,12950.0,11689.24,394583.0,8895.0,6.342,3.7153,0.9299,11775.6,1.2721,12953.299805,-0.2,11595.75,1.267,12616.700195,20091.0,11670.19,1.2685,12634.299805,1766.9,8.08,40.05,1.27
2006-09-28,58.74,21857.8,12930.1875,1323.0,12930.200195,11718.45,394583.0,8895.0,6.342,3.7153,0.9299,11775.36,1.2736,12991.599609,-0.2,11625.92,1.2677,12838.700195,20091.0,11689.4,1.2698,12945.700195,1766.9,8.08,40.05,1.2706
2006-09-29,58.74,21857.8,12934.6875,1323.0,12934.700195,11679.07,394583.0,8895.0,6.342,3.7153,0.9299,11782.49,1.2714,13001.599609,-0.2,11642.17,1.2638,12900.400391,20091.0,11718.05,1.2698,12929.700195,1766.9,8.08,40.05,1.2672
2006-10-02,58.88,22014.8,12915.887695,1323.0,12915.900391,11670.35,377463.0,8509.0,6.572,3.7992,0.9489,11773.6,1.2759,12981.099609,0.4,11608.79,1.266,12874.799805,20195.4,11678.99,1.2683,12937.200195,1819.4,8.26,38.31,1.2738
2006-10-03,58.88,22014.8,12860.487305,1323.0,12860.5,11727.34,377463.0,8509.0,6.572,3.7992,0.9489,11794.41,1.2769,12901.099609,0.4,11608.23,1.2719,12819.599609,20195.4,11670.11,1.2738,12893.900391,1819.4,8.26,38.31,1.2736
2006-10-04,58.88,22014.8,12982.586914,1323.0,12982.599609,11850.61,377463.0,8509.0,6.572,3.7992,0.9489,11879.18,1.2744,12999.799805,0.4,11654.02,1.2666,12866.5,20195.4,11722.94,1.2729,12912.5,1819.4,8.26,38.31,1.2717
2006-10-05,58.88,22014.8,13116.386719,1323.0,13116.400391,11866.69,377463.0,8509.0,6.572,3.7992,0.9489,11927.77,1.2732,13122.900391,0.4,11762.8,1.2674,13044.400391,20195.4,11844.38,1.2717,13064.5,1819.4,8.26,38.31,1.2695
2006-10-06,58.88,22014.8,13152.085938,1323.0,13152.099609,11850.21,377463.0,8509.0,6.572,3.7992,0.9489,11921.04,1.2717,13286.299805,0.4,11743.35,1.2574,13075.0,20195.4,11865.49,1.269,13123.200195,1819.4,8.26,38.31,1.26
2006-10-09,58.88,22014.8,13143.486328,1323.0,13143.5,11857.81,377463.0,8509.0,6.686,3.7992,0.9489,11923.53,1.2618,13180.599609,0.4,11759.36,1.2584,13097.299805,20195.4,11849.56,1.2593,13114.400391,1819.4,8.26,38.31,1.2595
2006-10-10,58.88,22014.8,13234.486328,1323.0,13234.5,11867.17,377463.0,8509.0,6.686,3.7992,0.9489,11930.33,1.2618,13234.5,0.4,11778.09,1.2517,13154.900391,20195.4,11857.73,1.2593,13175.799805,1819.4,8.26,38.31,1.2538
2006-10-11,58.88,22014.8,13260.886719,1323.0,13260.900391,11852.13,377463.0,8509.0,6.686,3.7992,0.9489,11907.6,1.2559,13285.200195,0.4,11762.72,1.2502,13166.0,20195.4,11865.49,1.2534,13202.400391,1819.4,8.26,38.31,1.2517
2006-10-12,58.88,22014.8,13406.886719,1323.0,13406.900391,11947.7,377463.0,8509.0,6.686,3.7992,0.9489,11999.41,1.2567,13415.0,0.4,11845.08,1.2515,13245.099609,20195.4,11854.13,1.2517,13283.799805,1819.4,8.26,38.31,1.2559
2006-10-13,58.88,22014.8,13454.486328,1323.0,13454.5,11960.51,377463.0,8509.0,6.686,3.7992,0.9489,12009.97,1.258,13465.599609,0.4,11862.29,1.2484,13346.400391,20195.4,11947.22,1.2556,13414.400391,1819.4,8.26,38.31,1.2515
2006-10-16,58.88,22014.8,13476.585938,1323.0,13476.599609,11980.6,377463.0,8509.0,6.841,3.7992,0.9489,12044.47,1.2538,13476.599609,0.4,11892.31,1.2487,13402.900391,20195.4,11961.31,1.2499,13437.5,1819.4,8.26,38.31,1.253
2006-10-17,58.88,22014.8,13245.286133,1323.0,13245.299805,11950.02,377463.0,8509.0,6.841,3.7992,0.9489,12024.54,1.2567,13486.900391,0.4,11849.16,1.2508,13233.400391,20195.4,11977.4,1.2532,13456.299805,1819.4,8.26,38.31,1.2538
2006-10-18,58.88,22014.8,13398.186523,1323.0,13398.200195,11992.68,377463.0,8509.0,6.841,3.7992,0.9489,12108.91,1.2561,13425.200195,0.4,11900.79,1.25,13269.700195,20195.4,11947.62,1.2534,13279.599609,1819.4,8.26,38.31,1.2533
2006-10-19,58.88,22014.8,13463.686523,1323.0,13463.700195,12011.73,377463.0,8509.0,6.841,3.7992,0.9489,12082.33,1.2645,13502.700195,0.4,11911.44,1.253,13331.099609,20195.4,11988.92,1.2534,13363.400391,1819.4,8.26,38.31,1.2628
2006-10-20,58.88,22014.8,13557.986328,1323.0,13558.0,12002.37,377463.0,8509.0,6.841,3.7992,0.9489,12087.38,1.2641,13565.299805,0.4,11881.34,1.2597,13459.200195,20195.4,12013.01,1.2626,13504.799805,1819.4,8.26,38.31,1.2614
2006-10-23,58.88,22014.8,13620.686523,1323.0,13620.700195,12116.91,377463.0,8509.0,6.852,3.7992,0.9489,12177.35,1.2622,13620.700195,0.4,11940.41,1.2534,13506.5,20195.4,12001.33,1.2618,13576.900391,1819.4,8.26,38.31,1.2548
2006-10-24,58.88,22014.8,13579.786133,1323.0,13579.799805,12127.88,377463.0,8509.0,6.852,3.7992,0.9489,12204.8,1.2578,13635.900391,0.4,12028.14,1.2523,13547.700195,20195.4,12116.51,1.2548,13619.700195,1819.4,8.26,38.31,1.2557
2006-10-25,58.88,22014.8,13636.286133,1323.0,13636.299805,12134.68,377463.0,8509.0,6.852,3.7992,0.9489,12212.16,1.2625,13674.299805,0.4,12017.66,1.255,13558.700195,20195.4,12127.24,1.2553,13564.599609,1819.4,8.26,38.31,1.2602
2006-10-26,58.88,22014.8,13633.085938,1323.0,13633.099609,12163.66,377463.0,8509.0,6.852,3.7992,0.9489,12236.1,1.2704,13730.5,0.4,12037.99,1.26,13622.700195,20195.4,12134.84,1.2602,13684.099609,1819.4,8.26,38.31,1.2692
2006-10-27,58.88,22014.8,13725.786133,1323.0,13725.799805,12090.26,377463.0,8509.0,6.852,3.7992,0.9489,12202.72,1.2753,13744.299805,0.4,12024.78,1.2664,13650.200195,20195.4,12164.78,1.2688,13682.099609,1819.4,8.26,38.31,1.2741
2006-10-30,58.88,22014.8,13713.186523,1323.0,13713.200195,12086.5,377463.0,8509.0,6.726,3.7992,0.9489,12165.66,1.2739,13713.5,0.4,12000.69,1.2699,13600.5,20195.4,12089.14,1.2732,13639.5,1819.4,8.26,38.31,1.2732
2006-10-31,58.88,22014.8,13752.986328,1323.0,13753.0,12080.73,377463.0,8509.0,6.726,3.7992,0.9489,12160.46,1.2785,13773.5,0.4,11986.84,1.2679,13669.799805,20195.4,12086.18,1.2726,13692.5,1819.4,8.26,38.31,1.2763
2006-11-01,58.88,22014.8,13772.585938,1323.0,13772.599609,12031.02,381052.0,8590.0,6.726,3.8637,0.9489,12160.7,1.2799,13842.400391,0.2,11972.99,1.2742,13765.700195,20195.4,12080.25,1.2763,13769.200195,1819.4,8.26,38.68,1.2755
2006-11-02,58.88,22014.8,13719.286133,1323.0,13719.299805,12018.54,381052.0,8590.0,6.726,3.8637,0.9489,12070.25,1.2786,13788.5,0.2,11938.89,1.2736,13652.0,20195.4,12023.98,1.2757,13750.900391,1819.4,8.26,38.68,1.2776
2006-11-03,58.88,22014.8,13794.686523,1323.0,13794.700195,11986.04,381052.0,8590.0,6.726,3.8637,0.9489,12095.3,1.2793,13872.200195,0.2,11928.97,1.2682,13739.099609,20195.4,12018.3,1.2779,13787.099609,1819.4,8.26,38.68,1.2718
2006-11-06,58.88,22014.8,13968.486328,1323.0,13968.5,12105.55,381052.0,8590.0,6.935,3.8637,0.9489,12146.45,1.2727,13968.5,0.2,11973.23,1.2689,13847.5,20195.4,11985.16,1.2719,13861.400391,1819.4,8.26,38.68,1.2721
2006-11-07,58.88,22014.8,14058.285156,1323.0,14058.299805,12156.77,381052.0,8590.0,6.935,3.8637,0.9489,12239.94,1.2821,14069.299805,0.2,12065.2,1.2721,13977.599609,20195.4,12104.75,1.2724,14006.0,1819.4,8.26,38.68,1.2772
2006-11-08,58.88,22014.8,14090.385742,1323.0,14090.400391,12176.54,381052.0,8590.0,6.935,3.8637,0.9489,12233.54,1.2811,14099.099609,0.2,12051.6,1.2744,13985.299805,20195.4,12147.38,1.2773,14015.400391,1819.4,8.26,38.68,1.2757
2006-11-09,58.88,22014.8,14111.385742,1323.0,14111.400391,12103.3,381052.0,8590.0,6.935,3.8637,0.9489,12236.1,1.2849,14125.0,0.2,12039.59,1.275,14055.099609,20195.4,12174.7,1.2757,14106.599609,1819.4,8.26,38.68,1.2826
2006-11-10,58.88,22014.8,14002.385742,1323.0,14002.400391,12108.43,381052.0,8590.0,6.935,3.8637,0.9489,12173.1,1.2901,14069.700195,0.2,12025.74,1.2826,13987.400391,20195.4,12102.74,1.2828,14050.299805,1819.4,8.26,38.68,1.2844
2006-11-13,58.88,22014.8,14091.885742,1323.0,14091.900391,12131.88,381052.0,8590.0,7.254,3.8637,0.9489,12204.16,1.2879,14122.599609,0.2,12045.91,1.2795,13987.400391,20195.4,12097.7,1.2843,14012.599609,1819.4,8.26,38.68,1.2803
2006-11-14,58.88,22014.8,14113.185547,1323.0,14113.200195,12218.01,381052.0,8590.0,7.254,3.8637,0.9489,12261.15,1.2873,14145.900391,0.2,12051.68,1.279,14061.200195,20195.4,12132.44,1.2807,14094.5,1819.4,8.26,38.68,1.2812
2006-11-15,58.88,22014.8,14174.285156,1323.0,14174.299805,12251.71,381052.0,8590.0,7.254,3.8637,0.9489,12326.07,1.2837,14184.5,0.2,12156.37,1.2772,14106.700195,20195.4,12214.37,1.2813,14166.400391,1819.4,8.26,38.68,1.2826
2006-11-16,58.88,22014.8,14241.285156,1323.0,14241.299805,12305.82,381052.0,8590.0,7.254,3.8637,0.9489,12375.37,1.2842,14241.299805,0.2,12204.0,1.2784,14153.700195,20195.4,12250.05,1.2826,14171.799805,1819.4,8.26,38.68,1.2798
2006-11-17,58.88,22014.8,14169.985352,1323.0,14170.0,12342.56,381052.0,8590.0,7.254,3.8637,0.9489,12390.74,1.2847,14245.799805,0.2,12219.13,1.2761,14120.900391,20195.4,12304.62,1.2793,14219.099609,1819.4,8.26,38.68,1.2828
2006-11-20,58.88,22014.8,14255.985352,1323.0,14256.0,12316.54,381052.0,8590.0,7.044,3.8637,0.9489,12400.1,1.2856,14256.700195,0.2,12257.34,1.2805,14074.400391,20195.4,12340.71,1.283,14101.900391,1819.4,8.26,38.68,1.2812
2006-11-21,58.88,22014.8,14228.084961,1323.0,14228.099609,12321.59,381052.0,8590.0,7.044,3.8637,0.9489,12409.31,1.2856,14285.799805,0.2,12233.94,1.2797,14214.099609,20195.4,12312.13,1.2818,14218.700195,1819.4,8.26,38.68,1.2845
2006-11-22,58.88,22014.8,14294.584961,1323.0,14294.599609,12326.95,381052.0,8590.0,7.044,3.8637,0.9489,12403.54,1.2959,14338.0,0.2,12238.43,1.2837,14258.700195,20195.4,12321.91,1.2843,14272.200195,1819.4,8.26,38.68,1.2944
2006-11-24,58.88,22014.8,14088.084961,1323.0,14088.099609,12280.17,381052.0,8590.0,7.044,3.8637,0.9489,12340.89,1.3112,14258.599609,0.2,12219.28,1.2944,14047.0,20195.4,12321.71,1.2946,14243.599609,1819.4,8.26,38.68,1.3093
2006-11-27,58.88,22014.8,13786.786133,1323.0,13786.799805,12121.71,381052.0,8590.0,7.248,3.8637,0.9489,12303.32,1.3173,14100.400391,0.2,12079.01,1.3087,13786.799805,20195.4,12279.13,1.3171,14051.900391,1819.4,8.26,38.68,1.3133
2006-11-28,58.88,22014.8,13732.085938,1323.0,13732.099609,12136.45,381052.0,8590.0,7.248,3.8637,0.9489,12191.72,1.3209,13802.599609,0.2,12030.62,1.3114,13660.299805,20195.4,12118.94,1.3133,13745.5,1819.4,8.26,38.68,1.3201
2006-11-29,58.88,22014.8,13977.985352,1323.0,13978.0,12226.73,381052.0,8590.0,7.248,3.8637,0.9489,12283.05,1.322,13978.0,0.2,12119.7,1.3131,13798.599609,20195.4,12134.4,1.3199,13840.900391,1819.4,8.26,38.68,1.3148
2006-11-30,58.88,22014.8,13849.286133,1323.0,13849.299805,12221.93,381052.0,8590.0,7.248,3.8637,0.9489,12317.1,1.3275,14031.900391,0.2,12118.42,1.3141,13849.299805,20195.4,12226.73,1.3154,14014.400391,1819.4,8.26,38.68,1.3241
2006-12-01,58.88,22014.8,13660.585938,1323.0,13660.599609,12194.13,392132.0,8756.0,7.248,3.9209,0.9489,12289.3,1.335,13965.200195,0.3,12070.52,1.3217,13551.099609,20195.4,12220.97,1.3243,13910.5,1819.4,8.26,39.06,1.3336
2006-12-04,58.88,22014.8,13846.386719,1323.0,13846.400391,12283.85,392132.0,8756.0,7.593,3.9209,0.9489,12349.87,1.3369,13846.400391,0.3,12149.27,1.3282,13655.400391,20195.4,12195.57,1.3334,13694.599609,1819.4,8.26,39.06,1.3321
2006-12-05,58.88,22014.8,14032.485352,1323.0,14032.5,12331.6,392132.0,8756.0,7.593,3.9209,0.9489,12398.57,1.3365,14040.200195,0.3,12218.24,1.3285,13887.700195,20195.4,12283.69,1.3338,13898.700195,1819.4,8.26,39.06,1.3323
2006-12-06,58.88,22014.8,14007.084961,1323.0,14007.099609,12309.25,392132.0,8756.0,7.593,3.9209,0.9489,12390.88,1.3342,14081.0,0.3,12239.95,1.3255,13989.400391,20195.4,12328.72,1.3317,14063.799805,1819.4,8.26,39.06,1.3293
2006-12-07,58.88,22014.8,14062.785156,1323.0,14062.799805,12278.41,392132.0,8756.0,7.593,3.9209,0.9489,12396.33,1.3327,14117.900391,0.3,12233.06,1.3274,13956.799805,20195.4,12310.13,1.3283,13965.400391,1819.4,8.26,39.06,1.3291
2006-12-08,58.88,22014.8,14076.584961,1323.0,14076.599609,12307.49,392132.0,8756.0,7.593,3.9209,0.9489,12376.46,1.3365,14106.099609,0.3,12197.97,1.3192,13957.599609,20195.4,12278.41,1.3287,14027.700195,1819.4,8.26,39.06,1.3201
2006-12-11,58.88,22014.8,14209.584961,1323.0,14209.599609,12328.48,392132.0,8756.0,7.909,3.9209,0.9489,12399.54,1.3265,14209.599609,0.3,12245.32,1.3131,14116.0,20195.4,12306.21,1.3178,14119.400391,1819.4,8.26,39.06,1.3237
2006-12-12,58.88,22014.8,14200.185547,1323.0,14200.200195,12315.58,392132.0,8756.0,7.909,3.9209,0.9489,12396.01,1.3292,14209.700195,0.3,12222.65,1.3211,14165.299805,20195.4,12328.24,1.3238,14192.400391,1819.4,8.26,39.06,1.328
2006-12-13,58.88,22014.8,14327.485352,1323.0,14327.5,12317.5,392132.0,8756.0,7.909,3.9209,0.9489,12411.55,1.329,14328.900391,0.3,12263.19,1.3191,14187.099609,20195.4,12312.71,1.3282,14205.0,1819.4,8.26,39.06,1.3218
2006-12-14,58.88,22014.8,14351.885742,1323.0,14351.900391,12416.76,392132.0,8756.0,7.909,3.9209,0.9489,12472.76,1.3255,14390.099609,0.3,12271.44,1.314,14287.700195,20195.4,12317.5,1.3215,14350.799805,1819.4,8.26,39.06,1.3146
2006-12-15,58.88,22014.8,14387.584961,1323.0,14387.599609,12445.52,392132.0,8756.0,7.909,3.9209,0.9489,12536.37,1.3188,14420.799805,0.3,12377.35,1.3059,14319.799805,20195.4,12417.96,1.3144,14388.700195,1819.4,8.26,39.06,1.3083
2006-12-18,58.88,22014.8,14317.485352,1323.0,14317.5,12441.27,392132.0,8756.0,8.529,3.9209,0.9489,12545.74,1.3123,14376.599609,0.3,12372.3,1.3053,14303.799805,20195.4,12446.24,1.3083,14368.200195,1819.4,8.26,39.06,1.31
2006-12-19,58.88,22014.8,14176.785156,1323.0,14176.799805,12471.32,392132.0,8756.0,8.529,3.9209,0.9489,12517.78,1.3217,14259.700195,0.3,12348.5,1.3083,14123.0,20195.4,12439.51,1.3102,14238.5,1819.4,8.26,39.06,1.3192
2006-12-20,58.88,22014.8,14201.685547,1323.0,14201.700195,12463.87,392132.0,8756.0,8.529,3.9209,0.9489,12549.35,1.3246,14268.400391,0.3,12393.45,1.316,14162.700195,20195.4,12471.32,1.3188,14249.0,1819.4,8.26,39.06,1.3178
2006-12-21,58.88,22014.8,14150.385742,1323.0,14150.400391,12421.25,392132.0,8756.0,8.529,3.9209,0.9489,12526.59,1.3218,14199.599609,0.3,12369.97,1.314,14109.299805,20195.4,12461.62,1.3175,14164.200195,1819.4,8.26,39.06,1.3173
2006-12-22,58.88,22014.8,14066.084961,1323.0,14066.099609,12343.22,392132.0,8756.0,8.529,3.9209,0.9489,12445.12,1.3216,14122.0,0.3,12311.17,1.3109,14030.299805,20195.4,12413.08,1.3174,14116.099609,1819.4,8.26,39.06,1.3144
2007-01-03,58.9,22130.8,14375.084961,1349.0,14375.099609,12474.52,386616.0,8633.0,8.807,4.0644,0.9203,12630.34,1.3291,14396.599609,-0.7,12373.82,1.3146,14307.700195,20267.5,12459.54,1.3272,14383.200195,1863.2,8.42,38.51,1.3163
2007-01-04,58.9,22130.8,14382.385742,1349.0,14382.400391,12480.69,386616.0,8633.0,8.807,4.0644,0.9203,12560.96,1.3182,14382.400391,-0.7,12357.56,1.3074,14231.200195,20267.5,12473.16,1.3167,14299.0,1863.2,8.42,38.51,1.3085
2007-01-05,58.9,22130.8,14304.685547,1349.0,14304.700195,12398.01,386616.0,8633.0,8.807,4.0644,0.9203,12504.4,1.3106,14390.5,-0.7,12326.79,1.298,14286.099609,20267.5,12480.05,1.3085,14290.799805,1863.2,8.42,38.51,1.3003
2007-01-08,58.9,22130.8,14322.285156,1349.0,14322.299805,12423.49,386616.0,8633.0,8.477,4.0644,0.9203,12489.5,1.3037,14380.599609,-0.7,12298.59,1.2973,14290.299805,20267.5,12392.01,1.3013,14312.799805,1863.2,8.42,38.51,1.302
2007-01-09,58.9,22130.8,14311.485352,1349.0,14311.5,12416.6,386616.0,8633.0,8.477,4.0644,0.9203,12516.66,1.3054,14417.5,-0.7,12337.85,1.2985,14288.200195,20267.5,12424.77,1.3023,14376.5,1863.2,8.42,38.51,1.2997
2007-01-10,58.9,22130.8,14116.084961,1349.0,14116.099609,12442.16,386616.0,8633.0,8.477,4.0644,0.9203,12487.18,1.3008,14239.400391,-0.7,12313.01,1.2931,14065.700195,20267.5,12417.0,1.3002,14236.700195,1863.2,8.42,38.51,1.2934
2007-01-11,58.9,22130.8,14328.785156,1349.0,14328.799805,12514.98,386616.0,8633.0,8.477,4.0644,0.9203,12586.12,1.3016,14328.799805,-0.7,12413.72,1.2881,14105.200195,20267.5,12442.96,1.2937,14183.200195,1863.2,8.42,38.51,1.2893
2007-01-12,58.9,22130.8,14368.185547,1349.0,14368.200195,12556.08,386616.0,8633.0,8.477,4.0644,0.9203,12616.08,1.2946,14373.700195,-0.7,12432.3,1.2866,14292.799805,20267.5,12514.66,1.2891,14302.299805,1863.2,8.42,38.51,1.2917
2007-01-16,58.9,22130.8,14355.584961,1349.0,14355.599609,12582.59,386616.0,8633.0,8.505,4.0644,0.9203,12638.27,1.2992,14482.599609,-0.7,12489.9,1.2909,14314.599609,20267.5,12555.84,1.2941,14415.900391,1863.2,8.42,38.51,1.2919
2007-01-17,58.9,22130.8,14294.985352,1349.0,14295.0,12577.15,386616.0,8633.0,8.505,4.0644,0.9203,12666.71,1.2952,14408.200195,-0.7,12496.55,1.2896,14233.0,20267.5,12571.46,1.2919,14367.700195,1863.2,8.42,38.51,1.2938
2007-01-18,58.9,22130.8,14265.285156,1349.0,14265.299805,12567.93,386616.0,8633.0,8.505,4.0644,0.9203,12674.16,1.2978,14383.5,-0.7,12487.9,1.2896,14221.0,20267.5,12575.06,1.2944,14354.099609,1863.2,8.42,38.51,1.2954
2007-01-19,58.9,22130.8,14397.885742,1349.0,14397.900391,12565.53,386616.0,8633.0,8.505,4.0644,0.9203,12649.89,1.3002,14398.299805,-0.7,12462.5,1.2913,14182.0,20267.5,12567.93,1.2962,14239.400391,1863.2,8.42,38.51,1.2966
2007-01-22,58.9,22130.8,14359.685547,1349.0,14359.700195,12477.16,386616.0,8633.0,9.021,4.0644,0.9203,12619.04,1.2982,14500.400391,-0.7,12389.68,1.2921,14351.700195,20267.5,12566.33,1.2963,14416.200195,1863.2,8.42,38.51,1.2948
2007-01-23,58.9,22130.8,14368.584961,1349.0,14368.599609,12533.8,386616.0,8633.0,9.021,4.0644,0.9203,12610.71,1.3046,14394.200195,-0.7,12401.94,1.2928,14304.700195,20267.5,12477.81,1.2949,14354.599609,1863.2,8.42,38.51,1.3025
2007-01-24,58.9,22130.8,14540.685547,1349.0,14540.700195,12621.77,386616.0,8633.0,9.021,4.0644,0.9203,12659.42,1.3037,14560.200195,-0.7,12489.98,1.2946,14415.799805,20267.5,12534.37,1.3022,14419.299805,1863.2,8.42,38.51,1.2961
2007-01-25,58.9,22130.8,14537.285156,1349.0,14537.299805,12502.56,386616.0,8633.0,9.021,4.0644,0.9203,12670.48,1.3004,14605.599609,-0.7,12461.54,1.2914,14490.599609,20267.5,12621.77,1.2967,14567.700195,1863.2,8.42,38.51,1.2933
2007-01-26,58.9,22130.8,14415.385742,1349.0,14415.400391,12487.02,386616.0,8633.0,9.021,4.0644,0.9203,12582.67,1.2944,14486.900391,-0.7,12391.44,1.2875,14377.5,20267.5,12503.28,1.2936,14486.5,1863.2,8.42,38.51,1.2915
2007-01-29,58.9,22130.8,14506.985352,1349.0,14507.0,12490.78,386616.0,8633.0,9.198,4.0644,0.9203,12599.74,1.2967,14512.400391,-0.7,12422.93,1.2898,14391.700195,20267.5,12487.1,1.2919,14403.099609,1863.2,8.42,38.51,1.2955
2007-01-30,58.9,22130.8,14553.385742,1349.0,14553.400391,12523.31,386616.0,8633.0,9.198,4.0644,0.9203,12597.01,1.2982,14564.099609,-0.7,12414.52,1.2942,14459.799805,20267.5,12492.23,1.2957,14492.0,1863.2,8.42,38.51,1.2965
2007-01-31,58.9,22130.8,14553.185547,1349.0,14553.200195,12621.69,386616.0,8633.0,9.198,4.0644,0.9203,12685.54,1.3038,14580.299805,-0.7,12461.3,1.2923,14450.0,20267.5,12520.03,1.2969,14523.900391,1863.2,8.42,38.51,1.3034
2007-02-01,58.9,22130.8,14571.485352,1349.0,14571.5,12673.68,387285.0,8648.0,9.198,4.0936,0.9203,12741.3,1.3053,14656.900391,0.1,12563.85,1.2999,14570.900391,20267.5,12617.2,1.3032,14637.5,1863.2,8.42,38.58,1.3022
2007-02-02,58.9,22130.8,14631.185547,1349.0,14631.200195,12653.49,387285.0,8648.0,9.198,4.0936,0.9203,12740.65,1.3064,14631.200195,0.1,12582.99,1.295,14545.299805,20267.5,12673.84,1.3024,14573.299805,1863.2,8.42,38.58,1.2969
2007-02-05,58.9,22130.8,14616.685547,1349.0,14616.700195,12661.74,387285.0,8648.0,8.466,4.0936,0.9203,12730.56,1.297,14625.900391,0.1,12586.2,1.2913,14559.0,20267.5,12653.41,1.2964,14602.900391,1863.2,8.42,38.58,1.2923
2007-02-06,58.9,22130.8,14703.185547,1349.0,14703.200195,12666.31,387285.0,8648.0,8.466,4.0936,0.9203,12738.41,1.2992,14743.799805,0.1,12586.44,1.2912,14644.599609,20267.5,12661.66,1.2931,14653.200195,1863.2,8.42,38.58,1.2982
2007-02-07,58.9,22130.8,14854.584961,1349.0,14854.599609,12666.87,387285.0,8648.0,8.466,4.0936,0.9203,12748.99,1.3025,14867.299805,0.1,12589.56,1.2965,14708.0,20267.5,12656.86,1.2981,14734.900391,1863.2,8.42,38.58,1.3019
2007-02-08,58.9,22130.8,14825.985352,1349.0,14826.0,12637.63,387285.0,8648.0,8.466,4.0936,0.9203,12704.04,1.3043,14893.0,0.1,12542.14,1.2974,14773.700195,20267.5,12665.67,1.3014,14856.700195,1863.2,8.42,38.58,1.3039
2007-02-09,58.9,22130.8,14875.485352,1349.0,14875.5,12580.83,387285.0,8648.0,8.466,4.0936,0.9203,12725.59,1.3047,14927.200195,0.1,12518.58,1.2982,14866.5,20267.5,12638.03,1.3041,14880.400391,1863.2,8.42,38.58,1.3005
2007-02-12,58.9,22130.8,14768.985352,1349.0,14769.0,12552.55,387285.0,8648.0,8.009,4.0936,0.9203,12654.69,1.3041,14834.200195,0.1,12502.4,1.2942,14729.0,20267.5,12580.11,1.2992,14831.900391,1863.2,8.42,38.58,1.2965
2007-02-13,58.9,22130.8,14824.584961,1349.0,14824.599609,12654.85,387285.0,8648.0,8.009,4.0936,0.9203,12702.36,1.3045,14855.099609,0.1,12551.51,1.2952,14781.0,20267.5,12549.19,1.2965,14817.299805,1863.2,8.42,38.58,1.3037
2007-02-14,58.9,22130.8,14905.685547,1349.0,14905.700195,12741.86,387285.0,8648.0,8.009,4.0936,0.9203,12793.29,1.3154,14910.0,0.1,12623.21,1.3024,14815.200195,20267.5,12651.29,1.3039,14867.0,1863.2,8.42,38.58,1.3129
2007-02-15,58.9,22130.8,14876.885742,1349.0,14876.900391,12765.01,387285.0,8648.0,8.009,4.0936,0.9203,12828.38,1.3173,14938.299805,0.1,12681.85,1.3117,14848.799805,20267.5,12741.7,1.3131,14929.599609,1863.2,8.42,38.58,1.3146
2007-02-16,58.9,22130.8,14851.185547,1349.0,14851.200195,12767.57,387285.0,8648.0,8.009,4.0936,0.9203,12829.42,1.3148,14862.400391,0.1,12685.86,1.3093,14777.5,20267.5,12764.13,1.3142,14807.0,1863.2,8.42,38.58,1.3141
2007-02-20,58.9,22130.8,14886.084961,1349.0,14886.099609,12786.64,387285.0,8648.0,8.016,4.0936,0.9203,12845.76,1.319,14937.200195,0.1,12675.04,1.3127,14836.5,20267.5,12766.85,1.3155,14932.099609,1863.2,8.42,38.58,1.3138
2007-02-21,58.9,22130.8,14788.785156,1349.0,14788.799805,12738.41,387285.0,8648.0,8.016,4.0936,0.9203,12813.88,1.3167,14963.599609,0.1,12662.79,1.311,14765.299805,20267.5,12782.87,1.3144,14931.599609,1863.2,8.42,38.58,1.3138
2007-02-22,58.9,22130.8,14791.285156,1349.0,14791.299805,12686.02,387285.0,8648.0,8.016,4.0936,0.9203,12792.97,1.3144,14880.700195,0.1,12621.93,1.3079,14761.700195,20267.5,12735.77,1.3138,14850.799805,1863.2,8.42,38.58,1.3125
2007-02-23,58.9,22130.8,14767.084961,1349.0,14767.099609,12647.48,387285.0,8648.0,8.016,4.0936,0.9203,12726.79,1.319,14827.799805,0.1,12578.51,1.3102,14703.900391,20267.5,12679.89,1.3123,14824.400391,1863.2,8.42,38.58,1.3167
2007-02-26,58.9,22130.8,14856.084961,1349.0,14856.099609,12632.26,387285.0,8648.0,7.503,4.0936,0.9203,12746.34,1.3201,14882.200195,0.1,12562.72,1.3152,14786.599609,20267.5,12647.88,1.3165,14792.5,1863.2,8.42,38.58,1.3184
2007-02-27,58.9,22130.8,14408.285156,1349.0,14408.299805,12216.24,387285.0,8648.0,7.503,4.0936,0.9203,12587.72,1.3261,14747.200195,0.1,12078.85,1.316,14401.599609,20267.5,12628.9,1.3188,14742.5,1863.2,8.42,38.58,1.3242
2007-02-28,58.9,22130.8,14248.385742,1349.0,14248.400391,12268.63,387285.0,8648.0,7.503,4.0936,0.9203,12396.81,1.3249,14366.200195,0.1,12122.03,1.318,14070.900391,20267.5,12214.92,1.3244,14182.599609,1863.2,8.42,38.58,1.3235
2007-03-01,58.9,22130.8,14064.885742,1349.0,14064.900391,12234.34,398734.0,8903.0,7.503,4.1055,0.9203,12338.89,1.3241,14347.799805,0.8,11996.17,1.3154,13820.599609,20267.5,12265.59,1.323,14228.599609,1863.2,8.42,38.94,1.3186
2007-03-02,58.9,22130.8,13962.186523,1349.0,13962.200195,12114.1,398734.0,8903.0,7.503,4.1055,0.9203,12293.15,1.3203,14193.700195,0.8,12064.91,1.3142,13880.200195,20267.5,12233.78,1.3188,14113.200195,1863.2,8.42,38.94,1.3194
2007-03-05,58.9,22130.8,13749.085938,1349.0,13749.099609,12050.41,398734.0,8903.0,7.396,4.1055,0.9203,12220.16,1.3214,13830.200195,0.8,11973.58,1.3071,13654.900391,20267.5,12111.61,1.3205,13689.799805,1863.2,8.42,38.94,1.3095
2007-03-06,58.9,22130.8,13825.886719,1349.0,13825.900391,12207.59,398734.0,8903.0,7.396,4.1055,0.9203,12252.61,1.3133,13859.299805,0.8,12060.58,1.3079,13768.0,20267.5,12051.17,1.3093,13843.099609,1863.2,8.42,38.94,1.3127
2007-03-07,58.9,22130.8,13912.686523,1349.0,13912.700195,12192.45,398734.0,8903.0,7.396,4.1055,0.9203,12315.18,1.3187,13958.799805,0.8,12122.11,1.3109,13823.799805,20267.5,12204.46,1.3127,13919.200195,1863.2,8.42,38.94,1.3176
2007-03-08,58.9,22130.8,14193.985352,1349.0,14194.0,12260.7,398734.0,8903.0,7.396,4.1055,0.9203,12355.47,1.3184,14201.0,0.8,12183.79,1.3115,13983.599609,20267.5,12193.33,1.3175,14002.900391,1863.2,8.42,38.94,1.3129
2007-03-09,58.9,22130.8,14257.185547,1349.0,14257.200195,12276.32,398734.0,8903.0,7.396,4.1055,0.9203,12379.51,1.3159,14306.099609,0.8,12200.62,1.3085,14098.099609,20267.5,12262.06,1.3131,14197.099609,1863.2,8.42,38.94,1.3114
2007-03-12,58.9,22130.8,14146.485352,1349.0,14146.5,12318.62,398734.0,8903.0,7.704,4.1055,0.9203,12385.44,1.3202,14359.799805,0.8,12205.58,1.3108,14088.099609,20267.5,12275.68,1.3115,14311.299805,1863.2,8.42,38.94,1.3188
2007-03-13,58.9,22130.8,13982.885742,1349.0,13982.900391,12075.96,398734.0,8903.0,7.704,4.1055,0.9203,12319.66,1.3223,14206.200195,0.8,12049.85,1.3155,13982.5,20267.5,12307.49,1.3189,14141.900391,1863.2,8.42,38.94,1.3198
2007-03-14,58.9,22130.8,13602.386719,1349.0,13602.400391,12133.4,398734.0,8903.0,7.704,4.1055,0.9203,12187.88,1.3247,13794.200195,0.8,11926.79,1.3175,13602.400391,20267.5,12074.52,1.3199,13720.799805,1863.2,8.42,38.94,1.3224
2007-03-15,58.9,22130.8,13940.386719,1349.0,13940.400391,12159.68,398734.0,8903.0,7.704,4.1055,0.9203,12228.42,1.3254,13940.400391,0.8,12060.1,1.3193,13755.900391,20267.5,12133.16,1.322,13776.5,1863.2,8.42,38.94,1.3239
2007-03-16,58.9,22130.8,13977.385742,1349.0,13977.400391,12110.41,398734.0,8903.0,7.704,4.1055,0.9203,12226.01,1.3342,14039.599609,0.8,12053.05,1.3232,13866.400391,20267.5,12160.16,1.3238,13937.700195,1863.2,8.42,38.94,1.3314
2007-03-19,58.9,22130.8,14250.185547,1349.0,14250.200195,12226.17,398734.0,8903.0,7.756,4.1055,0.9203,12273.52,1.3327,14250.200195,0.8,12122.59,1.3279,14093.200195,20267.5,12110.41,1.3319,14101.599609,1863.2,8.42,38.94,1.3302
2007-03-20,58.9,22130.8,14323.185547,1349.0,14323.200195,12288.1,398734.0,8903.0,7.756,4.1055,0.9203,12324.31,1.3324,14323.200195,0.8,12172.66,1.327,14151.700195,20267.5,12226.81,1.3301,14281.700195,1863.2,8.42,38.94,1.3316
2007-03-21,58.9,22130.8,14310.485352,1349.0,14310.5,12447.52,398734.0,8903.0,7.756,4.1055,0.9203,12489.02,1.339,14385.400391,0.8,12220.49,1.3287,14275.700195,20267.5,12288.98,1.3321,14333.900391,1863.2,8.42,38.94,1.3386
2007-03-22,58.9,22130.8,14490.084961,1349.0,14490.099609,12461.14,398734.0,8903.0,7.756,4.1055,0.9203,12524.03,1.3413,14541.0,0.8,12364.21,1.331,14409.5,20267.5,12446.72,1.3384,14530.700195,1863.2,8.42,38.94,1.3333
2007-03-23,58.9,22130.8,14545.685547,1349.0,14545.700195,12481.01,398734.0,8903.0,7.756,4.1055,0.9203,12550.07,1.3345,14555.200195,0.8,12396.89,1.3282,14433.200195,20267.5,12460.5,1.3333,14486.099609,1863.2,8.42,38.94,1.3285
2007-03-26,58.9,22130.8,14469.584961,1349.0,14469.599609,12469.07,398734.0,8903.0,7.628,4.1055,0.9203,12526.27,1.3349,14626.0,0.8,12339.53,1.3254,14414.599609,20267.5,12480.37,1.329,14566.0,1863.2,8.42,38.94,1.3335
2007-03-27,58.9,22130.8,14536.785156,1349.0,14536.799805,12397.29,398734.0,8903.0,7.628,4.1055,0.9203,12484.54,1.3371,14578.299805,0.8,12336.89,1.3319,14495.700195,20267.5,12468.59,1.3331,14561.900391,1863.2,8.42,38.94,1.3354
2007-03-28,58.9,22130.8,14482.985352,1349.0,14483.0,12300.36,398734.0,8903.0,7.628,4.1055,0.9203,12415.56,1.3375,14535.5,0.8,12234.5,1.3307,14410.900391,20267.5,12396.49,1.3356,14493.5,1863.2,8.42,38.94,1.3317
2007-03-29,58.9,22130.8,14605.285156,1349.0,14605.299805,12348.75,398734.0,8903.0,7.628,4.1055,0.9203,12424.77,1.3356,14605.299805,0.8,12251.89,1.3301,14519.5,20267.5,12301.48,1.3315,14529.400391,1863.2,8.42,38.94,1.3333
2007-03-30,58.9,22130.8,14641.685547,1349.0,14641.700195,12354.35,398734.0,8903.0,7.628,4.1055,0.9203,12442.4,1.3403,14730.400391,0.8,12237.87,1.3289,14539.400391,20267.5,12348.91,1.3329,14575.799805,1863.2,8.42,38.94,1.3358
2007-04-02,59.23,22354.1,14730.785156,1349.0,14730.799805,12382.3,386029.0,8620.0,7.568,4.2527,0.9027,12450.81,1.3384,14735.799805,1.4,12284.54,1.3331,14580.5,20580.9,12354.52,1.3375,14619.900391,1773.2,7.93,37.7,1.3369
2007-04-03,59.23,22354.1,14953.18457,1349.0,14953.200195,12510.3,386029.0,8620.0,7.568,4.2527,0.9027,12559.47,1.3384,14972.0,1.4,12396.53,1.3319,14783.799805,20580.9,12379.05,1.3367,14791.099609,1773.2,7.93,37.7,1.3335
2007-04-04,59.23,22354.1,14943.083984,1349.0,14943.099609,12530.05,386029.0,8620.0,7.568,4.2527,0.9027,12591.81,1.3382,14988.599609,1.4,12444.55,1.3319,14891.0,20580.9,12511.36,1.3325,14979.099609,1773.2,7.93,37.7,1.3373
2007-04-05,59.23,22354.1,14974.884766,1349.0,14974.900391,12560.2,386029.0,8620.0,7.568,4.2527,0.9027,12600.34,1.3443,14974.900391,1.4,12465.36,1.3352,14914.099609,20580.9,12523.22,1.3373,14942.799805,1773.2,7.93,37.7,1.3422
2007-04-10,59.23,22354.1,15005.484375,1349.0,15005.5,12573.85,386029.0,8620.0,7.46,4.2527,0.9027,12641.87,1.3457,15022.0,1.4,12496.48,1.3348,14908.0,20580.9,12568.49,1.3358,14973.0,1773.2,7.93,37.7,1.3437
2007-04-11,59.23,22354.1,14997.583984,1349.0,14997.599609,12484.62,386029.0,8620.0,7.46,4.2527,0.9027,12618.63,1.3443,15063.799805,1.4,12432.53,1.3407,14956.900391,20580.9,12573.12,1.3434,15006.799805,1773.2,7.93,37.7,1.3432
2007-04-12,59.23,22354.1,14882.985352,1349.0,14883.0,12552.96,386029.0,8620.0,7.46,4.2527,0.9027,12580.92,1.3504,14978.400391,1.4,12407.5,1.343,14775.200195,20580.9,12483.64,1.3432,14971.900391,1773.2,7.93,37.7,1.3487
2007-04-13,59.23,22354.1,14965.28418,1349.0,14965.299805,12612.13,386029.0,8620.0,7.46,4.2527,0.9027,12654.47,1.3554,14984.5,1.4,12504.04,1.3479,14894.0,20580.9,12551.91,1.3489,14905.0,1773.2,7.93,37.7,1.3529
2007-04-16,59.23,22354.1,15020.78418,1349.0,15020.799805,12720.46,386029.0,8620.0,7.029,4.2527,0.9027,12770.6,1.3577,15059.5,1.4,12596.36,1.3529,14999.200195,20580.9,12611.64,1.3556,15008.799805,1773.2,7.93,37.7,1.3533
2007-04-17,59.23,22354.1,14965.984375,1349.0,14966.0,12773.04,386029.0,8620.0,7.029,4.2527,0.9027,12773.04,1.3595,15020.299805,1.4,12773.04,1.3521,14855.099609,20580.9,12719.56,1.3526,15012.400391,1773.2,7.93,37.7,1.3572
2007-04-18,59.23,22354.1,14870.385742,1349.0,14870.400391,12803.84,386029.0,8620.0,7.029,4.2527,0.9027,12871.21,1.3619,14930.200195,1.4,12691.2,1.3544,14800.099609,20580.9,12771.08,1.3575,14910.400391,1773.2,7.93,37.7,1.3609
2007-04-19,59.23,22354.1,14821.685547,1349.0,14821.700195,12808.63,386029.0,8620.0,7.029,4.2527,0.9027,12889.17,1.3621,14821.700195,1.4,12677.47,1.3559,14623.299805,20580.9,12799.77,1.3612,14735.700195,1773.2,7.93,37.7,1.3608
2007-04-20,59.23,22354.1,15080.884766,1349.0,15080.900391,12961.98,386029.0,8620.0,7.029,4.2527,0.9027,13035.77,1.3638,15136.200195,1.4,12828.3,1.3585,14857.0,20580.9,12811.15,1.3614,14860.0,1773.2,7.93,37.7,1.3591
2007-04-23,59.23,22354.1,14987.083984,1349.0,14987.099609,12919.4,386029.0,8620.0,6.82,4.2527,0.9027,13029.59,1.3609,15111.700195,1.4,12867.96,1.3542,14948.400391,20580.9,12961.49,1.3603,15091.099609,1773.2,7.93,37.7,1.3577
2007-04-24,59.23,22354.1,14578.685547,1349.0,14578.700195,12953.94,386029.0,8620.0,6.82,4.2527,0.9027,13033.66,1.3645,14988.400391,1.4,12845.12,1.3548,14516.5,20580.9,12919.64,1.3579,14956.299805,1773.2,7.93,37.7,1.3643
2007-04-25,59.23,22354.1,14620.385742,1349.0,14620.400391,13089.89,386029.0,8620.0,6.82,4.2527,0.9027,13142.31,1.3666,14635.400391,1.4,12929.8,1.3619,14468.700195,20580.9,12951.42,1.3638,14594.400391,1773.2,7.93,37.7,1.3638
2007-04-26,59.23,22354.1,14610.985352,1349.0,14611.0,13105.5,386029.0,8620.0,6.82,4.2527,0.9027,13197.49,1.3655,14789.700195,1.4,13016.43,1.3584,14570.299805,20580.9,13088.84,1.3643,14789.700195,1773.2,7.93,37.7,1.3594
2007-04-27,59.23,22354.1,14403.584961,1349.0,14403.599609,13120.94,386029.0,8620.0,6.82,4.2527,0.9027,13195.05,1.3683,14618.299805,1.4,13002.37,1.3586,14342.0,20580.9,13104.04,1.3592,14612.099609,1773.2,7.93,37.7,1.3653
2007-04-30,59.23,22354.1,14374.584961,1349.0,14374.599609,13062.91,386029.0,8620.0,7.162,4.2527,0.9027,13226.99,1.368,14532.599609,1.4,13003.91,1.3588,14354.900391,20580.9,13120.21,1.3634,14386.0,1773.2,7.93,37.7,1.3647
2007-05-02,59.23,22354.1,14416.885742,1349.0,14416.900391,13211.88,387150.0,8645.0,7.162,4.3731,0.9027,13291.6,1.3613,14462.900391,0.3,13105.34,1.356,14363.0,20580.9,13133.94,1.3605,14421.799805,1773.2,7.93,37.81,1.359
2007-05-03,59.23,22354.1,14395.584961,1349.0,14395.599609,13241.38,387150.0,8645.0,7.162,4.3731,0.9027,13306.55,1.3624,14454.599609,0.3,13131.42,1.3548,14176.0,20580.9,13206.65,1.3584,14452.700195,1773.2,7.93,37.81,1.3556
2007-05-04,59.23,22354.1,14620.285156,1349.0,14620.299805,13264.62,387150.0,8645.0,7.162,4.3731,0.9027,13340.6,1.3611,14636.5,0.3,13176.61,1.3531,14426.200195,20580.9,13243.08,1.3548,14430.200195,1773.2,7.93,37.81,1.359
2007-05-07,59.23,22354.1,14672.084961,1349.0,14672.099609,13312.97,387150.0,8645.0,7.086,4.3731,0.9027,13385.06,1.3629,14693.0,0.3,13218.87,1.3592,14566.400391,20580.9,13264.13,1.3602,14667.700195,1773.2,7.93,37.81,1.3599
2007-05-08,59.23,22354.1,14556.685547,1349.0,14556.700195,13309.07,387150.0,8645.0,7.086,4.3731,0.9027,13359.05,1.3623,14664.599609,0.3,13192.45,1.3515,14508.299805,20580.9,13309.4,1.36,14661.400391,1773.2,7.93,37.81,1.3542
2007-05-09,59.23,22354.1,14609.385742,1349.0,14609.400391,13362.87,387150.0,8645.0,7.086,4.3731,0.9027,13410.17,1.3567,14647.099609,0.3,13229.92,1.3519,14513.900391,20580.9,13300.62,1.3546,14613.700195,1773.2,7.93,37.81,1.3529
2007-05-10,59.23,22354.1,14575.385742,1349.0,14575.400391,13215.13,387150.0,8645.0,7.086,4.3731,0.9027,13376.2,1.3565,14712.299805,0.3,13161.08,1.3465,14500.700195,20580.9,13359.05,1.3527,14625.799805,1773.2,7.93,37.81,1.3485
2007-05-11,59.23,22354.1,14736.285156,1349.0,14736.299805,13326.22,387150.0,8645.0,7.086,4.3731,0.9027,13373.35,1.3533,14751.099609,0.3,13192.62,1.3462,14449.299805,20580.9,13212.2,1.3476,14475.799805,1773.2,7.93,37.81,1.3529
2007-05-14,59.23,22354.1,14685.985352,1349.0,14686.0,13346.78,387150.0,8645.0,6.711,4.3731,0.9027,13432.84,1.3559,14796.700195,0.3,13265.02,1.3525,14668.799805,20580.9,13325.81,1.3533,14780.900391,1773.2,7.93,37.81,1.3542
2007-05-15,59.23,22354.1,14824.185547,1349.0,14824.200195,13383.84,387150.0,8645.0,6.711,4.3731,0.9027,13518.33,1.3611,14824.200195,0.3,13302.65,1.3527,14650.900391,20580.9,13346.05,1.3542,14672.599609,1773.2,7.93,37.81,1.3592
2007-05-16,59.23,22354.1,14918.785156,1349.0,14918.799805,13487.53,387150.0,8645.0,6.711,4.3731,0.9027,13526.54,1.3611,14928.5,0.3,13325.49,1.3504,14763.799805,20580.9,13374.13,1.3594,14791.799805,1773.2,7.93,37.81,1.3521
2007-05-17,59.23,22354.1,14968.18457,1349.0,14968.200195,13476.72,387150.0,8645.0,6.711,4.3731,0.9027,13558.24,1.3545,14997.599609,0.3,13384.89,1.3475,14899.400391,20580.9,13486.96,1.3516,14929.599609,1773.2,7.93,37.81,1.3495
2007-05-18,59.23,22354.1,15068.384766,1349.0,15068.400391,13556.53,387150.0,8645.0,6.711,4.3731,0.9027,13611.95,1.3522,15114.299805,0.3,13454.46,1.3465,14937.299805,20580.9,13476.4,1.3498,15007.299805,1773.2,7.93,37.81,1.3509
2007-05-21,59.23,22354.1,15055.484375,1349.0,15055.5,13542.88,387150.0,8645.0,6.772,4.3731,0.9027,13636.98,1.3529,15158.5,0.3,13473.31,1.3436,15042.0,20580.9,13556.53,1.3519,15108.5,1773.2,7.93,37.81,1.3468
2007-05-22,59.23,22354.1,15070.884766,1349.0,15070.900391,13539.95,387150.0,8645.0,6.772,4.3731,0.9027,13632.03,1.348,15107.799805,0.3,13466.57,1.3438,15015.099609,20580.9,13544.99,1.3461,15056.200195,1773.2,7.93,37.81,1.3451
2007-05-23,59.23,22354.1,15223.884766,1349.0,15223.900391,13525.65,387150.0,8645.0,6.772,4.3731,0.9027,13648.69,1.3504,15223.900391,0.3,13476.72,1.3415,15072.700195,20580.9,13540.84,1.3451,15081.400391,1773.2,7.93,37.81,1.3462
2007-05-24,59.23,22354.1,15094.884766,1349.0,15094.900391,13441.13,387150.0,8645.0,6.772,4.3731,0.9027,13645.52,1.3462,15220.0,0.3,13391.56,1.3415,15082.700195,20580.9,13522.6,1.346,15138.400391,1773.2,7.93,37.81,1.3428
2007-05-25,59.23,22354.1,15053.18457,1349.0,15053.200195,13507.28,387150.0,8645.0,6.772,4.3731,0.9027,13571.48,1.3474,15086.299805,0.3,13410.0,1.3411,14970.099609,20580.9,13441.94,1.3431,15047.0,1773.2,7.93,37.81,1.3441
2007-05-29,59.23,22354.1,15188.583984,1349.0,15188.599609,13521.34,387150.0,8645.0,6.844,4.3731,0.9027,13603.26,1.3522,15198.599609,0.3,13428.86,1.342,15123.799805,20580.9,13507.28,1.345,15163.299805,1773.2,7.93,37.81,1.3446
2007-05-30,59.23,22354.1,15137.28418,1349.0,15137.299805,13633.08,387150.0,8645.0,6.844,4.3731,0.9027,13650.64,1.3457,15144.400391,0.3,13403.26,1.3407,15035.400391,20580.9,13517.89,1.3447,15107.700195,1773.2,7.93,37.81,1.3428
2007-05-31,59.23,22354.1,15329.384766,1349.0,15329.400391,13627.64,387150.0,8645.0,6.844,4.3731,0.9027,13718.82,1.3478,15340.5,0.3,13564.49,1.3424,15243.799805,20580.9,13633.0,1.343,15283.900391,1773.2,7.93,37.81,1.3453
2007-06-01,59.23,22354.1,15501.484375,1349.0,15501.5,13668.11,400012.0,8843.0,6.844,4.5055,0.9027,13756.69,1.3464,15543.799805,0.2,13562.54,1.3392,15321.5,20580.9,13628.69,1.3453,15330.400391,1773.2,7.93,38.38,1.3449
2007-06-04,59.23,22354.1,15414.28418,1349.0,15414.299805,13676.32,400012.0,8843.0,6.789,4.5055,0.9027,13723.37,1.35,15511.799805,0.2,13575.14,1.3432,15372.5,20580.9,13667.21,1.3445,15482.200195,1773.2,7.93,38.38,1.3493
2007-06-05,59.23,22354.1,15314.884766,1349.0,15314.900391,13595.46,400012.0,8843.0,6.789,4.5055,0.9027,13689.4,1.3555,15461.900391,0.2,13523.7,1.3487,15304.799805,20580.9,13673.19,1.3494,15435.5,1773.2,7.93,38.38,1.3524
2007-06-06,59.23,22354.1,14928.785156,1349.0,14928.799805,13465.67,400012.0,8843.0,6.789,4.5055,0.9027,13606.75,1.3541,15282.400391,0.2,13403.1,1.3485,14925.400391,20580.9,13590.66,1.3517,15280.099609,1773.2,7.93,38.38,1.3504
2007-06-07,59.23,22354.1,14725.885742,1349.0,14725.900391,13266.73,400012.0,8843.0,6.789,4.5055,0.9027,13517.85,1.3514,15042.0,0.2,13236.34,1.3422,14678.299805,20580.9,13463.48,1.3504,14986.0,1773.2,7.93,38.38,1.343
2007-06-08,59.23,22354.1,14816.485352,1349.0,14816.5,13424.39,400012.0,8843.0,6.789,4.5055,0.9027,13445.19,1.3429,14874.200195,0.2,13207.73,1.332,14604.599609,20580.9,13267.14,1.3426,14644.200195,1773.2,7.93,38.38,1.3374
2007-06-11,59.23,22354.1,14940.583984,1349.0,14940.599609,13424.96,400012.0,8843.0,6.717,4.5055,0.9027,13519.88,1.3365,14977.900391,0.2,13335.16,1.3333,14870.099609,20580.9,13423.74,1.3363,14908.799805,1773.2,7.93,38.38,1.3359
2007-06-12,59.23,22354.1,14764.285156,1349.0,14764.299805,13295.01,400012.0,8843.0,6.717,4.5055,0.9027,13474.12,1.3369,14951.0,0.2,13264.05,1.33,14704.700195,20580.9,13424.39,1.3357,14920.700195,1773.2,7.93,38.38,1.3302
2007-06-13,59.23,22354.1,14829.785156,1349.0,14829.799805,13482.35,400012.0,8843.0,6.717,4.5055,0.9027,13502.76,1.3316,14842.400391,0.2,13288.07,1.3264,14638.099609,20580.9,13287.62,1.3302,14722.799805,1773.2,7.93,38.38,1.3312
2007-06-14,59.23,22354.1,15078.384766,1349.0,15078.400391,13553.72,400012.0,8843.0,6.717,4.5055,0.9027,13622.66,1.3325,15078.400391,0.2,13444.07,1.3279,14927.5,20580.9,13482.43,1.3314,14938.0,1773.2,7.93,38.38,1.3312
2007-06-15,59.23,22354.1,15252.083984,1349.0,15252.099609,13639.48,400012.0,8843.0,6.717,4.5055,0.9027,13741.18,1.339,15288.5,0.2,13566.89,1.3304,15110.799805,20580.9,13556.65,1.3306,15121.400391,1773.2,7.93,38.38,1.3388
2007-06-18,59.23,22354.1,15103.583984,1349.0,15103.599609,13612.98,400012.0,8843.0,6.565,4.5055,0.9027,13720.29,1.342,15251.200195,0.2,13560.15,1.3376,15053.200195,20580.9,13639.0,1.3377,15239.900391,1773.2,7.93,38.38,1.3415
2007-06-19,59.23,22354.1,15000.18457,1349.0,15000.200195,13635.42,400012.0,8843.0,6.565,4.5055,0.9027,13705.41,1.3437,15164.400391,0.2,13527.14,1.3382,14913.299805,20580.9,13611.68,1.3414,15111.5,1773.2,7.93,38.38,1.3427
2007-06-20,59.23,22354.1,15035.68457,1349.0,15035.700195,13489.42,400012.0,8843.0,6.565,4.5055,0.9027,13735.08,1.3438,15095.0,0.2,13469.43,1.3396,15011.0,20580.9,13636.56,1.3424,15060.900391,1773.2,7.93,38.38,1.3405
2007-06-21,59.23,22354.1,14882.385742,1349.0,14882.400391,13545.84,400012.0,8843.0,6.565,4.5055,0.9027,13596.56,1.3409,14951.099609,0.2,13368.79,1.3373,14790.799805,20580.9,13486.66,1.3403,14918.900391,1773.2,7.93,38.38,1.3396
2007-06-22,59.23,22354.1,14784.885742,1349.0,14784.900391,13360.26,400012.0,8843.0,6.565,4.5055,0.9027,13564.13,1.3471,14943.0,0.2,13323.51,1.3381,14756.799805,20580.9,13545.03,1.3386,14910.299805,1773.2,7.93,38.38,1.3469
2007-06-25,59.23,22354.1,14848.285156,1349.0,14848.299805,13352.05,400012.0,8843.0,6.723,4.5055,0.9027,13519.34,1.3474,14857.900391,0.2,13273.68,1.3439,14595.099609,20580.9,13360.09,1.3466,14672.0,1773.2,7.93,38.38,1.3464
2007-06-26,59.23,22354.1,14755.185547,1349.0,14755.200195,13337.66,400012.0,8843.0,6.723,4.5055,0.9027,13491.7,1.3481,14884.799805,0.2,13272.79,1.3432,14708.5,20580.9,13352.37,1.3462,14727.900391,1773.2,7.93,38.38,1.3453
2007-06-27,59.23,22354.1,14681.685547,1349.0,14681.700195,13427.73,400012.0,8843.0,6.723,4.5055,0.9027,13455.36,1.346,14751.299805,0.2,13205.08,1.3415,14582.400391,20580.9,13336.93,1.3457,14680.0,1773.2,7.93,38.38,1.3452
2007-06-28,59.23,22354.1,14819.885742,1349.0,14819.900391,13422.28,400012.0,8843.0,6.723,4.5055,0.9027,13537.47,1.3482,14840.700195,0.2,13342.05,1.3423,14744.299805,20580.9,13427.48,1.3451,14806.599609,1773.2,7.93,38.38,1.3446
2007-06-29,59.23,22354.1,14891.985352,1349.0,14892.0,13408.62,400012.0,8843.0,6.723,4.5055,0.9027,13556.16,1.3542,14892.0,0.2,13291.32,1.343,14712.200195,20580.9,13422.61,1.3447,14870.099609,1773.2,7.93,38.38,1.3542
2007-07-02,59.5,22559.6,14804.685547,1349.0,14804.700195,13535.43,380483.0,8411.0,6.68,4.5638,0.7675,13586.97,1.3639,14850.900391,-0.7,13406.59,1.3529,14741.200195,20753.4,13409.6,1.3542,14790.799805,1806.2,8.01,36.5,1.3626
2007-07-03,59.5,22559.6,14869.385742,1349.0,14869.400391,13577.3,380483.0,8411.0,6.68,4.5638,0.7675,13638.26,1.3636,14917.900391,-0.7,13487.88,1.3583,14854.900391,20753.4,13531.53,1.3632,14863.5,1806.2,8.01,36.5,1.3612
2007-07-05,59.5,22559.6,14907.385742,1349.0,14907.400391,13565.84,380483.0,8411.0,6.68,4.5638,0.7675,13637.78,1.3662,15025.700195,-0.7,13459.84,1.3579,14885.0,20753.4,13576.24,1.3613,15022.099609,1806.2,8.01,36.5,1.3598
2007-07-06,59.5,22559.6,15058.28418,1349.0,15058.299805,13611.68,380483.0,8411.0,6.68,4.5638,0.7675,13670.46,1.3642,15058.299805,-0.7,13501.54,1.3568,14875.200195,20753.4,13559.01,1.3597,14901.400391,1806.2,8.01,36.5,1.3628
2007-07-09,59.5,22559.6,14974.68457,1349.0,14974.700195,13649.97,380483.0,8411.0,6.623,4.5638,0.7675,13739.06,1.364,15145.900391,-0.7,13563.89,1.3609,14951.0,20753.4,13612.66,1.3633,15102.299805,1806.2,8.01,36.5,1.3629
2007-07-10,59.5,22559.6,14823.885742,1349.0,14823.900391,13501.7,380483.0,8411.0,6.623,4.5638,0.7675,13685.9,1.375,15021.099609,-0.7,13463.57,1.3594,14751.5,20753.4,13648.59,1.3632,14953.200195,1806.2,8.01,36.5,1.3746
2007-07-11,59.5,22559.6,14766.185547,1349.0,14766.200195,13577.87,380483.0,8411.0,6.623,4.5638,0.7675,13638.75,1.3786,14795.400391,-0.7,13435.45,1.3731,14601.799805,20753.4,13500.4,1.3748,14701.5,1806.2,8.01,36.5,1.3746
2007-07-12,59.5,22559.6,14941.78418,1349.0,14941.799805,13861.73,380483.0,8411.0,6.623,4.5638,0.7675,13889.45,1.38,14941.799805,-0.7,13598.76,1.3742,14672.5,20753.4,13579.33,1.3746,14803.299805,1806.2,8.01,36.5,1.3794
2007-07-13,59.5,22559.6,15023.484375,1349.0,15023.5,13907.25,380483.0,8411.0,6.623,4.5638,0.7675,13982.93,1.3815,15082.700195,-0.7,13784.83,1.3763,14981.099609,20753.4,13859.86,1.3788,15056.0,1806.2,8.01,36.5,1.3784
2007-07-16,59.5,22559.6,15110.384766,1349.0,15110.400391,13950.98,380483.0,8411.0,6.715,4.5638,0.7675,14053.57,1.3803,15117.599609,-0.7,13834.33,1.3758,15009.900391,20753.4,13907.09,1.3779,15041.400391,1806.2,8.01,36.5,1.3771
2007-07-17,59.5,22559.6,15153.78418,1349.0,15153.799805,13971.55,380483.0,8411.0,6.715,4.5638,0.7675,14095.6,1.3801,15168.5,-0.7,13880.67,1.3758,15047.900391,20753.4,13951.96,1.3774,15077.099609,1806.2,8.01,36.5,1.3788
2007-07-18,59.5,22559.6,15058.583984,1349.0,15058.599609,13918.22,380483.0,8411.0,6.715,4.5638,0.7675,14020.89,1.3834,15197.400391,-0.7,13768.73,1.3752,15037.799805,20753.4,13955.05,1.3782,15047.299805,1806.2,8.01,36.5,1.3803
2007-07-19,59.5,22559.6,15207.28418,1349.0,15207.299805,14000.41,380483.0,8411.0,6.715,4.5638,0.7675,14121.04,1.3832,15297.200195,-0.7,13860.18,1.3786,15123.5,20753.4,13918.79,1.3805,15136.099609,1806.2,8.01,36.5,1.3798
2007-07-20,59.5,22559.6,14930.084961,1349.0,14930.099609,13851.08,380483.0,8411.0,6.715,4.5638,0.7675,14039.67,1.3844,15249.700195,-0.7,13745.65,1.3779,14925.799805,20753.4,14000.73,1.3797,15196.700195,1806.2,8.01,36.5,1.3827
2007-07-23,59.5,22559.6,15056.68457,1349.0,15056.700195,13943.42,380483.0,8411.0,7.268,4.5638,0.7675,14039.59,1.3845,15056.700195,-0.7,13819.54,1.3796,14875.0,20753.4,13851.73,1.3838,14933.900391,1806.2,8.01,36.5,1.3811
2007-07-24,59.5,22559.6,14913.285156,1349.0,14913.299805,13716.95,380483.0,8411.0,7.268,4.5638,0.7675,13967.65,1.3854,15135.200195,-0.7,13661.51,1.3799,14869.400391,20753.4,13940.9,1.3809,15020.599609,1806.2,8.01,36.5,1.3828
2007-07-25,59.5,22559.6,14937.685547,1349.0,14937.700195,13785.07,380483.0,8411.0,7.268,4.5638,0.7675,13919.77,1.3831,15036.900391,-0.7,13607.7,1.3697,14774.900391,20753.4,13718.25,1.3828,14846.599609,1806.2,8.01,36.5,1.3724
2007-07-26,59.5,22559.6,14540.385742,1349.0,14540.400391,13473.57,380483.0,8411.0,7.268,4.5638,0.7675,13793.61,1.3773,15012.900391,-0.7,13307.74,1.3691,14540.099609,20753.4,13783.12,1.3725,14984.599609,1806.2,8.01,36.5,1.3744
2007-07-27,59.5,22559.6,14587.485352,1349.0,14587.5,13265.47,380483.0,8411.0,7.268,4.5638,0.7675,13589.17,1.3754,14655.5,-0.7,13228.57,1.3627,14378.700195,20753.4,13472.68,1.3737,14389.5,1806.2,8.01,36.5,1.3634
2007-07-30,59.5,22559.6,14507.885742,1349.0,14507.900391,13358.31,380483.0,8411.0,6.608,4.5638,0.7675,13445.12,1.3706,14650.299805,-0.7,13143.87,1.3609,14462.299805,20753.4,13266.21,1.3615,14603.400391,1806.2,8.01,36.5,1.3693
2007-07-31,59.5,22559.6,14802.385742,1349.0,14802.400391,13211.99,380483.0,8411.0,6.608,4.5638,0.7675,13579.41,1.3728,14802.400391,-0.7,13182.15,1.3669,14604.099609,20753.4,13360.66,1.3695,14617.799805,1806.2,8.01,36.5,1.3673
2007-08-01,59.5,22559.6,14595.685547,1349.0,14595.700195,13362.37,375911.0,8310.0,6.608,4.6663,0.7675,13431.06,1.3712,14733.5,0.1,13041.77,1.3638,14441.799805,20753.4,13211.09,1.3676,14508.900391,1806.2,8.01,36.07,1.367
2007-08-02,59.5,22559.6,14678.584961,1349.0,14678.599609,13463.33,375911.0,8310.0,6.608,4.6663,0.7675,13547.47,1.3708,14756.0,0.1,13272.79,1.3651,14626.200195,20753.4,13357.82,1.3681,14677.0,1806.2,8.01,36.07,1.37
2007-08-03,59.5,22559.6,14534.285156,1349.0,14534.299805,13181.91,375911.0,8310.0,6.608,4.6663,0.7675,13539.5,1.382,14719.5,0.1,13156.79,1.3682,14533.900391,20753.4,13462.25,1.3703,14712.599609,1806.2,8.01,36.07,1.3774
2007-08-06,59.5,22559.6,14432.084961,1349.0,14432.099609,13468.78,375911.0,8310.0,6.418,4.6663,0.7675,13501.86,1.384,14539.299805,0.1,13077.05,1.378,14385.299805,20753.4,13183.13,1.3828,14404.900391,1806.2,8.01,36.07,1.3794
2007-08-07,59.5,22559.6,14652.885742,1349.0,14652.900391,13504.3,375911.0,8310.0,6.418,4.6663,0.7675,13635.09,1.3817,14655.0,0.1,13282.38,1.3735,14522.700195,20753.4,13467.72,1.379,14580.900391,1806.2,8.01,36.07,1.3744
2007-08-08,59.5,22559.6,15004.18457,1349.0,15004.200195,13657.86,375911.0,8310.0,6.418,4.6663,0.7675,13769.63,1.3828,15028.700195,0.1,13386.92,1.372,14719.599609,20753.4,13497.23,1.3744,14721.700195,1806.2,8.01,36.07,1.3796
2007-08-09,59.5,22559.6,14838.285156,1349.0,14838.299805,13270.68,375911.0,8310.0,6.418,4.6663,0.7675,13675.66,1.3819,14988.799805,0.1,13196.05,1.3655,14755.700195,20753.4,13652.33,1.3794,14955.700195,1806.2,8.01,36.07,1.3672
2007-08-10,59.5,22559.6,14453.885742,1349.0,14453.900391,13239.54,375911.0,8310.0,6.418,4.6663,0.7675,13386.43,1.3706,14703.5,0.1,12958.04,1.3641,14434.200195,20753.4,13270.59,1.3678,14604.200195,1806.2,8.01,36.07,1.3693
2007-08-13,59.5,22559.6,14731.785156,1349.0,14731.799805,13236.53,375911.0,8310.0,6.304,4.6663,0.7675,13440.08,1.371,14754.0,0.1,13163.54,1.3603,14552.099609,20753.4,13238.24,1.3687,14568.700195,1806.2,8.01,36.07,1.3611
2007-08-14,59.5,22559.6,14553.084961,1349.0,14553.099609,13028.92,375911.0,8310.0,6.304,4.6663,0.7675,13309.04,1.363,14733.400391,0.1,12974.3,1.3531,14519.5,20753.4,13235.72,1.3607,14606.700195,1806.2,8.01,36.07,1.3537
2007-08-15,59.5,22559.6,14520.485352,1349.0,14520.5,12861.47,375911.0,8310.0,6.304,4.6663,0.7675,13184.51,1.3539,14547.5,0.1,12800.83,1.3425,14367.099609,20753.4,13021.93,1.3536,14442.900391,1806.2,8.01,36.07,1.3426
2007-08-16,59.5,22559.6,13979.685547,1349.0,13979.700195,12845.78,375911.0,8310.0,6.304,4.6663,0.7675,12996.73,1.3449,14295.700195,0.1,12455.92,1.3359,13959.900391,20753.4,12859.52,1.3426,14254.099609,1806.2,8.01,36.07,1.3424
2007-08-17,59.5,22559.6,14237.485352,1349.0,14237.5,13079.08,375911.0,8310.0,6.304,4.6663,0.7675,13289.7,1.3546,14375.599609,0.1,12847.24,1.3371,13841.599609,20753.4,12848.05,1.342,13936.799805,1806.2,8.01,36.07,1.3476
2007-08-20,59.5,22559.6,14269.084961,1349.0,14269.099609,13121.35,375911.0,8310.0,6.492,4.6663,0.7675,13245.8,1.3509,14381.299805,0.1,12938.77,1.346,14228.900391,20753.4,13078.51,1.348,14277.900391,1806.2,8.01,36.07,1.3473
2007-08-21,59.5,22559.6,14239.785156,1349.0,14239.799805,13090.86,375911.0,8310.0,6.492,4.6663,0.7675,13228.57,1.3523,14324.200195,0.1,12975.68,1.3457,14067.099609,20753.4,13120.05,1.3476,14288.0,1806.2,8.01,36.07,1.3462
2007-08-22,59.5,22559.6,14359.185547,1349.0,14359.200195,13236.13,375911.0,8310.0,6.492,4.6663,0.7675,13304.33,1.355,14412.200195,0.1,13075.34,1.3449,14287.400391,20753.4,13088.26,1.3462,14297.599609,1806.2,8.01,36.07,1.355
2007-08-23,59.5,22559.6,14292.485352,1349.0,14292.5,13235.88,375911.0,8310.0,6.492,4.6663,0.7675,13358.22,1.3589,14482.099609,0.1,13127.69,1.3535,14292.5,20753.4,13237.27,1.3549,14461.5,1806.2,8.01,36.07,1.3569
2007-08-24,59.5,22559.6,14334.385742,1349.0,14334.400391,13378.87,375911.0,8310.0,6.492,4.6663,0.7675,13402.2,1.3682,14350.0,0.1,13174.27,1.3554,14195.099609,20753.4,13231.78,1.3566,14201.5,1806.2,8.01,36.07,1.3681
2007-08-27,59.5,22559.6,14305.485352,1349.0,14305.5,13322.13,375911.0,8310.0,6.396,4.6663,0.7675,13438.46,1.3686,14403.400391,0.1,13248.32,1.3634,14291.5,20753.4,13377.16,1.3671,14388.599609,1806.2,8.01,36.07,1.3644
2007-08-28,59.5,22559.6,14124.785156,1349.0,14124.799805,13041.85,375911.0,8310.0,6.396,4.6663,0.7675,13319.61,1.3681,14300.5,0.1,13024.29,1.3599,14091.099609,20753.4,13318.43,1.3642,14294.299805,1806.2,8.01,36.07,1.3604
2007-08-29,59.5,22559.6,14183.584961,1349.0,14183.599609,13289.29,375911.0,8310.0,6.396,4.6663,0.7675,13336.93,1.3681,14209.299805,0.1,13020.63,1.3563,14014.099609,20753.4,13043.07,1.3601,14034.099609,1806.2,8.01,36.07,1.3676
2007-08-30,59.5,22559.6,14313.385742,1349.0,14313.400391,13238.73,375911.0,8310.0,6.396,4.6663,0.7675,13355.46,1.3679,14346.099609,0.1,13126.39,1.3593,14127.099609,20753.4,13287.91,1.3678,14285.900391,1806.2,8.01,36.07,1.3638
2007-08-31,59.5,22559.6,14479.785156,1349.0,14479.799805,13357.74,375911.0,8310.0,6.396,4.6663,0.7675,13472.35,1.3721,14529.0,0.1,13252.06,1.3621,14370.5,20753.4,13240.84,1.3637,14380.200195,1806.2,8.01,36.07,1.363
2007-09-04,59.5,22559.6,14590.084961,1349.0,14590.099609,13448.86,391300.0,8650.0,6.557,4.7245,0.7675,13521.86,1.3628,14593.099609,0.3,13248.57,1.3552,14437.799805,20753.4,13358.39,1.3622,14475.900391,1806.2,8.01,36.98,1.3607
2007-09-05,59.5,22559.6,14240.084961,1349.0,14240.099609,13305.47,391300.0,8650.0,6.557,4.7245,0.7675,13436.02,1.3673,14562.099609,0.3,13203.86,1.3569,14240.099609,20753.4,13442.85,1.3604,14545.900391,1806.2,8.01,36.98,1.365
2007-09-06,59.5,22559.6,14198.385742,1349.0,14198.400391,13363.35,391300.0,8650.0,6.557,4.7245,0.7675,13464.79,1.3711,14345.700195,0.3,13217.11,1.3635,14050.5,20753.4,13306.44,1.365,14281.200195,1806.2,8.01,36.98,1.3689
2007-09-07,59.5,22559.6,13873.386719,1349.0,13873.400391,13113.38,391300.0,8650.0,6.557,4.7245,0.7675,13312.05,1.38,14210.099609,0.3,13059.16,1.3664,13816.299805,20753.4,13360.74,1.3695,14148.799805,1806.2,8.01,36.98,1.3768
2007-09-10,59.5,22559.6,13726.286133,1349.0,13726.299805,13127.85,391300.0,8650.0,6.243,4.7245,0.7675,13280.67,1.3817,13935.799805,0.3,12992.02,1.3767,13703.599609,20753.4,13116.39,1.3784,13862.0,1806.2,8.01,36.98,1.3798
2007-09-11,59.5,22559.6,13965.486328,1349.0,13965.5,13308.39,391300.0,8650.0,6.243,4.7245,0.7675,13369.77,1.3849,13991.700195,0.3,13124.68,1.3779,13775.900391,20753.4,13129.4,1.3807,13833.799805,1806.2,8.01,36.98,1.3838
2007-09-12,59.5,22559.6,13980.385742,1349.0,13980.400391,13291.65,391300.0,8650.0,6.243,4.7245,0.7675,13408.62,1.3916,13992.700195,0.3,13195.4,1.3825,13838.5,20753.4,13298.31,1.3834,13950.400391,1806.2,8.01,36.98,1.3904
2007-09-13,59.5,22559.6,14077.785156,1349.0,14077.799805,13424.88,391300.0,8650.0,6.243,4.7245,0.7675,13519.91,1.3927,14101.400391,0.3,13296.77,1.3862,13835.200195,20753.4,13292.38,1.3904,13928.900391,1806.2,8.01,36.98,1.3868
2007-09-14,59.5,22559.6,13860.986328,1349.0,13861.0,13442.52,391300.0,8650.0,6.243,4.7245,0.7675,13507.55,1.3897,14025.5,0.3,13273.68,1.3845,13765.900391,20753.4,13421.39,1.3868,14017.5,1806.2,8.01,36.98,1.3875
2007-09-17,59.5,22559.6,13696.886719,1349.0,13696.900391,13403.42,391300.0,8650.0,6.46,4.7245,0.7675,13514.71,1.3889,13822.200195,0.3,13306.69,1.3849,13519.099609,20753.4,13441.95,1.3868,13819.299805,1806.2,8.01,36.98,1.3866
2007-09-18,59.5,22559.6,14041.985352,1349.0,14042.0,13739.39,391300.0,8650.0,6.46,4.7245,0.7675,13772.15,1.399,14045.700195,0.3,13379.68,1.3828,13594.599609,20753.4,13403.18,1.3863,13594.599609,1806.2,8.01,36.98,1.3982
2007-09-19,59.5,22559.6,14494.785156,1349.0,14494.799805,13815.56,391300.0,8650.0,6.46,4.7245,0.7675,13936.68,1.3988,14537.5,0.3,13689.8,1.3935,14314.799805,20753.4,13740.61,1.3979,14338.5,1806.2,8.01,36.98,1.3967
2007-09-20,59.5,22559.6,14427.084961,1349.0,14427.099609,13766.7,391300.0,8650.0,6.46,4.7245,0.7675,13887.81,1.4101,14458.200195,0.3,13741.01,1.3962,14342.5,20753.4,13813.52,1.3967,14400.099609,1806.2,8.01,36.98,1.4074
2007-09-21,59.5,22559.6,14450.584961,1349.0,14450.599609,13820.19,391300.0,8650.0,6.46,4.7245,0.7675,13948.95,1.4122,14550.099609,0.3,13740.61,1.4043,14383.599609,20753.4,13768.33,1.4064,14395.200195,1806.2,8.01,36.98,1.4091
2007-09-24,59.5,22559.6,14494.685547,1349.0,14494.700195,13759.06,391300.0,8650.0,6.732,4.7245,0.7675,13930.74,1.4131,14550.200195,0.3,13702.89,1.4068,14404.0,20753.4,13821.57,1.4091,14439.400391,1806.2,8.01,36.98,1.4085
2007-09-25,59.5,22559.6,14311.885742,1349.0,14311.900391,13778.65,391300.0,8650.0,6.732,4.7245,0.7675,13847.1,1.4154,14446.099609,0.3,13629.16,1.406,14224.0,20753.4,13757.84,1.4084,14408.099609,1806.2,8.01,36.98,1.4146
2007-09-26,59.5,22559.6,14513.685547,1349.0,14513.700195,13878.15,391300.0,8650.0,6.732,4.7245,0.7675,13962.61,1.4163,14552.700195,0.3,13741.26,1.4111,14373.799805,20753.4,13779.3,1.4146,14376.599609,1806.2,8.01,36.98,1.413
2007-09-27,59.5,22559.6,14581.584961,1349.0,14581.599609,13912.94,391300.0,8650.0,6.732,4.7245,0.7675,13991.63,1.4191,14704.5,0.3,13811.17,1.4124,14550.900391,20753.4,13879.53,1.4131,14614.700195,1806.2,8.01,36.98,1.4151
2007-09-28,59.5,22559.6,14576.485352,1349.0,14576.5,13895.63,391300.0,8650.0,6.732,4.7245,0.7675,13994.64,1.4279,14618.400391,0.3,13802.96,1.4145,14460.299805,20753.4,13912.94,1.4149,14577.0,1806.2,8.01,36.98,1.4272
2007-10-01,59.47,22659.9,14602.985352,1349.0,14603.0,14087.55,371056.0,8203.0,6.612,4.6467,0.63,14147.3,1.4282,14629.099609,1.3,13869.86,1.4211,14443.900391,20717.9,13895.71,1.4278,14519.0,1942.0,8.57,35.06,1.4232
2007-10-02,59.47,22659.9,14789.985352,1349.0,14790.0,14047.31,371056.0,8203.0,6.612,4.6467,0.63,14166.16,1.4239,14817.599609,1.3,13951.72,1.4139,14697.0,20717.9,14087.14,1.4233,14722.099609,1942.0,8.57,35.06,1.4153
2007-10-03,59.47,22659.9,14783.785156,1349.0,14783.799805,13968.05,371056.0,8203.0,6.612,4.6467,0.63,14090.48,1.4202,14800.299805,1.3,13883.43,1.4082,14723.299805,20717.9,14038.86,1.4152,14755.599609,1942.0,8.57,35.06,1.4085
2007-10-04,59.47,22659.9,14717.985352,1349.0,14718.0,13974.31,371056.0,8203.0,6.612,4.6467,0.63,14074.54,1.415,14801.799805,1.3,13894.98,1.4068,14711.0,20717.9,13967.89,1.4091,14754.299805,1942.0,8.57,35.06,1.4135
2007-10-05,59.47,22659.9,14892.084961,1349.0,14892.099609,14066.01,371056.0,8203.0,6.612,4.6467,0.63,14169.49,1.4157,14900.400391,1.3,13965.05,1.4031,14712.599609,20717.9,13969.07,1.4133,14741.799805,1942.0,8.57,35.06,1.4136
2007-10-08,59.47,22659.9,14808.985352,1349.0,14809.0,14043.73,371056.0,8203.0,7.109,4.6467,0.63,14134.05,1.4154,14921.299805,1.3,13947.41,1.4034,14801.599609,20717.9,14065.36,1.4146,14915.200195,1942.0,8.57,35.06,1.4057
2007-10-09,59.47,22659.9,14862.685547,1349.0,14862.700195,14164.53,371056.0,8203.0,7.109,4.6467,0.63,14198.83,1.4115,14907.299805,1.3,13980.9,1.4015,14754.599609,20717.9,14043.73,1.4058,14810.799805,1942.0,8.57,35.06,1.4108
2007-10-10,59.47,22659.9,14863.785156,1349.0,14863.799805,14078.69,371056.0,8203.0,7.109,4.6467,0.63,14225.66,1.4173,14917.200195,1.3,13963.26,1.4094,14807.900391,20717.9,14165.02,1.4103,14884.299805,1942.0,8.57,35.06,1.4147
2007-10-11,59.47,22659.9,15099.984375,1349.0,15100.0,14015.12,371056.0,8203.0,7.109,4.6467,0.63,14279.96,1.4242,15142.200195,1.3,13917.82,1.4135,14877.799805,20717.9,14079.1,1.4143,14912.0,1942.0,8.57,35.06,1.4194
2007-10-12,59.47,22659.9,15261.28418,1349.0,15261.299805,14093.08,371056.0,8203.0,7.109,4.6467,0.63,14168.51,1.4214,15264.200195,1.3,13949.85,1.4153,14991.599609,20717.9,14016.34,1.4201,15056.700195,1942.0,8.57,35.06,1.4179
2007-10-15,59.47,22659.9,15187.484375,1349.0,15187.5,13984.8,371056.0,8203.0,6.995,4.6467,0.63,14157.38,1.4245,15310.0,1.3,13877.82,1.4161,15185.099609,20717.9,14092.43,1.4182,15275.900391,1942.0,8.57,35.06,1.4212
2007-10-16,59.47,22659.9,15279.68457,1349.0,15279.700195,13912.94,371056.0,8203.0,6.995,4.6467,0.63,14061.37,1.4229,15309.5,1.3,13810.68,1.4143,15114.599609,20717.9,13986.34,1.4215,15156.799805,1942.0,8.57,35.06,1.4163
2007-10-17,59.47,22659.9,15430.484375,1349.0,15430.5,13892.54,371056.0,8203.0,6.995,4.6467,0.63,14075.84,1.4231,15489.299805,1.3,13738.66,1.4157,15218.099609,20717.9,13920.66,1.4169,15272.0,1942.0,8.57,35.06,1.4203
2007-10-18,59.47,22659.9,15507.083984,1349.0,15507.099609,13888.96,371056.0,8203.0,6.995,4.6467,0.63,13984.39,1.4312,15569.599609,1.3,13746.22,1.4196,15406.200195,20717.9,13887.9,1.4209,15478.700195,1942.0,8.57,35.06,1.4293
2007-10-19,59.47,22659.9,15529.68457,1349.0,15529.700195,13522.02,371056.0,8203.0,6.995,4.6467,0.63,13879.77,1.432,15627.299805,1.3,13478.94,1.4245,15472.099609,20717.9,13888.47,1.4286,15476.299805,1942.0,8.57,35.06,1.4305
2007-10-22,59.47,22659.9,15327.78418,1349.0,15327.799805,13566.97,371056.0,8203.0,7.249,4.6467,0.63,13636.8,1.4348,15363.099609,1.3,13337.9,1.4125,15199.299805,20717.9,13521.62,1.4327,15254.599609,1942.0,8.57,35.06,1.4177
2007-10-23,59.47,22659.9,15429.583984,1349.0,15429.599609,13676.23,371056.0,8203.0,7.249,4.6467,0.63,13754.91,1.4281,15479.5,1.3,13494.95,1.417,15363.700195,20717.9,13568.93,1.4179,15398.200195,1942.0,8.57,35.06,1.4261
2007-10-24,59.47,22659.9,15231.28418,1349.0,15231.299805,13675.25,371056.0,8203.0,7.249,4.6467,0.63,13751.5,1.427,15443.099609,1.3,13423.74,1.4189,15187.5,20717.9,13675.58,1.4261,15417.900391,1942.0,8.57,35.06,1.4267
2007-10-25,59.47,22659.9,15385.984375,1349.0,15386.0,13671.92,371056.0,8203.0,7.249,4.6467,0.63,13819.78,1.4346,15407.799805,1.3,13471.87,1.4247,15323.5,20717.9,13677.85,1.4266,15393.200195,1942.0,8.57,35.06,1.4323
2007-10-26,59.47,22659.9,15603.884766,1349.0,15603.900391,13806.7,371056.0,8203.0,7.249,4.6467,0.63,13885.95,1.4398,15652.700195,1.3,13622.01,1.4317,15418.700195,20717.9,13675.66,1.433,15436.400391,1942.0,8.57,35.06,1.4397
2007-10-29,59.47,22659.9,15738.083984,1349.0,15738.099609,13870.26,371056.0,8203.0,7.42,4.6467,0.63,13966.18,1.444,15775.599609,1.3,13748.33,1.4377,15680.700195,20717.9,13807.35,1.4412,15703.599609,1942.0,8.57,35.06,1.4425
2007-10-30,59.47,22659.9,15782.484375,1349.0,15782.5,13792.47,371056.0,8203.0,7.42,4.6467,0.63,13930.91,1.4442,15792.299805,1.3,13719.8,1.4375,15676.599609,20717.9,13869.04,1.4425,15716.599609,1942.0,8.57,35.06,1.444
2007-10-31,59.47,22659.9,15890.484375,1349.0,15890.5,13930.01,371056.0,8203.0,7.42,4.6467,0.63,13990.65,1.4505,15897.299805,1.3,13711.59,1.4418,15729.0,20717.9,13792.06,1.444,15794.400391,1942.0,8.57,35.06,1.4481
2007-11-01,59.47,22659.9,15759.583984,1349.0,15759.599609,13567.87,374175.0,8272.0,7.42,4.6072,0.63,13875.87,1.4484,15928.299805,0.7,13522.75,1.4404,15622.599609,20717.9,13924.16,1.448,15864.099609,1942.0,8.57,35.36,1.442
2007-11-02,59.47,22659.9,15823.68457,1349.0,15823.700195,13595.1,374175.0,8272.0,7.42,4.6072,0.63,13708.58,1.4528,15862.599609,0.7,13381.64,1.4417,15652.099609,20717.9,13569.9,1.4423,15652.099609,1942.0,8.57,35.36,1.4508
2007-11-05,59.47,22659.9,15825.884766,1349.0,15825.900391,13543.4,374175.0,8272.0,7.543,4.6072,0.63,13666.15,1.4526,15846.400391,0.7,13393.67,1.4444,15685.5,20717.9,13592.58,1.4514,15708.799805,1942.0,8.57,35.36,1.4463
2007-11-06,59.47,22659.9,15895.384766,1349.0,15895.400391,13660.94,374175.0,8272.0,7.543,4.6072,0.63,13716.55,1.4573,15966.400391,0.7,13460.73,1.4464,15868.599609,20717.9,13542.34,1.4466,15925.5,1942.0,8.57,35.36,1.4556
2007-11-07,59.47,22659.9,15841.884766,1349.0,15841.900391,13300.02,374175.0,8272.0,7.543,4.6072,0.63,13629.08,1.4731,15955.299805,0.7,13269.46,1.4553,15640.200195,20717.9,13646.72,1.4559,15920.5,1942.0,8.57,35.36,1.4644
2007-11-08,59.47,22659.9,15945.683594,1349.0,15945.700195,13266.29,374175.0,8272.0,7.543,4.6072,0.63,13463.66,1.4705,15968.400391,0.7,13001.93,1.4616,15612.599609,20717.9,13299.7,1.4642,15647.200195,1942.0,8.57,35.36,1.4674
2007-11-09,59.47,22659.9,15731.18457,1349.0,15731.200195,13042.74,374175.0,8272.0,7.543,4.6072,0.63,13321.81,1.4754,16040.400391,0.7,12920.65,1.463,15682.700195,20717.9,13261.17,1.4672,15999.200195,1942.0,8.57,35.36,1.4676
2007-11-12,59.47,22659.9,15774.68457,1349.0,15774.700195,12987.55,374175.0,8272.0,7.837,4.6072,0.63,13238.73,1.4676,15821.900391,0.7,12910.4,1.4526,15648.400391,20717.9,13039.16,1.4671,15660.5,1942.0,8.57,35.36,1.4535
2007-11-13,59.47,22659.9,15814.78418,1349.0,15814.799805,13307.09,374175.0,8272.0,7.837,4.6072,0.63,13357.57,1.4635,15824.5,0.7,12982.18,1.4521,15634.400391,20717.9,12975.11,1.4533,15710.599609,1942.0,8.57,35.36,1.4603
2007-11-14,59.47,22659.9,15808.884766,1349.0,15808.900391,13231.01,374175.0,8272.0,7.837,4.6072,0.63,13465.2,1.4726,15943.599609,0.7,13159.88,1.4598,15754.200195,20717.9,13305.47,1.4604,15913.900391,1942.0,8.57,35.36,1.4657
2007-11-15,59.47,22659.9,15725.78418,1349.0,15725.799805,13110.05,374175.0,8272.0,7.837,4.6072,0.63,13333.59,1.4707,15871.0,0.7,13007.95,1.4606,15661.0,20717.9,13230.68,1.4644,15795.900391,1942.0,8.57,35.36,1.4619
2007-11-16,59.47,22659.9,15768.984375,1349.0,15769.0,13176.79,374175.0,8272.0,7.837,4.6072,0.63,13293.44,1.4674,15826.200195,0.7,12987.22,1.4581,15560.0,20717.9,13109.48,1.4611,15634.400391,1942.0,8.57,35.36,1.4659
2007-11-19,59.47,22659.9,15539.28418,1349.0,15539.299805,12958.44,374175.0,8272.0,7.803,4.6072,0.63,13195.48,1.4688,15935.299805,0.7,12871.14,1.4618,15539.299805,20717.9,12958.44,1.4671,15770.299805,1942.0,8.57,35.36,1.4663
2007-11-20,59.47,22659.9,15699.984375,1349.0,15700.0,13010.14,374175.0,8272.0,7.803,4.6072,0.63,13179.23,1.4834,15700.0,0.7,12800.74,1.4634,15485.799805,20717.9,12955.92,1.4665,15622.099609,1942.0,8.57,35.36,1.4823
2007-11-21,59.47,22659.9,15364.484375,1349.0,15364.5,12799.04,374175.0,8272.0,7.803,4.6072,0.63,13055.59,1.4872,15568.200195,0.7,12725.39,1.4773,15294.700195,20717.9,13006.65,1.4842,15550.700195,1942.0,8.57,35.36,1.4857
2007-11-23,59.47,22659.9,15392.18457,1349.0,15392.200195,12980.88,374175.0,8272.0,7.803,4.6072,0.63,13028.84,1.4968,15400.799805,0.7,12803.67,1.4784,15267.0,20717.9,12796.07,1.4849,15318.0,1942.0,8.57,35.36,1.4837
2007-11-26,59.47,22659.9,15330.18457,1349.0,15330.200195,12743.44,374175.0,8272.0,7.934,4.6072,0.63,13104.44,1.4888,15575.299805,0.7,12707.26,1.4805,15294.0,20717.9,12979.99,1.4823,15476.799805,1942.0,8.57,35.36,1.4881
2007-11-27,59.47,22659.9,15315.583984,1349.0,15315.599609,12958.44,374175.0,8272.0,7.934,4.6072,0.63,13040.38,1.491,15346.200195,0.7,12711.98,1.4809,15165.099609,20717.9,12744.78,1.4872,15287.400391,1942.0,8.57,35.36,1.4831
2007-11-28,59.47,22659.9,15566.484375,1349.0,15566.5,13289.45,374175.0,8272.0,7.934,4.6072,0.63,13353.51,1.486,15592.599609,0.7,12986.33,1.471,15229.400391,20717.9,12958.04,1.4824,15392.599609,1942.0,8.57,35.36,1.4831
2007-11-29,59.47,22659.9,15656.583984,1349.0,15656.599609,13311.73,374175.0,8272.0,7.934,4.6072,0.63,13399.03,1.4847,15692.599609,0.7,13150.21,1.472,15485.099609,20717.9,13287.91,1.4844,15666.099609,1942.0,8.57,35.36,1.4741
2007-11-30,59.47,22659.9,15759.884766,1349.0,15759.900391,13371.72,374175.0,8272.0,7.934,4.6072,0.63,13570.31,1.4785,15799.200195,0.7,13225.32,1.4628,15643.5,20717.9,13314.25,1.4745,15660.5,1942.0,8.57,35.36,1.4632
2007-12-03,59.47,22659.9,15734.984375,1349.0,15735.0,13314.57,384662.0,8423.0,7.861,4.7929,0.63,13490.24,1.4708,15846.5,0.4,13207.6,1.4619,15710.0,20717.9,13368.22,1.4638,15767.099609,1942.0,8.57,35.76,1.4665
2007-12-04,59.47,22659.9,15708.18457,1349.0,15708.200195,13248.73,384662.0,8423.0,7.861,4.7929,0.63,13395.21,1.4768,15804.0,0.4,13139.56,1.4634,15615.0,20717.9,13311.24,1.4667,15715.5,1942.0,8.57,35.76,1.4766
2007-12-05,59.47,22659.9,15802.18457,1349.0,15802.200195,13444.96,384662.0,8423.0,7.861,4.7929,0.63,13513.0,1.4771,15849.200195,0.4,13274.25,1.4591,15737.599609,20717.9,13244.01,1.4765,15805.799805,1942.0,8.57,35.76,1.4604
2007-12-06,59.47,22659.9,15695.884766,1349.0,15695.900391,13619.89,384662.0,8423.0,7.861,4.7929,0.63,13652.49,1.4653,15901.400391,0.4,13362.37,1.4527,15667.099609,20717.9,13445.85,1.4611,15889.5,1942.0,8.57,35.76,1.4632
2007-12-07,59.47,22659.9,15819.583984,1349.0,15819.599609,13625.58,384662.0,8423.0,7.861,4.7929,0.63,13744.02,1.4674,15855.5,0.4,13514.22,1.46,15759.5,20717.9,13618.27,1.4632,15786.099609,1942.0,8.57,35.76,1.4657
2007-12-10,59.47,22659.9,15832.68457,1349.0,15832.700195,13727.03,384662.0,8423.0,8.473,4.7929,0.63,13807.02,1.4737,15892.700195,0.4,13582.5,1.464,15739.900391,20717.9,13623.55,1.4655,15760.900391,1942.0,8.57,35.76,1.4714
2007-12-11,59.47,22659.9,15890.484375,1349.0,15890.5,13432.77,384662.0,8423.0,8.473,4.7929,0.63,13850.92,1.4752,15906.799805,0.4,13374.89,1.464,15771.799805,20717.9,13726.87,1.4714,15903.5,1942.0,8.57,35.76,1.4651
2007-12-12,59.47,22659.9,15859.984375,1349.0,15860.0,13473.9,384662.0,8423.0,8.473,4.7929,0.63,13778.98,1.4748,15983.400391,0.4,13299.61,1.4649,15679.200195,20717.9,13434.8,1.4657,15719.400391,1942.0,8.57,35.76,1.4707
2007-12-13,59.47,22659.9,15499.18457,1349.0,15499.200195,13517.96,384662.0,8423.0,8.473,4.7929,0.63,13586.73,1.4738,15757.099609,0.4,13281.0,1.4576,15486.5,20717.9,13473.98,1.4706,15755.599609,1942.0,8.57,35.76,1.4627
2007-12-14,59.47,22659.9,15575.68457,1349.0,15575.700195,13339.85,384662.0,8423.0,8.473,4.7929,0.63,13557.54,1.4661,15596.200195,0.4,13284.66,1.4411,15429.5,20717.9,13515.11,1.463,15564.099609,1942.0,8.57,35.76,1.4419
2007-12-17,59.47,22659.9,15318.484375,1349.0,15318.5,13167.2,384662.0,8423.0,8.287,4.7929,0.63,13378.38,1.4455,15444.5,0.4,13111.92,1.4331,15302.700195,20717.9,13339.2,1.4388,15404.400391,1942.0,8.57,35.76,1.44
2007-12-18,59.47,22659.9,15282.083984,1349.0,15282.099609,13232.47,384662.0,8423.0,8.287,4.7929,0.63,13346.84,1.4438,15441.400391,0.4,13059.32,1.4367,15276.099609,20717.9,13168.66,1.44,15282.900391,1942.0,8.57,35.76,1.4409
2007-12-19,59.47,22659.9,15177.083984,1349.0,15177.099609,13207.27,384662.0,8423.0,8.287,4.7929,0.63,13368.79,1.4424,15350.700195,0.4,13097.77,1.4325,15177.099609,20717.9,13231.98,1.4416,15329.599609,1942.0,8.57,35.76,1.4378
2007-12-20,59.47,22659.9,15140.18457,1349.0,15140.200195,13245.64,384662.0,8423.0,8.287,4.7929,0.63,13354.0,1.4392,15271.799805,0.4,13112.98,1.4309,15107.400391,20717.9,13206.46,1.4375,15213.5,1942.0,8.57,35.76,1.432
2007-12-21,59.47,22659.9,15289.28418,1349.0,15289.299805,13450.65,384662.0,8423.0,8.287,4.7929,0.63,13518.2,1.4411,15348.299805,0.4,13281.89,1.4316,15233.799805,20717.9,13241.66,1.4327,15299.200195,1942.0,8.57,35.76,1.4367
2008-01-02,59.67,22810.4,15002.484375,1420.0,15002.5,13043.96,365204.0,7997.0,9.001,4.498,0.2214,13338.23,1.4752,15186.0,-0.6,12969.42,1.4589,14971.400391,20620.0,13261.82,1.4593,15101.900391,2190.5,9.6,33.96,1.4727
2008-01-03,59.67,22810.4,14856.485352,1420.0,14856.5,13056.72,365204.0,7997.0,9.001,4.498,0.2214,13197.43,1.4783,15016.400391,-0.6,12968.44,1.4687,14769.599609,20620.0,13044.12,1.4726,14966.099609,2190.5,9.6,33.96,1.4748
2008-01-04,59.67,22810.4,14602.285156,1420.0,14602.299805,12800.18,365204.0,7997.0,9.001,4.498,0.2214,13049.65,1.4825,14867.099609,-0.6,12740.51,1.4695,14511.0,20620.0,13046.56,1.4748,14794.299805,2190.5,9.6,33.96,1.4745
2008-01-07,59.67,22810.4,14666.985352,1420.0,14667.0,12827.49,365204.0,7997.0,8.982,4.498,0.2214,12984.95,1.4758,14701.5,-0.6,12640.44,1.4659,14529.5,20620.0,12842.28,1.4747,14551.700195,2190.5,9.6,33.96,1.4689
2008-01-08,59.67,22810.4,14670.485352,1420.0,14670.5,12589.07,365204.0,7997.0,8.982,4.498,0.2214,12998.11,1.4746,14808.799805,-0.6,12511.03,1.468,14670.5,20620.0,12874.8,1.4692,14707.299805,2190.5,9.6,33.96,1.4708
2008-01-09,59.67,22810.4,14603.485352,1420.0,14603.5,12735.31,365204.0,7997.0,8.982,4.498,0.2214,12814.97,1.4745,14665.099609,-0.6,12431.53,1.464,14471.200195,20620.0,12599.15,1.4705,14577.900391,2190.5,9.6,33.96,1.4661
2008-01-10,59.67,22810.4,14523.985352,1420.0,14524.0,12853.09,365204.0,7997.0,8.982,4.498,0.2214,12966.74,1.4816,14684.900391,-0.6,12555.74,1.464,14480.099609,20620.0,12652.72,1.4658,14672.400391,2190.5,9.6,33.96,1.4807
2008-01-11,59.67,22810.4,14457.985352,1420.0,14458.0,12606.3,365204.0,7997.0,8.982,4.498,0.2214,12863.34,1.4821,14568.700195,-0.6,12495.91,1.4762,14428.700195,20620.0,12723.68,1.4808,14501.900391,2190.5,9.6,33.96,1.4777
2008-01-14,59.67,22810.4,14431.885742,1420.0,14431.900391,12778.15,365204.0,7997.0,8.69,4.498,0.2214,12866.1,1.4916,14540.900391,-0.6,12596.95,1.478,14343.400391,20620.0,12724.9,1.4783,14398.0,2190.5,9.6,33.96,1.4868
2008-01-15,59.67,22810.4,13945.186523,1420.0,13945.200195,12501.11,365204.0,7997.0,8.69,4.498,0.2214,12754.65,1.4923,14394.900391,-0.6,12425.92,1.48,13945.200195,20620.0,12633.94,1.4867,14362.900391,2190.5,9.6,33.96,1.4808
2008-01-16,59.67,22810.4,13817.085938,1420.0,13817.099609,12466.16,365204.0,7997.0,8.69,4.498,0.2214,12699.05,1.486,14054.799805,-0.6,12294.48,1.4595,13687.599609,20620.0,12428.2,1.4802,13806.299805,2190.5,9.6,33.96,1.4659
2008-01-17,59.67,22810.4,13775.585938,1420.0,13775.599609,12159.21,365204.0,7997.0,8.69,4.498,0.2214,12597.85,1.4715,13995.0,-0.6,12089.38,1.4588,13731.200195,20620.0,12501.11,1.4651,13981.700195,2190.5,9.6,33.96,1.4659
2008-01-18,59.67,22810.4,13655.386719,1420.0,13655.400391,12099.3,365204.0,7997.0,8.69,4.498,0.2214,12441.85,1.4697,13997.400391,-0.6,11953.71,1.4604,13608.200195,20620.0,12197.74,1.4647,13740.099609,2190.5,9.6,33.96,1.4611
2008-01-22,59.67,22810.4,12839.6875,1420.0,12839.700195,11971.19,365204.0,7997.0,8.15,4.498,0.2214,12167.42,1.4644,12909.200195,-0.6,11508.74,1.4365,11937.200195,20620.0,11604.25,1.4446,12509.299805,2190.5,9.6,33.96,1.4627
2008-01-23,59.67,22810.4,12254.586914,1420.0,12254.599609,12270.17,365204.0,7997.0,8.15,4.498,0.2214,12339.1,1.4684,13038.099609,-0.6,11530.12,1.451,12164.099609,20620.0,11733.83,1.4627,13020.0,2190.5,9.6,33.96,1.4638
2008-01-24,59.67,22810.4,13106.686523,1420.0,13106.700195,12378.61,365204.0,7997.0,8.15,4.498,0.2214,12522.82,1.4781,13106.700195,-0.6,12114.83,1.4591,12490.599609,20620.0,12287.65,1.463,12556.599609,2190.5,9.6,33.96,1.4768
2008-01-25,59.67,22810.4,13141.085938,1420.0,13141.099609,12207.17,365204.0,7997.0,8.15,4.498,0.2214,12590.69,1.4777,13491.0,-0.6,12103.61,1.4661,13100.400391,20620.0,12499.24,1.4758,13295.5,2190.5,9.6,33.96,1.4672
2008-01-28,59.67,22810.4,13026.686523,1420.0,13026.700195,12383.89,365204.0,7997.0,8.095,4.498,0.2214,12423.81,1.4799,13080.099609,-0.6,12061.42,1.466,12813.099609,20620.0,12225.54,1.4681,12880.299805,2190.5,9.6,33.96,1.4786
2008-01-29,59.67,22810.4,13246.585938,1420.0,13246.599609,12480.3,365204.0,7997.0,8.095,4.498,0.2214,12604.92,1.4798,13309.0,-0.6,12262.29,1.4737,13050.299805,20620.0,12466.89,1.4784,13120.900391,2190.5,9.6,33.96,1.4777
2008-01-30,59.67,22810.4,13217.085938,1420.0,13217.099609,12442.83,365204.0,7997.0,8.095,4.498,0.2214,12715.96,1.4907,13381.299805,-0.6,12311.55,1.4756,13117.700195,20620.0,12418.2,1.4777,13185.099609,2190.5,9.6,33.96,1.488
2008-01-31,59.67,22810.4,13228.986328,1420.0,13229.0,12650.36,365204.0,7997.0,8.095,4.498,0.2214,12734.74,1.4915,13338.5,-0.6,12197.09,1.4801,12958.299805,20620.0,12284.32,1.4862,13281.5,2190.5,9.6,33.96,1.4866
2008-02-01,59.67,22810.4,13494.686523,1420.0,13494.700195,12743.19,369886.0,8099.0,8.095,4.3489,0.2214,12841.88,1.4954,13550.0,0.2,12510.05,1.4787,13320.400391,20620.0,12667.35,1.486,13440.700195,2190.5,9.6,34.39,1.48
2008-02-04,59.67,22810.4,13515.686523,1420.0,13515.700195,12635.16,369886.0,8099.0,8.283,4.3489,0.2214,12810.34,1.4851,13652.099609,0.2,12557.61,1.4794,13476.5,20620.0,12746.93,1.4807,13608.299805,2190.5,9.6,34.39,1.4827
2008-02-05,59.67,22810.4,12814.6875,1420.0,12814.700195,12265.13,369886.0,8099.0,8.283,4.3489,0.2214,12574.92,1.4836,13466.299805,0.2,12234.97,1.4622,12781.5,20620.0,12456.32,1.4832,13464.099609,2190.5,9.6,34.39,1.4639
2008-02-06,59.67,22810.4,13037.286133,1420.0,13037.299805,12200.1,369886.0,8099.0,8.283,4.3489,0.2214,12436.33,1.4672,13084.900391,0.2,12142.14,1.4591,12721.400391,20620.0,12333.01,1.4645,12739.400391,2190.5,9.6,34.39,1.4622
2008-02-07,59.67,22810.4,12889.487305,1420.0,12889.5,12247.0,369886.0,8099.0,8.283,4.3489,0.2214,12366.99,1.4655,13060.5,0.2,12045.0,1.444,12724.299805,20620.0,12155.47,1.4636,13010.700195,2190.5,9.6,34.39,1.4485
2008-02-08,59.67,22810.4,12934.787109,1420.0,12934.799805,12182.13,369886.0,8099.0,8.283,4.3489,0.2214,12330.97,1.4548,13068.099609,0.2,12058.01,1.4449,12768.700195,20620.0,12203.76,1.4482,12964.5,2190.5,9.6,34.39,1.451
2008-02-11,59.67,22810.4,12818.787109,1420.0,12818.799805,12240.01,369886.0,8099.0,8.347,4.3489,0.2214,12332.76,1.4579,13029.200195,0.2,12006.79,1.4482,12774.099609,20620.0,12142.55,1.4518,12830.099609,2190.5,9.6,34.39,1.4526
2008-02-12,59.67,22810.4,13254.686523,1420.0,13254.700195,12373.41,369886.0,8099.0,8.347,4.3489,0.2214,12524.12,1.4615,13254.700195,0.2,12207.9,1.4495,12808.700195,20620.0,12296.51,1.452,12926.700195,2190.5,9.6,34.39,1.4583
2008-02-13,59.67,22810.4,13266.686523,1420.0,13266.700195,12552.24,369886.0,8099.0,8.347,4.3489,0.2214,12627.76,1.46,13342.099609,0.2,12354.22,1.4531,13095.799805,20620.0,12463.07,1.4579,13137.099609,2190.5,9.6,34.39,1.457
2008-02-14,59.67,22810.4,13313.186523,1420.0,13313.200195,12376.98,369886.0,8099.0,8.347,4.3489,0.2214,12611.26,1.4648,13455.900391,0.2,12332.03,1.4548,13252.0,20620.0,12558.42,1.457,13420.700195,2190.5,9.6,34.39,1.4638
2008-02-15,59.67,22810.4,13073.886719,1420.0,13073.900391,12348.21,369886.0,8099.0,8.347,4.3489,0.2214,12441.2,1.4711,13381.5,0.2,12216.68,1.4632,12979.700195,20620.0,12367.47,1.4638,13292.900391,2190.5,9.6,34.39,1.468
2008-02-19,59.67,22810.4,13269.686523,1420.0,13269.700195,12337.22,369886.0,8099.0,8.188,4.3489,0.2214,12571.11,1.4759,13393.0,0.2,12276.81,1.4642,13044.0,20620.0,12479.93,1.4655,13260.0,2190.5,9.6,34.39,1.4727
2008-02-20,59.67,22810.4,13080.386719,1420.0,13080.400391,12427.26,369886.0,8099.0,8.188,4.3489,0.2214,12489.29,1.4732,13138.900391,0.2,12159.42,1.4614,12998.200195,20620.0,12247.1,1.4727,13096.799805,2190.5,9.6,34.39,1.4713
2008-02-21,59.67,22810.4,13172.986328,1420.0,13173.0,12284.3,369886.0,8099.0,8.188,4.3489,0.2214,12545.79,1.4838,13288.099609,0.2,12225.36,1.4703,13116.200195,20620.0,12454.94,1.4712,13150.700195,2190.5,9.6,34.39,1.4813
2008-02-22,59.67,22810.4,13017.486328,1420.0,13017.5,12381.02,369886.0,8099.0,8.188,4.3489,0.2214,12429.05,1.4864,13155.299805,0.2,12116.92,1.4789,12960.900391,20620.0,12313.77,1.4812,13055.400391,2190.5,9.6,34.39,1.4832
2008-02-25,59.67,22810.4,13156.585938,1420.0,13156.599609,12570.22,369886.0,8099.0,8.19,4.3489,0.2214,12612.47,1.4846,13180.299805,0.2,12292.03,1.4795,12995.400391,20620.0,12383.38,1.4839,13141.799805,2190.5,9.6,34.39,1.4829
2008-02-26,59.67,22810.4,13436.585938,1420.0,13436.599609,12684.92,369886.0,8099.0,8.19,4.3489,0.2214,12771.14,1.4984,13444.700195,0.2,12449.08,1.4779,13182.400391,20620.0,12508.67,1.4829,13222.400391,2190.5,9.6,34.39,1.4975
2008-02-27,59.67,22810.4,13454.286133,1420.0,13454.299805,12694.28,369886.0,8099.0,8.19,4.3489,0.2214,12815.59,1.5145,13505.5,0.2,12527.64,1.4972,13255.400391,20620.0,12602.86,1.498,13461.200195,2190.5,9.6,34.39,1.5123
2008-02-28,59.67,22810.4,13272.085938,1420.0,13272.099609,12582.18,369886.0,8099.0,8.19,4.3489,0.2214,12713.99,1.5231,13439.5,0.2,12463.32,1.5074,13272.099609,20620.0,12603.1,1.5124,13398.599609,2190.5,9.6,34.39,1.5223
2008-02-29,59.67,22810.4,13170.386719,1420.0,13170.400391,12266.39,369886.0,8099.0,8.19,4.3489,0.2214,12517.62,1.524,13306.0,0.2,12210.3,1.5144,13055.799805,20620.0,12452.98,1.5205,13204.0,2190.5,9.6,34.39,1.5181
2008-03-03,59.67,22810.4,12862.487305,1420.0,12862.5,12258.9,380270.0,8327.0,7.796,4.5901,0.2214,12344.71,1.5276,13020.700195,0.9,12101.29,1.5156,12829.5,20620.0,12232.44,1.5194,12998.0,2190.5,9.6,34.91,1.5208
2008-03-04,59.67,22810.4,12630.086914,1420.0,12630.099609,12213.8,380270.0,8327.0,7.796,4.5901,0.2214,12291.22,1.525,12957.0,0.9,11991.06,1.5173,12584.799805,20620.0,12155.75,1.5206,12913.099609,2190.5,9.6,34.91,1.521
2008-03-05,59.67,22810.4,12948.086914,1420.0,12948.099609,12254.99,380270.0,8327.0,7.796,4.5901,0.2214,12392.74,1.5303,12968.700195,0.9,12105.36,1.5146,12682.5,20620.0,12235.62,1.5215,12731.799805,2190.5,9.6,34.91,1.5271
2008-03-06,59.67,22810.4,12803.287109,1420.0,12803.299805,12040.39,380270.0,8327.0,7.796,4.5901,0.2214,12267.86,1.5396,12993.700195,0.9,12010.03,1.5261,12746.5,20620.0,12223.65,1.5265,12981.799805,2190.5,9.6,34.91,1.5389
2008-03-07,59.67,22810.4,12691.287109,1420.0,12691.299805,11893.69,380270.0,8327.0,7.796,4.5901,0.2214,12131.33,1.5461,12818.700195,0.9,11778.66,1.5314,12583.5,20620.0,11946.69,1.5388,12673.599609,2190.5,9.6,34.91,1.5351
2008-03-10,59.67,22810.4,12654.987305,1420.0,12655.0,11740.15,380270.0,8327.0,7.908,4.5901,0.2214,11993.75,1.5404,12835.200195,0.9,11691.47,1.5313,12571.400391,20620.0,11917.46,1.5364,12673.0,2190.5,9.6,34.91,1.5341
2008-03-11,59.67,22810.4,13056.085938,1420.0,13056.099609,12156.81,380270.0,8327.0,7.908,4.5901,0.2214,12205.98,1.5497,13138.0,0.9,11819.36,1.5283,12713.200195,20620.0,12011.82,1.5346,12743.700195,2190.5,9.6,34.91,1.5333
2008-03-12,59.67,22810.4,13131.286133,1420.0,13131.299805,12110.24,380270.0,8327.0,7.908,4.5901,0.2214,12360.58,1.5571,13291.599609,0.9,12037.79,1.5334,13080.299805,20620.0,12199.23,1.5337,13272.299805,2190.5,9.6,34.91,1.5571
2008-03-13,59.67,22810.4,13073.186523,1420.0,13073.200195,12145.74,380270.0,8327.0,7.908,4.5901,0.2214,12242.29,1.5646,13106.200195,0.9,11832.88,1.5522,12848.799805,20620.0,11962.32,1.5566,12925.799805,2190.5,9.6,34.91,1.564
2008-03-14,59.67,22810.4,13021.386719,1420.0,13021.400391,11951.09,380270.0,8327.0,7.908,4.5901,0.2214,12249.86,1.569,13312.5,0.9,11781.43,1.5532,12905.299805,20620.0,12200.2,1.5627,13088.700195,2190.5,9.6,34.91,1.5675
2008-03-17,59.67,22810.4,12655.987305,1420.0,12656.0,11972.25,380270.0,8327.0,7.518,4.5901,0.2214,12119.69,1.5906,12871.900391,0.9,11650.44,1.5685,12638.400391,20620.0,11734.13,1.5725,12678.099609,2190.5,9.6,34.91,1.5729
2008-03-18,59.67,22810.4,13030.486328,1420.0,13030.5,12392.66,380270.0,8327.0,7.518,4.5901,0.2214,12411.63,1.5834,13037.0,0.9,12053.09,1.5618,12780.099609,20620.0,12171.63,1.5731,12891.599609,2190.5,9.6,34.91,1.5626
2008-03-19,59.67,22810.4,12964.6875,1420.0,12964.700195,12099.66,380270.0,8327.0,7.518,4.5901,0.2214,12525.19,1.5787,13196.0,0.9,12077.27,1.5583,12874.299805,20620.0,12411.06,1.5623,13152.099609,2190.5,9.6,34.91,1.5633
2008-03-20,59.67,22810.4,12964.1875,1420.0,12964.200195,12361.32,380270.0,8327.0,7.518,4.5901,0.2214,12434.34,1.5652,13048.599609,0.9,12024.68,1.5397,12790.200195,20620.0,12150.3,1.5641,12840.200195,2190.5,9.6,34.91,1.5434
2008-03-25,59.67,22810.4,13434.186523,1420.0,13434.200195,12532.6,380270.0,8327.0,7.731,4.5901,0.2214,12639.82,1.5659,13434.200195,0.9,12397.62,1.5408,13304.900391,20620.0,12547.66,1.5433,13370.400391,2190.5,9.6,34.91,1.5629
2008-03-26,59.67,22810.4,13402.986328,1420.0,13403.0,12422.86,380270.0,8327.0,7.731,4.5901,0.2214,12553.44,1.586,13426.599609,0.9,12309.62,1.5584,13299.900391,20620.0,12441.02,1.563,13377.799805,2190.5,9.6,34.91,1.5845
2008-03-27,59.67,22810.4,13537.886719,1420.0,13537.900391,12302.46,380270.0,8327.0,7.731,4.5901,0.2214,12528.13,1.5848,13596.400391,0.9,12264.76,1.5726,13355.0,20620.0,12459.17,1.5842,13357.5,2190.5,9.6,34.91,1.5781
2008-03-28,59.67,22810.4,13442.386719,1420.0,13442.400391,12216.4,380270.0,8327.0,7.731,4.5901,0.2214,12441.67,1.5841,13578.5,0.9,12164.22,1.5741,13413.400391,20620.0,12337.54,1.5779,13556.900391,2190.5,9.6,34.91,1.5802
2008-03-31,59.67,22810.4,13268.986328,1420.0,13269.0,12262.89,380270.0,8327.0,7.738,4.5901,0.2214,12384.84,1.5896,13370.299805,0.9,12095.18,1.576,13181.099609,20620.0,12187.34,1.5812,13359.299805,2190.5,9.6,34.91,1.5774
2008-04-01,60.07,23032.6,13699.085938,1420.0,13699.099609,12654.36,368381.0,8066.0,7.738,4.8199,0.1154,12693.93,1.5787,13699.099609,1.1,12343.66,1.556,13194.0,20646.9,12434.2,1.5764,13205.599609,2385.7,10.36,33.81,1.561
2008-04-02,60.07,23032.6,13838.686523,1420.0,13838.700195,12605.83,368381.0,8066.0,7.738,4.8199,0.1154,12790.28,1.5703,13841.5,1.1,12488.22,1.5534,13692.5,20646.9,12684.9,1.5617,13782.900391,2385.7,10.36,33.81,1.5688
2008-04-03,60.07,23032.6,13738.886719,1420.0,13738.900391,12626.03,368381.0,8066.0,7.738,4.8199,0.1154,12734.97,1.5694,13844.700195,1.1,12455.04,1.551,13619.900391,20646.9,12546.48,1.5689,13839.5,2385.7,10.36,33.81,1.568
2008-04-04,60.07,23032.6,13846.386719,1420.0,13846.400391,12609.42,368381.0,8066.0,7.738,4.8199,0.1154,12738.3,1.5775,13846.400391,1.1,12489.4,1.5637,13695.299805,20646.9,12618.29,1.5683,13777.400391,2385.7,10.36,33.81,1.5737
2008-04-07,60.07,23032.6,13919.585938,1420.0,13919.599609,12612.43,368381.0,8066.0,7.496,4.8199,0.1154,12786.83,1.5737,14019.599609,1.1,12550.22,1.5627,13863.0,20646.9,12695.72,1.5732,13906.700195,2385.7,10.36,33.81,1.5703
2008-04-08,60.07,23032.6,13759.386719,1420.0,13759.400391,12576.44,368381.0,8066.0,7.496,4.8199,0.1154,12664.38,1.5799,13862.599609,1.1,12440.55,1.5674,13675.0,20646.9,12522.3,1.571,13861.200195,2385.7,10.36,33.81,1.5701
2008-04-09,60.07,23032.6,13598.986328,1420.0,13599.0,12527.26,368381.0,8066.0,7.496,4.8199,0.1154,12686.93,1.5866,13734.5,1.1,12416.53,1.5684,13579.099609,20646.9,12596.47,1.5702,13692.0,2385.7,10.36,33.81,1.5832
2008-04-10,60.07,23032.6,13507.886719,1420.0,13507.900391,12581.98,368381.0,8066.0,7.496,4.8199,0.1154,12705.9,1.5913,13566.0,1.1,12447.96,1.5724,13309.5,20646.9,12542.16,1.583,13560.200195,2385.7,10.36,33.81,1.5743
2008-04-11,60.07,23032.6,13278.286133,1420.0,13278.299805,12325.42,368381.0,8066.0,7.496,4.8199,0.1154,12546.56,1.5857,13613.700195,1.1,12280.89,1.5739,13226.400391,20646.9,12441.45,1.5743,13570.299805,2385.7,10.36,33.81,1.5807
2008-04-14,60.07,23032.6,13160.286133,1420.0,13160.299805,12302.06,368381.0,8066.0,7.347,4.8199,0.1154,12430.86,1.5887,13241.599609,1.1,12208.42,1.5671,13106.799805,20646.9,12324.77,1.5698,13214.799805,2385.7,10.36,33.81,1.5845
2008-04-15,60.07,23032.6,13408.886719,1420.0,13408.900391,12362.47,368381.0,8066.0,7.347,4.8199,0.1154,12459.36,1.5876,13444.900391,1.1,12223.97,1.5751,13263.099609,20646.9,12382.58,1.5841,13274.200195,2385.7,10.36,33.81,1.5792
2008-04-16,60.07,23032.6,13637.585938,1420.0,13637.599609,12619.27,368381.0,8066.0,7.347,4.8199,0.1154,12670.56,1.5978,13652.099609,1.1,12379.57,1.5758,13442.299805,20646.9,12472.14,1.5791,13528.799805,2385.7,10.36,33.81,1.595
2008-04-17,60.07,23032.6,13568.686523,1420.0,13568.700195,12620.49,368381.0,8066.0,7.347,4.8199,0.1154,12725.93,1.5984,13681.5,1.1,12472.71,1.5846,13537.700195,20646.9,12577.99,1.594,13673.200195,2385.7,10.36,33.81,1.5896
2008-04-18,60.07,23032.6,13924.886719,1420.0,13924.900391,12849.36,368381.0,8066.0,7.347,4.8199,0.1154,12965.47,1.5959,13945.700195,1.1,12695.31,1.5712,13621.200195,20646.9,12837.47,1.5895,13631.700195,2385.7,10.36,33.81,1.5815
2008-04-21,60.07,23032.6,13728.886719,1420.0,13728.900391,12825.02,368381.0,8066.0,7.322,4.8199,0.1154,12902.69,1.5948,13933.200195,1.1,12666.08,1.5791,13677.200195,20646.9,12825.02,1.5812,13927.200195,2385.7,10.36,33.81,1.5906
2008-04-22,60.07,23032.6,13593.386719,1420.0,13593.400391,12720.23,368381.0,8066.0,7.322,4.8199,0.1154,12870.86,1.6019,13696.299805,1.1,12604.53,1.5834,13537.299805,20646.9,12775.43,1.5912,13681.299805,2385.7,10.36,33.81,1.5988
2008-04-23,60.07,23032.6,13662.986328,1420.0,13663.0,12763.22,368381.0,8066.0,7.322,4.8199,0.1154,12883.8,1.6,13683.0,1.1,12627.0,1.5859,13466.200195,20646.9,12741.72,1.6,13617.0,2385.7,10.36,33.81,1.5888
2008-04-24,60.07,23032.6,13669.186523,1420.0,13669.200195,12848.95,368381.0,8066.0,7.322,4.8199,0.1154,12979.88,1.5892,13669.200195,1.1,12651.51,1.5638,13426.599609,20646.9,12781.86,1.5883,13633.700195,2385.7,10.36,33.81,1.5683
2008-04-25,60.07,23032.6,13772.786133,1420.0,13772.799805,12891.86,368381.0,8066.0,7.322,4.8199,0.1154,12987.29,1.5709,13832.599609,1.1,12703.7,1.5555,13693.700195,20646.9,12898.38,1.568,13731.299805,2385.7,10.36,33.81,1.5625
2008-04-28,60.07,23032.6,13877.786133,1420.0,13877.799805,12871.75,368381.0,8066.0,6.981,4.8199,0.1154,13015.62,1.5693,13904.200195,1.1,12791.55,1.5593,13766.799805,20646.9,12886.0,1.5617,13766.799805,2385.7,10.36,33.81,1.566
2008-04-29,60.07,23032.6,13707.186523,1420.0,13707.200195,12831.94,368381.0,8066.0,6.981,4.8199,0.1154,12970.27,1.5661,13834.799805,1.1,12737.82,1.5541,13668.799805,20646.9,12842.93,1.5651,13803.099609,2385.7,10.36,33.81,1.5569
2008-04-30,60.07,23032.6,13798.286133,1420.0,13798.299805,12820.13,368381.0,8066.0,6.981,4.8199,0.1154,13052.91,1.5643,13798.299805,1.1,12746.45,1.5517,13561.200195,20646.9,12867.84,1.5568,13698.400391,2385.7,10.36,33.81,1.5617
2008-05-02,60.07,23032.6,14059.985352,1420.0,14060.0,13058.2,373712.0,8183.0,6.981,4.9938,0.1154,13191.49,1.5501,14169.200195,0.7,12931.35,1.536,13913.400391,20646.9,13103.8,1.5467,13916.200195,2385.7,10.36,34.3,1.5429
2008-05-05,60.07,23032.6,14073.985352,1420.0,14074.0,12969.54,373712.0,8183.0,7.075,4.9938,0.1154,13105.75,1.5519,14122.799805,0.7,12896.5,1.5422,13974.0,20646.9,13005.12,1.5433,14049.200195,2385.7,10.36,34.3,1.5492
2008-05-06,60.07,23032.6,14005.785156,1420.0,14005.799805,13020.83,373712.0,8183.0,7.075,4.9938,0.1154,13071.07,1.5594,14120.299805,0.7,12817.53,1.5451,13884.5,20646.9,12902.04,1.5498,14071.299805,2385.7,10.36,34.3,1.5531
2008-05-07,60.07,23032.6,14026.785156,1420.0,14026.799805,12814.35,373712.0,8183.0,7.075,4.9938,0.1154,13097.77,1.5539,14091.299805,0.7,12756.14,1.5365,14004.099609,20646.9,12994.21,1.5531,14036.900391,2385.7,10.36,34.3,1.5391
2008-05-08,60.07,23032.6,14073.985352,1420.0,14074.0,12866.78,373712.0,8183.0,7.075,4.9938,0.1154,12965.95,1.5441,14074.0,0.7,12727.56,1.5285,13881.299805,20646.9,12856.53,1.5394,13898.0,2385.7,10.36,34.3,1.5407
2008-05-09,60.07,23032.6,13945.085938,1420.0,13945.099609,12745.88,373712.0,8183.0,7.075,4.9938,0.1154,12871.75,1.5491,14015.200195,0.7,12648.09,1.5394,13843.900391,20646.9,12750.76,1.5404,14000.299805,2385.7,10.36,34.3,1.5483
2008-05-12,60.07,23032.6,14053.885742,1420.0,14053.900391,12876.31,373712.0,8183.0,6.527,4.9938,0.1154,12960.26,1.5571,14108.400391,0.7,12665.11,1.5365,13987.400391,20646.9,12768.02,1.5462,13991.400391,2385.7,10.36,34.3,1.5547
2008-05-13,60.07,23032.6,14016.385742,1420.0,14016.400391,12832.18,373712.0,8183.0,6.527,4.9938,0.1154,12957.65,1.5567,14138.5,0.7,12716.16,1.5431,13959.299805,20646.9,12879.41,1.5541,14111.599609,2385.7,10.36,34.3,1.546
2008-05-14,60.07,23032.6,14187.185547,1420.0,14187.200195,12898.38,373712.0,8183.0,6.527,4.9938,0.1154,13073.44,1.5487,14214.599609,0.7,12806.21,1.5395,14033.200195,20646.9,12880.46,1.5471,14068.299805,2385.7,10.36,34.3,1.5476
2008-05-15,60.07,23032.6,14186.385742,1420.0,14186.400391,12992.66,373712.0,8183.0,6.527,4.9938,0.1154,13028.16,1.5548,14186.400391,0.7,12798.39,1.5419,14078.900391,20646.9,12877.53,1.5482,14145.400391,2385.7,10.36,34.3,1.5444
2008-05-16,60.07,23032.6,14124.785156,1420.0,14124.799805,12986.8,373712.0,8183.0,6.527,4.9938,0.1154,13069.52,1.5602,14301.299805,0.7,12860.6,1.5437,14078.200195,20646.9,13006.34,1.5442,14255.200195,2385.7,10.36,34.3,1.5577
2008-05-19,60.07,23032.6,14247.584961,1420.0,14247.599609,13028.16,373712.0,8183.0,6.775,4.9938,0.1154,13170.97,1.5633,14247.599609,0.7,12899.19,1.5485,14110.200195,20646.9,12976.38,1.5597,14148.900391,2385.7,10.36,34.3,1.5518
2008-05-20,60.07,23032.6,13992.084961,1420.0,13992.099609,12828.68,373712.0,8183.0,6.775,4.9938,0.1154,13002.1,1.568,14166.700195,0.7,12742.29,1.5503,13973.599609,20646.9,12958.06,1.5518,14158.400391,2385.7,10.36,34.3,1.5657
2008-05-21,60.07,23032.6,13857.186523,1420.0,13857.200195,12601.19,373712.0,8183.0,6.775,4.9938,0.1154,12926.71,1.5795,14049.200195,0.7,12550.39,1.5631,13803.099609,20646.9,12846.67,1.565,14047.299805,2385.7,10.36,34.3,1.5789
2008-05-22,60.07,23032.6,13851.986328,1420.0,13852.0,12625.62,373712.0,8183.0,6.775,4.9938,0.1154,12743.68,1.5816,13886.299805,0.7,12515.78,1.5692,13667.299805,20646.9,12595.01,1.5795,13742.299805,2385.7,10.36,34.3,1.573
2008-05-23,60.07,23032.6,13577.585938,1420.0,13577.599609,12479.63,373712.0,8183.0,6.775,4.9938,0.1154,12637.43,1.5796,13863.599609,0.7,12420.2,1.5697,13577.599609,20646.9,12573.18,1.5726,13863.400391,2385.7,10.36,34.3,1.5766
2008-05-27,60.07,23032.6,13451.386719,1420.0,13451.400391,12548.35,373712.0,8183.0,6.44,4.9938,0.1154,12626.84,1.5819,13664.200195,0.7,12397.56,1.5681,13445.099609,20646.9,12475.89,1.5774,13624.099609,2385.7,10.36,34.3,1.5685
2008-05-28,60.07,23032.6,13499.186523,1420.0,13499.200195,12594.03,373712.0,8183.0,6.44,4.9938,0.1154,12693.77,1.5762,13598.799805,0.7,12437.38,1.5608,13397.900391,20646.9,12579.05,1.5678,13504.599609,2385.7,10.36,34.3,1.5638
2008-05-29,60.07,23032.6,13539.486328,1420.0,13539.5,12646.22,373712.0,8183.0,6.44,4.9938,0.1154,12760.21,1.5665,13631.700195,0.7,12493.47,1.5486,13430.099609,20646.9,12558.61,1.5646,13573.299805,2385.7,10.36,34.3,1.5516
2008-05-30,60.07,23032.6,13600.886719,1420.0,13600.900391,12638.32,373712.0,8183.0,6.44,4.9938,0.1154,12750.84,1.5571,13630.700195,0.7,12555.6,1.5462,13540.700195,20646.9,12669.67,1.5517,13582.0,2385.7,10.36,34.3,1.5554
2008-06-02,60.07,23032.6,13299.986328,1420.0,13300.0,12503.82,390638.0,8495.0,6.556,5.3608,0.1154,12645.4,1.5591,13612.099609,0.6,12385.76,1.5487,13286.400391,20646.9,12597.04,1.556,13610.5,2385.7,10.36,35.48,1.5544
2008-06-03,60.07,23032.6,13431.686523,1420.0,13431.700195,12402.85,390638.0,8495.0,6.556,5.3608,0.1154,12620.98,1.563,13451.5,0.6,12317.61,1.541,13216.900391,20646.9,12543.14,1.5538,13264.900391,2385.7,10.36,35.48,1.5446
2008-06-04,60.07,23032.6,13341.186523,1420.0,13341.200195,12390.48,390638.0,8495.0,6.556,5.3608,0.1154,12540.37,1.5484,13383.599609,0.6,12283.74,1.5419,13173.700195,20646.9,12391.21,1.5434,13343.700195,2385.7,10.36,35.48,1.5433
2008-06-05,60.07,23032.6,13239.286133,1420.0,13239.299805,12604.45,390638.0,8495.0,6.556,5.3608,0.1154,12652.81,1.5603,13415.700195,0.6,12358.07,1.5366,13187.400391,20646.9,12424.68,1.5423,13378.900391,2385.7,10.36,35.48,1.5586
2008-06-06,60.07,23032.6,12909.787109,1420.0,12909.799805,12209.81,390638.0,8495.0,6.556,5.3608,0.1154,12559.83,1.5777,13379.0,0.6,12180.5,1.557,12902.400391,20646.9,12507.15,1.5583,13332.200195,2385.7,10.36,35.48,1.5777
2008-06-09,60.07,23032.6,12823.887695,1420.0,12823.900391,12280.32,390638.0,8495.0,6.771,5.3608,0.1154,12406.36,1.5846,12889.400391,0.6,12102.5,1.5617,12690.700195,20646.9,12263.46,1.5793,12815.900391,2385.7,10.36,35.48,1.5644
2008-06-10,60.07,23032.6,12755.1875,1420.0,12755.200195,12289.76,390638.0,8495.0,6.771,5.3608,0.1154,12425.98,1.5654,12841.900391,0.6,12116.58,1.5439,12622.200195,20646.9,12207.04,1.5642,12679.200195,2385.7,10.36,35.48,1.5463
2008-06-11,60.07,23032.6,12584.287109,1420.0,12584.299805,12083.77,390638.0,8495.0,6.771,5.3608,0.1154,12317.2,1.5587,12913.5,0.6,12029.46,1.5452,12562.299805,20646.9,12242.21,1.5452,12789.5,2385.7,10.36,35.48,1.5554
2008-06-12,60.07,23032.6,12853.287109,1420.0,12853.299805,12141.58,390638.0,8495.0,6.771,5.3608,0.1154,12337.72,1.5566,12853.299805,0.6,12041.43,1.5379,12598.400391,20646.9,12155.91,1.5557,12608.900391,2385.7,10.36,35.48,1.5447
2008-06-13,60.07,23032.6,12998.6875,1420.0,12998.700195,12307.35,390638.0,8495.0,6.771,5.3608,0.1154,12376.72,1.5484,13022.700195,0.6,12096.23,1.5302,12726.900391,20646.9,12210.78,1.545,12848.0,2385.7,10.36,35.48,1.538
2008-06-16,60.07,23032.6,12826.586914,1420.0,12826.599609,12269.08,390638.0,8495.0,7.015,5.3608,0.1154,12381.44,1.5518,13049.700195,0.6,12139.79,1.5345,12728.099609,20646.9,12228.21,1.541,12996.900391,2385.7,10.36,35.48,1.5467
2008-06-17,60.07,23032.6,12885.086914,1420.0,12885.099609,12160.3,390638.0,8495.0,7.015,5.3608,0.1154,12378.67,1.5552,12992.200195,0.6,12114.41,1.546,12839.700195,20646.9,12307.67,1.5466,12880.900391,2385.7,10.36,35.48,1.5509
2008-06-18,60.07,23032.6,12631.487305,1420.0,12631.5,12029.06,390638.0,8495.0,7.015,5.3608,0.1154,12212.33,1.5539,12852.200195,0.6,11947.07,1.546,12538.0,20646.9,12079.62,1.5506,12848.799805,2385.7,10.36,35.48,1.5534
2008-06-19,60.07,23032.6,12584.987305,1420.0,12585.0,12063.09,390638.0,8495.0,7.015,5.3608,0.1154,12188.31,1.5587,12728.5,0.6,11881.03,1.5466,12549.5,20646.9,12026.21,1.5531,12551.799805,2385.7,10.36,35.48,1.5501
2008-06-20,60.07,23032.6,12412.487305,1420.0,12412.5,11842.69,390638.0,8495.0,7.015,5.3608,0.1154,12078.23,1.5652,12639.799805,0.6,11785.04,1.5491,12307.5,20646.9,12030.03,1.5505,12630.099609,2385.7,10.36,35.48,1.5605
2008-06-23,60.07,23032.6,12403.387695,1420.0,12403.400391,11842.36,390638.0,8495.0,7.283,5.3608,0.1154,11986.96,1.5631,12493.5,0.6,11731.06,1.5468,12327.099609,20646.9,11881.6,1.563,12370.299805,2385.7,10.36,35.48,1.5524
2008-06-24,60.07,23032.6,12205.586914,1420.0,12205.599609,11807.43,390638.0,8495.0,7.283,5.3608,0.1154,11962.37,1.5623,12460.900391,0.6,11668.53,1.5492,12132.0,20646.9,11797.5,1.5518,12405.0,2385.7,10.36,35.48,1.5566
2008-06-25,60.07,23032.6,12446.086914,1420.0,12446.099609,11811.83,390638.0,8495.0,7.283,5.3608,0.1154,12008.7,1.5688,12446.099609,0.6,11683.75,1.5537,12259.400391,20646.9,11815.41,1.5567,12260.5,2385.7,10.36,35.48,1.5671
2008-06-26,60.07,23032.6,12077.6875,1420.0,12077.700195,11453.42,390638.0,8495.0,7.283,5.3608,0.1154,11775.35,1.5768,12375.200195,0.6,11431.92,1.5627,12076.5,20646.9,11694.42,1.5669,12374.700195,2385.7,10.36,35.48,1.5755
2008-06-27,60.07,23032.6,12089.787109,1420.0,12089.799805,11346.51,390638.0,8495.0,7.283,5.3608,0.1154,11556.33,1.5795,12145.299805,0.6,11248.48,1.5716,11885.099609,20646.9,11457.16,1.5753,12031.900391,2385.7,10.36,35.48,1.5795
2008-06-30,60.07,23032.6,12046.188477,1420.0,12046.200195,11350.01,390638.0,8495.0,7.127,5.3608,0.1154,11504.55,1.5837,12135.900391,0.6,11226.34,1.573,11874.5,20646.9,11352.21,1.5776,12092.5,2385.7,10.36,35.48,1.5756
2008-07-01,60.23,23157.1,11770.888672,1420.0,11770.900391,11382.26,377534.0,8210.0,7.127,5.3932,-0.1827,11465.79,1.5828,12035.200195,-0.5,11106.65,1.5723,11642.299805,20556.4,11233.42,1.5756,12028.5,2600.7,11.23,34.29,1.579
2008-07-02,60.23,23157.1,11856.888672,1420.0,11856.900391,11215.51,377534.0,8210.0,7.127,5.3932,-0.1827,11510.41,1.589,11957.200195,-0.5,11180.58,1.5775,11682.099609,20556.4,11404.16,1.5795,11777.900391,2600.7,11.23,34.29,1.588
2008-07-03,60.23,23157.1,11980.087891,1420.0,11980.099609,11288.54,377534.0,8210.0,7.127,5.3932,-0.1827,11396.34,1.5911,12032.700195,-0.5,11121.71,1.5682,11629.700195,20556.4,11297.34,1.5887,11712.5,2600.7,11.23,34.29,1.5698
2008-07-07,60.23,23157.1,11982.188477,1420.0,11982.200195,11231.96,377534.0,8210.0,6.754,5.3932,-0.1827,11477.52,1.5753,12005.799805,-0.5,11094.44,1.5609,11815.5,20556.4,11301.49,1.5696,11869.299805,2600.7,11.23,34.29,1.5722
2008-07-08,60.23,23157.1,11794.688477,1420.0,11794.700195,11384.21,377534.0,8210.0,6.754,5.3932,-0.1827,11459.52,1.574,11943.299805,-0.5,11101.19,1.5634,11682.599609,20556.4,11233.66,1.5724,11732.599609,2600.7,11.23,34.29,1.5672
2008-07-09,60.23,23157.1,11999.788086,1420.0,11999.799805,11147.44,377534.0,8210.0,6.754,5.3932,-0.1827,11505.12,1.5753,11999.799805,-0.5,11115.61,1.5649,11855.0,20556.4,11395.53,1.5669,11923.700195,2600.7,11.23,34.29,1.5742
2008-07-10,60.23,23157.1,11739.488281,1420.0,11739.5,11229.02,377534.0,8210.0,6.754,5.3932,-0.1827,11351.24,1.5801,11892.400391,-0.5,11006.01,1.569,11699.5,20556.4,11164.05,1.574,11797.900391,2600.7,11.23,34.29,1.5785
2008-07-11,60.23,23157.1,11383.488281,1420.0,11383.5,11100.54,377534.0,8210.0,6.754,5.3932,-0.1827,11292.04,1.5948,11844.599609,-0.5,10908.64,1.5765,11380.900391,20556.4,11083.85,1.5787,11837.799805,2600.7,11.23,34.29,1.5942
2008-07-14,60.23,23157.1,11442.988281,1420.0,11443.0,11055.19,377534.0,8210.0,6.645,5.3932,-0.1827,11299.7,1.5972,11602.299805,-0.5,10972.63,1.5841,11443.0,20556.4,11226.99,1.5964,11448.799805,2600.7,11.23,34.29,1.5905
2008-07-15,60.23,23157.1,11151.587891,1420.0,11151.599609,10962.54,377534.0,8210.0,6.645,5.3932,-0.1827,11201.67,1.6039,11345.799805,-0.5,10731.96,1.5865,10932.400391,20556.4,10938.11,1.59,11327.599609,2600.7,11.23,34.29,1.5919
2008-07-16,60.23,23157.1,11287.688477,1420.0,11287.700195,11239.28,377534.0,8210.0,6.645,5.3932,-0.1827,11308.41,1.5949,11329.5,-0.5,10831.61,1.58,11018.599609,20556.4,10924.76,1.5916,11160.799805,2600.7,11.23,34.29,1.5824
2008-07-17,60.23,23157.1,11642.087891,1420.0,11642.099609,11446.66,377534.0,8210.0,6.645,5.3932,-0.1827,11538.5,1.5895,11709.5,-0.5,11118.46,1.5784,11441.799805,20556.4,11308.57,1.5824,11453.599609,2600.7,11.23,34.29,1.5863
2008-07-18,60.23,23157.1,11895.288086,1420.0,11895.299805,11496.57,377534.0,8210.0,6.645,5.3932,-0.1827,11599.57,1.5889,11928.700195,-0.5,11290.5,1.5805,11493.5,20556.4,11491.2,1.5859,11610.400391,2600.7,11.23,34.29,1.5848
2008-07-21,60.23,23157.1,11784.587891,1420.0,11784.599609,11467.34,377534.0,8210.0,6.673,5.3932,-0.1827,11663.4,1.5932,11939.299805,-0.5,11339.02,1.5827,11692.799805,20556.4,11523.03,1.5837,11867.400391,2600.7,11.23,34.29,1.593
2008-07-22,60.23,23157.1,11610.087891,1420.0,11610.099609,11602.5,377534.0,8210.0,6.673,5.3932,-0.1827,11692.79,1.5945,11734.599609,-0.5,11273.32,1.5757,11372.200195,20556.4,11399.11,1.5926,11721.5,2600.7,11.23,34.29,1.5784
2008-07-23,60.23,23157.1,11934.888672,1420.0,11934.900391,11632.38,377534.0,8210.0,6.673,5.3932,-0.1827,11820.21,1.5798,11951.599609,-0.5,11410.02,1.5669,11773.900391,20556.4,11606.89,1.5791,11814.299805,2600.7,11.23,34.29,1.5688
2008-07-24,60.23,23157.1,11675.087891,1420.0,11675.099609,11349.28,377534.0,8210.0,6.673,5.3932,-0.1827,11714.21,1.5714,12013.900391,-0.5,11288.79,1.5628,11667.400391,20556.4,11619.27,1.5683,12003.0,2600.7,11.23,34.29,1.5676
2008-07-25,60.23,23157.1,11589.888672,1420.0,11589.900391,11370.69,377534.0,8210.0,6.673,5.3932,-0.1827,11540.78,1.5754,11592.700195,-0.5,11252.47,1.5662,11459.0,20556.4,11398.7,1.5676,11556.5,2600.7,11.23,34.29,1.571
2008-07-28,60.23,23157.1,11484.587891,1420.0,11484.599609,11131.08,377534.0,8210.0,6.953,5.3932,-0.1827,11439.25,1.5769,11640.299805,-0.5,11094.76,1.5683,11473.700195,20556.4,11312.81,1.57,11573.799805,2600.7,11.23,34.29,1.5746
2008-07-29,60.23,23157.1,11683.788086,1420.0,11683.799805,11397.56,377534.0,8210.0,6.953,5.3932,-0.1827,11444.05,1.576,11696.299805,-0.5,11086.13,1.5553,11320.700195,20556.4,11172.84,1.5739,11323.400391,2600.7,11.23,34.29,1.5589
2008-07-30,60.23,23157.1,11817.888672,1420.0,11817.900391,11583.69,377534.0,8210.0,6.953,5.3932,-0.1827,11681.47,1.5617,11922.299805,-0.5,11328.68,1.552,11740.700195,20556.4,11468.4,1.5583,11787.5,2600.7,11.23,34.29,1.5577
2008-07-31,60.23,23157.1,11881.288086,1420.0,11881.299805,11378.02,377534.0,8210.0,6.953,5.3932,-0.1827,11631.16,1.5701,11977.5,-0.5,11317.69,1.5568,11775.099609,20556.4,11449.67,1.5577,11887.400391,2600.7,11.23,34.29,1.5601
2008-08-01,60.23,23157.1,11569.488281,1420.0,11569.5,11326.32,378068.0,8222.0,6.953,5.323,-0.1827,11512.61,1.56,11776.799805,-0.2,11205.41,1.5513,11558.400391,20556.4,11449.02,1.5598,11719.0,2600.7,11.23,34.34,1.5566
2008-08-04,60.23,23157.1,11447.587891,1420.0,11447.599609,11284.15,378068.0,8222.0,6.87,5.323,-0.1827,11449.67,1.5633,11580.400391,-0.2,11144.59,1.5554,11410.099609,20556.4,11300.02,1.557,11556.099609,2600.7,11.23,34.34,1.5577
2008-08-05,60.23,23157.1,11751.388672,1420.0,11751.400391,11615.77,378068.0,8222.0,6.87,5.323,-0.1827,11652.24,1.5577,11751.5,-0.2,11303.6,1.5447,11473.799805,20556.4,11390.48,1.5574,11536.200195,2600.7,11.23,34.34,1.5458
2008-08-06,60.23,23157.1,11774.388672,1420.0,11774.400391,11656.07,378068.0,8222.0,6.87,5.323,-0.1827,11745.71,1.5518,11832.099609,-0.2,11454.64,1.5399,11647.700195,20556.4,11566.75,1.5454,11820.400391,2600.7,11.23,34.34,1.5414
2008-08-07,60.23,23157.1,11717.488281,1420.0,11717.5,11431.43,378068.0,8222.0,6.87,5.323,-0.1827,11680.5,1.5505,11896.599609,-0.2,11355.63,1.5309,11684.0,20556.4,11545.26,1.5414,11704.299805,2600.7,11.23,34.34,1.5322
2008-08-08,60.23,23157.1,11799.888672,1420.0,11799.900391,11734.32,378068.0,8222.0,6.87,5.323,-0.1827,11808.49,1.5335,11831.200195,-0.2,11344.23,1.4996,11612.099609,20556.4,11410.18,1.532,11667.0,2600.7,11.23,34.34,1.5006
2008-08-11,60.23,23157.1,12047.6875,1420.0,12047.700195,11782.35,378068.0,8222.0,6.764,5.323,-0.1827,11933.55,1.5084,12047.700195,-0.2,11580.19,1.4879,11748.5,20556.4,11706.55,1.4934,11806.099609,2600.7,11.23,34.34,1.4905
2008-08-12,60.23,23157.1,11996.087891,1420.0,11996.099609,11642.47,378068.0,8222.0,6.764,5.323,-0.1827,11830.39,1.4965,12078.700195,-0.2,11541.43,1.4813,11912.799805,20556.4,11731.55,1.4898,12008.599609,2600.7,11.23,34.34,1.492
2008-08-13,60.23,23157.1,11695.388672,1420.0,11695.400391,11532.96,378068.0,8222.0,6.764,5.323,-0.1827,11689.05,1.4979,11956.900391,-0.2,11377.37,1.484,11691.099609,20556.4,11575.79,1.4907,11904.299805,2600.7,11.23,34.34,1.4924
2008-08-14,60.23,23157.1,11606.788086,1420.0,11606.799805,11615.93,378068.0,8222.0,6.764,5.323,-0.1827,11744.33,1.495,11776.299805,-0.2,11399.84,1.4778,11527.599609,20556.4,11438.44,1.4923,11742.0,2600.7,11.23,34.34,1.4808
2008-08-15,60.23,23157.1,11686.087891,1420.0,11686.099609,11659.9,378068.0,8222.0,6.764,5.323,-0.1827,11776.41,1.4808,11712.0,-0.2,11540.05,1.4657,11587.0,20556.4,11644.75,1.4802,11648.5,2600.7,11.23,34.34,1.4689
2008-08-18,60.23,23157.1,11677.488281,1420.0,11677.5,11479.39,378068.0,8222.0,6.577,5.323,-0.1827,11744.49,1.4768,11784.299805,-0.2,11410.18,1.4672,11539.599609,20556.4,11682.86,1.4682,11674.200195,2600.7,11.23,34.34,1.4696
2008-08-19,60.23,23157.1,11335.288086,1420.0,11335.299805,11348.55,378068.0,8222.0,6.577,5.323,-0.1827,11501.45,1.4796,11550.599609,-0.2,11260.53,1.463,11333.5,20556.4,11400.25,1.4683,11536.799805,2600.7,11.23,34.34,1.4789
2008-08-20,60.23,23157.1,11379.888672,1420.0,11379.900391,11417.43,378068.0,8222.0,6.577,5.323,-0.1827,11511.06,1.4807,11422.099609,-0.2,11240.18,1.4673,11251.900391,20556.4,11382.17,1.4786,11373.299805,2600.7,11.23,34.34,1.4744
2008-08-21,60.23,23157.1,11217.388672,1420.0,11217.400391,11430.21,378068.0,8222.0,6.577,5.323,-0.1827,11501.29,1.4908,11322.200195,-0.2,11263.63,1.4731,11185.5,20556.4,11325.1,1.4742,11319.700195,2600.7,11.23,34.34,1.4907
2008-08-22,60.23,23157.1,11497.288086,1420.0,11497.299805,11628.06,378068.0,8222.0,6.577,5.323,-0.1827,11684.0,1.4902,11506.599609,-0.2,11431.68,1.4758,11200.700195,20556.4,11487.29,1.4895,11225.599609,2600.7,11.23,34.34,1.4793
2008-08-25,60.23,23157.1,11327.087891,1420.0,11327.099609,11386.25,378068.0,8222.0,6.379,5.323,-0.1827,11605.27,1.4808,11459.0,-0.2,11336.82,1.4696,11326.400391,20556.4,11550.55,1.4787,11453.900391,2600.7,11.23,34.34,1.4751
2008-08-26,60.23,23157.1,11419.888672,1420.0,11419.900391,11412.87,378068.0,8222.0,6.379,5.323,-0.1827,11483.62,1.4761,11440.5,-0.2,11284.47,1.4568,11218.900391,20556.4,11366.87,1.4751,11272.0,2600.7,11.23,34.34,1.465
2008-08-27,60.23,23157.1,11479.587891,1420.0,11479.599609,11502.51,378068.0,8222.0,6.379,5.323,-0.1827,11575.14,1.4777,11546.0,-0.2,11349.69,1.4633,11320.700195,20556.4,11404.4,1.4647,11399.5,2600.7,11.23,34.34,1.4722
2008-08-28,60.23,23157.1,11662.587891,1420.0,11662.599609,11715.15,378068.0,8222.0,6.379,5.323,-0.1827,11756.46,1.4811,11687.299805,-0.2,11493.72,1.467,11408.400391,20556.4,11551.12,1.4712,11464.700195,2600.7,11.23,34.34,1.4699
2008-08-29,60.23,23157.1,11707.288086,1420.0,11707.299805,11543.55,378068.0,8222.0,6.379,5.323,-0.1827,11730.49,1.477,11742.0,-0.2,11508.78,1.4641,11618.900391,20556.4,11655.5,1.4704,11685.200195,2600.7,11.23,34.34,1.4674
2008-09-02,60.23,23157.1,11903.888672,1420.0,11903.900391,11516.92,403722.0,8780.0,6.375,5.3839,-0.1827,11831.29,1.4607,11936.299805,0.0,11444.79,1.4466,11634.299805,20556.4,11718.93,1.4607,11705.599609,2600.7,11.23,36.4,1.4517
2008-09-03,60.23,23157.1,11849.087891,1420.0,11849.099609,11532.88,403722.0,8780.0,6.375,5.3839,-0.1827,11629.69,1.4531,11932.0,0.0,11328.84,1.4385,11749.700195,20556.4,11508.13,1.4516,11821.0,2600.7,11.23,36.4,1.4489
2008-09-04,60.23,23157.1,11480.087891,1420.0,11480.099609,11188.23,403722.0,8780.0,6.375,5.3839,-0.1827,11511.55,1.4546,11859.799805,0.0,11130.26,1.4217,11476.400391,20556.4,11439.74,1.4493,11850.099609,2600.7,11.23,36.4,1.4251
2008-09-05,60.23,23157.1,11139.688477,1420.0,11139.700195,11220.96,403722.0,8780.0,6.375,5.3839,-0.1827,11301.73,1.4349,11414.200195,0.0,10998.77,1.4197,11118.5,20556.4,11120.57,1.4234,11409.5,2600.7,11.23,36.4,1.4269
2008-09-08,60.23,23157.1,11554.188477,1420.0,11554.200195,11510.74,403722.0,8780.0,6.289,5.3839,-0.1827,11656.64,1.4429,11657.5,0.0,11264.2,1.4054,11343.099609,20556.4,11510.0,1.4384,11343.099609,2600.7,11.23,36.4,1.4127
2008-09-09,60.23,23157.1,11349.988281,1420.0,11350.0,11230.73,403722.0,8780.0,6.289,5.3839,-0.1827,11623.5,1.4227,11610.700195,0.0,11209.81,1.4047,11289.099609,20556.4,11506.58,1.4126,11512.900391,2600.7,11.23,36.4,1.4137
2008-09-10,60.23,23157.1,11180.788086,1420.0,11180.799805,11268.92,403722.0,8780.0,6.289,5.3839,-0.1827,11453.5,1.4179,11344.099609,0.0,11135.64,1.3972,11125.099609,20556.4,11315.98,1.4111,11334.799805,2600.7,11.23,36.4,1.3986
2008-09-11,60.23,23157.1,11136.488281,1420.0,11136.5,11433.71,403722.0,8780.0,6.289,5.3839,-0.1827,11461.15,1.4036,11212.700195,0.0,11018.72,1.388,10980.200195,20556.4,11125.95,1.3975,11148.5,2600.7,11.23,36.4,1.403
2008-09-12,60.23,23157.1,11411.988281,1420.0,11412.0,11421.99,403722.0,8780.0,6.289,5.3839,-0.1827,11532.72,1.4232,11416.0,0.0,11191.08,1.3971,11177.599609,20556.4,11323.96,1.4019,11252.400391,2600.7,11.23,36.4,1.4228
2008-09-15,60.23,23157.1,10898.989258,1420.0,10899.0,10917.51,403722.0,8780.0,6.378,5.3839,-0.1827,11352.21,1.4481,11160.099609,0.0,10849.85,1.4086,10819.700195,20556.4,11111.54,1.4315,11031.400391,2600.7,11.23,36.4,1.4266
2008-09-16,60.23,23157.1,10911.489258,1420.0,10911.5,11059.02,403722.0,8780.0,6.378,5.3839,-0.1827,11193.12,1.4285,11015.900391,0.0,10604.7,1.4079,10651.599609,20556.4,10701.83,1.4263,10778.299805,2600.7,11.23,36.4,1.4121
2008-09-17,60.23,23157.1,10661.389648,1420.0,10661.400391,10609.66,403722.0,8780.0,6.378,5.3839,-0.1827,11068.87,1.4385,11108.599609,0.0,10521.81,1.4092,10639.099609,20556.4,10886.0,1.4112,11021.400391,2600.7,11.23,36.4,1.4305
2008-09-18,60.23,23157.1,10631.588867,1420.0,10631.599609,11019.69,403722.0,8780.0,6.378,5.3839,-0.1827,11149.07,1.4543,10855.200195,0.0,10403.75,1.428,10571.099609,20556.4,10783.9,1.4319,10629.0,2600.7,11.23,36.4,1.4339
2008-09-19,60.23,23157.1,11557.888672,1420.0,11557.900391,11388.44,403722.0,8780.0,6.378,5.3839,-0.1827,11628.63,1.45,11557.900391,0.0,11072.78,1.4151,10779.400391,20556.4,11628.63,1.4327,10779.400391,2600.7,11.23,36.4,1.4466
2008-09-22,60.23,23157.1,11328.488281,1420.0,11328.5,11015.69,403722.0,8780.0,6.161,5.3839,-0.1827,11450.81,1.4867,11599.299805,0.0,10956.43,1.4438,11328.5,20556.4,11280.28,1.4492,11596.099609,2600.7,11.23,36.4,1.4786
2008-09-23,60.23,23157.1,11176.488281,1420.0,11176.5,10854.17,403722.0,8780.0,6.161,5.3839,-0.1827,11214.65,1.4827,11313.5,0.0,10763.77,1.4623,11088.700195,20556.4,11038.23,1.4795,11302.200195,2600.7,11.23,36.4,1.4645
2008-09-24,60.23,23157.1,11112.888672,1420.0,11112.900391,10825.17,403722.0,8780.0,6.161,5.3839,-0.1827,11041.02,1.4748,11298.799805,0.0,10696.38,1.4611,11089.799805,20556.4,10839.75,1.4646,11298.799805,2600.7,11.23,36.4,1.4613
2008-09-25,60.23,23157.1,11438.587891,1420.0,11438.599609,11022.06,403722.0,8780.0,6.161,5.3839,-0.1827,11206.05,1.4769,11472.099609,0.0,10799.77,1.456,11131.400391,20556.4,10926.17,1.461,11154.5,2600.7,11.23,36.4,1.4622
2008-09-26,60.23,23157.1,11387.888672,1420.0,11387.900391,11143.13,403722.0,8780.0,6.161,5.3839,-0.1827,11218.48,1.4678,11462.0,0.0,10781.37,1.4554,11239.299805,20556.4,10880.37,1.4617,11302.5,2600.7,11.23,36.4,1.4615
2008-09-29,60.23,23157.1,10945.689453,1420.0,10945.700195,10365.45,403722.0,8780.0,6.539,5.3839,-0.1827,11099.24,1.4566,11397.599609,0.0,10266.76,1.43,10916.599609,20556.4,10980.01,1.4522,11395.900391,2600.7,11.23,36.4,1.4418
2008-09-30,60.23,23157.1,10987.489258,1420.0,10987.5,10850.66,403722.0,8780.0,6.539,5.3839,-0.1827,10922.03,1.4427,11052.700195,0.0,10441.91,1.401,10672.599609,20556.4,10591.89,1.4418,10744.700195,2600.7,11.23,36.4,1.4104
2008-10-01,60.35,23262.1,11182.488281,1420.0,11182.5,10831.07,387382.0,8424.0,6.539,5.2478,-1.6272,11022.06,1.4176,11182.5,0.3,10495.99,1.3976,10956.599609,20055.3,10772.69,1.4124,11064.299805,3206.8,13.79,34.93,1.4021
2008-10-02,60.35,23262.1,11002.289063,1420.0,11002.299805,10482.85,387382.0,8424.0,6.539,5.2478,-1.6272,10843.1,1.4027,11364.400391,0.3,10368.08,1.3745,10978.900391,20055.3,10750.62,1.4026,11186.099609,3206.8,13.79,34.93,1.3818
2008-10-03,60.35,23262.1,11418.488281,1420.0,11418.5,10325.38,387382.0,8424.0,6.539,5.2478,-1.6272,10844.69,1.3907,11441.5,0.3,10261.75,1.3704,10964.700195,20055.3,10549.04,1.3818,11047.400391,3206.8,13.79,34.93,1.3771
2008-10-06,60.35,23262.1,10725.989258,1420.0,10726.0,9955.5,387382.0,8424.0,7.096,5.2478,-1.6272,10249.85,1.3676,11214.5,0.3,9503.1,1.3443,10710.900391,20055.3,10035.23,1.3665,11210.200195,3206.8,13.79,34.93,1.349
2008-10-07,60.35,23262.1,10861.989258,1420.0,10862.0,9447.11,387382.0,8424.0,7.096,5.2478,-1.6272,10205.04,1.3741,11128.799805,0.3,9391.67,1.3481,10644.299805,20055.3,10030.69,1.3486,10935.700195,3206.8,13.79,34.93,1.3619
2008-10-08,60.35,23262.1,10297.588867,1420.0,10297.599609,9258.1,387382.0,8424.0,7.096,5.2478,-1.6272,9778.04,1.3758,10905.5,0.3,9042.97,1.3544,10155.0,20055.3,9178.85,1.363,10612.299805,3206.8,13.79,34.93,1.363
2008-10-09,60.35,23262.1,9902.890625,1420.0,9902.900391,8579.19,387382.0,8424.0,7.096,5.2478,-1.6272,9522.77,1.3785,10535.799805,0.3,8523.27,1.358,9820.5,20055.3,9381.96,1.3631,10411.900391,3206.8,13.79,34.93,1.3597
2008-10-10,60.35,23262.1,8997.691406,1420.0,8997.700195,8451.19,387382.0,8424.0,7.096,5.2478,-1.6272,8989.13,1.3652,9462.299805,0.3,7773.71,1.3259,8835.0,20055.3,8225.95,1.3589,9443.099609,3206.8,13.79,34.93,1.3414
2008-10-13,60.35,23262.1,9955.69043,1420.0,9955.700195,9387.61,387382.0,8424.0,7.047,5.2478,-1.6272,9501.91,1.3683,9955.700195,0.3,8638.6,1.3458,9357.200195,20055.3,8871.97,1.3559,9559.299805,3206.8,13.79,34.93,1.3593
2008-10-14,60.35,23262.1,10224.489258,1420.0,10224.5,9310.99,387382.0,8424.0,7.047,5.2478,-1.6272,9924.28,1.3771,10573.099609,0.3,9050.06,1.3586,10032.200195,20055.3,9861.28,1.3594,10308.599609,3206.8,13.79,34.93,1.3624
2008-10-15,60.35,23262.1,9706.790039,1420.0,9706.799805,8577.91,387382.0,8424.0,7.047,5.2478,-1.6272,9278.25,1.3685,10200.200195,0.3,8516.5,1.3453,9594.0,20055.3,9145.24,1.362,10143.799805,3206.8,13.79,34.93,1.346
2008-10-16,60.35,23262.1,9308.19043,1420.0,9308.200195,8979.26,387382.0,8424.0,7.047,5.2478,-1.6272,9073.64,1.3539,9700.0,0.3,8176.17,1.3346,9146.599609,20055.3,8622.51,1.3467,9305.299805,3206.8,13.79,34.93,1.3487
2008-10-17,60.35,23262.1,9655.19043,1420.0,9655.200195,8852.22,387382.0,8424.0,7.047,5.2478,-1.6272,9304.38,1.3518,9800.700195,0.3,8640.83,1.3387,9345.200195,20055.3,8751.38,1.3483,9799.299805,3206.8,13.79,34.93,1.3409
2008-10-20,60.35,23262.1,9944.290039,1420.0,9944.299805,9265.43,387382.0,8424.0,6.846,5.2478,-1.6272,9305.89,1.3532,9944.299805,0.3,8799.49,1.3286,9758.5,20055.3,8990.17,1.3403,9900.700195,3206.8,13.79,34.93,1.3344
2008-10-21,60.35,23262.1,9794.990234,1420.0,9795.0,9033.66,387382.0,8424.0,6.846,5.2478,-1.6272,9380.12,1.3355,10105.099609,0.3,8929.16,1.3051,9716.900391,20055.3,9167.38,1.3332,10105.099609,3206.8,13.79,34.93,1.3059
2008-10-22,60.35,23262.1,8995.291016,1420.0,8995.299805,8519.21,387382.0,8424.0,6.846,5.2478,-1.6272,8939.99,1.3078,9594.5,0.3,8324.07,1.2773,8927.5,20055.3,8821.63,1.3065,9584.099609,3206.8,13.79,34.93,1.2854
2008-10-23,60.35,23262.1,8811.191406,1420.0,8811.200195,8691.25,387382.0,8424.0,6.846,5.2478,-1.6272,8864.48,1.3003,9046.0,0.3,8200.06,1.2727,8419.200195,20055.3,8584.76,1.2828,9007.900391,3206.8,13.79,34.93,1.298
2008-10-24,60.35,23262.1,8353.191406,1420.0,8353.200195,8378.95,387382.0,8424.0,6.846,5.2478,-1.6272,8654.93,1.298,8496.599609,0.3,8088.63,1.2498,7991.899902,20055.3,8186.52,1.2973,8445.0,3206.8,13.79,34.93,1.2624
2008-10-27,60.35,23262.1,8009.891602,1420.0,8009.899902,8175.77,387382.0,8424.0,7.199,5.2478,-1.6272,8639.64,1.2686,8186.799805,0.3,8085.37,1.2333,7737.200195,20055.3,8259.24,1.2549,7977.0,3206.8,13.79,34.93,1.2467
2008-10-28,60.35,23262.1,7905.39209,1420.0,7905.399902,9065.12,387382.0,8424.0,7.199,5.2478,-1.6272,9112.51,1.2744,8244.700195,0.3,8153.79,1.233,7820.100098,20055.3,8401.65,1.2475,8221.400391,3206.8,13.79,34.93,1.2715
2008-10-29,60.35,23262.1,8650.09082,1420.0,8650.099609,8990.96,387382.0,8424.0,7.199,5.2478,-1.6272,9405.05,1.2994,8650.099609,0.3,8800.61,1.2627,8260.299805,20055.3,9047.83,1.2768,8376.299805,3206.8,13.79,34.93,1.2963
2008-10-30,60.35,23262.1,8822.891602,1420.0,8822.900391,9180.69,387382.0,8424.0,7.199,5.2478,-1.6272,9380.36,1.3295,8964.5,0.3,8916.81,1.2803,8695.0,20055.3,9237.71,1.2965,8812.700195,3206.8,13.79,34.93,1.2908
2008-10-31,60.35,23262.1,9115.991211,1420.0,9116.0,9325.01,387382.0,8424.0,7.199,5.2478,-1.6272,9498.48,1.2897,9137.700195,0.3,9014.78,1.2668,8686.599609,20055.3,9186.98,1.2855,8843.299805,3206.8,13.79,34.93,1.2733
2008-11-03,60.35,23262.1,9231.790039,1420.0,9231.799805,9319.83,406604.0,8842.0,7.054,4.3504,-1.6272,9488.92,1.29,9231.799805,-0.4,9175.03,1.2596,8977.400391,20055.3,9338.07,1.275,9185.799805,3206.8,13.79,36.66,1.2643
2008-11-04,60.35,23262.1,9726.790039,1420.0,9726.799805,9625.28,406604.0,8842.0,7.054,4.3504,-1.6272,9711.46,1.3038,9726.799805,-0.4,9377.42,1.2527,9242.0,20055.3,9521.26,1.2631,9279.299805,3206.8,13.79,36.66,1.3034
2008-11-05,60.35,23262.1,9744.69043,1420.0,9744.700195,9139.27,406604.0,8842.0,7.054,4.3504,-1.6272,9628.15,1.3118,9883.799805,-0.4,9086.06,1.2792,9507.700195,20055.3,9512.26,1.298,9631.299805,3206.8,13.79,36.66,1.2952
2008-11-06,60.35,23262.1,9133.891602,1420.0,9133.900391,8695.79,406604.0,8842.0,7.054,4.3504,-1.6272,9216.37,1.2967,9577.700195,-0.4,8607.14,1.2702,9111.0,20055.3,9069.1,1.2961,9362.0,3206.8,13.79,36.66,1.2702
2008-11-07,60.35,23262.1,9343.490234,1420.0,9343.5,8943.81,406604.0,8842.0,7.054,4.3504,-1.6272,9032.24,1.2853,9392.299805,-0.4,8661.22,1.2654,9013.700195,20055.3,8795.59,1.2718,9153.099609,3206.8,13.79,36.66,1.2739
2008-11-10,60.35,23262.1,9293.790039,1420.0,9293.799805,8870.54,406604.0,8842.0,7.529,4.3504,-1.6272,9212.94,1.293,9525.799805,-0.4,8735.61,1.2719,9268.200195,20055.3,9114.26,1.2821,9484.299805,3206.8,13.79,36.66,1.2733
2008-11-11,60.35,23262.1,8911.891602,1420.0,8911.900391,8693.96,406604.0,8842.0,7.529,4.3504,-1.6272,8867.91,1.2801,9171.400391,-0.4,8560.71,1.2506,8906.5,20055.3,8864.32,1.2755,9123.299805,3206.8,13.79,36.66,1.2519
2008-11-12,60.35,23262.1,8646.791016,1420.0,8646.799805,8282.66,406604.0,8842.0,7.529,4.3504,-1.6272,8638.6,1.2636,9083.099609,-0.4,8235.66,1.247,8604.599609,20055.3,8511.17,1.253,9070.099609,3206.8,13.79,36.66,1.2472
2008-11-13,60.35,23262.1,8740.59082,1420.0,8740.599609,8835.25,406604.0,8842.0,7.529,4.3504,-1.6272,8898.41,1.2855,8823.299805,-0.4,7947.74,1.2389,8525.900391,20055.3,8321.21,1.2505,8684.5,3206.8,13.79,36.66,1.283
2008-11-14,60.35,23262.1,8832.191406,1420.0,8832.200195,8497.31,406604.0,8842.0,7.529,4.3504,-1.6272,8980.93,1.283,9069.200195,-0.4,8421.08,1.2617,8796.700195,20055.3,8671.98,1.2787,9068.0,3206.8,13.79,36.66,1.2634
2008-11-17,60.35,23262.1,8498.791016,1420.0,8498.799805,8273.58,406604.0,8842.0,7.403,4.3504,-1.6272,8596.31,1.2742,8827.200195,-0.4,8197.12,1.2513,8416.5,20055.3,8401.73,1.2534,8788.599609,3206.8,13.79,36.66,1.2647
2008-11-18,60.35,23262.1,8530.791016,1420.0,8530.799805,8424.75,406604.0,8842.0,7.403,4.3504,-1.6272,8540.08,1.27,8532.700195,-0.4,8075.81,1.2567,8268.599609,20055.3,8265.69,1.2649,8480.799805,3206.8,13.79,36.66,1.2622
2008-11-19,60.35,23262.1,8211.491211,1420.0,8211.5,7997.28,406604.0,8842.0,7.403,4.3504,-1.6272,8534.34,1.2814,8536.0,-0.4,7967.33,1.2517,8211.5,20055.3,8412.24,1.2616,8532.099609,3206.8,13.79,36.66,1.2523
2008-11-20,60.35,23262.1,7988.391602,1420.0,7988.399902,7552.29,406604.0,8842.0,7.403,4.3504,-1.6272,8224.35,1.2595,8072.799805,-0.4,7464.51,1.2456,7830.899902,20055.3,7898.04,1.2502,7995.899902,3206.8,13.79,36.66,1.2458
2008-11-21,60.35,23262.1,7974.391602,1420.0,7974.399902,8046.42,406604.0,8842.0,7.403,4.3504,-1.6272,8121.45,1.2643,8240.5,-0.4,7392.27,1.2425,7862.399902,20055.3,7632.89,1.2447,8062.899902,3206.8,13.79,36.66,1.2581
2008-11-24,60.35,23262.1,8622.59082,1420.0,8622.599609,8443.39,406604.0,8842.0,7.527,4.3504,-1.6272,8624.27,1.293,8622.599609,-0.4,8023.32,1.2568,8093.200195,20055.3,8196.4,1.2592,8173.700195,3206.8,13.79,36.66,1.2914
2008-11-25,60.35,23262.1,8696.59082,1420.0,8696.599609,8479.47,406604.0,8842.0,7.527,4.3504,-1.6272,8682.09,1.3081,8861.799805,-0.4,8244.43,1.2805,8453.5,20055.3,8571.3,1.2929,8533.900391,3206.8,13.79,36.66,1.3058
2008-11-26,60.35,23262.1,8654.09082,1420.0,8654.099609,8726.61,406604.0,8842.0,7.527,4.3504,-1.6272,8760.46,1.3073,8719.799805,-0.4,8250.8,1.2821,8461.0,20055.3,8310.61,1.3064,8586.0,3206.8,13.79,36.66,1.2893
2008-11-28,60.35,23262.1,8910.59082,1420.0,8910.599609,8829.04,406604.0,8842.0,7.527,4.3504,-1.6272,8875.32,1.2961,8920.5,-0.4,8597.74,1.2647,8726.200195,20055.3,8679.14,1.2904,8885.799805,3206.8,13.79,36.66,1.2698
2008-12-01,60.35,23262.1,8510.491211,1420.0,8510.5,8149.09,440621.0,9529.0,8.102,3.452,-1.6272,8675.8,1.2712,8914.400391,-0.5,8123.04,1.2581,8423.900391,20055.3,8603.32,1.271,8914.0,3206.8,13.79,39.71,1.2626
2008-12-02,60.35,23262.1,8834.691406,1420.0,8834.700195,8419.09,440621.0,9529.0,8.102,3.452,-1.6272,8490.62,1.277,8834.700195,-0.5,8072.47,1.2564,8293.200195,20055.3,8258.84,1.2611,8359.5,3206.8,13.79,39.71,1.2715
2008-12-03,60.35,23262.1,8879.891602,1420.0,8879.900391,8591.69,440621.0,9529.0,8.102,3.452,-1.6272,8654.77,1.2742,8927.0,-0.5,8170.19,1.2602,8646.099609,20055.3,8242.59,1.2712,8781.900391,3206.8,13.79,39.71,1.2715
2008-12-04,60.35,23262.1,8836.09082,1420.0,8836.099609,8376.24,440621.0,9529.0,8.102,3.452,-1.6272,8705.98,1.2849,9113.200195,-0.5,8222.84,1.2549,8699.599609,20055.3,8467.04,1.2702,8815.099609,3206.8,13.79,39.71,1.2771
2008-12-05,60.35,23262.1,8491.191406,1420.0,8491.200195,8635.42,440621.0,9529.0,8.102,3.452,-1.6272,8722.47,1.2801,8743.299805,-0.5,8084.25,1.2628,8409.299805,20055.3,8290.22,1.2788,8696.400391,3206.8,13.79,39.71,1.2736
2008-12-08,60.35,23262.1,9036.491211,1420.0,9036.5,8934.18,440621.0,9529.0,7.938,3.452,-1.6272,9151.61,1.2964,9062.0,-0.5,8660.03,1.2717,8825.200195,20055.3,8829.44,1.2726,8893.5,3206.8,13.79,39.71,1.2937
2008-12-09,60.35,23262.1,9063.09082,1420.0,9063.099609,8691.33,440621.0,9529.0,7.938,3.452,-1.6272,8978.14,1.3001,9125.799805,-0.5,8591.69,1.2796,8894.900391,20055.3,8817.33,1.2953,8973.0,3206.8,13.79,39.71,1.2913
2008-12-10,60.35,23262.1,9152.391602,1420.0,9152.400391,8761.42,440621.0,9529.0,7.938,3.452,-1.6272,8942.46,1.3072,9162.900391,-0.5,8589.86,1.2902,8975.099609,20055.3,8787.54,1.2927,9070.0,3206.8,13.79,39.71,1.3018
2008-12-11,60.35,23262.1,9182.589844,1420.0,9182.599609,8565.09,440621.0,9529.0,7.938,3.452,-1.6272,8861.86,1.3407,9249.400391,-0.5,8480.18,1.3001,9020.0,20055.3,8652.54,1.3013,9140.5,3206.8,13.79,39.71,1.3359
2008-12-12,60.35,23262.1,8975.491211,1420.0,8975.5,8629.68,440621.0,9529.0,7.938,3.452,-1.6272,8705.43,1.3417,8975.5,-0.5,8272.22,1.3251,8711.0,20055.3,8329.65,1.3356,8881.0,3206.8,13.79,39.71,1.3373
2008-12-15,60.35,23262.1,9023.891602,1420.0,9023.900391,8564.53,440621.0,9529.0,8.205,3.452,-1.6272,8738.4,1.3713,9111.900391,-0.5,8431.04,1.3365,8930.0,20055.3,8659.63,1.3368,8994.299805,3206.8,13.79,39.71,1.3712
2008-12-16,60.35,23262.1,9167.69043,1420.0,9167.700195,8924.14,440621.0,9529.0,8.205,3.452,-1.6272,8985.63,1.4146,9167.700195,-0.5,8534.03,1.3631,8995.5,20055.3,8614.31,1.3703,9010.400391,3206.8,13.79,39.71,1.41
2008-12-17,60.35,23262.1,9196.890625,1420.0,9196.900391,8824.34,440621.0,9529.0,8.205,3.452,-1.6272,9001.96,1.4438,9282.900391,-0.5,8701.13,1.3995,9047.400391,20055.3,8816.14,1.4052,9281.5,3206.8,13.79,39.71,1.4403
2008-12-18,60.35,23262.1,9257.790039,1420.0,9257.799805,8604.99,440621.0,9529.0,8.205,3.452,-1.6272,8946.36,1.4721,9327.900391,-0.5,8516.02,1.4187,9202.299805,20055.3,8857.08,1.4406,9219.599609,3206.8,13.79,39.71,1.4211
2008-12-19,60.35,23262.1,9268.390625,1420.0,9268.400391,8579.11,440621.0,9529.0,8.205,3.452,-1.6272,8823.78,1.4312,9332.900391,-0.5,8499.06,1.3825,9099.299805,20055.3,8649.44,1.4244,9152.0,3206.8,13.79,39.71,1.3919
2008-12-22,60.35,23262.1,9098.891602,1420.0,9098.900391,8519.77,440621.0,9529.0,8.713,3.452,-1.6272,8672.06,1.4126,9234.599609,-0.5,8351.79,1.3902,9095.200195,20055.3,8598.62,1.3934,9232.299805,3206.8,13.79,39.71,1.3945
2008-12-23,60.35,23262.1,9068.491211,1420.0,9068.5,8419.49,440621.0,9529.0,8.713,3.452,-1.6272,8647.6,1.4021,9186.799805,-0.5,8376.8,1.3918,9040.799805,20055.3,8586.67,1.3948,9075.299805,3206.8,13.79,39.71,1.3963
2008-12-29,60.35,23262.1,9017.691406,1420.0,9017.700195,8483.93,440621.0,9529.0,9.494,3.452,-1.6272,8575.6,1.4362,9138.200195,-0.5,8349.24,1.3968,8955.299805,20055.3,8528.77,1.406,9081.0,3206.8,13.79,39.71,1.3977
2008-12-30,60.35,23262.1,9195.790039,1420.0,9195.799805,8668.39,440621.0,9529.0,9.494,3.452,-1.6272,8700.89,1.4223,9195.799805,-0.5,8463.7,1.3918,9068.099609,20055.3,8537.85,1.3946,9081.799805,3206.8,13.79,39.71,1.4072
2009-01-02,60.39,23302.6,9486.290039,1356.0,9486.299805,9034.69,440498.0,9527.0,9.494,2.6216,-2.6003,9065.28,1.4058,9486.299805,-1.2,8760.78,1.384,9219.099609,19284.4,8772.25,1.3993,9262.0,4018.2,17.24,39.7,1.3879
2009-01-05,60.39,23302.6,9644.089844,1356.0,9644.099609,8952.89,440498.0,9527.0,9.319,2.6216,-2.6003,9034.37,1.3965,9644.099609,-1.2,8892.36,1.3546,9506.299805,19284.4,9027.13,1.3902,9543.400391,4018.2,17.24,39.7,1.3605
2009-01-06,60.39,23302.6,9723.990234,1356.0,9724.0,9015.1,440498.0,9527.0,9.319,2.6216,-2.6003,9088.06,1.3659,9800.0,-1.2,8940.95,1.3312,9617.799805,19284.4,8954.57,1.3611,9677.099609,4018.2,17.24,39.7,1.351
2009-01-07,60.39,23302.6,9569.990234,1356.0,9570.0,8769.7,440498.0,9527.0,9.319,2.6216,-2.6003,8996.94,1.3748,9726.200195,-1.2,8719.92,1.343,9503.799805,19284.4,8996.94,1.3529,9726.200195,4018.2,17.24,39.7,1.3634
2009-01-08,60.39,23302.6,9469.490234,1356.0,9469.5,8742.46,440498.0,9527.0,9.319,2.6216,-2.6003,8770.02,1.38,9576.099609,-1.2,8651.19,1.3533,9357.700195,19284.4,8769.94,1.3651,9452.700195,4018.2,17.24,39.7,1.3727
2009-01-09,60.39,23302.6,9378.490234,1356.0,9378.5,8599.18,440498.0,9527.0,9.319,2.6216,-2.6003,8769.62,1.3752,9529.0,-1.2,8576.96,1.3415,9309.5,19284.4,8738.8,1.371,9527.700195,4018.2,17.24,39.7,1.344
2009-01-12,60.39,23302.6,9199.890625,1356.0,9199.900391,8473.97,440498.0,9527.0,9.868,2.6216,-2.6003,8602.6,1.3476,9350.599609,-1.2,8421.08,1.3287,9179.200195,19284.4,8599.26,1.3474,9329.5,4018.2,17.24,39.7,1.3371
2009-01-13,60.39,23302.6,9057.291016,1356.0,9057.299805,8448.56,440498.0,9527.0,9.868,2.6216,-2.6003,8522.08,1.3375,9111.599609,-1.2,8376.88,1.3142,8920.200195,19284.4,8474.61,1.3361,9098.799805,4018.2,17.24,39.7,1.3196
2009-01-14,60.39,23302.6,8692.691406,1356.0,8692.700195,8200.14,440498.0,9527.0,9.868,2.6216,-2.6003,8446.25,1.3336,9138.299805,-1.2,8140.72,1.3092,8594.200195,19284.4,8446.01,1.319,9132.099609,4018.2,17.24,39.7,1.3162
2009-01-15,60.39,23302.6,8611.09082,1356.0,8611.099609,8212.49,440498.0,9527.0,9.868,2.6216,-2.6003,8286.16,1.3242,8735.799805,-1.2,7995.13,1.3026,8500.400391,19284.4,8196.24,1.3184,8685.900391,4018.2,17.24,39.7,1.3154
2009-01-16,60.39,23302.6,8620.09082,1356.0,8620.099609,8281.22,440498.0,9527.0,9.868,2.6216,-2.6003,8341.2,1.3344,8884.0,-1.2,8109.34,1.311,8620.099609,19284.4,8215.67,1.3127,8778.299805,4018.2,17.24,39.7,1.3304
2009-01-20,60.39,23302.6,8276.491211,1356.0,8276.5,7949.09,440498.0,9527.0,9.522,2.6216,-2.6003,8291.98,1.3105,8617.299805,-1.2,7939.93,1.2856,8223.700195,19284.4,8279.63,1.309,8462.5,4018.2,17.24,39.7,1.2889
2009-01-21,60.39,23302.6,8230.691406,1356.0,8230.700195,8228.1,440498.0,9527.0,9.522,2.6216,-2.6003,8243.55,1.307,8388.900391,-1.2,7936.19,1.2826,8077.100098,19284.4,7949.17,1.2907,8212.400391,4018.2,17.24,39.7,1.3041
2009-01-22,60.39,23302.6,8159.291504,1356.0,8159.299805,8122.8,440498.0,9527.0,9.522,2.6216,-2.6003,8224.83,1.3085,8451.200195,-1.2,7957.14,1.2908,8117.100098,19284.4,8224.43,1.3051,8381.0,4018.2,17.24,39.7,1.2986
2009-01-23,60.39,23302.6,8172.791504,1356.0,8172.799805,8077.56,440498.0,9527.0,9.522,2.6216,-2.6003,8152.59,1.3036,8208.299805,-1.2,7909.03,1.2766,7981.700195,19284.4,8108.79,1.3004,8152.600098,4018.2,17.24,39.7,1.2992
2009-01-26,60.39,23302.6,8375.191406,1356.0,8375.200195,8116.03,440498.0,9527.0,8.868,2.6216,-2.6003,8231.68,1.3207,8420.5,-1.2,8023.16,1.286,8091.5,19284.4,8078.04,1.2969,8106.5,4018.2,17.24,39.7,1.3166
2009-01-27,60.39,23302.6,8349.491211,1356.0,8349.5,8174.73,440498.0,9527.0,8.868,2.6216,-2.6003,8225.79,1.333,8410.599609,-1.2,8083.14,1.3118,8169.0,19284.4,8117.39,1.3181,8408.200195,4018.2,17.24,39.7,1.3178
2009-01-28,60.39,23302.6,8701.491211,1356.0,8701.5,8375.45,440498.0,9527.0,8.868,2.6216,-2.6003,8405.87,1.3327,8733.299805,-1.2,8175.93,1.3103,8396.299805,19284.4,8175.93,1.3164,8413.5,4018.2,17.24,39.7,1.3138
2009-01-29,60.39,23302.6,8477.391602,1356.0,8477.400391,8149.01,440498.0,9527.0,8.868,2.6216,-2.6003,8373.14,1.318,8665.0,-1.2,8137.94,1.2933,8403.099609,19284.4,8373.06,1.3154,8650.299805,4018.2,17.24,39.7,1.2959
2009-01-30,60.39,23302.6,8450.391602,1356.0,8450.400391,8000.86,440498.0,9527.0,8.868,2.6216,-2.6003,8195.76,1.2961,8511.900391,-1.2,7961.92,1.2778,8326.400391,19284.4,8149.01,1.2954,8456.700195,4018.2,17.24,39.7,1.2782
2009-02-02,60.39,23302.6,8233.391602,1356.0,8233.400391,7936.83,457305.0,9890.0,8.451,2.1354,-2.6003,8000.62,1.29,8316.099609,0.0,7867.37,1.2706,8118.299805,19284.4,8000.62,1.2769,8275.400391,4018.2,17.24,41.22,1.2851
2009-02-03,60.39,23302.6,8361.891602,1356.0,8361.900391,8078.36,457305.0,9890.0,8.451,2.1354,-2.6003,8111.57,1.3058,8365.900391,0.0,7905.52,1.2801,8180.299805,19284.4,7936.99,1.2849,8294.799805,4018.2,17.24,41.22,1.3037
2009-02-04,60.39,23302.6,8495.391602,1356.0,8495.400391,7956.66,457305.0,9890.0,8.451,2.1354,-2.6003,8162.15,1.307,8547.599609,0.0,7929.26,1.2812,8285.900391,19284.4,8070.32,1.3028,8413.200195,4018.2,17.24,41.22,1.283
2009-02-05,60.39,23302.6,8440.191406,1356.0,8440.200195,8063.07,457305.0,9890.0,8.451,2.1354,-2.6003,8107.83,1.2906,8452.900391,0.0,7845.31,1.2759,8209.200195,19284.4,7954.83,1.2854,8333.099609,4018.2,17.24,41.22,1.2786
2009-02-06,60.39,23302.6,8544.691406,1356.0,8544.700195,8280.59,457305.0,9890.0,8.451,2.1354,-2.6003,8312.37,1.2994,8608.700195,0.0,8052.24,1.2749,8411.400391,19284.4,8056.38,1.2797,8498.299805,4018.2,17.24,41.22,1.2933
2009-02-09,60.39,23302.6,8584.791016,1356.0,8584.799805,8270.87,457305.0,9890.0,8.046,2.1354,-2.6003,8315.07,1.3094,8601.0,0.0,8196.24,1.2872,8462.599609,19284.4,8281.38,1.2961,8495.0,4018.2,17.24,41.22,1.301
2009-02-10,60.39,23302.6,8397.291016,1356.0,8397.299805,7888.88,457305.0,9890.0,8.046,2.1354,-2.6003,8269.44,1.3075,8653.799805,0.0,7848.74,1.2809,8390.400391,19284.4,8269.36,1.3012,8523.400391,4018.2,17.24,41.22,1.2898
2009-02-11,60.39,23302.6,8355.791016,1356.0,8355.799805,7939.53,457305.0,9890.0,8.046,2.1354,-2.6003,7983.74,1.3,8388.299805,0.0,7852.16,1.2832,8246.299805,19284.4,7887.05,1.2916,8330.200195,4018.2,17.24,41.22,1.2896
2009-02-12,60.39,23302.6,8200.891602,1356.0,8200.900391,7932.76,457305.0,9890.0,8.046,2.1354,-2.6003,7938.82,1.2944,8327.400391,0.0,7693.98,1.2723,8116.600098,19284.4,7931.97,1.2902,8302.299805,4018.2,17.24,41.22,1.2864
2009-02-13,60.39,23302.6,8265.491211,1356.0,8265.5,7850.41,457305.0,9890.0,8.046,2.1354,-2.6003,7970.84,1.2944,8393.799805,0.0,7840.45,1.2818,8254.900391,19284.4,7933.0,1.287,8291.299805,4018.2,17.24,41.22,1.2862
2009-02-17,60.39,23302.6,7843.192383,1356.0,7843.200195,7552.6,457305.0,9890.0,7.986,2.1354,-2.6003,7845.63,1.2811,8006.100098,0.0,7551.01,1.2563,7783.799805,19284.4,7845.63,1.2792,7988.0,4018.2,17.24,41.22,1.2591
2009-02-18,60.39,23302.6,7861.39209,1356.0,7861.399902,7555.63,457305.0,9890.0,7.986,2.1354,-2.6003,7617.76,1.2641,7910.399902,0.0,7479.97,1.2513,7707.0,19284.4,7546.35,1.2583,7890.0,4018.2,17.24,41.22,1.2539
2009-02-19,60.39,23302.6,7875.89209,1356.0,7875.899902,7465.95,457305.0,9890.0,7.986,2.1354,-2.6003,7614.97,1.276,7964.299805,0.0,7447.55,1.2525,7822.100098,19284.4,7555.23,1.2534,7903.299805,4018.2,17.24,41.22,1.2663
2009-02-20,60.39,23302.6,7603.592285,1356.0,7603.600098,7365.67,457305.0,9890.0,7.986,2.1354,-2.6003,7469.29,1.2885,7760.100098,0.0,7249.47,1.2558,7601.799805,19284.4,7461.49,1.2671,7740.0,4018.2,17.24,41.22,1.2843
2009-02-23,60.39,23302.6,7540.39209,1356.0,7540.399902,7114.78,457305.0,9890.0,7.844,2.1354,-2.6003,7441.02,1.2992,7781.0,0.0,7105.94,1.2691,7514.899902,19284.4,7365.99,1.2797,7729.100098,4018.2,17.24,41.22,1.2708
2009-02-24,60.39,23302.6,7483.39209,1356.0,7483.399902,7350.94,457305.0,9890.0,7.844,2.1354,-2.6003,7378.97,1.2877,7547.200195,0.0,7114.3,1.2661,7403.600098,19284.4,7115.34,1.2694,7436.799805,4018.2,17.24,41.22,1.284
2009-02-25,60.39,23302.6,7512.092285,1356.0,7512.100098,7270.89,457305.0,9890.0,7.844,2.1354,-2.6003,7404.94,1.2904,7642.799805,0.0,7156.68,1.2692,7385.0,19284.4,7349.58,1.2843,7625.600098,4018.2,17.24,41.22,1.271
2009-02-26,60.39,23302.6,7811.692383,1356.0,7811.700195,7182.08,457305.0,9890.0,7.844,2.1354,-2.6003,7402.31,1.281,7862.0,0.0,7173.56,1.2682,7564.799805,19284.4,7269.06,1.2718,7571.200195,4018.2,17.24,41.22,1.2731
2009-02-27,60.39,23302.6,7620.89209,1356.0,7620.899902,7062.93,457305.0,9890.0,7.844,2.1354,-2.6003,7195.46,1.2752,7736.299805,0.0,7033.62,1.2603,7522.100098,19284.4,7180.97,1.2744,7731.899902,4018.2,17.24,41.22,1.2669
2009-03-02,60.39,23302.6,7270.492676,1356.0,7270.5,6763.29,473710.0,10245.0,7.743,1.9089,-2.6003,7058.95,1.2636,7464.299805,0.2,6755.17,1.2545,7270.5,19284.4,7056.48,1.2626,7428.600098,4018.2,17.24,43.02,1.2584
2009-03-03,60.39,23302.6,7219.392578,1356.0,7219.399902,6726.02,473710.0,10245.0,7.743,1.9089,-2.6003,6855.29,1.2679,7359.200195,0.2,6705.63,1.2521,7199.100098,19284.4,6764.81,1.2578,7315.899902,4018.2,17.24,43.02,1.2567
2009-03-04,60.39,23302.6,7357.492676,1356.0,7357.5,6875.84,473710.0,10245.0,7.743,1.9089,-2.6003,6979.22,1.2658,7390.700195,0.2,6726.42,1.2456,7257.399902,19284.4,6726.5,1.2557,7295.5,4018.2,17.24,43.02,1.2637
2009-03-05,60.39,23302.6,7025.892578,1356.0,7025.899902,6594.44,473710.0,10245.0,7.743,1.9089,-2.6003,6874.01,1.2664,7297.0,0.2,6544.1,1.2479,7025.899902,19284.4,6874.01,1.266,7295.299805,4018.2,17.24,43.02,1.2561
2009-03-06,60.39,23302.6,6936.893066,1356.0,6936.899902,6626.94,473710.0,10245.0,7.743,1.9089,-2.6003,6755.17,1.2755,7086.799805,0.2,6469.95,1.253,6883.299805,19284.4,6595.16,1.2546,7061.899902,4018.2,17.24,43.02,1.2641
2009-03-09,60.39,23302.6,6817.393066,1356.0,6817.399902,6547.05,473710.0,10245.0,7.652,1.9089,-2.6003,6709.61,1.2729,6970.0,0.2,6516.86,1.2553,6702.600098,19284.4,6625.74,1.2668,6965.399902,4018.2,17.24,43.02,1.2611
2009-03-10,60.39,23302.6,7153.29248,1356.0,7153.299805,6926.49,473710.0,10245.0,7.652,1.9089,-2.6003,6926.49,1.2822,7153.299805,0.2,6546.61,1.2577,6771.700195,19284.4,6547.01,1.2603,6808.100098,4018.2,17.24,43.02,1.2671
2009-03-11,60.39,23302.6,7204.692871,1356.0,7204.700195,6930.4,473710.0,10245.0,7.652,1.9089,-2.6003,7015.06,1.2866,7357.100098,0.2,6867.55,1.2617,7063.299805,19284.4,6923.13,1.2683,7143.0,4018.2,17.24,43.02,1.2829
2009-03-12,60.39,23302.6,7340.492676,1356.0,7340.5,7170.06,473710.0,10245.0,7.652,1.9089,-2.6003,7184.71,1.2948,7340.5,0.2,6872.25,1.2732,7008.600098,19284.4,6932.39,1.2842,7142.799805,4018.2,17.24,43.02,1.2912
2009-03-13,60.39,23302.6,7427.79248,1356.0,7427.799805,7223.98,473710.0,10245.0,7.652,1.9089,-2.6003,7242.62,1.2959,7543.200195,0.2,7105.86,1.2864,7376.0,19284.4,7167.35,1.2916,7492.5,4018.2,17.24,43.02,1.2925
2009-03-16,60.39,23302.6,7636.89209,1356.0,7636.899902,7216.97,473710.0,10245.0,7.425,1.9089,-2.6003,7392.91,1.3071,7647.399902,0.2,7206.85,1.2835,7531.600098,19284.4,7225.33,1.2884,7546.600098,4018.2,17.24,43.02,1.2966
2009-03-17,60.39,23302.6,7645.291992,1356.0,7645.299805,7395.7,473710.0,10245.0,7.425,1.9089,-2.6003,7396.81,1.3033,7715.700195,0.2,7172.05,1.2929,7530.399902,19284.4,7218.0,1.2982,7604.799805,4018.2,17.24,43.02,1.3013
2009-03-18,60.39,23302.6,7661.592285,1356.0,7661.600098,7486.58,473710.0,10245.0,7.425,1.9089,-2.6003,7571.64,1.352,7812.399902,0.2,7257.27,1.2987,7552.700195,19284.4,7395.7,1.3015,7739.200195,4018.2,17.24,43.02,1.3508
2009-03-19,60.39,23302.6,7701.592285,1356.0,7701.600098,7400.8,473710.0,10245.0,7.425,1.9089,-2.6003,7548.46,1.3739,7845.600098,0.2,7369.26,1.3418,7675.299805,19284.4,7489.68,1.3519,7736.700195,4018.2,17.24,43.02,1.3666
2009-03-20,60.39,23302.6,7709.992188,1356.0,7710.0,7278.38,473710.0,10245.0,7.425,1.9089,-2.6003,7460.93,1.373,7710.0,0.2,7257.83,1.3517,7527.200195,19284.4,7402.31,1.3662,7640.100098,4018.2,17.24,43.02,1.3583
2009-03-23,60.39,23302.6,7952.291504,1356.0,7952.299805,7775.86,473710.0,10245.0,7.337,1.9089,-2.6003,7780.72,1.3737,7972.399902,0.2,7278.78,1.3487,7783.299805,19284.4,7279.25,1.3632,7838.5,4018.2,17.24,43.02,1.363
2009-03-24,60.39,23302.6,7989.491699,1356.0,7989.5,7659.97,473710.0,10245.0,7.337,1.9089,-2.6003,7796.57,1.3678,8106.100098,0.2,7646.99,1.3432,7902.299805,19284.4,7773.47,1.3622,8093.200195,4018.2,17.24,43.02,1.346
2009-03-25,60.39,23302.6,8072.391602,1356.0,8072.399902,7749.81,473710.0,10245.0,7.337,1.9089,-2.6003,7863.63,1.3653,8121.700195,0.2,7550.06,1.3419,7947.600098,19284.4,7659.81,1.3474,7952.700195,4018.2,17.24,43.02,1.3586
2009-03-26,60.39,23302.6,8076.191895,1356.0,8076.200195,7924.56,473710.0,10245.0,7.337,1.9089,-2.6003,7931.33,1.364,8109.899902,0.2,7752.28,1.3494,7973.700195,19284.4,7752.36,1.3588,8107.600098,4018.2,17.24,43.02,1.3534
2009-03-27,60.39,23302.6,7927.592285,1356.0,7927.600098,7776.18,473710.0,10245.0,7.337,1.9089,-2.6003,7922.57,1.3594,8113.399902,0.2,7735.95,1.3258,7911.700195,19284.4,7922.57,1.3527,8043.5,4018.2,17.24,43.02,1.3301
2009-03-30,60.39,23302.6,7601.092285,1356.0,7601.100098,7522.02,473710.0,10245.0,7.377,1.9089,-2.6003,7773.39,1.3286,7788.0,0.2,7437.59,1.3112,7589.100098,19284.4,7773.31,1.3225,7782.200195,4018.2,17.24,43.02,1.3207
2009-03-31,60.39,23302.6,7814.992188,1356.0,7815.0,7608.92,473710.0,10245.0,7.377,1.9089,-2.6003,7725.36,1.3343,7815.0,0.2,7523.45,1.3173,7639.700195,19284.4,7523.77,1.3202,7644.299805,4018.2,17.24,43.02,1.3251
2009-04-01,60.3,23293.4,7960.991699,1356.0,7961.0,7761.6,486588.0,10523.0,7.377,1.771,-0.0045,7789.0,1.3287,8002.0,1.0,7483.87,1.3167,7637.200195,19154.2,7606.13,1.3247,7761.299805,4139.6,17.77,44.19,1.3232
2009-04-02,60.3,23293.4,8334.691406,1356.0,8334.700195,7978.08,486588.0,10523.0,7.377,1.771,-0.0045,8075.73,1.3518,8347.400391,1.0,7763.99,1.3222,8102.700195,19154.2,7763.99,1.3227,8115.799805,4139.6,17.77,44.19,1.3463
2009-04-03,60.3,23293.4,8319.891602,1356.0,8319.900391,8017.59,486588.0,10523.0,7.377,1.771,-0.0045,8019.5,1.3498,8410.700195,1.0,7897.24,1.3365,8245.299805,19154.2,7980.63,1.346,8280.599609,4139.6,17.77,44.19,1.3483
2009-04-06,60.3,23293.4,8321.09082,1356.0,8321.099609,7975.85,486588.0,10523.0,7.285,1.771,-0.0045,8016.16,1.3582,8502.200195,1.0,7862.2,1.3357,8224.5,19154.2,8016.16,1.351,8435.0,4139.6,17.77,44.19,1.3407
2009-04-07,60.3,23293.4,8345.991211,1356.0,8346.0,7789.56,486588.0,10523.0,7.285,1.771,-0.0045,7969.08,1.3408,8455.700195,1.0,7762.08,1.3226,8247.599609,19154.2,7968.92,1.3395,8403.0,4139.6,17.77,44.19,1.3268
2009-04-08,60.3,23293.4,8404.691406,1356.0,8404.700195,7837.11,486588.0,10523.0,7.285,1.771,-0.0045,7887.52,1.3311,8415.299805,1.0,7750.85,1.3146,8175.100098,19154.2,7788.68,1.3267,8210.799805,4139.6,17.77,44.19,1.326
2009-04-09,60.3,23293.4,8704.791016,1356.0,8704.799805,8083.38,486588.0,10523.0,7.285,1.771,-0.0045,8087.28,1.3336,8714.0,1.0,7839.89,1.3125,8400.099609,19154.2,7839.89,1.3265,8457.599609,4139.6,17.77,44.19,1.3165
2009-04-14,60.3,23293.4,8834.791016,1356.0,8834.799805,7920.18,486588.0,10523.0,7.176,1.771,-0.0045,8057.41,1.3383,8862.900391,1.0,7902.26,1.3228,8677.5,19154.2,8057.41,1.3369,8688.299805,4139.6,17.77,44.19,1.3255
2009-04-15,60.3,23293.4,8711.891602,1356.0,8711.900391,8029.62,486588.0,10523.0,7.176,1.771,-0.0045,8041.32,1.3297,8825.299805,1.0,7870.48,1.3146,8662.900391,19154.2,7914.92,1.3259,8748.299805,4139.6,17.77,44.19,1.322
2009-04-16,60.3,23293.4,8874.491211,1356.0,8874.5,8125.43,486588.0,10523.0,7.176,1.771,-0.0045,8168.12,1.3268,8925.799805,1.0,7962.71,1.3126,8703.799805,19154.2,8029.14,1.3211,8790.900391,4139.6,17.77,44.19,1.3179
2009-04-17,60.3,23293.4,9030.891602,1356.0,9030.900391,8131.33,486588.0,10523.0,7.176,1.771,-0.0045,8190.66,1.32,9030.900391,1.0,8086.88,1.3019,8803.0,19154.2,8125.43,1.3185,8898.299805,4139.6,17.77,44.19,1.3041
2009-04-20,60.3,23293.4,8718.191406,1356.0,8718.200195,7841.73,486588.0,10523.0,7.286,1.771,-0.0045,8128.94,1.3049,9018.099609,1.0,7840.45,1.2884,8672.0,19154.2,8128.94,1.3046,8988.299805,4139.6,17.77,44.19,1.2916
2009-04-21,60.3,23293.4,8615.791016,1356.0,8615.799805,7969.56,486588.0,10523.0,7.286,1.771,-0.0045,7979.2,1.2995,8758.799805,1.0,7791.95,1.2898,8413.599609,19154.2,7841.73,1.2922,8706.700195,4139.6,17.77,44.19,1.2935
2009-04-22,60.3,23293.4,8834.09082,1356.0,8834.099609,7886.57,486588.0,10523.0,7.286,1.771,-0.0045,8044.83,1.3038,8838.599609,1.0,7868.01,1.2885,8547.299805,19154.2,7964.78,1.2948,8608.200195,4139.6,17.77,44.19,1.2999
2009-04-23,60.3,23293.4,8769.191406,1356.0,8769.200195,7957.06,486588.0,10523.0,7.286,1.771,-0.0045,7979.44,1.3161,8876.299805,1.0,7804.21,1.2979,8717.700195,19154.2,7886.81,1.2994,8777.799805,4139.6,17.77,44.19,1.3147
2009-04-24,60.3,23293.4,8888.191406,1356.0,8888.200195,8076.29,486588.0,10523.0,7.286,1.771,-0.0045,8127.5,1.3304,8905.200195,1.0,7957.45,1.3114,8730.799805,19154.2,7957.45,1.3139,8768.700195,4139.6,17.77,44.19,1.3255
2009-04-27,60.3,23293.4,8776.991211,1356.0,8777.0,8025.0,486588.0,10523.0,6.994,1.771,-0.0045,8122.56,1.3246,8799.799805,1.0,7987.16,1.2998,8633.799805,19154.2,8073.82,1.3241,8739.900391,4139.6,17.77,44.19,1.3019
2009-04-28,60.3,23293.4,8656.291016,1356.0,8656.299805,8016.95,486588.0,10523.0,6.994,1.771,-0.0045,8091.66,1.3168,8706.900391,1.0,7938.98,1.2964,8503.700195,19154.2,8023.56,1.302,8619.200195,4139.6,17.77,44.19,1.3146
2009-04-29,60.3,23293.4,8891.291016,1356.0,8891.299805,8185.73,486588.0,10523.0,6.994,1.771,-0.0045,8257.57,1.3342,8933.599609,1.0,8017.91,1.3121,8697.0,19154.2,8018.31,1.314,8730.099609,4139.6,17.77,44.19,1.3266
2009-04-30,60.3,23293.4,9037.991211,1356.0,9038.0,8168.12,486588.0,10523.0,6.994,1.771,-0.0045,8307.51,1.3384,9100.799805,1.0,8136.9,1.319,8957.299805,19154.2,8188.51,1.3251,8986.900391,4139.6,17.77,44.19,1.3226
2009-05-04,60.3,23293.4,9074.691406,1356.0,9074.700195,8426.74,492602.0,10653.0,7.31,1.6444,-0.0045,8434.86,1.3428,9096.0,0.0,8213.6,1.3212,8927.599609,19154.2,8213.6,1.3288,9048.099609,4139.6,17.77,44.74,1.3405
2009-05-05,60.3,23293.4,9136.691406,1356.0,9136.700195,8410.65,492602.0,10653.0,7.31,1.6444,-0.0045,8458.12,1.3438,9195.599609,0.0,8362.78,1.3281,9037.5,19154.2,8425.55,1.3409,9065.200195,4139.6,17.77,44.74,1.3323
2009-05-06,60.3,23293.4,9228.990234,1356.0,9229.0,8512.28,492602.0,10653.0,7.31,1.6444,-0.0045,8518.57,1.3375,9272.900391,0.0,8403.0,1.3247,9086.599609,19154.2,8403.48,1.3306,9119.700195,4139.6,17.77,44.74,1.3319
2009-05-07,60.3,23293.4,9228.890625,1356.0,9228.900391,8409.85,492602.0,10653.0,7.31,1.6444,-0.0045,8577.19,1.3471,9443.900391,0.0,8358.0,1.325,9175.900391,19154.2,8513.56,1.3308,9292.200195,4139.6,17.77,44.74,1.3399
2009-05-08,60.3,23293.4,9408.089844,1356.0,9408.099609,8574.65,492602.0,10653.0,7.31,1.6444,-0.0045,8587.55,1.3651,9443.700195,0.0,8410.73,1.334,9278.599609,19154.2,8410.73,1.339,9310.099609,4139.6,17.77,44.74,1.3647
2009-05-11,60.3,23293.4,9316.790039,1356.0,9316.799805,8418.77,492602.0,10653.0,7.03,1.6444,-0.0045,8569.23,1.3668,9460.299805,0.0,8410.33,1.3554,9232.200195,19154.2,8569.23,1.3647,9457.599609,4139.6,17.77,44.74,1.3575
2009-05-12,60.3,23293.4,9268.990234,1356.0,9269.0,8469.11,492602.0,10653.0,7.03,1.6444,-0.0045,8517.46,1.3707,9377.799805,0.0,8365.65,1.3563,9181.900391,19154.2,8419.17,1.3571,9196.900391,4139.6,17.77,44.74,1.3644
2009-05-13,60.3,23293.4,9000.59082,1356.0,9000.599609,8284.89,492602.0,10653.0,7.03,1.6444,-0.0045,8462.04,1.3722,9351.200195,0.0,8262.43,1.3565,8982.5,19154.2,8461.8,1.3643,9320.099609,4139.6,17.77,44.74,1.3599
2009-05-14,60.3,23293.4,8984.191406,1356.0,8984.200195,8331.32,492602.0,10653.0,7.03,1.6444,-0.0045,8376.64,1.3664,9002.700195,0.0,8273.9,1.3523,8838.5,19154.2,8285.92,1.3596,8979.299805,4139.6,17.77,44.74,1.3634
2009-05-15,60.3,23293.4,8978.59082,1356.0,8978.599609,8268.64,492602.0,10653.0,7.03,1.6444,-0.0045,8394.96,1.3653,9085.0,0.0,8230.17,1.3464,8922.099609,19154.2,8326.22,1.3637,9035.400391,4139.6,17.77,44.74,1.3496
2009-05-18,60.3,23293.4,9159.290039,1356.0,9159.299805,8504.08,492602.0,10653.0,7.053,1.6444,-0.0045,8511.88,1.3565,9163.200195,0.0,8270.15,1.3422,8828.5,19154.2,8270.15,1.3486,8879.5,4139.6,17.77,44.74,1.3557
2009-05-19,60.3,23293.4,9341.589844,1356.0,9341.599609,8474.85,492602.0,10653.0,7.053,1.6444,-0.0045,8538.01,1.367,9387.299805,0.0,8463.54,1.3531,9232.799805,19154.2,8502.48,1.3555,9251.700195,4139.6,17.77,44.74,1.3625
2009-05-20,60.3,23293.4,9389.390625,1356.0,9389.400391,8422.04,492602.0,10653.0,7.053,1.6444,-0.0045,8591.93,1.383,9449.400391,0.0,8405.47,1.3582,9261.099609,19154.2,8471.82,1.3626,9356.900391,4139.6,17.77,44.74,1.3771
2009-05-21,60.3,23293.4,9225.290039,1356.0,9225.299805,8292.13,492602.0,10653.0,7.053,1.6444,-0.0045,8416.15,1.3925,9299.900391,0.0,8221.01,1.3727,9180.599609,19154.2,8416.07,1.3761,9282.400391,4139.6,17.77,44.74,1.3893
2009-05-22,60.3,23293.4,9308.589844,1356.0,9308.599609,8277.32,492602.0,10653.0,7.053,1.6444,-0.0045,8364.14,1.4053,9378.200195,0.0,8257.17,1.3894,9206.400391,19154.2,8292.21,1.3895,9250.099609,4139.6,17.77,44.74,1.3994
2009-05-26,60.3,23293.4,9405.69043,1356.0,9405.700195,8473.49,492602.0,10653.0,6.712,1.6444,-0.0045,8495.71,1.4024,9438.799805,0.0,8226.9,1.3858,9209.599609,19154.2,8275.33,1.4011,9294.700195,4139.6,17.77,44.74,1.3991
2009-05-27,60.3,23293.4,9510.790039,1356.0,9510.799805,8300.02,492602.0,10653.0,6.712,1.6444,-0.0045,8496.59,1.4002,9522.0,0.0,8289.35,1.3823,9422.900391,19154.2,8473.65,1.3988,9449.0,4139.6,17.77,44.74,1.3836
2009-05-28,60.3,23293.4,9435.490234,1356.0,9435.5,8403.8,492602.0,10653.0,6.712,1.6444,-0.0045,8434.62,1.3982,9496.0,0.0,8246.58,1.379,9368.5,19154.2,8300.5,1.3832,9407.0,4139.6,17.77,44.74,1.3937
2009-05-29,60.3,23293.4,9424.290039,1356.0,9424.299805,8500.33,492602.0,10653.0,6.712,1.6444,-0.0045,8522.95,1.4171,9555.599609,0.0,8368.52,1.3926,9413.099609,19154.2,8404.04,1.3937,9519.299805,4139.6,17.77,44.74,1.4154
2009-06-01,60.3,23293.4,9630.890625,1356.0,9630.900391,8721.44,511173.0,11024.0,6.759,1.6105,-0.0045,8760.7,1.4247,9671.599609,0.4,8501.29,1.4099,9538.5,19154.2,8501.53,1.4123,9554.799805,4139.6,17.77,46.93,1.4165
2009-06-02,60.3,23293.4,9664.790039,1356.0,9664.799805,8740.87,511173.0,11024.0,6.759,1.6105,-0.0045,8787.13,1.4334,9708.799805,0.4,8693.72,1.4102,9554.400391,19154.2,8721.6,1.4149,9566.099609,4139.6,17.77,46.93,1.4305
2009-06-03,60.3,23293.4,9464.790039,1356.0,9464.799805,8675.28,511173.0,11024.0,6.759,1.6105,-0.0045,8740.39,1.4339,9713.599609,0.4,8598.38,1.4108,9426.5,19154.2,8740.07,1.431,9706.700195,4139.6,17.77,46.93,1.4152
2009-06-04,60.3,23293.4,9454.589844,1356.0,9454.599609,8750.24,511173.0,11024.0,6.759,1.6105,-0.0045,8751.25,1.4242,9530.5,0.4,8634.57,1.4068,9375.299805,19154.2,8665.72,1.4146,9484.5,4139.6,17.77,46.93,1.4188
2009-06-05,60.3,23293.4,9518.990234,1356.0,9519.0,8763.13,511173.0,11024.0,6.759,1.6105,-0.0045,8839.4,1.4269,9626.599609,0.4,8700.41,1.3933,9455.200195,19154.2,8751.75,1.4178,9505.900391,4139.6,17.77,46.93,1.3975
2009-06-08,60.3,23293.4,9396.19043,1356.0,9396.200195,8764.49,511173.0,11024.0,6.803,1.6105,-0.0045,8823.97,1.4004,9498.5,0.4,8633.07,1.3806,9341.900391,19154.2,8759.35,1.3945,9485.0,4139.6,17.77,46.93,1.3898
2009-06-09,60.3,23293.4,9497.69043,1356.0,9497.700195,8763.06,511173.0,11024.0,6.803,1.6105,-0.0045,8803.26,1.4101,9536.200195,0.4,8725.12,1.3851,9435.799805,19154.2,8764.83,1.3895,9460.299805,4139.6,17.77,46.93,1.4066
2009-06-10,60.3,23293.4,9627.589844,1356.0,9627.599609,8739.02,511173.0,11024.0,6.803,1.6105,-0.0045,8834.93,1.4146,9706.400391,0.4,8639.95,1.3914,9605.900391,19154.2,8763.66,1.4068,9618.700195,4139.6,17.77,46.93,1.3967
2009-06-11,60.3,23293.4,9708.390625,1356.0,9708.400391,8770.92,511173.0,11024.0,6.803,1.6105,-0.0045,8877.93,1.4179,9738.599609,0.4,8736.23,1.3941,9618.900391,19154.2,8736.23,1.3963,9624.799805,4139.6,17.77,46.93,1.4106
2009-06-12,60.3,23293.4,9714.390625,1356.0,9714.400391,8799.26,511173.0,11024.0,6.803,1.6105,-0.0045,8805.53,1.4131,9741.200195,0.4,8716.73,1.3937,9651.799805,19154.2,8770.01,1.4101,9688.299805,4139.6,17.77,46.93,1.4024
2009-06-15,60.3,23293.4,9518.69043,1356.0,9518.700195,8612.13,511173.0,11024.0,7.016,1.6105,-0.0045,8798.5,1.4004,9679.400391,0.4,8577.9,1.3756,9494.599609,19154.2,8798.5,1.3989,9673.5,4139.6,17.77,46.93,1.3792
2009-06-16,60.3,23293.4,9497.890625,1356.0,9497.900391,8504.67,511173.0,11024.0,7.016,1.6105,-0.0045,8643.65,1.3933,9588.0,0.4,8499.38,1.3748,9495.0,19154.2,8612.44,1.3788,9540.299805,4139.6,17.77,46.93,1.3836
2009-06-17,60.3,23293.4,9283.19043,1356.0,9283.200195,8497.18,511173.0,11024.0,7.016,1.6105,-0.0045,8563.01,1.3986,9471.5,0.4,8461.29,1.3807,9200.700195,19154.2,8504.36,1.3836,9451.400391,4139.6,17.77,46.93,1.3942
2009-06-18,60.3,23293.4,9383.990234,1356.0,9384.0,8555.6,511173.0,11024.0,7.016,1.6105,-0.0045,8590.52,1.4004,9414.200195,0.4,8475.12,1.3872,9218.900391,19154.2,8496.73,1.3944,9309.099609,4139.6,17.77,46.93,1.3906
2009-06-19,60.3,23293.4,9580.890625,1356.0,9580.900391,8539.73,511173.0,11024.0,7.016,1.6105,-0.0045,8616.59,1.4014,9603.700195,0.4,8496.73,1.3884,9350.700195,19154.2,8556.96,1.3905,9373.599609,4139.6,17.77,46.93,1.3943
2009-06-22,60.3,23293.4,9338.490234,1356.0,9338.5,8339.01,511173.0,11024.0,6.714,1.6105,-0.0045,8538.83,1.3954,9566.799805,0.4,8334.55,1.3826,9331.400391,19154.2,8538.52,1.3952,9566.799805,4139.6,17.77,46.93,1.3862
2009-06-23,60.3,23293.4,9348.69043,1356.0,9348.700195,8322.91,511173.0,11024.0,6.714,1.6105,-0.0045,8370.9,1.4108,9413.299805,0.4,8286.41,1.3828,9285.0,19154.2,8340.44,1.386,9305.099609,4139.6,17.77,46.93,1.4079
2009-06-24,60.3,23293.4,9617.589844,1356.0,9617.599609,8299.86,511173.0,11024.0,6.714,1.6105,-0.0045,8428.41,1.414,9641.200195,0.4,8259.88,1.3888,9313.299805,19154.2,8323.51,1.4077,9389.599609,4139.6,17.77,46.93,1.3926
2009-06-25,60.3,23293.4,9667.19043,1356.0,9667.200195,8472.4,511173.0,11024.0,6.714,1.6105,-0.0045,8490.46,1.4016,9714.900391,0.4,8259.43,1.389,9470.799805,19154.2,8299.25,1.3936,9618.599609,4139.6,17.77,46.93,1.3988
2009-06-26,60.3,23293.4,9686.890625,1356.0,9686.900391,8438.39,511173.0,11024.0,6.714,1.6105,-0.0045,8468.77,1.412,9789.400391,0.4,8401.36,1.3983,9625.0,19154.2,8468.54,1.3994,9717.900391,4139.6,17.77,46.93,1.4053
2009-06-29,60.3,23293.4,9845.69043,1356.0,9845.700195,8529.38,511173.0,11024.0,7.041,1.6105,-0.0045,8533.23,1.4104,9854.200195,0.4,8429.09,1.3982,9632.799805,19154.2,8440.13,1.4063,9642.400391,4139.6,17.77,46.93,1.4076
2009-06-30,60.3,23293.4,9787.790039,1356.0,9787.799805,8447.0,511173.0,11024.0,7.041,1.6105,-0.0045,8560.44,1.4154,9890.599609,0.4,8393.95,1.4002,9728.299805,19154.2,8528.93,1.408,9889.799805,4139.6,17.77,46.93,1.4036
2009-07-01,60.05,23219.8,9903.69043,1356.0,9903.700195,8504.06,510803.0,11016.0,7.041,1.412,0.2136,8580.47,1.4203,9929.400391,-0.9,8447.53,1.4001,9792.5,19098.4,8447.53,1.4034,9798.099609,4121.4,17.75,46.89,1.4152
2009-07-02,60.05,23219.8,9643.490234,1356.0,9643.5,8280.74,510803.0,11016.0,7.041,1.412,0.2136,8503.23,1.4156,9922.299805,-0.9,8280.74,1.3929,9643.5,19098.4,8503.0,1.415,9857.799805,4121.4,17.75,46.89,1.3941
2009-07-06,60.05,23219.8,9568.990234,1356.0,9569.0,8324.87,510803.0,11016.0,6.519,1.412,0.2136,8327.97,1.4,9634.099609,-0.9,8205.99,1.3876,9469.299805,19098.4,8279.3,1.3956,9627.599609,4121.4,17.75,46.89,1.3975
2009-07-07,60.05,23219.8,9519.990234,1356.0,9520.0,8163.6,510803.0,11016.0,6.519,1.412,0.2136,8326.31,1.4053,9683.299805,-0.9,8154.38,1.3902,9506.599609,19098.4,8324.95,1.3978,9597.799805,4121.4,17.75,46.89,1.3922
2009-07-08,60.05,23219.8,9360.589844,1356.0,9360.599609,8178.41,510803.0,11016.0,6.519,1.412,0.2136,8219.52,1.3939,9503.5,-0.9,8087.19,1.3831,9326.0,19098.4,8157.02,1.3918,9461.799805,4121.4,17.75,46.89,1.3877
2009-07-09,60.05,23219.8,9443.089844,1356.0,9443.099609,8183.17,510803.0,11016.0,6.519,1.412,0.2136,8228.67,1.4074,9517.700195,-0.9,8145.31,1.3857,9390.299805,19098.4,8179.01,1.3874,9400.299805,4121.4,17.75,46.89,1.4026
2009-07-10,60.05,23219.8,9344.890625,1356.0,9344.900391,8146.52,510803.0,11016.0,6.519,1.412,0.2136,8183.85,1.4033,9431.0,-0.9,8093.31,1.3879,9324.599609,19098.4,8182.49,1.4024,9382.299805,4121.4,17.75,46.89,1.3933
2009-07-13,60.05,23219.8,9567.390625,1356.0,9567.400391,8331.68,510803.0,11016.0,6.588,1.412,0.2136,8331.68,1.4002,9579.299805,-0.9,8130.42,1.3897,9241.200195,19098.4,8146.82,1.3946,9295.299805,4121.4,17.75,46.89,1.3979
2009-07-14,60.05,23219.8,9633.990234,1356.0,9634.0,8359.49,510803.0,11016.0,6.588,1.412,0.2136,8361.23,1.4017,9676.099609,-0.9,8285.2,1.3911,9551.700195,19098.4,8331.37,1.3981,9612.599609,4121.4,17.75,46.89,1.397
2009-07-15,60.05,23219.8,9905.290039,1356.0,9905.299805,8616.21,510803.0,11016.0,6.588,1.412,0.2136,8628.23,1.4135,9905.299805,-0.9,8363.95,1.3962,9670.799805,19098.4,8363.95,1.3969,9687.099609,4121.4,17.75,46.89,1.4106
2009-07-16,60.05,23219.8,9997.589844,1356.0,9997.599609,8711.82,510803.0,11016.0,6.588,1.412,0.2136,8739.55,1.4167,10069.299805,-0.9,8584.4,1.4055,9855.099609,19098.4,8612.66,1.4102,9887.700195,4121.4,17.75,46.89,1.4148
2009-07-17,60.05,23219.8,10041.890625,1356.0,10041.900391,8743.94,510803.0,11016.0,6.588,1.412,0.2136,8754.29,1.415,10125.799805,-0.9,8674.41,1.4063,9962.900391,19098.4,8711.89,1.4145,10049.299805,4121.4,17.75,46.89,1.4099
2009-07-20,60.05,23219.8,10142.789063,1356.0,10142.799805,8848.15,510803.0,11016.0,6.693,1.412,0.2136,8854.8,1.4251,10163.700195,-0.9,8745.9,1.4109,10078.700195,19098.4,8746.05,1.4116,10136.900391,4121.4,17.75,46.89,1.4228
2009-07-21,60.05,23219.8,10122.189453,1356.0,10122.200195,8915.94,510803.0,11016.0,6.693,1.412,0.2136,8927.13,1.4278,10222.700195,-0.9,8811.27,1.4162,10095.799805,19098.4,8848.15,1.4223,10163.0,4121.4,17.75,46.89,1.4213
2009-07-22,60.05,23219.8,10153.389648,1356.0,10153.400391,8881.26,510803.0,11016.0,6.693,1.412,0.2136,8949.8,1.426,10153.400391,-0.9,8860.32,1.4155,10046.599609,19098.4,8912.39,1.422,10123.299805,4121.4,17.75,46.89,1.4211
2009-07-23,60.05,23219.8,10369.789063,1356.0,10369.799805,9069.29,510803.0,11016.0,6.693,1.412,0.2136,9096.72,1.4292,10403.0,-0.9,8866.44,1.4119,10170.799805,19098.4,8882.31,1.4206,10176.700195,4121.4,17.75,46.89,1.416
2009-07-24,60.05,23219.8,10438.588867,1356.0,10438.599609,9093.24,510803.0,11016.0,6.693,1.412,0.2136,9100.88,1.4256,10496.799805,-0.9,9007.39,1.4136,10343.0,19098.4,9066.11,1.416,10360.900391,4121.4,17.75,46.89,1.4205
2009-07-27,60.05,23219.8,10591.689453,1356.0,10591.700195,9108.51,510803.0,11016.0,6.759,1.412,0.2136,9123.4,1.4301,10638.700195,-0.9,9034.52,1.4171,10488.200195,19098.4,9093.09,1.4226,10535.900391,4121.4,17.75,46.89,1.4245
2009-07-28,60.05,23219.8,10663.989258,1356.0,10664.0,9096.72,510803.0,11016.0,6.759,1.412,0.2136,9124.91,1.4303,10737.599609,-0.9,9007.47,1.4127,10600.400391,19098.4,9106.92,1.4242,10614.299805,4121.4,17.75,46.89,1.4177
2009-07-29,60.05,23219.8,10661.588867,1356.0,10661.599609,9070.72,510803.0,11016.0,6.759,1.412,0.2136,9094.83,1.4197,10743.299805,-0.9,9014.19,1.4007,10598.700195,19098.4,9092.34,1.4174,10648.900391,4121.4,17.75,46.89,1.4037
2009-07-30,60.05,23219.8,10874.389648,1356.0,10874.400391,9154.46,510803.0,11016.0,6.759,1.412,0.2136,9246.43,1.4097,10895.299805,-0.9,9072.61,1.4007,10663.0,19098.4,9072.84,1.4036,10743.200195,4121.4,17.75,46.89,1.4074
2009-07-31,60.05,23219.8,10855.088867,1356.0,10855.099609,9171.61,510803.0,11016.0,6.759,1.412,0.2136,9218.77,1.4282,10932.900391,-0.9,9133.45,1.4065,10778.299805,19098.4,9154.61,1.4067,10841.5,4121.4,17.75,46.89,1.425
2009-08-03,60.05,23219.8,10900.989258,1356.0,10901.0,9286.56,513921.0,11084.0,6.703,1.3343,0.2136,9298.43,1.4447,10952.700195,0.3,9173.65,1.4206,10800.099609,19098.4,9173.65,1.4268,10809.900391,4121.4,17.75,47.18,1.4418
2009-08-04,60.05,23219.8,10876.789063,1356.0,10876.799805,9320.19,513921.0,11084.0,6.703,1.3343,0.2136,9321.1,1.4434,10905.700195,0.3,9250.74,1.4367,10758.200195,19098.4,9285.05,1.4417,10905.700195,4121.4,17.75,47.18,1.44
2009-08-05,60.05,23219.8,10704.389648,1356.0,10704.400391,9280.97,513921.0,11084.0,6.703,1.3343,0.2136,9318.08,1.4449,10922.5,0.3,9206.45,1.4357,10672.599609,19098.4,9315.36,1.4394,10880.599609,4121.4,17.75,47.18,1.4412
2009-08-06,60.05,23219.8,10775.989258,1356.0,10776.0,9256.26,513921.0,11084.0,6.703,1.3343,0.2136,9325.11,1.4433,10849.900391,0.3,9208.8,1.4329,10730.200195,19098.4,9277.19,1.4416,10808.700195,4121.4,17.75,47.18,1.4348
2009-08-07,60.05,23219.8,10947.588867,1356.0,10947.599609,9370.07,513921.0,11084.0,6.703,1.3343,0.2136,9437.71,1.4417,10984.0,0.3,9258.45,1.4155,10713.200195,19098.4,9258.45,1.4356,10738.700195,4121.4,17.75,47.18,1.4188
2009-08-10,60.05,23219.8,10922.989258,1356.0,10923.0,9337.95,513921.0,11084.0,6.679,1.3343,0.2136,9371.96,1.4219,10934.200195,0.3,9290.34,1.4103,10848.200195,19098.4,9368.41,1.4175,10934.200195,4121.4,17.75,47.18,1.4146
2009-08-11,60.05,23219.8,10831.889648,1356.0,10831.900391,9241.45,513921.0,11084.0,6.679,1.3343,0.2136,9334.33,1.4186,11011.299805,0.3,9216.88,1.411,10786.0,19098.4,9334.33,1.4146,10947.900391,4121.4,17.75,47.18,1.4146
2009-08-12,60.05,23219.8,10933.789063,1356.0,10933.799805,9361.61,513921.0,11084.0,6.679,1.3343,0.2136,9424.11,1.4248,10955.900391,0.3,9221.02,1.4084,10737.700195,19098.4,9236.06,1.4148,10808.200195,4121.4,17.75,47.18,1.4203
2009-08-13,60.05,23219.8,11046.789063,1356.0,11046.799805,9398.19,513921.0,11084.0,6.679,1.3343,0.2136,9406.5,1.433,11144.099609,0.3,9305.31,1.4202,10925.799805,19098.4,9362.29,1.4204,10942.5,4121.4,17.75,47.18,1.4289
2009-08-14,60.05,23219.8,10901.889648,1356.0,10901.900391,9321.4,513921.0,11084.0,6.679,1.3343,0.2136,9401.97,1.4309,11120.700195,0.3,9232.83,1.4161,10852.799805,19098.4,9398.04,1.4283,11055.5,4121.4,17.75,47.18,1.4205
2009-08-17,60.05,23219.8,10598.489258,1356.0,10598.5,9135.34,513921.0,11084.0,6.997,1.3343,0.2136,9313.85,1.4194,10857.400391,0.3,9116.52,1.4045,10537.900391,19098.4,9313.85,1.4186,10857.400391,4121.4,17.75,47.18,1.4078
2009-08-18,60.05,23219.8,10708.289063,1356.0,10708.299805,9217.94,513921.0,11084.0,6.997,1.3343,0.2136,9233.51,1.4156,10708.299805,0.3,9134.36,1.4067,10599.200195,19098.4,9134.36,1.4074,10626.5,4121.4,17.75,47.18,1.4133
2009-08-19,60.05,23219.8,10695.489258,1356.0,10695.5,9279.16,513921.0,11084.0,6.997,1.3343,0.2136,9313.09,1.4269,10749.200195,0.3,9131.94,1.4083,10511.900391,19098.4,9208.68,1.4133,10616.900391,4121.4,17.75,47.18,1.4236
2009-08-20,60.05,23219.8,10892.489258,1356.0,10892.5,9350.05,513921.0,11084.0,6.997,1.3343,0.2136,9363.95,1.4278,10918.0,0.3,9267.97,1.4201,10795.099609,19098.4,9278.55,1.4234,10804.799805,4121.4,17.75,47.18,1.425
2009-08-21,60.05,23219.8,11160.988281,1356.0,11161.0,9505.96,513921.0,11084.0,6.997,1.3343,0.2136,9519.11,1.4378,11193.900391,0.3,9347.25,1.421,10847.700195,19098.4,9347.86,1.4249,10880.099609,4121.4,17.75,47.18,1.4323
2009-08-24,60.05,23219.8,11303.788086,1356.0,11303.799805,9509.28,513921.0,11084.0,6.786,1.3343,0.2136,9587.73,1.4362,11349.200195,0.3,9486.23,1.4281,11189.700195,19098.4,9506.18,1.4344,11239.799805,4121.4,17.75,47.18,1.4303
2009-08-25,60.05,23219.8,11427.788086,1356.0,11427.799805,9539.29,513921.0,11084.0,6.786,1.3343,0.2136,9620.0,1.4364,11433.200195,0.3,9508.98,1.4254,11219.5,19098.4,9509.21,1.4299,11255.400391,4121.4,17.75,47.18,1.4298
2009-08-26,60.05,23219.8,11376.388672,1356.0,11376.400391,9543.52,513921.0,11084.0,6.786,1.3343,0.2136,9582.97,1.4351,11446.099609,0.3,9485.78,1.4206,11319.0,19098.4,9538.61,1.4303,11400.700195,4121.4,17.75,47.18,1.425
2009-08-27,60.05,23219.8,11356.888672,1356.0,11356.900391,9580.63,513921.0,11084.0,6.786,1.3343,0.2136,9609.72,1.4405,11422.700195,0.3,9459.4,1.4218,11293.799805,19098.4,9541.63,1.4244,11342.700195,4121.4,17.75,47.18,1.4351
2009-08-28,60.05,23219.8,11442.688477,1356.0,11442.700195,9544.2,513921.0,11084.0,6.786,1.3343,0.2136,9630.2,1.4391,11522.799805,0.3,9495.98,1.4282,11395.799805,19098.4,9582.74,1.4346,11419.400391,4121.4,17.75,47.18,1.4299
2009-08-31,60.05,23219.8,11365.087891,1356.0,11365.099609,9496.28,513921.0,11084.0,6.482,1.3343,0.2136,9543.06,1.4369,11481.400391,0.3,9436.13,1.4255,11342.900391,19098.4,9542.91,1.4306,11359.799805,4121.4,17.75,47.18,1.4331
2009-09-01,60.05,23219.8,11172.988281,1356.0,11173.0,9310.6,533678.0,11510.0,6.482,1.261,0.2136,9557.95,1.4379,11443.0,-0.2,9292.08,1.4177,11167.599609,19098.4,9492.32,1.4332,11434.0,4121.4,17.75,49.48,1.4221
2009-09-02,60.05,23219.8,10999.689453,1356.0,10999.700195,9280.67,533678.0,11510.0,6.482,1.261,0.2136,9330.93,1.4296,11138.799805,-0.2,9262.3,1.4191,10874.400391,19098.4,9306.21,1.4217,11126.599609,4121.4,17.75,49.48,1.4264
2009-09-03,60.05,23219.8,11018.088867,1356.0,11018.099609,9344.61,533678.0,11510.0,6.482,1.261,0.2136,9350.27,1.435,11109.200195,-0.2,9252.93,1.4236,10969.400391,19098.4,9282.03,1.4265,11022.700195,4121.4,17.75,49.48,1.4254
2009-09-04,60.05,23219.8,11222.688477,1356.0,11222.700195,9441.27,533678.0,11510.0,6.482,1.261,0.2136,9445.72,1.433,11222.700195,-0.2,9321.63,1.4191,11064.700195,19098.4,9345.36,1.426,11088.200195,4121.4,17.75,49.48,1.4293
2009-09-08,60.05,23219.8,11366.587891,1356.0,11366.599609,9497.34,533678.0,11510.0,6.315,1.261,0.2136,9511.02,1.4538,11463.700195,-0.2,9439.98,1.4329,11319.900391,19098.4,9440.13,1.4335,11425.400391,4121.4,17.75,49.48,1.4485
2009-09-09,60.05,23219.8,11461.988281,1356.0,11462.0,9547.22,533678.0,11510.0,6.315,1.261,0.2136,9577.22,1.4602,11469.900391,-0.2,9476.18,1.4465,11319.299805,19098.4,9496.59,1.4488,11325.0,4121.4,17.75,49.48,1.4561
2009-09-10,60.05,23219.8,11340.788086,1356.0,11340.799805,9627.48,533678.0,11510.0,6.315,1.261,0.2136,9633.0,1.4615,11516.700195,-0.2,9508.22,1.4501,11260.0,19098.4,9546.54,1.4571,11514.099609,4121.4,17.75,49.48,1.4579
2009-09-11,60.05,23219.8,11452.587891,1356.0,11452.599609,9605.41,533678.0,11510.0,6.315,1.261,0.2136,9649.85,1.4637,11531.400391,-0.2,9571.56,1.4555,11387.400391,19098.4,9625.44,1.4577,11388.400391,4121.4,17.75,49.48,1.457
2009-09-14,60.05,23219.8,11492.587891,1356.0,11492.599609,9626.8,533678.0,11510.0,6.259,1.261,0.2136,9631.11,1.4653,11517.099609,-0.2,9535.96,1.4515,11283.0,19098.4,9598.08,1.4596,11343.5,4121.4,17.75,49.48,1.4624
2009-09-15,60.05,23219.8,11593.288086,1356.0,11593.299805,9683.41,533678.0,11510.0,6.259,1.261,0.2136,9713.71,1.4688,11631.799805,-0.2,9580.93,1.4561,11481.0,19098.4,9626.42,1.4629,11520.700195,4121.4,17.75,49.48,1.4661
2009-09-16,60.05,23219.8,11746.888672,1356.0,11746.900391,9791.71,533678.0,11510.0,6.259,1.261,0.2136,9799.72,1.4738,11800.0,-0.2,9679.18,1.4642,11648.799805,19098.4,9683.71,1.4658,11657.5,4121.4,17.75,49.48,1.4712
2009-09-17,60.05,23219.8,11770.988281,1356.0,11771.0,9783.92,533678.0,11510.0,6.259,1.261,0.2136,9854.58,1.4768,11836.799805,-0.2,9749.46,1.4686,11687.299805,19098.4,9789.82,1.4707,11836.799805,4121.4,17.75,49.48,1.4739
2009-09-18,60.05,23219.8,11777.288086,1356.0,11777.299805,9820.2,533678.0,11510.0,6.259,1.261,0.2136,9847.71,1.4747,11837.700195,-0.2,9784.68,1.4648,11718.200195,19098.4,9784.75,1.4744,11728.599609,4121.4,17.75,49.48,1.471
2009-09-21,60.05,23219.8,11727.388672,1356.0,11727.400391,9778.86,533678.0,11510.0,6.539,1.261,0.2136,9818.69,1.4714,11774.0,-0.2,9725.88,1.4607,11623.0,19098.4,9818.61,1.4689,11772.299805,4121.4,17.75,49.48,1.4675
2009-09-22,60.05,23219.8,11816.688477,1356.0,11816.700195,9829.87,533678.0,11510.0,6.539,1.261,0.2136,9843.4,1.4825,11899.299805,-0.2,9771.91,1.4677,11771.599609,19098.4,9779.61,1.4679,11784.200195,4121.4,17.75,49.48,1.479
2009-09-23,60.05,23219.8,11853.288086,1356.0,11853.299805,9748.55,533678.0,11510.0,6.539,1.261,0.2136,9917.99,1.4844,11879.599609,-0.2,9740.84,1.4725,11801.099609,19098.4,9830.63,1.479,11813.099609,4121.4,17.75,49.48,1.4731
2009-09-24,60.05,23219.8,11695.888672,1356.0,11695.900391,9707.44,533678.0,11510.0,6.539,1.261,0.2136,9805.39,1.4806,11900.900391,-0.2,9666.03,1.4628,11640.799805,19098.4,9749.99,1.471,11808.0,4121.4,17.75,49.48,1.4661
2009-09-25,60.05,23219.8,11643.788086,1356.0,11643.799805,9665.19,533678.0,11510.0,6.539,1.261,0.2136,9735.93,1.4726,11712.5,-0.2,9641.01,1.4614,11561.0,19098.4,9706.68,1.4664,11692.799805,4121.4,17.75,49.48,1.4688
2009-09-28,60.05,23219.8,11891.188477,1356.0,11891.200195,9789.36,533678.0,11510.0,6.778,1.261,0.2136,9823.67,1.4722,11891.200195,-0.2,9663.23,1.456,11541.200195,19098.4,9663.23,1.4699,11622.0,4121.4,17.75,49.48,1.4621
2009-09-29,60.05,23219.8,11853.688477,1356.0,11853.700195,9742.2,533678.0,11510.0,6.778,1.261,0.2136,9834.48,1.4646,11938.200195,-0.2,9739.11,1.4526,11801.700195,19098.4,9789.74,1.4619,11933.5,4121.4,17.75,49.48,1.4585
2009-09-30,60.05,23219.8,11756.087891,1356.0,11756.099609,9712.28,533678.0,11510.0,6.778,1.261,0.2136,9776.82,1.4674,11929.5,-0.2,9608.59,1.4575,11628.900391,19098.4,9741.83,1.4583,11870.0,4121.4,17.75,49.48,1.4636
2009-10-01,59.99,23225.4,11518.188477,1356.0,11518.200195,9509.28,544493.0,11743.0,6.778,1.2426,-0.0349,9711.67,1.467,11851.099609,0.7,9500.37,1.4518,11511.400391,18890.4,9711.6,1.4638,11766.599609,4335.0,18.66,50.49,1.4533
2009-10-02,59.99,23225.4,11326.688477,1356.0,11326.700195,9487.67,544493.0,11743.0,6.778,1.2426,-0.0349,9524.78,1.465,11427.799805,0.7,9430.08,1.4482,11268.5,18890.4,9507.62,1.4534,11385.400391,4335.0,18.66,50.49,1.4572
2009-10-05,59.99,23225.4,11556.988281,1356.0,11557.0,9599.75,544493.0,11743.0,6.908,1.2426,-0.0349,9625.06,1.4671,11579.0,0.7,9481.09,1.4581,11271.0,18890.4,9488.73,1.4592,11322.200195,4335.0,18.66,50.49,1.465
2009-10-06,59.99,23225.4,11817.087891,1356.0,11817.099609,9731.25,544493.0,11743.0,6.908,1.2426,-0.0349,9774.32,1.4766,11836.0,0.7,9601.26,1.4646,11591.799805,18890.4,9601.26,1.4648,11594.700195,4335.0,18.66,50.49,1.4718
2009-10-07,59.99,23225.4,11721.388672,1356.0,11721.400391,9725.58,544493.0,11743.0,6.908,1.2426,-0.0349,9740.32,1.4739,11854.299805,0.7,9675.62,1.4652,11671.299805,18890.4,9725.69,1.4718,11821.900391,4335.0,18.66,50.49,1.4688
2009-10-08,59.99,23225.4,11814.288086,1356.0,11814.299805,9786.87,544493.0,11743.0,6.908,1.2426,-0.0349,9836.67,1.4817,11905.700195,0.7,9728.07,1.468,11753.099609,18890.4,9728.22,1.4688,11857.799805,4335.0,18.66,50.49,1.479
2009-10-09,59.99,23225.4,11743.188477,1356.0,11743.200195,9864.94,544493.0,11743.0,6.908,1.2426,-0.0349,9865.01,1.4798,11907.5,0.7,9764.88,1.4675,11691.799805,18890.4,9786.04,1.4794,11809.0,4335.0,18.66,50.49,1.473
2009-10-12,59.99,23225.4,11748.788086,1356.0,11748.799805,9885.8,544493.0,11743.0,6.685,1.2426,-0.0349,9931.82,1.4815,11870.299805,0.7,9849.37,1.4678,11734.099609,18890.4,9865.24,1.4724,11760.700195,4335.0,18.66,50.49,1.4773
2009-10-13,59.99,23225.4,11608.288086,1356.0,11608.299805,9871.06,544493.0,11743.0,6.685,1.2426,-0.0349,9895.09,1.4878,11735.700195,0.7,9815.06,1.476,11542.099609,18890.4,9883.98,1.4781,11717.0,4335.0,18.66,50.49,1.4859
2009-10-14,59.99,23225.4,11870.888672,1356.0,11870.900391,10015.86,544493.0,11743.0,6.685,1.2426,-0.0349,10027.73,1.4948,11881.700195,0.7,9873.48,1.4839,11713.099609,18890.4,9873.55,1.4854,11714.200195,4335.0,18.66,50.49,1.4926
2009-10-15,59.99,23225.4,11849.688477,1356.0,11849.700195,10062.94,544493.0,11743.0,6.685,1.2426,-0.0349,10062.94,1.4968,11942.799805,0.7,9977.47,1.4842,11792.799805,18890.4,10014.88,1.4935,11900.299805,4335.0,18.66,50.49,1.4945
2009-10-16,59.99,23225.4,11676.388672,1356.0,11676.400391,9995.91,544493.0,11743.0,6.685,1.2426,-0.0349,10061.66,1.497,11952.900391,0.7,9939.91,1.4848,11611.5,18890.4,10061.36,1.4945,11889.400391,4335.0,18.66,50.49,1.4906
2009-10-19,59.99,23225.4,11885.288086,1356.0,11885.299805,10092.19,544493.0,11743.0,7.042,1.2426,-0.0349,10117.96,1.4979,11907.0,0.7,9995.15,1.4829,11730.5,18890.4,9996.67,1.4893,11747.700195,4335.0,18.66,50.49,1.4964
2009-10-20,59.99,23225.4,11790.188477,1356.0,11790.200195,10041.48,544493.0,11743.0,7.042,1.2426,-0.0349,10098.39,1.4994,11951.799805,0.7,9992.81,1.4882,11782.599609,18890.4,10092.42,1.4973,11945.700195,4335.0,18.66,50.49,1.4939
2009-10-21,59.99,23225.4,11875.188477,1356.0,11875.200195,9949.36,544493.0,11743.0,7.042,1.2426,-0.0349,10119.47,1.5048,11911.400391,0.7,9943.76,1.4888,11644.900391,18890.4,10038.84,1.4934,11786.599609,4335.0,18.66,50.49,1.501
2009-10-22,59.99,23225.4,11828.587891,1356.0,11828.599609,10081.31,544493.0,11743.0,7.042,1.2426,-0.0349,10105.19,1.504,11855.5,0.7,9916.78,1.4943,11686.299805,18890.4,9946.18,1.5,11713.0,4335.0,18.66,50.49,1.5023
2009-10-23,59.99,23225.4,11739.788086,1356.0,11739.799805,9972.18,544493.0,11743.0,7.042,1.2426,-0.0349,10109.57,1.5063,11960.400391,0.7,9932.5,1.4987,11733.400391,18890.4,10099.9,1.5024,11911.0,4335.0,18.66,50.49,1.5003
2009-10-26,59.99,23225.4,11622.587891,1356.0,11622.599609,9867.96,544493.0,11743.0,7.144,1.2426,-0.0349,10072.32,1.5063,11833.200195,0.7,9849.45,1.4844,11583.799805,18890.4,9972.33,1.5,11796.799805,4335.0,18.66,50.49,1.487
2009-10-27,59.99,23225.4,11633.988281,1356.0,11634.0,9882.17,544493.0,11743.0,7.144,1.2426,-0.0349,9947.54,1.4928,11679.299805,0.7,9837.96,1.477,11546.400391,18890.4,9868.34,1.4862,11590.400391,4335.0,18.66,50.49,1.4809
2009-10-28,59.99,23225.4,11429.788086,1356.0,11429.799805,9762.69,544493.0,11743.0,7.144,1.2426,-0.0349,9902.42,1.4843,11600.0,0.7,9758.08,1.4692,11378.799805,18890.4,9881.11,1.4813,11588.0,4335.0,18.66,50.49,1.4712
2009-10-29,59.99,23225.4,11683.388672,1356.0,11683.400391,9962.58,544493.0,11743.0,7.144,1.2426,-0.0349,9969.91,1.4859,11690.400391,0.7,9759.13,1.4682,11357.700195,18890.4,9762.91,1.4714,11398.700195,4335.0,18.66,50.49,1.4834
2009-10-30,59.99,23225.4,11414.788086,1356.0,11414.799805,9712.73,544493.0,11743.0,7.144,1.2426,-0.0349,9962.13,1.4861,11761.099609,0.7,9684.54,1.4704,11366.200195,18890.4,9961.52,1.4835,11689.0,4335.0,18.66,50.49,1.4718
2009-11-02,59.99,23225.4,11465.788086,1356.0,11465.799805,9789.44,560265.0,12083.0,6.918,1.2306,-0.0349,9858.59,1.4846,11514.799805,0.5,9678.95,1.4684,11344.299805,18890.4,9712.13,1.4713,11354.0,4335.0,18.66,51.95,1.4769
2009-11-03,59.99,23225.4,11242.388672,1356.0,11242.400391,9771.91,560265.0,12083.0,6.918,1.2306,-0.0349,9787.47,1.4811,11358.400391,0.5,9703.89,1.4624,11179.900391,18890.4,9787.47,1.4772,11328.5,4335.0,18.66,51.95,1.4715
2009-11-04,59.99,23225.4,11387.688477,1356.0,11387.700195,9802.14,560265.0,12083.0,6.918,1.2306,-0.0349,9928.04,1.4909,11398.799805,0.5,9767.14,1.4701,11286.0,18890.4,9767.3,1.4731,11308.700195,4335.0,18.66,51.95,1.4878
2009-11-05,59.99,23225.4,11548.888672,1356.0,11548.900391,10005.96,560265.0,12083.0,6.918,1.2306,-0.0349,10013.07,1.4918,11621.099609,0.5,9807.8,1.4808,11249.599609,18890.4,9807.8,1.4871,11313.900391,4335.0,18.66,51.95,1.4881
2009-11-06,59.99,23225.4,11580.587891,1356.0,11580.599609,10023.42,560265.0,12083.0,6.918,1.2306,-0.0349,10044.5,1.4915,11627.700195,0.5,9936.81,1.4813,11391.599609,18890.4,10001.35,1.4869,11518.0,4335.0,18.66,51.95,1.4849
2009-11-09,59.99,23225.4,11816.788086,1356.0,11816.799805,10226.94,560265.0,12083.0,7.313,1.2306,-0.0349,10228.23,1.5021,11816.799805,0.5,10020.62,1.4851,11653.799805,18890.4,10020.62,1.4884,11654.700195,4335.0,18.66,51.95,1.4994
2009-11-10,59.99,23225.4,11813.988281,1356.0,11814.0,10246.97,560265.0,12083.0,7.313,1.2306,-0.0349,10260.8,1.5021,11891.900391,0.5,10197.69,1.4937,11777.799805,18890.4,10223.01,1.4996,11807.400391,4335.0,18.66,51.95,1.4983
2009-11-11,59.99,23225.4,11801.388672,1356.0,11801.400391,10291.26,560265.0,12083.0,7.313,1.2306,-0.0349,10341.97,1.505,11893.599609,0.5,10246.14,1.4953,11784.900391,18890.4,10247.42,1.4985,11822.900391,4335.0,18.66,51.95,1.4983
2009-11-12,59.99,23225.4,11834.488281,1356.0,11834.5,10197.47,560265.0,12083.0,7.313,1.2306,-0.0349,10321.64,1.5017,11916.400391,0.5,10171.24,1.482,11757.400391,18890.4,10289.82,1.498,11790.200195,4335.0,18.66,51.95,1.4843
2009-11-13,59.99,23225.4,11866.988281,1356.0,11867.0,10270.47,560265.0,12083.0,7.313,1.2306,-0.0349,10305.69,1.4939,11868.599609,0.5,10192.03,1.4826,11754.099609,18890.4,10197.85,1.4848,11835.299805,4335.0,18.66,51.95,1.4917
2009-11-16,59.99,23225.4,11986.888672,1356.0,11986.900391,10406.96,560265.0,12083.0,7.365,1.2306,-0.0349,10434.24,1.5017,12007.099609,0.5,10267.45,1.488,11910.099609,18890.4,10267.53,1.4924,11943.0,4335.0,18.66,51.95,1.4973
2009-11-17,59.99,23225.4,11959.388672,1356.0,11959.400391,10437.42,560265.0,12083.0,7.365,1.2306,-0.0349,10438.17,1.5,12016.099609,0.5,10361.99,1.4806,11928.599609,18890.4,10404.77,1.4971,11964.900391,4335.0,18.66,51.95,1.4867
2009-11-18,59.99,23225.4,12034.388672,1356.0,12034.400391,10426.31,560265.0,12083.0,7.365,1.2306,-0.0349,10432.66,1.4991,12102.599609,0.5,10360.1,1.4857,11999.299805,18890.4,10426.27,1.4875,12004.0,4335.0,18.66,51.95,1.4965
2009-11-19,59.99,23225.4,11846.188477,1356.0,11846.200195,10332.44,560265.0,12083.0,7.365,1.2306,-0.0349,10425.33,1.4966,12029.700195,0.5,10256.11,1.484,11817.0,18890.4,10425.33,1.4962,12028.400391,4335.0,18.66,51.95,1.4918
2009-11-20,59.99,23225.4,11719.288086,1356.0,11719.299805,10318.16,560265.0,12083.0,7.365,1.2306,-0.0349,10342.72,1.4937,11942.200195,0.5,10271.68,1.4798,11702.200195,18890.4,10327.91,1.4924,11888.900391,4335.0,18.66,51.95,1.4861
2009-11-23,59.99,23225.4,11940.488281,1356.0,11940.5,10450.95,560265.0,12083.0,7.219,1.2306,-0.0349,10495.61,1.5002,11975.900391,0.5,10320.05,1.4832,11832.900391,18890.4,10320.13,1.4859,11845.900391,4335.0,18.66,51.95,1.4966
2009-11-24,59.99,23225.4,11905.188477,1356.0,11905.200195,10433.71,560265.0,12083.0,7.219,1.2306,-0.0349,10453.97,1.499,11973.0,0.5,10359.58,1.4888,11808.0,18890.4,10451.25,1.4965,11832.799805,4335.0,18.66,51.95,1.4961
2009-11-25,59.99,23225.4,11965.788086,1356.0,11965.799805,10464.4,560265.0,12083.0,7.219,1.2306,-0.0349,10481.48,1.5145,12021.5,0.5,10420.94,1.4954,11900.599609,18890.4,10432.96,1.496,12004.099609,4335.0,18.66,51.95,1.514
2009-11-27,59.99,23225.4,11776.788086,1356.0,11776.799805,10309.92,560265.0,12083.0,7.219,1.2306,-0.0349,10452.23,1.5024,11829.200195,0.5,10231.25,1.4828,11415.799805,18890.4,10452.23,1.5021,11431.400391,4335.0,18.66,51.95,1.4967
2009-11-30,59.99,23225.4,11644.688477,1356.0,11644.700195,10344.84,560265.0,12083.0,7.509,1.2306,-0.0349,10364.34,1.5085,11874.599609,0.5,10263.29,1.4964,11603.599609,18890.4,10309.77,1.5011,11839.400391,4335.0,18.66,51.95,1.5009
2009-12-01,59.99,23225.4,11862.087891,1356.0,11862.099609,10471.58,569535.0,12252.0,7.509,1.2424,-0.0349,10501.28,1.5118,11878.200195,0.0,10343.44,1.497,11735.900391,18890.4,10343.82,1.5006,11746.200195,4335.0,18.66,53.26,1.5088
2009-12-02,59.99,23225.4,11868.788086,1356.0,11868.799805,10452.68,569535.0,12252.0,7.509,1.2424,-0.0349,10513.52,1.5111,11930.5,0.0,10421.47,1.5031,11788.200195,18890.4,10470.44,1.5084,11856.700195,4335.0,18.66,53.26,1.5046
2009-12-03,59.99,23225.4,11905.288086,1356.0,11905.299805,10366.15,569535.0,12252.0,7.509,1.2424,-0.0349,10507.63,1.5143,11998.299805,0.0,10350.05,1.5042,11881.299805,18890.4,10455.63,1.5044,11969.0,4335.0,18.66,53.26,1.507
2009-12-04,59.99,23225.4,12032.188477,1356.0,12032.200195,10388.9,569535.0,12252.0,7.509,1.2424,-0.0349,10516.7,1.5091,12055.299805,0.0,10311.81,1.4819,11831.599609,18890.4,10368.57,1.505,11864.400391,4335.0,18.66,53.26,1.4851
2009-12-07,59.99,23225.4,12011.788086,1356.0,12011.799805,10390.11,569535.0,12252.0,7.547,1.2424,-0.0349,10443.16,1.4905,12065.0,0.0,10360.18,1.4756,11930.5,18890.4,10386.86,1.4853,11975.799805,4335.0,18.66,53.26,1.4819
2009-12-08,59.99,23225.4,11808.888672,1356.0,11808.900391,10285.97,569535.0,12252.0,7.547,1.2424,-0.0349,10385.65,1.4867,12035.0,0.0,10249.84,1.468,11758.400391,18890.4,10385.42,1.4821,11957.299805,4335.0,18.66,53.26,1.4699
2009-12-09,59.99,23225.4,11541.188477,1356.0,11541.200195,10337.05,569535.0,12252.0,7.547,1.2424,-0.0349,10342.27,1.4785,11833.700195,0.0,10235.63,1.467,11497.400391,18890.4,10282.85,1.4706,11771.700195,4335.0,18.66,53.26,1.4727
2009-12-10,59.99,23225.4,11594.688477,1356.0,11594.700195,10405.83,569535.0,12252.0,7.547,1.2424,-0.0349,10444.6,1.4762,11610.400391,0.0,10335.77,1.4685,11468.700195,18890.4,10336.0,1.4726,11535.099609,4335.0,18.66,53.26,1.4735
2009-12-11,59.99,23225.4,11615.988281,1356.0,11616.0,10471.5,569535.0,12252.0,7.547,1.2424,-0.0349,10484.05,1.4777,11676.700195,0.0,10400.08,1.4585,11598.299805,18890.4,10403.41,1.4733,11610.5,4335.0,18.66,53.26,1.4623
2009-12-14,59.99,23225.4,11705.888672,1356.0,11705.900391,10501.05,569535.0,12252.0,7.969,1.2424,-0.0349,10514.66,1.4686,11748.900391,0.0,10471.28,1.4597,11645.5,18890.4,10471.28,1.4625,11705.400391,4335.0,18.66,53.26,1.4656
2009-12-15,59.99,23225.4,11735.488281,1356.0,11735.5,10452.0,569535.0,12252.0,7.969,1.2424,-0.0349,10499.31,1.4666,11757.5,0.0,10426.69,1.4504,11592.400391,18890.4,10499.31,1.4658,11696.700195,4335.0,18.66,53.26,1.4536
2009-12-16,59.99,23225.4,11863.188477,1356.0,11863.200195,10441.12,569535.0,12252.0,7.969,1.2424,-0.0349,10509.97,1.459,11875.200195,0.0,10427.59,1.4503,11739.700195,18890.4,10449.81,1.4535,11747.099609,4335.0,18.66,53.26,1.4537
2009-12-17,59.99,23225.4,11696.888672,1356.0,11696.900391,10308.26,569535.0,12252.0,7.969,1.2424,-0.0349,10440.06,1.4537,11820.5,0.0,10307.96,1.4303,11648.599609,18890.4,10439.99,1.4535,11764.400391,4335.0,18.66,53.26,1.4345
2009-12-18,59.99,23225.4,11644.988281,1356.0,11645.0,10328.89,569535.0,12252.0,7.969,1.2424,-0.0349,10372.35,1.4413,11814.099609,0.0,10263.9,1.4259,11622.599609,18890.4,10309.39,1.4339,11709.599609,4335.0,18.66,53.26,1.4343
2009-12-21,59.99,23225.4,11830.788086,1356.0,11830.799805,10414.14,569535.0,12252.0,8.568,1.2424,-0.0349,10458.05,1.4374,11843.0,0.0,10329.8,1.4267,11656.799805,18890.4,10330.1,1.4305,11696.900391,4335.0,18.66,53.26,1.4284
2009-12-22,59.99,23225.4,11890.788086,1356.0,11890.799805,10464.93,569535.0,12252.0,8.568,1.2424,-0.0349,10479.82,1.4333,11943.400391,0.0,10414.59,1.4217,11810.0,18890.4,10414.67,1.4283,11810.200195,4335.0,18.66,53.26,1.425
2009-12-23,59.99,23225.4,11967.488281,1356.0,11967.5,10466.44,569535.0,12252.0,8.568,1.2424,-0.0349,10492.06,1.4367,11990.400391,0.0,10437.8,1.4234,11916.400391,18890.4,10464.32,1.4251,11957.099609,4335.0,18.66,53.26,1.4327
2009-12-28,59.99,23225.4,12023.188477,1356.0,12023.200195,10547.08,569535.0,12252.0,8.205,1.2424,-0.0349,10551.61,1.4415,12070.900391,0.0,10506.34,1.4354,11995.700195,18890.4,10517.91,1.4376,12014.0,4335.0,18.66,53.26,1.4383
2009-12-29,59.99,23225.4,12035.087891,1356.0,12035.099609,10545.41,569535.0,12252.0,8.345,1.2424,-0.0349,10580.33,1.446,12056.5,0.0,10544.28,1.4332,11985.200195,18890.4,10547.83,1.4377,12034.700195,4335.0,18.66,53.26,1.4354
2009-12-30,59.99,23225.4,11939.988281,1356.0,11940.0,10548.51,569535.0,12252.0,8.345,1.2424,-0.0349,10550.7,1.4364,12020.099609,0.0,10505.66,1.4274,11923.0,18890.4,10544.36,1.4352,12018.400391,4335.0,18.66,53.26,1.4335
