Date,Activos,Ocupados,Parados,Actividad(%),Paro(%)
2001-01-01,17814.7,15866.3,1948.3,52.57,10.94
2001-01-02,17814.7,15866.3,1948.3,52.57,10.94
2001-01-03,17814.7,15866.3,1948.3,52.57,10.94
2001-01-04,17814.7,15866.3,1948.3,52.57,10.94
2001-01-05,17814.7,15866.3,1948.3,52.57,10.94
2001-01-06,17814.7,15866.3,1948.3,52.57,10.94
2001-01-07,17814.7,15866.3,1948.3,52.57,10.94
2001-01-08,17814.7,15866.3,1948.3,52.57,10.94
2001-01-09,17814.7,15866.3,1948.3,52.57,10.94
2001-01-10,17814.7,15866.3,1948.3,52.57,10.94
2001-01-11,17814.7,15866.3,1948.3,52.57,10.94
2001-01-12,17814.7,15866.3,1948.3,52.57,10.94
2001-01-13,17814.7,15866.3,1948.3,52.57,10.94
2001-01-14,17814.7,15866.3,1948.3,52.57,10.94
2001-01-15,17814.7,15866.3,1948.3,52.57,10.94
2001-01-16,17814.7,15866.3,1948.3,52.57,10.94
2001-01-17,17814.7,15866.3,1948.3,52.57,10.94
2001-01-18,17814.7,15866.3,1948.3,52.57,10.94
2001-01-19,17814.7,15866.3,1948.3,52.57,10.94
2001-01-20,17814.7,15866.3,1948.3,52.57,10.94
2001-01-21,17814.7,15866.3,1948.3,52.57,10.94
2001-01-22,17814.7,15866.3,1948.3,52.57,10.94
2001-01-23,17814.7,15866.3,1948.3,52.57,10.94
2001-01-24,17814.7,15866.3,1948.3,52.57,10.94
2001-01-25,17814.7,15866.3,1948.3,52.57,10.94
2001-01-26,17814.7,15866.3,1948.3,52.57,10.94
2001-01-27,17814.7,15866.3,1948.3,52.57,10.94
2001-01-28,17814.7,15866.3,1948.3,52.57,10.94
2001-01-29,17814.7,15866.3,1948.3,52.57,10.94
2001-01-30,17814.7,15866.3,1948.3,52.57,10.94
2001-01-31,17814.7,15866.3,1948.3,52.57,10.94
2001-02-01,17814.7,15866.3,1948.3,52.57,10.94
2001-02-02,17814.7,15866.3,1948.3,52.57,10.94
2001-02-03,17814.7,15866.3,1948.3,52.57,10.94
2001-02-04,17814.7,15866.3,1948.3,52.57,10.94
2001-02-05,17814.7,15866.3,1948.3,52.57,10.94
2001-02-06,17814.7,15866.3,1948.3,52.57,10.94
2001-02-07,17814.7,15866.3,1948.3,52.57,10.94
2001-02-08,17814.7,15866.3,1948.3,52.57,10.94
2001-02-09,17814.7,15866.3,1948.3,52.57,10.94
2001-02-10,17814.7,15866.3,1948.3,52.57,10.94
2001-02-11,17814.7,15866.3,1948.3,52.57,10.94
2001-02-12,17814.7,15866.3,1948.3,52.57,10.94
2001-02-13,17814.7,15866.3,1948.3,52.57,10.94
2001-02-14,17814.7,15866.3,1948.3,52.57,10.94
2001-02-15,17814.7,15866.3,1948.3,52.57,10.94
2001-02-16,17814.7,15866.3,1948.3,52.57,10.94
2001-02-17,17814.7,15866.3,1948.3,52.57,10.94
2001-02-18,17814.7,15866.3,1948.3,52.57,10.94
2001-02-19,17814.7,15866.3,1948.3,52.57,10.94
2001-02-20,17814.7,15866.3,1948.3,52.57,10.94
2001-02-21,17814.7,15866.3,1948.3,52.57,10.94
2001-02-22,17814.7,15866.3,1948.3,52.57,10.94
2001-02-23,17814.7,15866.3,1948.3,52.57,10.94
2001-02-24,17814.7,15866.3,1948.3,52.57,10.94
2001-02-25,17814.7,15866.3,1948.3,52.57,10.94
2001-02-26,17814.7,15866.3,1948.3,52.57,10.94
2001-02-27,17814.7,15866.3,1948.3,52.57,10.94
2001-02-28,17814.7,15866.3,1948.3,52.57,10.94
2001-03-01,17814.7,15866.3,1948.3,52.57,10.94
2001-03-02,17814.7,15866.3,1948.3,52.57,10.94
2001-03-03,17814.7,15866.3,1948.3,52.57,10.94
2001-03-04,17814.7,15866.3,1948.3,52.57,10.94
2001-03-05,17814.7,15866.3,1948.3,52.57,10.94
2001-03-06,17814.7,15866.3,1948.3,52.57,10.94
2001-03-07,17814.7,15866.3,1948.3,52.57,10.94
2001-03-08,17814.7,15866.3,1948.3,52.57,10.94
2001-03-09,17814.7,15866.3,1948.3,52.57,10.94
2001-03-10,17814.7,15866.3,1948.3,52.57,10.94
2001-03-11,17814.7,15866.3,1948.3,52.57,10.94
2001-03-12,17814.7,15866.3,1948.3,52.57,10.94
2001-03-13,17814.7,15866.3,1948.3,52.57,10.94
2001-03-14,17814.7,15866.3,1948.3,52.57,10.94
2001-03-15,17814.7,15866.3,1948.3,52.57,10.94
2001-03-16,17814.7,15866.3,1948.3,52.57,10.94
2001-03-17,17814.7,15866.3,1948.3,52.57,10.94
2001-03-18,17814.7,15866.3,1948.3,52.57,10.94
2001-03-19,17814.7,15866.3,1948.3,52.57,10.94
2001-03-20,17814.7,15866.3,1948.3,52.57,10.94
2001-03-21,17814.7,15866.3,1948.3,52.57,10.94
2001-03-22,17814.7,15866.3,1948.3,52.57,10.94
2001-03-23,17814.7,15866.3,1948.3,52.57,10.94
2001-03-24,17814.7,15866.3,1948.3,52.57,10.94
2001-03-25,17814.7,15866.3,1948.3,52.57,10.94
2001-03-26,17814.7,15866.3,1948.3,52.57,10.94
2001-03-27,17814.7,15866.3,1948.3,52.57,10.94
2001-03-28,17814.7,15866.3,1948.3,52.57,10.94
2001-03-29,17814.7,15866.3,1948.3,52.57,10.94
2001-03-30,17814.7,15866.3,1948.3,52.57,10.94
2001-03-31,17814.7,15866.3,1948.3,52.57,10.94
2001-04-01,17932.1,16076.3,1855.8,52.73,10.35
2001-04-02,17932.1,16076.3,1855.8,52.73,10.35
2001-04-03,17932.1,16076.3,1855.8,52.73,10.35
2001-04-04,17932.1,16076.3,1855.8,52.73,10.35
2001-04-05,17932.1,16076.3,1855.8,52.73,10.35
2001-04-06,17932.1,16076.3,1855.8,52.73,10.35
2001-04-07,17932.1,16076.3,1855.8,52.73,10.35
2001-04-08,17932.1,16076.3,1855.8,52.73,10.35
2001-04-09,17932.1,16076.3,1855.8,52.73,10.35
2001-04-10,17932.1,16076.3,1855.8,52.73,10.35
2001-04-11,17932.1,16076.3,1855.8,52.73,10.35
2001-04-12,17932.1,16076.3,1855.8,52.73,10.35
2001-04-13,17932.1,16076.3,1855.8,52.73,10.35
2001-04-14,17932.1,16076.3,1855.8,52.73,10.35
2001-04-15,17932.1,16076.3,1855.8,52.73,10.35
2001-04-16,17932.1,16076.3,1855.8,52.73,10.35
2001-04-17,17932.1,16076.3,1855.8,52.73,10.35
2001-04-18,17932.1,16076.3,1855.8,52.73,10.35
2001-04-19,17932.1,16076.3,1855.8,52.73,10.35
2001-04-20,17932.1,16076.3,1855.8,52.73,10.35
2001-04-21,17932.1,16076.3,1855.8,52.73,10.35
2001-04-22,17932.1,16076.3,1855.8,52.73,10.35
2001-04-23,17932.1,16076.3,1855.8,52.73,10.35
2001-04-24,17932.1,16076.3,1855.8,52.73,10.35
2001-04-25,17932.1,16076.3,1855.8,52.73,10.35
2001-04-26,17932.1,16076.3,1855.8,52.73,10.35
2001-04-27,17932.1,16076.3,1855.8,52.73,10.35
2001-04-28,17932.1,16076.3,1855.8,52.73,10.35
2001-04-29,17932.1,16076.3,1855.8,52.73,10.35
2001-04-30,17932.1,16076.3,1855.8,52.73,10.35
2001-05-01,17932.1,16076.3,1855.8,52.73,10.35
2001-05-02,17932.1,16076.3,1855.8,52.73,10.35
2001-05-03,17932.1,16076.3,1855.8,52.73,10.35
2001-05-04,17932.1,16076.3,1855.8,52.73,10.35
2001-05-05,17932.1,16076.3,1855.8,52.73,10.35
2001-05-06,17932.1,16076.3,1855.8,52.73,10.35
2001-05-07,17932.1,16076.3,1855.8,52.73,10.35
2001-05-08,17932.1,16076.3,1855.8,52.73,10.35
2001-05-09,17932.1,16076.3,1855.8,52.73,10.35
2001-05-10,17932.1,16076.3,1855.8,52.73,10.35
2001-05-11,17932.1,16076.3,1855.8,52.73,10.35
2001-05-12,17932.1,16076.3,1855.8,52.73,10.35
2001-05-13,17932.1,16076.3,1855.8,52.73,10.35
2001-05-14,17932.1,16076.3,1855.8,52.73,10.35
2001-05-15,17932.1,16076.3,1855.8,52.73,10.35
2001-05-16,17932.1,16076.3,1855.8,52.73,10.35
2001-05-17,17932.1,16076.3,1855.8,52.73,10.35
2001-05-18,17932.1,16076.3,1855.8,52.73,10.35
2001-05-19,17932.1,16076.3,1855.8,52.73,10.35
2001-05-20,17932.1,16076.3,1855.8,52.73,10.35
2001-05-21,17932.1,16076.3,1855.8,52.73,10.35
2001-05-22,17932.1,16076.3,1855.8,52.73,10.35
2001-05-23,17932.1,16076.3,1855.8,52.73,10.35
2001-05-24,17932.1,16076.3,1855.8,52.73,10.35
2001-05-25,17932.1,16076.3,1855.8,52.73,10.35
2001-05-26,17932.1,16076.3,1855.8,52.73,10.35
2001-05-27,17932.1,16076.3,1855.8,52.73,10.35
2001-05-28,17932.1,16076.3,1855.8,52.73,10.35
2001-05-29,17932.1,16076.3,1855.8,52.73,10.35
2001-05-30,17932.1,16076.3,1855.8,52.73,10.35
2001-05-31,17932.1,16076.3,1855.8,52.73,10.35
2001-06-01,17932.1,16076.3,1855.8,52.73,10.35
2001-06-02,17932.1,16076.3,1855.8,52.73,10.35
2001-06-03,17932.1,16076.3,1855.8,52.73,10.35
2001-06-04,17932.1,16076.3,1855.8,52.73,10.35
2001-06-05,17932.1,16076.3,1855.8,52.73,10.35
2001-06-06,17932.1,16076.3,1855.8,52.73,10.35
2001-06-07,17932.1,16076.3,1855.8,52.73,10.35
2001-06-08,17932.1,16076.3,1855.8,52.73,10.35
2001-06-09,17932.1,16076.3,1855.8,52.73,10.35
2001-06-10,17932.1,16076.3,1855.8,52.73,10.35
2001-06-11,17932.1,16076.3,1855.8,52.73,10.35
2001-06-12,17932.1,16076.3,1855.8,52.73,10.35
2001-06-13,17932.1,16076.3,1855.8,52.73,10.35
2001-06-14,17932.1,16076.3,1855.8,52.73,10.35
2001-06-15,17932.1,16076.3,1855.8,52.73,10.35
2001-06-16,17932.1,16076.3,1855.8,52.73,10.35
2001-06-17,17932.1,16076.3,1855.8,52.73,10.35
2001-06-18,17932.1,16076.3,1855.8,52.73,10.35
2001-06-19,17932.1,16076.3,1855.8,52.73,10.35
2001-06-20,17932.1,16076.3,1855.8,52.73,10.35
2001-06-21,17932.1,16076.3,1855.8,52.73,10.35
2001-06-22,17932.1,16076.3,1855.8,52.73,10.35
2001-06-23,17932.1,16076.3,1855.8,52.73,10.35
2001-06-24,17932.1,16076.3,1855.8,52.73,10.35
2001-06-25,17932.1,16076.3,1855.8,52.73,10.35
2001-06-26,17932.1,16076.3,1855.8,52.73,10.35
2001-06-27,17932.1,16076.3,1855.8,52.73,10.35
2001-06-28,17932.1,16076.3,1855.8,52.73,10.35
2001-06-29,17932.1,16076.3,1855.8,52.73,10.35
2001-06-30,17932.1,16076.3,1855.8,52.73,10.35
2001-07-01,18164.0,16294.3,1869.7,53.22,10.29
2001-07-02,18164.0,16294.3,1869.7,53.22,10.29
2001-07-03,18164.0,16294.3,1869.7,53.22,10.29
2001-07-04,18164.0,16294.3,1869.7,53.22,10.29
2001-07-05,18164.0,16294.3,1869.7,53.22,10.29
2001-07-06,18164.0,16294.3,1869.7,53.22,10.29
2001-07-07,18164.0,16294.3,1869.7,53.22,10.29
2001-07-08,18164.0,16294.3,1869.7,53.22,10.29
2001-07-09,18164.0,16294.3,1869.7,53.22,10.29
2001-07-10,18164.0,16294.3,1869.7,53.22,10.29
2001-07-11,18164.0,16294.3,1869.7,53.22,10.29
2001-07-12,18164.0,16294.3,1869.7,53.22,10.29
2001-07-13,18164.0,16294.3,1869.7,53.22,10.29
2001-07-14,18164.0,16294.3,1869.7,53.22,10.29
2001-07-15,18164.0,16294.3,1869.7,53.22,10.29
2001-07-16,18164.0,16294.3,1869.7,53.22,10.29
2001-07-17,18164.0,16294.3,1869.7,53.22,10.29
2001-07-18,18164.0,16294.3,1869.7,53.22,10.29
2001-07-19,18164.0,16294.3,1869.7,53.22,10.29
2001-07-20,18164.0,16294.3,1869.7,53.22,10.29
2001-07-21,18164.0,16294.3,1869.7,53.22,10.29
2001-07-22,18164.0,16294.3,1869.7,53.22,10.29
2001-07-23,18164.0,16294.3,1869.7,53.22,10.29
2001-07-24,18164.0,16294.3,1869.7,53.22,10.29
2001-07-25,18164.0,16294.3,1869.7,53.22,10.29
2001-07-26,18164.0,16294.3,1869.7,53.22,10.29
2001-07-27,18164.0,16294.3,1869.7,53.22,10.29
2001-07-28,18164.0,16294.3,1869.7,53.22,10.29
2001-07-29,18164.0,16294.3,1869.7,53.22,10.29
2001-07-30,18164.0,16294.3,1869.7,53.22,10.29
2001-07-31,18164.0,16294.3,1869.7,53.22,10.29
2001-08-01,18164.0,16294.3,1869.7,53.22,10.29
2001-08-02,18164.0,16294.3,1869.7,53.22,10.29
2001-08-03,18164.0,16294.3,1869.7,53.22,10.29
2001-08-04,18164.0,16294.3,1869.7,53.22,10.29
2001-08-05,18164.0,16294.3,1869.7,53.22,10.29
2001-08-06,18164.0,16294.3,1869.7,53.22,10.29
2001-08-07,18164.0,16294.3,1869.7,53.22,10.29
2001-08-08,18164.0,16294.3,1869.7,53.22,10.29
2001-08-09,18164.0,16294.3,1869.7,53.22,10.29
2001-08-10,18164.0,16294.3,1869.7,53.22,10.29
2001-08-11,18164.0,16294.3,1869.7,53.22,10.29
2001-08-12,18164.0,16294.3,1869.7,53.22,10.29
2001-08-13,18164.0,16294.3,1869.7,53.22,10.29
2001-08-14,18164.0,16294.3,1869.7,53.22,10.29
2001-08-15,18164.0,16294.3,1869.7,53.22,10.29
2001-08-16,18164.0,16294.3,1869.7,53.22,10.29
2001-08-17,18164.0,16294.3,1869.7,53.22,10.29
2001-08-18,18164.0,16294.3,1869.7,53.22,10.29
2001-08-19,18164.0,16294.3,1869.7,53.22,10.29
2001-08-20,18164.0,16294.3,1869.7,53.22,10.29
2001-08-21,18164.0,16294.3,1869.7,53.22,10.29
2001-08-22,18164.0,16294.3,1869.7,53.22,10.29
2001-08-23,18164.0,16294.3,1869.7,53.22,10.29
2001-08-24,18164.0,16294.3,1869.7,53.22,10.29
2001-08-25,18164.0,16294.3,1869.7,53.22,10.29
2001-08-26,18164.0,16294.3,1869.7,53.22,10.29
2001-08-27,18164.0,16294.3,1869.7,53.22,10.29
2001-08-28,18164.0,16294.3,1869.7,53.22,10.29
2001-08-29,18164.0,16294.3,1869.7,53.22,10.29
2001-08-30,18164.0,16294.3,1869.7,53.22,10.29
2001-08-31,18164.0,16294.3,1869.7,53.22,10.29
2001-09-01,18164.0,16294.3,1869.7,53.22,10.29
2001-09-02,18164.0,16294.3,1869.7,53.22,10.29
2001-09-03,18164.0,16294.3,1869.7,53.22,10.29
2001-09-04,18164.0,16294.3,1869.7,53.22,10.29
2001-09-05,18164.0,16294.3,1869.7,53.22,10.29
2001-09-06,18164.0,16294.3,1869.7,53.22,10.29
2001-09-07,18164.0,16294.3,1869.7,53.22,10.29
2001-09-08,18164.0,16294.3,1869.7,53.22,10.29
2001-09-09,18164.0,16294.3,1869.7,53.22,10.29
2001-09-10,18164.0,16294.3,1869.7,53.22,10.29
2001-09-11,18164.0,16294.3,1869.7,53.22,10.29
2001-09-12,18164.0,16294.3,1869.7,53.22,10.29
2001-09-13,18164.0,16294.3,1869.7,53.22,10.29
2001-09-14,18164.0,16294.3,1869.7,53.22,10.29
2001-09-15,18164.0,16294.3,1869.7,53.22,10.29
2001-09-16,18164.0,16294.3,1869.7,53.22,10.29
2001-09-17,18164.0,16294.3,1869.7,53.22,10.29
2001-09-18,18164.0,16294.3,1869.7,53.22,10.29
2001-09-19,18164.0,16294.3,1869.7,53.22,10.29
2001-09-20,18164.0,16294.3,1869.7,53.22,10.29
2001-09-21,18164.0,16294.3,1869.7,53.22,10.29
2001-09-22,18164.0,16294.3,1869.7,53.22,10.29
2001-09-23,18164.0,16294.3,1869.7,53.22,10.29
2001-09-24,18164.0,16294.3,1869.7,53.22,10.29
2001-09-25,18164.0,16294.3,1869.7,53.22,10.29
2001-09-26,18164.0,16294.3,1869.7,53.22,10.29
2001-09-27,18164.0,16294.3,1869.7,53.22,10.29
2001-09-28,18164.0,16294.3,1869.7,53.22,10.29
2001-09-29,18164.0,16294.3,1869.7,53.22,10.29
2001-09-30,18164.0,16294.3,1869.7,53.22,10.29
2001-10-01,18292.0,16348.2,1943.8,53.41,10.63
2001-10-02,18292.0,16348.2,1943.8,53.41,10.63
2001-10-03,18292.0,16348.2,1943.8,53.41,10.63
2001-10-04,18292.0,16348.2,1943.8,53.41,10.63
2001-10-05,18292.0,16348.2,1943.8,53.41,10.63
2001-10-06,18292.0,16348.2,1943.8,53.41,10.63
2001-10-07,18292.0,16348.2,1943.8,53.41,10.63
2001-10-08,18292.0,16348.2,1943.8,53.41,10.63
2001-10-09,18292.0,16348.2,1943.8,53.41,10.63
2001-10-10,18292.0,16348.2,1943.8,53.41,10.63
2001-10-11,18292.0,16348.2,1943.8,53.41,10.63
2001-10-12,18292.0,16348.2,1943.8,53.41,10.63
2001-10-13,18292.0,16348.2,1943.8,53.41,10.63
2001-10-14,18292.0,16348.2,1943.8,53.41,10.63
2001-10-15,18292.0,16348.2,1943.8,53.41,10.63
2001-10-16,18292.0,16348.2,1943.8,53.41,10.63
2001-10-17,18292.0,16348.2,1943.8,53.41,10.63
2001-10-18,18292.0,16348.2,1943.8,53.41,10.63
2001-10-19,18292.0,16348.2,1943.8,53.41,10.63
2001-10-20,18292.0,16348.2,1943.8,53.41,10.63
2001-10-21,18292.0,16348.2,1943.8,53.41,10.63
2001-10-22,18292.0,16348.2,1943.8,53.41,10.63
2001-10-23,18292.0,16348.2,1943.8,53.41,10.63
2001-10-24,18292.0,16348.2,1943.8,53.41,10.63
2001-10-25,18292.0,16348.2,1943.8,53.41,10.63
2001-10-26,18292.0,16348.2,1943.8,53.41,10.63
2001-10-27,18292.0,16348.2,1943.8,53.41,10.63
2001-10-28,18292.0,16348.2,1943.8,53.41,10.63
2001-10-29,18292.0,16348.2,1943.8,53.41,10.63
2001-10-30,18292.0,16348.2,1943.8,53.41,10.63
2001-10-31,18292.0,16348.2,1943.8,53.41,10.63
2001-11-01,18292.0,16348.2,1943.8,53.41,10.63
2001-11-02,18292.0,16348.2,1943.8,53.41,10.63
2001-11-03,18292.0,16348.2,1943.8,53.41,10.63
2001-11-04,18292.0,16348.2,1943.8,53.41,10.63
2001-11-05,18292.0,16348.2,1943.8,53.41,10.63
2001-11-06,18292.0,16348.2,1943.8,53.41,10.63
2001-11-07,18292.0,16348.2,1943.8,53.41,10.63
2001-11-08,18292.0,16348.2,1943.8,53.41,10.63
2001-11-09,18292.0,16348.2,1943.8,53.41,10.63
2001-11-10,18292.0,16348.2,1943.8,53.41,10.63
2001-11-11,18292.0,16348.2,1943.8,53.41,10.63
2001-11-12,18292.0,16348.2,1943.8,53.41,10.63
2001-11-13,18292.0,16348.2,1943.8,53.41,10.63
2001-11-14,18292.0,16348.2,1943.8,53.41,10.63
2001-11-15,18292.0,16348.2,1943.8,53.41,10.63
2001-11-16,18292.0,16348.2,1943.8,53.41,10.63
2001-11-17,18292.0,16348.2,1943.8,53.41,10.63
2001-11-18,18292.0,16348.2,1943.8,53.41,10.63
2001-11-19,18292.0,16348.2,1943.8,53.41,10.63
2001-11-20,18292.0,16348.2,1943.8,53.41,10.63
2001-11-21,18292.0,16348.2,1943.8,53.41,10.63
2001-11-22,18292.0,16348.2,1943.8,53.41,10.63
2001-11-23,18292.0,16348.2,1943.8,53.41,10.63
2001-11-24,18292.0,16348.2,1943.8,53.41,10.63
2001-11-25,18292.0,16348.2,1943.8,53.41,10.63
2001-11-26,18292.0,16348.2,1943.8,53.41,10.63
2001-11-27,18292.0,16348.2,1943.8,53.41,10.63
2001-11-28,18292.0,16348.2,1943.8,53.41,10.63
2001-11-29,18292.0,16348.2,1943.8,53.41,10.63
2001-11-30,18292.0,16348.2,1943.8,53.41,10.63
2001-12-01,18292.0,16348.2,1943.8,53.41,10.63
2001-12-02,18292.0,16348.2,1943.8,53.41,10.63
2001-12-03,18292.0,16348.2,1943.8,53.41,10.63
2001-12-04,18292.0,16348.2,1943.8,53.41,10.63
2001-12-05,18292.0,16348.2,1943.8,53.41,10.63
2001-12-06,18292.0,16348.2,1943.8,53.41,10.63
2001-12-07,18292.0,16348.2,1943.8,53.41,10.63
2001-12-08,18292.0,16348.2,1943.8,53.41,10.63
2001-12-09,18292.0,16348.2,1943.8,53.41,10.63
2001-12-10,18292.0,16348.2,1943.8,53.41,10.63
2001-12-11,18292.0,16348.2,1943.8,53.41,10.63
2001-12-12,18292.0,16348.2,1943.8,53.41,10.63
2001-12-13,18292.0,16348.2,1943.8,53.41,10.63
2001-12-14,18292.0,16348.2,1943.8,53.41,10.63
2001-12-15,18292.0,16348.2,1943.8,53.41,10.63
2001-12-16,18292.0,16348.2,1943.8,53.41,10.63
2001-12-17,18292.0,16348.2,1943.8,53.41,10.63
2001-12-18,18292.0,16348.2,1943.8,53.41,10.63
2001-12-19,18292.0,16348.2,1943.8,53.41,10.63
2001-12-20,18292.0,16348.2,1943.8,53.41,10.63
2001-12-21,18292.0,16348.2,1943.8,53.41,10.63
2001-12-22,18292.0,16348.2,1943.8,53.41,10.63
2001-12-23,18292.0,16348.2,1943.8,53.41,10.63
2001-12-24,18292.0,16348.2,1943.8,53.41,10.63
2001-12-25,18292.0,16348.2,1943.8,53.41,10.63
2001-12-26,18292.0,16348.2,1943.8,53.41,10.63
2001-12-27,18292.0,16348.2,1943.8,53.41,10.63
2001-12-28,18292.0,16348.2,1943.8,53.41,10.63
2001-12-29,18292.0,16348.2,1943.8,53.41,10.63
2001-12-30,18292.0,16348.2,1943.8,53.41,10.63
2001-12-31,18292.0,16348.2,1943.8,53.41,10.63
2002-01-01,18635.1,16482.3,2152.8,54.06,11.55
2002-01-02,18635.1,16482.3,2152.8,54.06,11.55
2002-01-03,18635.1,16482.3,2152.8,54.06,11.55
2002-01-04,18635.1,16482.3,2152.8,54.06,11.55
2002-01-05,18635.1,16482.3,2152.8,54.06,11.55
2002-01-06,18635.1,16482.3,2152.8,54.06,11.55
2002-01-07,18635.1,16482.3,2152.8,54.06,11.55
2002-01-08,18635.1,16482.3,2152.8,54.06,11.55
2002-01-09,18635.1,16482.3,2152.8,54.06,11.55
2002-01-10,18635.1,16482.3,2152.8,54.06,11.55
2002-01-11,18635.1,16482.3,2152.8,54.06,11.55
2002-01-12,18635.1,16482.3,2152.8,54.06,11.55
2002-01-13,18635.1,16482.3,2152.8,54.06,11.55
2002-01-14,18635.1,16482.3,2152.8,54.06,11.55
2002-01-15,18635.1,16482.3,2152.8,54.06,11.55
2002-01-16,18635.1,16482.3,2152.8,54.06,11.55
2002-01-17,18635.1,16482.3,2152.8,54.06,11.55
2002-01-18,18635.1,16482.3,2152.8,54.06,11.55
2002-01-19,18635.1,16482.3,2152.8,54.06,11.55
2002-01-20,18635.1,16482.3,2152.8,54.06,11.55
2002-01-21,18635.1,16482.3,2152.8,54.06,11.55
2002-01-22,18635.1,16482.3,2152.8,54.06,11.55
2002-01-23,18635.1,16482.3,2152.8,54.06,11.55
2002-01-24,18635.1,16482.3,2152.8,54.06,11.55
2002-01-25,18635.1,16482.3,2152.8,54.06,11.55
2002-01-26,18635.1,16482.3,2152.8,54.06,11.55
2002-01-27,18635.1,16482.3,2152.8,54.06,11.55
2002-01-28,18635.1,16482.3,2152.8,54.06,11.55
2002-01-29,18635.1,16482.3,2152.8,54.06,11.55
2002-01-30,18635.1,16482.3,2152.8,54.06,11.55
2002-01-31,18635.1,16482.3,2152.8,54.06,11.55
2002-02-01,18635.1,16482.3,2152.8,54.06,11.55
2002-02-02,18635.1,16482.3,2152.8,54.06,11.55
2002-02-03,18635.1,16482.3,2152.8,54.06,11.55
2002-02-04,18635.1,16482.3,2152.8,54.06,11.55
2002-02-05,18635.1,16482.3,2152.8,54.06,11.55
2002-02-06,18635.1,16482.3,2152.8,54.06,11.55
2002-02-07,18635.1,16482.3,2152.8,54.06,11.55
2002-02-08,18635.1,16482.3,2152.8,54.06,11.55
2002-02-09,18635.1,16482.3,2152.8,54.06,11.55
2002-02-10,18635.1,16482.3,2152.8,54.06,11.55
2002-02-11,18635.1,16482.3,2152.8,54.06,11.55
2002-02-12,18635.1,16482.3,2152.8,54.06,11.55
2002-02-13,18635.1,16482.3,2152.8,54.06,11.55
2002-02-14,18635.1,16482.3,2152.8,54.06,11.55
2002-02-15,18635.1,16482.3,2152.8,54.06,11.55
2002-02-16,18635.1,16482.3,2152.8,54.06,11.55
2002-02-17,18635.1,16482.3,2152.8,54.06,11.55
2002-02-18,18635.1,16482.3,2152.8,54.06,11.55
2002-02-19,18635.1,16482.3,2152.8,54.06,11.55
2002-02-20,18635.1,16482.3,2152.8,54.06,11.55
2002-02-21,18635.1,16482.3,2152.8,54.06,11.55
2002-02-22,18635.1,16482.3,2152.8,54.06,11.55
2002-02-23,18635.1,16482.3,2152.8,54.06,11.55
2002-02-24,18635.1,16482.3,2152.8,54.06,11.55
2002-02-25,18635.1,16482.3,2152.8,54.06,11.55
2002-02-26,18635.1,16482.3,2152.8,54.06,11.55
2002-02-27,18635.1,16482.3,2152.8,54.06,11.55
2002-02-28,18635.1,16482.3,2152.8,54.06,11.55
2002-03-01,18635.1,16482.3,2152.8,54.06,11.55
2002-03-02,18635.1,16482.3,2152.8,54.06,11.55
2002-03-03,18635.1,16482.3,2152.8,54.06,11.55
2002-03-04,18635.1,16482.3,2152.8,54.06,11.55
2002-03-05,18635.1,16482.3,2152.8,54.06,11.55
2002-03-06,18635.1,16482.3,2152.8,54.06,11.55
2002-03-07,18635.1,16482.3,2152.8,54.06,11.55
2002-03-08,18635.1,16482.3,2152.8,54.06,11.55
2002-03-09,18635.1,16482.3,2152.8,54.06,11.55
2002-03-10,18635.1,16482.3,2152.8,54.06,11.55
2002-03-11,18635.1,16482.3,2152.8,54.06,11.55
2002-03-12,18635.1,16482.3,2152.8,54.06,11.55
2002-03-13,18635.1,16482.3,2152.8,54.06,11.55
2002-03-14,18635.1,16482.3,2152.8,54.06,11.55
2002-03-15,18635.1,16482.3,2152.8,54.06,11.55
2002-03-16,18635.1,16482.3,2152.8,54.06,11.55
2002-03-17,18635.1,16482.3,2152.8,54.06,11.55
2002-03-18,18635.1,16482.3,2152.8,54.06,11.55
2002-03-19,18635.1,16482.3,2152.8,54.06,11.55
2002-03-20,18635.1,16482.3,2152.8,54.06,11.55
2002-03-21,18635.1,16482.3,2152.8,54.06,11.55
2002-03-22,18635.1,16482.3,2152.8,54.06,11.55
2002-03-23,18635.1,16482.3,2152.8,54.06,11.55
2002-03-24,18635.1,16482.3,2152.8,54.06,11.55
2002-03-25,18635.1,16482.3,2152.8,54.06,11.55
2002-03-26,18635.1,16482.3,2152.8,54.06,11.55
2002-03-27,18635.1,16482.3,2152.8,54.06,11.55
2002-03-28,18635.1,16482.3,2152.8,54.06,11.55
2002-03-29,18635.1,16482.3,2152.8,54.06,11.55
2002-03-30,18635.1,16482.3,2152.8,54.06,11.55
2002-03-31,18635.1,16482.3,2152.8,54.06,11.55
2002-04-01,18870.2,16766.9,2103.3,54.48,11.15
2002-04-02,18870.2,16766.9,2103.3,54.48,11.15
2002-04-03,18870.2,16766.9,2103.3,54.48,11.15
2002-04-04,18870.2,16766.9,2103.3,54.48,11.15
2002-04-05,18870.2,16766.9,2103.3,54.48,11.15
2002-04-06,18870.2,16766.9,2103.3,54.48,11.15
2002-04-07,18870.2,16766.9,2103.3,54.48,11.15
2002-04-08,18870.2,16766.9,2103.3,54.48,11.15
2002-04-09,18870.2,16766.9,2103.3,54.48,11.15
2002-04-10,18870.2,16766.9,2103.3,54.48,11.15
2002-04-11,18870.2,16766.9,2103.3,54.48,11.15
2002-04-12,18870.2,16766.9,2103.3,54.48,11.15
2002-04-13,18870.2,16766.9,2103.3,54.48,11.15
2002-04-14,18870.2,16766.9,2103.3,54.48,11.15
2002-04-15,18870.2,16766.9,2103.3,54.48,11.15
2002-04-16,18870.2,16766.9,2103.3,54.48,11.15
2002-04-17,18870.2,16766.9,2103.3,54.48,11.15
2002-04-18,18870.2,16766.9,2103.3,54.48,11.15
2002-04-19,18870.2,16766.9,2103.3,54.48,11.15
2002-04-20,18870.2,16766.9,2103.3,54.48,11.15
2002-04-21,18870.2,16766.9,2103.3,54.48,11.15
2002-04-22,18870.2,16766.9,2103.3,54.48,11.15
2002-04-23,18870.2,16766.9,2103.3,54.48,11.15
2002-04-24,18870.2,16766.9,2103.3,54.48,11.15
2002-04-25,18870.2,16766.9,2103.3,54.48,11.15
2002-04-26,18870.2,16766.9,2103.3,54.48,11.15
2002-04-27,18870.2,16766.9,2103.3,54.48,11.15
2002-04-28,18870.2,16766.9,2103.3,54.48,11.15
2002-04-29,18870.2,16766.9,2103.3,54.48,11.15
2002-04-30,18870.2,16766.9,2103.3,54.48,11.15
2002-05-01,18870.2,16766.9,2103.3,54.48,11.15
2002-05-02,18870.2,16766.9,2103.3,54.48,11.15
2002-05-03,18870.2,16766.9,2103.3,54.48,11.15
2002-05-04,18870.2,16766.9,2103.3,54.48,11.15
2002-05-05,18870.2,16766.9,2103.3,54.48,11.15
2002-05-06,18870.2,16766.9,2103.3,54.48,11.15
2002-05-07,18870.2,16766.9,2103.3,54.48,11.15
2002-05-08,18870.2,16766.9,2103.3,54.48,11.15
2002-05-09,18870.2,16766.9,2103.3,54.48,11.15
2002-05-10,18870.2,16766.9,2103.3,54.48,11.15
2002-05-11,18870.2,16766.9,2103.3,54.48,11.15
2002-05-12,18870.2,16766.9,2103.3,54.48,11.15
2002-05-13,18870.2,16766.9,2103.3,54.48,11.15
2002-05-14,18870.2,16766.9,2103.3,54.48,11.15
2002-05-15,18870.2,16766.9,2103.3,54.48,11.15
2002-05-16,18870.2,16766.9,2103.3,54.48,11.15
2002-05-17,18870.2,16766.9,2103.3,54.48,11.15
2002-05-18,18870.2,16766.9,2103.3,54.48,11.15
2002-05-19,18870.2,16766.9,2103.3,54.48,11.15
2002-05-20,18870.2,16766.9,2103.3,54.48,11.15
2002-05-21,18870.2,16766.9,2103.3,54.48,11.15
2002-05-22,18870.2,16766.9,2103.3,54.48,11.15
2002-05-23,18870.2,16766.9,2103.3,54.48,11.15
2002-05-24,18870.2,16766.9,2103.3,54.48,11.15
2002-05-25,18870.2,16766.9,2103.3,54.48,11.15
2002-05-26,18870.2,16766.9,2103.3,54.48,11.15
2002-05-27,18870.2,16766.9,2103.3,54.48,11.15
2002-05-28,18870.2,16766.9,2103.3,54.48,11.15
2002-05-29,18870.2,16766.9,2103.3,54.48,11.15
2002-05-30,18870.2,16766.9,2103.3,54.48,11.15
2002-05-31,18870.2,16766.9,2103.3,54.48,11.15
2002-06-01,18870.2,16766.9,2103.3,54.48,11.15
2002-06-02,18870.2,16766.9,2103.3,54.48,11.15
2002-06-03,18870.2,16766.9,2103.3,54.48,11.15
2002-06-04,18870.2,16766.9,2103.3,54.48,11.15
2002-06-05,18870.2,16766.9,2103.3,54.48,11.15
2002-06-06,18870.2,16766.9,2103.3,54.48,11.15
2002-06-07,18870.2,16766.9,2103.3,54.48,11.15
2002-06-08,18870.2,16766.9,2103.3,54.48,11.15
2002-06-09,18870.2,16766.9,2103.3,54.48,11.15
2002-06-10,18870.2,16766.9,2103.3,54.48,11.15
2002-06-11,18870.2,16766.9,2103.3,54.48,11.15
2002-06-12,18870.2,16766.9,2103.3,54.48,11.15
2002-06-13,18870.2,16766.9,2103.3,54.48,11.15
2002-06-14,18870.2,16766.9,2103.3,54.48,11.15
2002-06-15,18870.2,16766.9,2103.3,54.48,11.15
2002-06-16,18870.2,16766.9,2103.3,54.48,11.15
2002-06-17,18870.2,16766.9,2103.3,54.48,11.15
2002-06-18,18870.2,16766.9,2103.3,54.48,11.15
2002-06-19,18870.2,16766.9,2103.3,54.48,11.15
2002-06-20,18870.2,16766.9,2103.3,54.48,11.15
2002-06-21,18870.2,16766.9,2103.3,54.48,11.15
2002-06-22,18870.2,16766.9,2103.3,54.48,11.15
2002-06-23,18870.2,16766.9,2103.3,54.48,11.15
2002-06-24,18870.2,16766.9,2103.3,54.48,11.15
2002-06-25,18870.2,16766.9,2103.3,54.48,11.15
2002-06-26,18870.2,16766.9,2103.3,54.48,11.15
2002-06-27,18870.2,16766.9,2103.3,54.48,11.15
2002-06-28,18870.2,16766.9,2103.3,54.48,11.15
2002-06-29,18870.2,16766.9,2103.3,54.48,11.15
2002-06-30,18870.2,16766.9,2103.3,54.48,11.15
2002-07-01,19115.3,16919.3,2196.0,54.92,11.49
2002-07-02,19115.3,16919.3,2196.0,54.92,11.49
2002-07-03,19115.3,16919.3,2196.0,54.92,11.49
2002-07-04,19115.3,16919.3,2196.0,54.92,11.49
2002-07-05,19115.3,16919.3,2196.0,54.92,11.49
2002-07-06,19115.3,16919.3,2196.0,54.92,11.49
2002-07-07,19115.3,16919.3,2196.0,54.92,11.49
2002-07-08,19115.3,16919.3,2196.0,54.92,11.49
2002-07-09,19115.3,16919.3,2196.0,54.92,11.49
2002-07-10,19115.3,16919.3,2196.0,54.92,11.49
2002-07-11,19115.3,16919.3,2196.0,54.92,11.49
2002-07-12,19115.3,16919.3,2196.0,54.92,11.49
2002-07-13,19115.3,16919.3,2196.0,54.92,11.49
2002-07-14,19115.3,16919.3,2196.0,54.92,11.49
2002-07-15,19115.3,16919.3,2196.0,54.92,11.49
2002-07-16,19115.3,16919.3,2196.0,54.92,11.49
2002-07-17,19115.3,16919.3,2196.0,54.92,11.49
2002-07-18,19115.3,16919.3,2196.0,54.92,11.49
2002-07-19,19115.3,16919.3,2196.0,54.92,11.49
2002-07-20,19115.3,16919.3,2196.0,54.92,11.49
2002-07-21,19115.3,16919.3,2196.0,54.92,11.49
2002-07-22,19115.3,16919.3,2196.0,54.92,11.49
2002-07-23,19115.3,16919.3,2196.0,54.92,11.49
2002-07-24,19115.3,16919.3,2196.0,54.92,11.49
2002-07-25,19115.3,16919.3,2196.0,54.92,11.49
2002-07-26,19115.3,16919.3,2196.0,54.92,11.49
2002-07-27,19115.3,16919.3,2196.0,54.92,11.49
2002-07-28,19115.3,16919.3,2196.0,54.92,11.49
2002-07-29,19115.3,16919.3,2196.0,54.92,11.49
2002-07-30,19115.3,16919.3,2196.0,54.92,11.49
2002-07-31,19115.3,16919.3,2196.0,54.92,11.49
2002-08-01,19115.3,16919.3,2196.0,54.92,11.49
2002-08-02,19115.3,16919.3,2196.0,54.92,11.49
2002-08-03,19115.3,16919.3,2196.0,54.92,11.49
2002-08-04,19115.3,16919.3,2196.0,54.92,11.49
2002-08-05,19115.3,16919.3,2196.0,54.92,11.49
2002-08-06,19115.3,16919.3,2196.0,54.92,11.49
2002-08-07,19115.3,16919.3,2196.0,54.92,11.49
2002-08-08,19115.3,16919.3,2196.0,54.92,11.49
2002-08-09,19115.3,16919.3,2196.0,54.92,11.49
2002-08-10,19115.3,16919.3,2196.0,54.92,11.49
2002-08-11,19115.3,16919.3,2196.0,54.92,11.49
2002-08-12,19115.3,16919.3,2196.0,54.92,11.49
2002-08-13,19115.3,16919.3,2196.0,54.92,11.49
2002-08-14,19115.3,16919.3,2196.0,54.92,11.49
2002-08-15,19115.3,16919.3,2196.0,54.92,11.49
2002-08-16,19115.3,16919.3,2196.0,54.92,11.49
2002-08-17,19115.3,16919.3,2196.0,54.92,11.49
2002-08-18,19115.3,16919.3,2196.0,54.92,11.49
2002-08-19,19115.3,16919.3,2196.0,54.92,11.49
2002-08-20,19115.3,16919.3,2196.0,54.92,11.49
2002-08-21,19115.3,16919.3,2196.0,54.92,11.49
2002-08-22,19115.3,16919.3,2196.0,54.92,11.49
2002-08-23,19115.3,16919.3,2196.0,54.92,11.49
2002-08-24,19115.3,16919.3,2196.0,54.92,11.49
2002-08-25,19115.3,16919.3,2196.0,54.92,11.49
2002-08-26,19115.3,16919.3,2196.0,54.92,11.49
2002-08-27,19115.3,16919.3,2196.0,54.92,11.49
2002-08-28,19115.3,16919.3,2196.0,54.92,11.49
2002-08-29,19115.3,16919.3,2196.0,54.92,11.49
2002-08-30,19115.3,16919.3,2196.0,54.92,11.49
2002-08-31,19115.3,16919.3,2196.0,54.92,11.49
2002-09-01,19115.3,16919.3,2196.0,54.92,11.49
2002-09-02,19115.3,16919.3,2196.0,54.92,11.49
2002-09-03,19115.3,16919.3,2196.0,54.92,11.49
2002-09-04,19115.3,16919.3,2196.0,54.92,11.49
2002-09-05,19115.3,16919.3,2196.0,54.92,11.49
2002-09-06,19115.3,16919.3,2196.0,54.92,11.49
2002-09-07,19115.3,16919.3,2196.0,54.92,11.49
2002-09-08,19115.3,16919.3,2196.0,54.92,11.49
2002-09-09,19115.3,16919.3,2196.0,54.92,11.49
2002-09-10,19115.3,16919.3,2196.0,54.92,11.49
2002-09-11,19115.3,16919.3,2196.0,54.92,11.49
2002-09-12,19115.3,16919.3,2196.0,54.92,11.49
2002-09-13,19115.3,16919.3,2196.0,54.92,11.49
2002-09-14,19115.3,16919.3,2196.0,54.92,11.49
2002-09-15,19115.3,16919.3,2196.0,54.92,11.49
2002-09-16,19115.3,16919.3,2196.0,54.92,11.49
2002-09-17,19115.3,16919.3,2196.0,54.92,11.49
2002-09-18,19115.3,16919.3,2196.0,54.92,11.49
2002-09-19,19115.3,16919.3,2196.0,54.92,11.49
2002-09-20,19115.3,16919.3,2196.0,54.92,11.49
2002-09-21,19115.3,16919.3,2196.0,54.92,11.49
2002-09-22,19115.3,16919.3,2196.0,54.92,11.49
2002-09-23,19115.3,16919.3,2196.0,54.92,11.49
2002-09-24,19115.3,16919.3,2196.0,54.92,11.49
2002-09-25,19115.3,16919.3,2196.0,54.92,11.49
2002-09-26,19115.3,16919.3,2196.0,54.92,11.49
2002-09-27,19115.3,16919.3,2196.0,54.92,11.49
2002-09-28,19115.3,16919.3,2196.0,54.92,11.49
2002-09-29,19115.3,16919.3,2196.0,54.92,11.49
2002-09-30,19115.3,16919.3,2196.0,54.92,11.49
2002-10-01,19224.3,16991.9,2232.4,54.95,11.61
2002-10-02,19224.3,16991.9,2232.4,54.95,11.61
2002-10-03,19224.3,16991.9,2232.4,54.95,11.61
2002-10-04,19224.3,16991.9,2232.4,54.95,11.61
2002-10-05,19224.3,16991.9,2232.4,54.95,11.61
2002-10-06,19224.3,16991.9,2232.4,54.95,11.61
2002-10-07,19224.3,16991.9,2232.4,54.95,11.61
2002-10-08,19224.3,16991.9,2232.4,54.95,11.61
2002-10-09,19224.3,16991.9,2232.4,54.95,11.61
2002-10-10,19224.3,16991.9,2232.4,54.95,11.61
2002-10-11,19224.3,16991.9,2232.4,54.95,11.61
2002-10-12,19224.3,16991.9,2232.4,54.95,11.61
2002-10-13,19224.3,16991.9,2232.4,54.95,11.61
2002-10-14,19224.3,16991.9,2232.4,54.95,11.61
2002-10-15,19224.3,16991.9,2232.4,54.95,11.61
2002-10-16,19224.3,16991.9,2232.4,54.95,11.61
2002-10-17,19224.3,16991.9,2232.4,54.95,11.61
2002-10-18,19224.3,16991.9,2232.4,54.95,11.61
2002-10-19,19224.3,16991.9,2232.4,54.95,11.61
2002-10-20,19224.3,16991.9,2232.4,54.95,11.61
2002-10-21,19224.3,16991.9,2232.4,54.95,11.61
2002-10-22,19224.3,16991.9,2232.4,54.95,11.61
2002-10-23,19224.3,16991.9,2232.4,54.95,11.61
2002-10-24,19224.3,16991.9,2232.4,54.95,11.61
2002-10-25,19224.3,16991.9,2232.4,54.95,11.61
2002-10-26,19224.3,16991.9,2232.4,54.95,11.61
2002-10-27,19224.3,16991.9,2232.4,54.95,11.61
2002-10-28,19224.3,16991.9,2232.4,54.95,11.61
2002-10-29,19224.3,16991.9,2232.4,54.95,11.61
2002-10-30,19224.3,16991.9,2232.4,54.95,11.61
2002-10-31,19224.3,16991.9,2232.4,54.95,11.61
2002-11-01,19224.3,16991.9,2232.4,54.95,11.61
2002-11-02,19224.3,16991.9,2232.4,54.95,11.61
2002-11-03,19224.3,16991.9,2232.4,54.95,11.61
2002-11-04,19224.3,16991.9,2232.4,54.95,11.61
2002-11-05,19224.3,16991.9,2232.4,54.95,11.61
2002-11-06,19224.3,16991.9,2232.4,54.95,11.61
2002-11-07,19224.3,16991.9,2232.4,54.95,11.61
2002-11-08,19224.3,16991.9,2232.4,54.95,11.61
2002-11-09,19224.3,16991.9,2232.4,54.95,11.61
2002-11-10,19224.3,16991.9,2232.4,54.95,11.61
2002-11-11,19224.3,16991.9,2232.4,54.95,11.61
2002-11-12,19224.3,16991.9,2232.4,54.95,11.61
2002-11-13,19224.3,16991.9,2232.4,54.95,11.61
2002-11-14,19224.3,16991.9,2232.4,54.95,11.61
2002-11-15,19224.3,16991.9,2232.4,54.95,11.61
2002-11-16,19224.3,16991.9,2232.4,54.95,11.61
2002-11-17,19224.3,16991.9,2232.4,54.95,11.61
2002-11-18,19224.3,16991.9,2232.4,54.95,11.61
2002-11-19,19224.3,16991.9,2232.4,54.95,11.61
2002-11-20,19224.3,16991.9,2232.4,54.95,11.61
2002-11-21,19224.3,16991.9,2232.4,54.95,11.61
2002-11-22,19224.3,16991.9,2232.4,54.95,11.61
2002-11-23,19224.3,16991.9,2232.4,54.95,11.61
2002-11-24,19224.3,16991.9,2232.4,54.95,11.61
2002-11-25,19224.3,16991.9,2232.4,54.95,11.61
2002-11-26,19224.3,16991.9,2232.4,54.95,11.61
2002-11-27,19224.3,16991.9,2232.4,54.95,11.61
2002-11-28,19224.3,16991.9,2232.4,54.95,11.61
2002-11-29,19224.3,16991.9,2232.4,54.95,11.61
2002-11-30,19224.3,16991.9,2232.4,54.95,11.61
2002-12-01,19224.3,16991.9,2232.4,54.95,11.61
2002-12-02,19224.3,16991.9,2232.4,54.95,11.61
2002-12-03,19224.3,16991.9,2232.4,54.95,11.61
2002-12-04,19224.3,16991.9,2232.4,54.95,11.61
2002-12-05,19224.3,16991.9,2232.4,54.95,11.61
2002-12-06,19224.3,16991.9,2232.4,54.95,11.61
2002-12-07,19224.3,16991.9,2232.4,54.95,11.61
2002-12-08,19224.3,16991.9,2232.4,54.95,11.61
2002-12-09,19224.3,16991.9,2232.4,54.95,11.61
2002-12-10,19224.3,16991.9,2232.4,54.95,11.61
2002-12-11,19224.3,16991.9,2232.4,54.95,11.61
2002-12-12,19224.3,16991.9,2232.4,54.95,11.61
2002-12-13,19224.3,16991.9,2232.4,54.95,11.61
2002-12-14,19224.3,16991.9,2232.4,54.95,11.61
2002-12-15,19224.3,16991.9,2232.4,54.95,11.61
2002-12-16,19224.3,16991.9,2232.4,54.95,11.61
2002-12-17,19224.3,16991.9,2232.4,54.95,11.61
2002-12-18,19224.3,16991.9,2232.4,54.95,11.61
2002-12-19,19224.3,16991.9,2232.4,54.95,11.61
2002-12-20,19224.3,16991.9,2232.4,54.95,11.61
2002-12-21,19224.3,16991.9,2232.4,54.95,11.61
2002-12-22,19224.3,16991.9,2232.4,54.95,11.61
2002-12-23,19224.3,16991.9,2232.4,54.95,11.61
2002-12-24,19224.3,16991.9,2232.4,54.95,11.61
2002-12-25,19224.3,16991.9,2232.4,54.95,11.61
2002-12-26,19224.3,16991.9,2232.4,54.95,11.61
2002-12-27,19224.3,16991.9,2232.4,54.95,11.61
2002-12-28,19224.3,16991.9,2232.4,54.95,11.61
2002-12-29,19224.3,16991.9,2232.4,54.95,11.61
2002-12-30,19224.3,16991.9,2232.4,54.95,11.61
2002-12-31,19224.3,16991.9,2232.4,54.95,11.61
2003-01-01,19421.2,17092.7,2328.5,55.28,11.99
2003-01-02,19421.2,17092.7,2328.5,55.28,11.99
2003-01-03,19421.2,17092.7,2328.5,55.28,11.99
2003-01-04,19421.2,17092.7,2328.5,55.28,11.99
2003-01-05,19421.2,17092.7,2328.5,55.28,11.99
2003-01-06,19421.2,17092.7,2328.5,55.28,11.99
2003-01-07,19421.2,17092.7,2328.5,55.28,11.99
2003-01-08,19421.2,17092.7,2328.5,55.28,11.99
2003-01-09,19421.2,17092.7,2328.5,55.28,11.99
2003-01-10,19421.2,17092.7,2328.5,55.28,11.99
2003-01-11,19421.2,17092.7,2328.5,55.28,11.99
2003-01-12,19421.2,17092.7,2328.5,55.28,11.99
2003-01-13,19421.2,17092.7,2328.5,55.28,11.99
2003-01-14,19421.2,17092.7,2328.5,55.28,11.99
2003-01-15,19421.2,17092.7,2328.5,55.28,11.99
2003-01-16,19421.2,17092.7,2328.5,55.28,11.99
2003-01-17,19421.2,17092.7,2328.5,55.28,11.99
2003-01-18,19421.2,17092.7,2328.5,55.28,11.99
2003-01-19,19421.2,17092.7,2328.5,55.28,11.99
2003-01-20,19421.2,17092.7,2328.5,55.28,11.99
2003-01-21,19421.2,17092.7,2328.5,55.28,11.99
2003-01-22,19421.2,17092.7,2328.5,55.28,11.99
2003-01-23,19421.2,17092.7,2328.5,55.28,11.99
2003-01-24,19421.2,17092.7,2328.5,55.28,11.99
2003-01-25,19421.2,17092.7,2328.5,55.28,11.99
2003-01-26,19421.2,17092.7,2328.5,55.28,11.99
2003-01-27,19421.2,17092.7,2328.5,55.28,11.99
2003-01-28,19421.2,17092.7,2328.5,55.28,11.99
2003-01-29,19421.2,17092.7,2328.5,55.28,11.99
2003-01-30,19421.2,17092.7,2328.5,55.28,11.99
2003-01-31,19421.2,17092.7,2328.5,55.28,11.99
2003-02-01,19421.2,17092.7,2328.5,55.28,11.99
2003-02-02,19421.2,17092.7,2328.5,55.28,11.99
2003-02-03,19421.2,17092.7,2328.5,55.28,11.99
2003-02-04,19421.2,17092.7,2328.5,55.28,11.99
2003-02-05,19421.2,17092.7,2328.5,55.28,11.99
2003-02-06,19421.2,17092.7,2328.5,55.28,11.99
2003-02-07,19421.2,17092.7,2328.5,55.28,11.99
2003-02-08,19421.2,17092.7,2328.5,55.28,11.99
2003-02-09,19421.2,17092.7,2328.5,55.28,11.99
2003-02-10,19421.2,17092.7,2328.5,55.28,11.99
2003-02-11,19421.2,17092.7,2328.5,55.28,11.99
2003-02-12,19421.2,17092.7,2328.5,55.28,11.99
2003-02-13,19421.2,17092.7,2328.5,55.28,11.99
2003-02-14,19421.2,17092.7,2328.5,55.28,11.99
2003-02-15,19421.2,17092.7,2328.5,55.28,11.99
2003-02-16,19421.2,17092.7,2328.5,55.28,11.99
2003-02-17,19421.2,17092.7,2328.5,55.28,11.99
2003-02-18,19421.2,17092.7,2328.5,55.28,11.99
2003-02-19,19421.2,17092.7,2328.5,55.28,11.99
2003-02-20,19421.2,17092.7,2328.5,55.28,11.99
2003-02-21,19421.2,17092.7,2328.5,55.28,11.99
2003-02-22,19421.2,17092.7,2328.5,55.28,11.99
2003-02-23,19421.2,17092.7,2328.5,55.28,11.99
2003-02-24,19421.2,17092.7,2328.5,55.28,11.99
2003-02-25,19421.2,17092.7,2328.5,55.28,11.99
2003-02-26,19421.2,17092.7,2328.5,55.28,11.99
2003-02-27,19421.2,17092.7,2328.5,55.28,11.99
2003-02-28,19421.2,17092.7,2328.5,55.28,11.99
2003-03-01,19421.2,17092.7,2328.5,55.28,11.99
2003-03-02,19421.2,17092.7,2328.5,55.28,11.99
2003-03-03,19421.2,17092.7,2328.5,55.28,11.99
2003-03-04,19421.2,17092.7,2328.5,55.28,11.99
2003-03-05,19421.2,17092.7,2328.5,55.28,11.99
2003-03-06,19421.2,17092.7,2328.5,55.28,11.99
2003-03-07,19421.2,17092.7,2328.5,55.28,11.99
2003-03-08,19421.2,17092.7,2328.5,55.28,11.99
2003-03-09,19421.2,17092.7,2328.5,55.28,11.99
2003-03-10,19421.2,17092.7,2328.5,55.28,11.99
2003-03-11,19421.2,17092.7,2328.5,55.28,11.99
2003-03-12,19421.2,17092.7,2328.5,55.28,11.99
2003-03-13,19421.2,17092.7,2328.5,55.28,11.99
2003-03-14,19421.2,17092.7,2328.5,55.28,11.99
2003-03-15,19421.2,17092.7,2328.5,55.28,11.99
2003-03-16,19421.2,17092.7,2328.5,55.28,11.99
2003-03-17,19421.2,17092.7,2328.5,55.28,11.99
2003-03-18,19421.2,17092.7,2328.5,55.28,11.99
2003-03-19,19421.2,17092.7,2328.5,55.28,11.99
2003-03-20,19421.2,17092.7,2328.5,55.28,11.99
2003-03-21,19421.2,17092.7,2328.5,55.28,11.99
2003-03-22,19421.2,17092.7,2328.5,55.28,11.99
2003-03-23,19421.2,17092.7,2328.5,55.28,11.99
2003-03-24,19421.2,17092.7,2328.5,55.28,11.99
2003-03-25,19421.2,17092.7,2328.5,55.28,11.99
2003-03-26,19421.2,17092.7,2328.5,55.28,11.99
2003-03-27,19421.2,17092.7,2328.5,55.28,11.99
2003-03-28,19421.2,17092.7,2328.5,55.28,11.99
2003-03-29,19421.2,17092.7,2328.5,55.28,11.99
2003-03-30,19421.2,17092.7,2328.5,55.28,11.99
2003-03-31,19421.2,17092.7,2328.5,55.28,11.99
2003-04-01,19639.2,17423.2,2216.0,55.65,11.28
2003-04-02,19639.2,17423.2,2216.0,55.65,11.28
2003-04-03,19639.2,17423.2,2216.0,55.65,11.28
2003-04-04,19639.2,17423.2,2216.0,55.65,11.28
2003-04-05,19639.2,17423.2,2216.0,55.65,11.28
2003-04-06,19639.2,17423.2,2216.0,55.65,11.28
2003-04-07,19639.2,17423.2,2216.0,55.65,11.28
2003-04-08,19639.2,17423.2,2216.0,55.65,11.28
2003-04-09,19639.2,17423.2,2216.0,55.65,11.28
2003-04-10,19639.2,17423.2,2216.0,55.65,11.28
2003-04-11,19639.2,17423.2,2216.0,55.65,11.28
2003-04-12,19639.2,17423.2,2216.0,55.65,11.28
2003-04-13,19639.2,17423.2,2216.0,55.65,11.28
2003-04-14,19639.2,17423.2,2216.0,55.65,11.28
2003-04-15,19639.2,17423.2,2216.0,55.65,11.28
2003-04-16,19639.2,17423.2,2216.0,55.65,11.28
2003-04-17,19639.2,17423.2,2216.0,55.65,11.28
2003-04-18,19639.2,17423.2,2216.0,55.65,11.28
2003-04-19,19639.2,17423.2,2216.0,55.65,11.28
2003-04-20,19639.2,17423.2,2216.0,55.65,11.28
2003-04-21,19639.2,17423.2,2216.0,55.65,11.28
2003-04-22,19639.2,17423.2,2216.0,55.65,11.28
2003-04-23,19639.2,17423.2,2216.0,55.65,11.28
2003-04-24,19639.2,17423.2,2216.0,55.65,11.28
2003-04-25,19639.2,17423.2,2216.0,55.65,11.28
2003-04-26,19639.2,17423.2,2216.0,55.65,11.28
2003-04-27,19639.2,17423.2,2216.0,55.65,11.28
2003-04-28,19639.2,17423.2,2216.0,55.65,11.28
2003-04-29,19639.2,17423.2,2216.0,55.65,11.28
2003-04-30,19639.2,17423.2,2216.0,55.65,11.28
2003-05-01,19639.2,17423.2,2216.0,55.65,11.28
2003-05-02,19639.2,17423.2,2216.0,55.65,11.28
2003-05-03,19639.2,17423.2,2216.0,55.65,11.28
2003-05-04,19639.2,17423.2,2216.0,55.65,11.28
2003-05-05,19639.2,17423.2,2216.0,55.65,11.28
2003-05-06,19639.2,17423.2,2216.0,55.65,11.28
2003-05-07,19639.2,17423.2,2216.0,55.65,11.28
2003-05-08,19639.2,17423.2,2216.0,55.65,11.28
2003-05-09,19639.2,17423.2,2216.0,55.65,11.28
2003-05-10,19639.2,17423.2,2216.0,55.65,11.28
2003-05-11,19639.2,17423.2,2216.0,55.65,11.28
2003-05-12,19639.2,17423.2,2216.0,55.65,11.28
2003-05-13,19639.2,17423.2,2216.0,55.65,11.28
2003-05-14,19639.2,17423.2,2216.0,55.65,11.28
2003-05-15,19639.2,17423.2,2216.0,55.65,11.28
2003-05-16,19639.2,17423.2,2216.0,55.65,11.28
2003-05-17,19639.2,17423.2,2216.0,55.65,11.28
2003-05-18,19639.2,17423.2,2216.0,55.65,11.28
2003-05-19,19639.2,17423.2,2216.0,55.65,11.28
2003-05-20,19639.2,17423.2,2216.0,55.65,11.28
2003-05-21,19639.2,17423.2,2216.0,55.65,11.28
2003-05-22,19639.2,17423.2,2216.0,55.65,11.28
2003-05-23,19639.2,17423.2,2216.0,55.65,11.28
2003-05-24,19639.2,17423.2,2216.0,55.65,11.28
2003-05-25,19639.2,17423.2,2216.0,55.65,11.28
2003-05-26,19639.2,17423.2,2216.0,55.65,11.28
2003-05-27,19639.2,17423.2,2216.0,55.65,11.28
2003-05-28,19639.2,17423.2,2216.0,55.65,11.28
2003-05-29,19639.2,17423.2,2216.0,55.65,11.28
2003-05-30,19639.2,17423.2,2216.0,55.65,11.28
2003-05-31,19639.2,17423.2,2216.0,55.65,11.28
2003-06-01,19639.2,17423.2,2216.0,55.65,11.28
2003-06-02,19639.2,17423.2,2216.0,55.65,11.28
2003-06-03,19639.2,17423.2,2216.0,55.65,11.28
2003-06-04,19639.2,17423.2,2216.0,55.65,11.28
2003-06-05,19639.2,17423.2,2216.0,55.65,11.28
2003-06-06,19639.2,17423.2,2216.0,55.65,11.28
2003-06-07,19639.2,17423.2,2216.0,55.65,11.28
2003-06-08,19639.2,17423.2,2216.0,55.65,11.28
2003-06-09,19639.2,17423.2,2216.0,55.65,11.28
2003-06-10,19639.2,17423.2,2216.0,55.65,11.28
2003-06-11,19639.2,17423.2,2216.0,55.65,11.28
2003-06-12,19639.2,17423.2,2216.0,55.65,11.28
2003-06-13,19639.2,17423.2,2216.0,55.65,11.28
2003-06-14,19639.2,17423.2,2216.0,55.65,11.28
2003-06-15,19639.2,17423.2,2216.0,55.65,11.28
2003-06-16,19639.2,17423.2,2216.0,55.65,11.28
2003-06-17,19639.2,17423.2,2216.0,55.65,11.28
2003-06-18,19639.2,17423.2,2216.0,55.65,11.28
2003-06-19,19639.2,17423.2,2216.0,55.65,11.28
2003-06-20,19639.2,17423.2,2216.0,55.65,11.28
2003-06-21,19639.2,17423.2,2216.0,55.65,11.28
2003-06-22,19639.2,17423.2,2216.0,55.65,11.28
2003-06-23,19639.2,17423.2,2216.0,55.65,11.28
2003-06-24,19639.2,17423.2,2216.0,55.65,11.28
2003-06-25,19639.2,17423.2,2216.0,55.65,11.28
2003-06-26,19639.2,17423.2,2216.0,55.65,11.28
2003-06-27,19639.2,17423.2,2216.0,55.65,11.28
2003-06-28,19639.2,17423.2,2216.0,55.65,11.28
2003-06-29,19639.2,17423.2,2216.0,55.65,11.28
2003-06-30,19639.2,17423.2,2216.0,55.65,11.28
2003-07-01,19893.5,17646.0,2247.5,56.15,11.3
2003-07-02,19893.5,17646.0,2247.5,56.15,11.3
2003-07-03,19893.5,17646.0,2247.5,56.15,11.3
2003-07-04,19893.5,17646.0,2247.5,56.15,11.3
2003-07-05,19893.5,17646.0,2247.5,56.15,11.3
2003-07-06,19893.5,17646.0,2247.5,56.15,11.3
2003-07-07,19893.5,17646.0,2247.5,56.15,11.3
2003-07-08,19893.5,17646.0,2247.5,56.15,11.3
2003-07-09,19893.5,17646.0,2247.5,56.15,11.3
2003-07-10,19893.5,17646.0,2247.5,56.15,11.3
2003-07-11,19893.5,17646.0,2247.5,56.15,11.3
2003-07-12,19893.5,17646.0,2247.5,56.15,11.3
2003-07-13,19893.5,17646.0,2247.5,56.15,11.3
2003-07-14,19893.5,17646.0,2247.5,56.15,11.3
2003-07-15,19893.5,17646.0,2247.5,56.15,11.3
2003-07-16,19893.5,17646.0,2247.5,56.15,11.3
2003-07-17,19893.5,17646.0,2247.5,56.15,11.3
2003-07-18,19893.5,17646.0,2247.5,56.15,11.3
2003-07-19,19893.5,17646.0,2247.5,56.15,11.3
2003-07-20,19893.5,17646.0,2247.5,56.15,11.3
2003-07-21,19893.5,17646.0,2247.5,56.15,11.3
2003-07-22,19893.5,17646.0,2247.5,56.15,11.3
2003-07-23,19893.5,17646.0,2247.5,56.15,11.3
2003-07-24,19893.5,17646.0,2247.5,56.15,11.3
2003-07-25,19893.5,17646.0,2247.5,56.15,11.3
2003-07-26,19893.5,17646.0,2247.5,56.15,11.3
2003-07-27,19893.5,17646.0,2247.5,56.15,11.3
2003-07-28,19893.5,17646.0,2247.5,56.15,11.3
2003-07-29,19893.5,17646.0,2247.5,56.15,11.3
2003-07-30,19893.5,17646.0,2247.5,56.15,11.3
2003-07-31,19893.5,17646.0,2247.5,56.15,11.3
2003-08-01,19893.5,17646.0,2247.5,56.15,11.3
2003-08-02,19893.5,17646.0,2247.5,56.15,11.3
2003-08-03,19893.5,17646.0,2247.5,56.15,11.3
2003-08-04,19893.5,17646.0,2247.5,56.15,11.3
2003-08-05,19893.5,17646.0,2247.5,56.15,11.3
2003-08-06,19893.5,17646.0,2247.5,56.15,11.3
2003-08-07,19893.5,17646.0,2247.5,56.15,11.3
2003-08-08,19893.5,17646.0,2247.5,56.15,11.3
2003-08-09,19893.5,17646.0,2247.5,56.15,11.3
2003-08-10,19893.5,17646.0,2247.5,56.15,11.3
2003-08-11,19893.5,17646.0,2247.5,56.15,11.3
2003-08-12,19893.5,17646.0,2247.5,56.15,11.3
2003-08-13,19893.5,17646.0,2247.5,56.15,11.3
2003-08-14,19893.5,17646.0,2247.5,56.15,11.3
2003-08-15,19893.5,17646.0,2247.5,56.15,11.3
2003-08-16,19893.5,17646.0,2247.5,56.15,11.3
2003-08-17,19893.5,17646.0,2247.5,56.15,11.3
2003-08-18,19893.5,17646.0,2247.5,56.15,11.3
2003-08-19,19893.5,17646.0,2247.5,56.15,11.3
2003-08-20,19893.5,17646.0,2247.5,56.15,11.3
2003-08-21,19893.5,17646.0,2247.5,56.15,11.3
2003-08-22,19893.5,17646.0,2247.5,56.15,11.3
2003-08-23,19893.5,17646.0,2247.5,56.15,11.3
2003-08-24,19893.5,17646.0,2247.5,56.15,11.3
2003-08-25,19893.5,17646.0,2247.5,56.15,11.3
2003-08-26,19893.5,17646.0,2247.5,56.15,11.3
2003-08-27,19893.5,17646.0,2247.5,56.15,11.3
2003-08-28,19893.5,17646.0,2247.5,56.15,11.3
2003-08-29,19893.5,17646.0,2247.5,56.15,11.3
2003-08-30,19893.5,17646.0,2247.5,56.15,11.3
2003-08-31,19893.5,17646.0,2247.5,56.15,11.3
2003-09-01,19893.5,17646.0,2247.5,56.15,11.3
2003-09-02,19893.5,17646.0,2247.5,56.15,11.3
2003-09-03,19893.5,17646.0,2247.5,56.15,11.3
2003-09-04,19893.5,17646.0,2247.5,56.15,11.3
2003-09-05,19893.5,17646.0,2247.5,56.15,11.3
2003-09-06,19893.5,17646.0,2247.5,56.15,11.3
2003-09-07,19893.5,17646.0,2247.5,56.15,11.3
2003-09-08,19893.5,17646.0,2247.5,56.15,11.3
2003-09-09,19893.5,17646.0,2247.5,56.15,11.3
2003-09-10,19893.5,17646.0,2247.5,56.15,11.3
2003-09-11,19893.5,17646.0,2247.5,56.15,11.3
2003-09-12,19893.5,17646.0,2247.5,56.15,11.3
2003-09-13,19893.5,17646.0,2247.5,56.15,11.3
2003-09-14,19893.5,17646.0,2247.5,56.15,11.3
2003-09-15,19893.5,17646.0,2247.5,56.15,11.3
2003-09-16,19893.5,17646.0,2247.5,56.15,11.3
2003-09-17,19893.5,17646.0,2247.5,56.15,11.3
2003-09-18,19893.5,17646.0,2247.5,56.15,11.3
2003-09-19,19893.5,17646.0,2247.5,56.15,11.3
2003-09-20,19893.5,17646.0,2247.5,56.15,11.3
2003-09-21,19893.5,17646.0,2247.5,56.15,11.3
2003-09-22,19893.5,17646.0,2247.5,56.15,11.3
2003-09-23,19893.5,17646.0,2247.5,56.15,11.3
2003-09-24,19893.5,17646.0,2247.5,56.15,11.3
2003-09-25,19893.5,17646.0,2247.5,56.15,11.3
2003-09-26,19893.5,17646.0,2247.5,56.15,11.3
2003-09-27,19893.5,17646.0,2247.5,56.15,11.3
2003-09-28,19893.5,17646.0,2247.5,56.15,11.3
2003-09-29,19893.5,17646.0,2247.5,56.15,11.3
2003-09-30,19893.5,17646.0,2247.5,56.15,11.3
2003-10-01,20017.1,17740.5,2276.7,56.25,11.37
2003-10-02,20017.1,17740.5,2276.7,56.25,11.37
2003-10-03,20017.1,17740.5,2276.7,56.25,11.37
2003-10-04,20017.1,17740.5,2276.7,56.25,11.37
2003-10-05,20017.1,17740.5,2276.7,56.25,11.37
2003-10-06,20017.1,17740.5,2276.7,56.25,11.37
2003-10-07,20017.1,17740.5,2276.7,56.25,11.37
2003-10-08,20017.1,17740.5,2276.7,56.25,11.37
2003-10-09,20017.1,17740.5,2276.7,56.25,11.37
2003-10-10,20017.1,17740.5,2276.7,56.25,11.37
2003-10-11,20017.1,17740.5,2276.7,56.25,11.37
2003-10-12,20017.1,17740.5,2276.7,56.25,11.37
2003-10-13,20017.1,17740.5,2276.7,56.25,11.37
2003-10-14,20017.1,17740.5,2276.7,56.25,11.37
2003-10-15,20017.1,17740.5,2276.7,56.25,11.37
2003-10-16,20017.1,17740.5,2276.7,56.25,11.37
2003-10-17,20017.1,17740.5,2276.7,56.25,11.37
2003-10-18,20017.1,17740.5,2276.7,56.25,11.37
2003-10-19,20017.1,17740.5,2276.7,56.25,11.37
2003-10-20,20017.1,17740.5,2276.7,56.25,11.37
2003-10-21,20017.1,17740.5,2276.7,56.25,11.37
2003-10-22,20017.1,17740.5,2276.7,56.25,11.37
2003-10-23,20017.1,17740.5,2276.7,56.25,11.37
2003-10-24,20017.1,17740.5,2276.7,56.25,11.37
2003-10-25,20017.1,17740.5,2276.7,56.25,11.37
2003-10-26,20017.1,17740.5,2276.7,56.25,11.37
2003-10-27,20017.1,17740.5,2276.7,56.25,11.37
2003-10-28,20017.1,17740.5,2276.7,56.25,11.37
2003-10-29,20017.1,17740.5,2276.7,56.25,11.37
2003-10-30,20017.1,17740.5,2276.7,56.25,11.37
2003-10-31,20017.1,17740.5,2276.7,56.25,11.37
2003-11-01,20017.1,17740.5,2276.7,56.25,11.37
2003-11-02,20017.1,17740.5,2276.7,56.25,11.37
2003-11-03,20017.1,17740.5,2276.7,56.25,11.37
2003-11-04,20017.1,17740.5,2276.7,56.25,11.37
2003-11-05,20017.1,17740.5,2276.7,56.25,11.37
2003-11-06,20017.1,17740.5,2276.7,56.25,11.37
2003-11-07,20017.1,17740.5,2276.7,56.25,11.37
2003-11-08,20017.1,17740.5,2276.7,56.25,11.37
2003-11-09,20017.1,17740.5,2276.7,56.25,11.37
2003-11-10,20017.1,17740.5,2276.7,56.25,11.37
2003-11-11,20017.1,17740.5,2276.7,56.25,11.37
2003-11-12,20017.1,17740.5,2276.7,56.25,11.37
2003-11-13,20017.1,17740.5,2276.7,56.25,11.37
2003-11-14,20017.1,17740.5,2276.7,56.25,11.37
2003-11-15,20017.1,17740.5,2276.7,56.25,11.37
2003-11-16,20017.1,17740.5,2276.7,56.25,11.37
2003-11-17,20017.1,17740.5,2276.7,56.25,11.37
2003-11-18,20017.1,17740.5,2276.7,56.25,11.37
2003-11-19,20017.1,17740.5,2276.7,56.25,11.37
2003-11-20,20017.1,17740.5,2276.7,56.25,11.37
2003-11-21,20017.1,17740.5,2276.7,56.25,11.37
2003-11-22,20017.1,17740.5,2276.7,56.25,11.37
2003-11-23,20017.1,17740.5,2276.7,56.25,11.37
2003-11-24,20017.1,17740.5,2276.7,56.25,11.37
2003-11-25,20017.1,17740.5,2276.7,56.25,11.37
2003-11-26,20017.1,17740.5,2276.7,56.25,11.37
2003-11-27,20017.1,17740.5,2276.7,56.25,11.37
2003-11-28,20017.1,17740.5,2276.7,56.25,11.37
2003-11-29,20017.1,17740.5,2276.7,56.25,11.37
2003-11-30,20017.1,17740.5,2276.7,56.25,11.37
2003-12-01,20017.1,17740.5,2276.7,56.25,11.37
2003-12-02,20017.1,17740.5,2276.7,56.25,11.37
2003-12-03,20017.1,17740.5,2276.7,56.25,11.37
2003-12-04,20017.1,17740.5,2276.7,56.25,11.37
2003-12-05,20017.1,17740.5,2276.7,56.25,11.37
2003-12-06,20017.1,17740.5,2276.7,56.25,11.37
2003-12-07,20017.1,17740.5,2276.7,56.25,11.37
2003-12-08,20017.1,17740.5,2276.7,56.25,11.37
2003-12-09,20017.1,17740.5,2276.7,56.25,11.37
2003-12-10,20017.1,17740.5,2276.7,56.25,11.37
2003-12-11,20017.1,17740.5,2276.7,56.25,11.37
2003-12-12,20017.1,17740.5,2276.7,56.25,11.37
2003-12-13,20017.1,17740.5,2276.7,56.25,11.37
2003-12-14,20017.1,17740.5,2276.7,56.25,11.37
2003-12-15,20017.1,17740.5,2276.7,56.25,11.37
2003-12-16,20017.1,17740.5,2276.7,56.25,11.37
2003-12-17,20017.1,17740.5,2276.7,56.25,11.37
2003-12-18,20017.1,17740.5,2276.7,56.25,11.37
2003-12-19,20017.1,17740.5,2276.7,56.25,11.37
2003-12-20,20017.1,17740.5,2276.7,56.25,11.37
2003-12-21,20017.1,17740.5,2276.7,56.25,11.37
2003-12-22,20017.1,17740.5,2276.7,56.25,11.37
2003-12-23,20017.1,17740.5,2276.7,56.25,11.37
2003-12-24,20017.1,17740.5,2276.7,56.25,11.37
2003-12-25,20017.1,17740.5,2276.7,56.25,11.37
2003-12-26,20017.1,17740.5,2276.7,56.25,11.37
2003-12-27,20017.1,17740.5,2276.7,56.25,11.37
2003-12-28,20017.1,17740.5,2276.7,56.25,11.37
2003-12-29,20017.1,17740.5,2276.7,56.25,11.37
2003-12-30,20017.1,17740.5,2276.7,56.25,11.37
2003-12-31,20017.1,17740.5,2276.7,56.25,11.37
2004-01-01,20080.0,17770.2,2309.8,56.24,11.5
2004-01-02,20080.0,17770.2,2309.8,56.24,11.5
2004-01-03,20080.0,17770.2,2309.8,56.24,11.5
2004-01-04,20080.0,17770.2,2309.8,56.24,11.5
2004-01-05,20080.0,17770.2,2309.8,56.24,11.5
2004-01-06,20080.0,17770.2,2309.8,56.24,11.5
2004-01-07,20080.0,17770.2,2309.8,56.24,11.5
2004-01-08,20080.0,17770.2,2309.8,56.24,11.5
2004-01-09,20080.0,17770.2,2309.8,56.24,11.5
2004-01-10,20080.0,17770.2,2309.8,56.24,11.5
2004-01-11,20080.0,17770.2,2309.8,56.24,11.5
2004-01-12,20080.0,17770.2,2309.8,56.24,11.5
2004-01-13,20080.0,17770.2,2309.8,56.24,11.5
2004-01-14,20080.0,17770.2,2309.8,56.24,11.5
2004-01-15,20080.0,17770.2,2309.8,56.24,11.5
2004-01-16,20080.0,17770.2,2309.8,56.24,11.5
2004-01-17,20080.0,17770.2,2309.8,56.24,11.5
2004-01-18,20080.0,17770.2,2309.8,56.24,11.5
2004-01-19,20080.0,17770.2,2309.8,56.24,11.5
2004-01-20,20080.0,17770.2,2309.8,56.24,11.5
2004-01-21,20080.0,17770.2,2309.8,56.24,11.5
2004-01-22,20080.0,17770.2,2309.8,56.24,11.5
2004-01-23,20080.0,17770.2,2309.8,56.24,11.5
2004-01-24,20080.0,17770.2,2309.8,56.24,11.5
2004-01-25,20080.0,17770.2,2309.8,56.24,11.5
2004-01-26,20080.0,17770.2,2309.8,56.24,11.5
2004-01-27,20080.0,17770.2,2309.8,56.24,11.5
2004-01-28,20080.0,17770.2,2309.8,56.24,11.5
2004-01-29,20080.0,17770.2,2309.8,56.24,11.5
2004-01-30,20080.0,17770.2,2309.8,56.24,11.5
2004-01-31,20080.0,17770.2,2309.8,56.24,11.5
2004-02-01,20080.0,17770.2,2309.8,56.24,11.5
2004-02-02,20080.0,17770.2,2309.8,56.24,11.5
2004-02-03,20080.0,17770.2,2309.8,56.24,11.5
2004-02-04,20080.0,17770.2,2309.8,56.24,11.5
2004-02-05,20080.0,17770.2,2309.8,56.24,11.5
2004-02-06,20080.0,17770.2,2309.8,56.24,11.5
2004-02-07,20080.0,17770.2,2309.8,56.24,11.5
2004-02-08,20080.0,17770.2,2309.8,56.24,11.5
2004-02-09,20080.0,17770.2,2309.8,56.24,11.5
2004-02-10,20080.0,17770.2,2309.8,56.24,11.5
2004-02-11,20080.0,17770.2,2309.8,56.24,11.5
2004-02-12,20080.0,17770.2,2309.8,56.24,11.5
2004-02-13,20080.0,17770.2,2309.8,56.24,11.5
2004-02-14,20080.0,17770.2,2309.8,56.24,11.5
2004-02-15,20080.0,17770.2,2309.8,56.24,11.5
2004-02-16,20080.0,17770.2,2309.8,56.24,11.5
2004-02-17,20080.0,17770.2,2309.8,56.24,11.5
2004-02-18,20080.0,17770.2,2309.8,56.24,11.5
2004-02-19,20080.0,17770.2,2309.8,56.24,11.5
2004-02-20,20080.0,17770.2,2309.8,56.24,11.5
2004-02-21,20080.0,17770.2,2309.8,56.24,11.5
2004-02-22,20080.0,17770.2,2309.8,56.24,11.5
2004-02-23,20080.0,17770.2,2309.8,56.24,11.5
2004-02-24,20080.0,17770.2,2309.8,56.24,11.5
2004-02-25,20080.0,17770.2,2309.8,56.24,11.5
2004-02-26,20080.0,17770.2,2309.8,56.24,11.5
2004-02-27,20080.0,17770.2,2309.8,56.24,11.5
2004-02-28,20080.0,17770.2,2309.8,56.24,11.5
2004-02-29,20080.0,17770.2,2309.8,56.24,11.5
2004-03-01,20080.0,17770.2,2309.8,56.24,11.5
2004-03-02,20080.0,17770.2,2309.8,56.24,11.5
2004-03-03,20080.0,17770.2,2309.8,56.24,11.5
2004-03-04,20080.0,17770.2,2309.8,56.24,11.5
2004-03-05,20080.0,17770.2,2309.8,56.24,11.5
2004-03-06,20080.0,17770.2,2309.8,56.24,11.5
2004-03-07,20080.0,17770.2,2309.8,56.24,11.5
2004-03-08,20080.0,17770.2,2309.8,56.24,11.5
2004-03-09,20080.0,17770.2,2309.8,56.24,11.5
2004-03-10,20080.0,17770.2,2309.8,56.24,11.5
2004-03-11,20080.0,17770.2,2309.8,56.24,11.5
2004-03-12,20080.0,17770.2,2309.8,56.24,11.5
2004-03-13,20080.0,17770.2,2309.8,56.24,11.5
2004-03-14,20080.0,17770.2,2309.8,56.24,11.5
2004-03-15,20080.0,17770.2,2309.8,56.24,11.5
2004-03-16,20080.0,17770.2,2309.8,56.24,11.5
2004-03-17,20080.0,17770.2,2309.8,56.24,11.5
2004-03-18,20080.0,17770.2,2309.8,56.24,11.5
2004-03-19,20080.0,17770.2,2309.8,56.24,11.5
2004-03-20,20080.0,17770.2,2309.8,56.24,11.5
2004-03-21,20080.0,17770.2,2309.8,56.24,11.5
2004-03-22,20080.0,17770.2,2309.8,56.24,11.5
2004-03-23,20080.0,17770.2,2309.8,56.24,11.5
2004-03-24,20080.0,17770.2,2309.8,56.24,11.5
2004-03-25,20080.0,17770.2,2309.8,56.24,11.5
2004-03-26,20080.0,17770.2,2309.8,56.24,11.5
2004-03-27,20080.0,17770.2,2309.8,56.24,11.5
2004-03-28,20080.0,17770.2,2309.8,56.24,11.5
2004-03-29,20080.0,17770.2,2309.8,56.24,11.5
2004-03-30,20080.0,17770.2,2309.8,56.24,11.5
2004-03-31,20080.0,17770.2,2309.8,56.24,11.5
2004-04-01,20266.5,18018.9,2247.6,56.55,11.09
2004-04-02,20266.5,18018.9,2247.6,56.55,11.09
2004-04-03,20266.5,18018.9,2247.6,56.55,11.09
2004-04-04,20266.5,18018.9,2247.6,56.55,11.09
2004-04-05,20266.5,18018.9,2247.6,56.55,11.09
2004-04-06,20266.5,18018.9,2247.6,56.55,11.09
2004-04-07,20266.5,18018.9,2247.6,56.55,11.09
2004-04-08,20266.5,18018.9,2247.6,56.55,11.09
2004-04-09,20266.5,18018.9,2247.6,56.55,11.09
2004-04-10,20266.5,18018.9,2247.6,56.55,11.09
2004-04-11,20266.5,18018.9,2247.6,56.55,11.09
2004-04-12,20266.5,18018.9,2247.6,56.55,11.09
2004-04-13,20266.5,18018.9,2247.6,56.55,11.09
2004-04-14,20266.5,18018.9,2247.6,56.55,11.09
2004-04-15,20266.5,18018.9,2247.6,56.55,11.09
2004-04-16,20266.5,18018.9,2247.6,56.55,11.09
2004-04-17,20266.5,18018.9,2247.6,56.55,11.09
2004-04-18,20266.5,18018.9,2247.6,56.55,11.09
2004-04-19,20266.5,18018.9,2247.6,56.55,11.09
2004-04-20,20266.5,18018.9,2247.6,56.55,11.09
2004-04-21,20266.5,18018.9,2247.6,56.55,11.09
2004-04-22,20266.5,18018.9,2247.6,56.55,11.09
2004-04-23,20266.5,18018.9,2247.6,56.55,11.09
2004-04-24,20266.5,18018.9,2247.6,56.55,11.09
2004-04-25,20266.5,18018.9,2247.6,56.55,11.09
2004-04-26,20266.5,18018.9,2247.6,56.55,11.09
2004-04-27,20266.5,18018.9,2247.6,56.55,11.09
2004-04-28,20266.5,18018.9,2247.6,56.55,11.09
2004-04-29,20266.5,18018.9,2247.6,56.55,11.09
2004-04-30,20266.5,18018.9,2247.6,56.55,11.09
2004-05-01,20266.5,18018.9,2247.6,56.55,11.09
2004-05-02,20266.5,18018.9,2247.6,56.55,11.09
2004-05-03,20266.5,18018.9,2247.6,56.55,11.09
2004-05-04,20266.5,18018.9,2247.6,56.55,11.09
2004-05-05,20266.5,18018.9,2247.6,56.55,11.09
2004-05-06,20266.5,18018.9,2247.6,56.55,11.09
2004-05-07,20266.5,18018.9,2247.6,56.55,11.09
2004-05-08,20266.5,18018.9,2247.6,56.55,11.09
2004-05-09,20266.5,18018.9,2247.6,56.55,11.09
2004-05-10,20266.5,18018.9,2247.6,56.55,11.09
2004-05-11,20266.5,18018.9,2247.6,56.55,11.09
2004-05-12,20266.5,18018.9,2247.6,56.55,11.09
2004-05-13,20266.5,18018.9,2247.6,56.55,11.09
2004-05-14,20266.5,18018.9,2247.6,56.55,11.09
2004-05-15,20266.5,18018.9,2247.6,56.55,11.09
2004-05-16,20266.5,18018.9,2247.6,56.55,11.09
2004-05-17,20266.5,18018.9,2247.6,56.55,11.09
2004-05-18,20266.5,18018.9,2247.6,56.55,11.09
2004-05-19,20266.5,18018.9,2247.6,56.55,11.09
2004-05-20,20266.5,18018.9,2247.6,56.55,11.09
2004-05-21,20266.5,18018.9,2247.6,56.55,11.09
2004-05-22,20266.5,18018.9,2247.6,56.55,11.09
2004-05-23,20266.5,18018.9,2247.6,56.55,11.09
2004-05-24,20266.5,18018.9,2247.6,56.55,11.09
2004-05-25,20266.5,18018.9,2247.6,56.55,11.09
2004-05-26,20266.5,18018.9,2247.6,56.55,11.09
2004-05-27,20266.5,18018.9,2247.6,56.55,11.09
2004-05-28,20266.5,18018.9,2247.6,56.55,11.09
2004-05-29,20266.5,18018.9,2247.6,56.55,11.09
2004-05-30,20266.5,18018.9,2247.6,56.55,11.09
2004-05-31,20266.5,18018.9,2247.6,56.55,11.09
2004-06-01,20266.5,18018.9,2247.6,56.55,11.09
2004-06-02,20266.5,18018.9,2247.6,56.55,11.09
2004-06-03,20266.5,18018.9,2247.6,56.55,11.09
2004-06-04,20266.5,18018.9,2247.6,56.55,11.09
2004-06-05,20266.5,18018.9,2247.6,56.55,11.09
2004-06-06,20266.5,18018.9,2247.6,56.55,11.09
2004-06-07,20266.5,18018.9,2247.6,56.55,11.09
2004-06-08,20266.5,18018.9,2247.6,56.55,11.09
2004-06-09,20266.5,18018.9,2247.6,56.55,11.09
2004-06-10,20266.5,18018.9,2247.6,56.55,11.09
2004-06-11,20266.5,18018.9,2247.6,56.55,11.09
2004-06-12,20266.5,18018.9,2247.6,56.55,11.09
2004-06-13,20266.5,18018.9,2247.6,56.55,11.09
2004-06-14,20266.5,18018.9,2247.6,56.55,11.09
2004-06-15,20266.5,18018.9,2247.6,56.55,11.09
2004-06-16,20266.5,18018.9,2247.6,56.55,11.09
2004-06-17,20266.5,18018.9,2247.6,56.55,11.09
2004-06-18,20266.5,18018.9,2247.6,56.55,11.09
2004-06-19,20266.5,18018.9,2247.6,56.55,11.09
2004-06-20,20266.5,18018.9,2247.6,56.55,11.09
2004-06-21,20266.5,18018.9,2247.6,56.55,11.09
2004-06-22,20266.5,18018.9,2247.6,56.55,11.09
2004-06-23,20266.5,18018.9,2247.6,56.55,11.09
2004-06-24,20266.5,18018.9,2247.6,56.55,11.09
2004-06-25,20266.5,18018.9,2247.6,56.55,11.09
2004-06-26,20266.5,18018.9,2247.6,56.55,11.09
2004-06-27,20266.5,18018.9,2247.6,56.55,11.09
2004-06-28,20266.5,18018.9,2247.6,56.55,11.09
2004-06-29,20266.5,18018.9,2247.6,56.55,11.09
2004-06-30,20266.5,18018.9,2247.6,56.55,11.09
2004-07-01,20488.9,18289.1,2199.8,56.93,10.74
2004-07-02,20488.9,18289.1,2199.8,56.93,10.74
2004-07-03,20488.9,18289.1,2199.8,56.93,10.74
2004-07-04,20488.9,18289.1,2199.8,56.93,10.74
2004-07-05,20488.9,18289.1,2199.8,56.93,10.74
2004-07-06,20488.9,18289.1,2199.8,56.93,10.74
2004-07-07,20488.9,18289.1,2199.8,56.93,10.74
2004-07-08,20488.9,18289.1,2199.8,56.93,10.74
2004-07-09,20488.9,18289.1,2199.8,56.93,10.74
2004-07-10,20488.9,18289.1,2199.8,56.93,10.74
2004-07-11,20488.9,18289.1,2199.8,56.93,10.74
2004-07-12,20488.9,18289.1,2199.8,56.93,10.74
2004-07-13,20488.9,18289.1,2199.8,56.93,10.74
2004-07-14,20488.9,18289.1,2199.8,56.93,10.74
2004-07-15,20488.9,18289.1,2199.8,56.93,10.74
2004-07-16,20488.9,18289.1,2199.8,56.93,10.74
2004-07-17,20488.9,18289.1,2199.8,56.93,10.74
2004-07-18,20488.9,18289.1,2199.8,56.93,10.74
2004-07-19,20488.9,18289.1,2199.8,56.93,10.74
2004-07-20,20488.9,18289.1,2199.8,56.93,10.74
2004-07-21,20488.9,18289.1,2199.8,56.93,10.74
2004-07-22,20488.9,18289.1,2199.8,56.93,10.74
2004-07-23,20488.9,18289.1,2199.8,56.93,10.74
2004-07-24,20488.9,18289.1,2199.8,56.93,10.74
2004-07-25,20488.9,18289.1,2199.8,56.93,10.74
2004-07-26,20488.9,18289.1,2199.8,56.93,10.74
2004-07-27,20488.9,18289.1,2199.8,56.93,10.74
2004-07-28,20488.9,18289.1,2199.8,56.93,10.74
2004-07-29,20488.9,18289.1,2199.8,56.93,10.74
2004-07-30,20488.9,18289.1,2199.8,56.93,10.74
2004-07-31,20488.9,18289.1,2199.8,56.93,10.74
2004-08-01,20488.9,18289.1,2199.8,56.93,10.74
2004-08-02,20488.9,18289.1,2199.8,56.93,10.74
2004-08-03,20488.9,18289.1,2199.8,56.93,10.74
2004-08-04,20488.9,18289.1,2199.8,56.93,10.74
2004-08-05,20488.9,18289.1,2199.8,56.93,10.74
2004-08-06,20488.9,18289.1,2199.8,56.93,10.74
2004-08-07,20488.9,18289.1,2199.8,56.93,10.74
2004-08-08,20488.9,18289.1,2199.8,56.93,10.74
2004-08-09,20488.9,18289.1,2199.8,56.93,10.74
2004-08-10,20488.9,18289.1,2199.8,56.93,10.74
2004-08-11,20488.9,18289.1,2199.8,56.93,10.74
2004-08-12,20488.9,18289.1,2199.8,56.93,10.74
2004-08-13,20488.9,18289.1,2199.8,56.93,10.74
2004-08-14,20488.9,18289.1,2199.8,56.93,10.74
2004-08-15,20488.9,18289.1,2199.8,56.93,10.74
2004-08-16,20488.9,18289.1,2199.8,56.93,10.74
2004-08-17,20488.9,18289.1,2199.8,56.93,10.74
2004-08-18,20488.9,18289.1,2199.8,56.93,10.74
2004-08-19,20488.9,18289.1,2199.8,56.93,10.74
2004-08-20,20488.9,18289.1,2199.8,56.93,10.74
2004-08-21,20488.9,18289.1,2199.8,56.93,10.74
2004-08-22,20488.9,18289.1,2199.8,56.93,10.74
2004-08-23,20488.9,18289.1,2199.8,56.93,10.74
2004-08-24,20488.9,18289.1,2199.8,56.93,10.74
2004-08-25,20488.9,18289.1,2199.8,56.93,10.74
2004-08-26,20488.9,18289.1,2199.8,56.93,10.74
2004-08-27,20488.9,18289.1,2199.8,56.93,10.74
2004-08-28,20488.9,18289.1,2199.8,56.93,10.74
2004-08-29,20488.9,18289.1,2199.8,56.93,10.74
2004-08-30,20488.9,18289.1,2199.8,56.93,10.74
2004-08-31,20488.9,18289.1,2199.8,56.93,10.74
2004-09-01,20488.9,18289.1,2199.8,56.93,10.74
2004-09-02,20488.9,18289.1,2199.8,56.93,10.74
2004-09-03,20488.9,18289.1,2199.8,56.93,10.74
2004-09-04,20488.9,18289.1,2199.8,56.93,10.74
2004-09-05,20488.9,18289.1,2199.8,56.93,10.74
2004-09-06,20488.9,18289.1,2199.8,56.93,10.74
2004-09-07,20488.9,18289.1,2199.8,56.93,10.74
2004-09-08,20488.9,18289.1,2199.8,56.93,10.74
2004-09-09,20488.9,18289.1,2199.8,56.93,10.74
2004-09-10,20488.9,18289.1,2199.8,56.93,10.74
2004-09-11,20488.9,18289.1,2199.8,56.93,10.74
2004-09-12,20488.9,18289.1,2199.8,56.93,10.74
2004-09-13,20488.9,18289.1,2199.8,56.93,10.74
2004-09-14,20488.9,18289.1,2199.8,56.93,10.74
2004-09-15,20488.9,18289.1,2199.8,56.93,10.74
2004-09-16,20488.9,18289.1,2199.8,56.93,10.74
2004-09-17,20488.9,18289.1,2199.8,56.93,10.74
2004-09-18,20488.9,18289.1,2199.8,56.93,10.74
2004-09-19,20488.9,18289.1,2199.8,56.93,10.74
2004-09-20,20488.9,18289.1,2199.8,56.93,10.74
2004-09-21,20488.9,18289.1,2199.8,56.93,10.74
2004-09-22,20488.9,18289.1,2199.8,56.93,10.74
2004-09-23,20488.9,18289.1,2199.8,56.93,10.74
2004-09-24,20488.9,18289.1,2199.8,56.93,10.74
2004-09-25,20488.9,18289.1,2199.8,56.93,10.74
2004-09-26,20488.9,18289.1,2199.8,56.93,10.74
2004-09-27,20488.9,18289.1,2199.8,56.93,10.74
2004-09-28,20488.9,18289.1,2199.8,56.93,10.74
2004-09-29,20488.9,18289.1,2199.8,56.93,10.74
2004-09-30,20488.9,18289.1,2199.8,56.93,10.74
2004-10-01,20667.7,18490.8,2176.9,57.12,10.53
2004-10-02,20667.7,18490.8,2176.9,57.12,10.53
2004-10-03,20667.7,18490.8,2176.9,57.12,10.53
2004-10-04,20667.7,18490.8,2176.9,57.12,10.53
2004-10-05,20667.7,18490.8,2176.9,57.12,10.53
2004-10-06,20667.7,18490.8,2176.9,57.12,10.53
2004-10-07,20667.7,18490.8,2176.9,57.12,10.53
2004-10-08,20667.7,18490.8,2176.9,57.12,10.53
2004-10-09,20667.7,18490.8,2176.9,57.12,10.53
2004-10-10,20667.7,18490.8,2176.9,57.12,10.53
2004-10-11,20667.7,18490.8,2176.9,57.12,10.53
2004-10-12,20667.7,18490.8,2176.9,57.12,10.53
2004-10-13,20667.7,18490.8,2176.9,57.12,10.53
2004-10-14,20667.7,18490.8,2176.9,57.12,10.53
2004-10-15,20667.7,18490.8,2176.9,57.12,10.53
2004-10-16,20667.7,18490.8,2176.9,57.12,10.53
2004-10-17,20667.7,18490.8,2176.9,57.12,10.53
2004-10-18,20667.7,18490.8,2176.9,57.12,10.53
2004-10-19,20667.7,18490.8,2176.9,57.12,10.53
2004-10-20,20667.7,18490.8,2176.9,57.12,10.53
2004-10-21,20667.7,18490.8,2176.9,57.12,10.53
2004-10-22,20667.7,18490.8,2176.9,57.12,10.53
2004-10-23,20667.7,18490.8,2176.9,57.12,10.53
2004-10-24,20667.7,18490.8,2176.9,57.12,10.53
2004-10-25,20667.7,18490.8,2176.9,57.12,10.53
2004-10-26,20667.7,18490.8,2176.9,57.12,10.53
2004-10-27,20667.7,18490.8,2176.9,57.12,10.53
2004-10-28,20667.7,18490.8,2176.9,57.12,10.53
2004-10-29,20667.7,18490.8,2176.9,57.12,10.53
2004-10-30,20667.7,18490.8,2176.9,57.12,10.53
2004-10-31,20667.7,18490.8,2176.9,57.12,10.53
2004-11-01,20667.7,18490.8,2176.9,57.12,10.53
2004-11-02,20667.7,18490.8,2176.9,57.12,10.53
2004-11-03,20667.7,18490.8,2176.9,57.12,10.53
2004-11-04,20667.7,18490.8,2176.9,57.12,10.53
2004-11-05,20667.7,18490.8,2176.9,57.12,10.53
2004-11-06,20667.7,18490.8,2176.9,57.12,10.53
2004-11-07,20667.7,18490.8,2176.9,57.12,10.53
2004-11-08,20667.7,18490.8,2176.9,57.12,10.53
2004-11-09,20667.7,18490.8,2176.9,57.12,10.53
2004-11-10,20667.7,18490.8,2176.9,57.12,10.53
2004-11-11,20667.7,18490.8,2176.9,57.12,10.53
2004-11-12,20667.7,18490.8,2176.9,57.12,10.53
2004-11-13,20667.7,18490.8,2176.9,57.12,10.53
2004-11-14,20667.7,18490.8,2176.9,57.12,10.53
2004-11-15,20667.7,18490.8,2176.9,57.12,10.53
2004-11-16,20667.7,18490.8,2176.9,57.12,10.53
2004-11-17,20667.7,18490.8,2176.9,57.12,10.53
2004-11-18,20667.7,18490.8,2176.9,57.12,10.53
2004-11-19,20667.7,18490.8,2176.9,57.12,10.53
2004-11-20,20667.7,18490.8,2176.9,57.12,10.53
2004-11-21,20667.7,18490.8,2176.9,57.12,10.53
2004-11-22,20667.7,18490.8,2176.9,57.12,10.53
2004-11-23,20667.7,18490.8,2176.9,57.12,10.53
2004-11-24,20667.7,18490.8,2176.9,57.12,10.53
2004-11-25,20667.7,18490.8,2176.9,57.12,10.53
2004-11-26,20667.7,18490.8,2176.9,57.12,10.53
2004-11-27,20667.7,18490.8,2176.9,57.12,10.53
2004-11-28,20667.7,18490.8,2176.9,57.12,10.53
2004-11-29,20667.7,18490.8,2176.9,57.12,10.53
2004-11-30,20667.7,18490.8,2176.9,57.12,10.53
2004-12-01,20667.7,18490.8,2176.9,57.12,10.53
2004-12-02,20667.7,18490.8,2176.9,57.12,10.53
2004-12-03,20667.7,18490.8,2176.9,57.12,10.53
2004-12-04,20667.7,18490.8,2176.9,57.12,10.53
2004-12-05,20667.7,18490.8,2176.9,57.12,10.53
2004-12-06,20667.7,18490.8,2176.9,57.12,10.53
2004-12-07,20667.7,18490.8,2176.9,57.12,10.53
2004-12-08,20667.7,18490.8,2176.9,57.12,10.53
2004-12-09,20667.7,18490.8,2176.9,57.12,10.53
2004-12-10,20667.7,18490.8,2176.9,57.12,10.53
2004-12-11,20667.7,18490.8,2176.9,57.12,10.53
2004-12-12,20667.7,18490.8,2176.9,57.12,10.53
2004-12-13,20667.7,18490.8,2176.9,57.12,10.53
2004-12-14,20667.7,18490.8,2176.9,57.12,10.53
2004-12-15,20667.7,18490.8,2176.9,57.12,10.53
2004-12-16,20667.7,18490.8,2176.9,57.12,10.53
2004-12-17,20667.7,18490.8,2176.9,57.12,10.53
2004-12-18,20667.7,18490.8,2176.9,57.12,10.53
2004-12-19,20667.7,18490.8,2176.9,57.12,10.53
2004-12-20,20667.7,18490.8,2176.9,57.12,10.53
2004-12-21,20667.7,18490.8,2176.9,57.12,10.53
2004-12-22,20667.7,18490.8,2176.9,57.12,10.53
2004-12-23,20667.7,18490.8,2176.9,57.12,10.53
2004-12-24,20667.7,18490.8,2176.9,57.12,10.53
2004-12-25,20667.7,18490.8,2176.9,57.12,10.53
2004-12-26,20667.7,18490.8,2176.9,57.12,10.53
2004-12-27,20667.7,18490.8,2176.9,57.12,10.53
2004-12-28,20667.7,18490.8,2176.9,57.12,10.53
2004-12-29,20667.7,18490.8,2176.9,57.12,10.53
2004-12-30,20667.7,18490.8,2176.9,57.12,10.53
2004-12-31,20667.7,18490.8,2176.9,57.12,10.53
2005-01-01,20857.4,18736.1,2121.3,57.38,10.17
2005-01-02,20857.4,18736.1,2121.3,57.38,10.17
2005-01-03,20857.4,18736.1,2121.3,57.38,10.17
2005-01-04,20857.4,18736.1,2121.3,57.38,10.17
2005-01-05,20857.4,18736.1,2121.3,57.38,10.17
2005-01-06,20857.4,18736.1,2121.3,57.38,10.17
2005-01-07,20857.4,18736.1,2121.3,57.38,10.17
2005-01-08,20857.4,18736.1,2121.3,57.38,10.17
2005-01-09,20857.4,18736.1,2121.3,57.38,10.17
2005-01-10,20857.4,18736.1,2121.3,57.38,10.17
2005-01-11,20857.4,18736.1,2121.3,57.38,10.17
2005-01-12,20857.4,18736.1,2121.3,57.38,10.17
2005-01-13,20857.4,18736.1,2121.3,57.38,10.17
2005-01-14,20857.4,18736.1,2121.3,57.38,10.17
2005-01-15,20857.4,18736.1,2121.3,57.38,10.17
2005-01-16,20857.4,18736.1,2121.3,57.38,10.17
2005-01-17,20857.4,18736.1,2121.3,57.38,10.17
2005-01-18,20857.4,18736.1,2121.3,57.38,10.17
2005-01-19,20857.4,18736.1,2121.3,57.38,10.17
2005-01-20,20857.4,18736.1,2121.3,57.38,10.17
2005-01-21,20857.4,18736.1,2121.3,57.38,10.17
2005-01-22,20857.4,18736.1,2121.3,57.38,10.17
2005-01-23,20857.4,18736.1,2121.3,57.38,10.17
2005-01-24,20857.4,18736.1,2121.3,57.38,10.17
2005-01-25,20857.4,18736.1,2121.3,57.38,10.17
2005-01-26,20857.4,18736.1,2121.3,57.38,10.17
2005-01-27,20857.4,18736.1,2121.3,57.38,10.17
2005-01-28,20857.4,18736.1,2121.3,57.38,10.17
2005-01-29,20857.4,18736.1,2121.3,57.38,10.17
2005-01-30,20857.4,18736.1,2121.3,57.38,10.17
2005-01-31,20857.4,18736.1,2121.3,57.38,10.17
2005-02-01,20857.4,18736.1,2121.3,57.38,10.17
2005-02-02,20857.4,18736.1,2121.3,57.38,10.17
2005-02-03,20857.4,18736.1,2121.3,57.38,10.17
2005-02-04,20857.4,18736.1,2121.3,57.38,10.17
2005-02-05,20857.4,18736.1,2121.3,57.38,10.17
2005-02-06,20857.4,18736.1,2121.3,57.38,10.17
2005-02-07,20857.4,18736.1,2121.3,57.38,10.17
2005-02-08,20857.4,18736.1,2121.3,57.38,10.17
2005-02-09,20857.4,18736.1,2121.3,57.38,10.17
2005-02-10,20857.4,18736.1,2121.3,57.38,10.17
2005-02-11,20857.4,18736.1,2121.3,57.38,10.17
2005-02-12,20857.4,18736.1,2121.3,57.38,10.17
2005-02-13,20857.4,18736.1,2121.3,57.38,10.17
2005-02-14,20857.4,18736.1,2121.3,57.38,10.17
2005-02-15,20857.4,18736.1,2121.3,57.38,10.17
2005-02-16,20857.4,18736.1,2121.3,57.38,10.17
2005-02-17,20857.4,18736.1,2121.3,57.38,10.17
2005-02-18,20857.4,18736.1,2121.3,57.38,10.17
2005-02-19,20857.4,18736.1,2121.3,57.38,10.17
2005-02-20,20857.4,18736.1,2121.3,57.38,10.17
2005-02-21,20857.4,18736.1,2121.3,57.38,10.17
2005-02-22,20857.4,18736.1,2121.3,57.38,10.17
2005-02-23,20857.4,18736.1,2121.3,57.38,10.17
2005-02-24,20857.4,18736.1,2121.3,57.38,10.17
2005-02-25,20857.4,18736.1,2121.3,57.38,10.17
2005-02-26,20857.4,18736.1,2121.3,57.38,10.17
2005-02-27,20857.4,18736.1,2121.3,57.38,10.17
2005-02-28,20857.4,18736.1,2121.3,57.38,10.17
2005-03-01,20857.4,18736.1,2121.3,57.38,10.17
2005-03-02,20857.4,18736.1,2121.3,57.38,10.17
2005-03-03,20857.4,18736.1,2121.3,57.38,10.17
2005-03-04,20857.4,18736.1,2121.3,57.38,10.17
2005-03-05,20857.4,18736.1,2121.3,57.38,10.17
2005-03-06,20857.4,18736.1,2121.3,57.38,10.17
2005-03-07,20857.4,18736.1,2121.3,57.38,10.17
2005-03-08,20857.4,18736.1,2121.3,57.38,10.17
2005-03-09,20857.4,18736.1,2121.3,57.38,10.17
2005-03-10,20857.4,18736.1,2121.3,57.38,10.17
2005-03-11,20857.4,18736.1,2121.3,57.38,10.17
2005-03-12,20857.4,18736.1,2121.3,57.38,10.17
2005-03-13,20857.4,18736.1,2121.3,57.38,10.17
2005-03-14,20857.4,18736.1,2121.3,57.38,10.17
2005-03-15,20857.4,18736.1,2121.3,57.38,10.17
2005-03-16,20857.4,18736.1,2121.3,57.38,10.17
2005-03-17,20857.4,18736.1,2121.3,57.38,10.17
2005-03-18,20857.4,18736.1,2121.3,57.38,10.17
2005-03-19,20857.4,18736.1,2121.3,57.38,10.17
2005-03-20,20857.4,18736.1,2121.3,57.38,10.17
2005-03-21,20857.4,18736.1,2121.3,57.38,10.17
2005-03-22,20857.4,18736.1,2121.3,57.38,10.17
2005-03-23,20857.4,18736.1,2121.3,57.38,10.17
2005-03-24,20857.4,18736.1,2121.3,57.38,10.17
2005-03-25,20857.4,18736.1,2121.3,57.38,10.17
2005-03-26,20857.4,18736.1,2121.3,57.38,10.17
2005-03-27,20857.4,18736.1,2121.3,57.38,10.17
2005-03-28,20857.4,18736.1,2121.3,57.38,10.17
2005-03-29,20857.4,18736.1,2121.3,57.38,10.17
2005-03-30,20857.4,18736.1,2121.3,57.38,10.17
2005-03-31,20857.4,18736.1,2121.3,57.38,10.17
2005-04-01,21129.7,19160.6,1969.1,57.86,9.32
2005-04-02,21129.7,19160.6,1969.1,57.86,9.32
2005-04-03,21129.7,19160.6,1969.1,57.86,9.32
2005-04-04,21129.7,19160.6,1969.1,57.86,9.32
2005-04-05,21129.7,19160.6,1969.1,57.86,9.32
2005-04-06,21129.7,19160.6,1969.1,57.86,9.32
2005-04-07,21129.7,19160.6,1969.1,57.86,9.32
2005-04-08,21129.7,19160.6,1969.1,57.86,9.32
2005-04-09,21129.7,19160.6,1969.1,57.86,9.32
2005-04-10,21129.7,19160.6,1969.1,57.86,9.32
2005-04-11,21129.7,19160.6,1969.1,57.86,9.32
2005-04-12,21129.7,19160.6,1969.1,57.86,9.32
2005-04-13,21129.7,19160.6,1969.1,57.86,9.32
2005-04-14,21129.7,19160.6,1969.1,57.86,9.32
2005-04-15,21129.7,19160.6,1969.1,57.86,9.32
2005-04-16,21129.7,19160.6,1969.1,57.86,9.32
2005-04-17,21129.7,19160.6,1969.1,57.86,9.32
2005-04-18,21129.7,19160.6,1969.1,57.86,9.32
2005-04-19,21129.7,19160.6,1969.1,57.86,9.32
2005-04-20,21129.7,19160.6,1969.1,57.86,9.32
2005-04-21,21129.7,19160.6,1969.1,57.86,9.32
2005-04-22,21129.7,19160.6,1969.1,57.86,9.32
2005-04-23,21129.7,19160.6,1969.1,57.86,9.32
2005-04-24,21129.7,19160.6,1969.1,57.86,9.32
2005-04-25,21129.7,19160.6,1969.1,57.86,9.32
2005-04-26,21129.7,19160.6,1969.1,57.86,9.32
2005-04-27,21129.7,19160.6,1969.1,57.86,9.32
2005-04-28,21129.7,19160.6,1969.1,57.86,9.32
2005-04-29,21129.7,19160.6,1969.1,57.86,9.32
2005-04-30,21129.7,19160.6,1969.1,57.86,9.32
2005-05-01,21129.7,19160.6,1969.1,57.86,9.32
2005-05-02,21129.7,19160.6,1969.1,57.86,9.32
2005-05-03,21129.7,19160.6,1969.1,57.86,9.32
2005-05-04,21129.7,19160.6,1969.1,57.86,9.32
2005-05-05,21129.7,19160.6,1969.1,57.86,9.32
2005-05-06,21129.7,19160.6,1969.1,57.86,9.32
2005-05-07,21129.7,19160.6,1969.1,57.86,9.32
2005-05-08,21129.7,19160.6,1969.1,57.86,9.32
2005-05-09,21129.7,19160.6,1969.1,57.86,9.32
2005-05-10,21129.7,19160.6,1969.1,57.86,9.32
2005-05-11,21129.7,19160.6,1969.1,57.86,9.32
2005-05-12,21129.7,19160.6,1969.1,57.86,9.32
2005-05-13,21129.7,19160.6,1969.1,57.86,9.32
2005-05-14,21129.7,19160.6,1969.1,57.86,9.32
2005-05-15,21129.7,19160.6,1969.1,57.86,9.32
2005-05-16,21129.7,19160.6,1969.1,57.86,9.32
2005-05-17,21129.7,19160.6,1969.1,57.86,9.32
2005-05-18,21129.7,19160.6,1969.1,57.86,9.32
2005-05-19,21129.7,19160.6,1969.1,57.86,9.32
2005-05-20,21129.7,19160.6,1969.1,57.86,9.32
2005-05-21,21129.7,19160.6,1969.1,57.86,9.32
2005-05-22,21129.7,19160.6,1969.1,57.86,9.32
2005-05-23,21129.7,19160.6,1969.1,57.86,9.32
2005-05-24,21129.7,19160.6,1969.1,57.86,9.32
2005-05-25,21129.7,19160.6,1969.1,57.86,9.32
2005-05-26,21129.7,19160.6,1969.1,57.86,9.32
2005-05-27,21129.7,19160.6,1969.1,57.86,9.32
2005-05-28,21129.7,19160.6,1969.1,57.86,9.32
2005-05-29,21129.7,19160.6,1969.1,57.86,9.32
2005-05-30,21129.7,19160.6,1969.1,57.86,9.32
2005-05-31,21129.7,19160.6,1969.1,57.86,9.32
2005-06-01,21129.7,19160.6,1969.1,57.86,9.32
2005-06-02,21129.7,19160.6,1969.1,57.86,9.32
2005-06-03,21129.7,19160.6,1969.1,57.86,9.32
2005-06-04,21129.7,19160.6,1969.1,57.86,9.32
2005-06-05,21129.7,19160.6,1969.1,57.86,9.32
2005-06-06,21129.7,19160.6,1969.1,57.86,9.32
2005-06-07,21129.7,19160.6,1969.1,57.86,9.32
2005-06-08,21129.7,19160.6,1969.1,57.86,9.32
2005-06-09,21129.7,19160.6,1969.1,57.86,9.32
2005-06-10,21129.7,19160.6,1969.1,57.86,9.32
2005-06-11,21129.7,19160.6,1969.1,57.86,9.32
2005-06-12,21129.7,19160.6,1969.1,57.86,9.32
2005-06-13,21129.7,19160.6,1969.1,57.86,9.32
2005-06-14,21129.7,19160.6,1969.1,57.86,9.32
2005-06-15,21129.7,19160.6,1969.1,57.86,9.32
2005-06-16,21129.7,19160.6,1969.1,57.86,9.32
2005-06-17,21129.7,19160.6,1969.1,57.86,9.32
2005-06-18,21129.7,19160.6,1969.1,57.86,9.32
2005-06-19,21129.7,19160.6,1969.1,57.86,9.32
2005-06-20,21129.7,19160.6,1969.1,57.86,9.32
2005-06-21,21129.7,19160.6,1969.1,57.86,9.32
2005-06-22,21129.7,19160.6,1969.1,57.86,9.32
2005-06-23,21129.7,19160.6,1969.1,57.86,9.32
2005-06-24,21129.7,19160.6,1969.1,57.86,9.32
2005-06-25,21129.7,19160.6,1969.1,57.86,9.32
2005-06-26,21129.7,19160.6,1969.1,57.86,9.32
2005-06-27,21129.7,19160.6,1969.1,57.86,9.32
2005-06-28,21129.7,19160.6,1969.1,57.86,9.32
2005-06-29,21129.7,19160.6,1969.1,57.86,9.32
2005-06-30,21129.7,19160.6,1969.1,57.86,9.32
2005-07-01,21205.6,19422.1,1783.5,57.86,8.41
2005-07-02,21205.6,19422.1,1783.5,57.86,8.41
2005-07-03,21205.6,19422.1,1783.5,57.86,8.41
2005-07-04,21205.6,19422.1,1783.5,57.86,8.41
2005-07-05,21205.6,19422.1,1783.5,57.86,8.41
2005-07-06,21205.6,19422.1,1783.5,57.86,8.41
2005-07-07,21205.6,19422.1,1783.5,57.86,8.41
2005-07-08,21205.6,19422.1,1783.5,57.86,8.41
2005-07-09,21205.6,19422.1,1783.5,57.86,8.41
2005-07-10,21205.6,19422.1,1783.5,57.86,8.41
2005-07-11,21205.6,19422.1,1783.5,57.86,8.41
2005-07-12,21205.6,19422.1,1783.5,57.86,8.41
2005-07-13,21205.6,19422.1,1783.5,57.86,8.41
2005-07-14,21205.6,19422.1,1783.5,57.86,8.41
2005-07-15,21205.6,19422.1,1783.5,57.86,8.41
2005-07-16,21205.6,19422.1,1783.5,57.86,8.41
2005-07-17,21205.6,19422.1,1783.5,57.86,8.41
2005-07-18,21205.6,19422.1,1783.5,57.86,8.41
2005-07-19,21205.6,19422.1,1783.5,57.86,8.41
2005-07-20,21205.6,19422.1,1783.5,57.86,8.41
2005-07-21,21205.6,19422.1,1783.5,57.86,8.41
2005-07-22,21205.6,19422.1,1783.5,57.86,8.41
2005-07-23,21205.6,19422.1,1783.5,57.86,8.41
2005-07-24,21205.6,19422.1,1783.5,57.86,8.41
2005-07-25,21205.6,19422.1,1783.5,57.86,8.41
2005-07-26,21205.6,19422.1,1783.5,57.86,8.41
2005-07-27,21205.6,19422.1,1783.5,57.86,8.41
2005-07-28,21205.6,19422.1,1783.5,57.86,8.41
2005-07-29,21205.6,19422.1,1783.5,57.86,8.41
2005-07-30,21205.6,19422.1,1783.5,57.86,8.41
2005-07-31,21205.6,19422.1,1783.5,57.86,8.41
2005-08-01,21205.6,19422.1,1783.5,57.86,8.41
2005-08-02,21205.6,19422.1,1783.5,57.86,8.41
2005-08-03,21205.6,19422.1,1783.5,57.86,8.41
2005-08-04,21205.6,19422.1,1783.5,57.86,8.41
2005-08-05,21205.6,19422.1,1783.5,57.86,8.41
2005-08-06,21205.6,19422.1,1783.5,57.86,8.41
2005-08-07,21205.6,19422.1,1783.5,57.86,8.41
2005-08-08,21205.6,19422.1,1783.5,57.86,8.41
2005-08-09,21205.6,19422.1,1783.5,57.86,8.41
2005-08-10,21205.6,19422.1,1783.5,57.86,8.41
2005-08-11,21205.6,19422.1,1783.5,57.86,8.41
2005-08-12,21205.6,19422.1,1783.5,57.86,8.41
2005-08-13,21205.6,19422.1,1783.5,57.86,8.41
2005-08-14,21205.6,19422.1,1783.5,57.86,8.41
2005-08-15,21205.6,19422.1,1783.5,57.86,8.41
2005-08-16,21205.6,19422.1,1783.5,57.86,8.41
2005-08-17,21205.6,19422.1,1783.5,57.86,8.41
2005-08-18,21205.6,19422.1,1783.5,57.86,8.41
2005-08-19,21205.6,19422.1,1783.5,57.86,8.41
2005-08-20,21205.6,19422.1,1783.5,57.86,8.41
2005-08-21,21205.6,19422.1,1783.5,57.86,8.41
2005-08-22,21205.6,19422.1,1783.5,57.86,8.41
2005-08-23,21205.6,19422.1,1783.5,57.86,8.41
2005-08-24,21205.6,19422.1,1783.5,57.86,8.41
2005-08-25,21205.6,19422.1,1783.5,57.86,8.41
2005-08-26,21205.6,19422.1,1783.5,57.86,8.41
2005-08-27,21205.6,19422.1,1783.5,57.86,8.41
2005-08-28,21205.6,19422.1,1783.5,57.86,8.41
2005-08-29,21205.6,19422.1,1783.5,57.86,8.41
2005-08-30,21205.6,19422.1,1783.5,57.86,8.41
2005-08-31,21205.6,19422.1,1783.5,57.86,8.41
2005-09-01,21205.6,19422.1,1783.5,57.86,8.41
2005-09-02,21205.6,19422.1,1783.5,57.86,8.41
2005-09-03,21205.6,19422.1,1783.5,57.86,8.41
2005-09-04,21205.6,19422.1,1783.5,57.86,8.41
2005-09-05,21205.6,19422.1,1783.5,57.86,8.41
2005-09-06,21205.6,19422.1,1783.5,57.86,8.41
2005-09-07,21205.6,19422.1,1783.5,57.86,8.41
2005-09-08,21205.6,19422.1,1783.5,57.86,8.41
2005-09-09,21205.6,19422.1,1783.5,57.86,8.41
2005-09-10,21205.6,19422.1,1783.5,57.86,8.41
2005-09-11,21205.6,19422.1,1783.5,57.86,8.41
2005-09-12,21205.6,19422.1,1783.5,57.86,8.41
2005-09-13,21205.6,19422.1,1783.5,57.86,8.41
2005-09-14,21205.6,19422.1,1783.5,57.86,8.41
2005-09-15,21205.6,19422.1,1783.5,57.86,8.41
2005-09-16,21205.6,19422.1,1783.5,57.86,8.41
2005-09-17,21205.6,19422.1,1783.5,57.86,8.41
2005-09-18,21205.6,19422.1,1783.5,57.86,8.41
2005-09-19,21205.6,19422.1,1783.5,57.86,8.41
2005-09-20,21205.6,19422.1,1783.5,57.86,8.41
2005-09-21,21205.6,19422.1,1783.5,57.86,8.41
2005-09-22,21205.6,19422.1,1783.5,57.86,8.41
2005-09-23,21205.6,19422.1,1783.5,57.86,8.41
2005-09-24,21205.6,19422.1,1783.5,57.86,8.41
2005-09-25,21205.6,19422.1,1783.5,57.86,8.41
2005-09-26,21205.6,19422.1,1783.5,57.86,8.41
2005-09-27,21205.6,19422.1,1783.5,57.86,8.41
2005-09-28,21205.6,19422.1,1783.5,57.86,8.41
2005-09-29,21205.6,19422.1,1783.5,57.86,8.41
2005-09-30,21205.6,19422.1,1783.5,57.86,8.41
2005-10-01,21369.5,19509.2,1860.3,58.08,8.71
2005-10-02,21369.5,19509.2,1860.3,58.08,8.71
2005-10-03,21369.5,19509.2,1860.3,58.08,8.71
2005-10-04,21369.5,19509.2,1860.3,58.08,8.71
2005-10-05,21369.5,19509.2,1860.3,58.08,8.71
2005-10-06,21369.5,19509.2,1860.3,58.08,8.71
2005-10-07,21369.5,19509.2,1860.3,58.08,8.71
2005-10-08,21369.5,19509.2,1860.3,58.08,8.71
2005-10-09,21369.5,19509.2,1860.3,58.08,8.71
2005-10-10,21369.5,19509.2,1860.3,58.08,8.71
2005-10-11,21369.5,19509.2,1860.3,58.08,8.71
2005-10-12,21369.5,19509.2,1860.3,58.08,8.71
2005-10-13,21369.5,19509.2,1860.3,58.08,8.71
2005-10-14,21369.5,19509.2,1860.3,58.08,8.71
2005-10-15,21369.5,19509.2,1860.3,58.08,8.71
2005-10-16,21369.5,19509.2,1860.3,58.08,8.71
2005-10-17,21369.5,19509.2,1860.3,58.08,8.71
2005-10-18,21369.5,19509.2,1860.3,58.08,8.71
2005-10-19,21369.5,19509.2,1860.3,58.08,8.71
2005-10-20,21369.5,19509.2,1860.3,58.08,8.71
2005-10-21,21369.5,19509.2,1860.3,58.08,8.71
2005-10-22,21369.5,19509.2,1860.3,58.08,8.71
2005-10-23,21369.5,19509.2,1860.3,58.08,8.71
2005-10-24,21369.5,19509.2,1860.3,58.08,8.71
2005-10-25,21369.5,19509.2,1860.3,58.08,8.71
2005-10-26,21369.5,19509.2,1860.3,58.08,8.71
2005-10-27,21369.5,19509.2,1860.3,58.08,8.71
2005-10-28,21369.5,19509.2,1860.3,58.08,8.71
2005-10-29,21369.5,19509.2,1860.3,58.08,8.71
2005-10-30,21369.5,19509.2,1860.3,58.08,8.71
2005-10-31,21369.5,19509.2,1860.3,58.08,8.71
2005-11-01,21369.5,19509.2,1860.3,58.08,8.71
2005-11-02,21369.5,19509.2,1860.3,58.08,8.71
2005-11-03,21369.5,19509.2,1860.3,58.08,8.71
2005-11-04,21369.5,19509.2,1860.3,58.08,8.71
2005-11-05,21369.5,19509.2,1860.3,58.08,8.71
2005-11-06,21369.5,19509.2,1860.3,58.08,8.71
2005-11-07,21369.5,19509.2,1860.3,58.08,8.71
2005-11-08,21369.5,19509.2,1860.3,58.08,8.71
2005-11-09,21369.5,19509.2,1860.3,58.08,8.71
2005-11-10,21369.5,19509.2,1860.3,58.08,8.71
2005-11-11,21369.5,19509.2,1860.3,58.08,8.71
2005-11-12,21369.5,19509.2,1860.3,58.08,8.71
2005-11-13,21369.5,19509.2,1860.3,58.08,8.71
2005-11-14,21369.5,19509.2,1860.3,58.08,8.71
2005-11-15,21369.5,19509.2,1860.3,58.08,8.71
2005-11-16,21369.5,19509.2,1860.3,58.08,8.71
2005-11-17,21369.5,19509.2,1860.3,58.08,8.71
2005-11-18,21369.5,19509.2,1860.3,58.08,8.71
2005-11-19,21369.5,19509.2,1860.3,58.08,8.71
2005-11-20,21369.5,19509.2,1860.3,58.08,8.71
2005-11-21,21369.5,19509.2,1860.3,58.08,8.71
2005-11-22,21369.5,19509.2,1860.3,58.08,8.71
2005-11-23,21369.5,19509.2,1860.3,58.08,8.71
2005-11-24,21369.5,19509.2,1860.3,58.08,8.71
2005-11-25,21369.5,19509.2,1860.3,58.08,8.71
2005-11-26,21369.5,19509.2,1860.3,58.08,8.71
2005-11-27,21369.5,19509.2,1860.3,58.08,8.71
2005-11-28,21369.5,19509.2,1860.3,58.08,8.71
2005-11-29,21369.5,19509.2,1860.3,58.08,8.71
2005-11-30,21369.5,19509.2,1860.3,58.08,8.71
2005-12-01,21369.5,19509.2,1860.3,58.08,8.71
2005-12-02,21369.5,19509.2,1860.3,58.08,8.71
2005-12-03,21369.5,19509.2,1860.3,58.08,8.71
2005-12-04,21369.5,19509.2,1860.3,58.08,8.71
2005-12-05,21369.5,19509.2,1860.3,58.08,8.71
2005-12-06,21369.5,19509.2,1860.3,58.08,8.71
2005-12-07,21369.5,19509.2,1860.3,58.08,8.71
2005-12-08,21369.5,19509.2,1860.3,58.08,8.71
2005-12-09,21369.5,19509.2,1860.3,58.08,8.71
2005-12-10,21369.5,19509.2,1860.3,58.08,8.71
2005-12-11,21369.5,19509.2,1860.3,58.08,8.71
2005-12-12,21369.5,19509.2,1860.3,58.08,8.71
2005-12-13,21369.5,19509.2,1860.3,58.08,8.71
2005-12-14,21369.5,19509.2,1860.3,58.08,8.71
2005-12-15,21369.5,19509.2,1860.3,58.08,8.71
2005-12-16,21369.5,19509.2,1860.3,58.08,8.71
2005-12-17,21369.5,19509.2,1860.3,58.08,8.71
2005-12-18,21369.5,19509.2,1860.3,58.08,8.71
2005-12-19,21369.5,19509.2,1860.3,58.08,8.71
2005-12-20,21369.5,19509.2,1860.3,58.08,8.71
2005-12-21,21369.5,19509.2,1860.3,58.08,8.71
2005-12-22,21369.5,19509.2,1860.3,58.08,8.71
2005-12-23,21369.5,19509.2,1860.3,58.08,8.71
2005-12-24,21369.5,19509.2,1860.3,58.08,8.71
2005-12-25,21369.5,19509.2,1860.3,58.08,8.71
2005-12-26,21369.5,19509.2,1860.3,58.08,8.71
2005-12-27,21369.5,19509.2,1860.3,58.08,8.71
2005-12-28,21369.5,19509.2,1860.3,58.08,8.71
2005-12-29,21369.5,19509.2,1860.3,58.08,8.71
2005-12-30,21369.5,19509.2,1860.3,58.08,8.71
2005-12-31,21369.5,19509.2,1860.3,58.08,8.71
2006-01-01,21521.3,19578.4,1942.8,58.3,9.03
2006-01-02,21521.3,19578.4,1942.8,58.3,9.03
2006-01-03,21521.3,19578.4,1942.8,58.3,9.03
2006-01-04,21521.3,19578.4,1942.8,58.3,9.03
2006-01-05,21521.3,19578.4,1942.8,58.3,9.03
2006-01-06,21521.3,19578.4,1942.8,58.3,9.03
2006-01-07,21521.3,19578.4,1942.8,58.3,9.03
2006-01-08,21521.3,19578.4,1942.8,58.3,9.03
2006-01-09,21521.3,19578.4,1942.8,58.3,9.03
2006-01-10,21521.3,19578.4,1942.8,58.3,9.03
2006-01-11,21521.3,19578.4,1942.8,58.3,9.03
2006-01-12,21521.3,19578.4,1942.8,58.3,9.03
2006-01-13,21521.3,19578.4,1942.8,58.3,9.03
2006-01-14,21521.3,19578.4,1942.8,58.3,9.03
2006-01-15,21521.3,19578.4,1942.8,58.3,9.03
2006-01-16,21521.3,19578.4,1942.8,58.3,9.03
2006-01-17,21521.3,19578.4,1942.8,58.3,9.03
2006-01-18,21521.3,19578.4,1942.8,58.3,9.03
2006-01-19,21521.3,19578.4,1942.8,58.3,9.03
2006-01-20,21521.3,19578.4,1942.8,58.3,9.03
2006-01-21,21521.3,19578.4,1942.8,58.3,9.03
2006-01-22,21521.3,19578.4,1942.8,58.3,9.03
2006-01-23,21521.3,19578.4,1942.8,58.3,9.03
2006-01-24,21521.3,19578.4,1942.8,58.3,9.03
2006-01-25,21521.3,19578.4,1942.8,58.3,9.03
2006-01-26,21521.3,19578.4,1942.8,58.3,9.03
2006-01-27,21521.3,19578.4,1942.8,58.3,9.03
2006-01-28,21521.3,19578.4,1942.8,58.3,9.03
2006-01-29,21521.3,19578.4,1942.8,58.3,9.03
2006-01-30,21521.3,19578.4,1942.8,58.3,9.03
2006-01-31,21521.3,19578.4,1942.8,58.3,9.03
2006-02-01,21521.3,19578.4,1942.8,58.3,9.03
2006-02-02,21521.3,19578.4,1942.8,58.3,9.03
2006-02-03,21521.3,19578.4,1942.8,58.3,9.03
2006-02-04,21521.3,19578.4,1942.8,58.3,9.03
2006-02-05,21521.3,19578.4,1942.8,58.3,9.03
2006-02-06,21521.3,19578.4,1942.8,58.3,9.03
2006-02-07,21521.3,19578.4,1942.8,58.3,9.03
2006-02-08,21521.3,19578.4,1942.8,58.3,9.03
2006-02-09,21521.3,19578.4,1942.8,58.3,9.03
2006-02-10,21521.3,19578.4,1942.8,58.3,9.03
2006-02-11,21521.3,19578.4,1942.8,58.3,9.03
2006-02-12,21521.3,19578.4,1942.8,58.3,9.03
2006-02-13,21521.3,19578.4,1942.8,58.3,9.03
2006-02-14,21521.3,19578.4,1942.8,58.3,9.03
2006-02-15,21521.3,19578.4,1942.8,58.3,9.03
2006-02-16,21521.3,19578.4,1942.8,58.3,9.03
2006-02-17,21521.3,19578.4,1942.8,58.3,9.03
2006-02-18,21521.3,19578.4,1942.8,58.3,9.03
2006-02-19,21521.3,19578.4,1942.8,58.3,9.03
2006-02-20,21521.3,19578.4,1942.8,58.3,9.03
2006-02-21,21521.3,19578.4,1942.8,58.3,9.03
2006-02-22,21521.3,19578.4,1942.8,58.3,9.03
2006-02-23,21521.3,19578.4,1942.8,58.3,9.03
2006-02-24,21521.3,19578.4,1942.8,58.3,9.03
2006-02-25,21521.3,19578.4,1942.8,58.3,9.03
2006-02-26,21521.3,19578.4,1942.8,58.3,9.03
2006-02-27,21521.3,19578.4,1942.8,58.3,9.03
2006-02-28,21521.3,19578.4,1942.8,58.3,9.03
2006-03-01,21521.3,19578.4,1942.8,58.3,9.03
2006-03-02,21521.3,19578.4,1942.8,58.3,9.03
2006-03-03,21521.3,19578.4,1942.8,58.3,9.03
2006-03-04,21521.3,19578.4,1942.8,58.3,9.03
2006-03-05,21521.3,19578.4,1942.8,58.3,9.03
2006-03-06,21521.3,19578.4,1942.8,58.3,9.03
2006-03-07,21521.3,19578.4,1942.8,58.3,9.03
2006-03-08,21521.3,19578.4,1942.8,58.3,9.03
2006-03-09,21521.3,19578.4,1942.8,58.3,9.03
2006-03-10,21521.3,19578.4,1942.8,58.3,9.03
2006-03-11,21521.3,19578.4,1942.8,58.3,9.03
2006-03-12,21521.3,19578.4,1942.8,58.3,9.03
2006-03-13,21521.3,19578.4,1942.8,58.3,9.03
2006-03-14,21521.3,19578.4,1942.8,58.3,9.03
2006-03-15,21521.3,19578.4,1942.8,58.3,9.03
2006-03-16,21521.3,19578.4,1942.8,58.3,9.03
2006-03-17,21521.3,19578.4,1942.8,58.3,9.03
2006-03-18,21521.3,19578.4,1942.8,58.3,9.03
2006-03-19,21521.3,19578.4,1942.8,58.3,9.03
2006-03-20,21521.3,19578.4,1942.8,58.3,9.03
2006-03-21,21521.3,19578.4,1942.8,58.3,9.03
2006-03-22,21521.3,19578.4,1942.8,58.3,9.03
2006-03-23,21521.3,19578.4,1942.8,58.3,9.03
2006-03-24,21521.3,19578.4,1942.8,58.3,9.03
2006-03-25,21521.3,19578.4,1942.8,58.3,9.03
2006-03-26,21521.3,19578.4,1942.8,58.3,9.03
2006-03-27,21521.3,19578.4,1942.8,58.3,9.03
2006-03-28,21521.3,19578.4,1942.8,58.3,9.03
2006-03-29,21521.3,19578.4,1942.8,58.3,9.03
2006-03-30,21521.3,19578.4,1942.8,58.3,9.03
2006-03-31,21521.3,19578.4,1942.8,58.3,9.03
2006-04-01,21726.0,19891.6,1834.4,58.63,8.44
2006-04-02,21726.0,19891.6,1834.4,58.63,8.44
2006-04-03,21726.0,19891.6,1834.4,58.63,8.44
2006-04-04,21726.0,19891.6,1834.4,58.63,8.44
2006-04-05,21726.0,19891.6,1834.4,58.63,8.44
2006-04-06,21726.0,19891.6,1834.4,58.63,8.44
2006-04-07,21726.0,19891.6,1834.4,58.63,8.44
2006-04-08,21726.0,19891.6,1834.4,58.63,8.44
2006-04-09,21726.0,19891.6,1834.4,58.63,8.44
2006-04-10,21726.0,19891.6,1834.4,58.63,8.44
2006-04-11,21726.0,19891.6,1834.4,58.63,8.44
2006-04-12,21726.0,19891.6,1834.4,58.63,8.44
2006-04-13,21726.0,19891.6,1834.4,58.63,8.44
2006-04-14,21726.0,19891.6,1834.4,58.63,8.44
2006-04-15,21726.0,19891.6,1834.4,58.63,8.44
2006-04-16,21726.0,19891.6,1834.4,58.63,8.44
2006-04-17,21726.0,19891.6,1834.4,58.63,8.44
2006-04-18,21726.0,19891.6,1834.4,58.63,8.44
2006-04-19,21726.0,19891.6,1834.4,58.63,8.44
2006-04-20,21726.0,19891.6,1834.4,58.63,8.44
2006-04-21,21726.0,19891.6,1834.4,58.63,8.44
2006-04-22,21726.0,19891.6,1834.4,58.63,8.44
2006-04-23,21726.0,19891.6,1834.4,58.63,8.44
2006-04-24,21726.0,19891.6,1834.4,58.63,8.44
2006-04-25,21726.0,19891.6,1834.4,58.63,8.44
2006-04-26,21726.0,19891.6,1834.4,58.63,8.44
2006-04-27,21726.0,19891.6,1834.4,58.63,8.44
2006-04-28,21726.0,19891.6,1834.4,58.63,8.44
2006-04-29,21726.0,19891.6,1834.4,58.63,8.44
2006-04-30,21726.0,19891.6,1834.4,58.63,8.44
2006-05-01,21726.0,19891.6,1834.4,58.63,8.44
2006-05-02,21726.0,19891.6,1834.4,58.63,8.44
2006-05-03,21726.0,19891.6,1834.4,58.63,8.44
2006-05-04,21726.0,19891.6,1834.4,58.63,8.44
2006-05-05,21726.0,19891.6,1834.4,58.63,8.44
2006-05-06,21726.0,19891.6,1834.4,58.63,8.44
2006-05-07,21726.0,19891.6,1834.4,58.63,8.44
2006-05-08,21726.0,19891.6,1834.4,58.63,8.44
2006-05-09,21726.0,19891.6,1834.4,58.63,8.44
2006-05-10,21726.0,19891.6,1834.4,58.63,8.44
2006-05-11,21726.0,19891.6,1834.4,58.63,8.44
2006-05-12,21726.0,19891.6,1834.4,58.63,8.44
2006-05-13,21726.0,19891.6,1834.4,58.63,8.44
2006-05-14,21726.0,19891.6,1834.4,58.63,8.44
2006-05-15,21726.0,19891.6,1834.4,58.63,8.44
2006-05-16,21726.0,19891.6,1834.4,58.63,8.44
2006-05-17,21726.0,19891.6,1834.4,58.63,8.44
2006-05-18,21726.0,19891.6,1834.4,58.63,8.44
2006-05-19,21726.0,19891.6,1834.4,58.63,8.44
2006-05-20,21726.0,19891.6,1834.4,58.63,8.44
2006-05-21,21726.0,19891.6,1834.4,58.63,8.44
2006-05-22,21726.0,19891.6,1834.4,58.63,8.44
2006-05-23,21726.0,19891.6,1834.4,58.63,8.44
2006-05-24,21726.0,19891.6,1834.4,58.63,8.44
2006-05-25,21726.0,19891.6,1834.4,58.63,8.44
2006-05-26,21726.0,19891.6,1834.4,58.63,8.44
2006-05-27,21726.0,19891.6,1834.4,58.63,8.44
2006-05-28,21726.0,19891.6,1834.4,58.63,8.44
2006-05-29,21726.0,19891.6,1834.4,58.63,8.44
2006-05-30,21726.0,19891.6,1834.4,58.63,8.44
2006-05-31,21726.0,19891.6,1834.4,58.63,8.44
2006-06-01,21726.0,19891.6,1834.4,58.63,8.44
2006-06-02,21726.0,19891.6,1834.4,58.63,8.44
2006-06-03,21726.0,19891.6,1834.4,58.63,8.44
2006-06-04,21726.0,19891.6,1834.4,58.63,8.44
2006-06-05,21726.0,19891.6,1834.4,58.63,8.44
2006-06-06,21726.0,19891.6,1834.4,58.63,8.44
2006-06-07,21726.0,19891.6,1834.4,58.63,8.44
2006-06-08,21726.0,19891.6,1834.4,58.63,8.44
2006-06-09,21726.0,19891.6,1834.4,58.63,8.44
2006-06-10,21726.0,19891.6,1834.4,58.63,8.44
2006-06-11,21726.0,19891.6,1834.4,58.63,8.44
2006-06-12,21726.0,19891.6,1834.4,58.63,8.44
2006-06-13,21726.0,19891.6,1834.4,58.63,8.44
2006-06-14,21726.0,19891.6,1834.4,58.63,8.44
2006-06-15,21726.0,19891.6,1834.4,58.63,8.44
2006-06-16,21726.0,19891.6,1834.4,58.63,8.44
2006-06-17,21726.0,19891.6,1834.4,58.63,8.44
2006-06-18,21726.0,19891.6,1834.4,58.63,8.44
2006-06-19,21726.0,19891.6,1834.4,58.63,8.44
2006-06-20,21726.0,19891.6,1834.4,58.63,8.44
2006-06-21,21726.0,19891.6,1834.4,58.63,8.44
2006-06-22,21726.0,19891.6,1834.4,58.63,8.44
2006-06-23,21726.0,19891.6,1834.4,58.63,8.44
2006-06-24,21726.0,19891.6,1834.4,58.63,8.44
2006-06-25,21726.0,19891.6,1834.4,58.63,8.44
2006-06-26,21726.0,19891.6,1834.4,58.63,8.44
2006-06-27,21726.0,19891.6,1834.4,58.63,8.44
2006-06-28,21726.0,19891.6,1834.4,58.63,8.44
2006-06-29,21726.0,19891.6,1834.4,58.63,8.44
2006-06-30,21726.0,19891.6,1834.4,58.63,8.44
2006-07-01,21857.8,20091.0,1766.9,58.74,8.08
2006-07-02,21857.8,20091.0,1766.9,58.74,8.08
2006-07-03,21857.8,20091.0,1766.9,58.74,8.08
2006-07-04,21857.8,20091.0,1766.9,58.74,8.08
2006-07-05,21857.8,20091.0,1766.9,58.74,8.08
2006-07-06,21857.8,20091.0,1766.9,58.74,8.08
2006-07-07,21857.8,20091.0,1766.9,58.74,8.08
2006-07-08,21857.8,20091.0,1766.9,58.74,8.08
2006-07-09,21857.8,20091.0,1766.9,58.74,8.08
2006-07-10,21857.8,20091.0,1766.9,58.74,8.08
2006-07-11,21857.8,20091.0,1766.9,58.74,8.08
2006-07-12,21857.8,20091.0,1766.9,58.74,8.08
2006-07-13,21857.8,20091.0,1766.9,58.74,8.08
2006-07-14,21857.8,20091.0,1766.9,58.74,8.08
2006-07-15,21857.8,20091.0,1766.9,58.74,8.08
2006-07-16,21857.8,20091.0,1766.9,58.74,8.08
2006-07-17,21857.8,20091.0,1766.9,58.74,8.08
2006-07-18,21857.8,20091.0,1766.9,58.74,8.08
2006-07-19,21857.8,20091.0,1766.9,58.74,8.08
2006-07-20,21857.8,20091.0,1766.9,58.74,8.08
2006-07-21,21857.8,20091.0,1766.9,58.74,8.08
2006-07-22,21857.8,20091.0,1766.9,58.74,8.08
2006-07-23,21857.8,20091.0,1766.9,58.74,8.08
2006-07-24,21857.8,20091.0,1766.9,58.74,8.08
2006-07-25,21857.8,20091.0,1766.9,58.74,8.08
2006-07-26,21857.8,20091.0,1766.9,58.74,8.08
2006-07-27,21857.8,20091.0,1766.9,58.74,8.08
2006-07-28,21857.8,20091.0,1766.9,58.74,8.08
2006-07-29,21857.8,20091.0,1766.9,58.74,8.08
2006-07-30,21857.8,20091.0,1766.9,58.74,8.08
2006-07-31,21857.8,20091.0,1766.9,58.74,8.08
2006-08-01,21857.8,20091.0,1766.9,58.74,8.08
2006-08-02,21857.8,20091.0,1766.9,58.74,8.08
2006-08-03,21857.8,20091.0,1766.9,58.74,8.08
2006-08-04,21857.8,20091.0,1766.9,58.74,8.08
2006-08-05,21857.8,20091.0,1766.9,58.74,8.08
2006-08-06,21857.8,20091.0,1766.9,58.74,8.08
2006-08-07,21857.8,20091.0,1766.9,58.74,8.08
2006-08-08,21857.8,20091.0,1766.9,58.74,8.08
2006-08-09,21857.8,20091.0,1766.9,58.74,8.08
2006-08-10,21857.8,20091.0,1766.9,58.74,8.08
2006-08-11,21857.8,20091.0,1766.9,58.74,8.08
2006-08-12,21857.8,20091.0,1766.9,58.74,8.08
2006-08-13,21857.8,20091.0,1766.9,58.74,8.08
2006-08-14,21857.8,20091.0,1766.9,58.74,8.08
2006-08-15,21857.8,20091.0,1766.9,58.74,8.08
2006-08-16,21857.8,20091.0,1766.9,58.74,8.08
2006-08-17,21857.8,20091.0,1766.9,58.74,8.08
2006-08-18,21857.8,20091.0,1766.9,58.74,8.08
2006-08-19,21857.8,20091.0,1766.9,58.74,8.08
2006-08-20,21857.8,20091.0,1766.9,58.74,8.08
2006-08-21,21857.8,20091.0,1766.9,58.74,8.08
2006-08-22,21857.8,20091.0,1766.9,58.74,8.08
2006-08-23,21857.8,20091.0,1766.9,58.74,8.08
2006-08-24,21857.8,20091.0,1766.9,58.74,8.08
2006-08-25,21857.8,20091.0,1766.9,58.74,8.08
2006-08-26,21857.8,20091.0,1766.9,58.74,8.08
2006-08-27,21857.8,20091.0,1766.9,58.74,8.08
2006-08-28,21857.8,20091.0,1766.9,58.74,8.08
2006-08-29,21857.8,20091.0,1766.9,58.74,8.08
2006-08-30,21857.8,20091.0,1766.9,58.74,8.08
2006-08-31,21857.8,20091.0,1766.9,58.74,8.08
2006-09-01,21857.8,20091.0,1766.9,58.74,8.08
2006-09-02,21857.8,20091.0,1766.9,58.74,8.08
2006-09-03,21857.8,20091.0,1766.9,58.74,8.08
2006-09-04,21857.8,20091.0,1766.9,58.74,8.08
2006-09-05,21857.8,20091.0,1766.9,58.74,8.08
2006-09-06,21857.8,20091.0,1766.9,58.74,8.08
2006-09-07,21857.8,20091.0,1766.9,58.74,8.08
2006-09-08,21857.8,20091.0,1766.9,58.74,8.08
2006-09-09,21857.8,20091.0,1766.9,58.74,8.08
2006-09-10,21857.8,20091.0,1766.9,58.74,8.08
2006-09-11,21857.8,20091.0,1766.9,58.74,8.08
2006-09-12,21857.8,20091.0,1766.9,58.74,8.08
2006-09-13,21857.8,20091.0,1766.9,58.74,8.08
2006-09-14,21857.8,20091.0,1766.9,58.74,8.08
2006-09-15,21857.8,20091.0,1766.9,58.74,8.08
2006-09-16,21857.8,20091.0,1766.9,58.74,8.08
2006-09-17,21857.8,20091.0,1766.9,58.74,8.08
2006-09-18,21857.8,20091.0,1766.9,58.74,8.08
2006-09-19,21857.8,20091.0,1766.9,58.74,8.08
2006-09-20,21857.8,20091.0,1766.9,58.74,8.08
2006-09-21,21857.8,20091.0,1766.9,58.74,8.08
2006-09-22,21857.8,20091.0,1766.9,58.74,8.08
2006-09-23,21857.8,20091.0,1766.9,58.74,8.08
2006-09-24,21857.8,20091.0,1766.9,58.74,8.08
2006-09-25,21857.8,20091.0,1766.9,58.74,8.08
2006-09-26,21857.8,20091.0,1766.9,58.74,8.08
2006-09-27,21857.8,20091.0,1766.9,58.74,8.08
2006-09-28,21857.8,20091.0,1766.9,58.74,8.08
2006-09-29,21857.8,20091.0,1766.9,58.74,8.08
2006-09-30,21857.8,20091.0,1766.9,58.74,8.08
2006-10-01,22014.8,20195.4,1819.4,58.88,8.26
2006-10-02,22014.8,20195.4,1819.4,58.88,8.26
2006-10-03,22014.8,20195.4,1819.4,58.88,8.26
2006-10-04,22014.8,20195.4,1819.4,58.88,8.26
2006-10-05,22014.8,20195.4,1819.4,58.88,8.26
2006-10-06,22014.8,20195.4,1819.4,58.88,8.26
2006-10-07,22014.8,20195.4,1819.4,58.88,8.26
2006-10-08,22014.8,20195.4,1819.4,58.88,8.26
2006-10-09,22014.8,20195.4,1819.4,58.88,8.26
2006-10-10,22014.8,20195.4,1819.4,58.88,8.26
2006-10-11,22014.8,20195.4,1819.4,58.88,8.26
2006-10-12,22014.8,20195.4,1819.4,58.88,8.26
2006-10-13,22014.8,20195.4,1819.4,58.88,8.26
2006-10-14,22014.8,20195.4,1819.4,58.88,8.26
2006-10-15,22014.8,20195.4,1819.4,58.88,8.26
2006-10-16,22014.8,20195.4,1819.4,58.88,8.26
2006-10-17,22014.8,20195.4,1819.4,58.88,8.26
2006-10-18,22014.8,20195.4,1819.4,58.88,8.26
2006-10-19,22014.8,20195.4,1819.4,58.88,8.26
2006-10-20,22014.8,20195.4,1819.4,58.88,8.26
2006-10-21,22014.8,20195.4,1819.4,58.88,8.26
2006-10-22,22014.8,20195.4,1819.4,58.88,8.26
2006-10-23,22014.8,20195.4,1819.4,58.88,8.26
2006-10-24,22014.8,20195.4,1819.4,58.88,8.26
2006-10-25,22014.8,20195.4,1819.4,58.88,8.26
2006-10-26,22014.8,20195.4,1819.4,58.88,8.26
2006-10-27,22014.8,20195.4,1819.4,58.88,8.26
2006-10-28,22014.8,20195.4,1819.4,58.88,8.26
2006-10-29,22014.8,20195.4,1819.4,58.88,8.26
2006-10-30,22014.8,20195.4,1819.4,58.88,8.26
2006-10-31,22014.8,20195.4,1819.4,58.88,8.26
2006-11-01,22014.8,20195.4,1819.4,58.88,8.26
2006-11-02,22014.8,20195.4,1819.4,58.88,8.26
2006-11-03,22014.8,20195.4,1819.4,58.88,8.26
2006-11-04,22014.8,20195.4,1819.4,58.88,8.26
2006-11-05,22014.8,20195.4,1819.4,58.88,8.26
2006-11-06,22014.8,20195.4,1819.4,58.88,8.26
2006-11-07,22014.8,20195.4,1819.4,58.88,8.26
2006-11-08,22014.8,20195.4,1819.4,58.88,8.26
2006-11-09,22014.8,20195.4,1819.4,58.88,8.26
2006-11-10,22014.8,20195.4,1819.4,58.88,8.26
2006-11-11,22014.8,20195.4,1819.4,58.88,8.26
2006-11-12,22014.8,20195.4,1819.4,58.88,8.26
2006-11-13,22014.8,20195.4,1819.4,58.88,8.26
2006-11-14,22014.8,20195.4,1819.4,58.88,8.26
2006-11-15,22014.8,20195.4,1819.4,58.88,8.26
2006-11-16,22014.8,20195.4,1819.4,58.88,8.26
2006-11-17,22014.8,20195.4,1819.4,58.88,8.26
2006-11-18,22014.8,20195.4,1819.4,58.88,8.26
2006-11-19,22014.8,20195.4,1819.4,58.88,8.26
2006-11-20,22014.8,20195.4,1819.4,58.88,8.26
2006-11-21,22014.8,20195.4,1819.4,58.88,8.26
2006-11-22,22014.8,20195.4,1819.4,58.88,8.26
2006-11-23,22014.8,20195.4,1819.4,58.88,8.26
2006-11-24,22014.8,20195.4,1819.4,58.88,8.26
2006-11-25,22014.8,20195.4,1819.4,58.88,8.26
2006-11-26,22014.8,20195.4,1819.4,58.88,8.26
2006-11-27,22014.8,20195.4,1819.4,58.88,8.26
2006-11-28,22014.8,20195.4,1819.4,58.88,8.26
2006-11-29,22014.8,20195.4,1819.4,58.88,8.26
2006-11-30,22014.8,20195.4,1819.4,58.88,8.26
2006-12-01,22014.8,20195.4,1819.4,58.88,8.26
2006-12-02,22014.8,20195.4,1819.4,58.88,8.26
2006-12-03,22014.8,20195.4,1819.4,58.88,8.26
2006-12-04,22014.8,20195.4,1819.4,58.88,8.26
2006-12-05,22014.8,20195.4,1819.4,58.88,8.26
2006-12-06,22014.8,20195.4,1819.4,58.88,8.26
2006-12-07,22014.8,20195.4,1819.4,58.88,8.26
2006-12-08,22014.8,20195.4,1819.4,58.88,8.26
2006-12-09,22014.8,20195.4,1819.4,58.88,8.26
2006-12-10,22014.8,20195.4,1819.4,58.88,8.26
2006-12-11,22014.8,20195.4,1819.4,58.88,8.26
2006-12-12,22014.8,20195.4,1819.4,58.88,8.26
2006-12-13,22014.8,20195.4,1819.4,58.88,8.26
2006-12-14,22014.8,20195.4,1819.4,58.88,8.26
2006-12-15,22014.8,20195.4,1819.4,58.88,8.26
2006-12-16,22014.8,20195.4,1819.4,58.88,8.26
2006-12-17,22014.8,20195.4,1819.4,58.88,8.26
2006-12-18,22014.8,20195.4,1819.4,58.88,8.26
2006-12-19,22014.8,20195.4,1819.4,58.88,8.26
2006-12-20,22014.8,20195.4,1819.4,58.88,8.26
2006-12-21,22014.8,20195.4,1819.4,58.88,8.26
2006-12-22,22014.8,20195.4,1819.4,58.88,8.26
2006-12-23,22014.8,20195.4,1819.4,58.88,8.26
2006-12-24,22014.8,20195.4,1819.4,58.88,8.26
2006-12-25,22014.8,20195.4,1819.4,58.88,8.26
2006-12-26,22014.8,20195.4,1819.4,58.88,8.26
2006-12-27,22014.8,20195.4,1819.4,58.88,8.26
2006-12-28,22014.8,20195.4,1819.4,58.88,8.26
2006-12-29,22014.8,20195.4,1819.4,58.88,8.26
2006-12-30,22014.8,20195.4,1819.4,58.88,8.26
2006-12-31,22014.8,20195.4,1819.4,58.88,8.26
2007-01-01,22130.8,20267.5,1863.2,58.9,8.42
2007-01-02,22130.8,20267.5,1863.2,58.9,8.42
2007-01-03,22130.8,20267.5,1863.2,58.9,8.42
2007-01-04,22130.8,20267.5,1863.2,58.9,8.42
2007-01-05,22130.8,20267.5,1863.2,58.9,8.42
2007-01-06,22130.8,20267.5,1863.2,58.9,8.42
2007-01-07,22130.8,20267.5,1863.2,58.9,8.42
2007-01-08,22130.8,20267.5,1863.2,58.9,8.42
2007-01-09,22130.8,20267.5,1863.2,58.9,8.42
2007-01-10,22130.8,20267.5,1863.2,58.9,8.42
2007-01-11,22130.8,20267.5,1863.2,58.9,8.42
2007-01-12,22130.8,20267.5,1863.2,58.9,8.42
2007-01-13,22130.8,20267.5,1863.2,58.9,8.42
2007-01-14,22130.8,20267.5,1863.2,58.9,8.42
2007-01-15,22130.8,20267.5,1863.2,58.9,8.42
2007-01-16,22130.8,20267.5,1863.2,58.9,8.42
2007-01-17,22130.8,20267.5,1863.2,58.9,8.42
2007-01-18,22130.8,20267.5,1863.2,58.9,8.42
2007-01-19,22130.8,20267.5,1863.2,58.9,8.42
2007-01-20,22130.8,20267.5,1863.2,58.9,8.42
2007-01-21,22130.8,20267.5,1863.2,58.9,8.42
2007-01-22,22130.8,20267.5,1863.2,58.9,8.42
2007-01-23,22130.8,20267.5,1863.2,58.9,8.42
2007-01-24,22130.8,20267.5,1863.2,58.9,8.42
2007-01-25,22130.8,20267.5,1863.2,58.9,8.42
2007-01-26,22130.8,20267.5,1863.2,58.9,8.42
2007-01-27,22130.8,20267.5,1863.2,58.9,8.42
2007-01-28,22130.8,20267.5,1863.2,58.9,8.42
2007-01-29,22130.8,20267.5,1863.2,58.9,8.42
2007-01-30,22130.8,20267.5,1863.2,58.9,8.42
2007-01-31,22130.8,20267.5,1863.2,58.9,8.42
2007-02-01,22130.8,20267.5,1863.2,58.9,8.42
2007-02-02,22130.8,20267.5,1863.2,58.9,8.42
2007-02-03,22130.8,20267.5,1863.2,58.9,8.42
2007-02-04,22130.8,20267.5,1863.2,58.9,8.42
2007-02-05,22130.8,20267.5,1863.2,58.9,8.42
2007-02-06,22130.8,20267.5,1863.2,58.9,8.42
2007-02-07,22130.8,20267.5,1863.2,58.9,8.42
2007-02-08,22130.8,20267.5,1863.2,58.9,8.42
2007-02-09,22130.8,20267.5,1863.2,58.9,8.42
2007-02-10,22130.8,20267.5,1863.2,58.9,8.42
2007-02-11,22130.8,20267.5,1863.2,58.9,8.42
2007-02-12,22130.8,20267.5,1863.2,58.9,8.42
2007-02-13,22130.8,20267.5,1863.2,58.9,8.42
2007-02-14,22130.8,20267.5,1863.2,58.9,8.42
2007-02-15,22130.8,20267.5,1863.2,58.9,8.42
2007-02-16,22130.8,20267.5,1863.2,58.9,8.42
2007-02-17,22130.8,20267.5,1863.2,58.9,8.42
2007-02-18,22130.8,20267.5,1863.2,58.9,8.42
2007-02-19,22130.8,20267.5,1863.2,58.9,8.42
2007-02-20,22130.8,20267.5,1863.2,58.9,8.42
2007-02-21,22130.8,20267.5,1863.2,58.9,8.42
2007-02-22,22130.8,20267.5,1863.2,58.9,8.42
2007-02-23,22130.8,20267.5,1863.2,58.9,8.42
2007-02-24,22130.8,20267.5,1863.2,58.9,8.42
2007-02-25,22130.8,20267.5,1863.2,58.9,8.42
2007-02-26,22130.8,20267.5,1863.2,58.9,8.42
2007-02-27,22130.8,20267.5,1863.2,58.9,8.42
2007-02-28,22130.8,20267.5,1863.2,58.9,8.42
2007-03-01,22130.8,20267.5,1863.2,58.9,8.42
2007-03-02,22130.8,20267.5,1863.2,58.9,8.42
2007-03-03,22130.8,20267.5,1863.2,58.9,8.42
2007-03-04,22130.8,20267.5,1863.2,58.9,8.42
2007-03-05,22130.8,20267.5,1863.2,58.9,8.42
2007-03-06,22130.8,20267.5,1863.2,58.9,8.42
2007-03-07,22130.8,20267.5,1863.2,58.9,8.42
2007-03-08,22130.8,20267.5,1863.2,58.9,8.42
2007-03-09,22130.8,20267.5,1863.2,58.9,8.42
2007-03-10,22130.8,20267.5,1863.2,58.9,8.42
2007-03-11,22130.8,20267.5,1863.2,58.9,8.42
2007-03-12,22130.8,20267.5,1863.2,58.9,8.42
2007-03-13,22130.8,20267.5,1863.2,58.9,8.42
2007-03-14,22130.8,20267.5,1863.2,58.9,8.42
2007-03-15,22130.8,20267.5,1863.2,58.9,8.42
2007-03-16,22130.8,20267.5,1863.2,58.9,8.42
2007-03-17,22130.8,20267.5,1863.2,58.9,8.42
2007-03-18,22130.8,20267.5,1863.2,58.9,8.42
2007-03-19,22130.8,20267.5,1863.2,58.9,8.42
2007-03-20,22130.8,20267.5,1863.2,58.9,8.42
2007-03-21,22130.8,20267.5,1863.2,58.9,8.42
2007-03-22,22130.8,20267.5,1863.2,58.9,8.42
2007-03-23,22130.8,20267.5,1863.2,58.9,8.42
2007-03-24,22130.8,20267.5,1863.2,58.9,8.42
2007-03-25,22130.8,20267.5,1863.2,58.9,8.42
2007-03-26,22130.8,20267.5,1863.2,58.9,8.42
2007-03-27,22130.8,20267.5,1863.2,58.9,8.42
2007-03-28,22130.8,20267.5,1863.2,58.9,8.42
2007-03-29,22130.8,20267.5,1863.2,58.9,8.42
2007-03-30,22130.8,20267.5,1863.2,58.9,8.42
2007-03-31,22130.8,20267.5,1863.2,58.9,8.42
2007-04-01,22354.1,20580.9,1773.2,59.23,7.93
2007-04-02,22354.1,20580.9,1773.2,59.23,7.93
2007-04-03,22354.1,20580.9,1773.2,59.23,7.93
2007-04-04,22354.1,20580.9,1773.2,59.23,7.93
2007-04-05,22354.1,20580.9,1773.2,59.23,7.93
2007-04-06,22354.1,20580.9,1773.2,59.23,7.93
2007-04-07,22354.1,20580.9,1773.2,59.23,7.93
2007-04-08,22354.1,20580.9,1773.2,59.23,7.93
2007-04-09,22354.1,20580.9,1773.2,59.23,7.93
2007-04-10,22354.1,20580.9,1773.2,59.23,7.93
2007-04-11,22354.1,20580.9,1773.2,59.23,7.93
2007-04-12,22354.1,20580.9,1773.2,59.23,7.93
2007-04-13,22354.1,20580.9,1773.2,59.23,7.93
2007-04-14,22354.1,20580.9,1773.2,59.23,7.93
2007-04-15,22354.1,20580.9,1773.2,59.23,7.93
2007-04-16,22354.1,20580.9,1773.2,59.23,7.93
2007-04-17,22354.1,20580.9,1773.2,59.23,7.93
2007-04-18,22354.1,20580.9,1773.2,59.23,7.93
2007-04-19,22354.1,20580.9,1773.2,59.23,7.93
2007-04-20,22354.1,20580.9,1773.2,59.23,7.93
2007-04-21,22354.1,20580.9,1773.2,59.23,7.93
2007-04-22,22354.1,20580.9,1773.2,59.23,7.93
2007-04-23,22354.1,20580.9,1773.2,59.23,7.93
2007-04-24,22354.1,20580.9,1773.2,59.23,7.93
2007-04-25,22354.1,20580.9,1773.2,59.23,7.93
2007-04-26,22354.1,20580.9,1773.2,59.23,7.93
2007-04-27,22354.1,20580.9,1773.2,59.23,7.93
2007-04-28,22354.1,20580.9,1773.2,59.23,7.93
2007-04-29,22354.1,20580.9,1773.2,59.23,7.93
2007-04-30,22354.1,20580.9,1773.2,59.23,7.93
2007-05-01,22354.1,20580.9,1773.2,59.23,7.93
2007-05-02,22354.1,20580.9,1773.2,59.23,7.93
2007-05-03,22354.1,20580.9,1773.2,59.23,7.93
2007-05-04,22354.1,20580.9,1773.2,59.23,7.93
2007-05-05,22354.1,20580.9,1773.2,59.23,7.93
2007-05-06,22354.1,20580.9,1773.2,59.23,7.93
2007-05-07,22354.1,20580.9,1773.2,59.23,7.93
2007-05-08,22354.1,20580.9,1773.2,59.23,7.93
2007-05-09,22354.1,20580.9,1773.2,59.23,7.93
2007-05-10,22354.1,20580.9,1773.2,59.23,7.93
2007-05-11,22354.1,20580.9,1773.2,59.23,7.93
2007-05-12,22354.1,20580.9,1773.2,59.23,7.93
2007-05-13,22354.1,20580.9,1773.2,59.23,7.93
2007-05-14,22354.1,20580.9,1773.2,59.23,7.93
2007-05-15,22354.1,20580.9,1773.2,59.23,7.93
2007-05-16,22354.1,20580.9,1773.2,59.23,7.93
2007-05-17,22354.1,20580.9,1773.2,59.23,7.93
2007-05-18,22354.1,20580.9,1773.2,59.23,7.93
2007-05-19,22354.1,20580.9,1773.2,59.23,7.93
2007-05-20,22354.1,20580.9,1773.2,59.23,7.93
2007-05-21,22354.1,20580.9,1773.2,59.23,7.93
2007-05-22,22354.1,20580.9,1773.2,59.23,7.93
2007-05-23,22354.1,20580.9,1773.2,59.23,7.93
2007-05-24,22354.1,20580.9,1773.2,59.23,7.93
2007-05-25,22354.1,20580.9,1773.2,59.23,7.93
2007-05-26,22354.1,20580.9,1773.2,59.23,7.93
2007-05-27,22354.1,20580.9,1773.2,59.23,7.93
2007-05-28,22354.1,20580.9,1773.2,59.23,7.93
2007-05-29,22354.1,20580.9,1773.2,59.23,7.93
2007-05-30,22354.1,20580.9,1773.2,59.23,7.93
2007-05-31,22354.1,20580.9,1773.2,59.23,7.93
2007-06-01,22354.1,20580.9,1773.2,59.23,7.93
2007-06-02,22354.1,20580.9,1773.2,59.23,7.93
2007-06-03,22354.1,20580.9,1773.2,59.23,7.93
2007-06-04,22354.1,20580.9,1773.2,59.23,7.93
2007-06-05,22354.1,20580.9,1773.2,59.23,7.93
2007-06-06,22354.1,20580.9,1773.2,59.23,7.93
2007-06-07,22354.1,20580.9,1773.2,59.23,7.93
2007-06-08,22354.1,20580.9,1773.2,59.23,7.93
2007-06-09,22354.1,20580.9,1773.2,59.23,7.93
2007-06-10,22354.1,20580.9,1773.2,59.23,7.93
2007-06-11,22354.1,20580.9,1773.2,59.23,7.93
2007-06-12,22354.1,20580.9,1773.2,59.23,7.93
2007-06-13,22354.1,20580.9,1773.2,59.23,7.93
2007-06-14,22354.1,20580.9,1773.2,59.23,7.93
2007-06-15,22354.1,20580.9,1773.2,59.23,7.93
2007-06-16,22354.1,20580.9,1773.2,59.23,7.93
2007-06-17,22354.1,20580.9,1773.2,59.23,7.93
2007-06-18,22354.1,20580.9,1773.2,59.23,7.93
2007-06-19,22354.1,20580.9,1773.2,59.23,7.93
2007-06-20,22354.1,20580.9,1773.2,59.23,7.93
2007-06-21,22354.1,20580.9,1773.2,59.23,7.93
2007-06-22,22354.1,20580.9,1773.2,59.23,7.93
2007-06-23,22354.1,20580.9,1773.2,59.23,7.93
2007-06-24,22354.1,20580.9,1773.2,59.23,7.93
2007-06-25,22354.1,20580.9,1773.2,59.23,7.93
2007-06-26,22354.1,20580.9,1773.2,59.23,7.93
2007-06-27,22354.1,20580.9,1773.2,59.23,7.93
2007-06-28,22354.1,20580.9,1773.2,59.23,7.93
2007-06-29,22354.1,20580.9,1773.2,59.23,7.93
2007-06-30,22354.1,20580.9,1773.2,59.23,7.93
2007-07-01,22559.6,20753.4,1806.2,59.5,8.01
2007-07-02,22559.6,20753.4,1806.2,59.5,8.01
2007-07-03,22559.6,20753.4,1806.2,59.5,8.01
2007-07-04,22559.6,20753.4,1806.2,59.5,8.01
2007-07-05,22559.6,20753.4,1806.2,59.5,8.01
2007-07-06,22559.6,20753.4,1806.2,59.5,8.01
2007-07-07,22559.6,20753.4,1806.2,59.5,8.01
2007-07-08,22559.6,20753.4,1806.2,59.5,8.01
2007-07-09,22559.6,20753.4,1806.2,59.5,8.01
2007-07-10,22559.6,20753.4,1806.2,59.5,8.01
2007-07-11,22559.6,20753.4,1806.2,59.5,8.01
2007-07-12,22559.6,20753.4,1806.2,59.5,8.01
2007-07-13,22559.6,20753.4,1806.2,59.5,8.01
2007-07-14,22559.6,20753.4,1806.2,59.5,8.01
2007-07-15,22559.6,20753.4,1806.2,59.5,8.01
2007-07-16,22559.6,20753.4,1806.2,59.5,8.01
2007-07-17,22559.6,20753.4,1806.2,59.5,8.01
2007-07-18,22559.6,20753.4,1806.2,59.5,8.01
2007-07-19,22559.6,20753.4,1806.2,59.5,8.01
2007-07-20,22559.6,20753.4,1806.2,59.5,8.01
2007-07-21,22559.6,20753.4,1806.2,59.5,8.01
2007-07-22,22559.6,20753.4,1806.2,59.5,8.01
2007-07-23,22559.6,20753.4,1806.2,59.5,8.01
2007-07-24,22559.6,20753.4,1806.2,59.5,8.01
2007-07-25,22559.6,20753.4,1806.2,59.5,8.01
2007-07-26,22559.6,20753.4,1806.2,59.5,8.01
2007-07-27,22559.6,20753.4,1806.2,59.5,8.01
2007-07-28,22559.6,20753.4,1806.2,59.5,8.01
2007-07-29,22559.6,20753.4,1806.2,59.5,8.01
2007-07-30,22559.6,20753.4,1806.2,59.5,8.01
2007-07-31,22559.6,20753.4,1806.2,59.5,8.01
2007-08-01,22559.6,20753.4,1806.2,59.5,8.01
2007-08-02,22559.6,20753.4,1806.2,59.5,8.01
2007-08-03,22559.6,20753.4,1806.2,59.5,8.01
2007-08-04,22559.6,20753.4,1806.2,59.5,8.01
2007-08-05,22559.6,20753.4,1806.2,59.5,8.01
2007-08-06,22559.6,20753.4,1806.2,59.5,8.01
2007-08-07,22559.6,20753.4,1806.2,59.5,8.01
2007-08-08,22559.6,20753.4,1806.2,59.5,8.01
2007-08-09,22559.6,20753.4,1806.2,59.5,8.01
2007-08-10,22559.6,20753.4,1806.2,59.5,8.01
2007-08-11,22559.6,20753.4,1806.2,59.5,8.01
2007-08-12,22559.6,20753.4,1806.2,59.5,8.01
2007-08-13,22559.6,20753.4,1806.2,59.5,8.01
2007-08-14,22559.6,20753.4,1806.2,59.5,8.01
2007-08-15,22559.6,20753.4,1806.2,59.5,8.01
2007-08-16,22559.6,20753.4,1806.2,59.5,8.01
2007-08-17,22559.6,20753.4,1806.2,59.5,8.01
2007-08-18,22559.6,20753.4,1806.2,59.5,8.01
2007-08-19,22559.6,20753.4,1806.2,59.5,8.01
2007-08-20,22559.6,20753.4,1806.2,59.5,8.01
2007-08-21,22559.6,20753.4,1806.2,59.5,8.01
2007-08-22,22559.6,20753.4,1806.2,59.5,8.01
2007-08-23,22559.6,20753.4,1806.2,59.5,8.01
2007-08-24,22559.6,20753.4,1806.2,59.5,8.01
2007-08-25,22559.6,20753.4,1806.2,59.5,8.01
2007-08-26,22559.6,20753.4,1806.2,59.5,8.01
2007-08-27,22559.6,20753.4,1806.2,59.5,8.01
2007-08-28,22559.6,20753.4,1806.2,59.5,8.01
2007-08-29,22559.6,20753.4,1806.2,59.5,8.01
2007-08-30,22559.6,20753.4,1806.2,59.5,8.01
2007-08-31,22559.6,20753.4,1806.2,59.5,8.01
2007-09-01,22559.6,20753.4,1806.2,59.5,8.01
2007-09-02,22559.6,20753.4,1806.2,59.5,8.01
2007-09-03,22559.6,20753.4,1806.2,59.5,8.01
2007-09-04,22559.6,20753.4,1806.2,59.5,8.01
2007-09-05,22559.6,20753.4,1806.2,59.5,8.01
2007-09-06,22559.6,20753.4,1806.2,59.5,8.01
2007-09-07,22559.6,20753.4,1806.2,59.5,8.01
2007-09-08,22559.6,20753.4,1806.2,59.5,8.01
2007-09-09,22559.6,20753.4,1806.2,59.5,8.01
2007-09-10,22559.6,20753.4,1806.2,59.5,8.01
2007-09-11,22559.6,20753.4,1806.2,59.5,8.01
2007-09-12,22559.6,20753.4,1806.2,59.5,8.01
2007-09-13,22559.6,20753.4,1806.2,59.5,8.01
2007-09-14,22559.6,20753.4,1806.2,59.5,8.01
2007-09-15,22559.6,20753.4,1806.2,59.5,8.01
2007-09-16,22559.6,20753.4,1806.2,59.5,8.01
2007-09-17,22559.6,20753.4,1806.2,59.5,8.01
2007-09-18,22559.6,20753.4,1806.2,59.5,8.01
2007-09-19,22559.6,20753.4,1806.2,59.5,8.01
2007-09-20,22559.6,20753.4,1806.2,59.5,8.01
2007-09-21,22559.6,20753.4,1806.2,59.5,8.01
2007-09-22,22559.6,20753.4,1806.2,59.5,8.01
2007-09-23,22559.6,20753.4,1806.2,59.5,8.01
2007-09-24,22559.6,20753.4,1806.2,59.5,8.01
2007-09-25,22559.6,20753.4,1806.2,59.5,8.01
2007-09-26,22559.6,20753.4,1806.2,59.5,8.01
2007-09-27,22559.6,20753.4,1806.2,59.5,8.01
2007-09-28,22559.6,20753.4,1806.2,59.5,8.01
2007-09-29,22559.6,20753.4,1806.2,59.5,8.01
2007-09-30,22559.6,20753.4,1806.2,59.5,8.01
2007-10-01,22659.9,20717.9,1942.0,59.47,8.57
2007-10-02,22659.9,20717.9,1942.0,59.47,8.57
2007-10-03,22659.9,20717.9,1942.0,59.47,8.57
2007-10-04,22659.9,20717.9,1942.0,59.47,8.57
2007-10-05,22659.9,20717.9,1942.0,59.47,8.57
2007-10-06,22659.9,20717.9,1942.0,59.47,8.57
2007-10-07,22659.9,20717.9,1942.0,59.47,8.57
2007-10-08,22659.9,20717.9,1942.0,59.47,8.57
2007-10-09,22659.9,20717.9,1942.0,59.47,8.57
2007-10-10,22659.9,20717.9,1942.0,59.47,8.57
2007-10-11,22659.9,20717.9,1942.0,59.47,8.57
2007-10-12,22659.9,20717.9,1942.0,59.47,8.57
2007-10-13,22659.9,20717.9,1942.0,59.47,8.57
2007-10-14,22659.9,20717.9,1942.0,59.47,8.57
2007-10-15,22659.9,20717.9,1942.0,59.47,8.57
2007-10-16,22659.9,20717.9,1942.0,59.47,8.57
2007-10-17,22659.9,20717.9,1942.0,59.47,8.57
2007-10-18,22659.9,20717.9,1942.0,59.47,8.57
2007-10-19,22659.9,20717.9,1942.0,59.47,8.57
2007-10-20,22659.9,20717.9,1942.0,59.47,8.57
2007-10-21,22659.9,20717.9,1942.0,59.47,8.57
2007-10-22,22659.9,20717.9,1942.0,59.47,8.57
2007-10-23,22659.9,20717.9,1942.0,59.47,8.57
2007-10-24,22659.9,20717.9,1942.0,59.47,8.57
2007-10-25,22659.9,20717.9,1942.0,59.47,8.57
2007-10-26,22659.9,20717.9,1942.0,59.47,8.57
2007-10-27,22659.9,20717.9,1942.0,59.47,8.57
2007-10-28,22659.9,20717.9,1942.0,59.47,8.57
2007-10-29,22659.9,20717.9,1942.0,59.47,8.57
2007-10-30,22659.9,20717.9,1942.0,59.47,8.57
2007-10-31,22659.9,20717.9,1942.0,59.47,8.57
2007-11-01,22659.9,20717.9,1942.0,59.47,8.57
2007-11-02,22659.9,20717.9,1942.0,59.47,8.57
2007-11-03,22659.9,20717.9,1942.0,59.47,8.57
2007-11-04,22659.9,20717.9,1942.0,59.47,8.57
2007-11-05,22659.9,20717.9,1942.0,59.47,8.57
2007-11-06,22659.9,20717.9,1942.0,59.47,8.57
2007-11-07,22659.9,20717.9,1942.0,59.47,8.57
2007-11-08,22659.9,20717.9,1942.0,59.47,8.57
2007-11-09,22659.9,20717.9,1942.0,59.47,8.57
2007-11-10,22659.9,20717.9,1942.0,59.47,8.57
2007-11-11,22659.9,20717.9,1942.0,59.47,8.57
2007-11-12,22659.9,20717.9,1942.0,59.47,8.57
2007-11-13,22659.9,20717.9,1942.0,59.47,8.57
2007-11-14,22659.9,20717.9,1942.0,59.47,8.57
2007-11-15,22659.9,20717.9,1942.0,59.47,8.57
2007-11-16,22659.9,20717.9,1942.0,59.47,8.57
2007-11-17,22659.9,20717.9,1942.0,59.47,8.57
2007-11-18,22659.9,20717.9,1942.0,59.47,8.57
2007-11-19,22659.9,20717.9,1942.0,59.47,8.57
2007-11-20,22659.9,20717.9,1942.0,59.47,8.57
2007-11-21,22659.9,20717.9,1942.0,59.47,8.57
2007-11-22,22659.9,20717.9,1942.0,59.47,8.57
2007-11-23,22659.9,20717.9,1942.0,59.47,8.57
2007-11-24,22659.9,20717.9,1942.0,59.47,8.57
2007-11-25,22659.9,20717.9,1942.0,59.47,8.57
2007-11-26,22659.9,20717.9,1942.0,59.47,8.57
2007-11-27,22659.9,20717.9,1942.0,59.47,8.57
2007-11-28,22659.9,20717.9,1942.0,59.47,8.57
2007-11-29,22659.9,20717.9,1942.0,59.47,8.57
2007-11-30,22659.9,20717.9,1942.0,59.47,8.57
2007-12-01,22659.9,20717.9,1942.0,59.47,8.57
2007-12-02,22659.9,20717.9,1942.0,59.47,8.57
2007-12-03,22659.9,20717.9,1942.0,59.47,8.57
2007-12-04,22659.9,20717.9,1942.0,59.47,8.57
2007-12-05,22659.9,20717.9,1942.0,59.47,8.57
2007-12-06,22659.9,20717.9,1942.0,59.47,8.57
2007-12-07,22659.9,20717.9,1942.0,59.47,8.57
2007-12-08,22659.9,20717.9,1942.0,59.47,8.57
2007-12-09,22659.9,20717.9,1942.0,59.47,8.57
2007-12-10,22659.9,20717.9,1942.0,59.47,8.57
2007-12-11,22659.9,20717.9,1942.0,59.47,8.57
2007-12-12,22659.9,20717.9,1942.0,59.47,8.57
2007-12-13,22659.9,20717.9,1942.0,59.47,8.57
2007-12-14,22659.9,20717.9,1942.0,59.47,8.57
2007-12-15,22659.9,20717.9,1942.0,59.47,8.57
2007-12-16,22659.9,20717.9,1942.0,59.47,8.57
2007-12-17,22659.9,20717.9,1942.0,59.47,8.57
2007-12-18,22659.9,20717.9,1942.0,59.47,8.57
2007-12-19,22659.9,20717.9,1942.0,59.47,8.57
2007-12-20,22659.9,20717.9,1942.0,59.47,8.57
2007-12-21,22659.9,20717.9,1942.0,59.47,8.57
2007-12-22,22659.9,20717.9,1942.0,59.47,8.57
2007-12-23,22659.9,20717.9,1942.0,59.47,8.57
2007-12-24,22659.9,20717.9,1942.0,59.47,8.57
2007-12-25,22659.9,20717.9,1942.0,59.47,8.57
2007-12-26,22659.9,20717.9,1942.0,59.47,8.57
2007-12-27,22659.9,20717.9,1942.0,59.47,8.57
2007-12-28,22659.9,20717.9,1942.0,59.47,8.57
2007-12-29,22659.9,20717.9,1942.0,59.47,8.57
2007-12-30,22659.9,20717.9,1942.0,59.47,8.57
2007-12-31,22659.9,20717.9,1942.0,59.47,8.57
2008-01-01,22810.4,20620.0,2190.5,59.67,9.6
2008-01-02,22810.4,20620.0,2190.5,59.67,9.6
2008-01-03,22810.4,20620.0,2190.5,59.67,9.6
2008-01-04,22810.4,20620.0,2190.5,59.67,9.6
2008-01-05,22810.4,20620.0,2190.5,59.67,9.6
2008-01-06,22810.4,20620.0,2190.5,59.67,9.6
2008-01-07,22810.4,20620.0,2190.5,59.67,9.6
2008-01-08,22810.4,20620.0,2190.5,59.67,9.6
2008-01-09,22810.4,20620.0,2190.5,59.67,9.6
2008-01-10,22810.4,20620.0,2190.5,59.67,9.6
2008-01-11,22810.4,20620.0,2190.5,59.67,9.6
2008-01-12,22810.4,20620.0,2190.5,59.67,9.6
2008-01-13,22810.4,20620.0,2190.5,59.67,9.6
2008-01-14,22810.4,20620.0,2190.5,59.67,9.6
2008-01-15,22810.4,20620.0,2190.5,59.67,9.6
2008-01-16,22810.4,20620.0,2190.5,59.67,9.6
2008-01-17,22810.4,20620.0,2190.5,59.67,9.6
2008-01-18,22810.4,20620.0,2190.5,59.67,9.6
2008-01-19,22810.4,20620.0,2190.5,59.67,9.6
2008-01-20,22810.4,20620.0,2190.5,59.67,9.6
2008-01-21,22810.4,20620.0,2190.5,59.67,9.6
2008-01-22,22810.4,20620.0,2190.5,59.67,9.6
2008-01-23,22810.4,20620.0,2190.5,59.67,9.6
2008-01-24,22810.4,20620.0,2190.5,59.67,9.6
2008-01-25,22810.4,20620.0,2190.5,59.67,9.6
2008-01-26,22810.4,20620.0,2190.5,59.67,9.6
2008-01-27,22810.4,20620.0,2190.5,59.67,9.6
2008-01-28,22810.4,20620.0,2190.5,59.67,9.6
2008-01-29,22810.4,20620.0,2190.5,59.67,9.6
2008-01-30,22810.4,20620.0,2190.5,59.67,9.6
2008-01-31,22810.4,20620.0,2190.5,59.67,9.6
2008-02-01,22810.4,20620.0,2190.5,59.67,9.6
2008-02-02,22810.4,20620.0,2190.5,59.67,9.6
2008-02-03,22810.4,20620.0,2190.5,59.67,9.6
2008-02-04,22810.4,20620.0,2190.5,59.67,9.6
2008-02-05,22810.4,20620.0,2190.5,59.67,9.6
2008-02-06,22810.4,20620.0,2190.5,59.67,9.6
2008-02-07,22810.4,20620.0,2190.5,59.67,9.6
2008-02-08,22810.4,20620.0,2190.5,59.67,9.6
2008-02-09,22810.4,20620.0,2190.5,59.67,9.6
2008-02-10,22810.4,20620.0,2190.5,59.67,9.6
2008-02-11,22810.4,20620.0,2190.5,59.67,9.6
2008-02-12,22810.4,20620.0,2190.5,59.67,9.6
2008-02-13,22810.4,20620.0,2190.5,59.67,9.6
2008-02-14,22810.4,20620.0,2190.5,59.67,9.6
2008-02-15,22810.4,20620.0,2190.5,59.67,9.6
2008-02-16,22810.4,20620.0,2190.5,59.67,9.6
2008-02-17,22810.4,20620.0,2190.5,59.67,9.6
2008-02-18,22810.4,20620.0,2190.5,59.67,9.6
2008-02-19,22810.4,20620.0,2190.5,59.67,9.6
2008-02-20,22810.4,20620.0,2190.5,59.67,9.6
2008-02-21,22810.4,20620.0,2190.5,59.67,9.6
2008-02-22,22810.4,20620.0,2190.5,59.67,9.6
2008-02-23,22810.4,20620.0,2190.5,59.67,9.6
2008-02-24,22810.4,20620.0,2190.5,59.67,9.6
2008-02-25,22810.4,20620.0,2190.5,59.67,9.6
2008-02-26,22810.4,20620.0,2190.5,59.67,9.6
2008-02-27,22810.4,20620.0,2190.5,59.67,9.6
2008-02-28,22810.4,20620.0,2190.5,59.67,9.6
2008-02-29,22810.4,20620.0,2190.5,59.67,9.6
2008-03-01,22810.4,20620.0,2190.5,59.67,9.6
2008-03-02,22810.4,20620.0,2190.5,59.67,9.6
2008-03-03,22810.4,20620.0,2190.5,59.67,9.6
2008-03-04,22810.4,20620.0,2190.5,59.67,9.6
2008-03-05,22810.4,20620.0,2190.5,59.67,9.6
2008-03-06,22810.4,20620.0,2190.5,59.67,9.6
2008-03-07,22810.4,20620.0,2190.5,59.67,9.6
2008-03-08,22810.4,20620.0,2190.5,59.67,9.6
2008-03-09,22810.4,20620.0,2190.5,59.67,9.6
2008-03-10,22810.4,20620.0,2190.5,59.67,9.6
2008-03-11,22810.4,20620.0,2190.5,59.67,9.6
2008-03-12,22810.4,20620.0,2190.5,59.67,9.6
2008-03-13,22810.4,20620.0,2190.5,59.67,9.6
2008-03-14,22810.4,20620.0,2190.5,59.67,9.6
2008-03-15,22810.4,20620.0,2190.5,59.67,9.6
2008-03-16,22810.4,20620.0,2190.5,59.67,9.6
2008-03-17,22810.4,20620.0,2190.5,59.67,9.6
2008-03-18,22810.4,20620.0,2190.5,59.67,9.6
2008-03-19,22810.4,20620.0,2190.5,59.67,9.6
2008-03-20,22810.4,20620.0,2190.5,59.67,9.6
2008-03-21,22810.4,20620.0,2190.5,59.67,9.6
2008-03-22,22810.4,20620.0,2190.5,59.67,9.6
2008-03-23,22810.4,20620.0,2190.5,59.67,9.6
2008-03-24,22810.4,20620.0,2190.5,59.67,9.6
2008-03-25,22810.4,20620.0,2190.5,59.67,9.6
2008-03-26,22810.4,20620.0,2190.5,59.67,9.6
2008-03-27,22810.4,20620.0,2190.5,59.67,9.6
2008-03-28,22810.4,20620.0,2190.5,59.67,9.6
2008-03-29,22810.4,20620.0,2190.5,59.67,9.6
2008-03-30,22810.4,20620.0,2190.5,59.67,9.6
2008-03-31,22810.4,20620.0,2190.5,59.67,9.6
2008-04-01,23032.6,20646.9,2385.7,60.07,10.36
2008-04-02,23032.6,20646.9,2385.7,60.07,10.36
2008-04-03,23032.6,20646.9,2385.7,60.07,10.36
2008-04-04,23032.6,20646.9,2385.7,60.07,10.36
2008-04-05,23032.6,20646.9,2385.7,60.07,10.36
2008-04-06,23032.6,20646.9,2385.7,60.07,10.36
2008-04-07,23032.6,20646.9,2385.7,60.07,10.36
2008-04-08,23032.6,20646.9,2385.7,60.07,10.36
2008-04-09,23032.6,20646.9,2385.7,60.07,10.36
2008-04-10,23032.6,20646.9,2385.7,60.07,10.36
2008-04-11,23032.6,20646.9,2385.7,60.07,10.36
2008-04-12,23032.6,20646.9,2385.7,60.07,10.36
2008-04-13,23032.6,20646.9,2385.7,60.07,10.36
2008-04-14,23032.6,20646.9,2385.7,60.07,10.36
2008-04-15,23032.6,20646.9,2385.7,60.07,10.36
2008-04-16,23032.6,20646.9,2385.7,60.07,10.36
2008-04-17,23032.6,20646.9,2385.7,60.07,10.36
2008-04-18,23032.6,20646.9,2385.7,60.07,10.36
2008-04-19,23032.6,20646.9,2385.7,60.07,10.36
2008-04-20,23032.6,20646.9,2385.7,60.07,10.36
2008-04-21,23032.6,20646.9,2385.7,60.07,10.36
2008-04-22,23032.6,20646.9,2385.7,60.07,10.36
2008-04-23,23032.6,20646.9,2385.7,60.07,10.36
2008-04-24,23032.6,20646.9,2385.7,60.07,10.36
2008-04-25,23032.6,20646.9,2385.7,60.07,10.36
2008-04-26,23032.6,20646.9,2385.7,60.07,10.36
2008-04-27,23032.6,20646.9,2385.7,60.07,10.36
2008-04-28,23032.6,20646.9,2385.7,60.07,10.36
2008-04-29,23032.6,20646.9,2385.7,60.07,10.36
2008-04-30,23032.6,20646.9,2385.7,60.07,10.36
2008-05-01,23032.6,20646.9,2385.7,60.07,10.36
2008-05-02,23032.6,20646.9,2385.7,60.07,10.36
2008-05-03,23032.6,20646.9,2385.7,60.07,10.36
2008-05-04,23032.6,20646.9,2385.7,60.07,10.36
2008-05-05,23032.6,20646.9,2385.7,60.07,10.36
2008-05-06,23032.6,20646.9,2385.7,60.07,10.36
2008-05-07,23032.6,20646.9,2385.7,60.07,10.36
2008-05-08,23032.6,20646.9,2385.7,60.07,10.36
2008-05-09,23032.6,20646.9,2385.7,60.07,10.36
2008-05-10,23032.6,20646.9,2385.7,60.07,10.36
2008-05-11,23032.6,20646.9,2385.7,60.07,10.36
2008-05-12,23032.6,20646.9,2385.7,60.07,10.36
2008-05-13,23032.6,20646.9,2385.7,60.07,10.36
2008-05-14,23032.6,20646.9,2385.7,60.07,10.36
2008-05-15,23032.6,20646.9,2385.7,60.07,10.36
2008-05-16,23032.6,20646.9,2385.7,60.07,10.36
2008-05-17,23032.6,20646.9,2385.7,60.07,10.36
2008-05-18,23032.6,20646.9,2385.7,60.07,10.36
2008-05-19,23032.6,20646.9,2385.7,60.07,10.36
2008-05-20,23032.6,20646.9,2385.7,60.07,10.36
2008-05-21,23032.6,20646.9,2385.7,60.07,10.36
2008-05-22,23032.6,20646.9,2385.7,60.07,10.36
2008-05-23,23032.6,20646.9,2385.7,60.07,10.36
2008-05-24,23032.6,20646.9,2385.7,60.07,10.36
2008-05-25,23032.6,20646.9,2385.7,60.07,10.36
2008-05-26,23032.6,20646.9,2385.7,60.07,10.36
2008-05-27,23032.6,20646.9,2385.7,60.07,10.36
2008-05-28,23032.6,20646.9,2385.7,60.07,10.36
2008-05-29,23032.6,20646.9,2385.7,60.07,10.36
2008-05-30,23032.6,20646.9,2385.7,60.07,10.36
2008-05-31,23032.6,20646.9,2385.7,60.07,10.36
2008-06-01,23032.6,20646.9,2385.7,60.07,10.36
2008-06-02,23032.6,20646.9,2385.7,60.07,10.36
2008-06-03,23032.6,20646.9,2385.7,60.07,10.36
2008-06-04,23032.6,20646.9,2385.7,60.07,10.36
2008-06-05,23032.6,20646.9,2385.7,60.07,10.36
2008-06-06,23032.6,20646.9,2385.7,60.07,10.36
2008-06-07,23032.6,20646.9,2385.7,60.07,10.36
2008-06-08,23032.6,20646.9,2385.7,60.07,10.36
2008-06-09,23032.6,20646.9,2385.7,60.07,10.36
2008-06-10,23032.6,20646.9,2385.7,60.07,10.36
2008-06-11,23032.6,20646.9,2385.7,60.07,10.36
2008-06-12,23032.6,20646.9,2385.7,60.07,10.36
2008-06-13,23032.6,20646.9,2385.7,60.07,10.36
2008-06-14,23032.6,20646.9,2385.7,60.07,10.36
2008-06-15,23032.6,20646.9,2385.7,60.07,10.36
2008-06-16,23032.6,20646.9,2385.7,60.07,10.36
2008-06-17,23032.6,20646.9,2385.7,60.07,10.36
2008-06-18,23032.6,20646.9,2385.7,60.07,10.36
2008-06-19,23032.6,20646.9,2385.7,60.07,10.36
2008-06-20,23032.6,20646.9,2385.7,60.07,10.36
2008-06-21,23032.6,20646.9,2385.7,60.07,10.36
2008-06-22,23032.6,20646.9,2385.7,60.07,10.36
2008-06-23,23032.6,20646.9,2385.7,60.07,10.36
2008-06-24,23032.6,20646.9,2385.7,60.07,10.36
2008-06-25,23032.6,20646.9,2385.7,60.07,10.36
2008-06-26,23032.6,20646.9,2385.7,60.07,10.36
2008-06-27,23032.6,20646.9,2385.7,60.07,10.36
2008-06-28,23032.6,20646.9,2385.7,60.07,10.36
2008-06-29,23032.6,20646.9,2385.7,60.07,10.36
2008-06-30,23032.6,20646.9,2385.7,60.07,10.36
2008-07-01,23157.1,20556.4,2600.7,60.23,11.23
2008-07-02,23157.1,20556.4,2600.7,60.23,11.23
2008-07-03,23157.1,20556.4,2600.7,60.23,11.23
2008-07-04,23157.1,20556.4,2600.7,60.23,11.23
2008-07-05,23157.1,20556.4,2600.7,60.23,11.23
2008-07-06,23157.1,20556.4,2600.7,60.23,11.23
2008-07-07,23157.1,20556.4,2600.7,60.23,11.23
2008-07-08,23157.1,20556.4,2600.7,60.23,11.23
2008-07-09,23157.1,20556.4,2600.7,60.23,11.23
2008-07-10,23157.1,20556.4,2600.7,60.23,11.23
2008-07-11,23157.1,20556.4,2600.7,60.23,11.23
2008-07-12,23157.1,20556.4,2600.7,60.23,11.23
2008-07-13,23157.1,20556.4,2600.7,60.23,11.23
2008-07-14,23157.1,20556.4,2600.7,60.23,11.23
2008-07-15,23157.1,20556.4,2600.7,60.23,11.23
2008-07-16,23157.1,20556.4,2600.7,60.23,11.23
2008-07-17,23157.1,20556.4,2600.7,60.23,11.23
2008-07-18,23157.1,20556.4,2600.7,60.23,11.23
2008-07-19,23157.1,20556.4,2600.7,60.23,11.23
2008-07-20,23157.1,20556.4,2600.7,60.23,11.23
2008-07-21,23157.1,20556.4,2600.7,60.23,11.23
2008-07-22,23157.1,20556.4,2600.7,60.23,11.23
2008-07-23,23157.1,20556.4,2600.7,60.23,11.23
2008-07-24,23157.1,20556.4,2600.7,60.23,11.23
2008-07-25,23157.1,20556.4,2600.7,60.23,11.23
2008-07-26,23157.1,20556.4,2600.7,60.23,11.23
2008-07-27,23157.1,20556.4,2600.7,60.23,11.23
2008-07-28,23157.1,20556.4,2600.7,60.23,11.23
2008-07-29,23157.1,20556.4,2600.7,60.23,11.23
2008-07-30,23157.1,20556.4,2600.7,60.23,11.23
2008-07-31,23157.1,20556.4,2600.7,60.23,11.23
2008-08-01,23157.1,20556.4,2600.7,60.23,11.23
2008-08-02,23157.1,20556.4,2600.7,60.23,11.23
2008-08-03,23157.1,20556.4,2600.7,60.23,11.23
2008-08-04,23157.1,20556.4,2600.7,60.23,11.23
2008-08-05,23157.1,20556.4,2600.7,60.23,11.23
2008-08-06,23157.1,20556.4,2600.7,60.23,11.23
2008-08-07,23157.1,20556.4,2600.7,60.23,11.23
2008-08-08,23157.1,20556.4,2600.7,60.23,11.23
2008-08-09,23157.1,20556.4,2600.7,60.23,11.23
2008-08-10,23157.1,20556.4,2600.7,60.23,11.23
2008-08-11,23157.1,20556.4,2600.7,60.23,11.23
2008-08-12,23157.1,20556.4,2600.7,60.23,11.23
2008-08-13,23157.1,20556.4,2600.7,60.23,11.23
2008-08-14,23157.1,20556.4,2600.7,60.23,11.23
2008-08-15,23157.1,20556.4,2600.7,60.23,11.23
2008-08-16,23157.1,20556.4,2600.7,60.23,11.23
2008-08-17,23157.1,20556.4,2600.7,60.23,11.23
2008-08-18,23157.1,20556.4,2600.7,60.23,11.23
2008-08-19,23157.1,20556.4,2600.7,60.23,11.23
2008-08-20,23157.1,20556.4,2600.7,60.23,11.23
2008-08-21,23157.1,20556.4,2600.7,60.23,11.23
2008-08-22,23157.1,20556.4,2600.7,60.23,11.23
2008-08-23,23157.1,20556.4,2600.7,60.23,11.23
2008-08-24,23157.1,20556.4,2600.7,60.23,11.23
2008-08-25,23157.1,20556.4,2600.7,60.23,11.23
2008-08-26,23157.1,20556.4,2600.7,60.23,11.23
2008-08-27,23157.1,20556.4,2600.7,60.23,11.23
2008-08-28,23157.1,20556.4,2600.7,60.23,11.23
2008-08-29,23157.1,20556.4,2600.7,60.23,11.23
2008-08-30,23157.1,20556.4,2600.7,60.23,11.23
2008-08-31,23157.1,20556.4,2600.7,60.23,11.23
2008-09-01,23157.1,20556.4,2600.7,60.23,11.23
2008-09-02,23157.1,20556.4,2600.7,60.23,11.23
2008-09-03,23157.1,20556.4,2600.7,60.23,11.23
2008-09-04,23157.1,20556.4,2600.7,60.23,11.23
2008-09-05,23157.1,20556.4,2600.7,60.23,11.23
2008-09-06,23157.1,20556.4,2600.7,60.23,11.23
2008-09-07,23157.1,20556.4,2600.7,60.23,11.23
2008-09-08,23157.1,20556.4,2600.7,60.23,11.23
2008-09-09,23157.1,20556.4,2600.7,60.23,11.23
2008-09-10,23157.1,20556.4,2600.7,60.23,11.23
2008-09-11,23157.1,20556.4,2600.7,60.23,11.23
2008-09-12,23157.1,20556.4,2600.7,60.23,11.23
2008-09-13,23157.1,20556.4,2600.7,60.23,11.23
2008-09-14,23157.1,20556.4,2600.7,60.23,11.23
2008-09-15,23157.1,20556.4,2600.7,60.23,11.23
2008-09-16,23157.1,20556.4,2600.7,60.23,11.23
2008-09-17,23157.1,20556.4,2600.7,60.23,11.23
2008-09-18,23157.1,20556.4,2600.7,60.23,11.23
2008-09-19,23157.1,20556.4,2600.7,60.23,11.23
2008-09-20,23157.1,20556.4,2600.7,60.23,11.23
2008-09-21,23157.1,20556.4,2600.7,60.23,11.23
2008-09-22,23157.1,20556.4,2600.7,60.23,11.23
2008-09-23,23157.1,20556.4,2600.7,60.23,11.23
2008-09-24,23157.1,20556.4,2600.7,60.23,11.23
2008-09-25,23157.1,20556.4,2600.7,60.23,11.23
2008-09-26,23157.1,20556.4,2600.7,60.23,11.23
2008-09-27,23157.1,20556.4,2600.7,60.23,11.23
2008-09-28,23157.1,20556.4,2600.7,60.23,11.23
2008-09-29,23157.1,20556.4,2600.7,60.23,11.23
2008-09-30,23157.1,20556.4,2600.7,60.23,11.23
2008-10-01,23262.1,20055.3,3206.8,60.35,13.79
2008-10-02,23262.1,20055.3,3206.8,60.35,13.79
2008-10-03,23262.1,20055.3,3206.8,60.35,13.79
2008-10-04,23262.1,20055.3,3206.8,60.35,13.79
2008-10-05,23262.1,20055.3,3206.8,60.35,13.79
2008-10-06,23262.1,20055.3,3206.8,60.35,13.79
2008-10-07,23262.1,20055.3,3206.8,60.35,13.79
2008-10-08,23262.1,20055.3,3206.8,60.35,13.79
2008-10-09,23262.1,20055.3,3206.8,60.35,13.79
2008-10-10,23262.1,20055.3,3206.8,60.35,13.79
2008-10-11,23262.1,20055.3,3206.8,60.35,13.79
2008-10-12,23262.1,20055.3,3206.8,60.35,13.79
2008-10-13,23262.1,20055.3,3206.8,60.35,13.79
2008-10-14,23262.1,20055.3,3206.8,60.35,13.79
2008-10-15,23262.1,20055.3,3206.8,60.35,13.79
2008-10-16,23262.1,20055.3,3206.8,60.35,13.79
2008-10-17,23262.1,20055.3,3206.8,60.35,13.79
2008-10-18,23262.1,20055.3,3206.8,60.35,13.79
2008-10-19,23262.1,20055.3,3206.8,60.35,13.79
2008-10-20,23262.1,20055.3,3206.8,60.35,13.79
2008-10-21,23262.1,20055.3,3206.8,60.35,13.79
2008-10-22,23262.1,20055.3,3206.8,60.35,13.79
2008-10-23,23262.1,20055.3,3206.8,60.35,13.79
2008-10-24,23262.1,20055.3,3206.8,60.35,13.79
2008-10-25,23262.1,20055.3,3206.8,60.35,13.79
2008-10-26,23262.1,20055.3,3206.8,60.35,13.79
2008-10-27,23262.1,20055.3,3206.8,60.35,13.79
2008-10-28,23262.1,20055.3,3206.8,60.35,13.79
2008-10-29,23262.1,20055.3,3206.8,60.35,13.79
2008-10-30,23262.1,20055.3,3206.8,60.35,13.79
2008-10-31,23262.1,20055.3,3206.8,60.35,13.79
2008-11-01,23262.1,20055.3,3206.8,60.35,13.79
2008-11-02,23262.1,20055.3,3206.8,60.35,13.79
2008-11-03,23262.1,20055.3,3206.8,60.35,13.79
2008-11-04,23262.1,20055.3,3206.8,60.35,13.79
2008-11-05,23262.1,20055.3,3206.8,60.35,13.79
2008-11-06,23262.1,20055.3,3206.8,60.35,13.79
2008-11-07,23262.1,20055.3,3206.8,60.35,13.79
2008-11-08,23262.1,20055.3,3206.8,60.35,13.79
2008-11-09,23262.1,20055.3,3206.8,60.35,13.79
2008-11-10,23262.1,20055.3,3206.8,60.35,13.79
2008-11-11,23262.1,20055.3,3206.8,60.35,13.79
2008-11-12,23262.1,20055.3,3206.8,60.35,13.79
2008-11-13,23262.1,20055.3,3206.8,60.35,13.79
2008-11-14,23262.1,20055.3,3206.8,60.35,13.79
2008-11-15,23262.1,20055.3,3206.8,60.35,13.79
2008-11-16,23262.1,20055.3,3206.8,60.35,13.79
2008-11-17,23262.1,20055.3,3206.8,60.35,13.79
2008-11-18,23262.1,20055.3,3206.8,60.35,13.79
2008-11-19,23262.1,20055.3,3206.8,60.35,13.79
2008-11-20,23262.1,20055.3,3206.8,60.35,13.79
2008-11-21,23262.1,20055.3,3206.8,60.35,13.79
2008-11-22,23262.1,20055.3,3206.8,60.35,13.79
2008-11-23,23262.1,20055.3,3206.8,60.35,13.79
2008-11-24,23262.1,20055.3,3206.8,60.35,13.79
2008-11-25,23262.1,20055.3,3206.8,60.35,13.79
2008-11-26,23262.1,20055.3,3206.8,60.35,13.79
2008-11-27,23262.1,20055.3,3206.8,60.35,13.79
2008-11-28,23262.1,20055.3,3206.8,60.35,13.79
2008-11-29,23262.1,20055.3,3206.8,60.35,13.79
2008-11-30,23262.1,20055.3,3206.8,60.35,13.79
2008-12-01,23262.1,20055.3,3206.8,60.35,13.79
2008-12-02,23262.1,20055.3,3206.8,60.35,13.79
2008-12-03,23262.1,20055.3,3206.8,60.35,13.79
2008-12-04,23262.1,20055.3,3206.8,60.35,13.79
2008-12-05,23262.1,20055.3,3206.8,60.35,13.79
2008-12-06,23262.1,20055.3,3206.8,60.35,13.79
2008-12-07,23262.1,20055.3,3206.8,60.35,13.79
2008-12-08,23262.1,20055.3,3206.8,60.35,13.79
2008-12-09,23262.1,20055.3,3206.8,60.35,13.79
2008-12-10,23262.1,20055.3,3206.8,60.35,13.79
2008-12-11,23262.1,20055.3,3206.8,60.35,13.79
2008-12-12,23262.1,20055.3,3206.8,60.35,13.79
2008-12-13,23262.1,20055.3,3206.8,60.35,13.79
2008-12-14,23262.1,20055.3,3206.8,60.35,13.79
2008-12-15,23262.1,20055.3,3206.8,60.35,13.79
2008-12-16,23262.1,20055.3,3206.8,60.35,13.79
2008-12-17,23262.1,20055.3,3206.8,60.35,13.79
2008-12-18,23262.1,20055.3,3206.8,60.35,13.79
2008-12-19,23262.1,20055.3,3206.8,60.35,13.79
2008-12-20,23262.1,20055.3,3206.8,60.35,13.79
2008-12-21,23262.1,20055.3,3206.8,60.35,13.79
2008-12-22,23262.1,20055.3,3206.8,60.35,13.79
2008-12-23,23262.1,20055.3,3206.8,60.35,13.79
2008-12-24,23262.1,20055.3,3206.8,60.35,13.79
2008-12-25,23262.1,20055.3,3206.8,60.35,13.79
2008-12-26,23262.1,20055.3,3206.8,60.35,13.79
2008-12-27,23262.1,20055.3,3206.8,60.35,13.79
2008-12-28,23262.1,20055.3,3206.8,60.35,13.79
2008-12-29,23262.1,20055.3,3206.8,60.35,13.79
2008-12-30,23262.1,20055.3,3206.8,60.35,13.79
2008-12-31,23262.1,20055.3,3206.8,60.35,13.79
2009-01-01,23302.6,19284.4,4018.2,60.39,17.24
2009-01-02,23302.6,19284.4,4018.2,60.39,17.24
2009-01-03,23302.6,19284.4,4018.2,60.39,17.24
2009-01-04,23302.6,19284.4,4018.2,60.39,17.24
2009-01-05,23302.6,19284.4,4018.2,60.39,17.24
2009-01-06,23302.6,19284.4,4018.2,60.39,17.24
2009-01-07,23302.6,19284.4,4018.2,60.39,17.24
2009-01-08,23302.6,19284.4,4018.2,60.39,17.24
2009-01-09,23302.6,19284.4,4018.2,60.39,17.24
2009-01-10,23302.6,19284.4,4018.2,60.39,17.24
2009-01-11,23302.6,19284.4,4018.2,60.39,17.24
2009-01-12,23302.6,19284.4,4018.2,60.39,17.24
2009-01-13,23302.6,19284.4,4018.2,60.39,17.24
2009-01-14,23302.6,19284.4,4018.2,60.39,17.24
2009-01-15,23302.6,19284.4,4018.2,60.39,17.24
2009-01-16,23302.6,19284.4,4018.2,60.39,17.24
2009-01-17,23302.6,19284.4,4018.2,60.39,17.24
2009-01-18,23302.6,19284.4,4018.2,60.39,17.24
2009-01-19,23302.6,19284.4,4018.2,60.39,17.24
2009-01-20,23302.6,19284.4,4018.2,60.39,17.24
2009-01-21,23302.6,19284.4,4018.2,60.39,17.24
2009-01-22,23302.6,19284.4,4018.2,60.39,17.24
2009-01-23,23302.6,19284.4,4018.2,60.39,17.24
2009-01-24,23302.6,19284.4,4018.2,60.39,17.24
2009-01-25,23302.6,19284.4,4018.2,60.39,17.24
2009-01-26,23302.6,19284.4,4018.2,60.39,17.24
2009-01-27,23302.6,19284.4,4018.2,60.39,17.24
2009-01-28,23302.6,19284.4,4018.2,60.39,17.24
2009-01-29,23302.6,19284.4,4018.2,60.39,17.24
2009-01-30,23302.6,19284.4,4018.2,60.39,17.24
2009-01-31,23302.6,19284.4,4018.2,60.39,17.24
2009-02-01,23302.6,19284.4,4018.2,60.39,17.24
2009-02-02,23302.6,19284.4,4018.2,60.39,17.24
2009-02-03,23302.6,19284.4,4018.2,60.39,17.24
2009-02-04,23302.6,19284.4,4018.2,60.39,17.24
2009-02-05,23302.6,19284.4,4018.2,60.39,17.24
2009-02-06,23302.6,19284.4,4018.2,60.39,17.24
2009-02-07,23302.6,19284.4,4018.2,60.39,17.24
2009-02-08,23302.6,19284.4,4018.2,60.39,17.24
2009-02-09,23302.6,19284.4,4018.2,60.39,17.24
2009-02-10,23302.6,19284.4,4018.2,60.39,17.24
2009-02-11,23302.6,19284.4,4018.2,60.39,17.24
2009-02-12,23302.6,19284.4,4018.2,60.39,17.24
2009-02-13,23302.6,19284.4,4018.2,60.39,17.24
2009-02-14,23302.6,19284.4,4018.2,60.39,17.24
2009-02-15,23302.6,19284.4,4018.2,60.39,17.24
2009-02-16,23302.6,19284.4,4018.2,60.39,17.24
2009-02-17,23302.6,19284.4,4018.2,60.39,17.24
2009-02-18,23302.6,19284.4,4018.2,60.39,17.24
2009-02-19,23302.6,19284.4,4018.2,60.39,17.24
2009-02-20,23302.6,19284.4,4018.2,60.39,17.24
2009-02-21,23302.6,19284.4,4018.2,60.39,17.24
2009-02-22,23302.6,19284.4,4018.2,60.39,17.24
2009-02-23,23302.6,19284.4,4018.2,60.39,17.24
2009-02-24,23302.6,19284.4,4018.2,60.39,17.24
2009-02-25,23302.6,19284.4,4018.2,60.39,17.24
2009-02-26,23302.6,19284.4,4018.2,60.39,17.24
2009-02-27,23302.6,19284.4,4018.2,60.39,17.24
2009-02-28,23302.6,19284.4,4018.2,60.39,17.24
2009-03-01,23302.6,19284.4,4018.2,60.39,17.24
2009-03-02,23302.6,19284.4,4018.2,60.39,17.24
2009-03-03,23302.6,19284.4,4018.2,60.39,17.24
2009-03-04,23302.6,19284.4,4018.2,60.39,17.24
2009-03-05,23302.6,19284.4,4018.2,60.39,17.24
2009-03-06,23302.6,19284.4,4018.2,60.39,17.24
2009-03-07,23302.6,19284.4,4018.2,60.39,17.24
2009-03-08,23302.6,19284.4,4018.2,60.39,17.24
2009-03-09,23302.6,19284.4,4018.2,60.39,17.24
2009-03-10,23302.6,19284.4,4018.2,60.39,17.24
2009-03-11,23302.6,19284.4,4018.2,60.39,17.24
2009-03-12,23302.6,19284.4,4018.2,60.39,17.24
2009-03-13,23302.6,19284.4,4018.2,60.39,17.24
2009-03-14,23302.6,19284.4,4018.2,60.39,17.24
2009-03-15,23302.6,19284.4,4018.2,60.39,17.24
2009-03-16,23302.6,19284.4,4018.2,60.39,17.24
2009-03-17,23302.6,19284.4,4018.2,60.39,17.24
2009-03-18,23302.6,19284.4,4018.2,60.39,17.24
2009-03-19,23302.6,19284.4,4018.2,60.39,17.24
2009-03-20,23302.6,19284.4,4018.2,60.39,17.24
2009-03-21,23302.6,19284.4,4018.2,60.39,17.24
2009-03-22,23302.6,19284.4,4018.2,60.39,17.24
2009-03-23,23302.6,19284.4,4018.2,60.39,17.24
2009-03-24,23302.6,19284.4,4018.2,60.39,17.24
2009-03-25,23302.6,19284.4,4018.2,60.39,17.24
2009-03-26,23302.6,19284.4,4018.2,60.39,17.24
2009-03-27,23302.6,19284.4,4018.2,60.39,17.24
2009-03-28,23302.6,19284.4,4018.2,60.39,17.24
2009-03-29,23302.6,19284.4,4018.2,60.39,17.24
2009-03-30,23302.6,19284.4,4018.2,60.39,17.24
2009-03-31,23302.6,19284.4,4018.2,60.39,17.24
2009-04-01,23293.4,19154.2,4139.6,60.3,17.77
2009-04-02,23293.4,19154.2,4139.6,60.3,17.77
2009-04-03,23293.4,19154.2,4139.6,60.3,17.77
2009-04-04,23293.4,19154.2,4139.6,60.3,17.77
2009-04-05,23293.4,19154.2,4139.6,60.3,17.77
2009-04-06,23293.4,19154.2,4139.6,60.3,17.77
2009-04-07,23293.4,19154.2,4139.6,60.3,17.77
2009-04-08,23293.4,19154.2,4139.6,60.3,17.77
2009-04-09,23293.4,19154.2,4139.6,60.3,17.77
2009-04-10,23293.4,19154.2,4139.6,60.3,17.77
2009-04-11,23293.4,19154.2,4139.6,60.3,17.77
2009-04-12,23293.4,19154.2,4139.6,60.3,17.77
2009-04-13,23293.4,19154.2,4139.6,60.3,17.77
2009-04-14,23293.4,19154.2,4139.6,60.3,17.77
2009-04-15,23293.4,19154.2,4139.6,60.3,17.77
2009-04-16,23293.4,19154.2,4139.6,60.3,17.77
2009-04-17,23293.4,19154.2,4139.6,60.3,17.77
2009-04-18,23293.4,19154.2,4139.6,60.3,17.77
2009-04-19,23293.4,19154.2,4139.6,60.3,17.77
2009-04-20,23293.4,19154.2,4139.6,60.3,17.77
2009-04-21,23293.4,19154.2,4139.6,60.3,17.77
2009-04-22,23293.4,19154.2,4139.6,60.3,17.77
2009-04-23,23293.4,19154.2,4139.6,60.3,17.77
2009-04-24,23293.4,19154.2,4139.6,60.3,17.77
2009-04-25,23293.4,19154.2,4139.6,60.3,17.77
2009-04-26,23293.4,19154.2,4139.6,60.3,17.77
2009-04-27,23293.4,19154.2,4139.6,60.3,17.77
2009-04-28,23293.4,19154.2,4139.6,60.3,17.77
2009-04-29,23293.4,19154.2,4139.6,60.3,17.77
2009-04-30,23293.4,19154.2,4139.6,60.3,17.77
2009-05-01,23293.4,19154.2,4139.6,60.3,17.77
2009-05-02,23293.4,19154.2,4139.6,60.3,17.77
2009-05-03,23293.4,19154.2,4139.6,60.3,17.77
2009-05-04,23293.4,19154.2,4139.6,60.3,17.77
2009-05-05,23293.4,19154.2,4139.6,60.3,17.77
2009-05-06,23293.4,19154.2,4139.6,60.3,17.77
2009-05-07,23293.4,19154.2,4139.6,60.3,17.77
2009-05-08,23293.4,19154.2,4139.6,60.3,17.77
2009-05-09,23293.4,19154.2,4139.6,60.3,17.77
2009-05-10,23293.4,19154.2,4139.6,60.3,17.77
2009-05-11,23293.4,19154.2,4139.6,60.3,17.77
2009-05-12,23293.4,19154.2,4139.6,60.3,17.77
2009-05-13,23293.4,19154.2,4139.6,60.3,17.77
2009-05-14,23293.4,19154.2,4139.6,60.3,17.77
2009-05-15,23293.4,19154.2,4139.6,60.3,17.77
2009-05-16,23293.4,19154.2,4139.6,60.3,17.77
2009-05-17,23293.4,19154.2,4139.6,60.3,17.77
2009-05-18,23293.4,19154.2,4139.6,60.3,17.77
2009-05-19,23293.4,19154.2,4139.6,60.3,17.77
2009-05-20,23293.4,19154.2,4139.6,60.3,17.77
2009-05-21,23293.4,19154.2,4139.6,60.3,17.77
2009-05-22,23293.4,19154.2,4139.6,60.3,17.77
2009-05-23,23293.4,19154.2,4139.6,60.3,17.77
2009-05-24,23293.4,19154.2,4139.6,60.3,17.77
2009-05-25,23293.4,19154.2,4139.6,60.3,17.77
2009-05-26,23293.4,19154.2,4139.6,60.3,17.77
2009-05-27,23293.4,19154.2,4139.6,60.3,17.77
2009-05-28,23293.4,19154.2,4139.6,60.3,17.77
2009-05-29,23293.4,19154.2,4139.6,60.3,17.77
2009-05-30,23293.4,19154.2,4139.6,60.3,17.77
2009-05-31,23293.4,19154.2,4139.6,60.3,17.77
2009-06-01,23293.4,19154.2,4139.6,60.3,17.77
2009-06-02,23293.4,19154.2,4139.6,60.3,17.77
2009-06-03,23293.4,19154.2,4139.6,60.3,17.77
2009-06-04,23293.4,19154.2,4139.6,60.3,17.77
2009-06-05,23293.4,19154.2,4139.6,60.3,17.77
2009-06-06,23293.4,19154.2,4139.6,60.3,17.77
2009-06-07,23293.4,19154.2,4139.6,60.3,17.77
2009-06-08,23293.4,19154.2,4139.6,60.3,17.77
2009-06-09,23293.4,19154.2,4139.6,60.3,17.77
2009-06-10,23293.4,19154.2,4139.6,60.3,17.77
2009-06-11,23293.4,19154.2,4139.6,60.3,17.77
2009-06-12,23293.4,19154.2,4139.6,60.3,17.77
2009-06-13,23293.4,19154.2,4139.6,60.3,17.77
2009-06-14,23293.4,19154.2,4139.6,60.3,17.77
2009-06-15,23293.4,19154.2,4139.6,60.3,17.77
2009-06-16,23293.4,19154.2,4139.6,60.3,17.77
2009-06-17,23293.4,19154.2,4139.6,60.3,17.77
2009-06-18,23293.4,19154.2,4139.6,60.3,17.77
2009-06-19,23293.4,19154.2,4139.6,60.3,17.77
2009-06-20,23293.4,19154.2,4139.6,60.3,17.77
2009-06-21,23293.4,19154.2,4139.6,60.3,17.77
2009-06-22,23293.4,19154.2,4139.6,60.3,17.77
2009-06-23,23293.4,19154.2,4139.6,60.3,17.77
2009-06-24,23293.4,19154.2,4139.6,60.3,17.77
2009-06-25,23293.4,19154.2,4139.6,60.3,17.77
2009-06-26,23293.4,19154.2,4139.6,60.3,17.77
2009-06-27,23293.4,19154.2,4139.6,60.3,17.77
2009-06-28,23293.4,19154.2,4139.6,60.3,17.77
2009-06-29,23293.4,19154.2,4139.6,60.3,17.77
2009-06-30,23293.4,19154.2,4139.6,60.3,17.77
2009-07-01,23219.8,19098.4,4121.4,60.05,17.75
2009-07-02,23219.8,19098.4,4121.4,60.05,17.75
2009-07-03,23219.8,19098.4,4121.4,60.05,17.75
2009-07-04,23219.8,19098.4,4121.4,60.05,17.75
2009-07-05,23219.8,19098.4,4121.4,60.05,17.75
2009-07-06,23219.8,19098.4,4121.4,60.05,17.75
2009-07-07,23219.8,19098.4,4121.4,60.05,17.75
2009-07-08,23219.8,19098.4,4121.4,60.05,17.75
2009-07-09,23219.8,19098.4,4121.4,60.05,17.75
2009-07-10,23219.8,19098.4,4121.4,60.05,17.75
2009-07-11,23219.8,19098.4,4121.4,60.05,17.75
2009-07-12,23219.8,19098.4,4121.4,60.05,17.75
2009-07-13,23219.8,19098.4,4121.4,60.05,17.75
2009-07-14,23219.8,19098.4,4121.4,60.05,17.75
2009-07-15,23219.8,19098.4,4121.4,60.05,17.75
2009-07-16,23219.8,19098.4,4121.4,60.05,17.75
2009-07-17,23219.8,19098.4,4121.4,60.05,17.75
2009-07-18,23219.8,19098.4,4121.4,60.05,17.75
2009-07-19,23219.8,19098.4,4121.4,60.05,17.75
2009-07-20,23219.8,19098.4,4121.4,60.05,17.75
2009-07-21,23219.8,19098.4,4121.4,60.05,17.75
2009-07-22,23219.8,19098.4,4121.4,60.05,17.75
2009-07-23,23219.8,19098.4,4121.4,60.05,17.75
2009-07-24,23219.8,19098.4,4121.4,60.05,17.75
2009-07-25,23219.8,19098.4,4121.4,60.05,17.75
2009-07-26,23219.8,19098.4,4121.4,60.05,17.75
2009-07-27,23219.8,19098.4,4121.4,60.05,17.75
2009-07-28,23219.8,19098.4,4121.4,60.05,17.75
2009-07-29,23219.8,19098.4,4121.4,60.05,17.75
2009-07-30,23219.8,19098.4,4121.4,60.05,17.75
2009-07-31,23219.8,19098.4,4121.4,60.05,17.75
2009-08-01,23219.8,19098.4,4121.4,60.05,17.75
2009-08-02,23219.8,19098.4,4121.4,60.05,17.75
2009-08-03,23219.8,19098.4,4121.4,60.05,17.75
2009-08-04,23219.8,19098.4,4121.4,60.05,17.75
2009-08-05,23219.8,19098.4,4121.4,60.05,17.75
2009-08-06,23219.8,19098.4,4121.4,60.05,17.75
2009-08-07,23219.8,19098.4,4121.4,60.05,17.75
2009-08-08,23219.8,19098.4,4121.4,60.05,17.75
2009-08-09,23219.8,19098.4,4121.4,60.05,17.75
2009-08-10,23219.8,19098.4,4121.4,60.05,17.75
2009-08-11,23219.8,19098.4,4121.4,60.05,17.75
2009-08-12,23219.8,19098.4,4121.4,60.05,17.75
2009-08-13,23219.8,19098.4,4121.4,60.05,17.75
2009-08-14,23219.8,19098.4,4121.4,60.05,17.75
2009-08-15,23219.8,19098.4,4121.4,60.05,17.75
2009-08-16,23219.8,19098.4,4121.4,60.05,17.75
2009-08-17,23219.8,19098.4,4121.4,60.05,17.75
2009-08-18,23219.8,19098.4,4121.4,60.05,17.75
2009-08-19,23219.8,19098.4,4121.4,60.05,17.75
2009-08-20,23219.8,19098.4,4121.4,60.05,17.75
2009-08-21,23219.8,19098.4,4121.4,60.05,17.75
2009-08-22,23219.8,19098.4,4121.4,60.05,17.75
2009-08-23,23219.8,19098.4,4121.4,60.05,17.75
2009-08-24,23219.8,19098.4,4121.4,60.05,17.75
2009-08-25,23219.8,19098.4,4121.4,60.05,17.75
2009-08-26,23219.8,19098.4,4121.4,60.05,17.75
2009-08-27,23219.8,19098.4,4121.4,60.05,17.75
2009-08-28,23219.8,19098.4,4121.4,60.05,17.75
2009-08-29,23219.8,19098.4,4121.4,60.05,17.75
2009-08-30,23219.8,19098.4,4121.4,60.05,17.75
2009-08-31,23219.8,19098.4,4121.4,60.05,17.75
2009-09-01,23219.8,19098.4,4121.4,60.05,17.75
2009-09-02,23219.8,19098.4,4121.4,60.05,17.75
2009-09-03,23219.8,19098.4,4121.4,60.05,17.75
2009-09-04,23219.8,19098.4,4121.4,60.05,17.75
2009-09-05,23219.8,19098.4,4121.4,60.05,17.75
2009-09-06,23219.8,19098.4,4121.4,60.05,17.75
2009-09-07,23219.8,19098.4,4121.4,60.05,17.75
2009-09-08,23219.8,19098.4,4121.4,60.05,17.75
2009-09-09,23219.8,19098.4,4121.4,60.05,17.75
2009-09-10,23219.8,19098.4,4121.4,60.05,17.75
2009-09-11,23219.8,19098.4,4121.4,60.05,17.75
2009-09-12,23219.8,19098.4,4121.4,60.05,17.75
2009-09-13,23219.8,19098.4,4121.4,60.05,17.75
2009-09-14,23219.8,19098.4,4121.4,60.05,17.75
2009-09-15,23219.8,19098.4,4121.4,60.05,17.75
2009-09-16,23219.8,19098.4,4121.4,60.05,17.75
2009-09-17,23219.8,19098.4,4121.4,60.05,17.75
2009-09-18,23219.8,19098.4,4121.4,60.05,17.75
2009-09-19,23219.8,19098.4,4121.4,60.05,17.75
2009-09-20,23219.8,19098.4,4121.4,60.05,17.75
2009-09-21,23219.8,19098.4,4121.4,60.05,17.75
2009-09-22,23219.8,19098.4,4121.4,60.05,17.75
2009-09-23,23219.8,19098.4,4121.4,60.05,17.75
2009-09-24,23219.8,19098.4,4121.4,60.05,17.75
2009-09-25,23219.8,19098.4,4121.4,60.05,17.75
2009-09-26,23219.8,19098.4,4121.4,60.05,17.75
2009-09-27,23219.8,19098.4,4121.4,60.05,17.75
2009-09-28,23219.8,19098.4,4121.4,60.05,17.75
2009-09-29,23219.8,19098.4,4121.4,60.05,17.75
2009-09-30,23219.8,19098.4,4121.4,60.05,17.75
2009-10-01,23225.4,18890.4,4335.0,59.99,18.66
2009-10-02,23225.4,18890.4,4335.0,59.99,18.66
2009-10-03,23225.4,18890.4,4335.0,59.99,18.66
2009-10-04,23225.4,18890.4,4335.0,59.99,18.66
2009-10-05,23225.4,18890.4,4335.0,59.99,18.66
2009-10-06,23225.4,18890.4,4335.0,59.99,18.66
2009-10-07,23225.4,18890.4,4335.0,59.99,18.66
2009-10-08,23225.4,18890.4,4335.0,59.99,18.66
2009-10-09,23225.4,18890.4,4335.0,59.99,18.66
2009-10-10,23225.4,18890.4,4335.0,59.99,18.66
2009-10-11,23225.4,18890.4,4335.0,59.99,18.66
2009-10-12,23225.4,18890.4,4335.0,59.99,18.66
2009-10-13,23225.4,18890.4,4335.0,59.99,18.66
2009-10-14,23225.4,18890.4,4335.0,59.99,18.66
2009-10-15,23225.4,18890.4,4335.0,59.99,18.66
2009-10-16,23225.4,18890.4,4335.0,59.99,18.66
2009-10-17,23225.4,18890.4,4335.0,59.99,18.66
2009-10-18,23225.4,18890.4,4335.0,59.99,18.66
2009-10-19,23225.4,18890.4,4335.0,59.99,18.66
2009-10-20,23225.4,18890.4,4335.0,59.99,18.66
2009-10-21,23225.4,18890.4,4335.0,59.99,18.66
2009-10-22,23225.4,18890.4,4335.0,59.99,18.66
2009-10-23,23225.4,18890.4,4335.0,59.99,18.66
2009-10-24,23225.4,18890.4,4335.0,59.99,18.66
2009-10-25,23225.4,18890.4,4335.0,59.99,18.66
2009-10-26,23225.4,18890.4,4335.0,59.99,18.66
2009-10-27,23225.4,18890.4,4335.0,59.99,18.66
2009-10-28,23225.4,18890.4,4335.0,59.99,18.66
2009-10-29,23225.4,18890.4,4335.0,59.99,18.66
2009-10-30,23225.4,18890.4,4335.0,59.99,18.66
2009-10-31,23225.4,18890.4,4335.0,59.99,18.66
2009-11-01,23225.4,18890.4,4335.0,59.99,18.66
2009-11-02,23225.4,18890.4,4335.0,59.99,18.66
2009-11-03,23225.4,18890.4,4335.0,59.99,18.66
2009-11-04,23225.4,18890.4,4335.0,59.99,18.66
2009-11-05,23225.4,18890.4,4335.0,59.99,18.66
2009-11-06,23225.4,18890.4,4335.0,59.99,18.66
2009-11-07,23225.4,18890.4,4335.0,59.99,18.66
2009-11-08,23225.4,18890.4,4335.0,59.99,18.66
2009-11-09,23225.4,18890.4,4335.0,59.99,18.66
2009-11-10,23225.4,18890.4,4335.0,59.99,18.66
2009-11-11,23225.4,18890.4,4335.0,59.99,18.66
2009-11-12,23225.4,18890.4,4335.0,59.99,18.66
2009-11-13,23225.4,18890.4,4335.0,59.99,18.66
2009-11-14,23225.4,18890.4,4335.0,59.99,18.66
2009-11-15,23225.4,18890.4,4335.0,59.99,18.66
2009-11-16,23225.4,18890.4,4335.0,59.99,18.66
2009-11-17,23225.4,18890.4,4335.0,59.99,18.66
2009-11-18,23225.4,18890.4,4335.0,59.99,18.66
2009-11-19,23225.4,18890.4,4335.0,59.99,18.66
2009-11-20,23225.4,18890.4,4335.0,59.99,18.66
2009-11-21,23225.4,18890.4,4335.0,59.99,18.66
2009-11-22,23225.4,18890.4,4335.0,59.99,18.66
2009-11-23,23225.4,18890.4,4335.0,59.99,18.66
2009-11-24,23225.4,18890.4,4335.0,59.99,18.66
2009-11-25,23225.4,18890.4,4335.0,59.99,18.66
2009-11-26,23225.4,18890.4,4335.0,59.99,18.66
2009-11-27,23225.4,18890.4,4335.0,59.99,18.66
2009-11-28,23225.4,18890.4,4335.0,59.99,18.66
2009-11-29,23225.4,18890.4,4335.0,59.99,18.66
2009-11-30,23225.4,18890.4,4335.0,59.99,18.66
2009-12-01,23225.4,18890.4,4335.0,59.99,18.66
2009-12-02,23225.4,18890.4,4335.0,59.99,18.66
2009-12-03,23225.4,18890.4,4335.0,59.99,18.66
2009-12-04,23225.4,18890.4,4335.0,59.99,18.66
2009-12-05,23225.4,18890.4,4335.0,59.99,18.66
2009-12-06,23225.4,18890.4,4335.0,59.99,18.66
2009-12-07,23225.4,18890.4,4335.0,59.99,18.66
2009-12-08,23225.4,18890.4,4335.0,59.99,18.66
2009-12-09,23225.4,18890.4,4335.0,59.99,18.66
2009-12-10,23225.4,18890.4,4335.0,59.99,18.66
2009-12-11,23225.4,18890.4,4335.0,59.99,18.66
2009-12-12,23225.4,18890.4,4335.0,59.99,18.66
2009-12-13,23225.4,18890.4,4335.0,59.99,18.66
2009-12-14,23225.4,18890.4,4335.0,59.99,18.66
2009-12-15,23225.4,18890.4,4335.0,59.99,18.66
2009-12-16,23225.4,18890.4,4335.0,59.99,18.66
2009-12-17,23225.4,18890.4,4335.0,59.99,18.66
2009-12-18,23225.4,18890.4,4335.0,59.99,18.66
2009-12-19,23225.4,18890.4,4335.0,59.99,18.66
2009-12-20,23225.4,18890.4,4335.0,59.99,18.66
2009-12-21,23225.4,18890.4,4335.0,59.99,18.66
2009-12-22,23225.4,18890.4,4335.0,59.99,18.66
2009-12-23,23225.4,18890.4,4335.0,59.99,18.66
2009-12-24,23225.4,18890.4,4335.0,59.99,18.66
2009-12-25,23225.4,18890.4,4335.0,59.99,18.66
2009-12-26,23225.4,18890.4,4335.0,59.99,18.66
2009-12-27,23225.4,18890.4,4335.0,59.99,18.66
2009-12-28,23225.4,18890.4,4335.0,59.99,18.66
2009-12-29,23225.4,18890.4,4335.0,59.99,18.66
2009-12-30,23225.4,18890.4,4335.0,59.99,18.66
2009-12-31,23225.4,18890.4,4335.0,59.99,18.66
2010-01-01,23270.5,18652.9,4617.7,60.09,19.84
2010-01-02,23270.5,18652.9,4617.7,60.09,19.84
2010-01-03,23270.5,18652.9,4617.7,60.09,19.84
2010-01-04,23270.5,18652.9,4617.7,60.09,19.84
2010-01-05,23270.5,18652.9,4617.7,60.09,19.84
2010-01-06,23270.5,18652.9,4617.7,60.09,19.84
2010-01-07,23270.5,18652.9,4617.7,60.09,19.84
2010-01-08,23270.5,18652.9,4617.7,60.09,19.84
2010-01-09,23270.5,18652.9,4617.7,60.09,19.84
2010-01-10,23270.5,18652.9,4617.7,60.09,19.84
2010-01-11,23270.5,18652.9,4617.7,60.09,19.84
2010-01-12,23270.5,18652.9,4617.7,60.09,19.84
2010-01-13,23270.5,18652.9,4617.7,60.09,19.84
2010-01-14,23270.5,18652.9,4617.7,60.09,19.84
2010-01-15,23270.5,18652.9,4617.7,60.09,19.84
2010-01-16,23270.5,18652.9,4617.7,60.09,19.84
2010-01-17,23270.5,18652.9,4617.7,60.09,19.84
2010-01-18,23270.5,18652.9,4617.7,60.09,19.84
2010-01-19,23270.5,18652.9,4617.7,60.09,19.84
2010-01-20,23270.5,18652.9,4617.7,60.09,19.84
2010-01-21,23270.5,18652.9,4617.7,60.09,19.84
2010-01-22,23270.5,18652.9,4617.7,60.09,19.84
2010-01-23,23270.5,18652.9,4617.7,60.09,19.84
2010-01-24,23270.5,18652.9,4617.7,60.09,19.84
2010-01-25,23270.5,18652.9,4617.7,60.09,19.84
2010-01-26,23270.5,18652.9,4617.7,60.09,19.84
2010-01-27,23270.5,18652.9,4617.7,60.09,19.84
2010-01-28,23270.5,18652.9,4617.7,60.09,19.84
2010-01-29,23270.5,18652.9,4617.7,60.09,19.84
2010-01-30,23270.5,18652.9,4617.7,60.09,19.84
2010-01-31,23270.5,18652.9,4617.7,60.09,19.84
2010-02-01,23270.5,18652.9,4617.7,60.09,19.84
2010-02-02,23270.5,18652.9,4617.7,60.09,19.84
2010-02-03,23270.5,18652.9,4617.7,60.09,19.84
2010-02-04,23270.5,18652.9,4617.7,60.09,19.84
2010-02-05,23270.5,18652.9,4617.7,60.09,19.84
2010-02-06,23270.5,18652.9,4617.7,60.09,19.84
2010-02-07,23270.5,18652.9,4617.7,60.09,19.84
2010-02-08,23270.5,18652.9,4617.7,60.09,19.84
2010-02-09,23270.5,18652.9,4617.7,60.09,19.84
2010-02-10,23270.5,18652.9,4617.7,60.09,19.84
2010-02-11,23270.5,18652.9,4617.7,60.09,19.84
2010-02-12,23270.5,18652.9,4617.7,60.09,19.84
2010-02-13,23270.5,18652.9,4617.7,60.09,19.84
2010-02-14,23270.5,18652.9,4617.7,60.09,19.84
2010-02-15,23270.5,18652.9,4617.7,60.09,19.84
2010-02-16,23270.5,18652.9,4617.7,60.09,19.84
2010-02-17,23270.5,18652.9,4617.7,60.09,19.84
2010-02-18,23270.5,18652.9,4617.7,60.09,19.84
2010-02-19,23270.5,18652.9,4617.7,60.09,19.84
2010-02-20,23270.5,18652.9,4617.7,60.09,19.84
2010-02-21,23270.5,18652.9,4617.7,60.09,19.84
2010-02-22,23270.5,18652.9,4617.7,60.09,19.84
2010-02-23,23270.5,18652.9,4617.7,60.09,19.84
2010-02-24,23270.5,18652.9,4617.7,60.09,19.84
2010-02-25,23270.5,18652.9,4617.7,60.09,19.84
2010-02-26,23270.5,18652.9,4617.7,60.09,19.84
2010-02-27,23270.5,18652.9,4617.7,60.09,19.84
2010-02-28,23270.5,18652.9,4617.7,60.09,19.84
2010-03-01,23270.5,18652.9,4617.7,60.09,19.84
2010-03-02,23270.5,18652.9,4617.7,60.09,19.84
2010-03-03,23270.5,18652.9,4617.7,60.09,19.84
2010-03-04,23270.5,18652.9,4617.7,60.09,19.84
2010-03-05,23270.5,18652.9,4617.7,60.09,19.84
2010-03-06,23270.5,18652.9,4617.7,60.09,19.84
2010-03-07,23270.5,18652.9,4617.7,60.09,19.84
2010-03-08,23270.5,18652.9,4617.7,60.09,19.84
2010-03-09,23270.5,18652.9,4617.7,60.09,19.84
2010-03-10,23270.5,18652.9,4617.7,60.09,19.84
2010-03-11,23270.5,18652.9,4617.7,60.09,19.84
2010-03-12,23270.5,18652.9,4617.7,60.09,19.84
2010-03-13,23270.5,18652.9,4617.7,60.09,19.84
2010-03-14,23270.5,18652.9,4617.7,60.09,19.84
2010-03-15,23270.5,18652.9,4617.7,60.09,19.84
2010-03-16,23270.5,18652.9,4617.7,60.09,19.84
2010-03-17,23270.5,18652.9,4617.7,60.09,19.84
2010-03-18,23270.5,18652.9,4617.7,60.09,19.84
2010-03-19,23270.5,18652.9,4617.7,60.09,19.84
2010-03-20,23270.5,18652.9,4617.7,60.09,19.84
2010-03-21,23270.5,18652.9,4617.7,60.09,19.84
2010-03-22,23270.5,18652.9,4617.7,60.09,19.84
2010-03-23,23270.5,18652.9,4617.7,60.09,19.84
2010-03-24,23270.5,18652.9,4617.7,60.09,19.84
2010-03-25,23270.5,18652.9,4617.7,60.09,19.84
2010-03-26,23270.5,18652.9,4617.7,60.09,19.84
2010-03-27,23270.5,18652.9,4617.7,60.09,19.84
2010-03-28,23270.5,18652.9,4617.7,60.09,19.84
2010-03-29,23270.5,18652.9,4617.7,60.09,19.84
2010-03-30,23270.5,18652.9,4617.7,60.09,19.84
2010-03-31,23270.5,18652.9,4617.7,60.09,19.84
2010-04-01,23406.4,18751.1,4655.3,60.41,19.89
2010-04-02,23406.4,18751.1,4655.3,60.41,19.89
2010-04-03,23406.4,18751.1,4655.3,60.41,19.89
2010-04-04,23406.4,18751.1,4655.3,60.41,19.89
2010-04-05,23406.4,18751.1,4655.3,60.41,19.89
2010-04-06,23406.4,18751.1,4655.3,60.41,19.89
2010-04-07,23406.4,18751.1,4655.3,60.41,19.89
2010-04-08,23406.4,18751.1,4655.3,60.41,19.89
2010-04-09,23406.4,18751.1,4655.3,60.41,19.89
2010-04-10,23406.4,18751.1,4655.3,60.41,19.89
2010-04-11,23406.4,18751.1,4655.3,60.41,19.89
2010-04-12,23406.4,18751.1,4655.3,60.41,19.89
2010-04-13,23406.4,18751.1,4655.3,60.41,19.89
2010-04-14,23406.4,18751.1,4655.3,60.41,19.89
2010-04-15,23406.4,18751.1,4655.3,60.41,19.89
2010-04-16,23406.4,18751.1,4655.3,60.41,19.89
2010-04-17,23406.4,18751.1,4655.3,60.41,19.89
2010-04-18,23406.4,18751.1,4655.3,60.41,19.89
2010-04-19,23406.4,18751.1,4655.3,60.41,19.89
2010-04-20,23406.4,18751.1,4655.3,60.41,19.89
2010-04-21,23406.4,18751.1,4655.3,60.41,19.89
2010-04-22,23406.4,18751.1,4655.3,60.41,19.89
2010-04-23,23406.4,18751.1,4655.3,60.41,19.89
2010-04-24,23406.4,18751.1,4655.3,60.41,19.89
2010-04-25,23406.4,18751.1,4655.3,60.41,19.89
2010-04-26,23406.4,18751.1,4655.3,60.41,19.89
2010-04-27,23406.4,18751.1,4655.3,60.41,19.89
2010-04-28,23406.4,18751.1,4655.3,60.41,19.89
2010-04-29,23406.4,18751.1,4655.3,60.41,19.89
2010-04-30,23406.4,18751.1,4655.3,60.41,19.89
2010-05-01,23406.4,18751.1,4655.3,60.41,19.89
2010-05-02,23406.4,18751.1,4655.3,60.41,19.89
2010-05-03,23406.4,18751.1,4655.3,60.41,19.89
2010-05-04,23406.4,18751.1,4655.3,60.41,19.89
2010-05-05,23406.4,18751.1,4655.3,60.41,19.89
2010-05-06,23406.4,18751.1,4655.3,60.41,19.89
2010-05-07,23406.4,18751.1,4655.3,60.41,19.89
2010-05-08,23406.4,18751.1,4655.3,60.41,19.89
2010-05-09,23406.4,18751.1,4655.3,60.41,19.89
2010-05-10,23406.4,18751.1,4655.3,60.41,19.89
2010-05-11,23406.4,18751.1,4655.3,60.41,19.89
2010-05-12,23406.4,18751.1,4655.3,60.41,19.89
2010-05-13,23406.4,18751.1,4655.3,60.41,19.89
2010-05-14,23406.4,18751.1,4655.3,60.41,19.89
2010-05-15,23406.4,18751.1,4655.3,60.41,19.89
2010-05-16,23406.4,18751.1,4655.3,60.41,19.89
2010-05-17,23406.4,18751.1,4655.3,60.41,19.89
2010-05-18,23406.4,18751.1,4655.3,60.41,19.89
2010-05-19,23406.4,18751.1,4655.3,60.41,19.89
2010-05-20,23406.4,18751.1,4655.3,60.41,19.89
2010-05-21,23406.4,18751.1,4655.3,60.41,19.89
2010-05-22,23406.4,18751.1,4655.3,60.41,19.89
2010-05-23,23406.4,18751.1,4655.3,60.41,19.89
2010-05-24,23406.4,18751.1,4655.3,60.41,19.89
2010-05-25,23406.4,18751.1,4655.3,60.41,19.89
2010-05-26,23406.4,18751.1,4655.3,60.41,19.89
2010-05-27,23406.4,18751.1,4655.3,60.41,19.89
2010-05-28,23406.4,18751.1,4655.3,60.41,19.89
2010-05-29,23406.4,18751.1,4655.3,60.41,19.89
2010-05-30,23406.4,18751.1,4655.3,60.41,19.89
2010-05-31,23406.4,18751.1,4655.3,60.41,19.89
2010-06-01,23406.4,18751.1,4655.3,60.41,19.89
2010-06-02,23406.4,18751.1,4655.3,60.41,19.89
2010-06-03,23406.4,18751.1,4655.3,60.41,19.89
2010-06-04,23406.4,18751.1,4655.3,60.41,19.89
2010-06-05,23406.4,18751.1,4655.3,60.41,19.89
2010-06-06,23406.4,18751.1,4655.3,60.41,19.89
2010-06-07,23406.4,18751.1,4655.3,60.41,19.89
2010-06-08,23406.4,18751.1,4655.3,60.41,19.89
2010-06-09,23406.4,18751.1,4655.3,60.41,19.89
2010-06-10,23406.4,18751.1,4655.3,60.41,19.89
2010-06-11,23406.4,18751.1,4655.3,60.41,19.89
2010-06-12,23406.4,18751.1,4655.3,60.41,19.89
2010-06-13,23406.4,18751.1,4655.3,60.41,19.89
2010-06-14,23406.4,18751.1,4655.3,60.41,19.89
2010-06-15,23406.4,18751.1,4655.3,60.41,19.89
2010-06-16,23406.4,18751.1,4655.3,60.41,19.89
2010-06-17,23406.4,18751.1,4655.3,60.41,19.89
2010-06-18,23406.4,18751.1,4655.3,60.41,19.89
2010-06-19,23406.4,18751.1,4655.3,60.41,19.89
2010-06-20,23406.4,18751.1,4655.3,60.41,19.89
2010-06-21,23406.4,18751.1,4655.3,60.41,19.89
2010-06-22,23406.4,18751.1,4655.3,60.41,19.89
2010-06-23,23406.4,18751.1,4655.3,60.41,19.89
2010-06-24,23406.4,18751.1,4655.3,60.41,19.89
2010-06-25,23406.4,18751.1,4655.3,60.41,19.89
2010-06-26,23406.4,18751.1,4655.3,60.41,19.89
2010-06-27,23406.4,18751.1,4655.3,60.41,19.89
2010-06-28,23406.4,18751.1,4655.3,60.41,19.89
2010-06-29,23406.4,18751.1,4655.3,60.41,19.89
2010-06-30,23406.4,18751.1,4655.3,60.41,19.89
2010-07-01,23404.4,18819.0,4585.4,60.37,19.59
2010-07-02,23404.4,18819.0,4585.4,60.37,19.59
2010-07-03,23404.4,18819.0,4585.4,60.37,19.59
2010-07-04,23404.4,18819.0,4585.4,60.37,19.59
2010-07-05,23404.4,18819.0,4585.4,60.37,19.59
2010-07-06,23404.4,18819.0,4585.4,60.37,19.59
2010-07-07,23404.4,18819.0,4585.4,60.37,19.59
2010-07-08,23404.4,18819.0,4585.4,60.37,19.59
2010-07-09,23404.4,18819.0,4585.4,60.37,19.59
2010-07-10,23404.4,18819.0,4585.4,60.37,19.59
2010-07-11,23404.4,18819.0,4585.4,60.37,19.59
2010-07-12,23404.4,18819.0,4585.4,60.37,19.59
2010-07-13,23404.4,18819.0,4585.4,60.37,19.59
2010-07-14,23404.4,18819.0,4585.4,60.37,19.59
2010-07-15,23404.4,18819.0,4585.4,60.37,19.59
2010-07-16,23404.4,18819.0,4585.4,60.37,19.59
2010-07-17,23404.4,18819.0,4585.4,60.37,19.59
2010-07-18,23404.4,18819.0,4585.4,60.37,19.59
2010-07-19,23404.4,18819.0,4585.4,60.37,19.59
2010-07-20,23404.4,18819.0,4585.4,60.37,19.59
2010-07-21,23404.4,18819.0,4585.4,60.37,19.59
2010-07-22,23404.4,18819.0,4585.4,60.37,19.59
2010-07-23,23404.4,18819.0,4585.4,60.37,19.59
2010-07-24,23404.4,18819.0,4585.4,60.37,19.59
2010-07-25,23404.4,18819.0,4585.4,60.37,19.59
2010-07-26,23404.4,18819.0,4585.4,60.37,19.59
2010-07-27,23404.4,18819.0,4585.4,60.37,19.59
2010-07-28,23404.4,18819.0,4585.4,60.37,19.59
2010-07-29,23404.4,18819.0,4585.4,60.37,19.59
2010-07-30,23404.4,18819.0,4585.4,60.37,19.59
2010-07-31,23404.4,18819.0,4585.4,60.37,19.59
2010-08-01,23404.4,18819.0,4585.4,60.37,19.59
2010-08-02,23404.4,18819.0,4585.4,60.37,19.59
2010-08-03,23404.4,18819.0,4585.4,60.37,19.59
2010-08-04,23404.4,18819.0,4585.4,60.37,19.59
2010-08-05,23404.4,18819.0,4585.4,60.37,19.59
2010-08-06,23404.4,18819.0,4585.4,60.37,19.59
2010-08-07,23404.4,18819.0,4585.4,60.37,19.59
2010-08-08,23404.4,18819.0,4585.4,60.37,19.59
2010-08-09,23404.4,18819.0,4585.4,60.37,19.59
2010-08-10,23404.4,18819.0,4585.4,60.37,19.59
2010-08-11,23404.4,18819.0,4585.4,60.37,19.59
2010-08-12,23404.4,18819.0,4585.4,60.37,19.59
2010-08-13,23404.4,18819.0,4585.4,60.37,19.59
2010-08-14,23404.4,18819.0,4585.4,60.37,19.59
2010-08-15,23404.4,18819.0,4585.4,60.37,19.59
2010-08-16,23404.4,18819.0,4585.4,60.37,19.59
2010-08-17,23404.4,18819.0,4585.4,60.37,19.59
2010-08-18,23404.4,18819.0,4585.4,60.37,19.59
2010-08-19,23404.4,18819.0,4585.4,60.37,19.59
2010-08-20,23404.4,18819.0,4585.4,60.37,19.59
2010-08-21,23404.4,18819.0,4585.4,60.37,19.59
2010-08-22,23404.4,18819.0,4585.4,60.37,19.59
2010-08-23,23404.4,18819.0,4585.4,60.37,19.59
2010-08-24,23404.4,18819.0,4585.4,60.37,19.59
2010-08-25,23404.4,18819.0,4585.4,60.37,19.59
2010-08-26,23404.4,18819.0,4585.4,60.37,19.59
2010-08-27,23404.4,18819.0,4585.4,60.37,19.59
2010-08-28,23404.4,18819.0,4585.4,60.37,19.59
2010-08-29,23404.4,18819.0,4585.4,60.37,19.59
2010-08-30,23404.4,18819.0,4585.4,60.37,19.59
2010-08-31,23404.4,18819.0,4585.4,60.37,19.59
2010-09-01,23404.4,18819.0,4585.4,60.37,19.59
2010-09-02,23404.4,18819.0,4585.4,60.37,19.59
2010-09-03,23404.4,18819.0,4585.4,60.37,19.59
2010-09-04,23404.4,18819.0,4585.4,60.37,19.59
2010-09-05,23404.4,18819.0,4585.4,60.37,19.59
2010-09-06,23404.4,18819.0,4585.4,60.37,19.59
2010-09-07,23404.4,18819.0,4585.4,60.37,19.59
2010-09-08,23404.4,18819.0,4585.4,60.37,19.59
2010-09-09,23404.4,18819.0,4585.4,60.37,19.59
2010-09-10,23404.4,18819.0,4585.4,60.37,19.59
2010-09-11,23404.4,18819.0,4585.4,60.37,19.59
2010-09-12,23404.4,18819.0,4585.4,60.37,19.59
2010-09-13,23404.4,18819.0,4585.4,60.37,19.59
2010-09-14,23404.4,18819.0,4585.4,60.37,19.59
2010-09-15,23404.4,18819.0,4585.4,60.37,19.59
2010-09-16,23404.4,18819.0,4585.4,60.37,19.59
2010-09-17,23404.4,18819.0,4585.4,60.37,19.59
2010-09-18,23404.4,18819.0,4585.4,60.37,19.59
2010-09-19,23404.4,18819.0,4585.4,60.37,19.59
2010-09-20,23404.4,18819.0,4585.4,60.37,19.59
2010-09-21,23404.4,18819.0,4585.4,60.37,19.59
2010-09-22,23404.4,18819.0,4585.4,60.37,19.59
2010-09-23,23404.4,18819.0,4585.4,60.37,19.59
2010-09-24,23404.4,18819.0,4585.4,60.37,19.59
2010-09-25,23404.4,18819.0,4585.4,60.37,19.59
2010-09-26,23404.4,18819.0,4585.4,60.37,19.59
2010-09-27,23404.4,18819.0,4585.4,60.37,19.59
2010-09-28,23404.4,18819.0,4585.4,60.37,19.59
2010-09-29,23404.4,18819.0,4585.4,60.37,19.59
2010-09-30,23404.4,18819.0,4585.4,60.37,19.59
2010-10-01,23377.1,18674.9,4702.2,60.25,20.11
2010-10-02,23377.1,18674.9,4702.2,60.25,20.11
2010-10-03,23377.1,18674.9,4702.2,60.25,20.11
2010-10-04,23377.1,18674.9,4702.2,60.25,20.11
2010-10-05,23377.1,18674.9,4702.2,60.25,20.11
2010-10-06,23377.1,18674.9,4702.2,60.25,20.11
2010-10-07,23377.1,18674.9,4702.2,60.25,20.11
2010-10-08,23377.1,18674.9,4702.2,60.25,20.11
2010-10-09,23377.1,18674.9,4702.2,60.25,20.11
2010-10-10,23377.1,18674.9,4702.2,60.25,20.11
2010-10-11,23377.1,18674.9,4702.2,60.25,20.11
2010-10-12,23377.1,18674.9,4702.2,60.25,20.11
2010-10-13,23377.1,18674.9,4702.2,60.25,20.11
2010-10-14,23377.1,18674.9,4702.2,60.25,20.11
2010-10-15,23377.1,18674.9,4702.2,60.25,20.11
2010-10-16,23377.1,18674.9,4702.2,60.25,20.11
2010-10-17,23377.1,18674.9,4702.2,60.25,20.11
2010-10-18,23377.1,18674.9,4702.2,60.25,20.11
2010-10-19,23377.1,18674.9,4702.2,60.25,20.11
2010-10-20,23377.1,18674.9,4702.2,60.25,20.11
2010-10-21,23377.1,18674.9,4702.2,60.25,20.11
2010-10-22,23377.1,18674.9,4702.2,60.25,20.11
2010-10-23,23377.1,18674.9,4702.2,60.25,20.11
2010-10-24,23377.1,18674.9,4702.2,60.25,20.11
2010-10-25,23377.1,18674.9,4702.2,60.25,20.11
2010-10-26,23377.1,18674.9,4702.2,60.25,20.11
2010-10-27,23377.1,18674.9,4702.2,60.25,20.11
2010-10-28,23377.1,18674.9,4702.2,60.25,20.11
2010-10-29,23377.1,18674.9,4702.2,60.25,20.11
2010-10-30,23377.1,18674.9,4702.2,60.25,20.11
2010-10-31,23377.1,18674.9,4702.2,60.25,20.11
2010-11-01,23377.1,18674.9,4702.2,60.25,20.11
2010-11-02,23377.1,18674.9,4702.2,60.25,20.11
2010-11-03,23377.1,18674.9,4702.2,60.25,20.11
2010-11-04,23377.1,18674.9,4702.2,60.25,20.11
2010-11-05,23377.1,18674.9,4702.2,60.25,20.11
2010-11-06,23377.1,18674.9,4702.2,60.25,20.11
2010-11-07,23377.1,18674.9,4702.2,60.25,20.11
2010-11-08,23377.1,18674.9,4702.2,60.25,20.11
2010-11-09,23377.1,18674.9,4702.2,60.25,20.11
2010-11-10,23377.1,18674.9,4702.2,60.25,20.11
2010-11-11,23377.1,18674.9,4702.2,60.25,20.11
2010-11-12,23377.1,18674.9,4702.2,60.25,20.11
2010-11-13,23377.1,18674.9,4702.2,60.25,20.11
2010-11-14,23377.1,18674.9,4702.2,60.25,20.11
2010-11-15,23377.1,18674.9,4702.2,60.25,20.11
2010-11-16,23377.1,18674.9,4702.2,60.25,20.11
2010-11-17,23377.1,18674.9,4702.2,60.25,20.11
2010-11-18,23377.1,18674.9,4702.2,60.25,20.11
2010-11-19,23377.1,18674.9,4702.2,60.25,20.11
2010-11-20,23377.1,18674.9,4702.2,60.25,20.11
2010-11-21,23377.1,18674.9,4702.2,60.25,20.11
2010-11-22,23377.1,18674.9,4702.2,60.25,20.11
2010-11-23,23377.1,18674.9,4702.2,60.25,20.11
2010-11-24,23377.1,18674.9,4702.2,60.25,20.11
2010-11-25,23377.1,18674.9,4702.2,60.25,20.11
2010-11-26,23377.1,18674.9,4702.2,60.25,20.11
2010-11-27,23377.1,18674.9,4702.2,60.25,20.11
2010-11-28,23377.1,18674.9,4702.2,60.25,20.11
2010-11-29,23377.1,18674.9,4702.2,60.25,20.11
2010-11-30,23377.1,18674.9,4702.2,60.25,20.11
2010-12-01,23377.1,18674.9,4702.2,60.25,20.11
2010-12-02,23377.1,18674.9,4702.2,60.25,20.11
2010-12-03,23377.1,18674.9,4702.2,60.25,20.11
2010-12-04,23377.1,18674.9,4702.2,60.25,20.11
2010-12-05,23377.1,18674.9,4702.2,60.25,20.11
2010-12-06,23377.1,18674.9,4702.2,60.25,20.11
2010-12-07,23377.1,18674.9,4702.2,60.25,20.11
2010-12-08,23377.1,18674.9,4702.2,60.25,20.11
2010-12-09,23377.1,18674.9,4702.2,60.25,20.11
2010-12-10,23377.1,18674.9,4702.2,60.25,20.11
2010-12-11,23377.1,18674.9,4702.2,60.25,20.11
2010-12-12,23377.1,18674.9,4702.2,60.25,20.11
2010-12-13,23377.1,18674.9,4702.2,60.25,20.11
2010-12-14,23377.1,18674.9,4702.2,60.25,20.11
2010-12-15,23377.1,18674.9,4702.2,60.25,20.11
2010-12-16,23377.1,18674.9,4702.2,60.25,20.11
2010-12-17,23377.1,18674.9,4702.2,60.25,20.11
2010-12-18,23377.1,18674.9,4702.2,60.25,20.11
2010-12-19,23377.1,18674.9,4702.2,60.25,20.11
2010-12-20,23377.1,18674.9,4702.2,60.25,20.11
2010-12-21,23377.1,18674.9,4702.2,60.25,20.11
2010-12-22,23377.1,18674.9,4702.2,60.25,20.11
2010-12-23,23377.1,18674.9,4702.2,60.25,20.11
2010-12-24,23377.1,18674.9,4702.2,60.25,20.11
2010-12-25,23377.1,18674.9,4702.2,60.25,20.11
2010-12-26,23377.1,18674.9,4702.2,60.25,20.11
2010-12-27,23377.1,18674.9,4702.2,60.25,20.11
2010-12-28,23377.1,18674.9,4702.2,60.25,20.11
2010-12-29,23377.1,18674.9,4702.2,60.25,20.11
2010-12-30,23377.1,18674.9,4702.2,60.25,20.11
2010-12-31,23377.1,18674.9,4702.2,60.25,20.11
2011-01-01,23347.3,18426.2,4921.2,60.16,21.08
2011-01-02,23347.3,18426.2,4921.2,60.16,21.08
2011-01-03,23347.3,18426.2,4921.2,60.16,21.08
2011-01-04,23347.3,18426.2,4921.2,60.16,21.08
2011-01-05,23347.3,18426.2,4921.2,60.16,21.08
2011-01-06,23347.3,18426.2,4921.2,60.16,21.08
2011-01-07,23347.3,18426.2,4921.2,60.16,21.08
2011-01-08,23347.3,18426.2,4921.2,60.16,21.08
2011-01-09,23347.3,18426.2,4921.2,60.16,21.08
2011-01-10,23347.3,18426.2,4921.2,60.16,21.08
2011-01-11,23347.3,18426.2,4921.2,60.16,21.08
2011-01-12,23347.3,18426.2,4921.2,60.16,21.08
2011-01-13,23347.3,18426.2,4921.2,60.16,21.08
2011-01-14,23347.3,18426.2,4921.2,60.16,21.08
2011-01-15,23347.3,18426.2,4921.2,60.16,21.08
2011-01-16,23347.3,18426.2,4921.2,60.16,21.08
2011-01-17,23347.3,18426.2,4921.2,60.16,21.08
2011-01-18,23347.3,18426.2,4921.2,60.16,21.08
2011-01-19,23347.3,18426.2,4921.2,60.16,21.08
2011-01-20,23347.3,18426.2,4921.2,60.16,21.08
2011-01-21,23347.3,18426.2,4921.2,60.16,21.08
2011-01-22,23347.3,18426.2,4921.2,60.16,21.08
2011-01-23,23347.3,18426.2,4921.2,60.16,21.08
2011-01-24,23347.3,18426.2,4921.2,60.16,21.08
2011-01-25,23347.3,18426.2,4921.2,60.16,21.08
2011-01-26,23347.3,18426.2,4921.2,60.16,21.08
2011-01-27,23347.3,18426.2,4921.2,60.16,21.08
2011-01-28,23347.3,18426.2,4921.2,60.16,21.08
2011-01-29,23347.3,18426.2,4921.2,60.16,21.08
2011-01-30,23347.3,18426.2,4921.2,60.16,21.08
2011-01-31,23347.3,18426.2,4921.2,60.16,21.08
2011-02-01,23347.3,18426.2,4921.2,60.16,21.08
2011-02-02,23347.3,18426.2,4921.2,60.16,21.08
2011-02-03,23347.3,18426.2,4921.2,60.16,21.08
2011-02-04,23347.3,18426.2,4921.2,60.16,21.08
2011-02-05,23347.3,18426.2,4921.2,60.16,21.08
2011-02-06,23347.3,18426.2,4921.2,60.16,21.08
2011-02-07,23347.3,18426.2,4921.2,60.16,21.08
2011-02-08,23347.3,18426.2,4921.2,60.16,21.08
2011-02-09,23347.3,18426.2,4921.2,60.16,21.08
2011-02-10,23347.3,18426.2,4921.2,60.16,21.08
2011-02-11,23347.3,18426.2,4921.2,60.16,21.08
2011-02-12,23347.3,18426.2,4921.2,60.16,21.08
2011-02-13,23347.3,18426.2,4921.2,60.16,21.08
2011-02-14,23347.3,18426.2,4921.2,60.16,21.08
2011-02-15,23347.3,18426.2,4921.2,60.16,21.08
2011-02-16,23347.3,18426.2,4921.2,60.16,21.08
2011-02-17,23347.3,18426.2,4921.2,60.16,21.08
2011-02-18,23347.3,18426.2,4921.2,60.16,21.08
2011-02-19,23347.3,18426.2,4921.2,60.16,21.08
2011-02-20,23347.3,18426.2,4921.2,60.16,21.08
2011-02-21,23347.3,18426.2,4921.2,60.16,21.08
2011-02-22,23347.3,18426.2,4921.2,60.16,21.08
2011-02-23,23347.3,18426.2,4921.2,60.16,21.08
2011-02-24,23347.3,18426.2,4921.2,60.16,21.08
2011-02-25,23347.3,18426.2,4921.2,60.16,21.08
2011-02-26,23347.3,18426.2,4921.2,60.16,21.08
2011-02-27,23347.3,18426.2,4921.2,60.16,21.08
2011-02-28,23347.3,18426.2,4921.2,60.16,21.08
2011-03-01,23347.3,18426.2,4921.2,60.16,21.08
2011-03-02,23347.3,18426.2,4921.2,60.16,21.08
2011-03-03,23347.3,18426.2,4921.2,60.16,21.08
2011-03-04,23347.3,18426.2,4921.2,60.16,21.08
2011-03-05,23347.3,18426.2,4921.2,60.16,21.08
2011-03-06,23347.3,18426.2,4921.2,60.16,21.08
2011-03-07,23347.3,18426.2,4921.2,60.16,21.08
2011-03-08,23347.3,18426.2,4921.2,60.16,21.08
2011-03-09,23347.3,18426.2,4921.2,60.16,21.08
2011-03-10,23347.3,18426.2,4921.2,60.16,21.08
2011-03-11,23347.3,18426.2,4921.2,60.16,21.08
2011-03-12,23347.3,18426.2,4921.2,60.16,21.08
2011-03-13,23347.3,18426.2,4921.2,60.16,21.08
2011-03-14,23347.3,18426.2,4921.2,60.16,21.08
2011-03-15,23347.3,18426.2,4921.2,60.16,21.08
2011-03-16,23347.3,18426.2,4921.2,60.16,21.08
2011-03-17,23347.3,18426.2,4921.2,60.16,21.08
2011-03-18,23347.3,18426.2,4921.2,60.16,21.08
2011-03-19,23347.3,18426.2,4921.2,60.16,21.08
2011-03-20,23347.3,18426.2,4921.2,60.16,21.08
2011-03-21,23347.3,18426.2,4921.2,60.16,21.08
2011-03-22,23347.3,18426.2,4921.2,60.16,21.08
2011-03-23,23347.3,18426.2,4921.2,60.16,21.08
2011-03-24,23347.3,18426.2,4921.2,60.16,21.08
2011-03-25,23347.3,18426.2,4921.2,60.16,21.08
2011-03-26,23347.3,18426.2,4921.2,60.16,21.08
2011-03-27,23347.3,18426.2,4921.2,60.16,21.08
2011-03-28,23347.3,18426.2,4921.2,60.16,21.08
2011-03-29,23347.3,18426.2,4921.2,60.16,21.08
2011-03-30,23347.3,18426.2,4921.2,60.16,21.08
2011-03-31,23347.3,18426.2,4921.2,60.16,21.08
2011-04-01,23466.2,18622.0,4844.2,60.44,20.64
2011-04-02,23466.2,18622.0,4844.2,60.44,20.64
2011-04-03,23466.2,18622.0,4844.2,60.44,20.64
2011-04-04,23466.2,18622.0,4844.2,60.44,20.64
2011-04-05,23466.2,18622.0,4844.2,60.44,20.64
2011-04-06,23466.2,18622.0,4844.2,60.44,20.64
2011-04-07,23466.2,18622.0,4844.2,60.44,20.64
2011-04-08,23466.2,18622.0,4844.2,60.44,20.64
2011-04-09,23466.2,18622.0,4844.2,60.44,20.64
2011-04-10,23466.2,18622.0,4844.2,60.44,20.64
2011-04-11,23466.2,18622.0,4844.2,60.44,20.64
2011-04-12,23466.2,18622.0,4844.2,60.44,20.64
2011-04-13,23466.2,18622.0,4844.2,60.44,20.64
2011-04-14,23466.2,18622.0,4844.2,60.44,20.64
2011-04-15,23466.2,18622.0,4844.2,60.44,20.64
2011-04-16,23466.2,18622.0,4844.2,60.44,20.64
2011-04-17,23466.2,18622.0,4844.2,60.44,20.64
2011-04-18,23466.2,18622.0,4844.2,60.44,20.64
2011-04-19,23466.2,18622.0,4844.2,60.44,20.64
2011-04-20,23466.2,18622.0,4844.2,60.44,20.64
2011-04-21,23466.2,18622.0,4844.2,60.44,20.64
2011-04-22,23466.2,18622.0,4844.2,60.44,20.64
2011-04-23,23466.2,18622.0,4844.2,60.44,20.64
2011-04-24,23466.2,18622.0,4844.2,60.44,20.64
2011-04-25,23466.2,18622.0,4844.2,60.44,20.64
2011-04-26,23466.2,18622.0,4844.2,60.44,20.64
2011-04-27,23466.2,18622.0,4844.2,60.44,20.64
2011-04-28,23466.2,18622.0,4844.2,60.44,20.64
2011-04-29,23466.2,18622.0,4844.2,60.44,20.64
2011-04-30,23466.2,18622.0,4844.2,60.44,20.64
2011-05-01,23466.2,18622.0,4844.2,60.44,20.64
2011-05-02,23466.2,18622.0,4844.2,60.44,20.64
2011-05-03,23466.2,18622.0,4844.2,60.44,20.64
2011-05-04,23466.2,18622.0,4844.2,60.44,20.64
2011-05-05,23466.2,18622.0,4844.2,60.44,20.64
2011-05-06,23466.2,18622.0,4844.2,60.44,20.64
2011-05-07,23466.2,18622.0,4844.2,60.44,20.64
2011-05-08,23466.2,18622.0,4844.2,60.44,20.64
2011-05-09,23466.2,18622.0,4844.2,60.44,20.64
2011-05-10,23466.2,18622.0,4844.2,60.44,20.64
2011-05-11,23466.2,18622.0,4844.2,60.44,20.64
2011-05-12,23466.2,18622.0,4844.2,60.44,20.64
2011-05-13,23466.2,18622.0,4844.2,60.44,20.64
2011-05-14,23466.2,18622.0,4844.2,60.44,20.64
2011-05-15,23466.2,18622.0,4844.2,60.44,20.64
2011-05-16,23466.2,18622.0,4844.2,60.44,20.64
2011-05-17,23466.2,18622.0,4844.2,60.44,20.64
2011-05-18,23466.2,18622.0,4844.2,60.44,20.64
2011-05-19,23466.2,18622.0,4844.2,60.44,20.64
2011-05-20,23466.2,18622.0,4844.2,60.44,20.64
2011-05-21,23466.2,18622.0,4844.2,60.44,20.64
2011-05-22,23466.2,18622.0,4844.2,60.44,20.64
2011-05-23,23466.2,18622.0,4844.2,60.44,20.64
2011-05-24,23466.2,18622.0,4844.2,60.44,20.64
2011-05-25,23466.2,18622.0,4844.2,60.44,20.64
2011-05-26,23466.2,18622.0,4844.2,60.44,20.64
2011-05-27,23466.2,18622.0,4844.2,60.44,20.64
2011-05-28,23466.2,18622.0,4844.2,60.44,20.64
2011-05-29,23466.2,18622.0,4844.2,60.44,20.64
2011-05-30,23466.2,18622.0,4844.2,60.44,20.64
2011-05-31,23466.2,18622.0,4844.2,60.44,20.64
2011-06-01,23466.2,18622.0,4844.2,60.44,20.64
2011-06-02,23466.2,18622.0,4844.2,60.44,20.64
2011-06-03,23466.2,18622.0,4844.2,60.44,20.64
2011-06-04,23466.2,18622.0,4844.2,60.44,20.64
2011-06-05,23466.2,18622.0,4844.2,60.44,20.64
2011-06-06,23466.2,18622.0,4844.2,60.44,20.64
2011-06-07,23466.2,18622.0,4844.2,60.44,20.64
2011-06-08,23466.2,18622.0,4844.2,60.44,20.64
2011-06-09,23466.2,18622.0,4844.2,60.44,20.64
2011-06-10,23466.2,18622.0,4844.2,60.44,20.64
2011-06-11,23466.2,18622.0,4844.2,60.44,20.64
2011-06-12,23466.2,18622.0,4844.2,60.44,20.64
2011-06-13,23466.2,18622.0,4844.2,60.44,20.64
2011-06-14,23466.2,18622.0,4844.2,60.44,20.64
2011-06-15,23466.2,18622.0,4844.2,60.44,20.64
2011-06-16,23466.2,18622.0,4844.2,60.44,20.64
2011-06-17,23466.2,18622.0,4844.2,60.44,20.64
2011-06-18,23466.2,18622.0,4844.2,60.44,20.64
2011-06-19,23466.2,18622.0,4844.2,60.44,20.64
2011-06-20,23466.2,18622.0,4844.2,60.44,20.64
2011-06-21,23466.2,18622.0,4844.2,60.44,20.64
2011-06-22,23466.2,18622.0,4844.2,60.44,20.64
2011-06-23,23466.2,18622.0,4844.2,60.44,20.64
2011-06-24,23466.2,18622.0,4844.2,60.44,20.64
2011-06-25,23466.2,18622.0,4844.2,60.44,20.64
2011-06-26,23466.2,18622.0,4844.2,60.44,20.64
2011-06-27,23466.2,18622.0,4844.2,60.44,20.64
2011-06-28,23466.2,18622.0,4844.2,60.44,20.64
2011-06-29,23466.2,18622.0,4844.2,60.44,20.64
2011-06-30,23466.2,18622.0,4844.2,60.44,20.64
2011-07-01,23482.5,18484.5,4998.0,60.44,21.28
2011-07-02,23482.5,18484.5,4998.0,60.44,21.28
2011-07-03,23482.5,18484.5,4998.0,60.44,21.28
2011-07-04,23482.5,18484.5,4998.0,60.44,21.28
2011-07-05,23482.5,18484.5,4998.0,60.44,21.28
2011-07-06,23482.5,18484.5,4998.0,60.44,21.28
2011-07-07,23482.5,18484.5,4998.0,60.44,21.28
2011-07-08,23482.5,18484.5,4998.0,60.44,21.28
2011-07-09,23482.5,18484.5,4998.0,60.44,21.28
2011-07-10,23482.5,18484.5,4998.0,60.44,21.28
2011-07-11,23482.5,18484.5,4998.0,60.44,21.28
2011-07-12,23482.5,18484.5,4998.0,60.44,21.28
2011-07-13,23482.5,18484.5,4998.0,60.44,21.28
2011-07-14,23482.5,18484.5,4998.0,60.44,21.28
2011-07-15,23482.5,18484.5,4998.0,60.44,21.28
2011-07-16,23482.5,18484.5,4998.0,60.44,21.28
2011-07-17,23482.5,18484.5,4998.0,60.44,21.28
2011-07-18,23482.5,18484.5,4998.0,60.44,21.28
2011-07-19,23482.5,18484.5,4998.0,60.44,21.28
2011-07-20,23482.5,18484.5,4998.0,60.44,21.28
2011-07-21,23482.5,18484.5,4998.0,60.44,21.28
2011-07-22,23482.5,18484.5,4998.0,60.44,21.28
2011-07-23,23482.5,18484.5,4998.0,60.44,21.28
2011-07-24,23482.5,18484.5,4998.0,60.44,21.28
2011-07-25,23482.5,18484.5,4998.0,60.44,21.28
2011-07-26,23482.5,18484.5,4998.0,60.44,21.28
2011-07-27,23482.5,18484.5,4998.0,60.44,21.28
2011-07-28,23482.5,18484.5,4998.0,60.44,21.28
2011-07-29,23482.5,18484.5,4998.0,60.44,21.28
2011-07-30,23482.5,18484.5,4998.0,60.44,21.28
2011-07-31,23482.5,18484.5,4998.0,60.44,21.28
2011-08-01,23482.5,18484.5,4998.0,60.44,21.28
2011-08-02,23482.5,18484.5,4998.0,60.44,21.28
2011-08-03,23482.5,18484.5,4998.0,60.44,21.28
2011-08-04,23482.5,18484.5,4998.0,60.44,21.28
2011-08-05,23482.5,18484.5,4998.0,60.44,21.28
2011-08-06,23482.5,18484.5,4998.0,60.44,21.28
2011-08-07,23482.5,18484.5,4998.0,60.44,21.28
2011-08-08,23482.5,18484.5,4998.0,60.44,21.28
2011-08-09,23482.5,18484.5,4998.0,60.44,21.28
2011-08-10,23482.5,18484.5,4998.0,60.44,21.28
2011-08-11,23482.5,18484.5,4998.0,60.44,21.28
2011-08-12,23482.5,18484.5,4998.0,60.44,21.28
2011-08-13,23482.5,18484.5,4998.0,60.44,21.28
2011-08-14,23482.5,18484.5,4998.0,60.44,21.28
2011-08-15,23482.5,18484.5,4998.0,60.44,21.28
2011-08-16,23482.5,18484.5,4998.0,60.44,21.28
2011-08-17,23482.5,18484.5,4998.0,60.44,21.28
2011-08-18,23482.5,18484.5,4998.0,60.44,21.28
2011-08-19,23482.5,18484.5,4998.0,60.44,21.28
2011-08-20,23482.5,18484.5,4998.0,60.44,21.28
2011-08-21,23482.5,18484.5,4998.0,60.44,21.28
2011-08-22,23482.5,18484.5,4998.0,60.44,21.28
2011-08-23,23482.5,18484.5,4998.0,60.44,21.28
2011-08-24,23482.5,18484.5,4998.0,60.44,21.28
2011-08-25,23482.5,18484.5,4998.0,60.44,21.28
2011-08-26,23482.5,18484.5,4998.0,60.44,21.28
2011-08-27,23482.5,18484.5,4998.0,60.44,21.28
2011-08-28,23482.5,18484.5,4998.0,60.44,21.28
2011-08-29,23482.5,18484.5,4998.0,60.44,21.28
2011-08-30,23482.5,18484.5,4998.0,60.44,21.28
2011-08-31,23482.5,18484.5,4998.0,60.44,21.28
2011-09-01,23482.5,18484.5,4998.0,60.44,21.28
2011-09-02,23482.5,18484.5,4998.0,60.44,21.28
2011-09-03,23482.5,18484.5,4998.0,60.44,21.28
2011-09-04,23482.5,18484.5,4998.0,60.44,21.28
2011-09-05,23482.5,18484.5,4998.0,60.44,21.28
2011-09-06,23482.5,18484.5,4998.0,60.44,21.28
2011-09-07,23482.5,18484.5,4998.0,60.44,21.28
2011-09-08,23482.5,18484.5,4998.0,60.44,21.28
2011-09-09,23482.5,18484.5,4998.0,60.44,21.28
2011-09-10,23482.5,18484.5,4998.0,60.44,21.28
2011-09-11,23482.5,18484.5,4998.0,60.44,21.28
2011-09-12,23482.5,18484.5,4998.0,60.44,21.28
2011-09-13,23482.5,18484.5,4998.0,60.44,21.28
2011-09-14,23482.5,18484.5,4998.0,60.44,21.28
2011-09-15,23482.5,18484.5,4998.0,60.44,21.28
2011-09-16,23482.5,18484.5,4998.0,60.44,21.28
2011-09-17,23482.5,18484.5,4998.0,60.44,21.28
2011-09-18,23482.5,18484.5,4998.0,60.44,21.28
2011-09-19,23482.5,18484.5,4998.0,60.44,21.28
2011-09-20,23482.5,18484.5,4998.0,60.44,21.28
2011-09-21,23482.5,18484.5,4998.0,60.44,21.28
2011-09-22,23482.5,18484.5,4998.0,60.44,21.28
2011-09-23,23482.5,18484.5,4998.0,60.44,21.28
2011-09-24,23482.5,18484.5,4998.0,60.44,21.28
2011-09-25,23482.5,18484.5,4998.0,60.44,21.28
2011-09-26,23482.5,18484.5,4998.0,60.44,21.28
2011-09-27,23482.5,18484.5,4998.0,60.44,21.28
2011-09-28,23482.5,18484.5,4998.0,60.44,21.28
2011-09-29,23482.5,18484.5,4998.0,60.44,21.28
2011-09-30,23482.5,18484.5,4998.0,60.44,21.28
2011-10-01,23440.3,18153.0,5287.3,60.29,22.56
2011-10-02,23440.3,18153.0,5287.3,60.29,22.56
2011-10-03,23440.3,18153.0,5287.3,60.29,22.56
2011-10-04,23440.3,18153.0,5287.3,60.29,22.56
2011-10-05,23440.3,18153.0,5287.3,60.29,22.56
2011-10-06,23440.3,18153.0,5287.3,60.29,22.56
2011-10-07,23440.3,18153.0,5287.3,60.29,22.56
2011-10-08,23440.3,18153.0,5287.3,60.29,22.56
2011-10-09,23440.3,18153.0,5287.3,60.29,22.56
2011-10-10,23440.3,18153.0,5287.3,60.29,22.56
2011-10-11,23440.3,18153.0,5287.3,60.29,22.56
2011-10-12,23440.3,18153.0,5287.3,60.29,22.56
2011-10-13,23440.3,18153.0,5287.3,60.29,22.56
2011-10-14,23440.3,18153.0,5287.3,60.29,22.56
2011-10-15,23440.3,18153.0,5287.3,60.29,22.56
2011-10-16,23440.3,18153.0,5287.3,60.29,22.56
2011-10-17,23440.3,18153.0,5287.3,60.29,22.56
2011-10-18,23440.3,18153.0,5287.3,60.29,22.56
2011-10-19,23440.3,18153.0,5287.3,60.29,22.56
2011-10-20,23440.3,18153.0,5287.3,60.29,22.56
2011-10-21,23440.3,18153.0,5287.3,60.29,22.56
2011-10-22,23440.3,18153.0,5287.3,60.29,22.56
2011-10-23,23440.3,18153.0,5287.3,60.29,22.56
2011-10-24,23440.3,18153.0,5287.3,60.29,22.56
2011-10-25,23440.3,18153.0,5287.3,60.29,22.56
2011-10-26,23440.3,18153.0,5287.3,60.29,22.56
2011-10-27,23440.3,18153.0,5287.3,60.29,22.56
2011-10-28,23440.3,18153.0,5287.3,60.29,22.56
2011-10-29,23440.3,18153.0,5287.3,60.29,22.56
2011-10-30,23440.3,18153.0,5287.3,60.29,22.56
2011-10-31,23440.3,18153.0,5287.3,60.29,22.56
2011-11-01,23440.3,18153.0,5287.3,60.29,22.56
2011-11-02,23440.3,18153.0,5287.3,60.29,22.56
2011-11-03,23440.3,18153.0,5287.3,60.29,22.56
2011-11-04,23440.3,18153.0,5287.3,60.29,22.56
2011-11-05,23440.3,18153.0,5287.3,60.29,22.56
2011-11-06,23440.3,18153.0,5287.3,60.29,22.56
2011-11-07,23440.3,18153.0,5287.3,60.29,22.56
2011-11-08,23440.3,18153.0,5287.3,60.29,22.56
2011-11-09,23440.3,18153.0,5287.3,60.29,22.56
2011-11-10,23440.3,18153.0,5287.3,60.29,22.56
2011-11-11,23440.3,18153.0,5287.3,60.29,22.56
2011-11-12,23440.3,18153.0,5287.3,60.29,22.56
2011-11-13,23440.3,18153.0,5287.3,60.29,22.56
2011-11-14,23440.3,18153.0,5287.3,60.29,22.56
2011-11-15,23440.3,18153.0,5287.3,60.29,22.56
2011-11-16,23440.3,18153.0,5287.3,60.29,22.56
2011-11-17,23440.3,18153.0,5287.3,60.29,22.56
2011-11-18,23440.3,18153.0,5287.3,60.29,22.56
2011-11-19,23440.3,18153.0,5287.3,60.29,22.56
2011-11-20,23440.3,18153.0,5287.3,60.29,22.56
2011-11-21,23440.3,18153.0,5287.3,60.29,22.56
2011-11-22,23440.3,18153.0,5287.3,60.29,22.56
2011-11-23,23440.3,18153.0,5287.3,60.29,22.56
2011-11-24,23440.3,18153.0,5287.3,60.29,22.56
2011-11-25,23440.3,18153.0,5287.3,60.29,22.56
2011-11-26,23440.3,18153.0,5287.3,60.29,22.56
2011-11-27,23440.3,18153.0,5287.3,60.29,22.56
2011-11-28,23440.3,18153.0,5287.3,60.29,22.56
2011-11-29,23440.3,18153.0,5287.3,60.29,22.56
2011-11-30,23440.3,18153.0,5287.3,60.29,22.56
2011-12-01,23440.3,18153.0,5287.3,60.29,22.56
2011-12-02,23440.3,18153.0,5287.3,60.29,22.56
2011-12-03,23440.3,18153.0,5287.3,60.29,22.56
2011-12-04,23440.3,18153.0,5287.3,60.29,22.56
2011-12-05,23440.3,18153.0,5287.3,60.29,22.56
2011-12-06,23440.3,18153.0,5287.3,60.29,22.56
2011-12-07,23440.3,18153.0,5287.3,60.29,22.56
2011-12-08,23440.3,18153.0,5287.3,60.29,22.56
2011-12-09,23440.3,18153.0,5287.3,60.29,22.56
2011-12-10,23440.3,18153.0,5287.3,60.29,22.56
2011-12-11,23440.3,18153.0,5287.3,60.29,22.56
2011-12-12,23440.3,18153.0,5287.3,60.29,22.56
2011-12-13,23440.3,18153.0,5287.3,60.29,22.56
2011-12-14,23440.3,18153.0,5287.3,60.29,22.56
2011-12-15,23440.3,18153.0,5287.3,60.29,22.56
2011-12-16,23440.3,18153.0,5287.3,60.29,22.56
2011-12-17,23440.3,18153.0,5287.3,60.29,22.56
2011-12-18,23440.3,18153.0,5287.3,60.29,22.56
2011-12-19,23440.3,18153.0,5287.3,60.29,22.56
2011-12-20,23440.3,18153.0,5287.3,60.29,22.56
2011-12-21,23440.3,18153.0,5287.3,60.29,22.56
2011-12-22,23440.3,18153.0,5287.3,60.29,22.56
2011-12-23,23440.3,18153.0,5287.3,60.29,22.56
2011-12-24,23440.3,18153.0,5287.3,60.29,22.56
2011-12-25,23440.3,18153.0,5287.3,60.29,22.56
2011-12-26,23440.3,18153.0,5287.3,60.29,22.56
2011-12-27,23440.3,18153.0,5287.3,60.29,22.56
2011-12-28,23440.3,18153.0,5287.3,60.29,22.56
2011-12-29,23440.3,18153.0,5287.3,60.29,22.56
2011-12-30,23440.3,18153.0,5287.3,60.29,22.56
2011-12-31,23440.3,18153.0,5287.3,60.29,22.56
2012-01-01,23433.0,17765.1,5667.9,60.31,24.19
2012-01-02,23433.0,17765.1,5667.9,60.31,24.19
2012-01-03,23433.0,17765.1,5667.9,60.31,24.19
2012-01-04,23433.0,17765.1,5667.9,60.31,24.19
2012-01-05,23433.0,17765.1,5667.9,60.31,24.19
2012-01-06,23433.0,17765.1,5667.9,60.31,24.19
2012-01-07,23433.0,17765.1,5667.9,60.31,24.19
2012-01-08,23433.0,17765.1,5667.9,60.31,24.19
2012-01-09,23433.0,17765.1,5667.9,60.31,24.19
2012-01-10,23433.0,17765.1,5667.9,60.31,24.19
2012-01-11,23433.0,17765.1,5667.9,60.31,24.19
2012-01-12,23433.0,17765.1,5667.9,60.31,24.19
2012-01-13,23433.0,17765.1,5667.9,60.31,24.19
2012-01-14,23433.0,17765.1,5667.9,60.31,24.19
2012-01-15,23433.0,17765.1,5667.9,60.31,24.19
2012-01-16,23433.0,17765.1,5667.9,60.31,24.19
2012-01-17,23433.0,17765.1,5667.9,60.31,24.19
2012-01-18,23433.0,17765.1,5667.9,60.31,24.19
2012-01-19,23433.0,17765.1,5667.9,60.31,24.19
2012-01-20,23433.0,17765.1,5667.9,60.31,24.19
2012-01-21,23433.0,17765.1,5667.9,60.31,24.19
2012-01-22,23433.0,17765.1,5667.9,60.31,24.19
2012-01-23,23433.0,17765.1,5667.9,60.31,24.19
2012-01-24,23433.0,17765.1,5667.9,60.31,24.19
2012-01-25,23433.0,17765.1,5667.9,60.31,24.19
2012-01-26,23433.0,17765.1,5667.9,60.31,24.19
2012-01-27,23433.0,17765.1,5667.9,60.31,24.19
2012-01-28,23433.0,17765.1,5667.9,60.31,24.19
2012-01-29,23433.0,17765.1,5667.9,60.31,24.19
2012-01-30,23433.0,17765.1,5667.9,60.31,24.19
2012-01-31,23433.0,17765.1,5667.9,60.31,24.19
2012-02-01,23433.0,17765.1,5667.9,60.31,24.19
2012-02-02,23433.0,17765.1,5667.9,60.31,24.19
2012-02-03,23433.0,17765.1,5667.9,60.31,24.19
2012-02-04,23433.0,17765.1,5667.9,60.31,24.19
2012-02-05,23433.0,17765.1,5667.9,60.31,24.19
2012-02-06,23433.0,17765.1,5667.9,60.31,24.19
2012-02-07,23433.0,17765.1,5667.9,60.31,24.19
2012-02-08,23433.0,17765.1,5667.9,60.31,24.19
2012-02-09,23433.0,17765.1,5667.9,60.31,24.19
2012-02-10,23433.0,17765.1,5667.9,60.31,24.19
2012-02-11,23433.0,17765.1,5667.9,60.31,24.19
2012-02-12,23433.0,17765.1,5667.9,60.31,24.19
2012-02-13,23433.0,17765.1,5667.9,60.31,24.19
2012-02-14,23433.0,17765.1,5667.9,60.31,24.19
2012-02-15,23433.0,17765.1,5667.9,60.31,24.19
2012-02-16,23433.0,17765.1,5667.9,60.31,24.19
2012-02-17,23433.0,17765.1,5667.9,60.31,24.19
2012-02-18,23433.0,17765.1,5667.9,60.31,24.19
2012-02-19,23433.0,17765.1,5667.9,60.31,24.19
2012-02-20,23433.0,17765.1,5667.9,60.31,24.19
2012-02-21,23433.0,17765.1,5667.9,60.31,24.19
2012-02-22,23433.0,17765.1,5667.9,60.31,24.19
2012-02-23,23433.0,17765.1,5667.9,60.31,24.19
2012-02-24,23433.0,17765.1,5667.9,60.31,24.19
2012-02-25,23433.0,17765.1,5667.9,60.31,24.19
2012-02-26,23433.0,17765.1,5667.9,60.31,24.19
2012-02-27,23433.0,17765.1,5667.9,60.31,24.19
2012-02-28,23433.0,17765.1,5667.9,60.31,24.19
2012-02-29,23433.0,17765.1,5667.9,60.31,24.19
2012-03-01,23433.0,17765.1,5667.9,60.31,24.19
2012-03-02,23433.0,17765.1,5667.9,60.31,24.19
2012-03-03,23433.0,17765.1,5667.9,60.31,24.19
2012-03-04,23433.0,17765.1,5667.9,60.31,24.19
2012-03-05,23433.0,17765.1,5667.9,60.31,24.19
2012-03-06,23433.0,17765.1,5667.9,60.31,24.19
2012-03-07,23433.0,17765.1,5667.9,60.31,24.19
2012-03-08,23433.0,17765.1,5667.9,60.31,24.19
2012-03-09,23433.0,17765.1,5667.9,60.31,24.19
2012-03-10,23433.0,17765.1,5667.9,60.31,24.19
2012-03-11,23433.0,17765.1,5667.9,60.31,24.19
2012-03-12,23433.0,17765.1,5667.9,60.31,24.19
2012-03-13,23433.0,17765.1,5667.9,60.31,24.19
2012-03-14,23433.0,17765.1,5667.9,60.31,24.19
2012-03-15,23433.0,17765.1,5667.9,60.31,24.19
2012-03-16,23433.0,17765.1,5667.9,60.31,24.19
2012-03-17,23433.0,17765.1,5667.9,60.31,24.19
2012-03-18,23433.0,17765.1,5667.9,60.31,24.19
2012-03-19,23433.0,17765.1,5667.9,60.31,24.19
2012-03-20,23433.0,17765.1,5667.9,60.31,24.19
2012-03-21,23433.0,17765.1,5667.9,60.31,24.19
2012-03-22,23433.0,17765.1,5667.9,60.31,24.19
2012-03-23,23433.0,17765.1,5667.9,60.31,24.19
2012-03-24,23433.0,17765.1,5667.9,60.31,24.19
2012-03-25,23433.0,17765.1,5667.9,60.31,24.19
2012-03-26,23433.0,17765.1,5667.9,60.31,24.19
2012-03-27,23433.0,17765.1,5667.9,60.31,24.19
2012-03-28,23433.0,17765.1,5667.9,60.31,24.19
2012-03-29,23433.0,17765.1,5667.9,60.31,24.19
2012-03-30,23433.0,17765.1,5667.9,60.31,24.19
2012-03-31,23433.0,17765.1,5667.9,60.31,24.19
2012-04-01,23489.5,17758.5,5731.0,60.5,24.4
2012-04-02,23489.5,17758.5,5731.0,60.5,24.4
2012-04-03,23489.5,17758.5,5731.0,60.5,24.4
2012-04-04,23489.5,17758.5,5731.0,60.5,24.4
2012-04-05,23489.5,17758.5,5731.0,60.5,24.4
2012-04-06,23489.5,17758.5,5731.0,60.5,24.4
2012-04-07,23489.5,17758.5,5731.0,60.5,24.4
2012-04-08,23489.5,17758.5,5731.0,60.5,24.4
2012-04-09,23489.5,17758.5,5731.0,60.5,24.4
2012-04-10,23489.5,17758.5,5731.0,60.5,24.4
2012-04-11,23489.5,17758.5,5731.0,60.5,24.4
2012-04-12,23489.5,17758.5,5731.0,60.5,24.4
2012-04-13,23489.5,17758.5,5731.0,60.5,24.4
2012-04-14,23489.5,17758.5,5731.0,60.5,24.4
2012-04-15,23489.5,17758.5,5731.0,60.5,24.4
2012-04-16,23489.5,17758.5,5731.0,60.5,24.4
2012-04-17,23489.5,17758.5,5731.0,60.5,24.4
2012-04-18,23489.5,17758.5,5731.0,60.5,24.4
2012-04-19,23489.5,17758.5,5731.0,60.5,24.4
2012-04-20,23489.5,17758.5,5731.0,60.5,24.4
2012-04-21,23489.5,17758.5,5731.0,60.5,24.4
2012-04-22,23489.5,17758.5,5731.0,60.5,24.4
2012-04-23,23489.5,17758.5,5731.0,60.5,24.4
2012-04-24,23489.5,17758.5,5731.0,60.5,24.4
2012-04-25,23489.5,17758.5,5731.0,60.5,24.4
2012-04-26,23489.5,17758.5,5731.0,60.5,24.4
2012-04-27,23489.5,17758.5,5731.0,60.5,24.4
2012-04-28,23489.5,17758.5,5731.0,60.5,24.4
2012-04-29,23489.5,17758.5,5731.0,60.5,24.4
2012-04-30,23489.5,17758.5,5731.0,60.5,24.4
2012-05-01,23489.5,17758.5,5731.0,60.5,24.4
2012-05-02,23489.5,17758.5,5731.0,60.5,24.4
2012-05-03,23489.5,17758.5,5731.0,60.5,24.4
2012-05-04,23489.5,17758.5,5731.0,60.5,24.4
2012-05-05,23489.5,17758.5,5731.0,60.5,24.4
2012-05-06,23489.5,17758.5,5731.0,60.5,24.4
2012-05-07,23489.5,17758.5,5731.0,60.5,24.4
2012-05-08,23489.5,17758.5,5731.0,60.5,24.4
2012-05-09,23489.5,17758.5,5731.0,60.5,24.4
2012-05-10,23489.5,17758.5,5731.0,60.5,24.4
2012-05-11,23489.5,17758.5,5731.0,60.5,24.4
2012-05-12,23489.5,17758.5,5731.0,60.5,24.4
2012-05-13,23489.5,17758.5,5731.0,60.5,24.4
2012-05-14,23489.5,17758.5,5731.0,60.5,24.4
2012-05-15,23489.5,17758.5,5731.0,60.5,24.4
2012-05-16,23489.5,17758.5,5731.0,60.5,24.4
2012-05-17,23489.5,17758.5,5731.0,60.5,24.4
2012-05-18,23489.5,17758.5,5731.0,60.5,24.4
2012-05-19,23489.5,17758.5,5731.0,60.5,24.4
2012-05-20,23489.5,17758.5,5731.0,60.5,24.4
2012-05-21,23489.5,17758.5,5731.0,60.5,24.4
2012-05-22,23489.5,17758.5,5731.0,60.5,24.4
2012-05-23,23489.5,17758.5,5731.0,60.5,24.4
2012-05-24,23489.5,17758.5,5731.0,60.5,24.4
2012-05-25,23489.5,17758.5,5731.0,60.5,24.4
2012-05-26,23489.5,17758.5,5731.0,60.5,24.4
2012-05-27,23489.5,17758.5,5731.0,60.5,24.4
2012-05-28,23489.5,17758.5,5731.0,60.5,24.4
2012-05-29,23489.5,17758.5,5731.0,60.5,24.4
2012-05-30,23489.5,17758.5,5731.0,60.5,24.4
2012-05-31,23489.5,17758.5,5731.0,60.5,24.4
2012-06-01,23489.5,17758.5,5731.0,60.5,24.4
2012-06-02,23489.5,17758.5,5731.0,60.5,24.4
2012-06-03,23489.5,17758.5,5731.0,60.5,24.4
2012-06-04,23489.5,17758.5,5731.0,60.5,24.4
2012-06-05,23489.5,17758.5,5731.0,60.5,24.4
2012-06-06,23489.5,17758.5,5731.0,60.5,24.4
2012-06-07,23489.5,17758.5,5731.0,60.5,24.4
2012-06-08,23489.5,17758.5,5731.0,60.5,24.4
2012-06-09,23489.5,17758.5,5731.0,60.5,24.4
2012-06-10,23489.5,17758.5,5731.0,60.5,24.4
2012-06-11,23489.5,17758.5,5731.0,60.5,24.4
2012-06-12,23489.5,17758.5,5731.0,60.5,24.4
2012-06-13,23489.5,17758.5,5731.0,60.5,24.4
2012-06-14,23489.5,17758.5,5731.0,60.5,24.4
2012-06-15,23489.5,17758.5,5731.0,60.5,24.4
2012-06-16,23489.5,17758.5,5731.0,60.5,24.4
2012-06-17,23489.5,17758.5,5731.0,60.5,24.4
2012-06-18,23489.5,17758.5,5731.0,60.5,24.4
2012-06-19,23489.5,17758.5,5731.0,60.5,24.4
2012-06-20,23489.5,17758.5,5731.0,60.5,24.4
2012-06-21,23489.5,17758.5,5731.0,60.5,24.4
2012-06-22,23489.5,17758.5,5731.0,60.5,24.4
2012-06-23,23489.5,17758.5,5731.0,60.5,24.4
2012-06-24,23489.5,17758.5,5731.0,60.5,24.4
2012-06-25,23489.5,17758.5,5731.0,60.5,24.4
2012-06-26,23489.5,17758.5,5731.0,60.5,24.4
2012-06-27,23489.5,17758.5,5731.0,60.5,24.4
2012-06-28,23489.5,17758.5,5731.0,60.5,24.4
2012-06-29,23489.5,17758.5,5731.0,60.5,24.4
2012-06-30,23489.5,17758.5,5731.0,60.5,24.4
2012-07-01,23491.9,17667.7,5824.2,60.55,24.79
2012-07-02,23491.9,17667.7,5824.2,60.55,24.79
2012-07-03,23491.9,17667.7,5824.2,60.55,24.79
2012-07-04,23491.9,17667.7,5824.2,60.55,24.79
2012-07-05,23491.9,17667.7,5824.2,60.55,24.79
2012-07-06,23491.9,17667.7,5824.2,60.55,24.79
2012-07-07,23491.9,17667.7,5824.2,60.55,24.79
2012-07-08,23491.9,17667.7,5824.2,60.55,24.79
2012-07-09,23491.9,17667.7,5824.2,60.55,24.79
2012-07-10,23491.9,17667.7,5824.2,60.55,24.79
2012-07-11,23491.9,17667.7,5824.2,60.55,24.79
2012-07-12,23491.9,17667.7,5824.2,60.55,24.79
2012-07-13,23491.9,17667.7,5824.2,60.55,24.79
2012-07-14,23491.9,17667.7,5824.2,60.55,24.79
2012-07-15,23491.9,17667.7,5824.2,60.55,24.79
2012-07-16,23491.9,17667.7,5824.2,60.55,24.79
2012-07-17,23491.9,17667.7,5824.2,60.55,24.79
2012-07-18,23491.9,17667.7,5824.2,60.55,24.79
2012-07-19,23491.9,17667.7,5824.2,60.55,24.79
2012-07-20,23491.9,17667.7,5824.2,60.55,24.79
2012-07-21,23491.9,17667.7,5824.2,60.55,24.79
2012-07-22,23491.9,17667.7,5824.2,60.55,24.79
2012-07-23,23491.9,17667.7,5824.2,60.55,24.79
2012-07-24,23491.9,17667.7,5824.2,60.55,24.79
2012-07-25,23491.9,17667.7,5824.2,60.55,24.79
2012-07-26,23491.9,17667.7,5824.2,60.55,24.79
2012-07-27,23491.9,17667.7,5824.2,60.55,24.79
2012-07-28,23491.9,17667.7,5824.2,60.55,24.79
2012-07-29,23491.9,17667.7,5824.2,60.55,24.79
2012-07-30,23491.9,17667.7,5824.2,60.55,24.79
2012-07-31,23491.9,17667.7,5824.2,60.55,24.79
2012-08-01,23491.9,17667.7,5824.2,60.55,24.79
2012-08-02,23491.9,17667.7,5824.2,60.55,24.79
2012-08-03,23491.9,17667.7,5824.2,60.55,24.79
2012-08-04,23491.9,17667.7,5824.2,60.55,24.79
2012-08-05,23491.9,17667.7,5824.2,60.55,24.79
2012-08-06,23491.9,17667.7,5824.2,60.55,24.79
2012-08-07,23491.9,17667.7,5824.2,60.55,24.79
2012-08-08,23491.9,17667.7,5824.2,60.55,24.79
2012-08-09,23491.9,17667.7,5824.2,60.55,24.79
2012-08-10,23491.9,17667.7,5824.2,60.55,24.79
2012-08-11,23491.9,17667.7,5824.2,60.55,24.79
2012-08-12,23491.9,17667.7,5824.2,60.55,24.79
2012-08-13,23491.9,17667.7,5824.2,60.55,24.79
2012-08-14,23491.9,17667.7,5824.2,60.55,24.79
2012-08-15,23491.9,17667.7,5824.2,60.55,24.79
2012-08-16,23491.9,17667.7,5824.2,60.55,24.79
2012-08-17,23491.9,17667.7,5824.2,60.55,24.79
2012-08-18,23491.9,17667.7,5824.2,60.55,24.79
2012-08-19,23491.9,17667.7,5824.2,60.55,24.79
2012-08-20,23491.9,17667.7,5824.2,60.55,24.79
2012-08-21,23491.9,17667.7,5824.2,60.55,24.79
2012-08-22,23491.9,17667.7,5824.2,60.55,24.79
2012-08-23,23491.9,17667.7,5824.2,60.55,24.79
2012-08-24,23491.9,17667.7,5824.2,60.55,24.79
2012-08-25,23491.9,17667.7,5824.2,60.55,24.79
2012-08-26,23491.9,17667.7,5824.2,60.55,24.79
2012-08-27,23491.9,17667.7,5824.2,60.55,24.79
2012-08-28,23491.9,17667.7,5824.2,60.55,24.79
2012-08-29,23491.9,17667.7,5824.2,60.55,24.79
2012-08-30,23491.9,17667.7,5824.2,60.55,24.79
2012-08-31,23491.9,17667.7,5824.2,60.55,24.79
2012-09-01,23491.9,17667.7,5824.2,60.55,24.79
2012-09-02,23491.9,17667.7,5824.2,60.55,24.79
2012-09-03,23491.9,17667.7,5824.2,60.55,24.79
2012-09-04,23491.9,17667.7,5824.2,60.55,24.79
2012-09-05,23491.9,17667.7,5824.2,60.55,24.79
2012-09-06,23491.9,17667.7,5824.2,60.55,24.79
2012-09-07,23491.9,17667.7,5824.2,60.55,24.79
2012-09-08,23491.9,17667.7,5824.2,60.55,24.79
2012-09-09,23491.9,17667.7,5824.2,60.55,24.79
2012-09-10,23491.9,17667.7,5824.2,60.55,24.79
2012-09-11,23491.9,17667.7,5824.2,60.55,24.79
2012-09-12,23491.9,17667.7,5824.2,60.55,24.79
2012-09-13,23491.9,17667.7,5824.2,60.55,24.79
2012-09-14,23491.9,17667.7,5824.2,60.55,24.79
2012-09-15,23491.9,17667.7,5824.2,60.55,24.79
2012-09-16,23491.9,17667.7,5824.2,60.55,24.79
2012-09-17,23491.9,17667.7,5824.2,60.55,24.79
2012-09-18,23491.9,17667.7,5824.2,60.55,24.79
2012-09-19,23491.9,17667.7,5824.2,60.55,24.79
2012-09-20,23491.9,17667.7,5824.2,60.55,24.79
2012-09-21,23491.9,17667.7,5824.2,60.55,24.79
2012-09-22,23491.9,17667.7,5824.2,60.55,24.79
2012-09-23,23491.9,17667.7,5824.2,60.55,24.79
2012-09-24,23491.9,17667.7,5824.2,60.55,24.79
2012-09-25,23491.9,17667.7,5824.2,60.55,24.79
2012-09-26,23491.9,17667.7,5824.2,60.55,24.79
2012-09-27,23491.9,17667.7,5824.2,60.55,24.79
2012-09-28,23491.9,17667.7,5824.2,60.55,24.79
2012-09-29,23491.9,17667.7,5824.2,60.55,24.79
2012-09-30,23491.9,17667.7,5824.2,60.55,24.79
2012-10-01,23360.4,17339.4,6021.0,60.23,25.77
2012-10-02,23360.4,17339.4,6021.0,60.23,25.77
2012-10-03,23360.4,17339.4,6021.0,60.23,25.77
2012-10-04,23360.4,17339.4,6021.0,60.23,25.77
2012-10-05,23360.4,17339.4,6021.0,60.23,25.77
2012-10-06,23360.4,17339.4,6021.0,60.23,25.77
2012-10-07,23360.4,17339.4,6021.0,60.23,25.77
2012-10-08,23360.4,17339.4,6021.0,60.23,25.77
2012-10-09,23360.4,17339.4,6021.0,60.23,25.77
2012-10-10,23360.4,17339.4,6021.0,60.23,25.77
2012-10-11,23360.4,17339.4,6021.0,60.23,25.77
2012-10-12,23360.4,17339.4,6021.0,60.23,25.77
2012-10-13,23360.4,17339.4,6021.0,60.23,25.77
2012-10-14,23360.4,17339.4,6021.0,60.23,25.77
2012-10-15,23360.4,17339.4,6021.0,60.23,25.77
2012-10-16,23360.4,17339.4,6021.0,60.23,25.77
2012-10-17,23360.4,17339.4,6021.0,60.23,25.77
2012-10-18,23360.4,17339.4,6021.0,60.23,25.77
2012-10-19,23360.4,17339.4,6021.0,60.23,25.77
2012-10-20,23360.4,17339.4,6021.0,60.23,25.77
2012-10-21,23360.4,17339.4,6021.0,60.23,25.77
2012-10-22,23360.4,17339.4,6021.0,60.23,25.77
2012-10-23,23360.4,17339.4,6021.0,60.23,25.77
2012-10-24,23360.4,17339.4,6021.0,60.23,25.77
2012-10-25,23360.4,17339.4,6021.0,60.23,25.77
2012-10-26,23360.4,17339.4,6021.0,60.23,25.77
2012-10-27,23360.4,17339.4,6021.0,60.23,25.77
2012-10-28,23360.4,17339.4,6021.0,60.23,25.77
2012-10-29,23360.4,17339.4,6021.0,60.23,25.77
2012-10-30,23360.4,17339.4,6021.0,60.23,25.77
2012-10-31,23360.4,17339.4,6021.0,60.23,25.77
2012-11-01,23360.4,17339.4,6021.0,60.23,25.77
2012-11-02,23360.4,17339.4,6021.0,60.23,25.77
2012-11-03,23360.4,17339.4,6021.0,60.23,25.77
2012-11-04,23360.4,17339.4,6021.0,60.23,25.77
2012-11-05,23360.4,17339.4,6021.0,60.23,25.77
2012-11-06,23360.4,17339.4,6021.0,60.23,25.77
2012-11-07,23360.4,17339.4,6021.0,60.23,25.77
2012-11-08,23360.4,17339.4,6021.0,60.23,25.77
2012-11-09,23360.4,17339.4,6021.0,60.23,25.77
2012-11-10,23360.4,17339.4,6021.0,60.23,25.77
2012-11-11,23360.4,17339.4,6021.0,60.23,25.77
2012-11-12,23360.4,17339.4,6021.0,60.23,25.77
2012-11-13,23360.4,17339.4,6021.0,60.23,25.77
2012-11-14,23360.4,17339.4,6021.0,60.23,25.77
2012-11-15,23360.4,17339.4,6021.0,60.23,25.77
2012-11-16,23360.4,17339.4,6021.0,60.23,25.77
2012-11-17,23360.4,17339.4,6021.0,60.23,25.77
2012-11-18,23360.4,17339.4,6021.0,60.23,25.77
2012-11-19,23360.4,17339.4,6021.0,60.23,25.77
2012-11-20,23360.4,17339.4,6021.0,60.23,25.77
2012-11-21,23360.4,17339.4,6021.0,60.23,25.77
2012-11-22,23360.4,17339.4,6021.0,60.23,25.77
2012-11-23,23360.4,17339.4,6021.0,60.23,25.77
2012-11-24,23360.4,17339.4,6021.0,60.23,25.77
2012-11-25,23360.4,17339.4,6021.0,60.23,25.77
2012-11-26,23360.4,17339.4,6021.0,60.23,25.77
2012-11-27,23360.4,17339.4,6021.0,60.23,25.77
2012-11-28,23360.4,17339.4,6021.0,60.23,25.77
2012-11-29,23360.4,17339.4,6021.0,60.23,25.77
2012-11-30,23360.4,17339.4,6021.0,60.23,25.77
2012-12-01,23360.4,17339.4,6021.0,60.23,25.77
2012-12-02,23360.4,17339.4,6021.0,60.23,25.77
2012-12-03,23360.4,17339.4,6021.0,60.23,25.77
2012-12-04,23360.4,17339.4,6021.0,60.23,25.77
2012-12-05,23360.4,17339.4,6021.0,60.23,25.77
2012-12-06,23360.4,17339.4,6021.0,60.23,25.77
2012-12-07,23360.4,17339.4,6021.0,60.23,25.77
2012-12-08,23360.4,17339.4,6021.0,60.23,25.77
2012-12-09,23360.4,17339.4,6021.0,60.23,25.77
2012-12-10,23360.4,17339.4,6021.0,60.23,25.77
2012-12-11,23360.4,17339.4,6021.0,60.23,25.77
2012-12-12,23360.4,17339.4,6021.0,60.23,25.77
2012-12-13,23360.4,17339.4,6021.0,60.23,25.77
2012-12-14,23360.4,17339.4,6021.0,60.23,25.77
2012-12-15,23360.4,17339.4,6021.0,60.23,25.77
2012-12-16,23360.4,17339.4,6021.0,60.23,25.77
2012-12-17,23360.4,17339.4,6021.0,60.23,25.77
2012-12-18,23360.4,17339.4,6021.0,60.23,25.77
2012-12-19,23360.4,17339.4,6021.0,60.23,25.77
2012-12-20,23360.4,17339.4,6021.0,60.23,25.77
2012-12-21,23360.4,17339.4,6021.0,60.23,25.77
2012-12-22,23360.4,17339.4,6021.0,60.23,25.77
2012-12-23,23360.4,17339.4,6021.0,60.23,25.77
2012-12-24,23360.4,17339.4,6021.0,60.23,25.77
2012-12-25,23360.4,17339.4,6021.0,60.23,25.77
2012-12-26,23360.4,17339.4,6021.0,60.23,25.77
2012-12-27,23360.4,17339.4,6021.0,60.23,25.77
2012-12-28,23360.4,17339.4,6021.0,60.23,25.77
2012-12-29,23360.4,17339.4,6021.0,60.23,25.77
2012-12-30,23360.4,17339.4,6021.0,60.23,25.77
2012-12-31,23360.4,17339.4,6021.0,60.23,25.77
2013-01-01,23308.4,17030.2,6278.2,60.18,26.94
2013-01-02,23308.4,17030.2,6278.2,60.18,26.94
2013-01-03,23308.4,17030.2,6278.2,60.18,26.94
2013-01-04,23308.4,17030.2,6278.2,60.18,26.94
2013-01-05,23308.4,17030.2,6278.2,60.18,26.94
2013-01-06,23308.4,17030.2,6278.2,60.18,26.94
2013-01-07,23308.4,17030.2,6278.2,60.18,26.94
2013-01-08,23308.4,17030.2,6278.2,60.18,26.94
2013-01-09,23308.4,17030.2,6278.2,60.18,26.94
2013-01-10,23308.4,17030.2,6278.2,60.18,26.94
2013-01-11,23308.4,17030.2,6278.2,60.18,26.94
2013-01-12,23308.4,17030.2,6278.2,60.18,26.94
2013-01-13,23308.4,17030.2,6278.2,60.18,26.94
2013-01-14,23308.4,17030.2,6278.2,60.18,26.94
2013-01-15,23308.4,17030.2,6278.2,60.18,26.94
2013-01-16,23308.4,17030.2,6278.2,60.18,26.94
2013-01-17,23308.4,17030.2,6278.2,60.18,26.94
2013-01-18,23308.4,17030.2,6278.2,60.18,26.94
2013-01-19,23308.4,17030.2,6278.2,60.18,26.94
2013-01-20,23308.4,17030.2,6278.2,60.18,26.94
2013-01-21,23308.4,17030.2,6278.2,60.18,26.94
2013-01-22,23308.4,17030.2,6278.2,60.18,26.94
2013-01-23,23308.4,17030.2,6278.2,60.18,26.94
2013-01-24,23308.4,17030.2,6278.2,60.18,26.94
2013-01-25,23308.4,17030.2,6278.2,60.18,26.94
2013-01-26,23308.4,17030.2,6278.2,60.18,26.94
2013-01-27,23308.4,17030.2,6278.2,60.18,26.94
2013-01-28,23308.4,17030.2,6278.2,60.18,26.94
2013-01-29,23308.4,17030.2,6278.2,60.18,26.94
2013-01-30,23308.4,17030.2,6278.2,60.18,26.94
2013-01-31,23308.4,17030.2,6278.2,60.18,26.94
2013-02-01,23308.4,17030.2,6278.2,60.18,26.94
2013-02-02,23308.4,17030.2,6278.2,60.18,26.94
2013-02-03,23308.4,17030.2,6278.2,60.18,26.94
2013-02-04,23308.4,17030.2,6278.2,60.18,26.94
2013-02-05,23308.4,17030.2,6278.2,60.18,26.94
2013-02-06,23308.4,17030.2,6278.2,60.18,26.94
2013-02-07,23308.4,17030.2,6278.2,60.18,26.94
2013-02-08,23308.4,17030.2,6278.2,60.18,26.94
2013-02-09,23308.4,17030.2,6278.2,60.18,26.94
2013-02-10,23308.4,17030.2,6278.2,60.18,26.94
2013-02-11,23308.4,17030.2,6278.2,60.18,26.94
2013-02-12,23308.4,17030.2,6278.2,60.18,26.94
2013-02-13,23308.4,17030.2,6278.2,60.18,26.94
2013-02-14,23308.4,17030.2,6278.2,60.18,26.94
2013-02-15,23308.4,17030.2,6278.2,60.18,26.94
2013-02-16,23308.4,17030.2,6278.2,60.18,26.94
2013-02-17,23308.4,17030.2,6278.2,60.18,26.94
2013-02-18,23308.4,17030.2,6278.2,60.18,26.94
2013-02-19,23308.4,17030.2,6278.2,60.18,26.94
2013-02-20,23308.4,17030.2,6278.2,60.18,26.94
2013-02-21,23308.4,17030.2,6278.2,60.18,26.94
2013-02-22,23308.4,17030.2,6278.2,60.18,26.94
2013-02-23,23308.4,17030.2,6278.2,60.18,26.94
2013-02-24,23308.4,17030.2,6278.2,60.18,26.94
2013-02-25,23308.4,17030.2,6278.2,60.18,26.94
2013-02-26,23308.4,17030.2,6278.2,60.18,26.94
2013-02-27,23308.4,17030.2,6278.2,60.18,26.94
2013-02-28,23308.4,17030.2,6278.2,60.18,26.94
2013-03-01,23308.4,17030.2,6278.2,60.18,26.94
2013-03-02,23308.4,17030.2,6278.2,60.18,26.94
2013-03-03,23308.4,17030.2,6278.2,60.18,26.94
2013-03-04,23308.4,17030.2,6278.2,60.18,26.94
2013-03-05,23308.4,17030.2,6278.2,60.18,26.94
2013-03-06,23308.4,17030.2,6278.2,60.18,26.94
2013-03-07,23308.4,17030.2,6278.2,60.18,26.94
2013-03-08,23308.4,17030.2,6278.2,60.18,26.94
2013-03-09,23308.4,17030.2,6278.2,60.18,26.94
2013-03-10,23308.4,17030.2,6278.2,60.18,26.94
2013-03-11,23308.4,17030.2,6278.2,60.18,26.94
2013-03-12,23308.4,17030.2,6278.2,60.18,26.94
2013-03-13,23308.4,17030.2,6278.2,60.18,26.94
2013-03-14,23308.4,17030.2,6278.2,60.18,26.94
2013-03-15,23308.4,17030.2,6278.2,60.18,26.94
2013-03-16,23308.4,17030.2,6278.2,60.18,26.94
2013-03-17,23308.4,17030.2,6278.2,60.18,26.94
2013-03-18,23308.4,17030.2,6278.2,60.18,26.94
2013-03-19,23308.4,17030.2,6278.2,60.18,26.94
2013-03-20,23308.4,17030.2,6278.2,60.18,26.94
2013-03-21,23308.4,17030.2,6278.2,60.18,26.94
2013-03-22,23308.4,17030.2,6278.2,60.18,26.94
2013-03-23,23308.4,17030.2,6278.2,60.18,26.94
2013-03-24,23308.4,17030.2,6278.2,60.18,26.94
2013-03-25,23308.4,17030.2,6278.2,60.18,26.94
2013-03-26,23308.4,17030.2,6278.2,60.18,26.94
2013-03-27,23308.4,17030.2,6278.2,60.18,26.94
2013-03-28,23308.4,17030.2,6278.2,60.18,26.94
2013-03-29,23308.4,17030.2,6278.2,60.18,26.94
2013-03-30,23308.4,17030.2,6278.2,60.18,26.94
2013-03-31,23308.4,17030.2,6278.2,60.18,26.94
2013-04-01,23207.9,17160.6,6047.3,60.0,26.06
2013-04-02,23207.9,17160.6,6047.3,60.0,26.06
2013-04-03,23207.9,17160.6,6047.3,60.0,26.06
2013-04-04,23207.9,17160.6,6047.3,60.0,26.06
2013-04-05,23207.9,17160.6,6047.3,60.0,26.06
2013-04-06,23207.9,17160.6,6047.3,60.0,26.06
2013-04-07,23207.9,17160.6,6047.3,60.0,26.06
2013-04-08,23207.9,17160.6,6047.3,60.0,26.06
2013-04-09,23207.9,17160.6,6047.3,60.0,26.06
2013-04-10,23207.9,17160.6,6047.3,60.0,26.06
2013-04-11,23207.9,17160.6,6047.3,60.0,26.06
2013-04-12,23207.9,17160.6,6047.3,60.0,26.06
2013-04-13,23207.9,17160.6,6047.3,60.0,26.06
2013-04-14,23207.9,17160.6,6047.3,60.0,26.06
2013-04-15,23207.9,17160.6,6047.3,60.0,26.06
2013-04-16,23207.9,17160.6,6047.3,60.0,26.06
2013-04-17,23207.9,17160.6,6047.3,60.0,26.06
2013-04-18,23207.9,17160.6,6047.3,60.0,26.06
2013-04-19,23207.9,17160.6,6047.3,60.0,26.06
2013-04-20,23207.9,17160.6,6047.3,60.0,26.06
2013-04-21,23207.9,17160.6,6047.3,60.0,26.06
2013-04-22,23207.9,17160.6,6047.3,60.0,26.06
2013-04-23,23207.9,17160.6,6047.3,60.0,26.06
2013-04-24,23207.9,17160.6,6047.3,60.0,26.06
2013-04-25,23207.9,17160.6,6047.3,60.0,26.06
2013-04-26,23207.9,17160.6,6047.3,60.0,26.06
2013-04-27,23207.9,17160.6,6047.3,60.0,26.06
2013-04-28,23207.9,17160.6,6047.3,60.0,26.06
2013-04-29,23207.9,17160.6,6047.3,60.0,26.06
2013-04-30,23207.9,17160.6,6047.3,60.0,26.06
2013-05-01,23207.9,17160.6,6047.3,60.0,26.06
2013-05-02,23207.9,17160.6,6047.3,60.0,26.06
2013-05-03,23207.9,17160.6,6047.3,60.0,26.06
2013-05-04,23207.9,17160.6,6047.3,60.0,26.06
2013-05-05,23207.9,17160.6,6047.3,60.0,26.06
2013-05-06,23207.9,17160.6,6047.3,60.0,26.06
2013-05-07,23207.9,17160.6,6047.3,60.0,26.06
2013-05-08,23207.9,17160.6,6047.3,60.0,26.06
2013-05-09,23207.9,17160.6,6047.3,60.0,26.06
2013-05-10,23207.9,17160.6,6047.3,60.0,26.06
2013-05-11,23207.9,17160.6,6047.3,60.0,26.06
2013-05-12,23207.9,17160.6,6047.3,60.0,26.06
2013-05-13,23207.9,17160.6,6047.3,60.0,26.06
2013-05-14,23207.9,17160.6,6047.3,60.0,26.06
2013-05-15,23207.9,17160.6,6047.3,60.0,26.06
2013-05-16,23207.9,17160.6,6047.3,60.0,26.06
2013-05-17,23207.9,17160.6,6047.3,60.0,26.06
2013-05-18,23207.9,17160.6,6047.3,60.0,26.06
2013-05-19,23207.9,17160.6,6047.3,60.0,26.06
2013-05-20,23207.9,17160.6,6047.3,60.0,26.06
2013-05-21,23207.9,17160.6,6047.3,60.0,26.06
2013-05-22,23207.9,17160.6,6047.3,60.0,26.06
2013-05-23,23207.9,17160.6,6047.3,60.0,26.06
2013-05-24,23207.9,17160.6,6047.3,60.0,26.06
2013-05-25,23207.9,17160.6,6047.3,60.0,26.06
2013-05-26,23207.9,17160.6,6047.3,60.0,26.06
2013-05-27,23207.9,17160.6,6047.3,60.0,26.06
2013-05-28,23207.9,17160.6,6047.3,60.0,26.06
2013-05-29,23207.9,17160.6,6047.3,60.0,26.06
2013-05-30,23207.9,17160.6,6047.3,60.0,26.06
2013-05-31,23207.9,17160.6,6047.3,60.0,26.06
2013-06-01,23207.9,17160.6,6047.3,60.0,26.06
2013-06-02,23207.9,17160.6,6047.3,60.0,26.06
2013-06-03,23207.9,17160.6,6047.3,60.0,26.06
2013-06-04,23207.9,17160.6,6047.3,60.0,26.06
2013-06-05,23207.9,17160.6,6047.3,60.0,26.06
2013-06-06,23207.9,17160.6,6047.3,60.0,26.06
2013-06-07,23207.9,17160.6,6047.3,60.0,26.06
2013-06-08,23207.9,17160.6,6047.3,60.0,26.06
2013-06-09,23207.9,17160.6,6047.3,60.0,26.06
2013-06-10,23207.9,17160.6,6047.3,60.0,26.06
2013-06-11,23207.9,17160.6,6047.3,60.0,26.06
2013-06-12,23207.9,17160.6,6047.3,60.0,26.06
2013-06-13,23207.9,17160.6,6047.3,60.0,26.06
2013-06-14,23207.9,17160.6,6047.3,60.0,26.06
2013-06-15,23207.9,17160.6,6047.3,60.0,26.06
2013-06-16,23207.9,17160.6,6047.3,60.0,26.06
2013-06-17,23207.9,17160.6,6047.3,60.0,26.06
2013-06-18,23207.9,17160.6,6047.3,60.0,26.06
2013-06-19,23207.9,17160.6,6047.3,60.0,26.06
2013-06-20,23207.9,17160.6,6047.3,60.0,26.06
2013-06-21,23207.9,17160.6,6047.3,60.0,26.06
2013-06-22,23207.9,17160.6,6047.3,60.0,26.06
2013-06-23,23207.9,17160.6,6047.3,60.0,26.06
2013-06-24,23207.9,17160.6,6047.3,60.0,26.06
2013-06-25,23207.9,17160.6,6047.3,60.0,26.06
2013-06-26,23207.9,17160.6,6047.3,60.0,26.06
2013-06-27,23207.9,17160.6,6047.3,60.0,26.06
2013-06-28,23207.9,17160.6,6047.3,60.0,26.06
2013-06-29,23207.9,17160.6,6047.3,60.0,26.06
2013-06-30,23207.9,17160.6,6047.3,60.0,26.06
2013-07-01,23173.4,17230.0,5943.4,60.04,25.65
2013-07-02,23173.4,17230.0,5943.4,60.04,25.65
2013-07-03,23173.4,17230.0,5943.4,60.04,25.65
2013-07-04,23173.4,17230.0,5943.4,60.04,25.65
2013-07-05,23173.4,17230.0,5943.4,60.04,25.65
2013-07-06,23173.4,17230.0,5943.4,60.04,25.65
2013-07-07,23173.4,17230.0,5943.4,60.04,25.65
2013-07-08,23173.4,17230.0,5943.4,60.04,25.65
2013-07-09,23173.4,17230.0,5943.4,60.04,25.65
2013-07-10,23173.4,17230.0,5943.4,60.04,25.65
2013-07-11,23173.4,17230.0,5943.4,60.04,25.65
2013-07-12,23173.4,17230.0,5943.4,60.04,25.65
2013-07-13,23173.4,17230.0,5943.4,60.04,25.65
2013-07-14,23173.4,17230.0,5943.4,60.04,25.65
2013-07-15,23173.4,17230.0,5943.4,60.04,25.65
2013-07-16,23173.4,17230.0,5943.4,60.04,25.65
2013-07-17,23173.4,17230.0,5943.4,60.04,25.65
2013-07-18,23173.4,17230.0,5943.4,60.04,25.65
2013-07-19,23173.4,17230.0,5943.4,60.04,25.65
2013-07-20,23173.4,17230.0,5943.4,60.04,25.65
2013-07-21,23173.4,17230.0,5943.4,60.04,25.65
2013-07-22,23173.4,17230.0,5943.4,60.04,25.65
2013-07-23,23173.4,17230.0,5943.4,60.04,25.65
2013-07-24,23173.4,17230.0,5943.4,60.04,25.65
2013-07-25,23173.4,17230.0,5943.4,60.04,25.65
2013-07-26,23173.4,17230.0,5943.4,60.04,25.65
2013-07-27,23173.4,17230.0,5943.4,60.04,25.65
2013-07-28,23173.4,17230.0,5943.4,60.04,25.65
2013-07-29,23173.4,17230.0,5943.4,60.04,25.65
2013-07-30,23173.4,17230.0,5943.4,60.04,25.65
2013-07-31,23173.4,17230.0,5943.4,60.04,25.65
2013-08-01,23173.4,17230.0,5943.4,60.04,25.65
2013-08-02,23173.4,17230.0,5943.4,60.04,25.65
2013-08-03,23173.4,17230.0,5943.4,60.04,25.65
2013-08-04,23173.4,17230.0,5943.4,60.04,25.65
2013-08-05,23173.4,17230.0,5943.4,60.04,25.65
2013-08-06,23173.4,17230.0,5943.4,60.04,25.65
2013-08-07,23173.4,17230.0,5943.4,60.04,25.65
2013-08-08,23173.4,17230.0,5943.4,60.04,25.65
2013-08-09,23173.4,17230.0,5943.4,60.04,25.65
2013-08-10,23173.4,17230.0,5943.4,60.04,25.65
2013-08-11,23173.4,17230.0,5943.4,60.04,25.65
2013-08-12,23173.4,17230.0,5943.4,60.04,25.65
2013-08-13,23173.4,17230.0,5943.4,60.04,25.65
2013-08-14,23173.4,17230.0,5943.4,60.04,25.65
2013-08-15,23173.4,17230.0,5943.4,60.04,25.65
2013-08-16,23173.4,17230.0,5943.4,60.04,25.65
2013-08-17,23173.4,17230.0,5943.4,60.04,25.65
2013-08-18,23173.4,17230.0,5943.4,60.04,25.65
2013-08-19,23173.4,17230.0,5943.4,60.04,25.65
2013-08-20,23173.4,17230.0,5943.4,60.04,25.65
2013-08-21,23173.4,17230.0,5943.4,60.04,25.65
2013-08-22,23173.4,17230.0,5943.4,60.04,25.65
2013-08-23,23173.4,17230.0,5943.4,60.04,25.65
2013-08-24,23173.4,17230.0,5943.4,60.04,25.65
2013-08-25,23173.4,17230.0,5943.4,60.04,25.65
2013-08-26,23173.4,17230.0,5943.4,60.04,25.65
2013-08-27,23173.4,17230.0,5943.4,60.04,25.65
2013-08-28,23173.4,17230.0,5943.4,60.04,25.65
2013-08-29,23173.4,17230.0,5943.4,60.04,25.65
2013-08-30,23173.4,17230.0,5943.4,60.04,25.65
2013-08-31,23173.4,17230.0,5943.4,60.04,25.65
2013-09-01,23173.4,17230.0,5943.4,60.04,25.65
2013-09-02,23173.4,17230.0,5943.4,60.04,25.65
2013-09-03,23173.4,17230.0,5943.4,60.04,25.65
2013-09-04,23173.4,17230.0,5943.4,60.04,25.65
2013-09-05,23173.4,17230.0,5943.4,60.04,25.65
2013-09-06,23173.4,17230.0,5943.4,60.04,25.65
2013-09-07,23173.4,17230.0,5943.4,60.04,25.65
2013-09-08,23173.4,17230.0,5943.4,60.04,25.65
2013-09-09,23173.4,17230.0,5943.4,60.04,25.65
2013-09-10,23173.4,17230.0,5943.4,60.04,25.65
2013-09-11,23173.4,17230.0,5943.4,60.04,25.65
2013-09-12,23173.4,17230.0,5943.4,60.04,25.65
2013-09-13,23173.4,17230.0,5943.4,60.04,25.65
2013-09-14,23173.4,17230.0,5943.4,60.04,25.65
2013-09-15,23173.4,17230.0,5943.4,60.04,25.65
2013-09-16,23173.4,17230.0,5943.4,60.04,25.65
2013-09-17,23173.4,17230.0,5943.4,60.04,25.65
2013-09-18,23173.4,17230.0,5943.4,60.04,25.65
2013-09-19,23173.4,17230.0,5943.4,60.04,25.65
2013-09-20,23173.4,17230.0,5943.4,60.04,25.65
2013-09-21,23173.4,17230.0,5943.4,60.04,25.65
2013-09-22,23173.4,17230.0,5943.4,60.04,25.65
2013-09-23,23173.4,17230.0,5943.4,60.04,25.65
2013-09-24,23173.4,17230.0,5943.4,60.04,25.65
2013-09-25,23173.4,17230.0,5943.4,60.04,25.65
2013-09-26,23173.4,17230.0,5943.4,60.04,25.65
2013-09-27,23173.4,17230.0,5943.4,60.04,25.65
2013-09-28,23173.4,17230.0,5943.4,60.04,25.65
2013-09-29,23173.4,17230.0,5943.4,60.04,25.65
2013-09-30,23173.4,17230.0,5943.4,60.04,25.65
2013-10-01,23070.9,17135.2,5935.6,59.86,25.73
2013-10-02,23070.9,17135.2,5935.6,59.86,25.73
2013-10-03,23070.9,17135.2,5935.6,59.86,25.73
2013-10-04,23070.9,17135.2,5935.6,59.86,25.73
2013-10-05,23070.9,17135.2,5935.6,59.86,25.73
2013-10-06,23070.9,17135.2,5935.6,59.86,25.73
2013-10-07,23070.9,17135.2,5935.6,59.86,25.73
2013-10-08,23070.9,17135.2,5935.6,59.86,25.73
2013-10-09,23070.9,17135.2,5935.6,59.86,25.73
2013-10-10,23070.9,17135.2,5935.6,59.86,25.73
2013-10-11,23070.9,17135.2,5935.6,59.86,25.73
2013-10-12,23070.9,17135.2,5935.6,59.86,25.73
2013-10-13,23070.9,17135.2,5935.6,59.86,25.73
2013-10-14,23070.9,17135.2,5935.6,59.86,25.73
2013-10-15,23070.9,17135.2,5935.6,59.86,25.73
2013-10-16,23070.9,17135.2,5935.6,59.86,25.73
2013-10-17,23070.9,17135.2,5935.6,59.86,25.73
2013-10-18,23070.9,17135.2,5935.6,59.86,25.73
2013-10-19,23070.9,17135.2,5935.6,59.86,25.73
2013-10-20,23070.9,17135.2,5935.6,59.86,25.73
2013-10-21,23070.9,17135.2,5935.6,59.86,25.73
2013-10-22,23070.9,17135.2,5935.6,59.86,25.73
2013-10-23,23070.9,17135.2,5935.6,59.86,25.73
2013-10-24,23070.9,17135.2,5935.6,59.86,25.73
2013-10-25,23070.9,17135.2,5935.6,59.86,25.73
2013-10-26,23070.9,17135.2,5935.6,59.86,25.73
2013-10-27,23070.9,17135.2,5935.6,59.86,25.73
2013-10-28,23070.9,17135.2,5935.6,59.86,25.73
2013-10-29,23070.9,17135.2,5935.6,59.86,25.73
2013-10-30,23070.9,17135.2,5935.6,59.86,25.73
2013-10-31,23070.9,17135.2,5935.6,59.86,25.73
2013-11-01,23070.9,17135.2,5935.6,59.86,25.73
2013-11-02,23070.9,17135.2,5935.6,59.86,25.73
2013-11-03,23070.9,17135.2,5935.6,59.86,25.73
2013-11-04,23070.9,17135.2,5935.6,59.86,25.73
2013-11-05,23070.9,17135.2,5935.6,59.86,25.73
2013-11-06,23070.9,17135.2,5935.6,59.86,25.73
2013-11-07,23070.9,17135.2,5935.6,59.86,25.73
2013-11-08,23070.9,17135.2,5935.6,59.86,25.73
2013-11-09,23070.9,17135.2,5935.6,59.86,25.73
2013-11-10,23070.9,17135.2,5935.6,59.86,25.73
2013-11-11,23070.9,17135.2,5935.6,59.86,25.73
2013-11-12,23070.9,17135.2,5935.6,59.86,25.73
2013-11-13,23070.9,17135.2,5935.6,59.86,25.73
2013-11-14,23070.9,17135.2,5935.6,59.86,25.73
2013-11-15,23070.9,17135.2,5935.6,59.86,25.73
2013-11-16,23070.9,17135.2,5935.6,59.86,25.73
2013-11-17,23070.9,17135.2,5935.6,59.86,25.73
2013-11-18,23070.9,17135.2,5935.6,59.86,25.73
2013-11-19,23070.9,17135.2,5935.6,59.86,25.73
2013-11-20,23070.9,17135.2,5935.6,59.86,25.73
2013-11-21,23070.9,17135.2,5935.6,59.86,25.73
2013-11-22,23070.9,17135.2,5935.6,59.86,25.73
2013-11-23,23070.9,17135.2,5935.6,59.86,25.73
2013-11-24,23070.9,17135.2,5935.6,59.86,25.73
2013-11-25,23070.9,17135.2,5935.6,59.86,25.73
2013-11-26,23070.9,17135.2,5935.6,59.86,25.73
2013-11-27,23070.9,17135.2,5935.6,59.86,25.73
2013-11-28,23070.9,17135.2,5935.6,59.86,25.73
2013-11-29,23070.9,17135.2,5935.6,59.86,25.73
2013-11-30,23070.9,17135.2,5935.6,59.86,25.73
2013-12-01,23070.9,17135.2,5935.6,59.86,25.73
2013-12-02,23070.9,17135.2,5935.6,59.86,25.73
2013-12-03,23070.9,17135.2,5935.6,59.86,25.73
2013-12-04,23070.9,17135.2,5935.6,59.86,25.73
2013-12-05,23070.9,17135.2,5935.6,59.86,25.73
2013-12-06,23070.9,17135.2,5935.6,59.86,25.73
2013-12-07,23070.9,17135.2,5935.6,59.86,25.73
2013-12-08,23070.9,17135.2,5935.6,59.86,25.73
2013-12-09,23070.9,17135.2,5935.6,59.86,25.73
2013-12-10,23070.9,17135.2,5935.6,59.86,25.73
2013-12-11,23070.9,17135.2,5935.6,59.86,25.73
2013-12-12,23070.9,17135.2,5935.6,59.86,25.73
2013-12-13,23070.9,17135.2,5935.6,59.86,25.73
2013-12-14,23070.9,17135.2,5935.6,59.86,25.73
2013-12-15,23070.9,17135.2,5935.6,59.86,25.73
2013-12-16,23070.9,17135.2,5935.6,59.86,25.73
2013-12-17,23070.9,17135.2,5935.6,59.86,25.73
2013-12-18,23070.9,17135.2,5935.6,59.86,25.73
2013-12-19,23070.9,17135.2,5935.6,59.86,25.73
2013-12-20,23070.9,17135.2,5935.6,59.86,25.73
2013-12-21,23070.9,17135.2,5935.6,59.86,25.73
2013-12-22,23070.9,17135.2,5935.6,59.86,25.73
2013-12-23,23070.9,17135.2,5935.6,59.86,25.73
2013-12-24,23070.9,17135.2,5935.6,59.86,25.73
2013-12-25,23070.9,17135.2,5935.6,59.86,25.73
2013-12-26,23070.9,17135.2,5935.6,59.86,25.73
2013-12-27,23070.9,17135.2,5935.6,59.86,25.73
2013-12-28,23070.9,17135.2,5935.6,59.86,25.73
2013-12-29,23070.9,17135.2,5935.6,59.86,25.73
2013-12-30,23070.9,17135.2,5935.6,59.86,25.73
2013-12-31,23070.9,17135.2,5935.6,59.86,25.73
2014-01-01,22883.9,16950.6,5933.3,59.46,25.93
2014-01-02,22883.9,16950.6,5933.3,59.46,25.93
2014-01-03,22883.9,16950.6,5933.3,59.46,25.93
2014-01-04,22883.9,16950.6,5933.3,59.46,25.93
2014-01-05,22883.9,16950.6,5933.3,59.46,25.93
2014-01-06,22883.9,16950.6,5933.3,59.46,25.93
2014-01-07,22883.9,16950.6,5933.3,59.46,25.93
2014-01-08,22883.9,16950.6,5933.3,59.46,25.93
2014-01-09,22883.9,16950.6,5933.3,59.46,25.93
2014-01-10,22883.9,16950.6,5933.3,59.46,25.93
2014-01-11,22883.9,16950.6,5933.3,59.46,25.93
2014-01-12,22883.9,16950.6,5933.3,59.46,25.93
2014-01-13,22883.9,16950.6,5933.3,59.46,25.93
2014-01-14,22883.9,16950.6,5933.3,59.46,25.93
2014-01-15,22883.9,16950.6,5933.3,59.46,25.93
2014-01-16,22883.9,16950.6,5933.3,59.46,25.93
2014-01-17,22883.9,16950.6,5933.3,59.46,25.93
2014-01-18,22883.9,16950.6,5933.3,59.46,25.93
2014-01-19,22883.9,16950.6,5933.3,59.46,25.93
2014-01-20,22883.9,16950.6,5933.3,59.46,25.93
2014-01-21,22883.9,16950.6,5933.3,59.46,25.93
2014-01-22,22883.9,16950.6,5933.3,59.46,25.93
2014-01-23,22883.9,16950.6,5933.3,59.46,25.93
2014-01-24,22883.9,16950.6,5933.3,59.46,25.93
2014-01-25,22883.9,16950.6,5933.3,59.46,25.93
2014-01-26,22883.9,16950.6,5933.3,59.46,25.93
2014-01-27,22883.9,16950.6,5933.3,59.46,25.93
2014-01-28,22883.9,16950.6,5933.3,59.46,25.93
2014-01-29,22883.9,16950.6,5933.3,59.46,25.93
2014-01-30,22883.9,16950.6,5933.3,59.46,25.93
2014-01-31,22883.9,16950.6,5933.3,59.46,25.93
2014-02-01,22883.9,16950.6,5933.3,59.46,25.93
2014-02-02,22883.9,16950.6,5933.3,59.46,25.93
2014-02-03,22883.9,16950.6,5933.3,59.46,25.93
2014-02-04,22883.9,16950.6,5933.3,59.46,25.93
2014-02-05,22883.9,16950.6,5933.3,59.46,25.93
2014-02-06,22883.9,16950.6,5933.3,59.46,25.93
2014-02-07,22883.9,16950.6,5933.3,59.46,25.93
2014-02-08,22883.9,16950.6,5933.3,59.46,25.93
2014-02-09,22883.9,16950.6,5933.3,59.46,25.93
2014-02-10,22883.9,16950.6,5933.3,59.46,25.93
2014-02-11,22883.9,16950.6,5933.3,59.46,25.93
2014-02-12,22883.9,16950.6,5933.3,59.46,25.93
2014-02-13,22883.9,16950.6,5933.3,59.46,25.93
2014-02-14,22883.9,16950.6,5933.3,59.46,25.93
2014-02-15,22883.9,16950.6,5933.3,59.46,25.93
2014-02-16,22883.9,16950.6,5933.3,59.46,25.93
2014-02-17,22883.9,16950.6,5933.3,59.46,25.93
2014-02-18,22883.9,16950.6,5933.3,59.46,25.93
2014-02-19,22883.9,16950.6,5933.3,59.46,25.93
2014-02-20,22883.9,16950.6,5933.3,59.46,25.93
2014-02-21,22883.9,16950.6,5933.3,59.46,25.93
2014-02-22,22883.9,16950.6,5933.3,59.46,25.93
2014-02-23,22883.9,16950.6,5933.3,59.46,25.93
2014-02-24,22883.9,16950.6,5933.3,59.46,25.93
2014-02-25,22883.9,16950.6,5933.3,59.46,25.93
2014-02-26,22883.9,16950.6,5933.3,59.46,25.93
2014-02-27,22883.9,16950.6,5933.3,59.46,25.93
2014-02-28,22883.9,16950.6,5933.3,59.46,25.93
2014-03-01,22883.9,16950.6,5933.3,59.46,25.93
2014-03-02,22883.9,16950.6,5933.3,59.46,25.93
2014-03-03,22883.9,16950.6,5933.3,59.46,25.93
2014-03-04,22883.9,16950.6,5933.3,59.46,25.93
2014-03-05,22883.9,16950.6,5933.3,59.46,25.93
2014-03-06,22883.9,16950.6,5933.3,59.46,25.93
2014-03-07,22883.9,16950.6,5933.3,59.46,25.93
2014-03-08,22883.9,16950.6,5933.3,59.46,25.93
2014-03-09,22883.9,16950.6,5933.3,59.46,25.93
2014-03-10,22883.9,16950.6,5933.3,59.46,25.93
2014-03-11,22883.9,16950.6,5933.3,59.46,25.93
2014-03-12,22883.9,16950.6,5933.3,59.46,25.93
2014-03-13,22883.9,16950.6,5933.3,59.46,25.93
2014-03-14,22883.9,16950.6,5933.3,59.46,25.93
2014-03-15,22883.9,16950.6,5933.3,59.46,25.93
2014-03-16,22883.9,16950.6,5933.3,59.46,25.93
2014-03-17,22883.9,16950.6,5933.3,59.46,25.93
2014-03-18,22883.9,16950.6,5933.3,59.46,25.93
2014-03-19,22883.9,16950.6,5933.3,59.46,25.93
2014-03-20,22883.9,16950.6,5933.3,59.46,25.93
2014-03-21,22883.9,16950.6,5933.3,59.46,25.93
2014-03-22,22883.9,16950.6,5933.3,59.46,25.93
2014-03-23,22883.9,16950.6,5933.3,59.46,25.93
2014-03-24,22883.9,16950.6,5933.3,59.46,25.93
2014-03-25,22883.9,16950.6,5933.3,59.46,25.93
2014-03-26,22883.9,16950.6,5933.3,59.46,25.93
2014-03-27,22883.9,16950.6,5933.3,59.46,25.93
2014-03-28,22883.9,16950.6,5933.3,59.46,25.93
2014-03-29,22883.9,16950.6,5933.3,59.46,25.93
2014-03-30,22883.9,16950.6,5933.3,59.46,25.93
2014-03-31,22883.9,16950.6,5933.3,59.46,25.93
2014-04-01,22975.9,17353.0,5622.9,59.63,24.47
2014-04-02,22975.9,17353.0,5622.9,59.63,24.47
2014-04-03,22975.9,17353.0,5622.9,59.63,24.47
2014-04-04,22975.9,17353.0,5622.9,59.63,24.47
2014-04-05,22975.9,17353.0,5622.9,59.63,24.47
2014-04-06,22975.9,17353.0,5622.9,59.63,24.47
2014-04-07,22975.9,17353.0,5622.9,59.63,24.47
2014-04-08,22975.9,17353.0,5622.9,59.63,24.47
2014-04-09,22975.9,17353.0,5622.9,59.63,24.47
2014-04-10,22975.9,17353.0,5622.9,59.63,24.47
2014-04-11,22975.9,17353.0,5622.9,59.63,24.47
2014-04-12,22975.9,17353.0,5622.9,59.63,24.47
2014-04-13,22975.9,17353.0,5622.9,59.63,24.47
2014-04-14,22975.9,17353.0,5622.9,59.63,24.47
2014-04-15,22975.9,17353.0,5622.9,59.63,24.47
2014-04-16,22975.9,17353.0,5622.9,59.63,24.47
2014-04-17,22975.9,17353.0,5622.9,59.63,24.47
2014-04-18,22975.9,17353.0,5622.9,59.63,24.47
2014-04-19,22975.9,17353.0,5622.9,59.63,24.47
2014-04-20,22975.9,17353.0,5622.9,59.63,24.47
2014-04-21,22975.9,17353.0,5622.9,59.63,24.47
2014-04-22,22975.9,17353.0,5622.9,59.63,24.47
2014-04-23,22975.9,17353.0,5622.9,59.63,24.47
2014-04-24,22975.9,17353.0,5622.9,59.63,24.47
2014-04-25,22975.9,17353.0,5622.9,59.63,24.47
2014-04-26,22975.9,17353.0,5622.9,59.63,24.47
2014-04-27,22975.9,17353.0,5622.9,59.63,24.47
2014-04-28,22975.9,17353.0,5622.9,59.63,24.47
2014-04-29,22975.9,17353.0,5622.9,59.63,24.47
2014-04-30,22975.9,17353.0,5622.9,59.63,24.47
2014-05-01,22975.9,17353.0,5622.9,59.63,24.47
2014-05-02,22975.9,17353.0,5622.9,59.63,24.47
2014-05-03,22975.9,17353.0,5622.9,59.63,24.47
2014-05-04,22975.9,17353.0,5622.9,59.63,24.47
2014-05-05,22975.9,17353.0,5622.9,59.63,24.47
2014-05-06,22975.9,17353.0,5622.9,59.63,24.47
2014-05-07,22975.9,17353.0,5622.9,59.63,24.47
2014-05-08,22975.9,17353.0,5622.9,59.63,24.47
2014-05-09,22975.9,17353.0,5622.9,59.63,24.47
2014-05-10,22975.9,17353.0,5622.9,59.63,24.47
2014-05-11,22975.9,17353.0,5622.9,59.63,24.47
2014-05-12,22975.9,17353.0,5622.9,59.63,24.47
2014-05-13,22975.9,17353.0,5622.9,59.63,24.47
2014-05-14,22975.9,17353.0,5622.9,59.63,24.47
2014-05-15,22975.9,17353.0,5622.9,59.63,24.47
2014-05-16,22975.9,17353.0,5622.9,59.63,24.47
2014-05-17,22975.9,17353.0,5622.9,59.63,24.47
2014-05-18,22975.9,17353.0,5622.9,59.63,24.47
2014-05-19,22975.9,17353.0,5622.9,59.63,24.47
2014-05-20,22975.9,17353.0,5622.9,59.63,24.47
2014-05-21,22975.9,17353.0,5622.9,59.63,24.47
2014-05-22,22975.9,17353.0,5622.9,59.63,24.47
2014-05-23,22975.9,17353.0,5622.9,59.63,24.47
2014-05-24,22975.9,17353.0,5622.9,59.63,24.47
2014-05-25,22975.9,17353.0,5622.9,59.63,24.47
2014-05-26,22975.9,17353.0,5622.9,59.63,24.47
2014-05-27,22975.9,17353.0,5622.9,59.63,24.47
2014-05-28,22975.9,17353.0,5622.9,59.63,24.47
2014-05-29,22975.9,17353.0,5622.9,59.63,24.47
2014-05-30,22975.9,17353.0,5622.9,59.63,24.47
2014-05-31,22975.9,17353.0,5622.9,59.63,24.47
2014-06-01,22975.9,17353.0,5622.9,59.63,24.47
2014-06-02,22975.9,17353.0,5622.9,59.63,24.47
2014-06-03,22975.9,17353.0,5622.9,59.63,24.47
2014-06-04,22975.9,17353.0,5622.9,59.63,24.47
2014-06-05,22975.9,17353.0,5622.9,59.63,24.47
2014-06-06,22975.9,17353.0,5622.9,59.63,24.47
2014-06-07,22975.9,17353.0,5622.9,59.63,24.47
2014-06-08,22975.9,17353.0,5622.9,59.63,24.47
2014-06-09,22975.9,17353.0,5622.9,59.63,24.47
2014-06-10,22975.9,17353.0,5622.9,59.63,24.47
2014-06-11,22975.9,17353.0,5622.9,59.63,24.47
2014-06-12,22975.9,17353.0,5622.9,59.63,24.47
2014-06-13,22975.9,17353.0,5622.9,59.63,24.47
2014-06-14,22975.9,17353.0,5622.9,59.63,24.47
2014-06-15,22975.9,17353.0,5622.9,59.63,24.47
2014-06-16,22975.9,17353.0,5622.9,59.63,24.47
2014-06-17,22975.9,17353.0,5622.9,59.63,24.47
2014-06-18,22975.9,17353.0,5622.9,59.63,24.47
2014-06-19,22975.9,17353.0,5622.9,59.63,24.47
2014-06-20,22975.9,17353.0,5622.9,59.63,24.47
2014-06-21,22975.9,17353.0,5622.9,59.63,24.47
2014-06-22,22975.9,17353.0,5622.9,59.63,24.47
2014-06-23,22975.9,17353.0,5622.9,59.63,24.47
2014-06-24,22975.9,17353.0,5622.9,59.63,24.47
2014-06-25,22975.9,17353.0,5622.9,59.63,24.47
2014-06-26,22975.9,17353.0,5622.9,59.63,24.47
2014-06-27,22975.9,17353.0,5622.9,59.63,24.47
2014-06-28,22975.9,17353.0,5622.9,59.63,24.47
2014-06-29,22975.9,17353.0,5622.9,59.63,24.47
2014-06-30,22975.9,17353.0,5622.9,59.63,24.47
2014-07-01,22931.7,17504.0,5427.7,59.53,23.67
2014-07-02,22931.7,17504.0,5427.7,59.53,23.67
2014-07-03,22931.7,17504.0,5427.7,59.53,23.67
2014-07-04,22931.7,17504.0,5427.7,59.53,23.67
2014-07-05,22931.7,17504.0,5427.7,59.53,23.67
2014-07-06,22931.7,17504.0,5427.7,59.53,23.67
2014-07-07,22931.7,17504.0,5427.7,59.53,23.67
2014-07-08,22931.7,17504.0,5427.7,59.53,23.67
2014-07-09,22931.7,17504.0,5427.7,59.53,23.67
2014-07-10,22931.7,17504.0,5427.7,59.53,23.67
2014-07-11,22931.7,17504.0,5427.7,59.53,23.67
2014-07-12,22931.7,17504.0,5427.7,59.53,23.67
2014-07-13,22931.7,17504.0,5427.7,59.53,23.67
2014-07-14,22931.7,17504.0,5427.7,59.53,23.67
2014-07-15,22931.7,17504.0,5427.7,59.53,23.67
2014-07-16,22931.7,17504.0,5427.7,59.53,23.67
2014-07-17,22931.7,17504.0,5427.7,59.53,23.67
2014-07-18,22931.7,17504.0,5427.7,59.53,23.67
2014-07-19,22931.7,17504.0,5427.7,59.53,23.67
2014-07-20,22931.7,17504.0,5427.7,59.53,23.67
2014-07-21,22931.7,17504.0,5427.7,59.53,23.67
2014-07-22,22931.7,17504.0,5427.7,59.53,23.67
2014-07-23,22931.7,17504.0,5427.7,59.53,23.67
2014-07-24,22931.7,17504.0,5427.7,59.53,23.67
2014-07-25,22931.7,17504.0,5427.7,59.53,23.67
2014-07-26,22931.7,17504.0,5427.7,59.53,23.67
2014-07-27,22931.7,17504.0,5427.7,59.53,23.67
2014-07-28,22931.7,17504.0,5427.7,59.53,23.67
2014-07-29,22931.7,17504.0,5427.7,59.53,23.67
2014-07-30,22931.7,17504.0,5427.7,59.53,23.67
2014-07-31,22931.7,17504.0,5427.7,59.53,23.67
2014-08-01,22931.7,17504.0,5427.7,59.53,23.67
2014-08-02,22931.7,17504.0,5427.7,59.53,23.67
2014-08-03,22931.7,17504.0,5427.7,59.53,23.67
2014-08-04,22931.7,17504.0,5427.7,59.53,23.67
2014-08-05,22931.7,17504.0,5427.7,59.53,23.67
2014-08-06,22931.7,17504.0,5427.7,59.53,23.67
2014-08-07,22931.7,17504.0,5427.7,59.53,23.67
2014-08-08,22931.7,17504.0,5427.7,59.53,23.67
2014-08-09,22931.7,17504.0,5427.7,59.53,23.67
2014-08-10,22931.7,17504.0,5427.7,59.53,23.67
2014-08-11,22931.7,17504.0,5427.7,59.53,23.67
2014-08-12,22931.7,17504.0,5427.7,59.53,23.67
2014-08-13,22931.7,17504.0,5427.7,59.53,23.67
2014-08-14,22931.7,17504.0,5427.7,59.53,23.67
2014-08-15,22931.7,17504.0,5427.7,59.53,23.67
2014-08-16,22931.7,17504.0,5427.7,59.53,23.67
2014-08-17,22931.7,17504.0,5427.7,59.53,23.67
2014-08-18,22931.7,17504.0,5427.7,59.53,23.67
2014-08-19,22931.7,17504.0,5427.7,59.53,23.67
2014-08-20,22931.7,17504.0,5427.7,59.53,23.67
2014-08-21,22931.7,17504.0,5427.7,59.53,23.67
2014-08-22,22931.7,17504.0,5427.7,59.53,23.67
2014-08-23,22931.7,17504.0,5427.7,59.53,23.67
2014-08-24,22931.7,17504.0,5427.7,59.53,23.67
2014-08-25,22931.7,17504.0,5427.7,59.53,23.67
2014-08-26,22931.7,17504.0,5427.7,59.53,23.67
2014-08-27,22931.7,17504.0,5427.7,59.53,23.67
2014-08-28,22931.7,17504.0,5427.7,59.53,23.67
2014-08-29,22931.7,17504.0,5427.7,59.53,23.67
2014-08-30,22931.7,17504.0,5427.7,59.53,23.67
2014-08-31,22931.7,17504.0,5427.7,59.53,23.67
2014-09-01,22931.7,17504.0,5427.7,59.53,23.67
2014-09-02,22931.7,17504.0,5427.7,59.53,23.67
2014-09-03,22931.7,17504.0,5427.7,59.53,23.67
2014-09-04,22931.7,17504.0,5427.7,59.53,23.67
2014-09-05,22931.7,17504.0,5427.7,59.53,23.67
2014-09-06,22931.7,17504.0,5427.7,59.53,23.67
2014-09-07,22931.7,17504.0,5427.7,59.53,23.67
2014-09-08,22931.7,17504.0,5427.7,59.53,23.67
2014-09-09,22931.7,17504.0,5427.7,59.53,23.67
2014-09-10,22931.7,17504.0,5427.7,59.53,23.67
2014-09-11,22931.7,17504.0,5427.7,59.53,23.67
2014-09-12,22931.7,17504.0,5427.7,59.53,23.67
2014-09-13,22931.7,17504.0,5427.7,59.53,23.67
2014-09-14,22931.7,17504.0,5427.7,59.53,23.67
2014-09-15,22931.7,17504.0,5427.7,59.53,23.67
2014-09-16,22931.7,17504.0,5427.7,59.53,23.67
2014-09-17,22931.7,17504.0,5427.7,59.53,23.67
2014-09-18,22931.7,17504.0,5427.7,59.53,23.67
2014-09-19,22931.7,17504.0,5427.7,59.53,23.67
2014-09-20,22931.7,17504.0,5427.7,59.53,23.67
2014-09-21,22931.7,17504.0,5427.7,59.53,23.67
2014-09-22,22931.7,17504.0,5427.7,59.53,23.67
2014-09-23,22931.7,17504.0,5427.7,59.53,23.67
2014-09-24,22931.7,17504.0,5427.7,59.53,23.67
2014-09-25,22931.7,17504.0,5427.7,59.53,23.67
2014-09-26,22931.7,17504.0,5427.7,59.53,23.67
2014-09-27,22931.7,17504.0,5427.7,59.53,23.67
2014-09-28,22931.7,17504.0,5427.7,59.53,23.67
2014-09-29,22931.7,17504.0,5427.7,59.53,23.67
2014-09-30,22931.7,17504.0,5427.7,59.53,23.67
2014-10-01,23026.8,17569.1,5457.7,59.77,23.7
2014-10-02,23026.8,17569.1,5457.7,59.77,23.7
2014-10-03,23026.8,17569.1,5457.7,59.77,23.7
2014-10-04,23026.8,17569.1,5457.7,59.77,23.7
2014-10-05,23026.8,17569.1,5457.7,59.77,23.7
2014-10-06,23026.8,17569.1,5457.7,59.77,23.7
2014-10-07,23026.8,17569.1,5457.7,59.77,23.7
2014-10-08,23026.8,17569.1,5457.7,59.77,23.7
2014-10-09,23026.8,17569.1,5457.7,59.77,23.7
2014-10-10,23026.8,17569.1,5457.7,59.77,23.7
2014-10-11,23026.8,17569.1,5457.7,59.77,23.7
2014-10-12,23026.8,17569.1,5457.7,59.77,23.7
2014-10-13,23026.8,17569.1,5457.7,59.77,23.7
2014-10-14,23026.8,17569.1,5457.7,59.77,23.7
2014-10-15,23026.8,17569.1,5457.7,59.77,23.7
2014-10-16,23026.8,17569.1,5457.7,59.77,23.7
2014-10-17,23026.8,17569.1,5457.7,59.77,23.7
2014-10-18,23026.8,17569.1,5457.7,59.77,23.7
2014-10-19,23026.8,17569.1,5457.7,59.77,23.7
2014-10-20,23026.8,17569.1,5457.7,59.77,23.7
2014-10-21,23026.8,17569.1,5457.7,59.77,23.7
2014-10-22,23026.8,17569.1,5457.7,59.77,23.7
2014-10-23,23026.8,17569.1,5457.7,59.77,23.7
2014-10-24,23026.8,17569.1,5457.7,59.77,23.7
2014-10-25,23026.8,17569.1,5457.7,59.77,23.7
2014-10-26,23026.8,17569.1,5457.7,59.77,23.7
2014-10-27,23026.8,17569.1,5457.7,59.77,23.7
2014-10-28,23026.8,17569.1,5457.7,59.77,23.7
2014-10-29,23026.8,17569.1,5457.7,59.77,23.7
2014-10-30,23026.8,17569.1,5457.7,59.77,23.7
2014-10-31,23026.8,17569.1,5457.7,59.77,23.7
2014-11-01,23026.8,17569.1,5457.7,59.77,23.7
2014-11-02,23026.8,17569.1,5457.7,59.77,23.7
2014-11-03,23026.8,17569.1,5457.7,59.77,23.7
2014-11-04,23026.8,17569.1,5457.7,59.77,23.7
2014-11-05,23026.8,17569.1,5457.7,59.77,23.7
2014-11-06,23026.8,17569.1,5457.7,59.77,23.7
2014-11-07,23026.8,17569.1,5457.7,59.77,23.7
2014-11-08,23026.8,17569.1,5457.7,59.77,23.7
2014-11-09,23026.8,17569.1,5457.7,59.77,23.7
2014-11-10,23026.8,17569.1,5457.7,59.77,23.7
2014-11-11,23026.8,17569.1,5457.7,59.77,23.7
2014-11-12,23026.8,17569.1,5457.7,59.77,23.7
2014-11-13,23026.8,17569.1,5457.7,59.77,23.7
2014-11-14,23026.8,17569.1,5457.7,59.77,23.7
2014-11-15,23026.8,17569.1,5457.7,59.77,23.7
2014-11-16,23026.8,17569.1,5457.7,59.77,23.7
2014-11-17,23026.8,17569.1,5457.7,59.77,23.7
2014-11-18,23026.8,17569.1,5457.7,59.77,23.7
2014-11-19,23026.8,17569.1,5457.7,59.77,23.7
2014-11-20,23026.8,17569.1,5457.7,59.77,23.7
2014-11-21,23026.8,17569.1,5457.7,59.77,23.7
2014-11-22,23026.8,17569.1,5457.7,59.77,23.7
2014-11-23,23026.8,17569.1,5457.7,59.77,23.7
2014-11-24,23026.8,17569.1,5457.7,59.77,23.7
2014-11-25,23026.8,17569.1,5457.7,59.77,23.7
2014-11-26,23026.8,17569.1,5457.7,59.77,23.7
2014-11-27,23026.8,17569.1,5457.7,59.77,23.7
2014-11-28,23026.8,17569.1,5457.7,59.77,23.7
2014-11-29,23026.8,17569.1,5457.7,59.77,23.7
2014-11-30,23026.8,17569.1,5457.7,59.77,23.7
2014-12-01,23026.8,17569.1,5457.7,59.77,23.7
2014-12-02,23026.8,17569.1,5457.7,59.77,23.7
2014-12-03,23026.8,17569.1,5457.7,59.77,23.7
2014-12-04,23026.8,17569.1,5457.7,59.77,23.7
2014-12-05,23026.8,17569.1,5457.7,59.77,23.7
2014-12-06,23026.8,17569.1,5457.7,59.77,23.7
2014-12-07,23026.8,17569.1,5457.7,59.77,23.7
2014-12-08,23026.8,17569.1,5457.7,59.77,23.7
2014-12-09,23026.8,17569.1,5457.7,59.77,23.7
2014-12-10,23026.8,17569.1,5457.7,59.77,23.7
2014-12-11,23026.8,17569.1,5457.7,59.77,23.7
2014-12-12,23026.8,17569.1,5457.7,59.77,23.7
2014-12-13,23026.8,17569.1,5457.7,59.77,23.7
2014-12-14,23026.8,17569.1,5457.7,59.77,23.7
2014-12-15,23026.8,17569.1,5457.7,59.77,23.7
2014-12-16,23026.8,17569.1,5457.7,59.77,23.7
2014-12-17,23026.8,17569.1,5457.7,59.77,23.7
2014-12-18,23026.8,17569.1,5457.7,59.77,23.7
2014-12-19,23026.8,17569.1,5457.7,59.77,23.7
2014-12-20,23026.8,17569.1,5457.7,59.77,23.7
2014-12-21,23026.8,17569.1,5457.7,59.77,23.7
2014-12-22,23026.8,17569.1,5457.7,59.77,23.7
2014-12-23,23026.8,17569.1,5457.7,59.77,23.7
2014-12-24,23026.8,17569.1,5457.7,59.77,23.7
2014-12-25,23026.8,17569.1,5457.7,59.77,23.7
2014-12-26,23026.8,17569.1,5457.7,59.77,23.7
2014-12-27,23026.8,17569.1,5457.7,59.77,23.7
2014-12-28,23026.8,17569.1,5457.7,59.77,23.7
2014-12-29,23026.8,17569.1,5457.7,59.77,23.7
2014-12-30,23026.8,17569.1,5457.7,59.77,23.7
2014-12-31,23026.8,17569.1,5457.7,59.77,23.7
2015-01-01,22899.4,17454.8,5444.6,59.45,23.78
2015-01-02,22899.4,17454.8,5444.6,59.45,23.78
2015-01-03,22899.4,17454.8,5444.6,59.45,23.78
2015-01-04,22899.4,17454.8,5444.6,59.45,23.78
2015-01-05,22899.4,17454.8,5444.6,59.45,23.78
2015-01-06,22899.4,17454.8,5444.6,59.45,23.78
2015-01-07,22899.4,17454.8,5444.6,59.45,23.78
2015-01-08,22899.4,17454.8,5444.6,59.45,23.78
2015-01-09,22899.4,17454.8,5444.6,59.45,23.78
2015-01-10,22899.4,17454.8,5444.6,59.45,23.78
2015-01-11,22899.4,17454.8,5444.6,59.45,23.78
2015-01-12,22899.4,17454.8,5444.6,59.45,23.78
2015-01-13,22899.4,17454.8,5444.6,59.45,23.78
2015-01-14,22899.4,17454.8,5444.6,59.45,23.78
2015-01-15,22899.4,17454.8,5444.6,59.45,23.78
2015-01-16,22899.4,17454.8,5444.6,59.45,23.78
2015-01-17,22899.4,17454.8,5444.6,59.45,23.78
2015-01-18,22899.4,17454.8,5444.6,59.45,23.78
2015-01-19,22899.4,17454.8,5444.6,59.45,23.78
2015-01-20,22899.4,17454.8,5444.6,59.45,23.78
2015-01-21,22899.4,17454.8,5444.6,59.45,23.78
2015-01-22,22899.4,17454.8,5444.6,59.45,23.78
2015-01-23,22899.4,17454.8,5444.6,59.45,23.78
2015-01-24,22899.4,17454.8,5444.6,59.45,23.78
2015-01-25,22899.4,17454.8,5444.6,59.45,23.78
2015-01-26,22899.4,17454.8,5444.6,59.45,23.78
2015-01-27,22899.4,17454.8,5444.6,59.45,23.78
2015-01-28,22899.4,17454.8,5444.6,59.45,23.78
2015-01-29,22899.4,17454.8,5444.6,59.45,23.78
2015-01-30,22899.4,17454.8,5444.6,59.45,23.78
2015-01-31,22899.4,17454.8,5444.6,59.45,23.78
2015-02-01,22899.4,17454.8,5444.6,59.45,23.78
2015-02-02,22899.4,17454.8,5444.6,59.45,23.78
2015-02-03,22899.4,17454.8,5444.6,59.45,23.78
2015-02-04,22899.4,17454.8,5444.6,59.45,23.78
2015-02-05,22899.4,17454.8,5444.6,59.45,23.78
2015-02-06,22899.4,17454.8,5444.6,59.45,23.78
2015-02-07,22899.4,17454.8,5444.6,59.45,23.78
2015-02-08,22899.4,17454.8,5444.6,59.45,23.78
2015-02-09,22899.4,17454.8,5444.6,59.45,23.78
2015-02-10,22899.4,17454.8,5444.6,59.45,23.78
2015-02-11,22899.4,17454.8,5444.6,59.45,23.78
2015-02-12,22899.4,17454.8,5444.6,59.45,23.78
2015-02-13,22899.4,17454.8,5444.6,59.45,23.78
2015-02-14,22899.4,17454.8,5444.6,59.45,23.78
2015-02-15,22899.4,17454.8,5444.6,59.45,23.78
2015-02-16,22899.4,17454.8,5444.6,59.45,23.78
2015-02-17,22899.4,17454.8,5444.6,59.45,23.78
2015-02-18,22899.4,17454.8,5444.6,59.45,23.78
2015-02-19,22899.4,17454.8,5444.6,59.45,23.78
2015-02-20,22899.4,17454.8,5444.6,59.45,23.78
2015-02-21,22899.4,17454.8,5444.6,59.45,23.78
2015-02-22,22899.4,17454.8,5444.6,59.45,23.78
2015-02-23,22899.4,17454.8,5444.6,59.45,23.78
2015-02-24,22899.4,17454.8,5444.6,59.45,23.78
2015-02-25,22899.4,17454.8,5444.6,59.45,23.78
2015-02-26,22899.4,17454.8,5444.6,59.45,23.78
2015-02-27,22899.4,17454.8,5444.6,59.45,23.78
2015-02-28,22899.4,17454.8,5444.6,59.45,23.78
2015-03-01,22899.4,17454.8,5444.6,59.45,23.78
2015-03-02,22899.4,17454.8,5444.6,59.45,23.78
2015-03-03,22899.4,17454.8,5444.6,59.45,23.78
2015-03-04,22899.4,17454.8,5444.6,59.45,23.78
2015-03-05,22899.4,17454.8,5444.6,59.45,23.78
2015-03-06,22899.4,17454.8,5444.6,59.45,23.78
2015-03-07,22899.4,17454.8,5444.6,59.45,23.78
2015-03-08,22899.4,17454.8,5444.6,59.45,23.78
2015-03-09,22899.4,17454.8,5444.6,59.45,23.78
2015-03-10,22899.4,17454.8,5444.6,59.45,23.78
2015-03-11,22899.4,17454.8,5444.6,59.45,23.78
2015-03-12,22899.4,17454.8,5444.6,59.45,23.78
2015-03-13,22899.4,17454.8,5444.6,59.45,23.78
2015-03-14,22899.4,17454.8,5444.6,59.45,23.78
2015-03-15,22899.4,17454.8,5444.6,59.45,23.78
2015-03-16,22899.4,17454.8,5444.6,59.45,23.78
2015-03-17,22899.4,17454.8,5444.6,59.45,23.78
2015-03-18,22899.4,17454.8,5444.6,59.45,23.78
2015-03-19,22899.4,17454.8,5444.6,59.45,23.78
2015-03-20,22899.4,17454.8,5444.6,59.45,23.78
2015-03-21,22899.4,17454.8,5444.6,59.45,23.78
2015-03-22,22899.4,17454.8,5444.6,59.45,23.78
2015-03-23,22899.4,17454.8,5444.6,59.45,23.78
2015-03-24,22899.4,17454.8,5444.6,59.45,23.78
2015-03-25,22899.4,17454.8,5444.6,59.45,23.78
2015-03-26,22899.4,17454.8,5444.6,59.45,23.78
2015-03-27,22899.4,17454.8,5444.6,59.45,23.78
2015-03-28,22899.4,17454.8,5444.6,59.45,23.78
2015-03-29,22899.4,17454.8,5444.6,59.45,23.78
2015-03-30,22899.4,17454.8,5444.6,59.45,23.78
2015-03-31,22899.4,17454.8,5444.6,59.45,23.78
2015-04-01,23015.5,17866.5,5149.0,59.79,22.37
2015-04-02,23015.5,17866.5,5149.0,59.79,22.37
2015-04-03,23015.5,17866.5,5149.0,59.79,22.37
2015-04-04,23015.5,17866.5,5149.0,59.79,22.37
2015-04-05,23015.5,17866.5,5149.0,59.79,22.37
2015-04-06,23015.5,17866.5,5149.0,59.79,22.37
2015-04-07,23015.5,17866.5,5149.0,59.79,22.37
2015-04-08,23015.5,17866.5,5149.0,59.79,22.37
2015-04-09,23015.5,17866.5,5149.0,59.79,22.37
2015-04-10,23015.5,17866.5,5149.0,59.79,22.37
2015-04-11,23015.5,17866.5,5149.0,59.79,22.37
2015-04-12,23015.5,17866.5,5149.0,59.79,22.37
2015-04-13,23015.5,17866.5,5149.0,59.79,22.37
2015-04-14,23015.5,17866.5,5149.0,59.79,22.37
2015-04-15,23015.5,17866.5,5149.0,59.79,22.37
2015-04-16,23015.5,17866.5,5149.0,59.79,22.37
2015-04-17,23015.5,17866.5,5149.0,59.79,22.37
2015-04-18,23015.5,17866.5,5149.0,59.79,22.37
2015-04-19,23015.5,17866.5,5149.0,59.79,22.37
2015-04-20,23015.5,17866.5,5149.0,59.79,22.37
2015-04-21,23015.5,17866.5,5149.0,59.79,22.37
2015-04-22,23015.5,17866.5,5149.0,59.79,22.37
2015-04-23,23015.5,17866.5,5149.0,59.79,22.37
2015-04-24,23015.5,17866.5,5149.0,59.79,22.37
2015-04-25,23015.5,17866.5,5149.0,59.79,22.37
2015-04-26,23015.5,17866.5,5149.0,59.79,22.37
2015-04-27,23015.5,17866.5,5149.0,59.79,22.37
2015-04-28,23015.5,17866.5,5149.0,59.79,22.37
2015-04-29,23015.5,17866.5,5149.0,59.79,22.37
2015-04-30,23015.5,17866.5,5149.0,59.79,22.37
2015-05-01,23015.5,17866.5,5149.0,59.79,22.37
2015-05-02,23015.5,17866.5,5149.0,59.79,22.37
2015-05-03,23015.5,17866.5,5149.0,59.79,22.37
2015-05-04,23015.5,17866.5,5149.0,59.79,22.37
2015-05-05,23015.5,17866.5,5149.0,59.79,22.37
2015-05-06,23015.5,17866.5,5149.0,59.79,22.37
2015-05-07,23015.5,17866.5,5149.0,59.79,22.37
2015-05-08,23015.5,17866.5,5149.0,59.79,22.37
2015-05-09,23015.5,17866.5,5149.0,59.79,22.37
2015-05-10,23015.5,17866.5,5149.0,59.79,22.37
2015-05-11,23015.5,17866.5,5149.0,59.79,22.37
2015-05-12,23015.5,17866.5,5149.0,59.79,22.37
2015-05-13,23015.5,17866.5,5149.0,59.79,22.37
2015-05-14,23015.5,17866.5,5149.0,59.79,22.37
2015-05-15,23015.5,17866.5,5149.0,59.79,22.37
2015-05-16,23015.5,17866.5,5149.0,59.79,22.37
2015-05-17,23015.5,17866.5,5149.0,59.79,22.37
2015-05-18,23015.5,17866.5,5149.0,59.79,22.37
2015-05-19,23015.5,17866.5,5149.0,59.79,22.37
2015-05-20,23015.5,17866.5,5149.0,59.79,22.37
2015-05-21,23015.5,17866.5,5149.0,59.79,22.37
2015-05-22,23015.5,17866.5,5149.0,59.79,22.37
2015-05-23,23015.5,17866.5,5149.0,59.79,22.37
2015-05-24,23015.5,17866.5,5149.0,59.79,22.37
2015-05-25,23015.5,17866.5,5149.0,59.79,22.37
2015-05-26,23015.5,17866.5,5149.0,59.79,22.37
2015-05-27,23015.5,17866.5,5149.0,59.79,22.37
2015-05-28,23015.5,17866.5,5149.0,59.79,22.37
2015-05-29,23015.5,17866.5,5149.0,59.79,22.37
2015-05-30,23015.5,17866.5,5149.0,59.79,22.37
2015-05-31,23015.5,17866.5,5149.0,59.79,22.37
2015-06-01,23015.5,17866.5,5149.0,59.79,22.37
2015-06-02,23015.5,17866.5,5149.0,59.79,22.37
2015-06-03,23015.5,17866.5,5149.0,59.79,22.37
2015-06-04,23015.5,17866.5,5149.0,59.79,22.37
2015-06-05,23015.5,17866.5,5149.0,59.79,22.37
2015-06-06,23015.5,17866.5,5149.0,59.79,22.37
2015-06-07,23015.5,17866.5,5149.0,59.79,22.37
2015-06-08,23015.5,17866.5,5149.0,59.79,22.37
2015-06-09,23015.5,17866.5,5149.0,59.79,22.37
2015-06-10,23015.5,17866.5,5149.0,59.79,22.37
2015-06-11,23015.5,17866.5,5149.0,59.79,22.37
2015-06-12,23015.5,17866.5,5149.0,59.79,22.37
2015-06-13,23015.5,17866.5,5149.0,59.79,22.37
2015-06-14,23015.5,17866.5,5149.0,59.79,22.37
2015-06-15,23015.5,17866.5,5149.0,59.79,22.37
2015-06-16,23015.5,17866.5,5149.0,59.79,22.37
2015-06-17,23015.5,17866.5,5149.0,59.79,22.37
2015-06-18,23015.5,17866.5,5149.0,59.79,22.37
2015-06-19,23015.5,17866.5,5149.0,59.79,22.37
2015-06-20,23015.5,17866.5,5149.0,59.79,22.37
2015-06-21,23015.5,17866.5,5149.0,59.79,22.37
2015-06-22,23015.5,17866.5,5149.0,59.79,22.37
2015-06-23,23015.5,17866.5,5149.0,59.79,22.37
2015-06-24,23015.5,17866.5,5149.0,59.79,22.37
2015-06-25,23015.5,17866.5,5149.0,59.79,22.37
2015-06-26,23015.5,17866.5,5149.0,59.79,22.37
2015-06-27,23015.5,17866.5,5149.0,59.79,22.37
2015-06-28,23015.5,17866.5,5149.0,59.79,22.37
2015-06-29,23015.5,17866.5,5149.0,59.79,22.37
2015-06-30,23015.5,17866.5,5149.0,59.79,22.37
2015-07-01,22899.5,18048.7,4850.8,59.5,21.18
2015-07-02,22899.5,18048.7,4850.8,59.5,21.18
2015-07-03,22899.5,18048.7,4850.8,59.5,21.18
2015-07-04,22899.5,18048.7,4850.8,59.5,21.18
2015-07-05,22899.5,18048.7,4850.8,59.5,21.18
2015-07-06,22899.5,18048.7,4850.8,59.5,21.18
2015-07-07,22899.5,18048.7,4850.8,59.5,21.18
2015-07-08,22899.5,18048.7,4850.8,59.5,21.18
2015-07-09,22899.5,18048.7,4850.8,59.5,21.18
2015-07-10,22899.5,18048.7,4850.8,59.5,21.18
2015-07-11,22899.5,18048.7,4850.8,59.5,21.18
2015-07-12,22899.5,18048.7,4850.8,59.5,21.18
2015-07-13,22899.5,18048.7,4850.8,59.5,21.18
2015-07-14,22899.5,18048.7,4850.8,59.5,21.18
2015-07-15,22899.5,18048.7,4850.8,59.5,21.18
2015-07-16,22899.5,18048.7,4850.8,59.5,21.18
2015-07-17,22899.5,18048.7,4850.8,59.5,21.18
2015-07-18,22899.5,18048.7,4850.8,59.5,21.18
2015-07-19,22899.5,18048.7,4850.8,59.5,21.18
2015-07-20,22899.5,18048.7,4850.8,59.5,21.18
2015-07-21,22899.5,18048.7,4850.8,59.5,21.18
2015-07-22,22899.5,18048.7,4850.8,59.5,21.18
2015-07-23,22899.5,18048.7,4850.8,59.5,21.18
2015-07-24,22899.5,18048.7,4850.8,59.5,21.18
2015-07-25,22899.5,18048.7,4850.8,59.5,21.18
2015-07-26,22899.5,18048.7,4850.8,59.5,21.18
2015-07-27,22899.5,18048.7,4850.8,59.5,21.18
2015-07-28,22899.5,18048.7,4850.8,59.5,21.18
2015-07-29,22899.5,18048.7,4850.8,59.5,21.18
2015-07-30,22899.5,18048.7,4850.8,59.5,21.18
2015-07-31,22899.5,18048.7,4850.8,59.5,21.18
2015-08-01,22899.5,18048.7,4850.8,59.5,21.18
2015-08-02,22899.5,18048.7,4850.8,59.5,21.18
2015-08-03,22899.5,18048.7,4850.8,59.5,21.18
2015-08-04,22899.5,18048.7,4850.8,59.5,21.18
2015-08-05,22899.5,18048.7,4850.8,59.5,21.18
2015-08-06,22899.5,18048.7,4850.8,59.5,21.18
2015-08-07,22899.5,18048.7,4850.8,59.5,21.18
2015-08-08,22899.5,18048.7,4850.8,59.5,21.18
2015-08-09,22899.5,18048.7,4850.8,59.5,21.18
2015-08-10,22899.5,18048.7,4850.8,59.5,21.18
2015-08-11,22899.5,18048.7,4850.8,59.5,21.18
2015-08-12,22899.5,18048.7,4850.8,59.5,21.18
2015-08-13,22899.5,18048.7,4850.8,59.5,21.18
2015-08-14,22899.5,18048.7,4850.8,59.5,21.18
2015-08-15,22899.5,18048.7,4850.8,59.5,21.18
2015-08-16,22899.5,18048.7,4850.8,59.5,21.18
2015-08-17,22899.5,18048.7,4850.8,59.5,21.18
2015-08-18,22899.5,18048.7,4850.8,59.5,21.18
2015-08-19,22899.5,18048.7,4850.8,59.5,21.18
2015-08-20,22899.5,18048.7,4850.8,59.5,21.18
2015-08-21,22899.5,18048.7,4850.8,59.5,21.18
2015-08-22,22899.5,18048.7,4850.8,59.5,21.18
2015-08-23,22899.5,18048.7,4850.8,59.5,21.18
2015-08-24,22899.5,18048.7,4850.8,59.5,21.18
2015-08-25,22899.5,18048.7,4850.8,59.5,21.18
2015-08-26,22899.5,18048.7,4850.8,59.5,21.18
2015-08-27,22899.5,18048.7,4850.8,59.5,21.18
2015-08-28,22899.5,18048.7,4850.8,59.5,21.18
2015-08-29,22899.5,18048.7,4850.8,59.5,21.18
2015-08-30,22899.5,18048.7,4850.8,59.5,21.18
2015-08-31,22899.5,18048.7,4850.8,59.5,21.18
2015-09-01,22899.5,18048.7,4850.8,59.5,21.18
2015-09-02,22899.5,18048.7,4850.8,59.5,21.18
2015-09-03,22899.5,18048.7,4850.8,59.5,21.18
2015-09-04,22899.5,18048.7,4850.8,59.5,21.18
2015-09-05,22899.5,18048.7,4850.8,59.5,21.18
2015-09-06,22899.5,18048.7,4850.8,59.5,21.18
2015-09-07,22899.5,18048.7,4850.8,59.5,21.18
2015-09-08,22899.5,18048.7,4850.8,59.5,21.18
2015-09-09,22899.5,18048.7,4850.8,59.5,21.18
2015-09-10,22899.5,18048.7,4850.8,59.5,21.18
2015-09-11,22899.5,18048.7,4850.8,59.5,21.18
2015-09-12,22899.5,18048.7,4850.8,59.5,21.18
2015-09-13,22899.5,18048.7,4850.8,59.5,21.18
2015-09-14,22899.5,18048.7,4850.8,59.5,21.18
2015-09-15,22899.5,18048.7,4850.8,59.5,21.18
2015-09-16,22899.5,18048.7,4850.8,59.5,21.18
2015-09-17,22899.5,18048.7,4850.8,59.5,21.18
2015-09-18,22899.5,18048.7,4850.8,59.5,21.18
2015-09-19,22899.5,18048.7,4850.8,59.5,21.18
2015-09-20,22899.5,18048.7,4850.8,59.5,21.18
2015-09-21,22899.5,18048.7,4850.8,59.5,21.18
2015-09-22,22899.5,18048.7,4850.8,59.5,21.18
2015-09-23,22899.5,18048.7,4850.8,59.5,21.18
2015-09-24,22899.5,18048.7,4850.8,59.5,21.18
2015-09-25,22899.5,18048.7,4850.8,59.5,21.18
2015-09-26,22899.5,18048.7,4850.8,59.5,21.18
2015-09-27,22899.5,18048.7,4850.8,59.5,21.18
2015-09-28,22899.5,18048.7,4850.8,59.5,21.18
2015-09-29,22899.5,18048.7,4850.8,59.5,21.18
2015-09-30,22899.5,18048.7,4850.8,59.5,21.18
2015-10-01,22873.7,18094.2,4779.5,59.43,20.9
2015-10-02,22873.7,18094.2,4779.5,59.43,20.9
2015-10-03,22873.7,18094.2,4779.5,59.43,20.9
2015-10-04,22873.7,18094.2,4779.5,59.43,20.9
2015-10-05,22873.7,18094.2,4779.5,59.43,20.9
2015-10-06,22873.7,18094.2,4779.5,59.43,20.9
2015-10-07,22873.7,18094.2,4779.5,59.43,20.9
2015-10-08,22873.7,18094.2,4779.5,59.43,20.9
2015-10-09,22873.7,18094.2,4779.5,59.43,20.9
2015-10-10,22873.7,18094.2,4779.5,59.43,20.9
2015-10-11,22873.7,18094.2,4779.5,59.43,20.9
2015-10-12,22873.7,18094.2,4779.5,59.43,20.9
2015-10-13,22873.7,18094.2,4779.5,59.43,20.9
2015-10-14,22873.7,18094.2,4779.5,59.43,20.9
2015-10-15,22873.7,18094.2,4779.5,59.43,20.9
2015-10-16,22873.7,18094.2,4779.5,59.43,20.9
2015-10-17,22873.7,18094.2,4779.5,59.43,20.9
2015-10-18,22873.7,18094.2,4779.5,59.43,20.9
2015-10-19,22873.7,18094.2,4779.5,59.43,20.9
2015-10-20,22873.7,18094.2,4779.5,59.43,20.9
2015-10-21,22873.7,18094.2,4779.5,59.43,20.9
2015-10-22,22873.7,18094.2,4779.5,59.43,20.9
2015-10-23,22873.7,18094.2,4779.5,59.43,20.9
2015-10-24,22873.7,18094.2,4779.5,59.43,20.9
2015-10-25,22873.7,18094.2,4779.5,59.43,20.9
2015-10-26,22873.7,18094.2,4779.5,59.43,20.9
2015-10-27,22873.7,18094.2,4779.5,59.43,20.9
2015-10-28,22873.7,18094.2,4779.5,59.43,20.9
2015-10-29,22873.7,18094.2,4779.5,59.43,20.9
2015-10-30,22873.7,18094.2,4779.5,59.43,20.9
2015-10-31,22873.7,18094.2,4779.5,59.43,20.9
2015-11-01,22873.7,18094.2,4779.5,59.43,20.9
2015-11-02,22873.7,18094.2,4779.5,59.43,20.9
2015-11-03,22873.7,18094.2,4779.5,59.43,20.9
2015-11-04,22873.7,18094.2,4779.5,59.43,20.9
2015-11-05,22873.7,18094.2,4779.5,59.43,20.9
2015-11-06,22873.7,18094.2,4779.5,59.43,20.9
2015-11-07,22873.7,18094.2,4779.5,59.43,20.9
2015-11-08,22873.7,18094.2,4779.5,59.43,20.9
2015-11-09,22873.7,18094.2,4779.5,59.43,20.9
2015-11-10,22873.7,18094.2,4779.5,59.43,20.9
2015-11-11,22873.7,18094.2,4779.5,59.43,20.9
2015-11-12,22873.7,18094.2,4779.5,59.43,20.9
2015-11-13,22873.7,18094.2,4779.5,59.43,20.9
2015-11-14,22873.7,18094.2,4779.5,59.43,20.9
2015-11-15,22873.7,18094.2,4779.5,59.43,20.9
2015-11-16,22873.7,18094.2,4779.5,59.43,20.9
2015-11-17,22873.7,18094.2,4779.5,59.43,20.9
2015-11-18,22873.7,18094.2,4779.5,59.43,20.9
2015-11-19,22873.7,18094.2,4779.5,59.43,20.9
2015-11-20,22873.7,18094.2,4779.5,59.43,20.9
2015-11-21,22873.7,18094.2,4779.5,59.43,20.9
2015-11-22,22873.7,18094.2,4779.5,59.43,20.9
2015-11-23,22873.7,18094.2,4779.5,59.43,20.9
2015-11-24,22873.7,18094.2,4779.5,59.43,20.9
2015-11-25,22873.7,18094.2,4779.5,59.43,20.9
2015-11-26,22873.7,18094.2,4779.5,59.43,20.9
2015-11-27,22873.7,18094.2,4779.5,59.43,20.9
2015-11-28,22873.7,18094.2,4779.5,59.43,20.9
2015-11-29,22873.7,18094.2,4779.5,59.43,20.9
2015-11-30,22873.7,18094.2,4779.5,59.43,20.9
2015-12-01,22873.7,18094.2,4779.5,59.43,20.9
2015-12-02,22873.7,18094.2,4779.5,59.43,20.9
2015-12-03,22873.7,18094.2,4779.5,59.43,20.9
2015-12-04,22873.7,18094.2,4779.5,59.43,20.9
2015-12-05,22873.7,18094.2,4779.5,59.43,20.9
2015-12-06,22873.7,18094.2,4779.5,59.43,20.9
2015-12-07,22873.7,18094.2,4779.5,59.43,20.9
2015-12-08,22873.7,18094.2,4779.5,59.43,20.9
2015-12-09,22873.7,18094.2,4779.5,59.43,20.9
2015-12-10,22873.7,18094.2,4779.5,59.43,20.9
2015-12-11,22873.7,18094.2,4779.5,59.43,20.9
2015-12-12,22873.7,18094.2,4779.5,59.43,20.9
2015-12-13,22873.7,18094.2,4779.5,59.43,20.9
2015-12-14,22873.7,18094.2,4779.5,59.43,20.9
2015-12-15,22873.7,18094.2,4779.5,59.43,20.9
2015-12-16,22873.7,18094.2,4779.5,59.43,20.9
2015-12-17,22873.7,18094.2,4779.5,59.43,20.9
2015-12-18,22873.7,18094.2,4779.5,59.43,20.9
2015-12-19,22873.7,18094.2,4779.5,59.43,20.9
2015-12-20,22873.7,18094.2,4779.5,59.43,20.9
2015-12-21,22873.7,18094.2,4779.5,59.43,20.9
2015-12-22,22873.7,18094.2,4779.5,59.43,20.9
2015-12-23,22873.7,18094.2,4779.5,59.43,20.9
2015-12-24,22873.7,18094.2,4779.5,59.43,20.9
2015-12-25,22873.7,18094.2,4779.5,59.43,20.9
2015-12-26,22873.7,18094.2,4779.5,59.43,20.9
2015-12-27,22873.7,18094.2,4779.5,59.43,20.9
2015-12-28,22873.7,18094.2,4779.5,59.43,20.9
2015-12-29,22873.7,18094.2,4779.5,59.43,20.9
2015-12-30,22873.7,18094.2,4779.5,59.43,20.9
2015-12-31,22873.7,18094.2,4779.5,59.43,20.9
2016-01-01,22821.0,18029.6,4791.4,59.29,21.0
2016-01-02,22821.0,18029.6,4791.4,59.29,21.0
2016-01-03,22821.0,18029.6,4791.4,59.29,21.0
2016-01-04,22821.0,18029.6,4791.4,59.29,21.0
2016-01-05,22821.0,18029.6,4791.4,59.29,21.0
2016-01-06,22821.0,18029.6,4791.4,59.29,21.0
2016-01-07,22821.0,18029.6,4791.4,59.29,21.0
2016-01-08,22821.0,18029.6,4791.4,59.29,21.0
2016-01-09,22821.0,18029.6,4791.4,59.29,21.0
2016-01-10,22821.0,18029.6,4791.4,59.29,21.0
2016-01-11,22821.0,18029.6,4791.4,59.29,21.0
2016-01-12,22821.0,18029.6,4791.4,59.29,21.0
2016-01-13,22821.0,18029.6,4791.4,59.29,21.0
2016-01-14,22821.0,18029.6,4791.4,59.29,21.0
2016-01-15,22821.0,18029.6,4791.4,59.29,21.0
2016-01-16,22821.0,18029.6,4791.4,59.29,21.0
2016-01-17,22821.0,18029.6,4791.4,59.29,21.0
2016-01-18,22821.0,18029.6,4791.4,59.29,21.0
2016-01-19,22821.0,18029.6,4791.4,59.29,21.0
2016-01-20,22821.0,18029.6,4791.4,59.29,21.0
2016-01-21,22821.0,18029.6,4791.4,59.29,21.0
2016-01-22,22821.0,18029.6,4791.4,59.29,21.0
2016-01-23,22821.0,18029.6,4791.4,59.29,21.0
2016-01-24,22821.0,18029.6,4791.4,59.29,21.0
2016-01-25,22821.0,18029.6,4791.4,59.29,21.0
2016-01-26,22821.0,18029.6,4791.4,59.29,21.0
2016-01-27,22821.0,18029.6,4791.4,59.29,21.0
2016-01-28,22821.0,18029.6,4791.4,59.29,21.0
2016-01-29,22821.0,18029.6,4791.4,59.29,21.0
2016-01-30,22821.0,18029.6,4791.4,59.29,21.0
2016-01-31,22821.0,18029.6,4791.4,59.29,21.0
2016-02-01,22821.0,18029.6,4791.4,59.29,21.0
2016-02-02,22821.0,18029.6,4791.4,59.29,21.0
2016-02-03,22821.0,18029.6,4791.4,59.29,21.0
2016-02-04,22821.0,18029.6,4791.4,59.29,21.0
2016-02-05,22821.0,18029.6,4791.4,59.29,21.0
2016-02-06,22821.0,18029.6,4791.4,59.29,21.0
2016-02-07,22821.0,18029.6,4791.4,59.29,21.0
2016-02-08,22821.0,18029.6,4791.4,59.29,21.0
2016-02-09,22821.0,18029.6,4791.4,59.29,21.0
2016-02-10,22821.0,18029.6,4791.4,59.29,21.0
2016-02-11,22821.0,18029.6,4791.4,59.29,21.0
2016-02-12,22821.0,18029.6,4791.4,59.29,21.0
2016-02-13,22821.0,18029.6,4791.4,59.29,21.0
2016-02-14,22821.0,18029.6,4791.4,59.29,21.0
2016-02-15,22821.0,18029.6,4791.4,59.29,21.0
2016-02-16,22821.0,18029.6,4791.4,59.29,21.0
2016-02-17,22821.0,18029.6,4791.4,59.29,21.0
2016-02-18,22821.0,18029.6,4791.4,59.29,21.0
2016-02-19,22821.0,18029.6,4791.4,59.29,21.0
2016-02-20,22821.0,18029.6,4791.4,59.29,21.0
2016-02-21,22821.0,18029.6,4791.4,59.29,21.0
2016-02-22,22821.0,18029.6,4791.4,59.29,21.0
2016-02-23,22821.0,18029.6,4791.4,59.29,21.0
2016-02-24,22821.0,18029.6,4791.4,59.29,21.0
2016-02-25,22821.0,18029.6,4791.4,59.29,21.0
2016-02-26,22821.0,18029.6,4791.4,59.29,21.0
2016-02-27,22821.0,18029.6,4791.4,59.29,21.0
2016-02-28,22821.0,18029.6,4791.4,59.29,21.0
2016-02-29,22821.0,18029.6,4791.4,59.29,21.0
2016-03-01,22821.0,18029.6,4791.4,59.29,21.0
2016-03-02,22821.0,18029.6,4791.4,59.29,21.0
2016-03-03,22821.0,18029.6,4791.4,59.29,21.0
2016-03-04,22821.0,18029.6,4791.4,59.29,21.0
2016-03-05,22821.0,18029.6,4791.4,59.29,21.0
2016-03-06,22821.0,18029.6,4791.4,59.29,21.0
2016-03-07,22821.0,18029.6,4791.4,59.29,21.0
2016-03-08,22821.0,18029.6,4791.4,59.29,21.0
2016-03-09,22821.0,18029.6,4791.4,59.29,21.0
2016-03-10,22821.0,18029.6,4791.4,59.29,21.0
2016-03-11,22821.0,18029.6,4791.4,59.29,21.0
2016-03-12,22821.0,18029.6,4791.4,59.29,21.0
2016-03-13,22821.0,18029.6,4791.4,59.29,21.0
2016-03-14,22821.0,18029.6,4791.4,59.29,21.0
2016-03-15,22821.0,18029.6,4791.4,59.29,21.0
2016-03-16,22821.0,18029.6,4791.4,59.29,21.0
2016-03-17,22821.0,18029.6,4791.4,59.29,21.0
2016-03-18,22821.0,18029.6,4791.4,59.29,21.0
2016-03-19,22821.0,18029.6,4791.4,59.29,21.0
2016-03-20,22821.0,18029.6,4791.4,59.29,21.0
2016-03-21,22821.0,18029.6,4791.4,59.29,21.0
2016-03-22,22821.0,18029.6,4791.4,59.29,21.0
2016-03-23,22821.0,18029.6,4791.4,59.29,21.0
2016-03-24,22821.0,18029.6,4791.4,59.29,21.0
2016-03-25,22821.0,18029.6,4791.4,59.29,21.0
2016-03-26,22821.0,18029.6,4791.4,59.29,21.0
2016-03-27,22821.0,18029.6,4791.4,59.29,21.0
2016-03-28,22821.0,18029.6,4791.4,59.29,21.0
2016-03-29,22821.0,18029.6,4791.4,59.29,21.0
2016-03-30,22821.0,18029.6,4791.4,59.29,21.0
2016-03-31,22821.0,18029.6,4791.4,59.29,21.0
2016-04-01,22875.7,18301.0,4574.7,59.41,20.0
2016-04-02,22875.7,18301.0,4574.7,59.41,20.0
2016-04-03,22875.7,18301.0,4574.7,59.41,20.0
2016-04-04,22875.7,18301.0,4574.7,59.41,20.0
2016-04-05,22875.7,18301.0,4574.7,59.41,20.0
2016-04-06,22875.7,18301.0,4574.7,59.41,20.0
2016-04-07,22875.7,18301.0,4574.7,59.41,20.0
2016-04-08,22875.7,18301.0,4574.7,59.41,20.0
2016-04-09,22875.7,18301.0,4574.7,59.41,20.0
2016-04-10,22875.7,18301.0,4574.7,59.41,20.0
2016-04-11,22875.7,18301.0,4574.7,59.41,20.0
2016-04-12,22875.7,18301.0,4574.7,59.41,20.0
2016-04-13,22875.7,18301.0,4574.7,59.41,20.0
2016-04-14,22875.7,18301.0,4574.7,59.41,20.0
2016-04-15,22875.7,18301.0,4574.7,59.41,20.0
2016-04-16,22875.7,18301.0,4574.7,59.41,20.0
2016-04-17,22875.7,18301.0,4574.7,59.41,20.0
2016-04-18,22875.7,18301.0,4574.7,59.41,20.0
2016-04-19,22875.7,18301.0,4574.7,59.41,20.0
2016-04-20,22875.7,18301.0,4574.7,59.41,20.0
2016-04-21,22875.7,18301.0,4574.7,59.41,20.0
2016-04-22,22875.7,18301.0,4574.7,59.41,20.0
2016-04-23,22875.7,18301.0,4574.7,59.41,20.0
2016-04-24,22875.7,18301.0,4574.7,59.41,20.0
2016-04-25,22875.7,18301.0,4574.7,59.41,20.0
2016-04-26,22875.7,18301.0,4574.7,59.41,20.0
2016-04-27,22875.7,18301.0,4574.7,59.41,20.0
2016-04-28,22875.7,18301.0,4574.7,59.41,20.0
2016-04-29,22875.7,18301.0,4574.7,59.41,20.0
2016-04-30,22875.7,18301.0,4574.7,59.41,20.0
2016-05-01,22875.7,18301.0,4574.7,59.41,20.0
2016-05-02,22875.7,18301.0,4574.7,59.41,20.0
2016-05-03,22875.7,18301.0,4574.7,59.41,20.0
2016-05-04,22875.7,18301.0,4574.7,59.41,20.0
2016-05-05,22875.7,18301.0,4574.7,59.41,20.0
2016-05-06,22875.7,18301.0,4574.7,59.41,20.0
2016-05-07,22875.7,18301.0,4574.7,59.41,20.0
2016-05-08,22875.7,18301.0,4574.7,59.41,20.0
2016-05-09,22875.7,18301.0,4574.7,59.41,20.0
2016-05-10,22875.7,18301.0,4574.7,59.41,20.0
2016-05-11,22875.7,18301.0,4574.7,59.41,20.0
2016-05-12,22875.7,18301.0,4574.7,59.41,20.0
2016-05-13,22875.7,18301.0,4574.7,59.41,20.0
2016-05-14,22875.7,18301.0,4574.7,59.41,20.0
2016-05-15,22875.7,18301.0,4574.7,59.41,20.0
2016-05-16,22875.7,18301.0,4574.7,59.41,20.0
2016-05-17,22875.7,18301.0,4574.7,59.41,20.0
2016-05-18,22875.7,18301.0,4574.7,59.41,20.0
2016-05-19,22875.7,18301.0,4574.7,59.41,20.0
2016-05-20,22875.7,18301.0,4574.7,59.41,20.0
2016-05-21,22875.7,18301.0,4574.7,59.41,20.0
2016-05-22,22875.7,18301.0,4574.7,59.41,20.0
2016-05-23,22875.7,18301.0,4574.7,59.41,20.0
2016-05-24,22875.7,18301.0,4574.7,59.41,20.0
2016-05-25,22875.7,18301.0,4574.7,59.41,20.0
2016-05-26,22875.7,18301.0,4574.7,59.41,20.0
2016-05-27,22875.7,18301.0,4574.7,59.41,20.0
2016-05-28,22875.7,18301.0,4574.7,59.41,20.0
2016-05-29,22875.7,18301.0,4574.7,59.41,20.0
2016-05-30,22875.7,18301.0,4574.7,59.41,20.0
2016-05-31,22875.7,18301.0,4574.7,59.41,20.0
2016-06-01,22875.7,18301.0,4574.7,59.41,20.0
2016-06-02,22875.7,18301.0,4574.7,59.41,20.0
2016-06-03,22875.7,18301.0,4574.7,59.41,20.0
2016-06-04,22875.7,18301.0,4574.7,59.41,20.0
2016-06-05,22875.7,18301.0,4574.7,59.41,20.0
2016-06-06,22875.7,18301.0,4574.7,59.41,20.0
2016-06-07,22875.7,18301.0,4574.7,59.41,20.0
2016-06-08,22875.7,18301.0,4574.7,59.41,20.0
2016-06-09,22875.7,18301.0,4574.7,59.41,20.0
2016-06-10,22875.7,18301.0,4574.7,59.41,20.0
2016-06-11,22875.7,18301.0,4574.7,59.41,20.0
2016-06-12,22875.7,18301.0,4574.7,59.41,20.0
2016-06-13,22875.7,18301.0,4574.7,59.41,20.0
2016-06-14,22875.7,18301.0,4574.7,59.41,20.0
2016-06-15,22875.7,18301.0,4574.7,59.41,20.0
2016-06-16,22875.7,18301.0,4574.7,59.41,20.0
2016-06-17,22875.7,18301.0,4574.7,59.41,20.0
2016-06-18,22875.7,18301.0,4574.7,59.41,20.0
2016-06-19,22875.7,18301.0,4574.7,59.41,20.0
2016-06-20,22875.7,18301.0,4574.7,59.41,20.0
2016-06-21,22875.7,18301.0,4574.7,59.41,20.0
2016-06-22,22875.7,18301.0,4574.7,59.41,20.0
2016-06-23,22875.7,18301.0,4574.7,59.41,20.0
2016-06-24,22875.7,18301.0,4574.7,59.41,20.0
2016-06-25,22875.7,18301.0,4574.7,59.41,20.0
2016-06-26,22875.7,18301.0,4574.7,59.41,20.0
2016-06-27,22875.7,18301.0,4574.7,59.41,20.0
2016-06-28,22875.7,18301.0,4574.7,59.41,20.0
2016-06-29,22875.7,18301.0,4574.7,59.41,20.0
2016-06-30,22875.7,18301.0,4574.7,59.41,20.0
2016-07-01,22848.3,18527.5,4320.8,59.28,18.91
2016-07-02,22848.3,18527.5,4320.8,59.28,18.91
2016-07-03,22848.3,18527.5,4320.8,59.28,18.91
2016-07-04,22848.3,18527.5,4320.8,59.28,18.91
2016-07-05,22848.3,18527.5,4320.8,59.28,18.91
2016-07-06,22848.3,18527.5,4320.8,59.28,18.91
2016-07-07,22848.3,18527.5,4320.8,59.28,18.91
2016-07-08,22848.3,18527.5,4320.8,59.28,18.91
2016-07-09,22848.3,18527.5,4320.8,59.28,18.91
2016-07-10,22848.3,18527.5,4320.8,59.28,18.91
2016-07-11,22848.3,18527.5,4320.8,59.28,18.91
2016-07-12,22848.3,18527.5,4320.8,59.28,18.91
2016-07-13,22848.3,18527.5,4320.8,59.28,18.91
2016-07-14,22848.3,18527.5,4320.8,59.28,18.91
2016-07-15,22848.3,18527.5,4320.8,59.28,18.91
2016-07-16,22848.3,18527.5,4320.8,59.28,18.91
2016-07-17,22848.3,18527.5,4320.8,59.28,18.91
2016-07-18,22848.3,18527.5,4320.8,59.28,18.91
2016-07-19,22848.3,18527.5,4320.8,59.28,18.91
2016-07-20,22848.3,18527.5,4320.8,59.28,18.91
2016-07-21,22848.3,18527.5,4320.8,59.28,18.91
2016-07-22,22848.3,18527.5,4320.8,59.28,18.91
2016-07-23,22848.3,18527.5,4320.8,59.28,18.91
2016-07-24,22848.3,18527.5,4320.8,59.28,18.91
2016-07-25,22848.3,18527.5,4320.8,59.28,18.91
2016-07-26,22848.3,18527.5,4320.8,59.28,18.91
2016-07-27,22848.3,18527.5,4320.8,59.28,18.91
2016-07-28,22848.3,18527.5,4320.8,59.28,18.91
2016-07-29,22848.3,18527.5,4320.8,59.28,18.91
2016-07-30,22848.3,18527.5,4320.8,59.28,18.91
2016-07-31,22848.3,18527.5,4320.8,59.28,18.91
2016-08-01,22848.3,18527.5,4320.8,59.28,18.91
2016-08-02,22848.3,18527.5,4320.8,59.28,18.91
2016-08-03,22848.3,18527.5,4320.8,59.28,18.91
2016-08-04,22848.3,18527.5,4320.8,59.28,18.91
2016-08-05,22848.3,18527.5,4320.8,59.28,18.91
2016-08-06,22848.3,18527.5,4320.8,59.28,18.91
2016-08-07,22848.3,18527.5,4320.8,59.28,18.91
2016-08-08,22848.3,18527.5,4320.8,59.28,18.91
2016-08-09,22848.3,18527.5,4320.8,59.28,18.91
2016-08-10,22848.3,18527.5,4320.8,59.28,18.91
2016-08-11,22848.3,18527.5,4320.8,59.28,18.91
2016-08-12,22848.3,18527.5,4320.8,59.28,18.91
2016-08-13,22848.3,18527.5,4320.8,59.28,18.91
2016-08-14,22848.3,18527.5,4320.8,59.28,18.91
2016-08-15,22848.3,18527.5,4320.8,59.28,18.91
2016-08-16,22848.3,18527.5,4320.8,59.28,18.91
2016-08-17,22848.3,18527.5,4320.8,59.28,18.91
2016-08-18,22848.3,18527.5,4320.8,59.28,18.91
2016-08-19,22848.3,18527.5,4320.8,59.28,18.91
2016-08-20,22848.3,18527.5,4320.8,59.28,18.91
2016-08-21,22848.3,18527.5,4320.8,59.28,18.91
2016-08-22,22848.3,18527.5,4320.8,59.28,18.91
2016-08-23,22848.3,18527.5,4320.8,59.28,18.91
2016-08-24,22848.3,18527.5,4320.8,59.28,18.91
2016-08-25,22848.3,18527.5,4320.8,59.28,18.91
2016-08-26,22848.3,18527.5,4320.8,59.28,18.91
2016-08-27,22848.3,18527.5,4320.8,59.28,18.91
2016-08-28,22848.3,18527.5,4320.8,59.28,18.91
2016-08-29,22848.3,18527.5,4320.8,59.28,18.91
2016-08-30,22848.3,18527.5,4320.8,59.28,18.91
2016-08-31,22848.3,18527.5,4320.8,59.28,18.91
2016-09-01,22848.3,18527.5,4320.8,59.28,18.91
2016-09-02,22848.3,18527.5,4320.8,59.28,18.91
2016-09-03,22848.3,18527.5,4320.8,59.28,18.91
2016-09-04,22848.3,18527.5,4320.8,59.28,18.91
2016-09-05,22848.3,18527.5,4320.8,59.28,18.91
2016-09-06,22848.3,18527.5,4320.8,59.28,18.91
2016-09-07,22848.3,18527.5,4320.8,59.28,18.91
2016-09-08,22848.3,18527.5,4320.8,59.28,18.91
2016-09-09,22848.3,18527.5,4320.8,59.28,18.91
2016-09-10,22848.3,18527.5,4320.8,59.28,18.91
2016-09-11,22848.3,18527.5,4320.8,59.28,18.91
2016-09-12,22848.3,18527.5,4320.8,59.28,18.91
2016-09-13,22848.3,18527.5,4320.8,59.28,18.91
2016-09-14,22848.3,18527.5,4320.8,59.28,18.91
2016-09-15,22848.3,18527.5,4320.8,59.28,18.91
2016-09-16,22848.3,18527.5,4320.8,59.28,18.91
2016-09-17,22848.3,18527.5,4320.8,59.28,18.91
2016-09-18,22848.3,18527.5,4320.8,59.28,18.91
2016-09-19,22848.3,18527.5,4320.8,59.28,18.91
2016-09-20,22848.3,18527.5,4320.8,59.28,18.91
2016-09-21,22848.3,18527.5,4320.8,59.28,18.91
2016-09-22,22848.3,18527.5,4320.8,59.28,18.91
2016-09-23,22848.3,18527.5,4320.8,59.28,18.91
2016-09-24,22848.3,18527.5,4320.8,59.28,18.91
2016-09-25,22848.3,18527.5,4320.8,59.28,18.91
2016-09-26,22848.3,18527.5,4320.8,59.28,18.91
2016-09-27,22848.3,18527.5,4320.8,59.28,18.91
2016-09-28,22848.3,18527.5,4320.8,59.28,18.91
2016-09-29,22848.3,18527.5,4320.8,59.28,18.91
2016-09-30,22848.3,18527.5,4320.8,59.28,18.91
2016-10-01,22745.9,18508.1,4237.8,58.95,18.63
2016-10-02,22745.9,18508.1,4237.8,58.95,18.63
2016-10-03,22745.9,18508.1,4237.8,58.95,18.63
2016-10-04,22745.9,18508.1,4237.8,58.95,18.63
2016-10-05,22745.9,18508.1,4237.8,58.95,18.63
2016-10-06,22745.9,18508.1,4237.8,58.95,18.63
2016-10-07,22745.9,18508.1,4237.8,58.95,18.63
2016-10-08,22745.9,18508.1,4237.8,58.95,18.63
2016-10-09,22745.9,18508.1,4237.8,58.95,18.63
2016-10-10,22745.9,18508.1,4237.8,58.95,18.63
2016-10-11,22745.9,18508.1,4237.8,58.95,18.63
2016-10-12,22745.9,18508.1,4237.8,58.95,18.63
2016-10-13,22745.9,18508.1,4237.8,58.95,18.63
2016-10-14,22745.9,18508.1,4237.8,58.95,18.63
2016-10-15,22745.9,18508.1,4237.8,58.95,18.63
2016-10-16,22745.9,18508.1,4237.8,58.95,18.63
2016-10-17,22745.9,18508.1,4237.8,58.95,18.63
2016-10-18,22745.9,18508.1,4237.8,58.95,18.63
2016-10-19,22745.9,18508.1,4237.8,58.95,18.63
2016-10-20,22745.9,18508.1,4237.8,58.95,18.63
2016-10-21,22745.9,18508.1,4237.8,58.95,18.63
2016-10-22,22745.9,18508.1,4237.8,58.95,18.63
2016-10-23,22745.9,18508.1,4237.8,58.95,18.63
2016-10-24,22745.9,18508.1,4237.8,58.95,18.63
2016-10-25,22745.9,18508.1,4237.8,58.95,18.63
2016-10-26,22745.9,18508.1,4237.8,58.95,18.63
2016-10-27,22745.9,18508.1,4237.8,58.95,18.63
2016-10-28,22745.9,18508.1,4237.8,58.95,18.63
2016-10-29,22745.9,18508.1,4237.8,58.95,18.63
2016-10-30,22745.9,18508.1,4237.8,58.95,18.63
2016-10-31,22745.9,18508.1,4237.8,58.95,18.63
2016-11-01,22745.9,18508.1,4237.8,58.95,18.63
2016-11-02,22745.9,18508.1,4237.8,58.95,18.63
2016-11-03,22745.9,18508.1,4237.8,58.95,18.63
2016-11-04,22745.9,18508.1,4237.8,58.95,18.63
2016-11-05,22745.9,18508.1,4237.8,58.95,18.63
2016-11-06,22745.9,18508.1,4237.8,58.95,18.63
2016-11-07,22745.9,18508.1,4237.8,58.95,18.63
2016-11-08,22745.9,18508.1,4237.8,58.95,18.63
2016-11-09,22745.9,18508.1,4237.8,58.95,18.63
2016-11-10,22745.9,18508.1,4237.8,58.95,18.63
2016-11-11,22745.9,18508.1,4237.8,58.95,18.63
2016-11-12,22745.9,18508.1,4237.8,58.95,18.63
2016-11-13,22745.9,18508.1,4237.8,58.95,18.63
2016-11-14,22745.9,18508.1,4237.8,58.95,18.63
2016-11-15,22745.9,18508.1,4237.8,58.95,18.63
2016-11-16,22745.9,18508.1,4237.8,58.95,18.63
2016-11-17,22745.9,18508.1,4237.8,58.95,18.63
2016-11-18,22745.9,18508.1,4237.8,58.95,18.63
2016-11-19,22745.9,18508.1,4237.8,58.95,18.63
2016-11-20,22745.9,18508.1,4237.8,58.95,18.63
2016-11-21,22745.9,18508.1,4237.8,58.95,18.63
2016-11-22,22745.9,18508.1,4237.8,58.95,18.63
2016-11-23,22745.9,18508.1,4237.8,58.95,18.63
2016-11-24,22745.9,18508.1,4237.8,58.95,18.63
2016-11-25,22745.9,18508.1,4237.8,58.95,18.63
2016-11-26,22745.9,18508.1,4237.8,58.95,18.63
2016-11-27,22745.9,18508.1,4237.8,58.95,18.63
2016-11-28,22745.9,18508.1,4237.8,58.95,18.63
2016-11-29,22745.9,18508.1,4237.8,58.95,18.63
2016-11-30,22745.9,18508.1,4237.8,58.95,18.63
2016-12-01,22745.9,18508.1,4237.8,58.95,18.63
2016-12-02,22745.9,18508.1,4237.8,58.95,18.63
2016-12-03,22745.9,18508.1,4237.8,58.95,18.63
2016-12-04,22745.9,18508.1,4237.8,58.95,18.63
2016-12-05,22745.9,18508.1,4237.8,58.95,18.63
2016-12-06,22745.9,18508.1,4237.8,58.95,18.63
2016-12-07,22745.9,18508.1,4237.8,58.95,18.63
2016-12-08,22745.9,18508.1,4237.8,58.95,18.63
2016-12-09,22745.9,18508.1,4237.8,58.95,18.63
2016-12-10,22745.9,18508.1,4237.8,58.95,18.63
2016-12-11,22745.9,18508.1,4237.8,58.95,18.63
2016-12-12,22745.9,18508.1,4237.8,58.95,18.63
2016-12-13,22745.9,18508.1,4237.8,58.95,18.63
2016-12-14,22745.9,18508.1,4237.8,58.95,18.63
2016-12-15,22745.9,18508.1,4237.8,58.95,18.63
2016-12-16,22745.9,18508.1,4237.8,58.95,18.63
2016-12-17,22745.9,18508.1,4237.8,58.95,18.63
2016-12-18,22745.9,18508.1,4237.8,58.95,18.63
2016-12-19,22745.9,18508.1,4237.8,58.95,18.63
2016-12-20,22745.9,18508.1,4237.8,58.95,18.63
2016-12-21,22745.9,18508.1,4237.8,58.95,18.63
2016-12-22,22745.9,18508.1,4237.8,58.95,18.63
2016-12-23,22745.9,18508.1,4237.8,58.95,18.63
2016-12-24,22745.9,18508.1,4237.8,58.95,18.63
2016-12-25,22745.9,18508.1,4237.8,58.95,18.63
2016-12-26,22745.9,18508.1,4237.8,58.95,18.63
2016-12-27,22745.9,18508.1,4237.8,58.95,18.63
2016-12-28,22745.9,18508.1,4237.8,58.95,18.63
2016-12-29,22745.9,18508.1,4237.8,58.95,18.63
2016-12-30,22745.9,18508.1,4237.8,58.95,18.63
2016-12-31,22745.9,18508.1,4237.8,58.95,18.63
2017-01-01,22693.3,18438.3,4255.0,58.78,18.75
2017-01-02,22693.3,18438.3,4255.0,58.78,18.75
2017-01-03,22693.3,18438.3,4255.0,58.78,18.75
2017-01-04,22693.3,18438.3,4255.0,58.78,18.75
2017-01-05,22693.3,18438.3,4255.0,58.78,18.75
2017-01-06,22693.3,18438.3,4255.0,58.78,18.75
2017-01-07,22693.3,18438.3,4255.0,58.78,18.75
2017-01-08,22693.3,18438.3,4255.0,58.78,18.75
2017-01-09,22693.3,18438.3,4255.0,58.78,18.75
2017-01-10,22693.3,18438.3,4255.0,58.78,18.75
2017-01-11,22693.3,18438.3,4255.0,58.78,18.75
2017-01-12,22693.3,18438.3,4255.0,58.78,18.75
2017-01-13,22693.3,18438.3,4255.0,58.78,18.75
2017-01-14,22693.3,18438.3,4255.0,58.78,18.75
2017-01-15,22693.3,18438.3,4255.0,58.78,18.75
2017-01-16,22693.3,18438.3,4255.0,58.78,18.75
2017-01-17,22693.3,18438.3,4255.0,58.78,18.75
2017-01-18,22693.3,18438.3,4255.0,58.78,18.75
2017-01-19,22693.3,18438.3,4255.0,58.78,18.75
2017-01-20,22693.3,18438.3,4255.0,58.78,18.75
2017-01-21,22693.3,18438.3,4255.0,58.78,18.75
2017-01-22,22693.3,18438.3,4255.0,58.78,18.75
2017-01-23,22693.3,18438.3,4255.0,58.78,18.75
2017-01-24,22693.3,18438.3,4255.0,58.78,18.75
2017-01-25,22693.3,18438.3,4255.0,58.78,18.75
2017-01-26,22693.3,18438.3,4255.0,58.78,18.75
2017-01-27,22693.3,18438.3,4255.0,58.78,18.75
2017-01-28,22693.3,18438.3,4255.0,58.78,18.75
2017-01-29,22693.3,18438.3,4255.0,58.78,18.75
2017-01-30,22693.3,18438.3,4255.0,58.78,18.75
2017-01-31,22693.3,18438.3,4255.0,58.78,18.75
2017-02-01,22693.3,18438.3,4255.0,58.78,18.75
2017-02-02,22693.3,18438.3,4255.0,58.78,18.75
2017-02-03,22693.3,18438.3,4255.0,58.78,18.75
2017-02-04,22693.3,18438.3,4255.0,58.78,18.75
2017-02-05,22693.3,18438.3,4255.0,58.78,18.75
2017-02-06,22693.3,18438.3,4255.0,58.78,18.75
2017-02-07,22693.3,18438.3,4255.0,58.78,18.75
2017-02-08,22693.3,18438.3,4255.0,58.78,18.75
2017-02-09,22693.3,18438.3,4255.0,58.78,18.75
2017-02-10,22693.3,18438.3,4255.0,58.78,18.75
2017-02-11,22693.3,18438.3,4255.0,58.78,18.75
2017-02-12,22693.3,18438.3,4255.0,58.78,18.75
2017-02-13,22693.3,18438.3,4255.0,58.78,18.75
2017-02-14,22693.3,18438.3,4255.0,58.78,18.75
2017-02-15,22693.3,18438.3,4255.0,58.78,18.75
2017-02-16,22693.3,18438.3,4255.0,58.78,18.75
2017-02-17,22693.3,18438.3,4255.0,58.78,18.75
2017-02-18,22693.3,18438.3,4255.0,58.78,18.75
2017-02-19,22693.3,18438.3,4255.0,58.78,18.75
2017-02-20,22693.3,18438.3,4255.0,58.78,18.75
2017-02-21,22693.3,18438.3,4255.0,58.78,18.75
2017-02-22,22693.3,18438.3,4255.0,58.78,18.75
2017-02-23,22693.3,18438.3,4255.0,58.78,18.75
2017-02-24,22693.3,18438.3,4255.0,58.78,18.75
2017-02-25,22693.3,18438.3,4255.0,58.78,18.75
2017-02-26,22693.3,18438.3,4255.0,58.78,18.75
2017-02-27,22693.3,18438.3,4255.0,58.78,18.75
2017-02-28,22693.3,18438.3,4255.0,58.78,18.75
2017-03-01,22693.3,18438.3,4255.0,58.78,18.75
2017-03-02,22693.3,18438.3,4255.0,58.78,18.75
2017-03-03,22693.3,18438.3,4255.0,58.78,18.75
2017-03-04,22693.3,18438.3,4255.0,58.78,18.75
2017-03-05,22693.3,18438.3,4255.0,58.78,18.75
2017-03-06,22693.3,18438.3,4255.0,58.78,18.75
2017-03-07,22693.3,18438.3,4255.0,58.78,18.75
2017-03-08,22693.3,18438.3,4255.0,58.78,18.75
2017-03-09,22693.3,18438.3,4255.0,58.78,18.75
2017-03-10,22693.3,18438.3,4255.0,58.78,18.75
2017-03-11,22693.3,18438.3,4255.0,58.78,18.75
2017-03-12,22693.3,18438.3,4255.0,58.78,18.75
2017-03-13,22693.3,18438.3,4255.0,58.78,18.75
2017-03-14,22693.3,18438.3,4255.0,58.78,18.75
2017-03-15,22693.3,18438.3,4255.0,58.78,18.75
2017-03-16,22693.3,18438.3,4255.0,58.78,18.75
2017-03-17,22693.3,18438.3,4255.0,58.78,18.75
2017-03-18,22693.3,18438.3,4255.0,58.78,18.75
2017-03-19,22693.3,18438.3,4255.0,58.78,18.75
2017-03-20,22693.3,18438.3,4255.0,58.78,18.75
2017-03-21,22693.3,18438.3,4255.0,58.78,18.75
2017-03-22,22693.3,18438.3,4255.0,58.78,18.75
2017-03-23,22693.3,18438.3,4255.0,58.78,18.75
2017-03-24,22693.3,18438.3,4255.0,58.78,18.75
2017-03-25,22693.3,18438.3,4255.0,58.78,18.75
2017-03-26,22693.3,18438.3,4255.0,58.78,18.75
2017-03-27,22693.3,18438.3,4255.0,58.78,18.75
2017-03-28,22693.3,18438.3,4255.0,58.78,18.75
2017-03-29,22693.3,18438.3,4255.0,58.78,18.75
2017-03-30,22693.3,18438.3,4255.0,58.78,18.75
2017-03-31,22693.3,18438.3,4255.0,58.78,18.75
2017-04-01,22727.6,18813.3,3914.3,58.84,17.22
2017-04-02,22727.6,18813.3,3914.3,58.84,17.22
2017-04-03,22727.6,18813.3,3914.3,58.84,17.22
2017-04-04,22727.6,18813.3,3914.3,58.84,17.22
2017-04-05,22727.6,18813.3,3914.3,58.84,17.22
2017-04-06,22727.6,18813.3,3914.3,58.84,17.22
2017-04-07,22727.6,18813.3,3914.3,58.84,17.22
2017-04-08,22727.6,18813.3,3914.3,58.84,17.22
2017-04-09,22727.6,18813.3,3914.3,58.84,17.22
2017-04-10,22727.6,18813.3,3914.3,58.84,17.22
2017-04-11,22727.6,18813.3,3914.3,58.84,17.22
2017-04-12,22727.6,18813.3,3914.3,58.84,17.22
2017-04-13,22727.6,18813.3,3914.3,58.84,17.22
2017-04-14,22727.6,18813.3,3914.3,58.84,17.22
2017-04-15,22727.6,18813.3,3914.3,58.84,17.22
2017-04-16,22727.6,18813.3,3914.3,58.84,17.22
2017-04-17,22727.6,18813.3,3914.3,58.84,17.22
2017-04-18,22727.6,18813.3,3914.3,58.84,17.22
2017-04-19,22727.6,18813.3,3914.3,58.84,17.22
2017-04-20,22727.6,18813.3,3914.3,58.84,17.22
2017-04-21,22727.6,18813.3,3914.3,58.84,17.22
2017-04-22,22727.6,18813.3,3914.3,58.84,17.22
2017-04-23,22727.6,18813.3,3914.3,58.84,17.22
2017-04-24,22727.6,18813.3,3914.3,58.84,17.22
2017-04-25,22727.6,18813.3,3914.3,58.84,17.22
2017-04-26,22727.6,18813.3,3914.3,58.84,17.22
2017-04-27,22727.6,18813.3,3914.3,58.84,17.22
2017-04-28,22727.6,18813.3,3914.3,58.84,17.22
2017-04-29,22727.6,18813.3,3914.3,58.84,17.22
2017-04-30,22727.6,18813.3,3914.3,58.84,17.22
2017-05-01,22727.6,18813.3,3914.3,58.84,17.22
2017-05-02,22727.6,18813.3,3914.3,58.84,17.22
2017-05-03,22727.6,18813.3,3914.3,58.84,17.22
2017-05-04,22727.6,18813.3,3914.3,58.84,17.22
2017-05-05,22727.6,18813.3,3914.3,58.84,17.22
2017-05-06,22727.6,18813.3,3914.3,58.84,17.22
2017-05-07,22727.6,18813.3,3914.3,58.84,17.22
2017-05-08,22727.6,18813.3,3914.3,58.84,17.22
2017-05-09,22727.6,18813.3,3914.3,58.84,17.22
2017-05-10,22727.6,18813.3,3914.3,58.84,17.22
2017-05-11,22727.6,18813.3,3914.3,58.84,17.22
2017-05-12,22727.6,18813.3,3914.3,58.84,17.22
2017-05-13,22727.6,18813.3,3914.3,58.84,17.22
2017-05-14,22727.6,18813.3,3914.3,58.84,17.22
2017-05-15,22727.6,18813.3,3914.3,58.84,17.22
2017-05-16,22727.6,18813.3,3914.3,58.84,17.22
2017-05-17,22727.6,18813.3,3914.3,58.84,17.22
2017-05-18,22727.6,18813.3,3914.3,58.84,17.22
2017-05-19,22727.6,18813.3,3914.3,58.84,17.22
2017-05-20,22727.6,18813.3,3914.3,58.84,17.22
2017-05-21,22727.6,18813.3,3914.3,58.84,17.22
2017-05-22,22727.6,18813.3,3914.3,58.84,17.22
2017-05-23,22727.6,18813.3,3914.3,58.84,17.22
2017-05-24,22727.6,18813.3,3914.3,58.84,17.22
2017-05-25,22727.6,18813.3,3914.3,58.84,17.22
2017-05-26,22727.6,18813.3,3914.3,58.84,17.22
2017-05-27,22727.6,18813.3,3914.3,58.84,17.22
2017-05-28,22727.6,18813.3,3914.3,58.84,17.22
2017-05-29,22727.6,18813.3,3914.3,58.84,17.22
2017-05-30,22727.6,18813.3,3914.3,58.84,17.22
2017-05-31,22727.6,18813.3,3914.3,58.84,17.22
2017-06-01,22727.6,18813.3,3914.3,58.84,17.22
2017-06-02,22727.6,18813.3,3914.3,58.84,17.22
2017-06-03,22727.6,18813.3,3914.3,58.84,17.22
2017-06-04,22727.6,18813.3,3914.3,58.84,17.22
2017-06-05,22727.6,18813.3,3914.3,58.84,17.22
2017-06-06,22727.6,18813.3,3914.3,58.84,17.22
2017-06-07,22727.6,18813.3,3914.3,58.84,17.22
2017-06-08,22727.6,18813.3,3914.3,58.84,17.22
2017-06-09,22727.6,18813.3,3914.3,58.84,17.22
2017-06-10,22727.6,18813.3,3914.3,58.84,17.22
2017-06-11,22727.6,18813.3,3914.3,58.84,17.22
2017-06-12,22727.6,18813.3,3914.3,58.84,17.22
2017-06-13,22727.6,18813.3,3914.3,58.84,17.22
2017-06-14,22727.6,18813.3,3914.3,58.84,17.22
2017-06-15,22727.6,18813.3,3914.3,58.84,17.22
2017-06-16,22727.6,18813.3,3914.3,58.84,17.22
2017-06-17,22727.6,18813.3,3914.3,58.84,17.22
2017-06-18,22727.6,18813.3,3914.3,58.84,17.22
2017-06-19,22727.6,18813.3,3914.3,58.84,17.22
2017-06-20,22727.6,18813.3,3914.3,58.84,17.22
2017-06-21,22727.6,18813.3,3914.3,58.84,17.22
2017-06-22,22727.6,18813.3,3914.3,58.84,17.22
2017-06-23,22727.6,18813.3,3914.3,58.84,17.22
2017-06-24,22727.6,18813.3,3914.3,58.84,17.22
2017-06-25,22727.6,18813.3,3914.3,58.84,17.22
2017-06-26,22727.6,18813.3,3914.3,58.84,17.22
2017-06-27,22727.6,18813.3,3914.3,58.84,17.22
2017-06-28,22727.6,18813.3,3914.3,58.84,17.22
2017-06-29,22727.6,18813.3,3914.3,58.84,17.22
2017-06-30,22727.6,18813.3,3914.3,58.84,17.22
2017-07-01,22780.9,19049.3,3731.7,58.92,16.38
2017-07-02,22780.9,19049.3,3731.7,58.92,16.38
2017-07-03,22780.9,19049.3,3731.7,58.92,16.38
2017-07-04,22780.9,19049.3,3731.7,58.92,16.38
2017-07-05,22780.9,19049.3,3731.7,58.92,16.38
2017-07-06,22780.9,19049.3,3731.7,58.92,16.38
2017-07-07,22780.9,19049.3,3731.7,58.92,16.38
2017-07-08,22780.9,19049.3,3731.7,58.92,16.38
2017-07-09,22780.9,19049.3,3731.7,58.92,16.38
2017-07-10,22780.9,19049.3,3731.7,58.92,16.38
2017-07-11,22780.9,19049.3,3731.7,58.92,16.38
2017-07-12,22780.9,19049.3,3731.7,58.92,16.38
2017-07-13,22780.9,19049.3,3731.7,58.92,16.38
2017-07-14,22780.9,19049.3,3731.7,58.92,16.38
2017-07-15,22780.9,19049.3,3731.7,58.92,16.38
2017-07-16,22780.9,19049.3,3731.7,58.92,16.38
2017-07-17,22780.9,19049.3,3731.7,58.92,16.38
2017-07-18,22780.9,19049.3,3731.7,58.92,16.38
2017-07-19,22780.9,19049.3,3731.7,58.92,16.38
2017-07-20,22780.9,19049.3,3731.7,58.92,16.38
2017-07-21,22780.9,19049.3,3731.7,58.92,16.38
2017-07-22,22780.9,19049.3,3731.7,58.92,16.38
2017-07-23,22780.9,19049.3,3731.7,58.92,16.38
2017-07-24,22780.9,19049.3,3731.7,58.92,16.38
2017-07-25,22780.9,19049.3,3731.7,58.92,16.38
2017-07-26,22780.9,19049.3,3731.7,58.92,16.38
2017-07-27,22780.9,19049.3,3731.7,58.92,16.38
2017-07-28,22780.9,19049.3,3731.7,58.92,16.38
2017-07-29,22780.9,19049.3,3731.7,58.92,16.38
2017-07-30,22780.9,19049.3,3731.7,58.92,16.38
2017-07-31,22780.9,19049.3,3731.7,58.92,16.38
2017-08-01,22780.9,19049.3,3731.7,58.92,16.38
2017-08-02,22780.9,19049.3,3731.7,58.92,16.38
2017-08-03,22780.9,19049.3,3731.7,58.92,16.38
2017-08-04,22780.9,19049.3,3731.7,58.92,16.38
2017-08-05,22780.9,19049.3,3731.7,58.92,16.38
2017-08-06,22780.9,19049.3,3731.7,58.92,16.38
2017-08-07,22780.9,19049.3,3731.7,58.92,16.38
2017-08-08,22780.9,19049.3,3731.7,58.92,16.38
2017-08-09,22780.9,19049.3,3731.7,58.92,16.38
2017-08-10,22780.9,19049.3,3731.7,58.92,16.38
2017-08-11,22780.9,19049.3,3731.7,58.92,16.38
2017-08-12,22780.9,19049.3,3731.7,58.92,16.38
2017-08-13,22780.9,19049.3,3731.7,58.92,16.38
2017-08-14,22780.9,19049.3,3731.7,58.92,16.38
2017-08-15,22780.9,19049.3,3731.7,58.92,16.38
2017-08-16,22780.9,19049.3,3731.7,58.92,16.38
2017-08-17,22780.9,19049.3,3731.7,58.92,16.38
2017-08-18,22780.9,19049.3,3731.7,58.92,16.38
2017-08-19,22780.9,19049.3,3731.7,58.92,16.38
2017-08-20,22780.9,19049.3,3731.7,58.92,16.38
2017-08-21,22780.9,19049.3,3731.7,58.92,16.38
2017-08-22,22780.9,19049.3,3731.7,58.92,16.38
2017-08-23,22780.9,19049.3,3731.7,58.92,16.38
2017-08-24,22780.9,19049.3,3731.7,58.92,16.38
2017-08-25,22780.9,19049.3,3731.7,58.92,16.38
2017-08-26,22780.9,19049.3,3731.7,58.92,16.38
2017-08-27,22780.9,19049.3,3731.7,58.92,16.38
2017-08-28,22780.9,19049.3,3731.7,58.92,16.38
2017-08-29,22780.9,19049.3,3731.7,58.92,16.38
2017-08-30,22780.9,19049.3,3731.7,58.92,16.38
2017-08-31,22780.9,19049.3,3731.7,58.92,16.38
2017-09-01,22780.9,19049.3,3731.7,58.92,16.38
2017-09-02,22780.9,19049.3,3731.7,58.92,16.38
2017-09-03,22780.9,19049.3,3731.7,58.92,16.38
2017-09-04,22780.9,19049.3,3731.7,58.92,16.38
2017-09-05,22780.9,19049.3,3731.7,58.92,16.38
2017-09-06,22780.9,19049.3,3731.7,58.92,16.38
2017-09-07,22780.9,19049.3,3731.7,58.92,16.38
2017-09-08,22780.9,19049.3,3731.7,58.92,16.38
2017-09-09,22780.9,19049.3,3731.7,58.92,16.38
2017-09-10,22780.9,19049.3,3731.7,58.92,16.38
2017-09-11,22780.9,19049.3,3731.7,58.92,16.38
2017-09-12,22780.9,19049.3,3731.7,58.92,16.38
2017-09-13,22780.9,19049.3,3731.7,58.92,16.38
2017-09-14,22780.9,19049.3,3731.7,58.92,16.38
2017-09-15,22780.9,19049.3,3731.7,58.92,16.38
2017-09-16,22780.9,19049.3,3731.7,58.92,16.38
2017-09-17,22780.9,19049.3,3731.7,58.92,16.38
2017-09-18,22780.9,19049.3,3731.7,58.92,16.38
2017-09-19,22780.9,19049.3,3731.7,58.92,16.38
2017-09-20,22780.9,19049.3,3731.7,58.92,16.38
2017-09-21,22780.9,19049.3,3731.7,58.92,16.38
2017-09-22,22780.9,19049.3,3731.7,58.92,16.38
2017-09-23,22780.9,19049.3,3731.7,58.92,16.38
2017-09-24,22780.9,19049.3,3731.7,58.92,16.38
2017-09-25,22780.9,19049.3,3731.7,58.92,16.38
2017-09-26,22780.9,19049.3,3731.7,58.92,16.38
2017-09-27,22780.9,19049.3,3731.7,58.92,16.38
2017-09-28,22780.9,19049.3,3731.7,58.92,16.38
2017-09-29,22780.9,19049.3,3731.7,58.92,16.38
2017-09-30,22780.9,19049.3,3731.7,58.92,16.38
2017-10-01,22765.0,18998.4,3766.7,58.8,16.55
2017-10-02,22765.0,18998.4,3766.7,58.8,16.55
2017-10-03,22765.0,18998.4,3766.7,58.8,16.55
2017-10-04,22765.0,18998.4,3766.7,58.8,16.55
2017-10-05,22765.0,18998.4,3766.7,58.8,16.55
2017-10-06,22765.0,18998.4,3766.7,58.8,16.55
2017-10-07,22765.0,18998.4,3766.7,58.8,16.55
2017-10-08,22765.0,18998.4,3766.7,58.8,16.55
2017-10-09,22765.0,18998.4,3766.7,58.8,16.55
2017-10-10,22765.0,18998.4,3766.7,58.8,16.55
2017-10-11,22765.0,18998.4,3766.7,58.8,16.55
2017-10-12,22765.0,18998.4,3766.7,58.8,16.55
2017-10-13,22765.0,18998.4,3766.7,58.8,16.55
2017-10-14,22765.0,18998.4,3766.7,58.8,16.55
2017-10-15,22765.0,18998.4,3766.7,58.8,16.55
2017-10-16,22765.0,18998.4,3766.7,58.8,16.55
2017-10-17,22765.0,18998.4,3766.7,58.8,16.55
2017-10-18,22765.0,18998.4,3766.7,58.8,16.55
2017-10-19,22765.0,18998.4,3766.7,58.8,16.55
2017-10-20,22765.0,18998.4,3766.7,58.8,16.55
2017-10-21,22765.0,18998.4,3766.7,58.8,16.55
2017-10-22,22765.0,18998.4,3766.7,58.8,16.55
2017-10-23,22765.0,18998.4,3766.7,58.8,16.55
2017-10-24,22765.0,18998.4,3766.7,58.8,16.55
2017-10-25,22765.0,18998.4,3766.7,58.8,16.55
2017-10-26,22765.0,18998.4,3766.7,58.8,16.55
2017-10-27,22765.0,18998.4,3766.7,58.8,16.55
2017-10-28,22765.0,18998.4,3766.7,58.8,16.55
2017-10-29,22765.0,18998.4,3766.7,58.8,16.55
2017-10-30,22765.0,18998.4,3766.7,58.8,16.55
2017-10-31,22765.0,18998.4,3766.7,58.8,16.55
2017-11-01,22765.0,18998.4,3766.7,58.8,16.55
2017-11-02,22765.0,18998.4,3766.7,58.8,16.55
2017-11-03,22765.0,18998.4,3766.7,58.8,16.55
2017-11-04,22765.0,18998.4,3766.7,58.8,16.55
2017-11-05,22765.0,18998.4,3766.7,58.8,16.55
2017-11-06,22765.0,18998.4,3766.7,58.8,16.55
2017-11-07,22765.0,18998.4,3766.7,58.8,16.55
2017-11-08,22765.0,18998.4,3766.7,58.8,16.55
2017-11-09,22765.0,18998.4,3766.7,58.8,16.55
2017-11-10,22765.0,18998.4,3766.7,58.8,16.55
2017-11-11,22765.0,18998.4,3766.7,58.8,16.55
2017-11-12,22765.0,18998.4,3766.7,58.8,16.55
2017-11-13,22765.0,18998.4,3766.7,58.8,16.55
2017-11-14,22765.0,18998.4,3766.7,58.8,16.55
2017-11-15,22765.0,18998.4,3766.7,58.8,16.55
2017-11-16,22765.0,18998.4,3766.7,58.8,16.55
2017-11-17,22765.0,18998.4,3766.7,58.8,16.55
2017-11-18,22765.0,18998.4,3766.7,58.8,16.55
2017-11-19,22765.0,18998.4,3766.7,58.8,16.55
2017-11-20,22765.0,18998.4,3766.7,58.8,16.55
2017-11-21,22765.0,18998.4,3766.7,58.8,16.55
2017-11-22,22765.0,18998.4,3766.7,58.8,16.55
2017-11-23,22765.0,18998.4,3766.7,58.8,16.55
2017-11-24,22765.0,18998.4,3766.7,58.8,16.55
2017-11-25,22765.0,18998.4,3766.7,58.8,16.55
2017-11-26,22765.0,18998.4,3766.7,58.8,16.55
2017-11-27,22765.0,18998.4,3766.7,58.8,16.55
2017-11-28,22765.0,18998.4,3766.7,58.8,16.55
2017-11-29,22765.0,18998.4,3766.7,58.8,16.55
2017-11-30,22765.0,18998.4,3766.7,58.8,16.55
2017-12-01,22765.0,18998.4,3766.7,58.8,16.55
2017-12-02,22765.0,18998.4,3766.7,58.8,16.55
2017-12-03,22765.0,18998.4,3766.7,58.8,16.55
2017-12-04,22765.0,18998.4,3766.7,58.8,16.55
2017-12-05,22765.0,18998.4,3766.7,58.8,16.55
2017-12-06,22765.0,18998.4,3766.7,58.8,16.55
2017-12-07,22765.0,18998.4,3766.7,58.8,16.55
2017-12-08,22765.0,18998.4,3766.7,58.8,16.55
2017-12-09,22765.0,18998.4,3766.7,58.8,16.55
2017-12-10,22765.0,18998.4,3766.7,58.8,16.55
2017-12-11,22765.0,18998.4,3766.7,58.8,16.55
2017-12-12,22765.0,18998.4,3766.7,58.8,16.55
2017-12-13,22765.0,18998.4,3766.7,58.8,16.55
2017-12-14,22765.0,18998.4,3766.7,58.8,16.55
2017-12-15,22765.0,18998.4,3766.7,58.8,16.55
2017-12-16,22765.0,18998.4,3766.7,58.8,16.55
2017-12-17,22765.0,18998.4,3766.7,58.8,16.55
2017-12-18,22765.0,18998.4,3766.7,58.8,16.55
2017-12-19,22765.0,18998.4,3766.7,58.8,16.55
2017-12-20,22765.0,18998.4,3766.7,58.8,16.55
2017-12-21,22765.0,18998.4,3766.7,58.8,16.55
2017-12-22,22765.0,18998.4,3766.7,58.8,16.55
2017-12-23,22765.0,18998.4,3766.7,58.8,16.55
2017-12-24,22765.0,18998.4,3766.7,58.8,16.55
2017-12-25,22765.0,18998.4,3766.7,58.8,16.55
2017-12-26,22765.0,18998.4,3766.7,58.8,16.55
2017-12-27,22765.0,18998.4,3766.7,58.8,16.55
2017-12-28,22765.0,18998.4,3766.7,58.8,16.55
2017-12-29,22765.0,18998.4,3766.7,58.8,16.55
2017-12-30,22765.0,18998.4,3766.7,58.8,16.55
2017-12-31,22765.0,18998.4,3766.7,58.8,16.55
2018-01-01,22670.3,18874.2,3796.1,58.46,16.74
2018-01-02,22670.3,18874.2,3796.1,58.46,16.74
2018-01-03,22670.3,18874.2,3796.1,58.46,16.74
2018-01-04,22670.3,18874.2,3796.1,58.46,16.74
2018-01-05,22670.3,18874.2,3796.1,58.46,16.74
2018-01-06,22670.3,18874.2,3796.1,58.46,16.74
2018-01-07,22670.3,18874.2,3796.1,58.46,16.74
2018-01-08,22670.3,18874.2,3796.1,58.46,16.74
2018-01-09,22670.3,18874.2,3796.1,58.46,16.74
2018-01-10,22670.3,18874.2,3796.1,58.46,16.74
2018-01-11,22670.3,18874.2,3796.1,58.46,16.74
2018-01-12,22670.3,18874.2,3796.1,58.46,16.74
2018-01-13,22670.3,18874.2,3796.1,58.46,16.74
2018-01-14,22670.3,18874.2,3796.1,58.46,16.74
2018-01-15,22670.3,18874.2,3796.1,58.46,16.74
2018-01-16,22670.3,18874.2,3796.1,58.46,16.74
2018-01-17,22670.3,18874.2,3796.1,58.46,16.74
2018-01-18,22670.3,18874.2,3796.1,58.46,16.74
2018-01-19,22670.3,18874.2,3796.1,58.46,16.74
2018-01-20,22670.3,18874.2,3796.1,58.46,16.74
2018-01-21,22670.3,18874.2,3796.1,58.46,16.74
2018-01-22,22670.3,18874.2,3796.1,58.46,16.74
2018-01-23,22670.3,18874.2,3796.1,58.46,16.74
2018-01-24,22670.3,18874.2,3796.1,58.46,16.74
2018-01-25,22670.3,18874.2,3796.1,58.46,16.74
2018-01-26,22670.3,18874.2,3796.1,58.46,16.74
2018-01-27,22670.3,18874.2,3796.1,58.46,16.74
2018-01-28,22670.3,18874.2,3796.1,58.46,16.74
2018-01-29,22670.3,18874.2,3796.1,58.46,16.74
2018-01-30,22670.3,18874.2,3796.1,58.46,16.74
2018-01-31,22670.3,18874.2,3796.1,58.46,16.74
2018-02-01,22670.3,18874.2,3796.1,58.46,16.74
2018-02-02,22670.3,18874.2,3796.1,58.46,16.74
2018-02-03,22670.3,18874.2,3796.1,58.46,16.74
2018-02-04,22670.3,18874.2,3796.1,58.46,16.74
2018-02-05,22670.3,18874.2,3796.1,58.46,16.74
2018-02-06,22670.3,18874.2,3796.1,58.46,16.74
2018-02-07,22670.3,18874.2,3796.1,58.46,16.74
2018-02-08,22670.3,18874.2,3796.1,58.46,16.74
2018-02-09,22670.3,18874.2,3796.1,58.46,16.74
2018-02-10,22670.3,18874.2,3796.1,58.46,16.74
2018-02-11,22670.3,18874.2,3796.1,58.46,16.74
2018-02-12,22670.3,18874.2,3796.1,58.46,16.74
2018-02-13,22670.3,18874.2,3796.1,58.46,16.74
2018-02-14,22670.3,18874.2,3796.1,58.46,16.74
2018-02-15,22670.3,18874.2,3796.1,58.46,16.74
2018-02-16,22670.3,18874.2,3796.1,58.46,16.74
2018-02-17,22670.3,18874.2,3796.1,58.46,16.74
2018-02-18,22670.3,18874.2,3796.1,58.46,16.74
2018-02-19,22670.3,18874.2,3796.1,58.46,16.74
2018-02-20,22670.3,18874.2,3796.1,58.46,16.74
2018-02-21,22670.3,18874.2,3796.1,58.46,16.74
2018-02-22,22670.3,18874.2,3796.1,58.46,16.74
2018-02-23,22670.3,18874.2,3796.1,58.46,16.74
2018-02-24,22670.3,18874.2,3796.1,58.46,16.74
2018-02-25,22670.3,18874.2,3796.1,58.46,16.74
2018-02-26,22670.3,18874.2,3796.1,58.46,16.74
2018-02-27,22670.3,18874.2,3796.1,58.46,16.74
2018-02-28,22670.3,18874.2,3796.1,58.46,16.74
2018-03-01,22670.3,18874.2,3796.1,58.46,16.74
2018-03-02,22670.3,18874.2,3796.1,58.46,16.74
2018-03-03,22670.3,18874.2,3796.1,58.46,16.74
2018-03-04,22670.3,18874.2,3796.1,58.46,16.74
2018-03-05,22670.3,18874.2,3796.1,58.46,16.74
2018-03-06,22670.3,18874.2,3796.1,58.46,16.74
2018-03-07,22670.3,18874.2,3796.1,58.46,16.74
2018-03-08,22670.3,18874.2,3796.1,58.46,16.74
2018-03-09,22670.3,18874.2,3796.1,58.46,16.74
2018-03-10,22670.3,18874.2,3796.1,58.46,16.74
2018-03-11,22670.3,18874.2,3796.1,58.46,16.74
2018-03-12,22670.3,18874.2,3796.1,58.46,16.74
2018-03-13,22670.3,18874.2,3796.1,58.46,16.74
2018-03-14,22670.3,18874.2,3796.1,58.46,16.74
2018-03-15,22670.3,18874.2,3796.1,58.46,16.74
2018-03-16,22670.3,18874.2,3796.1,58.46,16.74
2018-03-17,22670.3,18874.2,3796.1,58.46,16.74
2018-03-18,22670.3,18874.2,3796.1,58.46,16.74
2018-03-19,22670.3,18874.2,3796.1,58.46,16.74
2018-03-20,22670.3,18874.2,3796.1,58.46,16.74
2018-03-21,22670.3,18874.2,3796.1,58.46,16.74
2018-03-22,22670.3,18874.2,3796.1,58.46,16.74
2018-03-23,22670.3,18874.2,3796.1,58.46,16.74
2018-03-24,22670.3,18874.2,3796.1,58.46,16.74
2018-03-25,22670.3,18874.2,3796.1,58.46,16.74
2018-03-26,22670.3,18874.2,3796.1,58.46,16.74
2018-03-27,22670.3,18874.2,3796.1,58.46,16.74
2018-03-28,22670.3,18874.2,3796.1,58.46,16.74
2018-03-29,22670.3,18874.2,3796.1,58.46,16.74
2018-03-30,22670.3,18874.2,3796.1,58.46,16.74
2018-03-31,22670.3,18874.2,3796.1,58.46,16.74
2018-04-01,22834.2,19344.1,3490.1,58.8,15.28
2018-04-02,22834.2,19344.1,3490.1,58.8,15.28
2018-04-03,22834.2,19344.1,3490.1,58.8,15.28
2018-04-04,22834.2,19344.1,3490.1,58.8,15.28
2018-04-05,22834.2,19344.1,3490.1,58.8,15.28
2018-04-06,22834.2,19344.1,3490.1,58.8,15.28
2018-04-07,22834.2,19344.1,3490.1,58.8,15.28
2018-04-08,22834.2,19344.1,3490.1,58.8,15.28
2018-04-09,22834.2,19344.1,3490.1,58.8,15.28
2018-04-10,22834.2,19344.1,3490.1,58.8,15.28
2018-04-11,22834.2,19344.1,3490.1,58.8,15.28
2018-04-12,22834.2,19344.1,3490.1,58.8,15.28
2018-04-13,22834.2,19344.1,3490.1,58.8,15.28
2018-04-14,22834.2,19344.1,3490.1,58.8,15.28
2018-04-15,22834.2,19344.1,3490.1,58.8,15.28
2018-04-16,22834.2,19344.1,3490.1,58.8,15.28
2018-04-17,22834.2,19344.1,3490.1,58.8,15.28
2018-04-18,22834.2,19344.1,3490.1,58.8,15.28
2018-04-19,22834.2,19344.1,3490.1,58.8,15.28
2018-04-20,22834.2,19344.1,3490.1,58.8,15.28
2018-04-21,22834.2,19344.1,3490.1,58.8,15.28
2018-04-22,22834.2,19344.1,3490.1,58.8,15.28
2018-04-23,22834.2,19344.1,3490.1,58.8,15.28
2018-04-24,22834.2,19344.1,3490.1,58.8,15.28
2018-04-25,22834.2,19344.1,3490.1,58.8,15.28
2018-04-26,22834.2,19344.1,3490.1,58.8,15.28
2018-04-27,22834.2,19344.1,3490.1,58.8,15.28
2018-04-28,22834.2,19344.1,3490.1,58.8,15.28
2018-04-29,22834.2,19344.1,3490.1,58.8,15.28
2018-04-30,22834.2,19344.1,3490.1,58.8,15.28
2018-05-01,22834.2,19344.1,3490.1,58.8,15.28
2018-05-02,22834.2,19344.1,3490.1,58.8,15.28
2018-05-03,22834.2,19344.1,3490.1,58.8,15.28
2018-05-04,22834.2,19344.1,3490.1,58.8,15.28
2018-05-05,22834.2,19344.1,3490.1,58.8,15.28
2018-05-06,22834.2,19344.1,3490.1,58.8,15.28
2018-05-07,22834.2,19344.1,3490.1,58.8,15.28
2018-05-08,22834.2,19344.1,3490.1,58.8,15.28
2018-05-09,22834.2,19344.1,3490.1,58.8,15.28
2018-05-10,22834.2,19344.1,3490.1,58.8,15.28
2018-05-11,22834.2,19344.1,3490.1,58.8,15.28
2018-05-12,22834.2,19344.1,3490.1,58.8,15.28
2018-05-13,22834.2,19344.1,3490.1,58.8,15.28
2018-05-14,22834.2,19344.1,3490.1,58.8,15.28
2018-05-15,22834.2,19344.1,3490.1,58.8,15.28
2018-05-16,22834.2,19344.1,3490.1,58.8,15.28
2018-05-17,22834.2,19344.1,3490.1,58.8,15.28
2018-05-18,22834.2,19344.1,3490.1,58.8,15.28
2018-05-19,22834.2,19344.1,3490.1,58.8,15.28
2018-05-20,22834.2,19344.1,3490.1,58.8,15.28
2018-05-21,22834.2,19344.1,3490.1,58.8,15.28
2018-05-22,22834.2,19344.1,3490.1,58.8,15.28
2018-05-23,22834.2,19344.1,3490.1,58.8,15.28
2018-05-24,22834.2,19344.1,3490.1,58.8,15.28
2018-05-25,22834.2,19344.1,3490.1,58.8,15.28
2018-05-26,22834.2,19344.1,3490.1,58.8,15.28
2018-05-27,22834.2,19344.1,3490.1,58.8,15.28
2018-05-28,22834.2,19344.1,3490.1,58.8,15.28
2018-05-29,22834.2,19344.1,3490.1,58.8,15.28
2018-05-30,22834.2,19344.1,3490.1,58.8,15.28
2018-05-31,22834.2,19344.1,3490.1,58.8,15.28
2018-06-01,22834.2,19344.1,3490.1,58.8,15.28
2018-06-02,22834.2,19344.1,3490.1,58.8,15.28
2018-06-03,22834.2,19344.1,3490.1,58.8,15.28
2018-06-04,22834.2,19344.1,3490.1,58.8,15.28
2018-06-05,22834.2,19344.1,3490.1,58.8,15.28
2018-06-06,22834.2,19344.1,3490.1,58.8,15.28
2018-06-07,22834.2,19344.1,3490.1,58.8,15.28
2018-06-08,22834.2,19344.1,3490.1,58.8,15.28
2018-06-09,22834.2,19344.1,3490.1,58.8,15.28
2018-06-10,22834.2,19344.1,3490.1,58.8,15.28
2018-06-11,22834.2,19344.1,3490.1,58.8,15.28
2018-06-12,22834.2,19344.1,3490.1,58.8,15.28
2018-06-13,22834.2,19344.1,3490.1,58.8,15.28
2018-06-14,22834.2,19344.1,3490.1,58.8,15.28
2018-06-15,22834.2,19344.1,3490.1,58.8,15.28
2018-06-16,22834.2,19344.1,3490.1,58.8,15.28
2018-06-17,22834.2,19344.1,3490.1,58.8,15.28
2018-06-18,22834.2,19344.1,3490.1,58.8,15.28
2018-06-19,22834.2,19344.1,3490.1,58.8,15.28
2018-06-20,22834.2,19344.1,3490.1,58.8,15.28
2018-06-21,22834.2,19344.1,3490.1,58.8,15.28
2018-06-22,22834.2,19344.1,3490.1,58.8,15.28
2018-06-23,22834.2,19344.1,3490.1,58.8,15.28
2018-06-24,22834.2,19344.1,3490.1,58.8,15.28
2018-06-25,22834.2,19344.1,3490.1,58.8,15.28
2018-06-26,22834.2,19344.1,3490.1,58.8,15.28
2018-06-27,22834.2,19344.1,3490.1,58.8,15.28
2018-06-28,22834.2,19344.1,3490.1,58.8,15.28
2018-06-29,22834.2,19344.1,3490.1,58.8,15.28
2018-06-30,22834.2,19344.1,3490.1,58.8,15.28
2018-07-01,22854.0,19528.0,3326.0,58.73,14.55
2018-07-02,22854.0,19528.0,3326.0,58.73,14.55
2018-07-03,22854.0,19528.0,3326.0,58.73,14.55
2018-07-04,22854.0,19528.0,3326.0,58.73,14.55
2018-07-05,22854.0,19528.0,3326.0,58.73,14.55
2018-07-06,22854.0,19528.0,3326.0,58.73,14.55
2018-07-07,22854.0,19528.0,3326.0,58.73,14.55
2018-07-08,22854.0,19528.0,3326.0,58.73,14.55
2018-07-09,22854.0,19528.0,3326.0,58.73,14.55
2018-07-10,22854.0,19528.0,3326.0,58.73,14.55
2018-07-11,22854.0,19528.0,3326.0,58.73,14.55
2018-07-12,22854.0,19528.0,3326.0,58.73,14.55
2018-07-13,22854.0,19528.0,3326.0,58.73,14.55
2018-07-14,22854.0,19528.0,3326.0,58.73,14.55
2018-07-15,22854.0,19528.0,3326.0,58.73,14.55
2018-07-16,22854.0,19528.0,3326.0,58.73,14.55
2018-07-17,22854.0,19528.0,3326.0,58.73,14.55
2018-07-18,22854.0,19528.0,3326.0,58.73,14.55
2018-07-19,22854.0,19528.0,3326.0,58.73,14.55
2018-07-20,22854.0,19528.0,3326.0,58.73,14.55
2018-07-21,22854.0,19528.0,3326.0,58.73,14.55
2018-07-22,22854.0,19528.0,3326.0,58.73,14.55
2018-07-23,22854.0,19528.0,3326.0,58.73,14.55
2018-07-24,22854.0,19528.0,3326.0,58.73,14.55
2018-07-25,22854.0,19528.0,3326.0,58.73,14.55
2018-07-26,22854.0,19528.0,3326.0,58.73,14.55
2018-07-27,22854.0,19528.0,3326.0,58.73,14.55
2018-07-28,22854.0,19528.0,3326.0,58.73,14.55
2018-07-29,22854.0,19528.0,3326.0,58.73,14.55
2018-07-30,22854.0,19528.0,3326.0,58.73,14.55
2018-07-31,22854.0,19528.0,3326.0,58.73,14.55
2018-08-01,22854.0,19528.0,3326.0,58.73,14.55
2018-08-02,22854.0,19528.0,3326.0,58.73,14.55
2018-08-03,22854.0,19528.0,3326.0,58.73,14.55
2018-08-04,22854.0,19528.0,3326.0,58.73,14.55
2018-08-05,22854.0,19528.0,3326.0,58.73,14.55
2018-08-06,22854.0,19528.0,3326.0,58.73,14.55
2018-08-07,22854.0,19528.0,3326.0,58.73,14.55
2018-08-08,22854.0,19528.0,3326.0,58.73,14.55
2018-08-09,22854.0,19528.0,3326.0,58.73,14.55
2018-08-10,22854.0,19528.0,3326.0,58.73,14.55
2018-08-11,22854.0,19528.0,3326.0,58.73,14.55
2018-08-12,22854.0,19528.0,3326.0,58.73,14.55
2018-08-13,22854.0,19528.0,3326.0,58.73,14.55
2018-08-14,22854.0,19528.0,3326.0,58.73,14.55
2018-08-15,22854.0,19528.0,3326.0,58.73,14.55
2018-08-16,22854.0,19528.0,3326.0,58.73,14.55
2018-08-17,22854.0,19528.0,3326.0,58.73,14.55
2018-08-18,22854.0,19528.0,3326.0,58.73,14.55
2018-08-19,22854.0,19528.0,3326.0,58.73,14.55
2018-08-20,22854.0,19528.0,3326.0,58.73,14.55
2018-08-21,22854.0,19528.0,3326.0,58.73,14.55
2018-08-22,22854.0,19528.0,3326.0,58.73,14.55
2018-08-23,22854.0,19528.0,3326.0,58.73,14.55
2018-08-24,22854.0,19528.0,3326.0,58.73,14.55
2018-08-25,22854.0,19528.0,3326.0,58.73,14.55
2018-08-26,22854.0,19528.0,3326.0,58.73,14.55
2018-08-27,22854.0,19528.0,3326.0,58.73,14.55
2018-08-28,22854.0,19528.0,3326.0,58.73,14.55
2018-08-29,22854.0,19528.0,3326.0,58.73,14.55
2018-08-30,22854.0,19528.0,3326.0,58.73,14.55
2018-08-31,22854.0,19528.0,3326.0,58.73,14.55
2018-09-01,22854.0,19528.0,3326.0,58.73,14.55
2018-09-02,22854.0,19528.0,3326.0,58.73,14.55
2018-09-03,22854.0,19528.0,3326.0,58.73,14.55
2018-09-04,22854.0,19528.0,3326.0,58.73,14.55
2018-09-05,22854.0,19528.0,3326.0,58.73,14.55
2018-09-06,22854.0,19528.0,3326.0,58.73,14.55
2018-09-07,22854.0,19528.0,3326.0,58.73,14.55
2018-09-08,22854.0,19528.0,3326.0,58.73,14.55
2018-09-09,22854.0,19528.0,3326.0,58.73,14.55
2018-09-10,22854.0,19528.0,3326.0,58.73,14.55
2018-09-11,22854.0,19528.0,3326.0,58.73,14.55
2018-09-12,22854.0,19528.0,3326.0,58.73,14.55
2018-09-13,22854.0,19528.0,3326.0,58.73,14.55
2018-09-14,22854.0,19528.0,3326.0,58.73,14.55
2018-09-15,22854.0,19528.0,3326.0,58.73,14.55
2018-09-16,22854.0,19528.0,3326.0,58.73,14.55
2018-09-17,22854.0,19528.0,3326.0,58.73,14.55
2018-09-18,22854.0,19528.0,3326.0,58.73,14.55
2018-09-19,22854.0,19528.0,3326.0,58.73,14.55
2018-09-20,22854.0,19528.0,3326.0,58.73,14.55
2018-09-21,22854.0,19528.0,3326.0,58.73,14.55
2018-09-22,22854.0,19528.0,3326.0,58.73,14.55
2018-09-23,22854.0,19528.0,3326.0,58.73,14.55
2018-09-24,22854.0,19528.0,3326.0,58.73,14.55
2018-09-25,22854.0,19528.0,3326.0,58.73,14.55
2018-09-26,22854.0,19528.0,3326.0,58.73,14.55
2018-09-27,22854.0,19528.0,3326.0,58.73,14.55
2018-09-28,22854.0,19528.0,3326.0,58.73,14.55
2018-09-29,22854.0,19528.0,3326.0,58.73,14.55
2018-09-30,22854.0,19528.0,3326.0,58.73,14.55
2018-10-01,22868.8,19564.6,3304.3,58.61,14.45
2018-10-02,22868.8,19564.6,3304.3,58.61,14.45
2018-10-03,22868.8,19564.6,3304.3,58.61,14.45
2018-10-04,22868.8,19564.6,3304.3,58.61,14.45
2018-10-05,22868.8,19564.6,3304.3,58.61,14.45
2018-10-06,22868.8,19564.6,3304.3,58.61,14.45
2018-10-07,22868.8,19564.6,3304.3,58.61,14.45
2018-10-08,22868.8,19564.6,3304.3,58.61,14.45
2018-10-09,22868.8,19564.6,3304.3,58.61,14.45
2018-10-10,22868.8,19564.6,3304.3,58.61,14.45
2018-10-11,22868.8,19564.6,3304.3,58.61,14.45
2018-10-12,22868.8,19564.6,3304.3,58.61,14.45
2018-10-13,22868.8,19564.6,3304.3,58.61,14.45
2018-10-14,22868.8,19564.6,3304.3,58.61,14.45
2018-10-15,22868.8,19564.6,3304.3,58.61,14.45
2018-10-16,22868.8,19564.6,3304.3,58.61,14.45
2018-10-17,22868.8,19564.6,3304.3,58.61,14.45
2018-10-18,22868.8,19564.6,3304.3,58.61,14.45
2018-10-19,22868.8,19564.6,3304.3,58.61,14.45
2018-10-20,22868.8,19564.6,3304.3,58.61,14.45
2018-10-21,22868.8,19564.6,3304.3,58.61,14.45
2018-10-22,22868.8,19564.6,3304.3,58.61,14.45
2018-10-23,22868.8,19564.6,3304.3,58.61,14.45
2018-10-24,22868.8,19564.6,3304.3,58.61,14.45
2018-10-25,22868.8,19564.6,3304.3,58.61,14.45
2018-10-26,22868.8,19564.6,3304.3,58.61,14.45
2018-10-27,22868.8,19564.6,3304.3,58.61,14.45
2018-10-28,22868.8,19564.6,3304.3,58.61,14.45
2018-10-29,22868.8,19564.6,3304.3,58.61,14.45
2018-10-30,22868.8,19564.6,3304.3,58.61,14.45
2018-10-31,22868.8,19564.6,3304.3,58.61,14.45
2018-11-01,22868.8,19564.6,3304.3,58.61,14.45
2018-11-02,22868.8,19564.6,3304.3,58.61,14.45
2018-11-03,22868.8,19564.6,3304.3,58.61,14.45
2018-11-04,22868.8,19564.6,3304.3,58.61,14.45
2018-11-05,22868.8,19564.6,3304.3,58.61,14.45
2018-11-06,22868.8,19564.6,3304.3,58.61,14.45
2018-11-07,22868.8,19564.6,3304.3,58.61,14.45
2018-11-08,22868.8,19564.6,3304.3,58.61,14.45
2018-11-09,22868.8,19564.6,3304.3,58.61,14.45
2018-11-10,22868.8,19564.6,3304.3,58.61,14.45
2018-11-11,22868.8,19564.6,3304.3,58.61,14.45
2018-11-12,22868.8,19564.6,3304.3,58.61,14.45
2018-11-13,22868.8,19564.6,3304.3,58.61,14.45
2018-11-14,22868.8,19564.6,3304.3,58.61,14.45
2018-11-15,22868.8,19564.6,3304.3,58.61,14.45
2018-11-16,22868.8,19564.6,3304.3,58.61,14.45
2018-11-17,22868.8,19564.6,3304.3,58.61,14.45
2018-11-18,22868.8,19564.6,3304.3,58.61,14.45
2018-11-19,22868.8,19564.6,3304.3,58.61,14.45
2018-11-20,22868.8,19564.6,3304.3,58.61,14.45
2018-11-21,22868.8,19564.6,3304.3,58.61,14.45
2018-11-22,22868.8,19564.6,3304.3,58.61,14.45
2018-11-23,22868.8,19564.6,3304.3,58.61,14.45
2018-11-24,22868.8,19564.6,3304.3,58.61,14.45
2018-11-25,22868.8,19564.6,3304.3,58.61,14.45
2018-11-26,22868.8,19564.6,3304.3,58.61,14.45
2018-11-27,22868.8,19564.6,3304.3,58.61,14.45
2018-11-28,22868.8,19564.6,3304.3,58.61,14.45
2018-11-29,22868.8,19564.6,3304.3,58.61,14.45
2018-11-30,22868.8,19564.6,3304.3,58.61,14.45
2018-12-01,22868.8,19564.6,3304.3,58.61,14.45
2018-12-02,22868.8,19564.6,3304.3,58.61,14.45
2018-12-03,22868.8,19564.6,3304.3,58.61,14.45
2018-12-04,22868.8,19564.6,3304.3,58.61,14.45
2018-12-05,22868.8,19564.6,3304.3,58.61,14.45
2018-12-06,22868.8,19564.6,3304.3,58.61,14.45
2018-12-07,22868.8,19564.6,3304.3,58.61,14.45
2018-12-08,22868.8,19564.6,3304.3,58.61,14.45
2018-12-09,22868.8,19564.6,3304.3,58.61,14.45
2018-12-10,22868.8,19564.6,3304.3,58.61,14.45
2018-12-11,22868.8,19564.6,3304.3,58.61,14.45
2018-12-12,22868.8,19564.6,3304.3,58.61,14.45
2018-12-13,22868.8,19564.6,3304.3,58.61,14.45
2018-12-14,22868.8,19564.6,3304.3,58.61,14.45
2018-12-15,22868.8,19564.6,3304.3,58.61,14.45
2018-12-16,22868.8,19564.6,3304.3,58.61,14.45
2018-12-17,22868.8,19564.6,3304.3,58.61,14.45
2018-12-18,22868.8,19564.6,3304.3,58.61,14.45
2018-12-19,22868.8,19564.6,3304.3,58.61,14.45
2018-12-20,22868.8,19564.6,3304.3,58.61,14.45
2018-12-21,22868.8,19564.6,3304.3,58.61,14.45
2018-12-22,22868.8,19564.6,3304.3,58.61,14.45
2018-12-23,22868.8,19564.6,3304.3,58.61,14.45
2018-12-24,22868.8,19564.6,3304.3,58.61,14.45
2018-12-25,22868.8,19564.6,3304.3,58.61,14.45
2018-12-26,22868.8,19564.6,3304.3,58.61,14.45
2018-12-27,22868.8,19564.6,3304.3,58.61,14.45
2018-12-28,22868.8,19564.6,3304.3,58.61,14.45
2018-12-29,22868.8,19564.6,3304.3,58.61,14.45
2018-12-30,22868.8,19564.6,3304.3,58.61,14.45
2018-12-31,22868.8,19564.6,3304.3,58.61,14.45
2019-01-01,22825.4,19471.1,3354.2,58.35,14.7
2019-01-02,22825.4,19471.1,3354.2,58.35,14.7
2019-01-03,22825.4,19471.1,3354.2,58.35,14.7
2019-01-04,22825.4,19471.1,3354.2,58.35,14.7
2019-01-05,22825.4,19471.1,3354.2,58.35,14.7
2019-01-06,22825.4,19471.1,3354.2,58.35,14.7
2019-01-07,22825.4,19471.1,3354.2,58.35,14.7
2019-01-08,22825.4,19471.1,3354.2,58.35,14.7
2019-01-09,22825.4,19471.1,3354.2,58.35,14.7
2019-01-10,22825.4,19471.1,3354.2,58.35,14.7
2019-01-11,22825.4,19471.1,3354.2,58.35,14.7
2019-01-12,22825.4,19471.1,3354.2,58.35,14.7
2019-01-13,22825.4,19471.1,3354.2,58.35,14.7
2019-01-14,22825.4,19471.1,3354.2,58.35,14.7
2019-01-15,22825.4,19471.1,3354.2,58.35,14.7
2019-01-16,22825.4,19471.1,3354.2,58.35,14.7
2019-01-17,22825.4,19471.1,3354.2,58.35,14.7
2019-01-18,22825.4,19471.1,3354.2,58.35,14.7
2019-01-19,22825.4,19471.1,3354.2,58.35,14.7
2019-01-20,22825.4,19471.1,3354.2,58.35,14.7
2019-01-21,22825.4,19471.1,3354.2,58.35,14.7
2019-01-22,22825.4,19471.1,3354.2,58.35,14.7
2019-01-23,22825.4,19471.1,3354.2,58.35,14.7
2019-01-24,22825.4,19471.1,3354.2,58.35,14.7
2019-01-25,22825.4,19471.1,3354.2,58.35,14.7
2019-01-26,22825.4,19471.1,3354.2,58.35,14.7
2019-01-27,22825.4,19471.1,3354.2,58.35,14.7
2019-01-28,22825.4,19471.1,3354.2,58.35,14.7
2019-01-29,22825.4,19471.1,3354.2,58.35,14.7
2019-01-30,22825.4,19471.1,3354.2,58.35,14.7
2019-01-31,22825.4,19471.1,3354.2,58.35,14.7
2019-02-01,22825.4,19471.1,3354.2,58.35,14.7
2019-02-02,22825.4,19471.1,3354.2,58.35,14.7
2019-02-03,22825.4,19471.1,3354.2,58.35,14.7
2019-02-04,22825.4,19471.1,3354.2,58.35,14.7
2019-02-05,22825.4,19471.1,3354.2,58.35,14.7
2019-02-06,22825.4,19471.1,3354.2,58.35,14.7
2019-02-07,22825.4,19471.1,3354.2,58.35,14.7
2019-02-08,22825.4,19471.1,3354.2,58.35,14.7
2019-02-09,22825.4,19471.1,3354.2,58.35,14.7
2019-02-10,22825.4,19471.1,3354.2,58.35,14.7
2019-02-11,22825.4,19471.1,3354.2,58.35,14.7
2019-02-12,22825.4,19471.1,3354.2,58.35,14.7
2019-02-13,22825.4,19471.1,3354.2,58.35,14.7
2019-02-14,22825.4,19471.1,3354.2,58.35,14.7
2019-02-15,22825.4,19471.1,3354.2,58.35,14.7
2019-02-16,22825.4,19471.1,3354.2,58.35,14.7
2019-02-17,22825.4,19471.1,3354.2,58.35,14.7
2019-02-18,22825.4,19471.1,3354.2,58.35,14.7
2019-02-19,22825.4,19471.1,3354.2,58.35,14.7
2019-02-20,22825.4,19471.1,3354.2,58.35,14.7
2019-02-21,22825.4,19471.1,3354.2,58.35,14.7
2019-02-22,22825.4,19471.1,3354.2,58.35,14.7
2019-02-23,22825.4,19471.1,3354.2,58.35,14.7
2019-02-24,22825.4,19471.1,3354.2,58.35,14.7
2019-02-25,22825.4,19471.1,3354.2,58.35,14.7
2019-02-26,22825.4,19471.1,3354.2,58.35,14.7
2019-02-27,22825.4,19471.1,3354.2,58.35,14.7
2019-02-28,22825.4,19471.1,3354.2,58.35,14.7
2019-03-01,22825.4,19471.1,3354.2,58.35,14.7
2019-03-02,22825.4,19471.1,3354.2,58.35,14.7
2019-03-03,22825.4,19471.1,3354.2,58.35,14.7
2019-03-04,22825.4,19471.1,3354.2,58.35,14.7
2019-03-05,22825.4,19471.1,3354.2,58.35,14.7
2019-03-06,22825.4,19471.1,3354.2,58.35,14.7
2019-03-07,22825.4,19471.1,3354.2,58.35,14.7
2019-03-08,22825.4,19471.1,3354.2,58.35,14.7
2019-03-09,22825.4,19471.1,3354.2,58.35,14.7
2019-03-10,22825.4,19471.1,3354.2,58.35,14.7
2019-03-11,22825.4,19471.1,3354.2,58.35,14.7
2019-03-12,22825.4,19471.1,3354.2,58.35,14.7
2019-03-13,22825.4,19471.1,3354.2,58.35,14.7
2019-03-14,22825.4,19471.1,3354.2,58.35,14.7
2019-03-15,22825.4,19471.1,3354.2,58.35,14.7
2019-03-16,22825.4,19471.1,3354.2,58.35,14.7
2019-03-17,22825.4,19471.1,3354.2,58.35,14.7
2019-03-18,22825.4,19471.1,3354.2,58.35,14.7
2019-03-19,22825.4,19471.1,3354.2,58.35,14.7
2019-03-20,22825.4,19471.1,3354.2,58.35,14.7
2019-03-21,22825.4,19471.1,3354.2,58.35,14.7
2019-03-22,22825.4,19471.1,3354.2,58.35,14.7
2019-03-23,22825.4,19471.1,3354.2,58.35,14.7
2019-03-24,22825.4,19471.1,3354.2,58.35,14.7
2019-03-25,22825.4,19471.1,3354.2,58.35,14.7
2019-03-26,22825.4,19471.1,3354.2,58.35,14.7
2019-03-27,22825.4,19471.1,3354.2,58.35,14.7
2019-03-28,22825.4,19471.1,3354.2,58.35,14.7
2019-03-29,22825.4,19471.1,3354.2,58.35,14.7
2019-03-30,22825.4,19471.1,3354.2,58.35,14.7
2019-03-31,22825.4,19471.1,3354.2,58.35,14.7
2019-04-01,23035.5,19804.9,3230.6,58.74,14.02
2019-04-02,23035.5,19804.9,3230.6,58.74,14.02
2019-04-03,23035.5,19804.9,3230.6,58.74,14.02
2019-04-04,23035.5,19804.9,3230.6,58.74,14.02
2019-04-05,23035.5,19804.9,3230.6,58.74,14.02
2019-04-06,23035.5,19804.9,3230.6,58.74,14.02
2019-04-07,23035.5,19804.9,3230.6,58.74,14.02
2019-04-08,23035.5,19804.9,3230.6,58.74,14.02
2019-04-09,23035.5,19804.9,3230.6,58.74,14.02
2019-04-10,23035.5,19804.9,3230.6,58.74,14.02
2019-04-11,23035.5,19804.9,3230.6,58.74,14.02
2019-04-12,23035.5,19804.9,3230.6,58.74,14.02
2019-04-13,23035.5,19804.9,3230.6,58.74,14.02
2019-04-14,23035.5,19804.9,3230.6,58.74,14.02
2019-04-15,23035.5,19804.9,3230.6,58.74,14.02
2019-04-16,23035.5,19804.9,3230.6,58.74,14.02
2019-04-17,23035.5,19804.9,3230.6,58.74,14.02
2019-04-18,23035.5,19804.9,3230.6,58.74,14.02
2019-04-19,23035.5,19804.9,3230.6,58.74,14.02
2019-04-20,23035.5,19804.9,3230.6,58.74,14.02
2019-04-21,23035.5,19804.9,3230.6,58.74,14.02
2019-04-22,23035.5,19804.9,3230.6,58.74,14.02
2019-04-23,23035.5,19804.9,3230.6,58.74,14.02
2019-04-24,23035.5,19804.9,3230.6,58.74,14.02
2019-04-25,23035.5,19804.9,3230.6,58.74,14.02
2019-04-26,23035.5,19804.9,3230.6,58.74,14.02
2019-04-27,23035.5,19804.9,3230.6,58.74,14.02
2019-04-28,23035.5,19804.9,3230.6,58.74,14.02
2019-04-29,23035.5,19804.9,3230.6,58.74,14.02
2019-04-30,23035.5,19804.9,3230.6,58.74,14.02
2019-05-01,23035.5,19804.9,3230.6,58.74,14.02
2019-05-02,23035.5,19804.9,3230.6,58.74,14.02
2019-05-03,23035.5,19804.9,3230.6,58.74,14.02
2019-05-04,23035.5,19804.9,3230.6,58.74,14.02
2019-05-05,23035.5,19804.9,3230.6,58.74,14.02
2019-05-06,23035.5,19804.9,3230.6,58.74,14.02
2019-05-07,23035.5,19804.9,3230.6,58.74,14.02
2019-05-08,23035.5,19804.9,3230.6,58.74,14.02
2019-05-09,23035.5,19804.9,3230.6,58.74,14.02
2019-05-10,23035.5,19804.9,3230.6,58.74,14.02
2019-05-11,23035.5,19804.9,3230.6,58.74,14.02
2019-05-12,23035.5,19804.9,3230.6,58.74,14.02
2019-05-13,23035.5,19804.9,3230.6,58.74,14.02
2019-05-14,23035.5,19804.9,3230.6,58.74,14.02
2019-05-15,23035.5,19804.9,3230.6,58.74,14.02
2019-05-16,23035.5,19804.9,3230.6,58.74,14.02
2019-05-17,23035.5,19804.9,3230.6,58.74,14.02
2019-05-18,23035.5,19804.9,3230.6,58.74,14.02
2019-05-19,23035.5,19804.9,3230.6,58.74,14.02
2019-05-20,23035.5,19804.9,3230.6,58.74,14.02
2019-05-21,23035.5,19804.9,3230.6,58.74,14.02
2019-05-22,23035.5,19804.9,3230.6,58.74,14.02
2019-05-23,23035.5,19804.9,3230.6,58.74,14.02
2019-05-24,23035.5,19804.9,3230.6,58.74,14.02
2019-05-25,23035.5,19804.9,3230.6,58.74,14.02
2019-05-26,23035.5,19804.9,3230.6,58.74,14.02
2019-05-27,23035.5,19804.9,3230.6,58.74,14.02
2019-05-28,23035.5,19804.9,3230.6,58.74,14.02
2019-05-29,23035.5,19804.9,3230.6,58.74,14.02
2019-05-30,23035.5,19804.9,3230.6,58.74,14.02
2019-05-31,23035.5,19804.9,3230.6,58.74,14.02
2019-06-01,23035.5,19804.9,3230.6,58.74,14.02
2019-06-02,23035.5,19804.9,3230.6,58.74,14.02
2019-06-03,23035.5,19804.9,3230.6,58.74,14.02
2019-06-04,23035.5,19804.9,3230.6,58.74,14.02
2019-06-05,23035.5,19804.9,3230.6,58.74,14.02
2019-06-06,23035.5,19804.9,3230.6,58.74,14.02
2019-06-07,23035.5,19804.9,3230.6,58.74,14.02
2019-06-08,23035.5,19804.9,3230.6,58.74,14.02
2019-06-09,23035.5,19804.9,3230.6,58.74,14.02
2019-06-10,23035.5,19804.9,3230.6,58.74,14.02
2019-06-11,23035.5,19804.9,3230.6,58.74,14.02
2019-06-12,23035.5,19804.9,3230.6,58.74,14.02
2019-06-13,23035.5,19804.9,3230.6,58.74,14.02
2019-06-14,23035.5,19804.9,3230.6,58.74,14.02
2019-06-15,23035.5,19804.9,3230.6,58.74,14.02
2019-06-16,23035.5,19804.9,3230.6,58.74,14.02
2019-06-17,23035.5,19804.9,3230.6,58.74,14.02
2019-06-18,23035.5,19804.9,3230.6,58.74,14.02
2019-06-19,23035.5,19804.9,3230.6,58.74,14.02
2019-06-20,23035.5,19804.9,3230.6,58.74,14.02
2019-06-21,23035.5,19804.9,3230.6,58.74,14.02
2019-06-22,23035.5,19804.9,3230.6,58.74,14.02
2019-06-23,23035.5,19804.9,3230.6,58.74,14.02
2019-06-24,23035.5,19804.9,3230.6,58.74,14.02
2019-06-25,23035.5,19804.9,3230.6,58.74,14.02
2019-06-26,23035.5,19804.9,3230.6,58.74,14.02
2019-06-27,23035.5,19804.9,3230.6,58.74,14.02
2019-06-28,23035.5,19804.9,3230.6,58.74,14.02
2019-06-29,23035.5,19804.9,3230.6,58.74,14.02
2019-06-30,23035.5,19804.9,3230.6,58.74,14.02
2019-07-01,23088.7,19874.3,3214.4,58.72,13.92
2019-07-02,23088.7,19874.3,3214.4,58.72,13.92
2019-07-03,23088.7,19874.3,3214.4,58.72,13.92
2019-07-04,23088.7,19874.3,3214.4,58.72,13.92
2019-07-05,23088.7,19874.3,3214.4,58.72,13.92
2019-07-06,23088.7,19874.3,3214.4,58.72,13.92
2019-07-07,23088.7,19874.3,3214.4,58.72,13.92
2019-07-08,23088.7,19874.3,3214.4,58.72,13.92
2019-07-09,23088.7,19874.3,3214.4,58.72,13.92
2019-07-10,23088.7,19874.3,3214.4,58.72,13.92
2019-07-11,23088.7,19874.3,3214.4,58.72,13.92
2019-07-12,23088.7,19874.3,3214.4,58.72,13.92
2019-07-13,23088.7,19874.3,3214.4,58.72,13.92
2019-07-14,23088.7,19874.3,3214.4,58.72,13.92
2019-07-15,23088.7,19874.3,3214.4,58.72,13.92
2019-07-16,23088.7,19874.3,3214.4,58.72,13.92
2019-07-17,23088.7,19874.3,3214.4,58.72,13.92
2019-07-18,23088.7,19874.3,3214.4,58.72,13.92
2019-07-19,23088.7,19874.3,3214.4,58.72,13.92
2019-07-20,23088.7,19874.3,3214.4,58.72,13.92
2019-07-21,23088.7,19874.3,3214.4,58.72,13.92
2019-07-22,23088.7,19874.3,3214.4,58.72,13.92
2019-07-23,23088.7,19874.3,3214.4,58.72,13.92
2019-07-24,23088.7,19874.3,3214.4,58.72,13.92
2019-07-25,23088.7,19874.3,3214.4,58.72,13.92
2019-07-26,23088.7,19874.3,3214.4,58.72,13.92
2019-07-27,23088.7,19874.3,3214.4,58.72,13.92
2019-07-28,23088.7,19874.3,3214.4,58.72,13.92
2019-07-29,23088.7,19874.3,3214.4,58.72,13.92
2019-07-30,23088.7,19874.3,3214.4,58.72,13.92
2019-07-31,23088.7,19874.3,3214.4,58.72,13.92
2019-08-01,23088.7,19874.3,3214.4,58.72,13.92
2019-08-02,23088.7,19874.3,3214.4,58.72,13.92
2019-08-03,23088.7,19874.3,3214.4,58.72,13.92
2019-08-04,23088.7,19874.3,3214.4,58.72,13.92
2019-08-05,23088.7,19874.3,3214.4,58.72,13.92
2019-08-06,23088.7,19874.3,3214.4,58.72,13.92
2019-08-07,23088.7,19874.3,3214.4,58.72,13.92
2019-08-08,23088.7,19874.3,3214.4,58.72,13.92
2019-08-09,23088.7,19874.3,3214.4,58.72,13.92
2019-08-10,23088.7,19874.3,3214.4,58.72,13.92
2019-08-11,23088.7,19874.3,3214.4,58.72,13.92
2019-08-12,23088.7,19874.3,3214.4,58.72,13.92
2019-08-13,23088.7,19874.3,3214.4,58.72,13.92
2019-08-14,23088.7,19874.3,3214.4,58.72,13.92
2019-08-15,23088.7,19874.3,3214.4,58.72,13.92
2019-08-16,23088.7,19874.3,3214.4,58.72,13.92
2019-08-17,23088.7,19874.3,3214.4,58.72,13.92
2019-08-18,23088.7,19874.3,3214.4,58.72,13.92
2019-08-19,23088.7,19874.3,3214.4,58.72,13.92
2019-08-20,23088.7,19874.3,3214.4,58.72,13.92
2019-08-21,23088.7,19874.3,3214.4,58.72,13.92
2019-08-22,23088.7,19874.3,3214.4,58.72,13.92
2019-08-23,23088.7,19874.3,3214.4,58.72,13.92
2019-08-24,23088.7,19874.3,3214.4,58.72,13.92
2019-08-25,23088.7,19874.3,3214.4,58.72,13.92
2019-08-26,23088.7,19874.3,3214.4,58.72,13.92
2019-08-27,23088.7,19874.3,3214.4,58.72,13.92
2019-08-28,23088.7,19874.3,3214.4,58.72,13.92
2019-08-29,23088.7,19874.3,3214.4,58.72,13.92
2019-08-30,23088.7,19874.3,3214.4,58.72,13.92
2019-08-31,23088.7,19874.3,3214.4,58.72,13.92
2019-09-01,23088.7,19874.3,3214.4,58.72,13.92
2019-09-02,23088.7,19874.3,3214.4,58.72,13.92
2019-09-03,23088.7,19874.3,3214.4,58.72,13.92
2019-09-04,23088.7,19874.3,3214.4,58.72,13.92
2019-09-05,23088.7,19874.3,3214.4,58.72,13.92
2019-09-06,23088.7,19874.3,3214.4,58.72,13.92
2019-09-07,23088.7,19874.3,3214.4,58.72,13.92
2019-09-08,23088.7,19874.3,3214.4,58.72,13.92
2019-09-09,23088.7,19874.3,3214.4,58.72,13.92
2019-09-10,23088.7,19874.3,3214.4,58.72,13.92
2019-09-11,23088.7,19874.3,3214.4,58.72,13.92
2019-09-12,23088.7,19874.3,3214.4,58.72,13.92
2019-09-13,23088.7,19874.3,3214.4,58.72,13.92
2019-09-14,23088.7,19874.3,3214.4,58.72,13.92
2019-09-15,23088.7,19874.3,3214.4,58.72,13.92
2019-09-16,23088.7,19874.3,3214.4,58.72,13.92
2019-09-17,23088.7,19874.3,3214.4,58.72,13.92
2019-09-18,23088.7,19874.3,3214.4,58.72,13.92
2019-09-19,23088.7,19874.3,3214.4,58.72,13.92
2019-09-20,23088.7,19874.3,3214.4,58.72,13.92
2019-09-21,23088.7,19874.3,3214.4,58.72,13.92
2019-09-22,23088.7,19874.3,3214.4,58.72,13.92
2019-09-23,23088.7,19874.3,3214.4,58.72,13.92
2019-09-24,23088.7,19874.3,3214.4,58.72,13.92
2019-09-25,23088.7,19874.3,3214.4,58.72,13.92
2019-09-26,23088.7,19874.3,3214.4,58.72,13.92
2019-09-27,23088.7,19874.3,3214.4,58.72,13.92
2019-09-28,23088.7,19874.3,3214.4,58.72,13.92
2019-09-29,23088.7,19874.3,3214.4,58.72,13.92
2019-09-30,23088.7,19874.3,3214.4,58.72,13.92
2019-10-01,23158.8,19966.9,3191.9,58.74,13.78
2019-10-02,23158.8,19966.9,3191.9,58.74,13.78
2019-10-03,23158.8,19966.9,3191.9,58.74,13.78
2019-10-04,23158.8,19966.9,3191.9,58.74,13.78
2019-10-05,23158.8,19966.9,3191.9,58.74,13.78
2019-10-06,23158.8,19966.9,3191.9,58.74,13.78
2019-10-07,23158.8,19966.9,3191.9,58.74,13.78
2019-10-08,23158.8,19966.9,3191.9,58.74,13.78
2019-10-09,23158.8,19966.9,3191.9,58.74,13.78
2019-10-10,23158.8,19966.9,3191.9,58.74,13.78
2019-10-11,23158.8,19966.9,3191.9,58.74,13.78
2019-10-12,23158.8,19966.9,3191.9,58.74,13.78
2019-10-13,23158.8,19966.9,3191.9,58.74,13.78
2019-10-14,23158.8,19966.9,3191.9,58.74,13.78
2019-10-15,23158.8,19966.9,3191.9,58.74,13.78
2019-10-16,23158.8,19966.9,3191.9,58.74,13.78
2019-10-17,23158.8,19966.9,3191.9,58.74,13.78
2019-10-18,23158.8,19966.9,3191.9,58.74,13.78
2019-10-19,23158.8,19966.9,3191.9,58.74,13.78
2019-10-20,23158.8,19966.9,3191.9,58.74,13.78
2019-10-21,23158.8,19966.9,3191.9,58.74,13.78
2019-10-22,23158.8,19966.9,3191.9,58.74,13.78
2019-10-23,23158.8,19966.9,3191.9,58.74,13.78
2019-10-24,23158.8,19966.9,3191.9,58.74,13.78
2019-10-25,23158.8,19966.9,3191.9,58.74,13.78
2019-10-26,23158.8,19966.9,3191.9,58.74,13.78
2019-10-27,23158.8,19966.9,3191.9,58.74,13.78
2019-10-28,23158.8,19966.9,3191.9,58.74,13.78
2019-10-29,23158.8,19966.9,3191.9,58.74,13.78
2019-10-30,23158.8,19966.9,3191.9,58.74,13.78
2019-10-31,23158.8,19966.9,3191.9,58.74,13.78
2019-11-01,23158.8,19966.9,3191.9,58.74,13.78
2019-11-02,23158.8,19966.9,3191.9,58.74,13.78
2019-11-03,23158.8,19966.9,3191.9,58.74,13.78
2019-11-04,23158.8,19966.9,3191.9,58.74,13.78
2019-11-05,23158.8,19966.9,3191.9,58.74,13.78
2019-11-06,23158.8,19966.9,3191.9,58.74,13.78
2019-11-07,23158.8,19966.9,3191.9,58.74,13.78
2019-11-08,23158.8,19966.9,3191.9,58.74,13.78
2019-11-09,23158.8,19966.9,3191.9,58.74,13.78
2019-11-10,23158.8,19966.9,3191.9,58.74,13.78
2019-11-11,23158.8,19966.9,3191.9,58.74,13.78
2019-11-12,23158.8,19966.9,3191.9,58.74,13.78
2019-11-13,23158.8,19966.9,3191.9,58.74,13.78
2019-11-14,23158.8,19966.9,3191.9,58.74,13.78
2019-11-15,23158.8,19966.9,3191.9,58.74,13.78
2019-11-16,23158.8,19966.9,3191.9,58.74,13.78
2019-11-17,23158.8,19966.9,3191.9,58.74,13.78
2019-11-18,23158.8,19966.9,3191.9,58.74,13.78
2019-11-19,23158.8,19966.9,3191.9,58.74,13.78
2019-11-20,23158.8,19966.9,3191.9,58.74,13.78
2019-11-21,23158.8,19966.9,3191.9,58.74,13.78
2019-11-22,23158.8,19966.9,3191.9,58.74,13.78
2019-11-23,23158.8,19966.9,3191.9,58.74,13.78
2019-11-24,23158.8,19966.9,3191.9,58.74,13.78
2019-11-25,23158.8,19966.9,3191.9,58.74,13.78
2019-11-26,23158.8,19966.9,3191.9,58.74,13.78
2019-11-27,23158.8,19966.9,3191.9,58.74,13.78
2019-11-28,23158.8,19966.9,3191.9,58.74,13.78
2019-11-29,23158.8,19966.9,3191.9,58.74,13.78
2019-11-30,23158.8,19966.9,3191.9,58.74,13.78
2019-12-01,23158.8,19966.9,3191.9,58.74,13.78
2019-12-02,23158.8,19966.9,3191.9,58.74,13.78
2019-12-03,23158.8,19966.9,3191.9,58.74,13.78
2019-12-04,23158.8,19966.9,3191.9,58.74,13.78
2019-12-05,23158.8,19966.9,3191.9,58.74,13.78
2019-12-06,23158.8,19966.9,3191.9,58.74,13.78
2019-12-07,23158.8,19966.9,3191.9,58.74,13.78
2019-12-08,23158.8,19966.9,3191.9,58.74,13.78
2019-12-09,23158.8,19966.9,3191.9,58.74,13.78
2019-12-10,23158.8,19966.9,3191.9,58.74,13.78
2019-12-11,23158.8,19966.9,3191.9,58.74,13.78
2019-12-12,23158.8,19966.9,3191.9,58.74,13.78
2019-12-13,23158.8,19966.9,3191.9,58.74,13.78
2019-12-14,23158.8,19966.9,3191.9,58.74,13.78
2019-12-15,23158.8,19966.9,3191.9,58.74,13.78
2019-12-16,23158.8,19966.9,3191.9,58.74,13.78
2019-12-17,23158.8,19966.9,3191.9,58.74,13.78
2019-12-18,23158.8,19966.9,3191.9,58.74,13.78
2019-12-19,23158.8,19966.9,3191.9,58.74,13.78
2019-12-20,23158.8,19966.9,3191.9,58.74,13.78
2019-12-21,23158.8,19966.9,3191.9,58.74,13.78
2019-12-22,23158.8,19966.9,3191.9,58.74,13.78
2019-12-23,23158.8,19966.9,3191.9,58.74,13.78
2019-12-24,23158.8,19966.9,3191.9,58.74,13.78
2019-12-25,23158.8,19966.9,3191.9,58.74,13.78
2019-12-26,23158.8,19966.9,3191.9,58.74,13.78
2019-12-27,23158.8,19966.9,3191.9,58.74,13.78
2019-12-28,23158.8,19966.9,3191.9,58.74,13.78
2019-12-29,23158.8,19966.9,3191.9,58.74,13.78
2019-12-30,23158.8,19966.9,3191.9,58.74,13.78
2019-12-31,23158.8,19966.9,3191.9,58.74,13.78
2020-01-01,22994.2,19681.3,3313.0,58.18,14.41
2020-01-02,22994.2,19681.3,3313.0,58.18,14.41
2020-01-03,22994.2,19681.3,3313.0,58.18,14.41
2020-01-04,22994.2,19681.3,3313.0,58.18,14.41
2020-01-05,22994.2,19681.3,3313.0,58.18,14.41
2020-01-06,22994.2,19681.3,3313.0,58.18,14.41
2020-01-07,22994.2,19681.3,3313.0,58.18,14.41
2020-01-08,22994.2,19681.3,3313.0,58.18,14.41
2020-01-09,22994.2,19681.3,3313.0,58.18,14.41
2020-01-10,22994.2,19681.3,3313.0,58.18,14.41
2020-01-11,22994.2,19681.3,3313.0,58.18,14.41
2020-01-12,22994.2,19681.3,3313.0,58.18,14.41
2020-01-13,22994.2,19681.3,3313.0,58.18,14.41
2020-01-14,22994.2,19681.3,3313.0,58.18,14.41
2020-01-15,22994.2,19681.3,3313.0,58.18,14.41
2020-01-16,22994.2,19681.3,3313.0,58.18,14.41
2020-01-17,22994.2,19681.3,3313.0,58.18,14.41
2020-01-18,22994.2,19681.3,3313.0,58.18,14.41
2020-01-19,22994.2,19681.3,3313.0,58.18,14.41
2020-01-20,22994.2,19681.3,3313.0,58.18,14.41
2020-01-21,22994.2,19681.3,3313.0,58.18,14.41
2020-01-22,22994.2,19681.3,3313.0,58.18,14.41
2020-01-23,22994.2,19681.3,3313.0,58.18,14.41
2020-01-24,22994.2,19681.3,3313.0,58.18,14.41
2020-01-25,22994.2,19681.3,3313.0,58.18,14.41
2020-01-26,22994.2,19681.3,3313.0,58.18,14.41
2020-01-27,22994.2,19681.3,3313.0,58.18,14.41
2020-01-28,22994.2,19681.3,3313.0,58.18,14.41
2020-01-29,22994.2,19681.3,3313.0,58.18,14.41
2020-01-30,22994.2,19681.3,3313.0,58.18,14.41
2020-01-31,22994.2,19681.3,3313.0,58.18,14.41
2020-02-01,22994.2,19681.3,3313.0,58.18,14.41
2020-02-02,22994.2,19681.3,3313.0,58.18,14.41
2020-02-03,22994.2,19681.3,3313.0,58.18,14.41
2020-02-04,22994.2,19681.3,3313.0,58.18,14.41
2020-02-05,22994.2,19681.3,3313.0,58.18,14.41
2020-02-06,22994.2,19681.3,3313.0,58.18,14.41
2020-02-07,22994.2,19681.3,3313.0,58.18,14.41
2020-02-08,22994.2,19681.3,3313.0,58.18,14.41
2020-02-09,22994.2,19681.3,3313.0,58.18,14.41
2020-02-10,22994.2,19681.3,3313.0,58.18,14.41
2020-02-11,22994.2,19681.3,3313.0,58.18,14.41
2020-02-12,22994.2,19681.3,3313.0,58.18,14.41
2020-02-13,22994.2,19681.3,3313.0,58.18,14.41
2020-02-14,22994.2,19681.3,3313.0,58.18,14.41
2020-02-15,22994.2,19681.3,3313.0,58.18,14.41
2020-02-16,22994.2,19681.3,3313.0,58.18,14.41
2020-02-17,22994.2,19681.3,3313.0,58.18,14.41
2020-02-18,22994.2,19681.3,3313.0,58.18,14.41
2020-02-19,22994.2,19681.3,3313.0,58.18,14.41
2020-02-20,22994.2,19681.3,3313.0,58.18,14.41
2020-02-21,22994.2,19681.3,3313.0,58.18,14.41
2020-02-22,22994.2,19681.3,3313.0,58.18,14.41
2020-02-23,22994.2,19681.3,3313.0,58.18,14.41
2020-02-24,22994.2,19681.3,3313.0,58.18,14.41
2020-02-25,22994.2,19681.3,3313.0,58.18,14.41
2020-02-26,22994.2,19681.3,3313.0,58.18,14.41
2020-02-27,22994.2,19681.3,3313.0,58.18,14.41
2020-02-28,22994.2,19681.3,3313.0,58.18,14.41
2020-02-29,22994.2,19681.3,3313.0,58.18,14.41
2020-03-01,22994.2,19681.3,3313.0,58.18,14.41
2020-03-02,22994.2,19681.3,3313.0,58.18,14.41
2020-03-03,22994.2,19681.3,3313.0,58.18,14.41
2020-03-04,22994.2,19681.3,3313.0,58.18,14.41
2020-03-05,22994.2,19681.3,3313.0,58.18,14.41
2020-03-06,22994.2,19681.3,3313.0,58.18,14.41
2020-03-07,22994.2,19681.3,3313.0,58.18,14.41
2020-03-08,22994.2,19681.3,3313.0,58.18,14.41
2020-03-09,22994.2,19681.3,3313.0,58.18,14.41
2020-03-10,22994.2,19681.3,3313.0,58.18,14.41
2020-03-11,22994.2,19681.3,3313.0,58.18,14.41
2020-03-12,22994.2,19681.3,3313.0,58.18,14.41
2020-03-13,22994.2,19681.3,3313.0,58.18,14.41
2020-03-14,22994.2,19681.3,3313.0,58.18,14.41
2020-03-15,22994.2,19681.3,3313.0,58.18,14.41
2020-03-16,22994.2,19681.3,3313.0,58.18,14.41
2020-03-17,22994.2,19681.3,3313.0,58.18,14.41
2020-03-18,22994.2,19681.3,3313.0,58.18,14.41
2020-03-19,22994.2,19681.3,3313.0,58.18,14.41
2020-03-20,22994.2,19681.3,3313.0,58.18,14.41
2020-03-21,22994.2,19681.3,3313.0,58.18,14.41
2020-03-22,22994.2,19681.3,3313.0,58.18,14.41
2020-03-23,22994.2,19681.3,3313.0,58.18,14.41
2020-03-24,22994.2,19681.3,3313.0,58.18,14.41
2020-03-25,22994.2,19681.3,3313.0,58.18,14.41
2020-03-26,22994.2,19681.3,3313.0,58.18,14.41
2020-03-27,22994.2,19681.3,3313.0,58.18,14.41
2020-03-28,22994.2,19681.3,3313.0,58.18,14.41
2020-03-29,22994.2,19681.3,3313.0,58.18,14.41
2020-03-30,22994.2,19681.3,3313.0,58.18,14.41
2020-03-31,22994.2,19681.3,3313.0,58.18,14.41
2020-04-01,21975.2,18607.2,3368.0,55.54,15.33
2020-04-02,21975.2,18607.2,3368.0,55.54,15.33
2020-04-03,21975.2,18607.2,3368.0,55.54,15.33
2020-04-04,21975.2,18607.2,3368.0,55.54,15.33
2020-04-05,21975.2,18607.2,3368.0,55.54,15.33
2020-04-06,21975.2,18607.2,3368.0,55.54,15.33
2020-04-07,21975.2,18607.2,3368.0,55.54,15.33
2020-04-08,21975.2,18607.2,3368.0,55.54,15.33
2020-04-09,21975.2,18607.2,3368.0,55.54,15.33
2020-04-10,21975.2,18607.2,3368.0,55.54,15.33
2020-04-11,21975.2,18607.2,3368.0,55.54,15.33
2020-04-12,21975.2,18607.2,3368.0,55.54,15.33
2020-04-13,21975.2,18607.2,3368.0,55.54,15.33
2020-04-14,21975.2,18607.2,3368.0,55.54,15.33
2020-04-15,21975.2,18607.2,3368.0,55.54,15.33
2020-04-16,21975.2,18607.2,3368.0,55.54,15.33
2020-04-17,21975.2,18607.2,3368.0,55.54,15.33
2020-04-18,21975.2,18607.2,3368.0,55.54,15.33
2020-04-19,21975.2,18607.2,3368.0,55.54,15.33
2020-04-20,21975.2,18607.2,3368.0,55.54,15.33
2020-04-21,21975.2,18607.2,3368.0,55.54,15.33
2020-04-22,21975.2,18607.2,3368.0,55.54,15.33
2020-04-23,21975.2,18607.2,3368.0,55.54,15.33
2020-04-24,21975.2,18607.2,3368.0,55.54,15.33
2020-04-25,21975.2,18607.2,3368.0,55.54,15.33
2020-04-26,21975.2,18607.2,3368.0,55.54,15.33
2020-04-27,21975.2,18607.2,3368.0,55.54,15.33
2020-04-28,21975.2,18607.2,3368.0,55.54,15.33
2020-04-29,21975.2,18607.2,3368.0,55.54,15.33
2020-04-30,21975.2,18607.2,3368.0,55.54,15.33
2020-05-01,21975.2,18607.2,3368.0,55.54,15.33
2020-05-02,21975.2,18607.2,3368.0,55.54,15.33
2020-05-03,21975.2,18607.2,3368.0,55.54,15.33
2020-05-04,21975.2,18607.2,3368.0,55.54,15.33
2020-05-05,21975.2,18607.2,3368.0,55.54,15.33
2020-05-06,21975.2,18607.2,3368.0,55.54,15.33
2020-05-07,21975.2,18607.2,3368.0,55.54,15.33
2020-05-08,21975.2,18607.2,3368.0,55.54,15.33
2020-05-09,21975.2,18607.2,3368.0,55.54,15.33
2020-05-10,21975.2,18607.2,3368.0,55.54,15.33
2020-05-11,21975.2,18607.2,3368.0,55.54,15.33
2020-05-12,21975.2,18607.2,3368.0,55.54,15.33
2020-05-13,21975.2,18607.2,3368.0,55.54,15.33
2020-05-14,21975.2,18607.2,3368.0,55.54,15.33
2020-05-15,21975.2,18607.2,3368.0,55.54,15.33
2020-05-16,21975.2,18607.2,3368.0,55.54,15.33
2020-05-17,21975.2,18607.2,3368.0,55.54,15.33
2020-05-18,21975.2,18607.2,3368.0,55.54,15.33
2020-05-19,21975.2,18607.2,3368.0,55.54,15.33
2020-05-20,21975.2,18607.2,3368.0,55.54,15.33
2020-05-21,21975.2,18607.2,3368.0,55.54,15.33
2020-05-22,21975.2,18607.2,3368.0,55.54,15.33
2020-05-23,21975.2,18607.2,3368.0,55.54,15.33
2020-05-24,21975.2,18607.2,3368.0,55.54,15.33
2020-05-25,21975.2,18607.2,3368.0,55.54,15.33
2020-05-26,21975.2,18607.2,3368.0,55.54,15.33
2020-05-27,21975.2,18607.2,3368.0,55.54,15.33
2020-05-28,21975.2,18607.2,3368.0,55.54,15.33
2020-05-29,21975.2,18607.2,3368.0,55.54,15.33
2020-05-30,21975.2,18607.2,3368.0,55.54,15.33
2020-05-31,21975.2,18607.2,3368.0,55.54,15.33
2020-06-01,21975.2,18607.2,3368.0,55.54,15.33
2020-06-02,21975.2,18607.2,3368.0,55.54,15.33
2020-06-03,21975.2,18607.2,3368.0,55.54,15.33
2020-06-04,21975.2,18607.2,3368.0,55.54,15.33
2020-06-05,21975.2,18607.2,3368.0,55.54,15.33
2020-06-06,21975.2,18607.2,3368.0,55.54,15.33
2020-06-07,21975.2,18607.2,3368.0,55.54,15.33
2020-06-08,21975.2,18607.2,3368.0,55.54,15.33
2020-06-09,21975.2,18607.2,3368.0,55.54,15.33
2020-06-10,21975.2,18607.2,3368.0,55.54,15.33
2020-06-11,21975.2,18607.2,3368.0,55.54,15.33
2020-06-12,21975.2,18607.2,3368.0,55.54,15.33
2020-06-13,21975.2,18607.2,3368.0,55.54,15.33
2020-06-14,21975.2,18607.2,3368.0,55.54,15.33
2020-06-15,21975.2,18607.2,3368.0,55.54,15.33
2020-06-16,21975.2,18607.2,3368.0,55.54,15.33
2020-06-17,21975.2,18607.2,3368.0,55.54,15.33
2020-06-18,21975.2,18607.2,3368.0,55.54,15.33
2020-06-19,21975.2,18607.2,3368.0,55.54,15.33
2020-06-20,21975.2,18607.2,3368.0,55.54,15.33
2020-06-21,21975.2,18607.2,3368.0,55.54,15.33
2020-06-22,21975.2,18607.2,3368.0,55.54,15.33
2020-06-23,21975.2,18607.2,3368.0,55.54,15.33
2020-06-24,21975.2,18607.2,3368.0,55.54,15.33
2020-06-25,21975.2,18607.2,3368.0,55.54,15.33
2020-06-26,21975.2,18607.2,3368.0,55.54,15.33
2020-06-27,21975.2,18607.2,3368.0,55.54,15.33
2020-06-28,21975.2,18607.2,3368.0,55.54,15.33
2020-06-29,21975.2,18607.2,3368.0,55.54,15.33
2020-06-30,21975.2,18607.2,3368.0,55.54,15.33
2020-07-01,22899.8,19176.9,3722.9,57.83,16.26
2020-07-02,22899.8,19176.9,3722.9,57.83,16.26
2020-07-03,22899.8,19176.9,3722.9,57.83,16.26
2020-07-04,22899.8,19176.9,3722.9,57.83,16.26
2020-07-05,22899.8,19176.9,3722.9,57.83,16.26
2020-07-06,22899.8,19176.9,3722.9,57.83,16.26
2020-07-07,22899.8,19176.9,3722.9,57.83,16.26
2020-07-08,22899.8,19176.9,3722.9,57.83,16.26
2020-07-09,22899.8,19176.9,3722.9,57.83,16.26
2020-07-10,22899.8,19176.9,3722.9,57.83,16.26
2020-07-11,22899.8,19176.9,3722.9,57.83,16.26
2020-07-12,22899.8,19176.9,3722.9,57.83,16.26
2020-07-13,22899.8,19176.9,3722.9,57.83,16.26
2020-07-14,22899.8,19176.9,3722.9,57.83,16.26
2020-07-15,22899.8,19176.9,3722.9,57.83,16.26
2020-07-16,22899.8,19176.9,3722.9,57.83,16.26
2020-07-17,22899.8,19176.9,3722.9,57.83,16.26
2020-07-18,22899.8,19176.9,3722.9,57.83,16.26
2020-07-19,22899.8,19176.9,3722.9,57.83,16.26
2020-07-20,22899.8,19176.9,3722.9,57.83,16.26
2020-07-21,22899.8,19176.9,3722.9,57.83,16.26
2020-07-22,22899.8,19176.9,3722.9,57.83,16.26
2020-07-23,22899.8,19176.9,3722.9,57.83,16.26
2020-07-24,22899.8,19176.9,3722.9,57.83,16.26
2020-07-25,22899.8,19176.9,3722.9,57.83,16.26
2020-07-26,22899.8,19176.9,3722.9,57.83,16.26
2020-07-27,22899.8,19176.9,3722.9,57.83,16.26
2020-07-28,22899.8,19176.9,3722.9,57.83,16.26
2020-07-29,22899.8,19176.9,3722.9,57.83,16.26
2020-07-30,22899.8,19176.9,3722.9,57.83,16.26
2020-07-31,22899.8,19176.9,3722.9,57.83,16.26
2020-08-01,22899.8,19176.9,3722.9,57.83,16.26
2020-08-02,22899.8,19176.9,3722.9,57.83,16.26
2020-08-03,22899.8,19176.9,3722.9,57.83,16.26
2020-08-04,22899.8,19176.9,3722.9,57.83,16.26
2020-08-05,22899.8,19176.9,3722.9,57.83,16.26
2020-08-06,22899.8,19176.9,3722.9,57.83,16.26
2020-08-07,22899.8,19176.9,3722.9,57.83,16.26
2020-08-08,22899.8,19176.9,3722.9,57.83,16.26
2020-08-09,22899.8,19176.9,3722.9,57.83,16.26
2020-08-10,22899.8,19176.9,3722.9,57.83,16.26
2020-08-11,22899.8,19176.9,3722.9,57.83,16.26
2020-08-12,22899.8,19176.9,3722.9,57.83,16.26
2020-08-13,22899.8,19176.9,3722.9,57.83,16.26
2020-08-14,22899.8,19176.9,3722.9,57.83,16.26
2020-08-15,22899.8,19176.9,3722.9,57.83,16.26
2020-08-16,22899.8,19176.9,3722.9,57.83,16.26
2020-08-17,22899.8,19176.9,3722.9,57.83,16.26
2020-08-18,22899.8,19176.9,3722.9,57.83,16.26
2020-08-19,22899.8,19176.9,3722.9,57.83,16.26
2020-08-20,22899.8,19176.9,3722.9,57.83,16.26
2020-08-21,22899.8,19176.9,3722.9,57.83,16.26
2020-08-22,22899.8,19176.9,3722.9,57.83,16.26
2020-08-23,22899.8,19176.9,3722.9,57.83,16.26
2020-08-24,22899.8,19176.9,3722.9,57.83,16.26
2020-08-25,22899.8,19176.9,3722.9,57.83,16.26
2020-08-26,22899.8,19176.9,3722.9,57.83,16.26
2020-08-27,22899.8,19176.9,3722.9,57.83,16.26
2020-08-28,22899.8,19176.9,3722.9,57.83,16.26
2020-08-29,22899.8,19176.9,3722.9,57.83,16.26
2020-08-30,22899.8,19176.9,3722.9,57.83,16.26
2020-08-31,22899.8,19176.9,3722.9,57.83,16.26
2020-09-01,22899.8,19176.9,3722.9,57.83,16.26
2020-09-02,22899.8,19176.9,3722.9,57.83,16.26
2020-09-03,22899.8,19176.9,3722.9,57.83,16.26
2020-09-04,22899.8,19176.9,3722.9,57.83,16.26
2020-09-05,22899.8,19176.9,3722.9,57.83,16.26
2020-09-06,22899.8,19176.9,3722.9,57.83,16.26
2020-09-07,22899.8,19176.9,3722.9,57.83,16.26
2020-09-08,22899.8,19176.9,3722.9,57.83,16.26
2020-09-09,22899.8,19176.9,3722.9,57.83,16.26
2020-09-10,22899.8,19176.9,3722.9,57.83,16.26
2020-09-11,22899.8,19176.9,3722.9,57.83,16.26
2020-09-12,22899.8,19176.9,3722.9,57.83,16.26
2020-09-13,22899.8,19176.9,3722.9,57.83,16.26
2020-09-14,22899.8,19176.9,3722.9,57.83,16.26
2020-09-15,22899.8,19176.9,3722.9,57.83,16.26
2020-09-16,22899.8,19176.9,3722.9,57.83,16.26
2020-09-17,22899.8,19176.9,3722.9,57.83,16.26
2020-09-18,22899.8,19176.9,3722.9,57.83,16.26
2020-09-19,22899.8,19176.9,3722.9,57.83,16.26
2020-09-20,22899.8,19176.9,3722.9,57.83,16.26
2020-09-21,22899.8,19176.9,3722.9,57.83,16.26
2020-09-22,22899.8,19176.9,3722.9,57.83,16.26
2020-09-23,22899.8,19176.9,3722.9,57.83,16.26
2020-09-24,22899.8,19176.9,3722.9,57.83,16.26
2020-09-25,22899.8,19176.9,3722.9,57.83,16.26
2020-09-26,22899.8,19176.9,3722.9,57.83,16.26
2020-09-27,22899.8,19176.9,3722.9,57.83,16.26
2020-09-28,22899.8,19176.9,3722.9,57.83,16.26
2020-09-29,22899.8,19176.9,3722.9,57.83,16.26
2020-09-30,22899.8,19176.9,3722.9,57.83,16.26
2020-10-01,23064.1,19344.3,3719.8,58.19,16.13
2020-10-02,23064.1,19344.3,3719.8,58.19,16.13
2020-10-03,23064.1,19344.3,3719.8,58.19,16.13
2020-10-04,23064.1,19344.3,3719.8,58.19,16.13
2020-10-05,23064.1,19344.3,3719.8,58.19,16.13
2020-10-06,23064.1,19344.3,3719.8,58.19,16.13
2020-10-07,23064.1,19344.3,3719.8,58.19,16.13
2020-10-08,23064.1,19344.3,3719.8,58.19,16.13
2020-10-09,23064.1,19344.3,3719.8,58.19,16.13
2020-10-10,23064.1,19344.3,3719.8,58.19,16.13
2020-10-11,23064.1,19344.3,3719.8,58.19,16.13
2020-10-12,23064.1,19344.3,3719.8,58.19,16.13
2020-10-13,23064.1,19344.3,3719.8,58.19,16.13
2020-10-14,23064.1,19344.3,3719.8,58.19,16.13
2020-10-15,23064.1,19344.3,3719.8,58.19,16.13
2020-10-16,23064.1,19344.3,3719.8,58.19,16.13
2020-10-17,23064.1,19344.3,3719.8,58.19,16.13
2020-10-18,23064.1,19344.3,3719.8,58.19,16.13
2020-10-19,23064.1,19344.3,3719.8,58.19,16.13
2020-10-20,23064.1,19344.3,3719.8,58.19,16.13
2020-10-21,23064.1,19344.3,3719.8,58.19,16.13
2020-10-22,23064.1,19344.3,3719.8,58.19,16.13
2020-10-23,23064.1,19344.3,3719.8,58.19,16.13
2020-10-24,23064.1,19344.3,3719.8,58.19,16.13
2020-10-25,23064.1,19344.3,3719.8,58.19,16.13
2020-10-26,23064.1,19344.3,3719.8,58.19,16.13
2020-10-27,23064.1,19344.3,3719.8,58.19,16.13
2020-10-28,23064.1,19344.3,3719.8,58.19,16.13
2020-10-29,23064.1,19344.3,3719.8,58.19,16.13
2020-10-30,23064.1,19344.3,3719.8,58.19,16.13
2020-10-31,23064.1,19344.3,3719.8,58.19,16.13
2020-11-01,23064.1,19344.3,3719.8,58.19,16.13
2020-11-02,23064.1,19344.3,3719.8,58.19,16.13
2020-11-03,23064.1,19344.3,3719.8,58.19,16.13
2020-11-04,23064.1,19344.3,3719.8,58.19,16.13
2020-11-05,23064.1,19344.3,3719.8,58.19,16.13
2020-11-06,23064.1,19344.3,3719.8,58.19,16.13
2020-11-07,23064.1,19344.3,3719.8,58.19,16.13
2020-11-08,23064.1,19344.3,3719.8,58.19,16.13
2020-11-09,23064.1,19344.3,3719.8,58.19,16.13
2020-11-10,23064.1,19344.3,3719.8,58.19,16.13
2020-11-11,23064.1,19344.3,3719.8,58.19,16.13
2020-11-12,23064.1,19344.3,3719.8,58.19,16.13
2020-11-13,23064.1,19344.3,3719.8,58.19,16.13
2020-11-14,23064.1,19344.3,3719.8,58.19,16.13
2020-11-15,23064.1,19344.3,3719.8,58.19,16.13
2020-11-16,23064.1,19344.3,3719.8,58.19,16.13
2020-11-17,23064.1,19344.3,3719.8,58.19,16.13
2020-11-18,23064.1,19344.3,3719.8,58.19,16.13
2020-11-19,23064.1,19344.3,3719.8,58.19,16.13
2020-11-20,23064.1,19344.3,3719.8,58.19,16.13
2020-11-21,23064.1,19344.3,3719.8,58.19,16.13
2020-11-22,23064.1,19344.3,3719.8,58.19,16.13
2020-11-23,23064.1,19344.3,3719.8,58.19,16.13
2020-11-24,23064.1,19344.3,3719.8,58.19,16.13
2020-11-25,23064.1,19344.3,3719.8,58.19,16.13
2020-11-26,23064.1,19344.3,3719.8,58.19,16.13
2020-11-27,23064.1,19344.3,3719.8,58.19,16.13
2020-11-28,23064.1,19344.3,3719.8,58.19,16.13
2020-11-29,23064.1,19344.3,3719.8,58.19,16.13
2020-11-30,23064.1,19344.3,3719.8,58.19,16.13
2020-12-01,23064.1,19344.3,3719.8,58.19,16.13
2020-12-02,23064.1,19344.3,3719.8,58.19,16.13
2020-12-03,23064.1,19344.3,3719.8,58.19,16.13
2020-12-04,23064.1,19344.3,3719.8,58.19,16.13
2020-12-05,23064.1,19344.3,3719.8,58.19,16.13
2020-12-06,23064.1,19344.3,3719.8,58.19,16.13
2020-12-07,23064.1,19344.3,3719.8,58.19,16.13
2020-12-08,23064.1,19344.3,3719.8,58.19,16.13
2020-12-09,23064.1,19344.3,3719.8,58.19,16.13
2020-12-10,23064.1,19344.3,3719.8,58.19,16.13
2020-12-11,23064.1,19344.3,3719.8,58.19,16.13
2020-12-12,23064.1,19344.3,3719.8,58.19,16.13
2020-12-13,23064.1,19344.3,3719.8,58.19,16.13
2020-12-14,23064.1,19344.3,3719.8,58.19,16.13
2020-12-15,23064.1,19344.3,3719.8,58.19,16.13
2020-12-16,23064.1,19344.3,3719.8,58.19,16.13
2020-12-17,23064.1,19344.3,3719.8,58.19,16.13
2020-12-18,23064.1,19344.3,3719.8,58.19,16.13
2020-12-19,23064.1,19344.3,3719.8,58.19,16.13
2020-12-20,23064.1,19344.3,3719.8,58.19,16.13
2020-12-21,23064.1,19344.3,3719.8,58.19,16.13
2020-12-22,23064.1,19344.3,3719.8,58.19,16.13
2020-12-23,23064.1,19344.3,3719.8,58.19,16.13
2020-12-24,23064.1,19344.3,3719.8,58.19,16.13
2020-12-25,23064.1,19344.3,3719.8,58.19,16.13
2020-12-26,23064.1,19344.3,3719.8,58.19,16.13
2020-12-27,23064.1,19344.3,3719.8,58.19,16.13
2020-12-28,23064.1,19344.3,3719.8,58.19,16.13
2020-12-29,23064.1,19344.3,3719.8,58.19,16.13
2020-12-30,23064.1,19344.3,3719.8,58.19,16.13
2020-12-31,23064.1,19344.3,3719.8,58.19,16.13
2021-01-01,22860.7,19206.8,3653.9,57.69,15.98
2021-01-02,22860.7,19206.8,3653.9,57.69,15.98
2021-01-03,22860.7,19206.8,3653.9,57.69,15.98
2021-01-04,22860.7,19206.8,3653.9,57.69,15.98
2021-01-05,22860.7,19206.8,3653.9,57.69,15.98
2021-01-06,22860.7,19206.8,3653.9,57.69,15.98
2021-01-07,22860.7,19206.8,3653.9,57.69,15.98
2021-01-08,22860.7,19206.8,3653.9,57.69,15.98
2021-01-09,22860.7,19206.8,3653.9,57.69,15.98
2021-01-10,22860.7,19206.8,3653.9,57.69,15.98
2021-01-11,22860.7,19206.8,3653.9,57.69,15.98
2021-01-12,22860.7,19206.8,3653.9,57.69,15.98
2021-01-13,22860.7,19206.8,3653.9,57.69,15.98
2021-01-14,22860.7,19206.8,3653.9,57.69,15.98
2021-01-15,22860.7,19206.8,3653.9,57.69,15.98
2021-01-16,22860.7,19206.8,3653.9,57.69,15.98
2021-01-17,22860.7,19206.8,3653.9,57.69,15.98
2021-01-18,22860.7,19206.8,3653.9,57.69,15.98
2021-01-19,22860.7,19206.8,3653.9,57.69,15.98
2021-01-20,22860.7,19206.8,3653.9,57.69,15.98
2021-01-21,22860.7,19206.8,3653.9,57.69,15.98
2021-01-22,22860.7,19206.8,3653.9,57.69,15.98
2021-01-23,22860.7,19206.8,3653.9,57.69,15.98
2021-01-24,22860.7,19206.8,3653.9,57.69,15.98
2021-01-25,22860.7,19206.8,3653.9,57.69,15.98
2021-01-26,22860.7,19206.8,3653.9,57.69,15.98
2021-01-27,22860.7,19206.8,3653.9,57.69,15.98
2021-01-28,22860.7,19206.8,3653.9,57.69,15.98
2021-01-29,22860.7,19206.8,3653.9,57.69,15.98
2021-01-30,22860.7,19206.8,3653.9,57.69,15.98
2021-01-31,22860.7,19206.8,3653.9,57.69,15.98
2021-02-01,22860.7,19206.8,3653.9,57.69,15.98
2021-02-02,22860.7,19206.8,3653.9,57.69,15.98
2021-02-03,22860.7,19206.8,3653.9,57.69,15.98
2021-02-04,22860.7,19206.8,3653.9,57.69,15.98
2021-02-05,22860.7,19206.8,3653.9,57.69,15.98
2021-02-06,22860.7,19206.8,3653.9,57.69,15.98
2021-02-07,22860.7,19206.8,3653.9,57.69,15.98
2021-02-08,22860.7,19206.8,3653.9,57.69,15.98
2021-02-09,22860.7,19206.8,3653.9,57.69,15.98
2021-02-10,22860.7,19206.8,3653.9,57.69,15.98
2021-02-11,22860.7,19206.8,3653.9,57.69,15.98
2021-02-12,22860.7,19206.8,3653.9,57.69,15.98
2021-02-13,22860.7,19206.8,3653.9,57.69,15.98
2021-02-14,22860.7,19206.8,3653.9,57.69,15.98
2021-02-15,22860.7,19206.8,3653.9,57.69,15.98
2021-02-16,22860.7,19206.8,3653.9,57.69,15.98
2021-02-17,22860.7,19206.8,3653.9,57.69,15.98
2021-02-18,22860.7,19206.8,3653.9,57.69,15.98
2021-02-19,22860.7,19206.8,3653.9,57.69,15.98
2021-02-20,22860.7,19206.8,3653.9,57.69,15.98
2021-02-21,22860.7,19206.8,3653.9,57.69,15.98
2021-02-22,22860.7,19206.8,3653.9,57.69,15.98
2021-02-23,22860.7,19206.8,3653.9,57.69,15.98
2021-02-24,22860.7,19206.8,3653.9,57.69,15.98
2021-02-25,22860.7,19206.8,3653.9,57.69,15.98
2021-02-26,22860.7,19206.8,3653.9,57.69,15.98
2021-02-27,22860.7,19206.8,3653.9,57.69,15.98
2021-02-28,22860.7,19206.8,3653.9,57.69,15.98
2021-03-01,22860.7,19206.8,3653.9,57.69,15.98
2021-03-02,22860.7,19206.8,3653.9,57.69,15.98
2021-03-03,22860.7,19206.8,3653.9,57.69,15.98
2021-03-04,22860.7,19206.8,3653.9,57.69,15.98
2021-03-05,22860.7,19206.8,3653.9,57.69,15.98
2021-03-06,22860.7,19206.8,3653.9,57.69,15.98
2021-03-07,22860.7,19206.8,3653.9,57.69,15.98
2021-03-08,22860.7,19206.8,3653.9,57.69,15.98
2021-03-09,22860.7,19206.8,3653.9,57.69,15.98
2021-03-10,22860.7,19206.8,3653.9,57.69,15.98
2021-03-11,22860.7,19206.8,3653.9,57.69,15.98
2021-03-12,22860.7,19206.8,3653.9,57.69,15.98
2021-03-13,22860.7,19206.8,3653.9,57.69,15.98
2021-03-14,22860.7,19206.8,3653.9,57.69,15.98
2021-03-15,22860.7,19206.8,3653.9,57.69,15.98
2021-03-16,22860.7,19206.8,3653.9,57.69,15.98
2021-03-17,22860.7,19206.8,3653.9,57.69,15.98
2021-03-18,22860.7,19206.8,3653.9,57.69,15.98
2021-03-19,22860.7,19206.8,3653.9,57.69,15.98
2021-03-20,22860.7,19206.8,3653.9,57.69,15.98
2021-03-21,22860.7,19206.8,3653.9,57.69,15.98
2021-03-22,22860.7,19206.8,3653.9,57.69,15.98
2021-03-23,22860.7,19206.8,3653.9,57.69,15.98
2021-03-24,22860.7,19206.8,3653.9,57.69,15.98
2021-03-25,22860.7,19206.8,3653.9,57.69,15.98
2021-03-26,22860.7,19206.8,3653.9,57.69,15.98
2021-03-27,22860.7,19206.8,3653.9,57.69,15.98
2021-03-28,22860.7,19206.8,3653.9,57.69,15.98
2021-03-29,22860.7,19206.8,3653.9,57.69,15.98
2021-03-30,22860.7,19206.8,3653.9,57.69,15.98
2021-03-31,22860.7,19206.8,3653.9,57.69,15.98
2021-04-01,23215.5,19671.7,3543.8,58.58,15.26
2021-04-02,23215.5,19671.7,3543.8,58.58,15.26
2021-04-03,23215.5,19671.7,3543.8,58.58,15.26
2021-04-04,23215.5,19671.7,3543.8,58.58,15.26
2021-04-05,23215.5,19671.7,3543.8,58.58,15.26
2021-04-06,23215.5,19671.7,3543.8,58.58,15.26
2021-04-07,23215.5,19671.7,3543.8,58.58,15.26
2021-04-08,23215.5,19671.7,3543.8,58.58,15.26
2021-04-09,23215.5,19671.7,3543.8,58.58,15.26
2021-04-10,23215.5,19671.7,3543.8,58.58,15.26
2021-04-11,23215.5,19671.7,3543.8,58.58,15.26
2021-04-12,23215.5,19671.7,3543.8,58.58,15.26
2021-04-13,23215.5,19671.7,3543.8,58.58,15.26
2021-04-14,23215.5,19671.7,3543.8,58.58,15.26
2021-04-15,23215.5,19671.7,3543.8,58.58,15.26
2021-04-16,23215.5,19671.7,3543.8,58.58,15.26
2021-04-17,23215.5,19671.7,3543.8,58.58,15.26
2021-04-18,23215.5,19671.7,3543.8,58.58,15.26
2021-04-19,23215.5,19671.7,3543.8,58.58,15.26
2021-04-20,23215.5,19671.7,3543.8,58.58,15.26
2021-04-21,23215.5,19671.7,3543.8,58.58,15.26
2021-04-22,23215.5,19671.7,3543.8,58.58,15.26
2021-04-23,23215.5,19671.7,3543.8,58.58,15.26
2021-04-24,23215.5,19671.7,3543.8,58.58,15.26
2021-04-25,23215.5,19671.7,3543.8,58.58,15.26
2021-04-26,23215.5,19671.7,3543.8,58.58,15.26
2021-04-27,23215.5,19671.7,3543.8,58.58,15.26
2021-04-28,23215.5,19671.7,3543.8,58.58,15.26
2021-04-29,23215.5,19671.7,3543.8,58.58,15.26
2021-04-30,23215.5,19671.7,3543.8,58.58,15.26
2021-05-01,23215.5,19671.7,3543.8,58.58,15.26
2021-05-02,23215.5,19671.7,3543.8,58.58,15.26
2021-05-03,23215.5,19671.7,3543.8,58.58,15.26
2021-05-04,23215.5,19671.7,3543.8,58.58,15.26
2021-05-05,23215.5,19671.7,3543.8,58.58,15.26
2021-05-06,23215.5,19671.7,3543.8,58.58,15.26
2021-05-07,23215.5,19671.7,3543.8,58.58,15.26
2021-05-08,23215.5,19671.7,3543.8,58.58,15.26
2021-05-09,23215.5,19671.7,3543.8,58.58,15.26
2021-05-10,23215.5,19671.7,3543.8,58.58,15.26
2021-05-11,23215.5,19671.7,3543.8,58.58,15.26
2021-05-12,23215.5,19671.7,3543.8,58.58,15.26
2021-05-13,23215.5,19671.7,3543.8,58.58,15.26
2021-05-14,23215.5,19671.7,3543.8,58.58,15.26
2021-05-15,23215.5,19671.7,3543.8,58.58,15.26
2021-05-16,23215.5,19671.7,3543.8,58.58,15.26
2021-05-17,23215.5,19671.7,3543.8,58.58,15.26
2021-05-18,23215.5,19671.7,3543.8,58.58,15.26
2021-05-19,23215.5,19671.7,3543.8,58.58,15.26
2021-05-20,23215.5,19671.7,3543.8,58.58,15.26
2021-05-21,23215.5,19671.7,3543.8,58.58,15.26
2021-05-22,23215.5,19671.7,3543.8,58.58,15.26
2021-05-23,23215.5,19671.7,3543.8,58.58,15.26
2021-05-24,23215.5,19671.7,3543.8,58.58,15.26
2021-05-25,23215.5,19671.7,3543.8,58.58,15.26
2021-05-26,23215.5,19671.7,3543.8,58.58,15.26
2021-05-27,23215.5,19671.7,3543.8,58.58,15.26
2021-05-28,23215.5,19671.7,3543.8,58.58,15.26
2021-05-29,23215.5,19671.7,3543.8,58.58,15.26
2021-05-30,23215.5,19671.7,3543.8,58.58,15.26
2021-05-31,23215.5,19671.7,3543.8,58.58,15.26
2021-06-01,23215.5,19671.7,3543.8,58.58,15.26
2021-06-02,23215.5,19671.7,3543.8,58.58,15.26
2021-06-03,23215.5,19671.7,3543.8,58.58,15.26
2021-06-04,23215.5,19671.7,3543.8,58.58,15.26
2021-06-05,23215.5,19671.7,3543.8,58.58,15.26
2021-06-06,23215.5,19671.7,3543.8,58.58,15.26
2021-06-07,23215.5,19671.7,3543.8,58.58,15.26
2021-06-08,23215.5,19671.7,3543.8,58.58,15.26
2021-06-09,23215.5,19671.7,3543.8,58.58,15.26
2021-06-10,23215.5,19671.7,3543.8,58.58,15.26
2021-06-11,23215.5,19671.7,3543.8,58.58,15.26
2021-06-12,23215.5,19671.7,3543.8,58.58,15.26
2021-06-13,23215.5,19671.7,3543.8,58.58,15.26
2021-06-14,23215.5,19671.7,3543.8,58.58,15.26
2021-06-15,23215.5,19671.7,3543.8,58.58,15.26
2021-06-16,23215.5,19671.7,3543.8,58.58,15.26
2021-06-17,23215.5,19671.7,3543.8,58.58,15.26
2021-06-18,23215.5,19671.7,3543.8,58.58,15.26
2021-06-19,23215.5,19671.7,3543.8,58.58,15.26
2021-06-20,23215.5,19671.7,3543.8,58.58,15.26
2021-06-21,23215.5,19671.7,3543.8,58.58,15.26
2021-06-22,23215.5,19671.7,3543.8,58.58,15.26
2021-06-23,23215.5,19671.7,3543.8,58.58,15.26
2021-06-24,23215.5,19671.7,3543.8,58.58,15.26
2021-06-25,23215.5,19671.7,3543.8,58.58,15.26
2021-06-26,23215.5,19671.7,3543.8,58.58,15.26
2021-06-27,23215.5,19671.7,3543.8,58.58,15.26
2021-06-28,23215.5,19671.7,3543.8,58.58,15.26
2021-06-29,23215.5,19671.7,3543.8,58.58,15.26
2021-06-30,23215.5,19671.7,3543.8,58.58,15.26
2021-07-01,23447.7,20031.0,3416.7,59.14,14.57
2021-07-02,23447.7,20031.0,3416.7,59.14,14.57
2021-07-03,23447.7,20031.0,3416.7,59.14,14.57
2021-07-04,23447.7,20031.0,3416.7,59.14,14.57
2021-07-05,23447.7,20031.0,3416.7,59.14,14.57
2021-07-06,23447.7,20031.0,3416.7,59.14,14.57
2021-07-07,23447.7,20031.0,3416.7,59.14,14.57
2021-07-08,23447.7,20031.0,3416.7,59.14,14.57
2021-07-09,23447.7,20031.0,3416.7,59.14,14.57
2021-07-10,23447.7,20031.0,3416.7,59.14,14.57
2021-07-11,23447.7,20031.0,3416.7,59.14,14.57
2021-07-12,23447.7,20031.0,3416.7,59.14,14.57
2021-07-13,23447.7,20031.0,3416.7,59.14,14.57
2021-07-14,23447.7,20031.0,3416.7,59.14,14.57
2021-07-15,23447.7,20031.0,3416.7,59.14,14.57
2021-07-16,23447.7,20031.0,3416.7,59.14,14.57
2021-07-17,23447.7,20031.0,3416.7,59.14,14.57
2021-07-18,23447.7,20031.0,3416.7,59.14,14.57
2021-07-19,23447.7,20031.0,3416.7,59.14,14.57
2021-07-20,23447.7,20031.0,3416.7,59.14,14.57
2021-07-21,23447.7,20031.0,3416.7,59.14,14.57
2021-07-22,23447.7,20031.0,3416.7,59.14,14.57
2021-07-23,23447.7,20031.0,3416.7,59.14,14.57
2021-07-24,23447.7,20031.0,3416.7,59.14,14.57
2021-07-25,23447.7,20031.0,3416.7,59.14,14.57
2021-07-26,23447.7,20031.0,3416.7,59.14,14.57
2021-07-27,23447.7,20031.0,3416.7,59.14,14.57
2021-07-28,23447.7,20031.0,3416.7,59.14,14.57
2021-07-29,23447.7,20031.0,3416.7,59.14,14.57
2021-07-30,23447.7,20031.0,3416.7,59.14,14.57
2021-07-31,23447.7,20031.0,3416.7,59.14,14.57
2021-08-01,23447.7,20031.0,3416.7,59.14,14.57
2021-08-02,23447.7,20031.0,3416.7,59.14,14.57
2021-08-03,23447.7,20031.0,3416.7,59.14,14.57
2021-08-04,23447.7,20031.0,3416.7,59.14,14.57
2021-08-05,23447.7,20031.0,3416.7,59.14,14.57
2021-08-06,23447.7,20031.0,3416.7,59.14,14.57
2021-08-07,23447.7,20031.0,3416.7,59.14,14.57
2021-08-08,23447.7,20031.0,3416.7,59.14,14.57
2021-08-09,23447.7,20031.0,3416.7,59.14,14.57
2021-08-10,23447.7,20031.0,3416.7,59.14,14.57
2021-08-11,23447.7,20031.0,3416.7,59.14,14.57
2021-08-12,23447.7,20031.0,3416.7,59.14,14.57
2021-08-13,23447.7,20031.0,3416.7,59.14,14.57
2021-08-14,23447.7,20031.0,3416.7,59.14,14.57
2021-08-15,23447.7,20031.0,3416.7,59.14,14.57
2021-08-16,23447.7,20031.0,3416.7,59.14,14.57
2021-08-17,23447.7,20031.0,3416.7,59.14,14.57
2021-08-18,23447.7,20031.0,3416.7,59.14,14.57
2021-08-19,23447.7,20031.0,3416.7,59.14,14.57
2021-08-20,23447.7,20031.0,3416.7,59.14,14.57
2021-08-21,23447.7,20031.0,3416.7,59.14,14.57
2021-08-22,23447.7,20031.0,3416.7,59.14,14.57
2021-08-23,23447.7,20031.0,3416.7,59.14,14.57
2021-08-24,23447.7,20031.0,3416.7,59.14,14.57
2021-08-25,23447.7,20031.0,3416.7,59.14,14.57
2021-08-26,23447.7,20031.0,3416.7,59.14,14.57
2021-08-27,23447.7,20031.0,3416.7,59.14,14.57
2021-08-28,23447.7,20031.0,3416.7,59.14,14.57
2021-08-29,23447.7,20031.0,3416.7,59.14,14.57
2021-08-30,23447.7,20031.0,3416.7,59.14,14.57
2021-08-31,23447.7,20031.0,3416.7,59.14,14.57
2021-09-01,23447.7,20031.0,3416.7,59.14,14.57
2021-09-02,23447.7,20031.0,3416.7,59.14,14.57
2021-09-03,23447.7,20031.0,3416.7,59.14,14.57
2021-09-04,23447.7,20031.0,3416.7,59.14,14.57
2021-09-05,23447.7,20031.0,3416.7,59.14,14.57
2021-09-06,23447.7,20031.0,3416.7,59.14,14.57
2021-09-07,23447.7,20031.0,3416.7,59.14,14.57
2021-09-08,23447.7,20031.0,3416.7,59.14,14.57
2021-09-09,23447.7,20031.0,3416.7,59.14,14.57
2021-09-10,23447.7,20031.0,3416.7,59.14,14.57
2021-09-11,23447.7,20031.0,3416.7,59.14,14.57
2021-09-12,23447.7,20031.0,3416.7,59.14,14.57
2021-09-13,23447.7,20031.0,3416.7,59.14,14.57
2021-09-14,23447.7,20031.0,3416.7,59.14,14.57
2021-09-15,23447.7,20031.0,3416.7,59.14,14.57
2021-09-16,23447.7,20031.0,3416.7,59.14,14.57
2021-09-17,23447.7,20031.0,3416.7,59.14,14.57
2021-09-18,23447.7,20031.0,3416.7,59.14,14.57
2021-09-19,23447.7,20031.0,3416.7,59.14,14.57
2021-09-20,23447.7,20031.0,3416.7,59.14,14.57
2021-09-21,23447.7,20031.0,3416.7,59.14,14.57
2021-09-22,23447.7,20031.0,3416.7,59.14,14.57
2021-09-23,23447.7,20031.0,3416.7,59.14,14.57
2021-09-24,23447.7,20031.0,3416.7,59.14,14.57
2021-09-25,23447.7,20031.0,3416.7,59.14,14.57
2021-09-26,23447.7,20031.0,3416.7,59.14,14.57
2021-09-27,23447.7,20031.0,3416.7,59.14,14.57
2021-09-28,23447.7,20031.0,3416.7,59.14,14.57
2021-09-29,23447.7,20031.0,3416.7,59.14,14.57
2021-09-30,23447.7,20031.0,3416.7,59.14,14.57
2021-10-01,23288.8,20184.9,3103.8,58.65,13.33
2021-10-02,23288.8,20184.9,3103.8,58.65,13.33
2021-10-03,23288.8,20184.9,3103.8,58.65,13.33
2021-10-04,23288.8,20184.9,3103.8,58.65,13.33
2021-10-05,23288.8,20184.9,3103.8,58.65,13.33
2021-10-06,23288.8,20184.9,3103.8,58.65,13.33
2021-10-07,23288.8,20184.9,3103.8,58.65,13.33
2021-10-08,23288.8,20184.9,3103.8,58.65,13.33
2021-10-09,23288.8,20184.9,3103.8,58.65,13.33
2021-10-10,23288.8,20184.9,3103.8,58.65,13.33
2021-10-11,23288.8,20184.9,3103.8,58.65,13.33
2021-10-12,23288.8,20184.9,3103.8,58.65,13.33
2021-10-13,23288.8,20184.9,3103.8,58.65,13.33
2021-10-14,23288.8,20184.9,3103.8,58.65,13.33
2021-10-15,23288.8,20184.9,3103.8,58.65,13.33
2021-10-16,23288.8,20184.9,3103.8,58.65,13.33
2021-10-17,23288.8,20184.9,3103.8,58.65,13.33
2021-10-18,23288.8,20184.9,3103.8,58.65,13.33
2021-10-19,23288.8,20184.9,3103.8,58.65,13.33
2021-10-20,23288.8,20184.9,3103.8,58.65,13.33
2021-10-21,23288.8,20184.9,3103.8,58.65,13.33
2021-10-22,23288.8,20184.9,3103.8,58.65,13.33
2021-10-23,23288.8,20184.9,3103.8,58.65,13.33
2021-10-24,23288.8,20184.9,3103.8,58.65,13.33
2021-10-25,23288.8,20184.9,3103.8,58.65,13.33
2021-10-26,23288.8,20184.9,3103.8,58.65,13.33
2021-10-27,23288.8,20184.9,3103.8,58.65,13.33
2021-10-28,23288.8,20184.9,3103.8,58.65,13.33
2021-10-29,23288.8,20184.9,3103.8,58.65,13.33
2021-10-30,23288.8,20184.9,3103.8,58.65,13.33
2021-10-31,23288.8,20184.9,3103.8,58.65,13.33
2021-11-01,23288.8,20184.9,3103.8,58.65,13.33
2021-11-02,23288.8,20184.9,3103.8,58.65,13.33
2021-11-03,23288.8,20184.9,3103.8,58.65,13.33
2021-11-04,23288.8,20184.9,3103.8,58.65,13.33
2021-11-05,23288.8,20184.9,3103.8,58.65,13.33
2021-11-06,23288.8,20184.9,3103.8,58.65,13.33
2021-11-07,23288.8,20184.9,3103.8,58.65,13.33
2021-11-08,23288.8,20184.9,3103.8,58.65,13.33
2021-11-09,23288.8,20184.9,3103.8,58.65,13.33
2021-11-10,23288.8,20184.9,3103.8,58.65,13.33
2021-11-11,23288.8,20184.9,3103.8,58.65,13.33
2021-11-12,23288.8,20184.9,3103.8,58.65,13.33
2021-11-13,23288.8,20184.9,3103.8,58.65,13.33
2021-11-14,23288.8,20184.9,3103.8,58.65,13.33
2021-11-15,23288.8,20184.9,3103.8,58.65,13.33
2021-11-16,23288.8,20184.9,3103.8,58.65,13.33
2021-11-17,23288.8,20184.9,3103.8,58.65,13.33
2021-11-18,23288.8,20184.9,3103.8,58.65,13.33
2021-11-19,23288.8,20184.9,3103.8,58.65,13.33
2021-11-20,23288.8,20184.9,3103.8,58.65,13.33
2021-11-21,23288.8,20184.9,3103.8,58.65,13.33
2021-11-22,23288.8,20184.9,3103.8,58.65,13.33
2021-11-23,23288.8,20184.9,3103.8,58.65,13.33
2021-11-24,23288.8,20184.9,3103.8,58.65,13.33
2021-11-25,23288.8,20184.9,3103.8,58.65,13.33
2021-11-26,23288.8,20184.9,3103.8,58.65,13.33
2021-11-27,23288.8,20184.9,3103.8,58.65,13.33
2021-11-28,23288.8,20184.9,3103.8,58.65,13.33
2021-11-29,23288.8,20184.9,3103.8,58.65,13.33
2021-11-30,23288.8,20184.9,3103.8,58.65,13.33
2021-12-01,23288.8,20184.9,3103.8,58.65,13.33
2021-12-02,23288.8,20184.9,3103.8,58.65,13.33
2021-12-03,23288.8,20184.9,3103.8,58.65,13.33
2021-12-04,23288.8,20184.9,3103.8,58.65,13.33
2021-12-05,23288.8,20184.9,3103.8,58.65,13.33
2021-12-06,23288.8,20184.9,3103.8,58.65,13.33
2021-12-07,23288.8,20184.9,3103.8,58.65,13.33
2021-12-08,23288.8,20184.9,3103.8,58.65,13.33
2021-12-09,23288.8,20184.9,3103.8,58.65,13.33
2021-12-10,23288.8,20184.9,3103.8,58.65,13.33
2021-12-11,23288.8,20184.9,3103.8,58.65,13.33
2021-12-12,23288.8,20184.9,3103.8,58.65,13.33
2021-12-13,23288.8,20184.9,3103.8,58.65,13.33
2021-12-14,23288.8,20184.9,3103.8,58.65,13.33
2021-12-15,23288.8,20184.9,3103.8,58.65,13.33
2021-12-16,23288.8,20184.9,3103.8,58.65,13.33
2021-12-17,23288.8,20184.9,3103.8,58.65,13.33
2021-12-18,23288.8,20184.9,3103.8,58.65,13.33
2021-12-19,23288.8,20184.9,3103.8,58.65,13.33
2021-12-20,23288.8,20184.9,3103.8,58.65,13.33
2021-12-21,23288.8,20184.9,3103.8,58.65,13.33
2021-12-22,23288.8,20184.9,3103.8,58.65,13.33
2021-12-23,23288.8,20184.9,3103.8,58.65,13.33
2021-12-24,23288.8,20184.9,3103.8,58.65,13.33
2021-12-25,23288.8,20184.9,3103.8,58.65,13.33
2021-12-26,23288.8,20184.9,3103.8,58.65,13.33
2021-12-27,23288.8,20184.9,3103.8,58.65,13.33
2021-12-28,23288.8,20184.9,3103.8,58.65,13.33
2021-12-29,23288.8,20184.9,3103.8,58.65,13.33
2021-12-30,23288.8,20184.9,3103.8,58.65,13.33
2021-12-31,23288.8,20184.9,3103.8,58.65,13.33
2022-01-01,23259.4,20084.7,3174.7,58.5,13.65
2022-01-02,23259.4,20084.7,3174.7,58.5,13.65
2022-01-03,23259.4,20084.7,3174.7,58.5,13.65
2022-01-04,23259.4,20084.7,3174.7,58.5,13.65
2022-01-05,23259.4,20084.7,3174.7,58.5,13.65
2022-01-06,23259.4,20084.7,3174.7,58.5,13.65
2022-01-07,23259.4,20084.7,3174.7,58.5,13.65
2022-01-08,23259.4,20084.7,3174.7,58.5,13.65
2022-01-09,23259.4,20084.7,3174.7,58.5,13.65
2022-01-10,23259.4,20084.7,3174.7,58.5,13.65
2022-01-11,23259.4,20084.7,3174.7,58.5,13.65
2022-01-12,23259.4,20084.7,3174.7,58.5,13.65
2022-01-13,23259.4,20084.7,3174.7,58.5,13.65
2022-01-14,23259.4,20084.7,3174.7,58.5,13.65
2022-01-15,23259.4,20084.7,3174.7,58.5,13.65
2022-01-16,23259.4,20084.7,3174.7,58.5,13.65
2022-01-17,23259.4,20084.7,3174.7,58.5,13.65
2022-01-18,23259.4,20084.7,3174.7,58.5,13.65
2022-01-19,23259.4,20084.7,3174.7,58.5,13.65
2022-01-20,23259.4,20084.7,3174.7,58.5,13.65
2022-01-21,23259.4,20084.7,3174.7,58.5,13.65
2022-01-22,23259.4,20084.7,3174.7,58.5,13.65
2022-01-23,23259.4,20084.7,3174.7,58.5,13.65
2022-01-24,23259.4,20084.7,3174.7,58.5,13.65
2022-01-25,23259.4,20084.7,3174.7,58.5,13.65
2022-01-26,23259.4,20084.7,3174.7,58.5,13.65
2022-01-27,23259.4,20084.7,3174.7,58.5,13.65
2022-01-28,23259.4,20084.7,3174.7,58.5,13.65
2022-01-29,23259.4,20084.7,3174.7,58.5,13.65
2022-01-30,23259.4,20084.7,3174.7,58.5,13.65
2022-01-31,23259.4,20084.7,3174.7,58.5,13.65
2022-02-01,23259.4,20084.7,3174.7,58.5,13.65
2022-02-02,23259.4,20084.7,3174.7,58.5,13.65
2022-02-03,23259.4,20084.7,3174.7,58.5,13.65
2022-02-04,23259.4,20084.7,3174.7,58.5,13.65
2022-02-05,23259.4,20084.7,3174.7,58.5,13.65
2022-02-06,23259.4,20084.7,3174.7,58.5,13.65
2022-02-07,23259.4,20084.7,3174.7,58.5,13.65
2022-02-08,23259.4,20084.7,3174.7,58.5,13.65
2022-02-09,23259.4,20084.7,3174.7,58.5,13.65
2022-02-10,23259.4,20084.7,3174.7,58.5,13.65
2022-02-11,23259.4,20084.7,3174.7,58.5,13.65
2022-02-12,23259.4,20084.7,3174.7,58.5,13.65
2022-02-13,23259.4,20084.7,3174.7,58.5,13.65
2022-02-14,23259.4,20084.7,3174.7,58.5,13.65
2022-02-15,23259.4,20084.7,3174.7,58.5,13.65
2022-02-16,23259.4,20084.7,3174.7,58.5,13.65
2022-02-17,23259.4,20084.7,3174.7,58.5,13.65
2022-02-18,23259.4,20084.7,3174.7,58.5,13.65
2022-02-19,23259.4,20084.7,3174.7,58.5,13.65
2022-02-20,23259.4,20084.7,3174.7,58.5,13.65
2022-02-21,23259.4,20084.7,3174.7,58.5,13.65
2022-02-22,23259.4,20084.7,3174.7,58.5,13.65
2022-02-23,23259.4,20084.7,3174.7,58.5,13.65
2022-02-24,23259.4,20084.7,3174.7,58.5,13.65
2022-02-25,23259.4,20084.7,3174.7,58.5,13.65
2022-02-26,23259.4,20084.7,3174.7,58.5,13.65
2022-02-27,23259.4,20084.7,3174.7,58.5,13.65
2022-02-28,23259.4,20084.7,3174.7,58.5,13.65
2022-03-01,23259.4,20084.7,3174.7,58.5,13.65
2022-03-02,23259.4,20084.7,3174.7,58.5,13.65
2022-03-03,23259.4,20084.7,3174.7,58.5,13.65
2022-03-04,23259.4,20084.7,3174.7,58.5,13.65
2022-03-05,23259.4,20084.7,3174.7,58.5,13.65
2022-03-06,23259.4,20084.7,3174.7,58.5,13.65
2022-03-07,23259.4,20084.7,3174.7,58.5,13.65
2022-03-08,23259.4,20084.7,3174.7,58.5,13.65
2022-03-09,23259.4,20084.7,3174.7,58.5,13.65
2022-03-10,23259.4,20084.7,3174.7,58.5,13.65
2022-03-11,23259.4,20084.7,3174.7,58.5,13.65
2022-03-12,23259.4,20084.7,3174.7,58.5,13.65
2022-03-13,23259.4,20084.7,3174.7,58.5,13.65
2022-03-14,23259.4,20084.7,3174.7,58.5,13.65
2022-03-15,23259.4,20084.7,3174.7,58.5,13.65
2022-03-16,23259.4,20084.7,3174.7,58.5,13.65
2022-03-17,23259.4,20084.7,3174.7,58.5,13.65
2022-03-18,23259.4,20084.7,3174.7,58.5,13.65
2022-03-19,23259.4,20084.7,3174.7,58.5,13.65
2022-03-20,23259.4,20084.7,3174.7,58.5,13.65
2022-03-21,23259.4,20084.7,3174.7,58.5,13.65
2022-03-22,23259.4,20084.7,3174.7,58.5,13.65
2022-03-23,23259.4,20084.7,3174.7,58.5,13.65
2022-03-24,23259.4,20084.7,3174.7,58.5,13.65
2022-03-25,23259.4,20084.7,3174.7,58.5,13.65
2022-03-26,23259.4,20084.7,3174.7,58.5,13.65
2022-03-27,23259.4,20084.7,3174.7,58.5,13.65
2022-03-28,23259.4,20084.7,3174.7,58.5,13.65
2022-03-29,23259.4,20084.7,3174.7,58.5,13.65
2022-03-30,23259.4,20084.7,3174.7,58.5,13.65
2022-03-31,23259.4,20084.7,3174.7,58.5,13.65
2022-04-01,23387.4,20468.0,2919.4,58.71,12.48
2022-04-02,23387.4,20468.0,2919.4,58.71,12.48
2022-04-03,23387.4,20468.0,2919.4,58.71,12.48
2022-04-04,23387.4,20468.0,2919.4,58.71,12.48
2022-04-05,23387.4,20468.0,2919.4,58.71,12.48
2022-04-06,23387.4,20468.0,2919.4,58.71,12.48
2022-04-07,23387.4,20468.0,2919.4,58.71,12.48
2022-04-08,23387.4,20468.0,2919.4,58.71,12.48
2022-04-09,23387.4,20468.0,2919.4,58.71,12.48
2022-04-10,23387.4,20468.0,2919.4,58.71,12.48
2022-04-11,23387.4,20468.0,2919.4,58.71,12.48
2022-04-12,23387.4,20468.0,2919.4,58.71,12.48
2022-04-13,23387.4,20468.0,2919.4,58.71,12.48
2022-04-14,23387.4,20468.0,2919.4,58.71,12.48
2022-04-15,23387.4,20468.0,2919.4,58.71,12.48
2022-04-16,23387.4,20468.0,2919.4,58.71,12.48
2022-04-17,23387.4,20468.0,2919.4,58.71,12.48
2022-04-18,23387.4,20468.0,2919.4,58.71,12.48
2022-04-19,23387.4,20468.0,2919.4,58.71,12.48
2022-04-20,23387.4,20468.0,2919.4,58.71,12.48
2022-04-21,23387.4,20468.0,2919.4,58.71,12.48
2022-04-22,23387.4,20468.0,2919.4,58.71,12.48
2022-04-23,23387.4,20468.0,2919.4,58.71,12.48
2022-04-24,23387.4,20468.0,2919.4,58.71,12.48
2022-04-25,23387.4,20468.0,2919.4,58.71,12.48
2022-04-26,23387.4,20468.0,2919.4,58.71,12.48
2022-04-27,23387.4,20468.0,2919.4,58.71,12.48
2022-04-28,23387.4,20468.0,2919.4,58.71,12.48
2022-04-29,23387.4,20468.0,2919.4,58.71,12.48
2022-04-30,23387.4,20468.0,2919.4,58.71,12.48
2022-05-01,23387.4,20468.0,2919.4,58.71,12.48
2022-05-02,23387.4,20468.0,2919.4,58.71,12.48
2022-05-03,23387.4,20468.0,2919.4,58.71,12.48
2022-05-04,23387.4,20468.0,2919.4,58.71,12.48
2022-05-05,23387.4,20468.0,2919.4,58.71,12.48
2022-05-06,23387.4,20468.0,2919.4,58.71,12.48
2022-05-07,23387.4,20468.0,2919.4,58.71,12.48
2022-05-08,23387.4,20468.0,2919.4,58.71,12.48
2022-05-09,23387.4,20468.0,2919.4,58.71,12.48
2022-05-10,23387.4,20468.0,2919.4,58.71,12.48
2022-05-11,23387.4,20468.0,2919.4,58.71,12.48
2022-05-12,23387.4,20468.0,2919.4,58.71,12.48
2022-05-13,23387.4,20468.0,2919.4,58.71,12.48
2022-05-14,23387.4,20468.0,2919.4,58.71,12.48
2022-05-15,23387.4,20468.0,2919.4,58.71,12.48
2022-05-16,23387.4,20468.0,2919.4,58.71,12.48
2022-05-17,23387.4,20468.0,2919.4,58.71,12.48
2022-05-18,23387.4,20468.0,2919.4,58.71,12.48
2022-05-19,23387.4,20468.0,2919.4,58.71,12.48
2022-05-20,23387.4,20468.0,2919.4,58.71,12.48
2022-05-21,23387.4,20468.0,2919.4,58.71,12.48
2022-05-22,23387.4,20468.0,2919.4,58.71,12.48
2022-05-23,23387.4,20468.0,2919.4,58.71,12.48
2022-05-24,23387.4,20468.0,2919.4,58.71,12.48
2022-05-25,23387.4,20468.0,2919.4,58.71,12.48
2022-05-26,23387.4,20468.0,2919.4,58.71,12.48
2022-05-27,23387.4,20468.0,2919.4,58.71,12.48
2022-05-28,23387.4,20468.0,2919.4,58.71,12.48
2022-05-29,23387.4,20468.0,2919.4,58.71,12.48
2022-05-30,23387.4,20468.0,2919.4,58.71,12.48
2022-05-31,23387.4,20468.0,2919.4,58.71,12.48
2022-06-01,23387.4,20468.0,2919.4,58.71,12.48
2022-06-02,23387.4,20468.0,2919.4,58.71,12.48
2022-06-03,23387.4,20468.0,2919.4,58.71,12.48
2022-06-04,23387.4,20468.0,2919.4,58.71,12.48
2022-06-05,23387.4,20468.0,2919.4,58.71,12.48
2022-06-06,23387.4,20468.0,2919.4,58.71,12.48
2022-06-07,23387.4,20468.0,2919.4,58.71,12.48
2022-06-08,23387.4,20468.0,2919.4,58.71,12.48
2022-06-09,23387.4,20468.0,2919.4,58.71,12.48
2022-06-10,23387.4,20468.0,2919.4,58.71,12.48
2022-06-11,23387.4,20468.0,2919.4,58.71,12.48
2022-06-12,23387.4,20468.0,2919.4,58.71,12.48
2022-06-13,23387.4,20468.0,2919.4,58.71,12.48
2022-06-14,23387.4,20468.0,2919.4,58.71,12.48
2022-06-15,23387.4,20468.0,2919.4,58.71,12.48
2022-06-16,23387.4,20468.0,2919.4,58.71,12.48
2022-06-17,23387.4,20468.0,2919.4,58.71,12.48
2022-06-18,23387.4,20468.0,2919.4,58.71,12.48
2022-06-19,23387.4,20468.0,2919.4,58.71,12.48
2022-06-20,23387.4,20468.0,2919.4,58.71,12.48
2022-06-21,23387.4,20468.0,2919.4,58.71,12.48
2022-06-22,23387.4,20468.0,2919.4,58.71,12.48
2022-06-23,23387.4,20468.0,2919.4,58.71,12.48
2022-06-24,23387.4,20468.0,2919.4,58.71,12.48
2022-06-25,23387.4,20468.0,2919.4,58.71,12.48
2022-06-26,23387.4,20468.0,2919.4,58.71,12.48
2022-06-27,23387.4,20468.0,2919.4,58.71,12.48
2022-06-28,23387.4,20468.0,2919.4,58.71,12.48
2022-06-29,23387.4,20468.0,2919.4,58.71,12.48
2022-06-30,23387.4,20468.0,2919.4,58.71,12.48
2022-07-01,23525.9,20545.7,2980.2,58.86,12.67
2022-07-02,23525.9,20545.7,2980.2,58.86,12.67
2022-07-03,23525.9,20545.7,2980.2,58.86,12.67
2022-07-04,23525.9,20545.7,2980.2,58.86,12.67
2022-07-05,23525.9,20545.7,2980.2,58.86,12.67
2022-07-06,23525.9,20545.7,2980.2,58.86,12.67
2022-07-07,23525.9,20545.7,2980.2,58.86,12.67
2022-07-08,23525.9,20545.7,2980.2,58.86,12.67
2022-07-09,23525.9,20545.7,2980.2,58.86,12.67
2022-07-10,23525.9,20545.7,2980.2,58.86,12.67
2022-07-11,23525.9,20545.7,2980.2,58.86,12.67
2022-07-12,23525.9,20545.7,2980.2,58.86,12.67
2022-07-13,23525.9,20545.7,2980.2,58.86,12.67
2022-07-14,23525.9,20545.7,2980.2,58.86,12.67
2022-07-15,23525.9,20545.7,2980.2,58.86,12.67
2022-07-16,23525.9,20545.7,2980.2,58.86,12.67
2022-07-17,23525.9,20545.7,2980.2,58.86,12.67
2022-07-18,23525.9,20545.7,2980.2,58.86,12.67
2022-07-19,23525.9,20545.7,2980.2,58.86,12.67
2022-07-20,23525.9,20545.7,2980.2,58.86,12.67
2022-07-21,23525.9,20545.7,2980.2,58.86,12.67
2022-07-22,23525.9,20545.7,2980.2,58.86,12.67
2022-07-23,23525.9,20545.7,2980.2,58.86,12.67
2022-07-24,23525.9,20545.7,2980.2,58.86,12.67
2022-07-25,23525.9,20545.7,2980.2,58.86,12.67
2022-07-26,23525.9,20545.7,2980.2,58.86,12.67
2022-07-27,23525.9,20545.7,2980.2,58.86,12.67
2022-07-28,23525.9,20545.7,2980.2,58.86,12.67
2022-07-29,23525.9,20545.7,2980.2,58.86,12.67
2022-07-30,23525.9,20545.7,2980.2,58.86,12.67
2022-07-31,23525.9,20545.7,2980.2,58.86,12.67
2022-08-01,23525.9,20545.7,2980.2,58.86,12.67
2022-08-02,23525.9,20545.7,2980.2,58.86,12.67
2022-08-03,23525.9,20545.7,2980.2,58.86,12.67
2022-08-04,23525.9,20545.7,2980.2,58.86,12.67
2022-08-05,23525.9,20545.7,2980.2,58.86,12.67
2022-08-06,23525.9,20545.7,2980.2,58.86,12.67
2022-08-07,23525.9,20545.7,2980.2,58.86,12.67
2022-08-08,23525.9,20545.7,2980.2,58.86,12.67
2022-08-09,23525.9,20545.7,2980.2,58.86,12.67
2022-08-10,23525.9,20545.7,2980.2,58.86,12.67
2022-08-11,23525.9,20545.7,2980.2,58.86,12.67
2022-08-12,23525.9,20545.7,2980.2,58.86,12.67
2022-08-13,23525.9,20545.7,2980.2,58.86,12.67
2022-08-14,23525.9,20545.7,2980.2,58.86,12.67
2022-08-15,23525.9,20545.7,2980.2,58.86,12.67
2022-08-16,23525.9,20545.7,2980.2,58.86,12.67
2022-08-17,23525.9,20545.7,2980.2,58.86,12.67
2022-08-18,23525.9,20545.7,2980.2,58.86,12.67
2022-08-19,23525.9,20545.7,2980.2,58.86,12.67
2022-08-20,23525.9,20545.7,2980.2,58.86,12.67
2022-08-21,23525.9,20545.7,2980.2,58.86,12.67
2022-08-22,23525.9,20545.7,2980.2,58.86,12.67
2022-08-23,23525.9,20545.7,2980.2,58.86,12.67
2022-08-24,23525.9,20545.7,2980.2,58.86,12.67
2022-08-25,23525.9,20545.7,2980.2,58.86,12.67
2022-08-26,23525.9,20545.7,2980.2,58.86,12.67
2022-08-27,23525.9,20545.7,2980.2,58.86,12.67
2022-08-28,23525.9,20545.7,2980.2,58.86,12.67
2022-08-29,23525.9,20545.7,2980.2,58.86,12.67
2022-08-30,23525.9,20545.7,2980.2,58.86,12.67
2022-08-31,23525.9,20545.7,2980.2,58.86,12.67
2022-09-01,23525.9,20545.7,2980.2,58.86,12.67
2022-09-02,23525.9,20545.7,2980.2,58.86,12.67
2022-09-03,23525.9,20545.7,2980.2,58.86,12.67
2022-09-04,23525.9,20545.7,2980.2,58.86,12.67
2022-09-05,23525.9,20545.7,2980.2,58.86,12.67
2022-09-06,23525.9,20545.7,2980.2,58.86,12.67
2022-09-07,23525.9,20545.7,2980.2,58.86,12.67
2022-09-08,23525.9,20545.7,2980.2,58.86,12.67
2022-09-09,23525.9,20545.7,2980.2,58.86,12.67
2022-09-10,23525.9,20545.7,2980.2,58.86,12.67
2022-09-11,23525.9,20545.7,2980.2,58.86,12.67
2022-09-12,23525.9,20545.7,2980.2,58.86,12.67
2022-09-13,23525.9,20545.7,2980.2,58.86,12.67
2022-09-14,23525.9,20545.7,2980.2,58.86,12.67
2022-09-15,23525.9,20545.7,2980.2,58.86,12.67
2022-09-16,23525.9,20545.7,2980.2,58.86,12.67
2022-09-17,23525.9,20545.7,2980.2,58.86,12.67
2022-09-18,23525.9,20545.7,2980.2,58.86,12.67
2022-09-19,23525.9,20545.7,2980.2,58.86,12.67
2022-09-20,23525.9,20545.7,2980.2,58.86,12.67
2022-09-21,23525.9,20545.7,2980.2,58.86,12.67
2022-09-22,23525.9,20545.7,2980.2,58.86,12.67
2022-09-23,23525.9,20545.7,2980.2,58.86,12.67
2022-09-24,23525.9,20545.7,2980.2,58.86,12.67
2022-09-25,23525.9,20545.7,2980.2,58.86,12.67
2022-09-26,23525.9,20545.7,2980.2,58.86,12.67
2022-09-27,23525.9,20545.7,2980.2,58.86,12.67
2022-09-28,23525.9,20545.7,2980.2,58.86,12.67
2022-09-29,23525.9,20545.7,2980.2,58.86,12.67
2022-09-30,23525.9,20545.7,2980.2,58.86,12.67
2022-10-01,23487.8,20463.9,3024.0,58.52,12.87
2022-10-02,23487.8,20463.9,3024.0,58.52,12.87
2022-10-03,23487.8,20463.9,3024.0,58.52,12.87
2022-10-04,23487.8,20463.9,3024.0,58.52,12.87
2022-10-05,23487.8,20463.9,3024.0,58.52,12.87
2022-10-06,23487.8,20463.9,3024.0,58.52,12.87
2022-10-07,23487.8,20463.9,3024.0,58.52,12.87
2022-10-08,23487.8,20463.9,3024.0,58.52,12.87
2022-10-09,23487.8,20463.9,3024.0,58.52,12.87
2022-10-10,23487.8,20463.9,3024.0,58.52,12.87
2022-10-11,23487.8,20463.9,3024.0,58.52,12.87
2022-10-12,23487.8,20463.9,3024.0,58.52,12.87
2022-10-13,23487.8,20463.9,3024.0,58.52,12.87
2022-10-14,23487.8,20463.9,3024.0,58.52,12.87
2022-10-15,23487.8,20463.9,3024.0,58.52,12.87
2022-10-16,23487.8,20463.9,3024.0,58.52,12.87
2022-10-17,23487.8,20463.9,3024.0,58.52,12.87
2022-10-18,23487.8,20463.9,3024.0,58.52,12.87
2022-10-19,23487.8,20463.9,3024.0,58.52,12.87
2022-10-20,23487.8,20463.9,3024.0,58.52,12.87
2022-10-21,23487.8,20463.9,3024.0,58.52,12.87
2022-10-22,23487.8,20463.9,3024.0,58.52,12.87
2022-10-23,23487.8,20463.9,3024.0,58.52,12.87
2022-10-24,23487.8,20463.9,3024.0,58.52,12.87
2022-10-25,23487.8,20463.9,3024.0,58.52,12.87
2022-10-26,23487.8,20463.9,3024.0,58.52,12.87
2022-10-27,23487.8,20463.9,3024.0,58.52,12.87
2022-10-28,23487.8,20463.9,3024.0,58.52,12.87
2022-10-29,23487.8,20463.9,3024.0,58.52,12.87
2022-10-30,23487.8,20463.9,3024.0,58.52,12.87
2022-10-31,23487.8,20463.9,3024.0,58.52,12.87
2022-11-01,23487.8,20463.9,3024.0,58.52,12.87
2022-11-02,23487.8,20463.9,3024.0,58.52,12.87
2022-11-03,23487.8,20463.9,3024.0,58.52,12.87
2022-11-04,23487.8,20463.9,3024.0,58.52,12.87
2022-11-05,23487.8,20463.9,3024.0,58.52,12.87
2022-11-06,23487.8,20463.9,3024.0,58.52,12.87
2022-11-07,23487.8,20463.9,3024.0,58.52,12.87
2022-11-08,23487.8,20463.9,3024.0,58.52,12.87
2022-11-09,23487.8,20463.9,3024.0,58.52,12.87
2022-11-10,23487.8,20463.9,3024.0,58.52,12.87
2022-11-11,23487.8,20463.9,3024.0,58.52,12.87
2022-11-12,23487.8,20463.9,3024.0,58.52,12.87
2022-11-13,23487.8,20463.9,3024.0,58.52,12.87
2022-11-14,23487.8,20463.9,3024.0,58.52,12.87
2022-11-15,23487.8,20463.9,3024.0,58.52,12.87
2022-11-16,23487.8,20463.9,3024.0,58.52,12.87
2022-11-17,23487.8,20463.9,3024.0,58.52,12.87
2022-11-18,23487.8,20463.9,3024.0,58.52,12.87
2022-11-19,23487.8,20463.9,3024.0,58.52,12.87
2022-11-20,23487.8,20463.9,3024.0,58.52,12.87
2022-11-21,23487.8,20463.9,3024.0,58.52,12.87
2022-11-22,23487.8,20463.9,3024.0,58.52,12.87
2022-11-23,23487.8,20463.9,3024.0,58.52,12.87
2022-11-24,23487.8,20463.9,3024.0,58.52,12.87
2022-11-25,23487.8,20463.9,3024.0,58.52,12.87
2022-11-26,23487.8,20463.9,3024.0,58.52,12.87
2022-11-27,23487.8,20463.9,3024.0,58.52,12.87
2022-11-28,23487.8,20463.9,3024.0,58.52,12.87
2022-11-29,23487.8,20463.9,3024.0,58.52,12.87
2022-11-30,23487.8,20463.9,3024.0,58.52,12.87
2022-12-01,23487.8,20463.9,3024.0,58.52,12.87
2022-12-02,23487.8,20463.9,3024.0,58.52,12.87
2022-12-03,23487.8,20463.9,3024.0,58.52,12.87
2022-12-04,23487.8,20463.9,3024.0,58.52,12.87
2022-12-05,23487.8,20463.9,3024.0,58.52,12.87
2022-12-06,23487.8,20463.9,3024.0,58.52,12.87
2022-12-07,23487.8,20463.9,3024.0,58.52,12.87
2022-12-08,23487.8,20463.9,3024.0,58.52,12.87
2022-12-09,23487.8,20463.9,3024.0,58.52,12.87
2022-12-10,23487.8,20463.9,3024.0,58.52,12.87
2022-12-11,23487.8,20463.9,3024.0,58.52,12.87
2022-12-12,23487.8,20463.9,3024.0,58.52,12.87
2022-12-13,23487.8,20463.9,3024.0,58.52,12.87
2022-12-14,23487.8,20463.9,3024.0,58.52,12.87
2022-12-15,23487.8,20463.9,3024.0,58.52,12.87
2022-12-16,23487.8,20463.9,3024.0,58.52,12.87
2022-12-17,23487.8,20463.9,3024.0,58.52,12.87
2022-12-18,23487.8,20463.9,3024.0,58.52,12.87
2022-12-19,23487.8,20463.9,3024.0,58.52,12.87
2022-12-20,23487.8,20463.9,3024.0,58.52,12.87
2022-12-21,23487.8,20463.9,3024.0,58.52,12.87
2022-12-22,23487.8,20463.9,3024.0,58.52,12.87
2022-12-23,23487.8,20463.9,3024.0,58.52,12.87
2022-12-24,23487.8,20463.9,3024.0,58.52,12.87
2022-12-25,23487.8,20463.9,3024.0,58.52,12.87
2022-12-26,23487.8,20463.9,3024.0,58.52,12.87
2022-12-27,23487.8,20463.9,3024.0,58.52,12.87
2022-12-28,23487.8,20463.9,3024.0,58.52,12.87
2022-12-29,23487.8,20463.9,3024.0,58.52,12.87
2022-12-30,23487.8,20463.9,3024.0,58.52,12.87
2022-12-31,23487.8,20463.9,3024.0,58.52,12.87
2023-01-01,23580.5,20452.8,3127.8,58.55,13.26
2023-01-02,23580.5,20452.8,3127.8,58.55,13.26
2023-01-03,23580.5,20452.8,3127.8,58.55,13.26
2023-01-04,23580.5,20452.8,3127.8,58.55,13.26
2023-01-05,23580.5,20452.8,3127.8,58.55,13.26
2023-01-06,23580.5,20452.8,3127.8,58.55,13.26
2023-01-07,23580.5,20452.8,3127.8,58.55,13.26
2023-01-08,23580.5,20452.8,3127.8,58.55,13.26
2023-01-09,23580.5,20452.8,3127.8,58.55,13.26
2023-01-10,23580.5,20452.8,3127.8,58.55,13.26
2023-01-11,23580.5,20452.8,3127.8,58.55,13.26
2023-01-12,23580.5,20452.8,3127.8,58.55,13.26
2023-01-13,23580.5,20452.8,3127.8,58.55,13.26
2023-01-14,23580.5,20452.8,3127.8,58.55,13.26
2023-01-15,23580.5,20452.8,3127.8,58.55,13.26
2023-01-16,23580.5,20452.8,3127.8,58.55,13.26
2023-01-17,23580.5,20452.8,3127.8,58.55,13.26
2023-01-18,23580.5,20452.8,3127.8,58.55,13.26
2023-01-19,23580.5,20452.8,3127.8,58.55,13.26
2023-01-20,23580.5,20452.8,3127.8,58.55,13.26
2023-01-21,23580.5,20452.8,3127.8,58.55,13.26
2023-01-22,23580.5,20452.8,3127.8,58.55,13.26
2023-01-23,23580.5,20452.8,3127.8,58.55,13.26
2023-01-24,23580.5,20452.8,3127.8,58.55,13.26
2023-01-25,23580.5,20452.8,3127.8,58.55,13.26
2023-01-26,23580.5,20452.8,3127.8,58.55,13.26
2023-01-27,23580.5,20452.8,3127.8,58.55,13.26
2023-01-28,23580.5,20452.8,3127.8,58.55,13.26
2023-01-29,23580.5,20452.8,3127.8,58.55,13.26
2023-01-30,23580.5,20452.8,3127.8,58.55,13.26
2023-01-31,23580.5,20452.8,3127.8,58.55,13.26
2023-02-01,23580.5,20452.8,3127.8,58.55,13.26
2023-02-02,23580.5,20452.8,3127.8,58.55,13.26
2023-02-03,23580.5,20452.8,3127.8,58.55,13.26
2023-02-04,23580.5,20452.8,3127.8,58.55,13.26
2023-02-05,23580.5,20452.8,3127.8,58.55,13.26
2023-02-06,23580.5,20452.8,3127.8,58.55,13.26
2023-02-07,23580.5,20452.8,3127.8,58.55,13.26
2023-02-08,23580.5,20452.8,3127.8,58.55,13.26
2023-02-09,23580.5,20452.8,3127.8,58.55,13.26
2023-02-10,23580.5,20452.8,3127.8,58.55,13.26
2023-02-11,23580.5,20452.8,3127.8,58.55,13.26
2023-02-12,23580.5,20452.8,3127.8,58.55,13.26
2023-02-13,23580.5,20452.8,3127.8,58.55,13.26
2023-02-14,23580.5,20452.8,3127.8,58.55,13.26
2023-02-15,23580.5,20452.8,3127.8,58.55,13.26
2023-02-16,23580.5,20452.8,3127.8,58.55,13.26
2023-02-17,23580.5,20452.8,3127.8,58.55,13.26
2023-02-18,23580.5,20452.8,3127.8,58.55,13.26
2023-02-19,23580.5,20452.8,3127.8,58.55,13.26
2023-02-20,23580.5,20452.8,3127.8,58.55,13.26
2023-02-21,23580.5,20452.8,3127.8,58.55,13.26
2023-02-22,23580.5,20452.8,3127.8,58.55,13.26
2023-02-23,23580.5,20452.8,3127.8,58.55,13.26
2023-02-24,23580.5,20452.8,3127.8,58.55,13.26
2023-02-25,23580.5,20452.8,3127.8,58.55,13.26
2023-02-26,23580.5,20452.8,3127.8,58.55,13.26
2023-02-27,23580.5,20452.8,3127.8,58.55,13.26
2023-02-28,23580.5,20452.8,3127.8,58.55,13.26
2023-03-01,23580.5,20452.8,3127.8,58.55,13.26
2023-03-02,23580.5,20452.8,3127.8,58.55,13.26
2023-03-03,23580.5,20452.8,3127.8,58.55,13.26
2023-03-04,23580.5,20452.8,3127.8,58.55,13.26
2023-03-05,23580.5,20452.8,3127.8,58.55,13.26
2023-03-06,23580.5,20452.8,3127.8,58.55,13.26
2023-03-07,23580.5,20452.8,3127.8,58.55,13.26
2023-03-08,23580.5,20452.8,3127.8,58.55,13.26
2023-03-09,23580.5,20452.8,3127.8,58.55,13.26
2023-03-10,23580.5,20452.8,3127.8,58.55,13.26
2023-03-11,23580.5,20452.8,3127.8,58.55,13.26
2023-03-12,23580.5,20452.8,3127.8,58.55,13.26
2023-03-13,23580.5,20452.8,3127.8,58.55,13.26
2023-03-14,23580.5,20452.8,3127.8,58.55,13.26
2023-03-15,23580.5,20452.8,3127.8,58.55,13.26
2023-03-16,23580.5,20452.8,3127.8,58.55,13.26
2023-03-17,23580.5,20452.8,3127.8,58.55,13.26
2023-03-18,23580.5,20452.8,3127.8,58.55,13.26
2023-03-19,23580.5,20452.8,3127.8,58.55,13.26
2023-03-20,23580.5,20452.8,3127.8,58.55,13.26
2023-03-21,23580.5,20452.8,3127.8,58.55,13.26
2023-03-22,23580.5,20452.8,3127.8,58.55,13.26
2023-03-23,23580.5,20452.8,3127.8,58.55,13.26
2023-03-24,23580.5,20452.8,3127.8,58.55,13.26
2023-03-25,23580.5,20452.8,3127.8,58.55,13.26
2023-03-26,23580.5,20452.8,3127.8,58.55,13.26
2023-03-27,23580.5,20452.8,3127.8,58.55,13.26
2023-03-28,23580.5,20452.8,3127.8,58.55,13.26
2023-03-29,23580.5,20452.8,3127.8,58.55,13.26
2023-03-30,23580.5,20452.8,3127.8,58.55,13.26
2023-03-31,23580.5,20452.8,3127.8,58.55,13.26
2023-04-01,23819.2,21056.7,2762.5,58.97,11.6
2023-04-02,23819.2,21056.7,2762.5,58.97,11.6
2023-04-03,23819.2,21056.7,2762.5,58.97,11.6
2023-04-04,23819.2,21056.7,2762.5,58.97,11.6
2023-04-05,23819.2,21056.7,2762.5,58.97,11.6
2023-04-06,23819.2,21056.7,2762.5,58.97,11.6
2023-04-07,23819.2,21056.7,2762.5,58.97,11.6
2023-04-08,23819.2,21056.7,2762.5,58.97,11.6
2023-04-09,23819.2,21056.7,2762.5,58.97,11.6
2023-04-10,23819.2,21056.7,2762.5,58.97,11.6
2023-04-11,23819.2,21056.7,2762.5,58.97,11.6
2023-04-12,23819.2,21056.7,2762.5,58.97,11.6
2023-04-13,23819.2,21056.7,2762.5,58.97,11.6
2023-04-14,23819.2,21056.7,2762.5,58.97,11.6
2023-04-15,23819.2,21056.7,2762.5,58.97,11.6
2023-04-16,23819.2,21056.7,2762.5,58.97,11.6
2023-04-17,23819.2,21056.7,2762.5,58.97,11.6
2023-04-18,23819.2,21056.7,2762.5,58.97,11.6
2023-04-19,23819.2,21056.7,2762.5,58.97,11.6
2023-04-20,23819.2,21056.7,2762.5,58.97,11.6
2023-04-21,23819.2,21056.7,2762.5,58.97,11.6
2023-04-22,23819.2,21056.7,2762.5,58.97,11.6
2023-04-23,23819.2,21056.7,2762.5,58.97,11.6
2023-04-24,23819.2,21056.7,2762.5,58.97,11.6
2023-04-25,23819.2,21056.7,2762.5,58.97,11.6
2023-04-26,23819.2,21056.7,2762.5,58.97,11.6
2023-04-27,23819.2,21056.7,2762.5,58.97,11.6
2023-04-28,23819.2,21056.7,2762.5,58.97,11.6
2023-04-29,23819.2,21056.7,2762.5,58.97,11.6
2023-04-30,23819.2,21056.7,2762.5,58.97,11.6
2023-05-01,23819.2,21056.7,2762.5,58.97,11.6
2023-05-02,23819.2,21056.7,2762.5,58.97,11.6
2023-05-03,23819.2,21056.7,2762.5,58.97,11.6
2023-05-04,23819.2,21056.7,2762.5,58.97,11.6
2023-05-05,23819.2,21056.7,2762.5,58.97,11.6
2023-05-06,23819.2,21056.7,2762.5,58.97,11.6
2023-05-07,23819.2,21056.7,2762.5,58.97,11.6
2023-05-08,23819.2,21056.7,2762.5,58.97,11.6
2023-05-09,23819.2,21056.7,2762.5,58.97,11.6
2023-05-10,23819.2,21056.7,2762.5,58.97,11.6
2023-05-11,23819.2,21056.7,2762.5,58.97,11.6
2023-05-12,23819.2,21056.7,2762.5,58.97,11.6
2023-05-13,23819.2,21056.7,2762.5,58.97,11.6
2023-05-14,23819.2,21056.7,2762.5,58.97,11.6
2023-05-15,23819.2,21056.7,2762.5,58.97,11.6
2023-05-16,23819.2,21056.7,2762.5,58.97,11.6
2023-05-17,23819.2,21056.7,2762.5,58.97,11.6
2023-05-18,23819.2,21056.7,2762.5,58.97,11.6
2023-05-19,23819.2,21056.7,2762.5,58.97,11.6
2023-05-20,23819.2,21056.7,2762.5,58.97,11.6
2023-05-21,23819.2,21056.7,2762.5,58.97,11.6
2023-05-22,23819.2,21056.7,2762.5,58.97,11.6
2023-05-23,23819.2,21056.7,2762.5,58.97,11.6
2023-05-24,23819.2,21056.7,2762.5,58.97,11.6
2023-05-25,23819.2,21056.7,2762.5,58.97,11.6
2023-05-26,23819.2,21056.7,2762.5,58.97,11.6
2023-05-27,23819.2,21056.7,2762.5,58.97,11.6
2023-05-28,23819.2,21056.7,2762.5,58.97,11.6
2023-05-29,23819.2,21056.7,2762.5,58.97,11.6
2023-05-30,23819.2,21056.7,2762.5,58.97,11.6
2023-05-31,23819.2,21056.7,2762.5,58.97,11.6
2023-06-01,23819.2,21056.7,2762.5,58.97,11.6
2023-06-02,23819.2,21056.7,2762.5,58.97,11.6
2023-06-03,23819.2,21056.7,2762.5,58.97,11.6
2023-06-04,23819.2,21056.7,2762.5,58.97,11.6
2023-06-05,23819.2,21056.7,2762.5,58.97,11.6
2023-06-06,23819.2,21056.7,2762.5,58.97,11.6
2023-06-07,23819.2,21056.7,2762.5,58.97,11.6
2023-06-08,23819.2,21056.7,2762.5,58.97,11.6
2023-06-09,23819.2,21056.7,2762.5,58.97,11.6
2023-06-10,23819.2,21056.7,2762.5,58.97,11.6
2023-06-11,23819.2,21056.7,2762.5,58.97,11.6
2023-06-12,23819.2,21056.7,2762.5,58.97,11.6
2023-06-13,23819.2,21056.7,2762.5,58.97,11.6
2023-06-14,23819.2,21056.7,2762.5,58.97,11.6
2023-06-15,23819.2,21056.7,2762.5,58.97,11.6
2023-06-16,23819.2,21056.7,2762.5,58.97,11.6
2023-06-17,23819.2,21056.7,2762.5,58.97,11.6
2023-06-18,23819.2,21056.7,2762.5,58.97,11.6
2023-06-19,23819.2,21056.7,2762.5,58.97,11.6
2023-06-20,23819.2,21056.7,2762.5,58.97,11.6
2023-06-21,23819.2,21056.7,2762.5,58.97,11.6
2023-06-22,23819.2,21056.7,2762.5,58.97,11.6
2023-06-23,23819.2,21056.7,2762.5,58.97,11.6
2023-06-24,23819.2,21056.7,2762.5,58.97,11.6
2023-06-25,23819.2,21056.7,2762.5,58.97,11.6
2023-06-26,23819.2,21056.7,2762.5,58.97,11.6
2023-06-27,23819.2,21056.7,2762.5,58.97,11.6
2023-06-28,23819.2,21056.7,2762.5,58.97,11.6
2023-06-29,23819.2,21056.7,2762.5,58.97,11.6
2023-06-30,23819.2,21056.7,2762.5,58.97,11.6
2023-07-01,24121.0,21265.9,2855.2,59.41,11.84
2023-07-02,24121.0,21265.9,2855.2,59.41,11.84
2023-07-03,24121.0,21265.9,2855.2,59.41,11.84
2023-07-04,24121.0,21265.9,2855.2,59.41,11.84
2023-07-05,24121.0,21265.9,2855.2,59.41,11.84
2023-07-06,24121.0,21265.9,2855.2,59.41,11.84
2023-07-07,24121.0,21265.9,2855.2,59.41,11.84
2023-07-08,24121.0,21265.9,2855.2,59.41,11.84
2023-07-09,24121.0,21265.9,2855.2,59.41,11.84
2023-07-10,24121.0,21265.9,2855.2,59.41,11.84
2023-07-11,24121.0,21265.9,2855.2,59.41,11.84
2023-07-12,24121.0,21265.9,2855.2,59.41,11.84
2023-07-13,24121.0,21265.9,2855.2,59.41,11.84
2023-07-14,24121.0,21265.9,2855.2,59.41,11.84
2023-07-15,24121.0,21265.9,2855.2,59.41,11.84
2023-07-16,24121.0,21265.9,2855.2,59.41,11.84
2023-07-17,24121.0,21265.9,2855.2,59.41,11.84
2023-07-18,24121.0,21265.9,2855.2,59.41,11.84
2023-07-19,24121.0,21265.9,2855.2,59.41,11.84
2023-07-20,24121.0,21265.9,2855.2,59.41,11.84
2023-07-21,24121.0,21265.9,2855.2,59.41,11.84
2023-07-22,24121.0,21265.9,2855.2,59.41,11.84
2023-07-23,24121.0,21265.9,2855.2,59.41,11.84
2023-07-24,24121.0,21265.9,2855.2,59.41,11.84
2023-07-25,24121.0,21265.9,2855.2,59.41,11.84
2023-07-26,24121.0,21265.9,2855.2,59.41,11.84
2023-07-27,24121.0,21265.9,2855.2,59.41,11.84
2023-07-28,24121.0,21265.9,2855.2,59.41,11.84
2023-07-29,24121.0,21265.9,2855.2,59.41,11.84
2023-07-30,24121.0,21265.9,2855.2,59.41,11.84
2023-07-31,24121.0,21265.9,2855.2,59.41,11.84
2023-08-01,24121.0,21265.9,2855.2,59.41,11.84
2023-08-02,24121.0,21265.9,2855.2,59.41,11.84
2023-08-03,24121.0,21265.9,2855.2,59.41,11.84
2023-08-04,24121.0,21265.9,2855.2,59.41,11.84
2023-08-05,24121.0,21265.9,2855.2,59.41,11.84
2023-08-06,24121.0,21265.9,2855.2,59.41,11.84
2023-08-07,24121.0,21265.9,2855.2,59.41,11.84
2023-08-08,24121.0,21265.9,2855.2,59.41,11.84
2023-08-09,24121.0,21265.9,2855.2,59.41,11.84
2023-08-10,24121.0,21265.9,2855.2,59.41,11.84
2023-08-11,24121.0,21265.9,2855.2,59.41,11.84
2023-08-12,24121.0,21265.9,2855.2,59.41,11.84
2023-08-13,24121.0,21265.9,2855.2,59.41,11.84
2023-08-14,24121.0,21265.9,2855.2,59.41,11.84
2023-08-15,24121.0,21265.9,2855.2,59.41,11.84
2023-08-16,24121.0,21265.9,2855.2,59.41,11.84
2023-08-17,24121.0,21265.9,2855.2,59.41,11.84
2023-08-18,24121.0,21265.9,2855.2,59.41,11.84
2023-08-19,24121.0,21265.9,2855.2,59.41,11.84
2023-08-20,24121.0,21265.9,2855.2,59.41,11.84
2023-08-21,24121.0,21265.9,2855.2,59.41,11.84
2023-08-22,24121.0,21265.9,2855.2,59.41,11.84
2023-08-23,24121.0,21265.9,2855.2,59.41,11.84
2023-08-24,24121.0,21265.9,2855.2,59.41,11.84
2023-08-25,24121.0,21265.9,2855.2,59.41,11.84
2023-08-26,24121.0,21265.9,2855.2,59.41,11.84
2023-08-27,24121.0,21265.9,2855.2,59.41,11.84
2023-08-28,24121.0,21265.9,2855.2,59.41,11.84
2023-08-29,24121.0,21265.9,2855.2,59.41,11.84
2023-08-30,24121.0,21265.9,2855.2,59.41,11.84
2023-08-31,24121.0,21265.9,2855.2,59.41,11.84
2023-09-01,24121.0,21265.9,2855.2,59.41,11.84
2023-09-02,24121.0,21265.9,2855.2,59.41,11.84
2023-09-03,24121.0,21265.9,2855.2,59.41,11.84
2023-09-04,24121.0,21265.9,2855.2,59.41,11.84
2023-09-05,24121.0,21265.9,2855.2,59.41,11.84
2023-09-06,24121.0,21265.9,2855.2,59.41,11.84
2023-09-07,24121.0,21265.9,2855.2,59.41,11.84
2023-09-08,24121.0,21265.9,2855.2,59.41,11.84
2023-09-09,24121.0,21265.9,2855.2,59.41,11.84
2023-09-10,24121.0,21265.9,2855.2,59.41,11.84
2023-09-11,24121.0,21265.9,2855.2,59.41,11.84
2023-09-12,24121.0,21265.9,2855.2,59.41,11.84
2023-09-13,24121.0,21265.9,2855.2,59.41,11.84
2023-09-14,24121.0,21265.9,2855.2,59.41,11.84
2023-09-15,24121.0,21265.9,2855.2,59.41,11.84
2023-09-16,24121.0,21265.9,2855.2,59.41,11.84
2023-09-17,24121.0,21265.9,2855.2,59.41,11.84
2023-09-18,24121.0,21265.9,2855.2,59.41,11.84
2023-09-19,24121.0,21265.9,2855.2,59.41,11.84
2023-09-20,24121.0,21265.9,2855.2,59.41,11.84
2023-09-21,24121.0,21265.9,2855.2,59.41,11.84
2023-09-22,24121.0,21265.9,2855.2,59.41,11.84
2023-09-23,24121.0,21265.9,2855.2,59.41,11.84
2023-09-24,24121.0,21265.9,2855.2,59.41,11.84
2023-09-25,24121.0,21265.9,2855.2,59.41,11.84
2023-09-26,24121.0,21265.9,2855.2,59.41,11.84
2023-09-27,24121.0,21265.9,2855.2,59.41,11.84
2023-09-28,24121.0,21265.9,2855.2,59.41,11.84
2023-09-29,24121.0,21265.9,2855.2,59.41,11.84
2023-09-30,24121.0,21265.9,2855.2,59.41,11.84
