,Date,Births
0,2022-01-01,902
1,2022-01-02,902
2,2022-01-03,902
3,2022-01-04,902
4,2022-01-05,902
5,2022-01-06,902
6,2022-01-07,902
7,2022-01-08,902
8,2022-01-09,902
9,2022-01-10,902
10,2022-01-11,902
11,2022-01-12,902
12,2022-01-13,902
13,2022-01-14,902
14,2022-01-15,902
15,2022-01-16,902
16,2022-01-17,902
17,2022-01-18,902
18,2022-01-19,902
19,2022-01-20,902
20,2022-01-21,902
21,2022-01-22,902
22,2022-01-23,902
23,2022-01-24,902
24,2022-01-25,902
25,2022-01-26,902
26,2022-01-27,902
27,2022-01-28,902
28,2022-01-29,902
29,2022-01-30,902
30,2022-01-31,902
31,2022-02-01,902
32,2022-02-02,902
33,2022-02-03,902
34,2022-02-04,902
35,2022-02-05,902
36,2022-02-06,902
37,2022-02-07,902
38,2022-02-08,902
39,2022-02-09,902
40,2022-02-10,902
41,2022-02-11,902
42,2022-02-12,902
43,2022-02-13,902
44,2022-02-14,902
45,2022-02-15,902
46,2022-02-16,902
47,2022-02-17,902
48,2022-02-18,902
49,2022-02-19,902
50,2022-02-20,902
51,2022-02-21,902
52,2022-02-22,902
53,2022-02-23,902
54,2022-02-24,902
55,2022-02-25,902
56,2022-02-26,902
57,2022-02-27,902
58,2022-02-28,902
59,2022-03-01,902
60,2022-03-02,902
61,2022-03-03,902
62,2022-03-04,902
63,2022-03-05,902
64,2022-03-06,902
65,2022-03-07,902
66,2022-03-08,902
67,2022-03-09,902
68,2022-03-10,902
69,2022-03-11,902
70,2022-03-12,902
71,2022-03-13,902
72,2022-03-14,902
73,2022-03-15,902
74,2022-03-16,902
75,2022-03-17,902
76,2022-03-18,902
77,2022-03-19,902
78,2022-03-20,902
79,2022-03-21,902
80,2022-03-22,902
81,2022-03-23,902
82,2022-03-24,902
83,2022-03-25,902
84,2022-03-26,902
85,2022-03-27,902
86,2022-03-28,902
87,2022-03-29,902
88,2022-03-30,902
89,2022-03-31,902
90,2022-04-01,902
91,2022-04-02,902
92,2022-04-03,902
93,2022-04-04,902
94,2022-04-05,902
95,2022-04-06,902
96,2022-04-07,902
97,2022-04-08,902
98,2022-04-09,902
99,2022-04-10,902
100,2022-04-11,902
101,2022-04-12,902
102,2022-04-13,902
103,2022-04-14,902
104,2022-04-15,902
105,2022-04-16,902
106,2022-04-17,902
107,2022-04-18,902
108,2022-04-19,902
109,2022-04-20,902
110,2022-04-21,902
111,2022-04-22,902
112,2022-04-23,902
113,2022-04-24,902
114,2022-04-25,902
115,2022-04-26,902
116,2022-04-27,902
117,2022-04-28,902
118,2022-04-29,902
119,2022-04-30,902
120,2022-05-01,902
121,2022-05-02,902
122,2022-05-03,902
123,2022-05-04,902
124,2022-05-05,902
125,2022-05-06,902
126,2022-05-07,902
127,2022-05-08,902
128,2022-05-09,902
129,2022-05-10,902
130,2022-05-11,902
131,2022-05-12,902
132,2022-05-13,902
133,2022-05-14,902
134,2022-05-15,902
135,2022-05-16,902
136,2022-05-17,902
137,2022-05-18,902
138,2022-05-19,902
139,2022-05-20,902
140,2022-05-21,902
141,2022-05-22,902
142,2022-05-23,902
143,2022-05-24,902
144,2022-05-25,902
145,2022-05-26,902
146,2022-05-27,902
147,2022-05-28,902
148,2022-05-29,902
149,2022-05-30,902
150,2022-05-31,902
151,2022-06-01,902
152,2022-06-02,902
153,2022-06-03,902
154,2022-06-04,902
155,2022-06-05,902
156,2022-06-06,902
157,2022-06-07,902
158,2022-06-08,902
159,2022-06-09,902
160,2022-06-10,902
161,2022-06-11,902
162,2022-06-12,902
163,2022-06-13,902
164,2022-06-14,902
165,2022-06-15,902
166,2022-06-16,902
167,2022-06-17,902
168,2022-06-18,902
169,2022-06-19,902
170,2022-06-20,902
171,2022-06-21,902
172,2022-06-22,902
173,2022-06-23,902
174,2022-06-24,902
175,2022-06-25,902
176,2022-06-26,902
177,2022-06-27,902
178,2022-06-28,902
179,2022-06-29,902
180,2022-06-30,902
181,2022-07-01,902
182,2022-07-02,902
183,2022-07-03,902
184,2022-07-04,902
185,2022-07-05,902
186,2022-07-06,902
187,2022-07-07,902
188,2022-07-08,902
189,2022-07-09,902
190,2022-07-10,902
191,2022-07-11,902
192,2022-07-12,902
193,2022-07-13,902
194,2022-07-14,902
195,2022-07-15,902
196,2022-07-16,902
197,2022-07-17,902
198,2022-07-18,902
199,2022-07-19,902
200,2022-07-20,902
201,2022-07-21,902
202,2022-07-22,902
203,2022-07-23,902
204,2022-07-24,902
205,2022-07-25,902
206,2022-07-26,902
207,2022-07-27,902
208,2022-07-28,902
209,2022-07-29,902
210,2022-07-30,902
211,2022-07-31,902
212,2022-08-01,902
213,2022-08-02,902
214,2022-08-03,902
215,2022-08-04,902
216,2022-08-05,902
217,2022-08-06,902
218,2022-08-07,902
219,2022-08-08,902
220,2022-08-09,902
221,2022-08-10,902
222,2022-08-11,902
223,2022-08-12,902
224,2022-08-13,902
225,2022-08-14,902
226,2022-08-15,902
227,2022-08-16,902
228,2022-08-17,902
229,2022-08-18,902
230,2022-08-19,902
231,2022-08-20,902
232,2022-08-21,902
233,2022-08-22,902
234,2022-08-23,902
235,2022-08-24,902
236,2022-08-25,902
237,2022-08-26,902
238,2022-08-27,902
239,2022-08-28,902
240,2022-08-29,902
241,2022-08-30,902
242,2022-08-31,902
243,2022-09-01,902
244,2022-09-02,902
245,2022-09-03,902
246,2022-09-04,902
247,2022-09-05,902
248,2022-09-06,902
249,2022-09-07,902
250,2022-09-08,902
251,2022-09-09,902
252,2022-09-10,902
253,2022-09-11,902
254,2022-09-12,902
255,2022-09-13,902
256,2022-09-14,902
257,2022-09-15,902
258,2022-09-16,902
259,2022-09-17,902
260,2022-09-18,902
261,2022-09-19,902
262,2022-09-20,902
263,2022-09-21,902
264,2022-09-22,902
265,2022-09-23,902
266,2022-09-24,902
267,2022-09-25,902
268,2022-09-26,902
269,2022-09-27,902
270,2022-09-28,902
271,2022-09-29,902
272,2022-09-30,902
273,2022-10-01,902
274,2022-10-02,902
275,2022-10-03,902
276,2022-10-04,902
277,2022-10-05,902
278,2022-10-06,902
279,2022-10-07,902
280,2022-10-08,902
281,2022-10-09,902
282,2022-10-10,902
283,2022-10-11,902
284,2022-10-12,902
285,2022-10-13,902
286,2022-10-14,902
287,2022-10-15,902
288,2022-10-16,902
289,2022-10-17,902
290,2022-10-18,902
291,2022-10-19,902
292,2022-10-20,902
293,2022-10-21,902
294,2022-10-22,902
295,2022-10-23,902
296,2022-10-24,902
297,2022-10-25,902
298,2022-10-26,902
299,2022-10-27,902
300,2022-10-28,902
301,2022-10-29,902
302,2022-10-30,902
303,2022-10-31,902
304,2022-11-01,902
305,2022-11-02,902
306,2022-11-03,902
307,2022-11-04,902
308,2022-11-05,902
309,2022-11-06,902
310,2022-11-07,902
311,2022-11-08,902
312,2022-11-09,902
313,2022-11-10,902
314,2022-11-11,902
315,2022-11-12,902
316,2022-11-13,902
317,2022-11-14,902
318,2022-11-15,902
319,2022-11-16,902
320,2022-11-17,902
321,2022-11-18,902
322,2022-11-19,902
323,2022-11-20,902
324,2022-11-21,902
325,2022-11-22,902
326,2022-11-23,902
327,2022-11-24,902
328,2022-11-25,902
329,2022-11-26,902
330,2022-11-27,902
331,2022-11-28,902
332,2022-11-29,902
333,2022-11-30,902
334,2022-12-01,902
335,2022-12-02,902
336,2022-12-03,902
337,2022-12-04,902
338,2022-12-05,902
339,2022-12-06,902
340,2022-12-07,902
341,2022-12-08,902
342,2022-12-09,902
343,2022-12-10,902
344,2022-12-11,902
345,2022-12-12,902
346,2022-12-13,902
347,2022-12-14,902
348,2022-12-15,902
349,2022-12-16,902
350,2022-12-17,902
351,2022-12-18,902
352,2022-12-19,902
353,2022-12-20,902
354,2022-12-21,902
355,2022-12-22,902
356,2022-12-23,902
357,2022-12-24,902
358,2022-12-25,902
359,2022-12-26,902
360,2022-12-27,902
361,2022-12-28,902
362,2022-12-29,902
363,2022-12-30,902
364,2022-12-31,902
365,2021-01-01,924
366,2021-01-02,924
367,2021-01-03,924
368,2021-01-04,924
369,2021-01-05,924
370,2021-01-06,924
371,2021-01-07,924
372,2021-01-08,924
373,2021-01-09,924
374,2021-01-10,924
375,2021-01-11,924
376,2021-01-12,924
377,2021-01-13,924
378,2021-01-14,924
379,2021-01-15,924
380,2021-01-16,924
381,2021-01-17,924
382,2021-01-18,924
383,2021-01-19,924
384,2021-01-20,924
385,2021-01-21,924
386,2021-01-22,924
387,2021-01-23,924
388,2021-01-24,924
389,2021-01-25,924
390,2021-01-26,924
391,2021-01-27,924
392,2021-01-28,924
393,2021-01-29,924
394,2021-01-30,924
395,2021-01-31,924
396,2021-02-01,924
397,2021-02-02,924
398,2021-02-03,924
399,2021-02-04,924
400,2021-02-05,924
401,2021-02-06,924
402,2021-02-07,924
403,2021-02-08,924
404,2021-02-09,924
405,2021-02-10,924
406,2021-02-11,924
407,2021-02-12,924
408,2021-02-13,924
409,2021-02-14,924
410,2021-02-15,924
411,2021-02-16,924
412,2021-02-17,924
413,2021-02-18,924
414,2021-02-19,924
415,2021-02-20,924
416,2021-02-21,924
417,2021-02-22,924
418,2021-02-23,924
419,2021-02-24,924
420,2021-02-25,924
421,2021-02-26,924
422,2021-02-27,924
423,2021-02-28,924
424,2021-03-01,924
425,2021-03-02,924
426,2021-03-03,924
427,2021-03-04,924
428,2021-03-05,924
429,2021-03-06,924
430,2021-03-07,924
431,2021-03-08,924
432,2021-03-09,924
433,2021-03-10,924
434,2021-03-11,924
435,2021-03-12,924
436,2021-03-13,924
437,2021-03-14,924
438,2021-03-15,924
439,2021-03-16,924
440,2021-03-17,924
441,2021-03-18,924
442,2021-03-19,924
443,2021-03-20,924
444,2021-03-21,924
445,2021-03-22,924
446,2021-03-23,924
447,2021-03-24,924
448,2021-03-25,924
449,2021-03-26,924
450,2021-03-27,924
451,2021-03-28,924
452,2021-03-29,924
453,2021-03-30,924
454,2021-03-31,924
455,2021-04-01,924
456,2021-04-02,924
457,2021-04-03,924
458,2021-04-04,924
459,2021-04-05,924
460,2021-04-06,924
461,2021-04-07,924
462,2021-04-08,924
463,2021-04-09,924
464,2021-04-10,924
465,2021-04-11,924
466,2021-04-12,924
467,2021-04-13,924
468,2021-04-14,924
469,2021-04-15,924
470,2021-04-16,924
471,2021-04-17,924
472,2021-04-18,924
473,2021-04-19,924
474,2021-04-20,924
475,2021-04-21,924
476,2021-04-22,924
477,2021-04-23,924
478,2021-04-24,924
479,2021-04-25,924
480,2021-04-26,924
481,2021-04-27,924
482,2021-04-28,924
483,2021-04-29,924
484,2021-04-30,924
485,2021-05-01,924
486,2021-05-02,924
487,2021-05-03,924
488,2021-05-04,924
489,2021-05-05,924
490,2021-05-06,924
491,2021-05-07,924
492,2021-05-08,924
493,2021-05-09,924
494,2021-05-10,924
495,2021-05-11,924
496,2021-05-12,924
497,2021-05-13,924
498,2021-05-14,924
499,2021-05-15,924
500,2021-05-16,924
501,2021-05-17,924
502,2021-05-18,924
503,2021-05-19,924
504,2021-05-20,924
505,2021-05-21,924
506,2021-05-22,924
507,2021-05-23,924
508,2021-05-24,924
509,2021-05-25,924
510,2021-05-26,924
511,2021-05-27,924
512,2021-05-28,924
513,2021-05-29,924
514,2021-05-30,924
515,2021-05-31,924
516,2021-06-01,924
517,2021-06-02,924
518,2021-06-03,924
519,2021-06-04,924
520,2021-06-05,924
521,2021-06-06,924
522,2021-06-07,924
523,2021-06-08,924
524,2021-06-09,924
525,2021-06-10,924
526,2021-06-11,924
527,2021-06-12,924
528,2021-06-13,924
529,2021-06-14,924
530,2021-06-15,924
531,2021-06-16,924
532,2021-06-17,924
533,2021-06-18,924
534,2021-06-19,924
535,2021-06-20,924
536,2021-06-21,924
537,2021-06-22,924
538,2021-06-23,924
539,2021-06-24,924
540,2021-06-25,924
541,2021-06-26,924
542,2021-06-27,924
543,2021-06-28,924
544,2021-06-29,924
545,2021-06-30,924
546,2021-07-01,924
547,2021-07-02,924
548,2021-07-03,924
549,2021-07-04,924
550,2021-07-05,924
551,2021-07-06,924
552,2021-07-07,924
553,2021-07-08,924
554,2021-07-09,924
555,2021-07-10,924
556,2021-07-11,924
557,2021-07-12,924
558,2021-07-13,924
559,2021-07-14,924
560,2021-07-15,924
561,2021-07-16,924
562,2021-07-17,924
563,2021-07-18,924
564,2021-07-19,924
565,2021-07-20,924
566,2021-07-21,924
567,2021-07-22,924
568,2021-07-23,924
569,2021-07-24,924
570,2021-07-25,924
571,2021-07-26,924
572,2021-07-27,924
573,2021-07-28,924
574,2021-07-29,924
575,2021-07-30,924
576,2021-07-31,924
577,2021-08-01,924
578,2021-08-02,924
579,2021-08-03,924
580,2021-08-04,924
581,2021-08-05,924
582,2021-08-06,924
583,2021-08-07,924
584,2021-08-08,924
585,2021-08-09,924
586,2021-08-10,924
587,2021-08-11,924
588,2021-08-12,924
589,2021-08-13,924
590,2021-08-14,924
591,2021-08-15,924
592,2021-08-16,924
593,2021-08-17,924
594,2021-08-18,924
595,2021-08-19,924
596,2021-08-20,924
597,2021-08-21,924
598,2021-08-22,924
599,2021-08-23,924
600,2021-08-24,924
601,2021-08-25,924
602,2021-08-26,924
603,2021-08-27,924
604,2021-08-28,924
605,2021-08-29,924
606,2021-08-30,924
607,2021-08-31,924
608,2021-09-01,924
609,2021-09-02,924
610,2021-09-03,924
611,2021-09-04,924
612,2021-09-05,924
613,2021-09-06,924
614,2021-09-07,924
615,2021-09-08,924
616,2021-09-09,924
617,2021-09-10,924
618,2021-09-11,924
619,2021-09-12,924
620,2021-09-13,924
621,2021-09-14,924
622,2021-09-15,924
623,2021-09-16,924
624,2021-09-17,924
625,2021-09-18,924
626,2021-09-19,924
627,2021-09-20,924
628,2021-09-21,924
629,2021-09-22,924
630,2021-09-23,924
631,2021-09-24,924
632,2021-09-25,924
633,2021-09-26,924
634,2021-09-27,924
635,2021-09-28,924
636,2021-09-29,924
637,2021-09-30,924
638,2021-10-01,924
639,2021-10-02,924
640,2021-10-03,924
641,2021-10-04,924
642,2021-10-05,924
643,2021-10-06,924
644,2021-10-07,924
645,2021-10-08,924
646,2021-10-09,924
647,2021-10-10,924
648,2021-10-11,924
649,2021-10-12,924
650,2021-10-13,924
651,2021-10-14,924
652,2021-10-15,924
653,2021-10-16,924
654,2021-10-17,924
655,2021-10-18,924
656,2021-10-19,924
657,2021-10-20,924
658,2021-10-21,924
659,2021-10-22,924
660,2021-10-23,924
661,2021-10-24,924
662,2021-10-25,924
663,2021-10-26,924
664,2021-10-27,924
665,2021-10-28,924
666,2021-10-29,924
667,2021-10-30,924
668,2021-10-31,924
669,2021-11-01,924
670,2021-11-02,924
671,2021-11-03,924
672,2021-11-04,924
673,2021-11-05,924
674,2021-11-06,924
675,2021-11-07,924
676,2021-11-08,924
677,2021-11-09,924
678,2021-11-10,924
679,2021-11-11,924
680,2021-11-12,924
681,2021-11-13,924
682,2021-11-14,924
683,2021-11-15,924
684,2021-11-16,924
685,2021-11-17,924
686,2021-11-18,924
687,2021-11-19,924
688,2021-11-20,924
689,2021-11-21,924
690,2021-11-22,924
691,2021-11-23,924
692,2021-11-24,924
693,2021-11-25,924
694,2021-11-26,924
695,2021-11-27,924
696,2021-11-28,924
697,2021-11-29,924
698,2021-11-30,924
699,2021-12-01,924
700,2021-12-02,924
701,2021-12-03,924
702,2021-12-04,924
703,2021-12-05,924
704,2021-12-06,924
705,2021-12-07,924
706,2021-12-08,924
707,2021-12-09,924
708,2021-12-10,924
709,2021-12-11,924
710,2021-12-12,924
711,2021-12-13,924
712,2021-12-14,924
713,2021-12-15,924
714,2021-12-16,924
715,2021-12-17,924
716,2021-12-18,924
717,2021-12-19,924
718,2021-12-20,924
719,2021-12-21,924
720,2021-12-22,924
721,2021-12-23,924
722,2021-12-24,924
723,2021-12-25,924
724,2021-12-26,924
725,2021-12-27,924
726,2021-12-28,924
727,2021-12-29,924
728,2021-12-30,924
729,2021-12-31,924
730,2020-01-01,932
731,2020-01-02,932
732,2020-01-03,932
733,2020-01-04,932
734,2020-01-05,932
735,2020-01-06,932
736,2020-01-07,932
737,2020-01-08,932
738,2020-01-09,932
739,2020-01-10,932
740,2020-01-11,932
741,2020-01-12,932
742,2020-01-13,932
743,2020-01-14,932
744,2020-01-15,932
745,2020-01-16,932
746,2020-01-17,932
747,2020-01-18,932
748,2020-01-19,932
749,2020-01-20,932
750,2020-01-21,932
751,2020-01-22,932
752,2020-01-23,932
753,2020-01-24,932
754,2020-01-25,932
755,2020-01-26,932
756,2020-01-27,932
757,2020-01-28,932
758,2020-01-29,932
759,2020-01-30,932
760,2020-01-31,932
761,2020-02-01,932
762,2020-02-02,932
763,2020-02-03,932
764,2020-02-04,932
765,2020-02-05,932
766,2020-02-06,932
767,2020-02-07,932
768,2020-02-08,932
769,2020-02-09,932
770,2020-02-10,932
771,2020-02-11,932
772,2020-02-12,932
773,2020-02-13,932
774,2020-02-14,932
775,2020-02-15,932
776,2020-02-16,932
777,2020-02-17,932
778,2020-02-18,932
779,2020-02-19,932
780,2020-02-20,932
781,2020-02-21,932
782,2020-02-22,932
783,2020-02-23,932
784,2020-02-24,932
785,2020-02-25,932
786,2020-02-26,932
787,2020-02-27,932
788,2020-02-28,932
789,2020-02-29,932
790,2020-03-01,932
791,2020-03-02,932
792,2020-03-03,932
793,2020-03-04,932
794,2020-03-05,932
795,2020-03-06,932
796,2020-03-07,932
797,2020-03-08,932
798,2020-03-09,932
799,2020-03-10,932
800,2020-03-11,932
801,2020-03-12,932
802,2020-03-13,932
803,2020-03-14,932
804,2020-03-15,932
805,2020-03-16,932
806,2020-03-17,932
807,2020-03-18,932
808,2020-03-19,932
809,2020-03-20,932
810,2020-03-21,932
811,2020-03-22,932
812,2020-03-23,932
813,2020-03-24,932
814,2020-03-25,932
815,2020-03-26,932
816,2020-03-27,932
817,2020-03-28,932
818,2020-03-29,932
819,2020-03-30,932
820,2020-03-31,932
821,2020-04-01,932
822,2020-04-02,932
823,2020-04-03,932
824,2020-04-04,932
825,2020-04-05,932
826,2020-04-06,932
827,2020-04-07,932
828,2020-04-08,932
829,2020-04-09,932
830,2020-04-10,932
831,2020-04-11,932
832,2020-04-12,932
833,2020-04-13,932
834,2020-04-14,932
835,2020-04-15,932
836,2020-04-16,932
837,2020-04-17,932
838,2020-04-18,932
839,2020-04-19,932
840,2020-04-20,932
841,2020-04-21,932
842,2020-04-22,932
843,2020-04-23,932
844,2020-04-24,932
845,2020-04-25,932
846,2020-04-26,932
847,2020-04-27,932
848,2020-04-28,932
849,2020-04-29,932
850,2020-04-30,932
851,2020-05-01,932
852,2020-05-02,932
853,2020-05-03,932
854,2020-05-04,932
855,2020-05-05,932
856,2020-05-06,932
857,2020-05-07,932
858,2020-05-08,932
859,2020-05-09,932
860,2020-05-10,932
861,2020-05-11,932
862,2020-05-12,932
863,2020-05-13,932
864,2020-05-14,932
865,2020-05-15,932
866,2020-05-16,932
867,2020-05-17,932
868,2020-05-18,932
869,2020-05-19,932
870,2020-05-20,932
871,2020-05-21,932
872,2020-05-22,932
873,2020-05-23,932
874,2020-05-24,932
875,2020-05-25,932
876,2020-05-26,932
877,2020-05-27,932
878,2020-05-28,932
879,2020-05-29,932
880,2020-05-30,932
881,2020-05-31,932
882,2020-06-01,932
883,2020-06-02,932
884,2020-06-03,932
885,2020-06-04,932
886,2020-06-05,932
887,2020-06-06,932
888,2020-06-07,932
889,2020-06-08,932
890,2020-06-09,932
891,2020-06-10,932
892,2020-06-11,932
893,2020-06-12,932
894,2020-06-13,932
895,2020-06-14,932
896,2020-06-15,932
897,2020-06-16,932
898,2020-06-17,932
899,2020-06-18,932
900,2020-06-19,932
901,2020-06-20,932
902,2020-06-21,932
903,2020-06-22,932
904,2020-06-23,932
905,2020-06-24,932
906,2020-06-25,932
907,2020-06-26,932
908,2020-06-27,932
909,2020-06-28,932
910,2020-06-29,932
911,2020-06-30,932
912,2020-07-01,932
913,2020-07-02,932
914,2020-07-03,932
915,2020-07-04,932
916,2020-07-05,932
917,2020-07-06,932
918,2020-07-07,932
919,2020-07-08,932
920,2020-07-09,932
921,2020-07-10,932
922,2020-07-11,932
923,2020-07-12,932
924,2020-07-13,932
925,2020-07-14,932
926,2020-07-15,932
927,2020-07-16,932
928,2020-07-17,932
929,2020-07-18,932
930,2020-07-19,932
931,2020-07-20,932
932,2020-07-21,932
933,2020-07-22,932
934,2020-07-23,932
935,2020-07-24,932
936,2020-07-25,932
937,2020-07-26,932
938,2020-07-27,932
939,2020-07-28,932
940,2020-07-29,932
941,2020-07-30,932
942,2020-07-31,932
943,2020-08-01,932
944,2020-08-02,932
945,2020-08-03,932
946,2020-08-04,932
947,2020-08-05,932
948,2020-08-06,932
949,2020-08-07,932
950,2020-08-08,932
951,2020-08-09,932
952,2020-08-10,932
953,2020-08-11,932
954,2020-08-12,932
955,2020-08-13,932
956,2020-08-14,932
957,2020-08-15,932
958,2020-08-16,932
959,2020-08-17,932
960,2020-08-18,932
961,2020-08-19,932
962,2020-08-20,932
963,2020-08-21,932
964,2020-08-22,932
965,2020-08-23,932
966,2020-08-24,932
967,2020-08-25,932
968,2020-08-26,932
969,2020-08-27,932
970,2020-08-28,932
971,2020-08-29,932
972,2020-08-30,932
973,2020-08-31,932
974,2020-09-01,932
975,2020-09-02,932
976,2020-09-03,932
977,2020-09-04,932
978,2020-09-05,932
979,2020-09-06,932
980,2020-09-07,932
981,2020-09-08,932
982,2020-09-09,932
983,2020-09-10,932
984,2020-09-11,932
985,2020-09-12,932
986,2020-09-13,932
987,2020-09-14,932
988,2020-09-15,932
989,2020-09-16,932
990,2020-09-17,932
991,2020-09-18,932
992,2020-09-19,932
993,2020-09-20,932
994,2020-09-21,932
995,2020-09-22,932
996,2020-09-23,932
997,2020-09-24,932
998,2020-09-25,932
999,2020-09-26,932
1000,2020-09-27,932
1001,2020-09-28,932
1002,2020-09-29,932
1003,2020-09-30,932
1004,2020-10-01,932
1005,2020-10-02,932
1006,2020-10-03,932
1007,2020-10-04,932
1008,2020-10-05,932
1009,2020-10-06,932
1010,2020-10-07,932
1011,2020-10-08,932
1012,2020-10-09,932
1013,2020-10-10,932
1014,2020-10-11,932
1015,2020-10-12,932
1016,2020-10-13,932
1017,2020-10-14,932
1018,2020-10-15,932
1019,2020-10-16,932
1020,2020-10-17,932
1021,2020-10-18,932
1022,2020-10-19,932
1023,2020-10-20,932
1024,2020-10-21,932
1025,2020-10-22,932
1026,2020-10-23,932
1027,2020-10-24,932
1028,2020-10-25,932
1029,2020-10-26,932
1030,2020-10-27,932
1031,2020-10-28,932
1032,2020-10-29,932
1033,2020-10-30,932
1034,2020-10-31,932
1035,2020-11-01,932
1036,2020-11-02,932
1037,2020-11-03,932
1038,2020-11-04,932
1039,2020-11-05,932
1040,2020-11-06,932
1041,2020-11-07,932
1042,2020-11-08,932
1043,2020-11-09,932
1044,2020-11-10,932
1045,2020-11-11,932
1046,2020-11-12,932
1047,2020-11-13,932
1048,2020-11-14,932
1049,2020-11-15,932
1050,2020-11-16,932
1051,2020-11-17,932
1052,2020-11-18,932
1053,2020-11-19,932
1054,2020-11-20,932
1055,2020-11-21,932
1056,2020-11-22,932
1057,2020-11-23,932
1058,2020-11-24,932
1059,2020-11-25,932
1060,2020-11-26,932
1061,2020-11-27,932
1062,2020-11-28,932
1063,2020-11-29,932
1064,2020-11-30,932
1065,2020-12-01,932
1066,2020-12-02,932
1067,2020-12-03,932
1068,2020-12-04,932
1069,2020-12-05,932
1070,2020-12-06,932
1071,2020-12-07,932
1072,2020-12-08,932
1073,2020-12-09,932
1074,2020-12-10,932
1075,2020-12-11,932
1076,2020-12-12,932
1077,2020-12-13,932
1078,2020-12-14,932
1079,2020-12-15,932
1080,2020-12-16,932
1081,2020-12-17,932
1082,2020-12-18,932
1083,2020-12-19,932
1084,2020-12-20,932
1085,2020-12-21,932
1086,2020-12-22,932
1087,2020-12-23,932
1088,2020-12-24,932
1089,2020-12-25,932
1090,2020-12-26,932
1091,2020-12-27,932
1092,2020-12-28,932
1093,2020-12-29,932
1094,2020-12-30,932
1095,2020-12-31,932
1096,2019-01-01,987
1097,2019-01-02,987
1098,2019-01-03,987
1099,2019-01-04,987
1100,2019-01-05,987
1101,2019-01-06,987
1102,2019-01-07,987
1103,2019-01-08,987
1104,2019-01-09,987
1105,2019-01-10,987
1106,2019-01-11,987
1107,2019-01-12,987
1108,2019-01-13,987
1109,2019-01-14,987
1110,2019-01-15,987
1111,2019-01-16,987
1112,2019-01-17,987
1113,2019-01-18,987
1114,2019-01-19,987
1115,2019-01-20,987
1116,2019-01-21,987
1117,2019-01-22,987
1118,2019-01-23,987
1119,2019-01-24,987
1120,2019-01-25,987
1121,2019-01-26,987
1122,2019-01-27,987
1123,2019-01-28,987
1124,2019-01-29,987
1125,2019-01-30,987
1126,2019-01-31,987
1127,2019-02-01,987
1128,2019-02-02,987
1129,2019-02-03,987
1130,2019-02-04,987
1131,2019-02-05,987
1132,2019-02-06,987
1133,2019-02-07,987
1134,2019-02-08,987
1135,2019-02-09,987
1136,2019-02-10,987
1137,2019-02-11,987
1138,2019-02-12,987
1139,2019-02-13,987
1140,2019-02-14,987
1141,2019-02-15,987
1142,2019-02-16,987
1143,2019-02-17,987
1144,2019-02-18,987
1145,2019-02-19,987
1146,2019-02-20,987
1147,2019-02-21,987
1148,2019-02-22,987
1149,2019-02-23,987
1150,2019-02-24,987
1151,2019-02-25,987
1152,2019-02-26,987
1153,2019-02-27,987
1154,2019-02-28,987
1155,2019-03-01,987
1156,2019-03-02,987
1157,2019-03-03,987
1158,2019-03-04,987
1159,2019-03-05,987
1160,2019-03-06,987
1161,2019-03-07,987
1162,2019-03-08,987
1163,2019-03-09,987
1164,2019-03-10,987
1165,2019-03-11,987
1166,2019-03-12,987
1167,2019-03-13,987
1168,2019-03-14,987
1169,2019-03-15,987
1170,2019-03-16,987
1171,2019-03-17,987
1172,2019-03-18,987
1173,2019-03-19,987
1174,2019-03-20,987
1175,2019-03-21,987
1176,2019-03-22,987
1177,2019-03-23,987
1178,2019-03-24,987
1179,2019-03-25,987
1180,2019-03-26,987
1181,2019-03-27,987
1182,2019-03-28,987
1183,2019-03-29,987
1184,2019-03-30,987
1185,2019-03-31,987
1186,2019-04-01,987
1187,2019-04-02,987
1188,2019-04-03,987
1189,2019-04-04,987
1190,2019-04-05,987
1191,2019-04-06,987
1192,2019-04-07,987
1193,2019-04-08,987
1194,2019-04-09,987
1195,2019-04-10,987
1196,2019-04-11,987
1197,2019-04-12,987
1198,2019-04-13,987
1199,2019-04-14,987
1200,2019-04-15,987
1201,2019-04-16,987
1202,2019-04-17,987
1203,2019-04-18,987
1204,2019-04-19,987
1205,2019-04-20,987
1206,2019-04-21,987
1207,2019-04-22,987
1208,2019-04-23,987
1209,2019-04-24,987
1210,2019-04-25,987
1211,2019-04-26,987
1212,2019-04-27,987
1213,2019-04-28,987
1214,2019-04-29,987
1215,2019-04-30,987
1216,2019-05-01,987
1217,2019-05-02,987
1218,2019-05-03,987
1219,2019-05-04,987
1220,2019-05-05,987
1221,2019-05-06,987
1222,2019-05-07,987
1223,2019-05-08,987
1224,2019-05-09,987
1225,2019-05-10,987
1226,2019-05-11,987
1227,2019-05-12,987
1228,2019-05-13,987
1229,2019-05-14,987
1230,2019-05-15,987
1231,2019-05-16,987
1232,2019-05-17,987
1233,2019-05-18,987
1234,2019-05-19,987
1235,2019-05-20,987
1236,2019-05-21,987
1237,2019-05-22,987
1238,2019-05-23,987
1239,2019-05-24,987
1240,2019-05-25,987
1241,2019-05-26,987
1242,2019-05-27,987
1243,2019-05-28,987
1244,2019-05-29,987
1245,2019-05-30,987
1246,2019-05-31,987
1247,2019-06-01,987
1248,2019-06-02,987
1249,2019-06-03,987
1250,2019-06-04,987
1251,2019-06-05,987
1252,2019-06-06,987
1253,2019-06-07,987
1254,2019-06-08,987
1255,2019-06-09,987
1256,2019-06-10,987
1257,2019-06-11,987
1258,2019-06-12,987
1259,2019-06-13,987
1260,2019-06-14,987
1261,2019-06-15,987
1262,2019-06-16,987
1263,2019-06-17,987
1264,2019-06-18,987
1265,2019-06-19,987
1266,2019-06-20,987
1267,2019-06-21,987
1268,2019-06-22,987
1269,2019-06-23,987
1270,2019-06-24,987
1271,2019-06-25,987
1272,2019-06-26,987
1273,2019-06-27,987
1274,2019-06-28,987
1275,2019-06-29,987
1276,2019-06-30,987
1277,2019-07-01,987
1278,2019-07-02,987
1279,2019-07-03,987
1280,2019-07-04,987
1281,2019-07-05,987
1282,2019-07-06,987
1283,2019-07-07,987
1284,2019-07-08,987
1285,2019-07-09,987
1286,2019-07-10,987
1287,2019-07-11,987
1288,2019-07-12,987
1289,2019-07-13,987
1290,2019-07-14,987
1291,2019-07-15,987
1292,2019-07-16,987
1293,2019-07-17,987
1294,2019-07-18,987
1295,2019-07-19,987
1296,2019-07-20,987
1297,2019-07-21,987
1298,2019-07-22,987
1299,2019-07-23,987
1300,2019-07-24,987
1301,2019-07-25,987
1302,2019-07-26,987
1303,2019-07-27,987
1304,2019-07-28,987
1305,2019-07-29,987
1306,2019-07-30,987
1307,2019-07-31,987
1308,2019-08-01,987
1309,2019-08-02,987
1310,2019-08-03,987
1311,2019-08-04,987
1312,2019-08-05,987
1313,2019-08-06,987
1314,2019-08-07,987
1315,2019-08-08,987
1316,2019-08-09,987
1317,2019-08-10,987
1318,2019-08-11,987
1319,2019-08-12,987
1320,2019-08-13,987
1321,2019-08-14,987
1322,2019-08-15,987
1323,2019-08-16,987
1324,2019-08-17,987
1325,2019-08-18,987
1326,2019-08-19,987
1327,2019-08-20,987
1328,2019-08-21,987
1329,2019-08-22,987
1330,2019-08-23,987
1331,2019-08-24,987
1332,2019-08-25,987
1333,2019-08-26,987
1334,2019-08-27,987
1335,2019-08-28,987
1336,2019-08-29,987
1337,2019-08-30,987
1338,2019-08-31,987
1339,2019-09-01,987
1340,2019-09-02,987
1341,2019-09-03,987
1342,2019-09-04,987
1343,2019-09-05,987
1344,2019-09-06,987
1345,2019-09-07,987
1346,2019-09-08,987
1347,2019-09-09,987
1348,2019-09-10,987
1349,2019-09-11,987
1350,2019-09-12,987
1351,2019-09-13,987
1352,2019-09-14,987
1353,2019-09-15,987
1354,2019-09-16,987
1355,2019-09-17,987
1356,2019-09-18,987
1357,2019-09-19,987
1358,2019-09-20,987
1359,2019-09-21,987
1360,2019-09-22,987
1361,2019-09-23,987
1362,2019-09-24,987
1363,2019-09-25,987
1364,2019-09-26,987
1365,2019-09-27,987
1366,2019-09-28,987
1367,2019-09-29,987
1368,2019-09-30,987
1369,2019-10-01,987
1370,2019-10-02,987
1371,2019-10-03,987
1372,2019-10-04,987
1373,2019-10-05,987
1374,2019-10-06,987
1375,2019-10-07,987
1376,2019-10-08,987
1377,2019-10-09,987
1378,2019-10-10,987
1379,2019-10-11,987
1380,2019-10-12,987
1381,2019-10-13,987
1382,2019-10-14,987
1383,2019-10-15,987
1384,2019-10-16,987
1385,2019-10-17,987
1386,2019-10-18,987
1387,2019-10-19,987
1388,2019-10-20,987
1389,2019-10-21,987
1390,2019-10-22,987
1391,2019-10-23,987
1392,2019-10-24,987
1393,2019-10-25,987
1394,2019-10-26,987
1395,2019-10-27,987
1396,2019-10-28,987
1397,2019-10-29,987
1398,2019-10-30,987
1399,2019-10-31,987
1400,2019-11-01,987
1401,2019-11-02,987
1402,2019-11-03,987
1403,2019-11-04,987
1404,2019-11-05,987
1405,2019-11-06,987
1406,2019-11-07,987
1407,2019-11-08,987
1408,2019-11-09,987
1409,2019-11-10,987
1410,2019-11-11,987
1411,2019-11-12,987
1412,2019-11-13,987
1413,2019-11-14,987
1414,2019-11-15,987
1415,2019-11-16,987
1416,2019-11-17,987
1417,2019-11-18,987
1418,2019-11-19,987
1419,2019-11-20,987
1420,2019-11-21,987
1421,2019-11-22,987
1422,2019-11-23,987
1423,2019-11-24,987
1424,2019-11-25,987
1425,2019-11-26,987
1426,2019-11-27,987
1427,2019-11-28,987
1428,2019-11-29,987
1429,2019-11-30,987
1430,2019-12-01,987
1431,2019-12-02,987
1432,2019-12-03,987
1433,2019-12-04,987
1434,2019-12-05,987
1435,2019-12-06,987
1436,2019-12-07,987
1437,2019-12-08,987
1438,2019-12-09,987
1439,2019-12-10,987
1440,2019-12-11,987
1441,2019-12-12,987
1442,2019-12-13,987
1443,2019-12-14,987
1444,2019-12-15,987
1445,2019-12-16,987
1446,2019-12-17,987
1447,2019-12-18,987
1448,2019-12-19,987
1449,2019-12-20,987
1450,2019-12-21,987
1451,2019-12-22,987
1452,2019-12-23,987
1453,2019-12-24,987
1454,2019-12-25,987
1455,2019-12-26,987
1456,2019-12-27,987
1457,2019-12-28,987
1458,2019-12-29,987
1459,2019-12-30,987
1460,2019-12-31,987
1461,2018-01-01,1021
1462,2018-01-02,1021
1463,2018-01-03,1021
1464,2018-01-04,1021
1465,2018-01-05,1021
1466,2018-01-06,1021
1467,2018-01-07,1021
1468,2018-01-08,1021
1469,2018-01-09,1021
1470,2018-01-10,1021
1471,2018-01-11,1021
1472,2018-01-12,1021
1473,2018-01-13,1021
1474,2018-01-14,1021
1475,2018-01-15,1021
1476,2018-01-16,1021
1477,2018-01-17,1021
1478,2018-01-18,1021
1479,2018-01-19,1021
1480,2018-01-20,1021
1481,2018-01-21,1021
1482,2018-01-22,1021
1483,2018-01-23,1021
1484,2018-01-24,1021
1485,2018-01-25,1021
1486,2018-01-26,1021
1487,2018-01-27,1021
1488,2018-01-28,1021
1489,2018-01-29,1021
1490,2018-01-30,1021
1491,2018-01-31,1021
1492,2018-02-01,1021
1493,2018-02-02,1021
1494,2018-02-03,1021
1495,2018-02-04,1021
1496,2018-02-05,1021
1497,2018-02-06,1021
1498,2018-02-07,1021
1499,2018-02-08,1021
1500,2018-02-09,1021
1501,2018-02-10,1021
1502,2018-02-11,1021
1503,2018-02-12,1021
1504,2018-02-13,1021
1505,2018-02-14,1021
1506,2018-02-15,1021
1507,2018-02-16,1021
1508,2018-02-17,1021
1509,2018-02-18,1021
1510,2018-02-19,1021
1511,2018-02-20,1021
1512,2018-02-21,1021
1513,2018-02-22,1021
1514,2018-02-23,1021
1515,2018-02-24,1021
1516,2018-02-25,1021
1517,2018-02-26,1021
1518,2018-02-27,1021
1519,2018-02-28,1021
1520,2018-03-01,1021
1521,2018-03-02,1021
1522,2018-03-03,1021
1523,2018-03-04,1021
1524,2018-03-05,1021
1525,2018-03-06,1021
1526,2018-03-07,1021
1527,2018-03-08,1021
1528,2018-03-09,1021
1529,2018-03-10,1021
1530,2018-03-11,1021
1531,2018-03-12,1021
1532,2018-03-13,1021
1533,2018-03-14,1021
1534,2018-03-15,1021
1535,2018-03-16,1021
1536,2018-03-17,1021
1537,2018-03-18,1021
1538,2018-03-19,1021
1539,2018-03-20,1021
1540,2018-03-21,1021
1541,2018-03-22,1021
1542,2018-03-23,1021
1543,2018-03-24,1021
1544,2018-03-25,1021
1545,2018-03-26,1021
1546,2018-03-27,1021
1547,2018-03-28,1021
1548,2018-03-29,1021
1549,2018-03-30,1021
1550,2018-03-31,1021
1551,2018-04-01,1021
1552,2018-04-02,1021
1553,2018-04-03,1021
1554,2018-04-04,1021
1555,2018-04-05,1021
1556,2018-04-06,1021
1557,2018-04-07,1021
1558,2018-04-08,1021
1559,2018-04-09,1021
1560,2018-04-10,1021
1561,2018-04-11,1021
1562,2018-04-12,1021
1563,2018-04-13,1021
1564,2018-04-14,1021
1565,2018-04-15,1021
1566,2018-04-16,1021
1567,2018-04-17,1021
1568,2018-04-18,1021
1569,2018-04-19,1021
1570,2018-04-20,1021
1571,2018-04-21,1021
1572,2018-04-22,1021
1573,2018-04-23,1021
1574,2018-04-24,1021
1575,2018-04-25,1021
1576,2018-04-26,1021
1577,2018-04-27,1021
1578,2018-04-28,1021
1579,2018-04-29,1021
1580,2018-04-30,1021
1581,2018-05-01,1021
1582,2018-05-02,1021
1583,2018-05-03,1021
1584,2018-05-04,1021
1585,2018-05-05,1021
1586,2018-05-06,1021
1587,2018-05-07,1021
1588,2018-05-08,1021
1589,2018-05-09,1021
1590,2018-05-10,1021
1591,2018-05-11,1021
1592,2018-05-12,1021
1593,2018-05-13,1021
1594,2018-05-14,1021
1595,2018-05-15,1021
1596,2018-05-16,1021
1597,2018-05-17,1021
1598,2018-05-18,1021
1599,2018-05-19,1021
1600,2018-05-20,1021
1601,2018-05-21,1021
1602,2018-05-22,1021
1603,2018-05-23,1021
1604,2018-05-24,1021
1605,2018-05-25,1021
1606,2018-05-26,1021
1607,2018-05-27,1021
1608,2018-05-28,1021
1609,2018-05-29,1021
1610,2018-05-30,1021
1611,2018-05-31,1021
1612,2018-06-01,1021
1613,2018-06-02,1021
1614,2018-06-03,1021
1615,2018-06-04,1021
1616,2018-06-05,1021
1617,2018-06-06,1021
1618,2018-06-07,1021
1619,2018-06-08,1021
1620,2018-06-09,1021
1621,2018-06-10,1021
1622,2018-06-11,1021
1623,2018-06-12,1021
1624,2018-06-13,1021
1625,2018-06-14,1021
1626,2018-06-15,1021
1627,2018-06-16,1021
1628,2018-06-17,1021
1629,2018-06-18,1021
1630,2018-06-19,1021
1631,2018-06-20,1021
1632,2018-06-21,1021
1633,2018-06-22,1021
1634,2018-06-23,1021
1635,2018-06-24,1021
1636,2018-06-25,1021
1637,2018-06-26,1021
1638,2018-06-27,1021
1639,2018-06-28,1021
1640,2018-06-29,1021
1641,2018-06-30,1021
1642,2018-07-01,1021
1643,2018-07-02,1021
1644,2018-07-03,1021
1645,2018-07-04,1021
1646,2018-07-05,1021
1647,2018-07-06,1021
1648,2018-07-07,1021
1649,2018-07-08,1021
1650,2018-07-09,1021
1651,2018-07-10,1021
1652,2018-07-11,1021
1653,2018-07-12,1021
1654,2018-07-13,1021
1655,2018-07-14,1021
1656,2018-07-15,1021
1657,2018-07-16,1021
1658,2018-07-17,1021
1659,2018-07-18,1021
1660,2018-07-19,1021
1661,2018-07-20,1021
1662,2018-07-21,1021
1663,2018-07-22,1021
1664,2018-07-23,1021
1665,2018-07-24,1021
1666,2018-07-25,1021
1667,2018-07-26,1021
1668,2018-07-27,1021
1669,2018-07-28,1021
1670,2018-07-29,1021
1671,2018-07-30,1021
1672,2018-07-31,1021
1673,2018-08-01,1021
1674,2018-08-02,1021
1675,2018-08-03,1021
1676,2018-08-04,1021
1677,2018-08-05,1021
1678,2018-08-06,1021
1679,2018-08-07,1021
1680,2018-08-08,1021
1681,2018-08-09,1021
1682,2018-08-10,1021
1683,2018-08-11,1021
1684,2018-08-12,1021
1685,2018-08-13,1021
1686,2018-08-14,1021
1687,2018-08-15,1021
1688,2018-08-16,1021
1689,2018-08-17,1021
1690,2018-08-18,1021
1691,2018-08-19,1021
1692,2018-08-20,1021
1693,2018-08-21,1021
1694,2018-08-22,1021
1695,2018-08-23,1021
1696,2018-08-24,1021
1697,2018-08-25,1021
1698,2018-08-26,1021
1699,2018-08-27,1021
1700,2018-08-28,1021
1701,2018-08-29,1021
1702,2018-08-30,1021
1703,2018-08-31,1021
1704,2018-09-01,1021
1705,2018-09-02,1021
1706,2018-09-03,1021
1707,2018-09-04,1021
1708,2018-09-05,1021
1709,2018-09-06,1021
1710,2018-09-07,1021
1711,2018-09-08,1021
1712,2018-09-09,1021
1713,2018-09-10,1021
1714,2018-09-11,1021
1715,2018-09-12,1021
1716,2018-09-13,1021
1717,2018-09-14,1021
1718,2018-09-15,1021
1719,2018-09-16,1021
1720,2018-09-17,1021
1721,2018-09-18,1021
1722,2018-09-19,1021
1723,2018-09-20,1021
1724,2018-09-21,1021
1725,2018-09-22,1021
1726,2018-09-23,1021
1727,2018-09-24,1021
1728,2018-09-25,1021
1729,2018-09-26,1021
1730,2018-09-27,1021
1731,2018-09-28,1021
1732,2018-09-29,1021
1733,2018-09-30,1021
1734,2018-10-01,1021
1735,2018-10-02,1021
1736,2018-10-03,1021
1737,2018-10-04,1021
1738,2018-10-05,1021
1739,2018-10-06,1021
1740,2018-10-07,1021
1741,2018-10-08,1021
1742,2018-10-09,1021
1743,2018-10-10,1021
1744,2018-10-11,1021
1745,2018-10-12,1021
1746,2018-10-13,1021
1747,2018-10-14,1021
1748,2018-10-15,1021
1749,2018-10-16,1021
1750,2018-10-17,1021
1751,2018-10-18,1021
1752,2018-10-19,1021
1753,2018-10-20,1021
1754,2018-10-21,1021
1755,2018-10-22,1021
1756,2018-10-23,1021
1757,2018-10-24,1021
1758,2018-10-25,1021
1759,2018-10-26,1021
1760,2018-10-27,1021
1761,2018-10-28,1021
1762,2018-10-29,1021
1763,2018-10-30,1021
1764,2018-10-31,1021
1765,2018-11-01,1021
1766,2018-11-02,1021
1767,2018-11-03,1021
1768,2018-11-04,1021
1769,2018-11-05,1021
1770,2018-11-06,1021
1771,2018-11-07,1021
1772,2018-11-08,1021
1773,2018-11-09,1021
1774,2018-11-10,1021
1775,2018-11-11,1021
1776,2018-11-12,1021
1777,2018-11-13,1021
1778,2018-11-14,1021
1779,2018-11-15,1021
1780,2018-11-16,1021
1781,2018-11-17,1021
1782,2018-11-18,1021
1783,2018-11-19,1021
1784,2018-11-20,1021
1785,2018-11-21,1021
1786,2018-11-22,1021
1787,2018-11-23,1021
1788,2018-11-24,1021
1789,2018-11-25,1021
1790,2018-11-26,1021
1791,2018-11-27,1021
1792,2018-11-28,1021
1793,2018-11-29,1021
1794,2018-11-30,1021
1795,2018-12-01,1021
1796,2018-12-02,1021
1797,2018-12-03,1021
1798,2018-12-04,1021
1799,2018-12-05,1021
1800,2018-12-06,1021
1801,2018-12-07,1021
1802,2018-12-08,1021
1803,2018-12-09,1021
1804,2018-12-10,1021
1805,2018-12-11,1021
1806,2018-12-12,1021
1807,2018-12-13,1021
1808,2018-12-14,1021
1809,2018-12-15,1021
1810,2018-12-16,1021
1811,2018-12-17,1021
1812,2018-12-18,1021
1813,2018-12-19,1021
1814,2018-12-20,1021
1815,2018-12-21,1021
1816,2018-12-22,1021
1817,2018-12-23,1021
1818,2018-12-24,1021
1819,2018-12-25,1021
1820,2018-12-26,1021
1821,2018-12-27,1021
1822,2018-12-28,1021
1823,2018-12-29,1021
1824,2018-12-30,1021
1825,2018-12-31,1021
1826,2017-01-01,1077
1827,2017-01-02,1077
1828,2017-01-03,1077
1829,2017-01-04,1077
1830,2017-01-05,1077
1831,2017-01-06,1077
1832,2017-01-07,1077
1833,2017-01-08,1077
1834,2017-01-09,1077
1835,2017-01-10,1077
1836,2017-01-11,1077
1837,2017-01-12,1077
1838,2017-01-13,1077
1839,2017-01-14,1077
1840,2017-01-15,1077
1841,2017-01-16,1077
1842,2017-01-17,1077
1843,2017-01-18,1077
1844,2017-01-19,1077
1845,2017-01-20,1077
1846,2017-01-21,1077
1847,2017-01-22,1077
1848,2017-01-23,1077
1849,2017-01-24,1077
1850,2017-01-25,1077
1851,2017-01-26,1077
1852,2017-01-27,1077
1853,2017-01-28,1077
1854,2017-01-29,1077
1855,2017-01-30,1077
1856,2017-01-31,1077
1857,2017-02-01,1077
1858,2017-02-02,1077
1859,2017-02-03,1077
1860,2017-02-04,1077
1861,2017-02-05,1077
1862,2017-02-06,1077
1863,2017-02-07,1077
1864,2017-02-08,1077
1865,2017-02-09,1077
1866,2017-02-10,1077
1867,2017-02-11,1077
1868,2017-02-12,1077
1869,2017-02-13,1077
1870,2017-02-14,1077
1871,2017-02-15,1077
1872,2017-02-16,1077
1873,2017-02-17,1077
1874,2017-02-18,1077
1875,2017-02-19,1077
1876,2017-02-20,1077
1877,2017-02-21,1077
1878,2017-02-22,1077
1879,2017-02-23,1077
1880,2017-02-24,1077
1881,2017-02-25,1077
1882,2017-02-26,1077
1883,2017-02-27,1077
1884,2017-02-28,1077
1885,2017-03-01,1077
1886,2017-03-02,1077
1887,2017-03-03,1077
1888,2017-03-04,1077
1889,2017-03-05,1077
1890,2017-03-06,1077
1891,2017-03-07,1077
1892,2017-03-08,1077
1893,2017-03-09,1077
1894,2017-03-10,1077
1895,2017-03-11,1077
1896,2017-03-12,1077
1897,2017-03-13,1077
1898,2017-03-14,1077
1899,2017-03-15,1077
1900,2017-03-16,1077
1901,2017-03-17,1077
1902,2017-03-18,1077
1903,2017-03-19,1077
1904,2017-03-20,1077
1905,2017-03-21,1077
1906,2017-03-22,1077
1907,2017-03-23,1077
1908,2017-03-24,1077
1909,2017-03-25,1077
1910,2017-03-26,1077
1911,2017-03-27,1077
1912,2017-03-28,1077
1913,2017-03-29,1077
1914,2017-03-30,1077
1915,2017-03-31,1077
1916,2017-04-01,1077
1917,2017-04-02,1077
1918,2017-04-03,1077
1919,2017-04-04,1077
1920,2017-04-05,1077
1921,2017-04-06,1077
1922,2017-04-07,1077
1923,2017-04-08,1077
1924,2017-04-09,1077
1925,2017-04-10,1077
1926,2017-04-11,1077
1927,2017-04-12,1077
1928,2017-04-13,1077
1929,2017-04-14,1077
1930,2017-04-15,1077
1931,2017-04-16,1077
1932,2017-04-17,1077
1933,2017-04-18,1077
1934,2017-04-19,1077
1935,2017-04-20,1077
1936,2017-04-21,1077
1937,2017-04-22,1077
1938,2017-04-23,1077
1939,2017-04-24,1077
1940,2017-04-25,1077
1941,2017-04-26,1077
1942,2017-04-27,1077
1943,2017-04-28,1077
1944,2017-04-29,1077
1945,2017-04-30,1077
1946,2017-05-01,1077
1947,2017-05-02,1077
1948,2017-05-03,1077
1949,2017-05-04,1077
1950,2017-05-05,1077
1951,2017-05-06,1077
1952,2017-05-07,1077
1953,2017-05-08,1077
1954,2017-05-09,1077
1955,2017-05-10,1077
1956,2017-05-11,1077
1957,2017-05-12,1077
1958,2017-05-13,1077
1959,2017-05-14,1077
1960,2017-05-15,1077
1961,2017-05-16,1077
1962,2017-05-17,1077
1963,2017-05-18,1077
1964,2017-05-19,1077
1965,2017-05-20,1077
1966,2017-05-21,1077
1967,2017-05-22,1077
1968,2017-05-23,1077
1969,2017-05-24,1077
1970,2017-05-25,1077
1971,2017-05-26,1077
1972,2017-05-27,1077
1973,2017-05-28,1077
1974,2017-05-29,1077
1975,2017-05-30,1077
1976,2017-05-31,1077
1977,2017-06-01,1077
1978,2017-06-02,1077
1979,2017-06-03,1077
1980,2017-06-04,1077
1981,2017-06-05,1077
1982,2017-06-06,1077
1983,2017-06-07,1077
1984,2017-06-08,1077
1985,2017-06-09,1077
1986,2017-06-10,1077
1987,2017-06-11,1077
1988,2017-06-12,1077
1989,2017-06-13,1077
1990,2017-06-14,1077
1991,2017-06-15,1077
1992,2017-06-16,1077
1993,2017-06-17,1077
1994,2017-06-18,1077
1995,2017-06-19,1077
1996,2017-06-20,1077
1997,2017-06-21,1077
1998,2017-06-22,1077
1999,2017-06-23,1077
2000,2017-06-24,1077
2001,2017-06-25,1077
2002,2017-06-26,1077
2003,2017-06-27,1077
2004,2017-06-28,1077
2005,2017-06-29,1077
2006,2017-06-30,1077
2007,2017-07-01,1077
2008,2017-07-02,1077
2009,2017-07-03,1077
2010,2017-07-04,1077
2011,2017-07-05,1077
2012,2017-07-06,1077
2013,2017-07-07,1077
2014,2017-07-08,1077
2015,2017-07-09,1077
2016,2017-07-10,1077
2017,2017-07-11,1077
2018,2017-07-12,1077
2019,2017-07-13,1077
2020,2017-07-14,1077
2021,2017-07-15,1077
2022,2017-07-16,1077
2023,2017-07-17,1077
2024,2017-07-18,1077
2025,2017-07-19,1077
2026,2017-07-20,1077
2027,2017-07-21,1077
2028,2017-07-22,1077
2029,2017-07-23,1077
2030,2017-07-24,1077
2031,2017-07-25,1077
2032,2017-07-26,1077
2033,2017-07-27,1077
2034,2017-07-28,1077
2035,2017-07-29,1077
2036,2017-07-30,1077
2037,2017-07-31,1077
2038,2017-08-01,1077
2039,2017-08-02,1077
2040,2017-08-03,1077
2041,2017-08-04,1077
2042,2017-08-05,1077
2043,2017-08-06,1077
2044,2017-08-07,1077
2045,2017-08-08,1077
2046,2017-08-09,1077
2047,2017-08-10,1077
2048,2017-08-11,1077
2049,2017-08-12,1077
2050,2017-08-13,1077
2051,2017-08-14,1077
2052,2017-08-15,1077
2053,2017-08-16,1077
2054,2017-08-17,1077
2055,2017-08-18,1077
2056,2017-08-19,1077
2057,2017-08-20,1077
2058,2017-08-21,1077
2059,2017-08-22,1077
2060,2017-08-23,1077
2061,2017-08-24,1077
2062,2017-08-25,1077
2063,2017-08-26,1077
2064,2017-08-27,1077
2065,2017-08-28,1077
2066,2017-08-29,1077
2067,2017-08-30,1077
2068,2017-08-31,1077
2069,2017-09-01,1077
2070,2017-09-02,1077
2071,2017-09-03,1077
2072,2017-09-04,1077
2073,2017-09-05,1077
2074,2017-09-06,1077
2075,2017-09-07,1077
2076,2017-09-08,1077
2077,2017-09-09,1077
2078,2017-09-10,1077
2079,2017-09-11,1077
2080,2017-09-12,1077
2081,2017-09-13,1077
2082,2017-09-14,1077
2083,2017-09-15,1077
2084,2017-09-16,1077
2085,2017-09-17,1077
2086,2017-09-18,1077
2087,2017-09-19,1077
2088,2017-09-20,1077
2089,2017-09-21,1077
2090,2017-09-22,1077
2091,2017-09-23,1077
2092,2017-09-24,1077
2093,2017-09-25,1077
2094,2017-09-26,1077
2095,2017-09-27,1077
2096,2017-09-28,1077
2097,2017-09-29,1077
2098,2017-09-30,1077
2099,2017-10-01,1077
2100,2017-10-02,1077
2101,2017-10-03,1077
2102,2017-10-04,1077
2103,2017-10-05,1077
2104,2017-10-06,1077
2105,2017-10-07,1077
2106,2017-10-08,1077
2107,2017-10-09,1077
2108,2017-10-10,1077
2109,2017-10-11,1077
2110,2017-10-12,1077
2111,2017-10-13,1077
2112,2017-10-14,1077
2113,2017-10-15,1077
2114,2017-10-16,1077
2115,2017-10-17,1077
2116,2017-10-18,1077
2117,2017-10-19,1077
2118,2017-10-20,1077
2119,2017-10-21,1077
2120,2017-10-22,1077
2121,2017-10-23,1077
2122,2017-10-24,1077
2123,2017-10-25,1077
2124,2017-10-26,1077
2125,2017-10-27,1077
2126,2017-10-28,1077
2127,2017-10-29,1077
2128,2017-10-30,1077
2129,2017-10-31,1077
2130,2017-11-01,1077
2131,2017-11-02,1077
2132,2017-11-03,1077
2133,2017-11-04,1077
2134,2017-11-05,1077
2135,2017-11-06,1077
2136,2017-11-07,1077
2137,2017-11-08,1077
2138,2017-11-09,1077
2139,2017-11-10,1077
2140,2017-11-11,1077
2141,2017-11-12,1077
2142,2017-11-13,1077
2143,2017-11-14,1077
2144,2017-11-15,1077
2145,2017-11-16,1077
2146,2017-11-17,1077
2147,2017-11-18,1077
2148,2017-11-19,1077
2149,2017-11-20,1077
2150,2017-11-21,1077
2151,2017-11-22,1077
2152,2017-11-23,1077
2153,2017-11-24,1077
2154,2017-11-25,1077
2155,2017-11-26,1077
2156,2017-11-27,1077
2157,2017-11-28,1077
2158,2017-11-29,1077
2159,2017-11-30,1077
2160,2017-12-01,1077
2161,2017-12-02,1077
2162,2017-12-03,1077
2163,2017-12-04,1077
2164,2017-12-05,1077
2165,2017-12-06,1077
2166,2017-12-07,1077
2167,2017-12-08,1077
2168,2017-12-09,1077
2169,2017-12-10,1077
2170,2017-12-11,1077
2171,2017-12-12,1077
2172,2017-12-13,1077
2173,2017-12-14,1077
2174,2017-12-15,1077
2175,2017-12-16,1077
2176,2017-12-17,1077
2177,2017-12-18,1077
2178,2017-12-19,1077
2179,2017-12-20,1077
2180,2017-12-21,1077
2181,2017-12-22,1077
2182,2017-12-23,1077
2183,2017-12-24,1077
2184,2017-12-25,1077
2185,2017-12-26,1077
2186,2017-12-27,1077
2187,2017-12-28,1077
2188,2017-12-29,1077
2189,2017-12-30,1077
2190,2017-12-31,1077
2191,2016-01-01,1121
2192,2016-01-02,1121
2193,2016-01-03,1121
2194,2016-01-04,1121
2195,2016-01-05,1121
2196,2016-01-06,1121
2197,2016-01-07,1121
2198,2016-01-08,1121
2199,2016-01-09,1121
2200,2016-01-10,1121
2201,2016-01-11,1121
2202,2016-01-12,1121
2203,2016-01-13,1121
2204,2016-01-14,1121
2205,2016-01-15,1121
2206,2016-01-16,1121
2207,2016-01-17,1121
2208,2016-01-18,1121
2209,2016-01-19,1121
2210,2016-01-20,1121
2211,2016-01-21,1121
2212,2016-01-22,1121
2213,2016-01-23,1121
2214,2016-01-24,1121
2215,2016-01-25,1121
2216,2016-01-26,1121
2217,2016-01-27,1121
2218,2016-01-28,1121
2219,2016-01-29,1121
2220,2016-01-30,1121
2221,2016-01-31,1121
2222,2016-02-01,1121
2223,2016-02-02,1121
2224,2016-02-03,1121
2225,2016-02-04,1121
2226,2016-02-05,1121
2227,2016-02-06,1121
2228,2016-02-07,1121
2229,2016-02-08,1121
2230,2016-02-09,1121
2231,2016-02-10,1121
2232,2016-02-11,1121
2233,2016-02-12,1121
2234,2016-02-13,1121
2235,2016-02-14,1121
2236,2016-02-15,1121
2237,2016-02-16,1121
2238,2016-02-17,1121
2239,2016-02-18,1121
2240,2016-02-19,1121
2241,2016-02-20,1121
2242,2016-02-21,1121
2243,2016-02-22,1121
2244,2016-02-23,1121
2245,2016-02-24,1121
2246,2016-02-25,1121
2247,2016-02-26,1121
2248,2016-02-27,1121
2249,2016-02-28,1121
2250,2016-02-29,1121
2251,2016-03-01,1121
2252,2016-03-02,1121
2253,2016-03-03,1121
2254,2016-03-04,1121
2255,2016-03-05,1121
2256,2016-03-06,1121
2257,2016-03-07,1121
2258,2016-03-08,1121
2259,2016-03-09,1121
2260,2016-03-10,1121
2261,2016-03-11,1121
2262,2016-03-12,1121
2263,2016-03-13,1121
2264,2016-03-14,1121
2265,2016-03-15,1121
2266,2016-03-16,1121
2267,2016-03-17,1121
2268,2016-03-18,1121
2269,2016-03-19,1121
2270,2016-03-20,1121
2271,2016-03-21,1121
2272,2016-03-22,1121
2273,2016-03-23,1121
2274,2016-03-24,1121
2275,2016-03-25,1121
2276,2016-03-26,1121
2277,2016-03-27,1121
2278,2016-03-28,1121
2279,2016-03-29,1121
2280,2016-03-30,1121
2281,2016-03-31,1121
2282,2016-04-01,1121
2283,2016-04-02,1121
2284,2016-04-03,1121
2285,2016-04-04,1121
2286,2016-04-05,1121
2287,2016-04-06,1121
2288,2016-04-07,1121
2289,2016-04-08,1121
2290,2016-04-09,1121
2291,2016-04-10,1121
2292,2016-04-11,1121
2293,2016-04-12,1121
2294,2016-04-13,1121
2295,2016-04-14,1121
2296,2016-04-15,1121
2297,2016-04-16,1121
2298,2016-04-17,1121
2299,2016-04-18,1121
2300,2016-04-19,1121
2301,2016-04-20,1121
2302,2016-04-21,1121
2303,2016-04-22,1121
2304,2016-04-23,1121
2305,2016-04-24,1121
2306,2016-04-25,1121
2307,2016-04-26,1121
2308,2016-04-27,1121
2309,2016-04-28,1121
2310,2016-04-29,1121
2311,2016-04-30,1121
2312,2016-05-01,1121
2313,2016-05-02,1121
2314,2016-05-03,1121
2315,2016-05-04,1121
2316,2016-05-05,1121
2317,2016-05-06,1121
2318,2016-05-07,1121
2319,2016-05-08,1121
2320,2016-05-09,1121
2321,2016-05-10,1121
2322,2016-05-11,1121
2323,2016-05-12,1121
2324,2016-05-13,1121
2325,2016-05-14,1121
2326,2016-05-15,1121
2327,2016-05-16,1121
2328,2016-05-17,1121
2329,2016-05-18,1121
2330,2016-05-19,1121
2331,2016-05-20,1121
2332,2016-05-21,1121
2333,2016-05-22,1121
2334,2016-05-23,1121
2335,2016-05-24,1121
2336,2016-05-25,1121
2337,2016-05-26,1121
2338,2016-05-27,1121
2339,2016-05-28,1121
2340,2016-05-29,1121
2341,2016-05-30,1121
2342,2016-05-31,1121
2343,2016-06-01,1121
2344,2016-06-02,1121
2345,2016-06-03,1121
2346,2016-06-04,1121
2347,2016-06-05,1121
2348,2016-06-06,1121
2349,2016-06-07,1121
2350,2016-06-08,1121
2351,2016-06-09,1121
2352,2016-06-10,1121
2353,2016-06-11,1121
2354,2016-06-12,1121
2355,2016-06-13,1121
2356,2016-06-14,1121
2357,2016-06-15,1121
2358,2016-06-16,1121
2359,2016-06-17,1121
2360,2016-06-18,1121
2361,2016-06-19,1121
2362,2016-06-20,1121
2363,2016-06-21,1121
2364,2016-06-22,1121
2365,2016-06-23,1121
2366,2016-06-24,1121
2367,2016-06-25,1121
2368,2016-06-26,1121
2369,2016-06-27,1121
2370,2016-06-28,1121
2371,2016-06-29,1121
2372,2016-06-30,1121
2373,2016-07-01,1121
2374,2016-07-02,1121
2375,2016-07-03,1121
2376,2016-07-04,1121
2377,2016-07-05,1121
2378,2016-07-06,1121
2379,2016-07-07,1121
2380,2016-07-08,1121
2381,2016-07-09,1121
2382,2016-07-10,1121
2383,2016-07-11,1121
2384,2016-07-12,1121
2385,2016-07-13,1121
2386,2016-07-14,1121
2387,2016-07-15,1121
2388,2016-07-16,1121
2389,2016-07-17,1121
2390,2016-07-18,1121
2391,2016-07-19,1121
2392,2016-07-20,1121
2393,2016-07-21,1121
2394,2016-07-22,1121
2395,2016-07-23,1121
2396,2016-07-24,1121
2397,2016-07-25,1121
2398,2016-07-26,1121
2399,2016-07-27,1121
2400,2016-07-28,1121
2401,2016-07-29,1121
2402,2016-07-30,1121
2403,2016-07-31,1121
2404,2016-08-01,1121
2405,2016-08-02,1121
2406,2016-08-03,1121
2407,2016-08-04,1121
2408,2016-08-05,1121
2409,2016-08-06,1121
2410,2016-08-07,1121
2411,2016-08-08,1121
2412,2016-08-09,1121
2413,2016-08-10,1121
2414,2016-08-11,1121
2415,2016-08-12,1121
2416,2016-08-13,1121
2417,2016-08-14,1121
2418,2016-08-15,1121
2419,2016-08-16,1121
2420,2016-08-17,1121
2421,2016-08-18,1121
2422,2016-08-19,1121
2423,2016-08-20,1121
2424,2016-08-21,1121
2425,2016-08-22,1121
2426,2016-08-23,1121
2427,2016-08-24,1121
2428,2016-08-25,1121
2429,2016-08-26,1121
2430,2016-08-27,1121
2431,2016-08-28,1121
2432,2016-08-29,1121
2433,2016-08-30,1121
2434,2016-08-31,1121
2435,2016-09-01,1121
2436,2016-09-02,1121
2437,2016-09-03,1121
2438,2016-09-04,1121
2439,2016-09-05,1121
2440,2016-09-06,1121
2441,2016-09-07,1121
2442,2016-09-08,1121
2443,2016-09-09,1121
2444,2016-09-10,1121
2445,2016-09-11,1121
2446,2016-09-12,1121
2447,2016-09-13,1121
2448,2016-09-14,1121
2449,2016-09-15,1121
2450,2016-09-16,1121
2451,2016-09-17,1121
2452,2016-09-18,1121
2453,2016-09-19,1121
2454,2016-09-20,1121
2455,2016-09-21,1121
2456,2016-09-22,1121
2457,2016-09-23,1121
2458,2016-09-24,1121
2459,2016-09-25,1121
2460,2016-09-26,1121
2461,2016-09-27,1121
2462,2016-09-28,1121
2463,2016-09-29,1121
2464,2016-09-30,1121
2465,2016-10-01,1121
2466,2016-10-02,1121
2467,2016-10-03,1121
2468,2016-10-04,1121
2469,2016-10-05,1121
2470,2016-10-06,1121
2471,2016-10-07,1121
2472,2016-10-08,1121
2473,2016-10-09,1121
2474,2016-10-10,1121
2475,2016-10-11,1121
2476,2016-10-12,1121
2477,2016-10-13,1121
2478,2016-10-14,1121
2479,2016-10-15,1121
2480,2016-10-16,1121
2481,2016-10-17,1121
2482,2016-10-18,1121
2483,2016-10-19,1121
2484,2016-10-20,1121
2485,2016-10-21,1121
2486,2016-10-22,1121
2487,2016-10-23,1121
2488,2016-10-24,1121
2489,2016-10-25,1121
2490,2016-10-26,1121
2491,2016-10-27,1121
2492,2016-10-28,1121
2493,2016-10-29,1121
2494,2016-10-30,1121
2495,2016-10-31,1121
2496,2016-11-01,1121
2497,2016-11-02,1121
2498,2016-11-03,1121
2499,2016-11-04,1121
2500,2016-11-05,1121
2501,2016-11-06,1121
2502,2016-11-07,1121
2503,2016-11-08,1121
2504,2016-11-09,1121
2505,2016-11-10,1121
2506,2016-11-11,1121
2507,2016-11-12,1121
2508,2016-11-13,1121
2509,2016-11-14,1121
2510,2016-11-15,1121
2511,2016-11-16,1121
2512,2016-11-17,1121
2513,2016-11-18,1121
2514,2016-11-19,1121
2515,2016-11-20,1121
2516,2016-11-21,1121
2517,2016-11-22,1121
2518,2016-11-23,1121
2519,2016-11-24,1121
2520,2016-11-25,1121
2521,2016-11-26,1121
2522,2016-11-27,1121
2523,2016-11-28,1121
2524,2016-11-29,1121
2525,2016-11-30,1121
2526,2016-12-01,1121
2527,2016-12-02,1121
2528,2016-12-03,1121
2529,2016-12-04,1121
2530,2016-12-05,1121
2531,2016-12-06,1121
2532,2016-12-07,1121
2533,2016-12-08,1121
2534,2016-12-09,1121
2535,2016-12-10,1121
2536,2016-12-11,1121
2537,2016-12-12,1121
2538,2016-12-13,1121
2539,2016-12-14,1121
2540,2016-12-15,1121
2541,2016-12-16,1121
2542,2016-12-17,1121
2543,2016-12-18,1121
2544,2016-12-19,1121
2545,2016-12-20,1121
2546,2016-12-21,1121
2547,2016-12-22,1121
2548,2016-12-23,1121
2549,2016-12-24,1121
2550,2016-12-25,1121
2551,2016-12-26,1121
2552,2016-12-27,1121
2553,2016-12-28,1121
2554,2016-12-29,1121
2555,2016-12-30,1121
2556,2016-12-31,1121
2557,2015-01-01,1151
2558,2015-01-02,1151
2559,2015-01-03,1151
2560,2015-01-04,1151
2561,2015-01-05,1151
2562,2015-01-06,1151
2563,2015-01-07,1151
2564,2015-01-08,1151
2565,2015-01-09,1151
2566,2015-01-10,1151
2567,2015-01-11,1151
2568,2015-01-12,1151
2569,2015-01-13,1151
2570,2015-01-14,1151
2571,2015-01-15,1151
2572,2015-01-16,1151
2573,2015-01-17,1151
2574,2015-01-18,1151
2575,2015-01-19,1151
2576,2015-01-20,1151
2577,2015-01-21,1151
2578,2015-01-22,1151
2579,2015-01-23,1151
2580,2015-01-24,1151
2581,2015-01-25,1151
2582,2015-01-26,1151
2583,2015-01-27,1151
2584,2015-01-28,1151
2585,2015-01-29,1151
2586,2015-01-30,1151
2587,2015-01-31,1151
2588,2015-02-01,1151
2589,2015-02-02,1151
2590,2015-02-03,1151
2591,2015-02-04,1151
2592,2015-02-05,1151
2593,2015-02-06,1151
2594,2015-02-07,1151
2595,2015-02-08,1151
2596,2015-02-09,1151
2597,2015-02-10,1151
2598,2015-02-11,1151
2599,2015-02-12,1151
2600,2015-02-13,1151
2601,2015-02-14,1151
2602,2015-02-15,1151
2603,2015-02-16,1151
2604,2015-02-17,1151
2605,2015-02-18,1151
2606,2015-02-19,1151
2607,2015-02-20,1151
2608,2015-02-21,1151
2609,2015-02-22,1151
2610,2015-02-23,1151
2611,2015-02-24,1151
2612,2015-02-25,1151
2613,2015-02-26,1151
2614,2015-02-27,1151
2615,2015-02-28,1151
2616,2015-03-01,1151
2617,2015-03-02,1151
2618,2015-03-03,1151
2619,2015-03-04,1151
2620,2015-03-05,1151
2621,2015-03-06,1151
2622,2015-03-07,1151
2623,2015-03-08,1151
2624,2015-03-09,1151
2625,2015-03-10,1151
2626,2015-03-11,1151
2627,2015-03-12,1151
2628,2015-03-13,1151
2629,2015-03-14,1151
2630,2015-03-15,1151
2631,2015-03-16,1151
2632,2015-03-17,1151
2633,2015-03-18,1151
2634,2015-03-19,1151
2635,2015-03-20,1151
2636,2015-03-21,1151
2637,2015-03-22,1151
2638,2015-03-23,1151
2639,2015-03-24,1151
2640,2015-03-25,1151
2641,2015-03-26,1151
2642,2015-03-27,1151
2643,2015-03-28,1151
2644,2015-03-29,1151
2645,2015-03-30,1151
2646,2015-03-31,1151
2647,2015-04-01,1151
2648,2015-04-02,1151
2649,2015-04-03,1151
2650,2015-04-04,1151
2651,2015-04-05,1151
2652,2015-04-06,1151
2653,2015-04-07,1151
2654,2015-04-08,1151
2655,2015-04-09,1151
2656,2015-04-10,1151
2657,2015-04-11,1151
2658,2015-04-12,1151
2659,2015-04-13,1151
2660,2015-04-14,1151
2661,2015-04-15,1151
2662,2015-04-16,1151
2663,2015-04-17,1151
2664,2015-04-18,1151
2665,2015-04-19,1151
2666,2015-04-20,1151
2667,2015-04-21,1151
2668,2015-04-22,1151
2669,2015-04-23,1151
2670,2015-04-24,1151
2671,2015-04-25,1151
2672,2015-04-26,1151
2673,2015-04-27,1151
2674,2015-04-28,1151
2675,2015-04-29,1151
2676,2015-04-30,1151
2677,2015-05-01,1151
2678,2015-05-02,1151
2679,2015-05-03,1151
2680,2015-05-04,1151
2681,2015-05-05,1151
2682,2015-05-06,1151
2683,2015-05-07,1151
2684,2015-05-08,1151
2685,2015-05-09,1151
2686,2015-05-10,1151
2687,2015-05-11,1151
2688,2015-05-12,1151
2689,2015-05-13,1151
2690,2015-05-14,1151
2691,2015-05-15,1151
2692,2015-05-16,1151
2693,2015-05-17,1151
2694,2015-05-18,1151
2695,2015-05-19,1151
2696,2015-05-20,1151
2697,2015-05-21,1151
2698,2015-05-22,1151
2699,2015-05-23,1151
2700,2015-05-24,1151
2701,2015-05-25,1151
2702,2015-05-26,1151
2703,2015-05-27,1151
2704,2015-05-28,1151
2705,2015-05-29,1151
2706,2015-05-30,1151
2707,2015-05-31,1151
2708,2015-06-01,1151
2709,2015-06-02,1151
2710,2015-06-03,1151
2711,2015-06-04,1151
2712,2015-06-05,1151
2713,2015-06-06,1151
2714,2015-06-07,1151
2715,2015-06-08,1151
2716,2015-06-09,1151
2717,2015-06-10,1151
2718,2015-06-11,1151
2719,2015-06-12,1151
2720,2015-06-13,1151
2721,2015-06-14,1151
2722,2015-06-15,1151
2723,2015-06-16,1151
2724,2015-06-17,1151
2725,2015-06-18,1151
2726,2015-06-19,1151
2727,2015-06-20,1151
2728,2015-06-21,1151
2729,2015-06-22,1151
2730,2015-06-23,1151
2731,2015-06-24,1151
2732,2015-06-25,1151
2733,2015-06-26,1151
2734,2015-06-27,1151
2735,2015-06-28,1151
2736,2015-06-29,1151
2737,2015-06-30,1151
2738,2015-07-01,1151
2739,2015-07-02,1151
2740,2015-07-03,1151
2741,2015-07-04,1151
2742,2015-07-05,1151
2743,2015-07-06,1151
2744,2015-07-07,1151
2745,2015-07-08,1151
2746,2015-07-09,1151
2747,2015-07-10,1151
2748,2015-07-11,1151
2749,2015-07-12,1151
2750,2015-07-13,1151
2751,2015-07-14,1151
2752,2015-07-15,1151
2753,2015-07-16,1151
2754,2015-07-17,1151
2755,2015-07-18,1151
2756,2015-07-19,1151
2757,2015-07-20,1151
2758,2015-07-21,1151
2759,2015-07-22,1151
2760,2015-07-23,1151
2761,2015-07-24,1151
2762,2015-07-25,1151
2763,2015-07-26,1151
2764,2015-07-27,1151
2765,2015-07-28,1151
2766,2015-07-29,1151
2767,2015-07-30,1151
2768,2015-07-31,1151
2769,2015-08-01,1151
2770,2015-08-02,1151
2771,2015-08-03,1151
2772,2015-08-04,1151
2773,2015-08-05,1151
2774,2015-08-06,1151
2775,2015-08-07,1151
2776,2015-08-08,1151
2777,2015-08-09,1151
2778,2015-08-10,1151
2779,2015-08-11,1151
2780,2015-08-12,1151
2781,2015-08-13,1151
2782,2015-08-14,1151
2783,2015-08-15,1151
2784,2015-08-16,1151
2785,2015-08-17,1151
2786,2015-08-18,1151
2787,2015-08-19,1151
2788,2015-08-20,1151
2789,2015-08-21,1151
2790,2015-08-22,1151
2791,2015-08-23,1151
2792,2015-08-24,1151
2793,2015-08-25,1151
2794,2015-08-26,1151
2795,2015-08-27,1151
2796,2015-08-28,1151
2797,2015-08-29,1151
2798,2015-08-30,1151
2799,2015-08-31,1151
2800,2015-09-01,1151
2801,2015-09-02,1151
2802,2015-09-03,1151
2803,2015-09-04,1151
2804,2015-09-05,1151
2805,2015-09-06,1151
2806,2015-09-07,1151
2807,2015-09-08,1151
2808,2015-09-09,1151
2809,2015-09-10,1151
2810,2015-09-11,1151
2811,2015-09-12,1151
2812,2015-09-13,1151
2813,2015-09-14,1151
2814,2015-09-15,1151
2815,2015-09-16,1151
2816,2015-09-17,1151
2817,2015-09-18,1151
2818,2015-09-19,1151
2819,2015-09-20,1151
2820,2015-09-21,1151
2821,2015-09-22,1151
2822,2015-09-23,1151
2823,2015-09-24,1151
2824,2015-09-25,1151
2825,2015-09-26,1151
2826,2015-09-27,1151
2827,2015-09-28,1151
2828,2015-09-29,1151
2829,2015-09-30,1151
2830,2015-10-01,1151
2831,2015-10-02,1151
2832,2015-10-03,1151
2833,2015-10-04,1151
2834,2015-10-05,1151
2835,2015-10-06,1151
2836,2015-10-07,1151
2837,2015-10-08,1151
2838,2015-10-09,1151
2839,2015-10-10,1151
2840,2015-10-11,1151
2841,2015-10-12,1151
2842,2015-10-13,1151
2843,2015-10-14,1151
2844,2015-10-15,1151
2845,2015-10-16,1151
2846,2015-10-17,1151
2847,2015-10-18,1151
2848,2015-10-19,1151
2849,2015-10-20,1151
2850,2015-10-21,1151
2851,2015-10-22,1151
2852,2015-10-23,1151
2853,2015-10-24,1151
2854,2015-10-25,1151
2855,2015-10-26,1151
2856,2015-10-27,1151
2857,2015-10-28,1151
2858,2015-10-29,1151
2859,2015-10-30,1151
2860,2015-10-31,1151
2861,2015-11-01,1151
2862,2015-11-02,1151
2863,2015-11-03,1151
2864,2015-11-04,1151
2865,2015-11-05,1151
2866,2015-11-06,1151
2867,2015-11-07,1151
2868,2015-11-08,1151
2869,2015-11-09,1151
2870,2015-11-10,1151
2871,2015-11-11,1151
2872,2015-11-12,1151
2873,2015-11-13,1151
2874,2015-11-14,1151
2875,2015-11-15,1151
2876,2015-11-16,1151
2877,2015-11-17,1151
2878,2015-11-18,1151
2879,2015-11-19,1151
2880,2015-11-20,1151
2881,2015-11-21,1151
2882,2015-11-22,1151
2883,2015-11-23,1151
2884,2015-11-24,1151
2885,2015-11-25,1151
2886,2015-11-26,1151
2887,2015-11-27,1151
2888,2015-11-28,1151
2889,2015-11-29,1151
2890,2015-11-30,1151
2891,2015-12-01,1151
2892,2015-12-02,1151
2893,2015-12-03,1151
2894,2015-12-04,1151
2895,2015-12-05,1151
2896,2015-12-06,1151
2897,2015-12-07,1151
2898,2015-12-08,1151
2899,2015-12-09,1151
2900,2015-12-10,1151
2901,2015-12-11,1151
2902,2015-12-12,1151
2903,2015-12-13,1151
2904,2015-12-14,1151
2905,2015-12-15,1151
2906,2015-12-16,1151
2907,2015-12-17,1151
2908,2015-12-18,1151
2909,2015-12-19,1151
2910,2015-12-20,1151
2911,2015-12-21,1151
2912,2015-12-22,1151
2913,2015-12-23,1151
2914,2015-12-24,1151
2915,2015-12-25,1151
2916,2015-12-26,1151
2917,2015-12-27,1151
2918,2015-12-28,1151
2919,2015-12-29,1151
2920,2015-12-30,1151
2921,2015-12-31,1151
2922,2014-01-01,1171
2923,2014-01-02,1171
2924,2014-01-03,1171
2925,2014-01-04,1171
2926,2014-01-05,1171
2927,2014-01-06,1171
2928,2014-01-07,1171
2929,2014-01-08,1171
2930,2014-01-09,1171
2931,2014-01-10,1171
2932,2014-01-11,1171
2933,2014-01-12,1171
2934,2014-01-13,1171
2935,2014-01-14,1171
2936,2014-01-15,1171
2937,2014-01-16,1171
2938,2014-01-17,1171
2939,2014-01-18,1171
2940,2014-01-19,1171
2941,2014-01-20,1171
2942,2014-01-21,1171
2943,2014-01-22,1171
2944,2014-01-23,1171
2945,2014-01-24,1171
2946,2014-01-25,1171
2947,2014-01-26,1171
2948,2014-01-27,1171
2949,2014-01-28,1171
2950,2014-01-29,1171
2951,2014-01-30,1171
2952,2014-01-31,1171
2953,2014-02-01,1171
2954,2014-02-02,1171
2955,2014-02-03,1171
2956,2014-02-04,1171
2957,2014-02-05,1171
2958,2014-02-06,1171
2959,2014-02-07,1171
2960,2014-02-08,1171
2961,2014-02-09,1171
2962,2014-02-10,1171
2963,2014-02-11,1171
2964,2014-02-12,1171
2965,2014-02-13,1171
2966,2014-02-14,1171
2967,2014-02-15,1171
2968,2014-02-16,1171
2969,2014-02-17,1171
2970,2014-02-18,1171
2971,2014-02-19,1171
2972,2014-02-20,1171
2973,2014-02-21,1171
2974,2014-02-22,1171
2975,2014-02-23,1171
2976,2014-02-24,1171
2977,2014-02-25,1171
2978,2014-02-26,1171
2979,2014-02-27,1171
2980,2014-02-28,1171
2981,2014-03-01,1171
2982,2014-03-02,1171
2983,2014-03-03,1171
2984,2014-03-04,1171
2985,2014-03-05,1171
2986,2014-03-06,1171
2987,2014-03-07,1171
2988,2014-03-08,1171
2989,2014-03-09,1171
2990,2014-03-10,1171
2991,2014-03-11,1171
2992,2014-03-12,1171
2993,2014-03-13,1171
2994,2014-03-14,1171
2995,2014-03-15,1171
2996,2014-03-16,1171
2997,2014-03-17,1171
2998,2014-03-18,1171
2999,2014-03-19,1171
3000,2014-03-20,1171
3001,2014-03-21,1171
3002,2014-03-22,1171
3003,2014-03-23,1171
3004,2014-03-24,1171
3005,2014-03-25,1171
3006,2014-03-26,1171
3007,2014-03-27,1171
3008,2014-03-28,1171
3009,2014-03-29,1171
3010,2014-03-30,1171
3011,2014-03-31,1171
3012,2014-04-01,1171
3013,2014-04-02,1171
3014,2014-04-03,1171
3015,2014-04-04,1171
3016,2014-04-05,1171
3017,2014-04-06,1171
3018,2014-04-07,1171
3019,2014-04-08,1171
3020,2014-04-09,1171
3021,2014-04-10,1171
3022,2014-04-11,1171
3023,2014-04-12,1171
3024,2014-04-13,1171
3025,2014-04-14,1171
3026,2014-04-15,1171
3027,2014-04-16,1171
3028,2014-04-17,1171
3029,2014-04-18,1171
3030,2014-04-19,1171
3031,2014-04-20,1171
3032,2014-04-21,1171
3033,2014-04-22,1171
3034,2014-04-23,1171
3035,2014-04-24,1171
3036,2014-04-25,1171
3037,2014-04-26,1171
3038,2014-04-27,1171
3039,2014-04-28,1171
3040,2014-04-29,1171
3041,2014-04-30,1171
3042,2014-05-01,1171
3043,2014-05-02,1171
3044,2014-05-03,1171
3045,2014-05-04,1171
3046,2014-05-05,1171
3047,2014-05-06,1171
3048,2014-05-07,1171
3049,2014-05-08,1171
3050,2014-05-09,1171
3051,2014-05-10,1171
3052,2014-05-11,1171
3053,2014-05-12,1171
3054,2014-05-13,1171
3055,2014-05-14,1171
3056,2014-05-15,1171
3057,2014-05-16,1171
3058,2014-05-17,1171
3059,2014-05-18,1171
3060,2014-05-19,1171
3061,2014-05-20,1171
3062,2014-05-21,1171
3063,2014-05-22,1171
3064,2014-05-23,1171
3065,2014-05-24,1171
3066,2014-05-25,1171
3067,2014-05-26,1171
3068,2014-05-27,1171
3069,2014-05-28,1171
3070,2014-05-29,1171
3071,2014-05-30,1171
3072,2014-05-31,1171
3073,2014-06-01,1171
3074,2014-06-02,1171
3075,2014-06-03,1171
3076,2014-06-04,1171
3077,2014-06-05,1171
3078,2014-06-06,1171
3079,2014-06-07,1171
3080,2014-06-08,1171
3081,2014-06-09,1171
3082,2014-06-10,1171
3083,2014-06-11,1171
3084,2014-06-12,1171
3085,2014-06-13,1171
3086,2014-06-14,1171
3087,2014-06-15,1171
3088,2014-06-16,1171
3089,2014-06-17,1171
3090,2014-06-18,1171
3091,2014-06-19,1171
3092,2014-06-20,1171
3093,2014-06-21,1171
3094,2014-06-22,1171
3095,2014-06-23,1171
3096,2014-06-24,1171
3097,2014-06-25,1171
3098,2014-06-26,1171
3099,2014-06-27,1171
3100,2014-06-28,1171
3101,2014-06-29,1171
3102,2014-06-30,1171
3103,2014-07-01,1171
3104,2014-07-02,1171
3105,2014-07-03,1171
3106,2014-07-04,1171
3107,2014-07-05,1171
3108,2014-07-06,1171
3109,2014-07-07,1171
3110,2014-07-08,1171
3111,2014-07-09,1171
3112,2014-07-10,1171
3113,2014-07-11,1171
3114,2014-07-12,1171
3115,2014-07-13,1171
3116,2014-07-14,1171
3117,2014-07-15,1171
3118,2014-07-16,1171
3119,2014-07-17,1171
3120,2014-07-18,1171
3121,2014-07-19,1171
3122,2014-07-20,1171
3123,2014-07-21,1171
3124,2014-07-22,1171
3125,2014-07-23,1171
3126,2014-07-24,1171
3127,2014-07-25,1171
3128,2014-07-26,1171
3129,2014-07-27,1171
3130,2014-07-28,1171
3131,2014-07-29,1171
3132,2014-07-30,1171
3133,2014-07-31,1171
3134,2014-08-01,1171
3135,2014-08-02,1171
3136,2014-08-03,1171
3137,2014-08-04,1171
3138,2014-08-05,1171
3139,2014-08-06,1171
3140,2014-08-07,1171
3141,2014-08-08,1171
3142,2014-08-09,1171
3143,2014-08-10,1171
3144,2014-08-11,1171
3145,2014-08-12,1171
3146,2014-08-13,1171
3147,2014-08-14,1171
3148,2014-08-15,1171
3149,2014-08-16,1171
3150,2014-08-17,1171
3151,2014-08-18,1171
3152,2014-08-19,1171
3153,2014-08-20,1171
3154,2014-08-21,1171
3155,2014-08-22,1171
3156,2014-08-23,1171
3157,2014-08-24,1171
3158,2014-08-25,1171
3159,2014-08-26,1171
3160,2014-08-27,1171
3161,2014-08-28,1171
3162,2014-08-29,1171
3163,2014-08-30,1171
3164,2014-08-31,1171
3165,2014-09-01,1171
3166,2014-09-02,1171
3167,2014-09-03,1171
3168,2014-09-04,1171
3169,2014-09-05,1171
3170,2014-09-06,1171
3171,2014-09-07,1171
3172,2014-09-08,1171
3173,2014-09-09,1171
3174,2014-09-10,1171
3175,2014-09-11,1171
3176,2014-09-12,1171
3177,2014-09-13,1171
3178,2014-09-14,1171
3179,2014-09-15,1171
3180,2014-09-16,1171
3181,2014-09-17,1171
3182,2014-09-18,1171
3183,2014-09-19,1171
3184,2014-09-20,1171
3185,2014-09-21,1171
3186,2014-09-22,1171
3187,2014-09-23,1171
3188,2014-09-24,1171
3189,2014-09-25,1171
3190,2014-09-26,1171
3191,2014-09-27,1171
3192,2014-09-28,1171
3193,2014-09-29,1171
3194,2014-09-30,1171
3195,2014-10-01,1171
3196,2014-10-02,1171
3197,2014-10-03,1171
3198,2014-10-04,1171
3199,2014-10-05,1171
3200,2014-10-06,1171
3201,2014-10-07,1171
3202,2014-10-08,1171
3203,2014-10-09,1171
3204,2014-10-10,1171
3205,2014-10-11,1171
3206,2014-10-12,1171
3207,2014-10-13,1171
3208,2014-10-14,1171
3209,2014-10-15,1171
3210,2014-10-16,1171
3211,2014-10-17,1171
3212,2014-10-18,1171
3213,2014-10-19,1171
3214,2014-10-20,1171
3215,2014-10-21,1171
3216,2014-10-22,1171
3217,2014-10-23,1171
3218,2014-10-24,1171
3219,2014-10-25,1171
3220,2014-10-26,1171
3221,2014-10-27,1171
3222,2014-10-28,1171
3223,2014-10-29,1171
3224,2014-10-30,1171
3225,2014-10-31,1171
3226,2014-11-01,1171
3227,2014-11-02,1171
3228,2014-11-03,1171
3229,2014-11-04,1171
3230,2014-11-05,1171
3231,2014-11-06,1171
3232,2014-11-07,1171
3233,2014-11-08,1171
3234,2014-11-09,1171
3235,2014-11-10,1171
3236,2014-11-11,1171
3237,2014-11-12,1171
3238,2014-11-13,1171
3239,2014-11-14,1171
3240,2014-11-15,1171
3241,2014-11-16,1171
3242,2014-11-17,1171
3243,2014-11-18,1171
3244,2014-11-19,1171
3245,2014-11-20,1171
3246,2014-11-21,1171
3247,2014-11-22,1171
3248,2014-11-23,1171
3249,2014-11-24,1171
3250,2014-11-25,1171
3251,2014-11-26,1171
3252,2014-11-27,1171
3253,2014-11-28,1171
3254,2014-11-29,1171
3255,2014-11-30,1171
3256,2014-12-01,1171
3257,2014-12-02,1171
3258,2014-12-03,1171
3259,2014-12-04,1171
3260,2014-12-05,1171
3261,2014-12-06,1171
3262,2014-12-07,1171
3263,2014-12-08,1171
3264,2014-12-09,1171
3265,2014-12-10,1171
3266,2014-12-11,1171
3267,2014-12-12,1171
3268,2014-12-13,1171
3269,2014-12-14,1171
3270,2014-12-15,1171
3271,2014-12-16,1171
3272,2014-12-17,1171
3273,2014-12-18,1171
3274,2014-12-19,1171
3275,2014-12-20,1171
3276,2014-12-21,1171
3277,2014-12-22,1171
3278,2014-12-23,1171
3279,2014-12-24,1171
3280,2014-12-25,1171
3281,2014-12-26,1171
3282,2014-12-27,1171
3283,2014-12-28,1171
3284,2014-12-29,1171
3285,2014-12-30,1171
3286,2014-12-31,1171
3287,2013-01-01,1166
3288,2013-01-02,1166
3289,2013-01-03,1166
3290,2013-01-04,1166
3291,2013-01-05,1166
3292,2013-01-06,1166
3293,2013-01-07,1166
3294,2013-01-08,1166
3295,2013-01-09,1166
3296,2013-01-10,1166
3297,2013-01-11,1166
3298,2013-01-12,1166
3299,2013-01-13,1166
3300,2013-01-14,1166
3301,2013-01-15,1166
3302,2013-01-16,1166
3303,2013-01-17,1166
3304,2013-01-18,1166
3305,2013-01-19,1166
3306,2013-01-20,1166
3307,2013-01-21,1166
3308,2013-01-22,1166
3309,2013-01-23,1166
3310,2013-01-24,1166
3311,2013-01-25,1166
3312,2013-01-26,1166
3313,2013-01-27,1166
3314,2013-01-28,1166
3315,2013-01-29,1166
3316,2013-01-30,1166
3317,2013-01-31,1166
3318,2013-02-01,1166
3319,2013-02-02,1166
3320,2013-02-03,1166
3321,2013-02-04,1166
3322,2013-02-05,1166
3323,2013-02-06,1166
3324,2013-02-07,1166
3325,2013-02-08,1166
3326,2013-02-09,1166
3327,2013-02-10,1166
3328,2013-02-11,1166
3329,2013-02-12,1166
3330,2013-02-13,1166
3331,2013-02-14,1166
3332,2013-02-15,1166
3333,2013-02-16,1166
3334,2013-02-17,1166
3335,2013-02-18,1166
3336,2013-02-19,1166
3337,2013-02-20,1166
3338,2013-02-21,1166
3339,2013-02-22,1166
3340,2013-02-23,1166
3341,2013-02-24,1166
3342,2013-02-25,1166
3343,2013-02-26,1166
3344,2013-02-27,1166
3345,2013-02-28,1166
3346,2013-03-01,1166
3347,2013-03-02,1166
3348,2013-03-03,1166
3349,2013-03-04,1166
3350,2013-03-05,1166
3351,2013-03-06,1166
3352,2013-03-07,1166
3353,2013-03-08,1166
3354,2013-03-09,1166
3355,2013-03-10,1166
3356,2013-03-11,1166
3357,2013-03-12,1166
3358,2013-03-13,1166
3359,2013-03-14,1166
3360,2013-03-15,1166
3361,2013-03-16,1166
3362,2013-03-17,1166
3363,2013-03-18,1166
3364,2013-03-19,1166
3365,2013-03-20,1166
3366,2013-03-21,1166
3367,2013-03-22,1166
3368,2013-03-23,1166
3369,2013-03-24,1166
3370,2013-03-25,1166
3371,2013-03-26,1166
3372,2013-03-27,1166
3373,2013-03-28,1166
3374,2013-03-29,1166
3375,2013-03-30,1166
3376,2013-03-31,1166
3377,2013-04-01,1166
3378,2013-04-02,1166
3379,2013-04-03,1166
3380,2013-04-04,1166
3381,2013-04-05,1166
3382,2013-04-06,1166
3383,2013-04-07,1166
3384,2013-04-08,1166
3385,2013-04-09,1166
3386,2013-04-10,1166
3387,2013-04-11,1166
3388,2013-04-12,1166
3389,2013-04-13,1166
3390,2013-04-14,1166
3391,2013-04-15,1166
3392,2013-04-16,1166
3393,2013-04-17,1166
3394,2013-04-18,1166
3395,2013-04-19,1166
3396,2013-04-20,1166
3397,2013-04-21,1166
3398,2013-04-22,1166
3399,2013-04-23,1166
3400,2013-04-24,1166
3401,2013-04-25,1166
3402,2013-04-26,1166
3403,2013-04-27,1166
3404,2013-04-28,1166
3405,2013-04-29,1166
3406,2013-04-30,1166
3407,2013-05-01,1166
3408,2013-05-02,1166
3409,2013-05-03,1166
3410,2013-05-04,1166
3411,2013-05-05,1166
3412,2013-05-06,1166
3413,2013-05-07,1166
3414,2013-05-08,1166
3415,2013-05-09,1166
3416,2013-05-10,1166
3417,2013-05-11,1166
3418,2013-05-12,1166
3419,2013-05-13,1166
3420,2013-05-14,1166
3421,2013-05-15,1166
3422,2013-05-16,1166
3423,2013-05-17,1166
3424,2013-05-18,1166
3425,2013-05-19,1166
3426,2013-05-20,1166
3427,2013-05-21,1166
3428,2013-05-22,1166
3429,2013-05-23,1166
3430,2013-05-24,1166
3431,2013-05-25,1166
3432,2013-05-26,1166
3433,2013-05-27,1166
3434,2013-05-28,1166
3435,2013-05-29,1166
3436,2013-05-30,1166
3437,2013-05-31,1166
3438,2013-06-01,1166
3439,2013-06-02,1166
3440,2013-06-03,1166
3441,2013-06-04,1166
3442,2013-06-05,1166
3443,2013-06-06,1166
3444,2013-06-07,1166
3445,2013-06-08,1166
3446,2013-06-09,1166
3447,2013-06-10,1166
3448,2013-06-11,1166
3449,2013-06-12,1166
3450,2013-06-13,1166
3451,2013-06-14,1166
3452,2013-06-15,1166
3453,2013-06-16,1166
3454,2013-06-17,1166
3455,2013-06-18,1166
3456,2013-06-19,1166
3457,2013-06-20,1166
3458,2013-06-21,1166
3459,2013-06-22,1166
3460,2013-06-23,1166
3461,2013-06-24,1166
3462,2013-06-25,1166
3463,2013-06-26,1166
3464,2013-06-27,1166
3465,2013-06-28,1166
3466,2013-06-29,1166
3467,2013-06-30,1166
3468,2013-07-01,1166
3469,2013-07-02,1166
3470,2013-07-03,1166
3471,2013-07-04,1166
3472,2013-07-05,1166
3473,2013-07-06,1166
3474,2013-07-07,1166
3475,2013-07-08,1166
3476,2013-07-09,1166
3477,2013-07-10,1166
3478,2013-07-11,1166
3479,2013-07-12,1166
3480,2013-07-13,1166
3481,2013-07-14,1166
3482,2013-07-15,1166
3483,2013-07-16,1166
3484,2013-07-17,1166
3485,2013-07-18,1166
3486,2013-07-19,1166
3487,2013-07-20,1166
3488,2013-07-21,1166
3489,2013-07-22,1166
3490,2013-07-23,1166
3491,2013-07-24,1166
3492,2013-07-25,1166
3493,2013-07-26,1166
3494,2013-07-27,1166
3495,2013-07-28,1166
3496,2013-07-29,1166
3497,2013-07-30,1166
3498,2013-07-31,1166
3499,2013-08-01,1166
3500,2013-08-02,1166
3501,2013-08-03,1166
3502,2013-08-04,1166
3503,2013-08-05,1166
3504,2013-08-06,1166
3505,2013-08-07,1166
3506,2013-08-08,1166
3507,2013-08-09,1166
3508,2013-08-10,1166
3509,2013-08-11,1166
3510,2013-08-12,1166
3511,2013-08-13,1166
3512,2013-08-14,1166
3513,2013-08-15,1166
3514,2013-08-16,1166
3515,2013-08-17,1166
3516,2013-08-18,1166
3517,2013-08-19,1166
3518,2013-08-20,1166
3519,2013-08-21,1166
3520,2013-08-22,1166
3521,2013-08-23,1166
3522,2013-08-24,1166
3523,2013-08-25,1166
3524,2013-08-26,1166
3525,2013-08-27,1166
3526,2013-08-28,1166
3527,2013-08-29,1166
3528,2013-08-30,1166
3529,2013-08-31,1166
3530,2013-09-01,1166
3531,2013-09-02,1166
3532,2013-09-03,1166
3533,2013-09-04,1166
3534,2013-09-05,1166
3535,2013-09-06,1166
3536,2013-09-07,1166
3537,2013-09-08,1166
3538,2013-09-09,1166
3539,2013-09-10,1166
3540,2013-09-11,1166
3541,2013-09-12,1166
3542,2013-09-13,1166
3543,2013-09-14,1166
3544,2013-09-15,1166
3545,2013-09-16,1166
3546,2013-09-17,1166
3547,2013-09-18,1166
3548,2013-09-19,1166
3549,2013-09-20,1166
3550,2013-09-21,1166
3551,2013-09-22,1166
3552,2013-09-23,1166
3553,2013-09-24,1166
3554,2013-09-25,1166
3555,2013-09-26,1166
3556,2013-09-27,1166
3557,2013-09-28,1166
3558,2013-09-29,1166
3559,2013-09-30,1166
3560,2013-10-01,1166
3561,2013-10-02,1166
3562,2013-10-03,1166
3563,2013-10-04,1166
3564,2013-10-05,1166
3565,2013-10-06,1166
3566,2013-10-07,1166
3567,2013-10-08,1166
3568,2013-10-09,1166
3569,2013-10-10,1166
3570,2013-10-11,1166
3571,2013-10-12,1166
3572,2013-10-13,1166
3573,2013-10-14,1166
3574,2013-10-15,1166
3575,2013-10-16,1166
3576,2013-10-17,1166
3577,2013-10-18,1166
3578,2013-10-19,1166
3579,2013-10-20,1166
3580,2013-10-21,1166
3581,2013-10-22,1166
3582,2013-10-23,1166
3583,2013-10-24,1166
3584,2013-10-25,1166
3585,2013-10-26,1166
3586,2013-10-27,1166
3587,2013-10-28,1166
3588,2013-10-29,1166
3589,2013-10-30,1166
3590,2013-10-31,1166
3591,2013-11-01,1166
3592,2013-11-02,1166
3593,2013-11-03,1166
3594,2013-11-04,1166
3595,2013-11-05,1166
3596,2013-11-06,1166
3597,2013-11-07,1166
3598,2013-11-08,1166
3599,2013-11-09,1166
3600,2013-11-10,1166
3601,2013-11-11,1166
3602,2013-11-12,1166
3603,2013-11-13,1166
3604,2013-11-14,1166
3605,2013-11-15,1166
3606,2013-11-16,1166
3607,2013-11-17,1166
3608,2013-11-18,1166
3609,2013-11-19,1166
3610,2013-11-20,1166
3611,2013-11-21,1166
3612,2013-11-22,1166
3613,2013-11-23,1166
3614,2013-11-24,1166
3615,2013-11-25,1166
3616,2013-11-26,1166
3617,2013-11-27,1166
3618,2013-11-28,1166
3619,2013-11-29,1166
3620,2013-11-30,1166
3621,2013-12-01,1166
3622,2013-12-02,1166
3623,2013-12-03,1166
3624,2013-12-04,1166
3625,2013-12-05,1166
3626,2013-12-06,1166
3627,2013-12-07,1166
3628,2013-12-08,1166
3629,2013-12-09,1166
3630,2013-12-10,1166
3631,2013-12-11,1166
3632,2013-12-12,1166
3633,2013-12-13,1166
3634,2013-12-14,1166
3635,2013-12-15,1166
3636,2013-12-16,1166
3637,2013-12-17,1166
3638,2013-12-18,1166
3639,2013-12-19,1166
3640,2013-12-20,1166
3641,2013-12-21,1166
3642,2013-12-22,1166
3643,2013-12-23,1166
3644,2013-12-24,1166
3645,2013-12-25,1166
3646,2013-12-26,1166
3647,2013-12-27,1166
3648,2013-12-28,1166
3649,2013-12-29,1166
3650,2013-12-30,1166
3651,2013-12-31,1166
3652,2012-01-01,1242
3653,2012-01-02,1242
3654,2012-01-03,1242
3655,2012-01-04,1242
3656,2012-01-05,1242
3657,2012-01-06,1242
3658,2012-01-07,1242
3659,2012-01-08,1242
3660,2012-01-09,1242
3661,2012-01-10,1242
3662,2012-01-11,1242
3663,2012-01-12,1242
3664,2012-01-13,1242
3665,2012-01-14,1242
3666,2012-01-15,1242
3667,2012-01-16,1242
3668,2012-01-17,1242
3669,2012-01-18,1242
3670,2012-01-19,1242
3671,2012-01-20,1242
3672,2012-01-21,1242
3673,2012-01-22,1242
3674,2012-01-23,1242
3675,2012-01-24,1242
3676,2012-01-25,1242
3677,2012-01-26,1242
3678,2012-01-27,1242
3679,2012-01-28,1242
3680,2012-01-29,1242
3681,2012-01-30,1242
3682,2012-01-31,1242
3683,2012-02-01,1242
3684,2012-02-02,1242
3685,2012-02-03,1242
3686,2012-02-04,1242
3687,2012-02-05,1242
3688,2012-02-06,1242
3689,2012-02-07,1242
3690,2012-02-08,1242
3691,2012-02-09,1242
3692,2012-02-10,1242
3693,2012-02-11,1242
3694,2012-02-12,1242
3695,2012-02-13,1242
3696,2012-02-14,1242
3697,2012-02-15,1242
3698,2012-02-16,1242
3699,2012-02-17,1242
3700,2012-02-18,1242
3701,2012-02-19,1242
3702,2012-02-20,1242
3703,2012-02-21,1242
3704,2012-02-22,1242
3705,2012-02-23,1242
3706,2012-02-24,1242
3707,2012-02-25,1242
3708,2012-02-26,1242
3709,2012-02-27,1242
3710,2012-02-28,1242
3711,2012-02-29,1242
3712,2012-03-01,1242
3713,2012-03-02,1242
3714,2012-03-03,1242
3715,2012-03-04,1242
3716,2012-03-05,1242
3717,2012-03-06,1242
3718,2012-03-07,1242
3719,2012-03-08,1242
3720,2012-03-09,1242
3721,2012-03-10,1242
3722,2012-03-11,1242
3723,2012-03-12,1242
3724,2012-03-13,1242
3725,2012-03-14,1242
3726,2012-03-15,1242
3727,2012-03-16,1242
3728,2012-03-17,1242
3729,2012-03-18,1242
3730,2012-03-19,1242
3731,2012-03-20,1242
3732,2012-03-21,1242
3733,2012-03-22,1242
3734,2012-03-23,1242
3735,2012-03-24,1242
3736,2012-03-25,1242
3737,2012-03-26,1242
3738,2012-03-27,1242
3739,2012-03-28,1242
3740,2012-03-29,1242
3741,2012-03-30,1242
3742,2012-03-31,1242
3743,2012-04-01,1242
3744,2012-04-02,1242
3745,2012-04-03,1242
3746,2012-04-04,1242
3747,2012-04-05,1242
3748,2012-04-06,1242
3749,2012-04-07,1242
3750,2012-04-08,1242
3751,2012-04-09,1242
3752,2012-04-10,1242
3753,2012-04-11,1242
3754,2012-04-12,1242
3755,2012-04-13,1242
3756,2012-04-14,1242
3757,2012-04-15,1242
3758,2012-04-16,1242
3759,2012-04-17,1242
3760,2012-04-18,1242
3761,2012-04-19,1242
3762,2012-04-20,1242
3763,2012-04-21,1242
3764,2012-04-22,1242
3765,2012-04-23,1242
3766,2012-04-24,1242
3767,2012-04-25,1242
3768,2012-04-26,1242
3769,2012-04-27,1242
3770,2012-04-28,1242
3771,2012-04-29,1242
3772,2012-04-30,1242
3773,2012-05-01,1242
3774,2012-05-02,1242
3775,2012-05-03,1242
3776,2012-05-04,1242
3777,2012-05-05,1242
3778,2012-05-06,1242
3779,2012-05-07,1242
3780,2012-05-08,1242
3781,2012-05-09,1242
3782,2012-05-10,1242
3783,2012-05-11,1242
3784,2012-05-12,1242
3785,2012-05-13,1242
3786,2012-05-14,1242
3787,2012-05-15,1242
3788,2012-05-16,1242
3789,2012-05-17,1242
3790,2012-05-18,1242
3791,2012-05-19,1242
3792,2012-05-20,1242
3793,2012-05-21,1242
3794,2012-05-22,1242
3795,2012-05-23,1242
3796,2012-05-24,1242
3797,2012-05-25,1242
3798,2012-05-26,1242
3799,2012-05-27,1242
3800,2012-05-28,1242
3801,2012-05-29,1242
3802,2012-05-30,1242
3803,2012-05-31,1242
3804,2012-06-01,1242
3805,2012-06-02,1242
3806,2012-06-03,1242
3807,2012-06-04,1242
3808,2012-06-05,1242
3809,2012-06-06,1242
3810,2012-06-07,1242
3811,2012-06-08,1242
3812,2012-06-09,1242
3813,2012-06-10,1242
3814,2012-06-11,1242
3815,2012-06-12,1242
3816,2012-06-13,1242
3817,2012-06-14,1242
3818,2012-06-15,1242
3819,2012-06-16,1242
3820,2012-06-17,1242
3821,2012-06-18,1242
3822,2012-06-19,1242
3823,2012-06-20,1242
3824,2012-06-21,1242
3825,2012-06-22,1242
3826,2012-06-23,1242
3827,2012-06-24,1242
3828,2012-06-25,1242
3829,2012-06-26,1242
3830,2012-06-27,1242
3831,2012-06-28,1242
3832,2012-06-29,1242
3833,2012-06-30,1242
3834,2012-07-01,1242
3835,2012-07-02,1242
3836,2012-07-03,1242
3837,2012-07-04,1242
3838,2012-07-05,1242
3839,2012-07-06,1242
3840,2012-07-07,1242
3841,2012-07-08,1242
3842,2012-07-09,1242
3843,2012-07-10,1242
3844,2012-07-11,1242
3845,2012-07-12,1242
3846,2012-07-13,1242
3847,2012-07-14,1242
3848,2012-07-15,1242
3849,2012-07-16,1242
3850,2012-07-17,1242
3851,2012-07-18,1242
3852,2012-07-19,1242
3853,2012-07-20,1242
3854,2012-07-21,1242
3855,2012-07-22,1242
3856,2012-07-23,1242
3857,2012-07-24,1242
3858,2012-07-25,1242
3859,2012-07-26,1242
3860,2012-07-27,1242
3861,2012-07-28,1242
3862,2012-07-29,1242
3863,2012-07-30,1242
3864,2012-07-31,1242
3865,2012-08-01,1242
3866,2012-08-02,1242
3867,2012-08-03,1242
3868,2012-08-04,1242
3869,2012-08-05,1242
3870,2012-08-06,1242
3871,2012-08-07,1242
3872,2012-08-08,1242
3873,2012-08-09,1242
3874,2012-08-10,1242
3875,2012-08-11,1242
3876,2012-08-12,1242
3877,2012-08-13,1242
3878,2012-08-14,1242
3879,2012-08-15,1242
3880,2012-08-16,1242
3881,2012-08-17,1242
3882,2012-08-18,1242
3883,2012-08-19,1242
3884,2012-08-20,1242
3885,2012-08-21,1242
3886,2012-08-22,1242
3887,2012-08-23,1242
3888,2012-08-24,1242
3889,2012-08-25,1242
3890,2012-08-26,1242
3891,2012-08-27,1242
3892,2012-08-28,1242
3893,2012-08-29,1242
3894,2012-08-30,1242
3895,2012-08-31,1242
3896,2012-09-01,1242
3897,2012-09-02,1242
3898,2012-09-03,1242
3899,2012-09-04,1242
3900,2012-09-05,1242
3901,2012-09-06,1242
3902,2012-09-07,1242
3903,2012-09-08,1242
3904,2012-09-09,1242
3905,2012-09-10,1242
3906,2012-09-11,1242
3907,2012-09-12,1242
3908,2012-09-13,1242
3909,2012-09-14,1242
3910,2012-09-15,1242
3911,2012-09-16,1242
3912,2012-09-17,1242
3913,2012-09-18,1242
3914,2012-09-19,1242
3915,2012-09-20,1242
3916,2012-09-21,1242
3917,2012-09-22,1242
3918,2012-09-23,1242
3919,2012-09-24,1242
3920,2012-09-25,1242
3921,2012-09-26,1242
3922,2012-09-27,1242
3923,2012-09-28,1242
3924,2012-09-29,1242
3925,2012-09-30,1242
3926,2012-10-01,1242
3927,2012-10-02,1242
3928,2012-10-03,1242
3929,2012-10-04,1242
3930,2012-10-05,1242
3931,2012-10-06,1242
3932,2012-10-07,1242
3933,2012-10-08,1242
3934,2012-10-09,1242
3935,2012-10-10,1242
3936,2012-10-11,1242
3937,2012-10-12,1242
3938,2012-10-13,1242
3939,2012-10-14,1242
3940,2012-10-15,1242
3941,2012-10-16,1242
3942,2012-10-17,1242
3943,2012-10-18,1242
3944,2012-10-19,1242
3945,2012-10-20,1242
3946,2012-10-21,1242
3947,2012-10-22,1242
3948,2012-10-23,1242
3949,2012-10-24,1242
3950,2012-10-25,1242
3951,2012-10-26,1242
3952,2012-10-27,1242
3953,2012-10-28,1242
3954,2012-10-29,1242
3955,2012-10-30,1242
3956,2012-10-31,1242
3957,2012-11-01,1242
3958,2012-11-02,1242
3959,2012-11-03,1242
3960,2012-11-04,1242
3961,2012-11-05,1242
3962,2012-11-06,1242
3963,2012-11-07,1242
3964,2012-11-08,1242
3965,2012-11-09,1242
3966,2012-11-10,1242
3967,2012-11-11,1242
3968,2012-11-12,1242
3969,2012-11-13,1242
3970,2012-11-14,1242
3971,2012-11-15,1242
3972,2012-11-16,1242
3973,2012-11-17,1242
3974,2012-11-18,1242
3975,2012-11-19,1242
3976,2012-11-20,1242
3977,2012-11-21,1242
3978,2012-11-22,1242
3979,2012-11-23,1242
3980,2012-11-24,1242
3981,2012-11-25,1242
3982,2012-11-26,1242
3983,2012-11-27,1242
3984,2012-11-28,1242
3985,2012-11-29,1242
3986,2012-11-30,1242
3987,2012-12-01,1242
3988,2012-12-02,1242
3989,2012-12-03,1242
3990,2012-12-04,1242
3991,2012-12-05,1242
3992,2012-12-06,1242
3993,2012-12-07,1242
3994,2012-12-08,1242
3995,2012-12-09,1242
3996,2012-12-10,1242
3997,2012-12-11,1242
3998,2012-12-12,1242
3999,2012-12-13,1242
4000,2012-12-14,1242
4001,2012-12-15,1242
4002,2012-12-16,1242
4003,2012-12-17,1242
4004,2012-12-18,1242
4005,2012-12-19,1242
4006,2012-12-20,1242
4007,2012-12-21,1242
4008,2012-12-22,1242
4009,2012-12-23,1242
4010,2012-12-24,1242
4011,2012-12-25,1242
4012,2012-12-26,1242
4013,2012-12-27,1242
4014,2012-12-28,1242
4015,2012-12-29,1242
4016,2012-12-30,1242
4017,2012-12-31,1242
4018,2011-01-01,1293
4019,2011-01-02,1293
4020,2011-01-03,1293
4021,2011-01-04,1293
4022,2011-01-05,1293
4023,2011-01-06,1293
4024,2011-01-07,1293
4025,2011-01-08,1293
4026,2011-01-09,1293
4027,2011-01-10,1293
4028,2011-01-11,1293
4029,2011-01-12,1293
4030,2011-01-13,1293
4031,2011-01-14,1293
4032,2011-01-15,1293
4033,2011-01-16,1293
4034,2011-01-17,1293
4035,2011-01-18,1293
4036,2011-01-19,1293
4037,2011-01-20,1293
4038,2011-01-21,1293
4039,2011-01-22,1293
4040,2011-01-23,1293
4041,2011-01-24,1293
4042,2011-01-25,1293
4043,2011-01-26,1293
4044,2011-01-27,1293
4045,2011-01-28,1293
4046,2011-01-29,1293
4047,2011-01-30,1293
4048,2011-01-31,1293
4049,2011-02-01,1293
4050,2011-02-02,1293
4051,2011-02-03,1293
4052,2011-02-04,1293
4053,2011-02-05,1293
4054,2011-02-06,1293
4055,2011-02-07,1293
4056,2011-02-08,1293
4057,2011-02-09,1293
4058,2011-02-10,1293
4059,2011-02-11,1293
4060,2011-02-12,1293
4061,2011-02-13,1293
4062,2011-02-14,1293
4063,2011-02-15,1293
4064,2011-02-16,1293
4065,2011-02-17,1293
4066,2011-02-18,1293
4067,2011-02-19,1293
4068,2011-02-20,1293
4069,2011-02-21,1293
4070,2011-02-22,1293
4071,2011-02-23,1293
4072,2011-02-24,1293
4073,2011-02-25,1293
4074,2011-02-26,1293
4075,2011-02-27,1293
4076,2011-02-28,1293
4077,2011-03-01,1293
4078,2011-03-02,1293
4079,2011-03-03,1293
4080,2011-03-04,1293
4081,2011-03-05,1293
4082,2011-03-06,1293
4083,2011-03-07,1293
4084,2011-03-08,1293
4085,2011-03-09,1293
4086,2011-03-10,1293
4087,2011-03-11,1293
4088,2011-03-12,1293
4089,2011-03-13,1293
4090,2011-03-14,1293
4091,2011-03-15,1293
4092,2011-03-16,1293
4093,2011-03-17,1293
4094,2011-03-18,1293
4095,2011-03-19,1293
4096,2011-03-20,1293
4097,2011-03-21,1293
4098,2011-03-22,1293
4099,2011-03-23,1293
4100,2011-03-24,1293
4101,2011-03-25,1293
4102,2011-03-26,1293
4103,2011-03-27,1293
4104,2011-03-28,1293
4105,2011-03-29,1293
4106,2011-03-30,1293
4107,2011-03-31,1293
4108,2011-04-01,1293
4109,2011-04-02,1293
4110,2011-04-03,1293
4111,2011-04-04,1293
4112,2011-04-05,1293
4113,2011-04-06,1293
4114,2011-04-07,1293
4115,2011-04-08,1293
4116,2011-04-09,1293
4117,2011-04-10,1293
4118,2011-04-11,1293
4119,2011-04-12,1293
4120,2011-04-13,1293
4121,2011-04-14,1293
4122,2011-04-15,1293
4123,2011-04-16,1293
4124,2011-04-17,1293
4125,2011-04-18,1293
4126,2011-04-19,1293
4127,2011-04-20,1293
4128,2011-04-21,1293
4129,2011-04-22,1293
4130,2011-04-23,1293
4131,2011-04-24,1293
4132,2011-04-25,1293
4133,2011-04-26,1293
4134,2011-04-27,1293
4135,2011-04-28,1293
4136,2011-04-29,1293
4137,2011-04-30,1293
4138,2011-05-01,1293
4139,2011-05-02,1293
4140,2011-05-03,1293
4141,2011-05-04,1293
4142,2011-05-05,1293
4143,2011-05-06,1293
4144,2011-05-07,1293
4145,2011-05-08,1293
4146,2011-05-09,1293
4147,2011-05-10,1293
4148,2011-05-11,1293
4149,2011-05-12,1293
4150,2011-05-13,1293
4151,2011-05-14,1293
4152,2011-05-15,1293
4153,2011-05-16,1293
4154,2011-05-17,1293
4155,2011-05-18,1293
4156,2011-05-19,1293
4157,2011-05-20,1293
4158,2011-05-21,1293
4159,2011-05-22,1293
4160,2011-05-23,1293
4161,2011-05-24,1293
4162,2011-05-25,1293
4163,2011-05-26,1293
4164,2011-05-27,1293
4165,2011-05-28,1293
4166,2011-05-29,1293
4167,2011-05-30,1293
4168,2011-05-31,1293
4169,2011-06-01,1293
4170,2011-06-02,1293
4171,2011-06-03,1293
4172,2011-06-04,1293
4173,2011-06-05,1293
4174,2011-06-06,1293
4175,2011-06-07,1293
4176,2011-06-08,1293
4177,2011-06-09,1293
4178,2011-06-10,1293
4179,2011-06-11,1293
4180,2011-06-12,1293
4181,2011-06-13,1293
4182,2011-06-14,1293
4183,2011-06-15,1293
4184,2011-06-16,1293
4185,2011-06-17,1293
4186,2011-06-18,1293
4187,2011-06-19,1293
4188,2011-06-20,1293
4189,2011-06-21,1293
4190,2011-06-22,1293
4191,2011-06-23,1293
4192,2011-06-24,1293
4193,2011-06-25,1293
4194,2011-06-26,1293
4195,2011-06-27,1293
4196,2011-06-28,1293
4197,2011-06-29,1293
4198,2011-06-30,1293
4199,2011-07-01,1293
4200,2011-07-02,1293
4201,2011-07-03,1293
4202,2011-07-04,1293
4203,2011-07-05,1293
4204,2011-07-06,1293
4205,2011-07-07,1293
4206,2011-07-08,1293
4207,2011-07-09,1293
4208,2011-07-10,1293
4209,2011-07-11,1293
4210,2011-07-12,1293
4211,2011-07-13,1293
4212,2011-07-14,1293
4213,2011-07-15,1293
4214,2011-07-16,1293
4215,2011-07-17,1293
4216,2011-07-18,1293
4217,2011-07-19,1293
4218,2011-07-20,1293
4219,2011-07-21,1293
4220,2011-07-22,1293
4221,2011-07-23,1293
4222,2011-07-24,1293
4223,2011-07-25,1293
4224,2011-07-26,1293
4225,2011-07-27,1293
4226,2011-07-28,1293
4227,2011-07-29,1293
4228,2011-07-30,1293
4229,2011-07-31,1293
4230,2011-08-01,1293
4231,2011-08-02,1293
4232,2011-08-03,1293
4233,2011-08-04,1293
4234,2011-08-05,1293
4235,2011-08-06,1293
4236,2011-08-07,1293
4237,2011-08-08,1293
4238,2011-08-09,1293
4239,2011-08-10,1293
4240,2011-08-11,1293
4241,2011-08-12,1293
4242,2011-08-13,1293
4243,2011-08-14,1293
4244,2011-08-15,1293
4245,2011-08-16,1293
4246,2011-08-17,1293
4247,2011-08-18,1293
4248,2011-08-19,1293
4249,2011-08-20,1293
4250,2011-08-21,1293
4251,2011-08-22,1293
4252,2011-08-23,1293
4253,2011-08-24,1293
4254,2011-08-25,1293
4255,2011-08-26,1293
4256,2011-08-27,1293
4257,2011-08-28,1293
4258,2011-08-29,1293
4259,2011-08-30,1293
4260,2011-08-31,1293
4261,2011-09-01,1293
4262,2011-09-02,1293
4263,2011-09-03,1293
4264,2011-09-04,1293
4265,2011-09-05,1293
4266,2011-09-06,1293
4267,2011-09-07,1293
4268,2011-09-08,1293
4269,2011-09-09,1293
4270,2011-09-10,1293
4271,2011-09-11,1293
4272,2011-09-12,1293
4273,2011-09-13,1293
4274,2011-09-14,1293
4275,2011-09-15,1293
4276,2011-09-16,1293
4277,2011-09-17,1293
4278,2011-09-18,1293
4279,2011-09-19,1293
4280,2011-09-20,1293
4281,2011-09-21,1293
4282,2011-09-22,1293
4283,2011-09-23,1293
4284,2011-09-24,1293
4285,2011-09-25,1293
4286,2011-09-26,1293
4287,2011-09-27,1293
4288,2011-09-28,1293
4289,2011-09-29,1293
4290,2011-09-30,1293
4291,2011-10-01,1293
4292,2011-10-02,1293
4293,2011-10-03,1293
4294,2011-10-04,1293
4295,2011-10-05,1293
4296,2011-10-06,1293
4297,2011-10-07,1293
4298,2011-10-08,1293
4299,2011-10-09,1293
4300,2011-10-10,1293
4301,2011-10-11,1293
4302,2011-10-12,1293
4303,2011-10-13,1293
4304,2011-10-14,1293
4305,2011-10-15,1293
4306,2011-10-16,1293
4307,2011-10-17,1293
4308,2011-10-18,1293
4309,2011-10-19,1293
4310,2011-10-20,1293
4311,2011-10-21,1293
4312,2011-10-22,1293
4313,2011-10-23,1293
4314,2011-10-24,1293
4315,2011-10-25,1293
4316,2011-10-26,1293
4317,2011-10-27,1293
4318,2011-10-28,1293
4319,2011-10-29,1293
4320,2011-10-30,1293
4321,2011-10-31,1293
4322,2011-11-01,1293
4323,2011-11-02,1293
4324,2011-11-03,1293
4325,2011-11-04,1293
4326,2011-11-05,1293
4327,2011-11-06,1293
4328,2011-11-07,1293
4329,2011-11-08,1293
4330,2011-11-09,1293
4331,2011-11-10,1293
4332,2011-11-11,1293
4333,2011-11-12,1293
4334,2011-11-13,1293
4335,2011-11-14,1293
4336,2011-11-15,1293
4337,2011-11-16,1293
4338,2011-11-17,1293
4339,2011-11-18,1293
4340,2011-11-19,1293
4341,2011-11-20,1293
4342,2011-11-21,1293
4343,2011-11-22,1293
4344,2011-11-23,1293
4345,2011-11-24,1293
4346,2011-11-25,1293
4347,2011-11-26,1293
4348,2011-11-27,1293
4349,2011-11-28,1293
4350,2011-11-29,1293
4351,2011-11-30,1293
4352,2011-12-01,1293
4353,2011-12-02,1293
4354,2011-12-03,1293
4355,2011-12-04,1293
4356,2011-12-05,1293
4357,2011-12-06,1293
4358,2011-12-07,1293
4359,2011-12-08,1293
4360,2011-12-09,1293
4361,2011-12-10,1293
4362,2011-12-11,1293
4363,2011-12-12,1293
4364,2011-12-13,1293
4365,2011-12-14,1293
4366,2011-12-15,1293
4367,2011-12-16,1293
4368,2011-12-17,1293
4369,2011-12-18,1293
4370,2011-12-19,1293
4371,2011-12-20,1293
4372,2011-12-21,1293
4373,2011-12-22,1293
4374,2011-12-23,1293
4375,2011-12-24,1293
4376,2011-12-25,1293
4377,2011-12-26,1293
4378,2011-12-27,1293
4379,2011-12-28,1293
4380,2011-12-29,1293
4381,2011-12-30,1293
4382,2011-12-31,1293
4383,2010-01-01,1333
4384,2010-01-02,1333
4385,2010-01-03,1333
4386,2010-01-04,1333
4387,2010-01-05,1333
4388,2010-01-06,1333
4389,2010-01-07,1333
4390,2010-01-08,1333
4391,2010-01-09,1333
4392,2010-01-10,1333
4393,2010-01-11,1333
4394,2010-01-12,1333
4395,2010-01-13,1333
4396,2010-01-14,1333
4397,2010-01-15,1333
4398,2010-01-16,1333
4399,2010-01-17,1333
4400,2010-01-18,1333
4401,2010-01-19,1333
4402,2010-01-20,1333
4403,2010-01-21,1333
4404,2010-01-22,1333
4405,2010-01-23,1333
4406,2010-01-24,1333
4407,2010-01-25,1333
4408,2010-01-26,1333
4409,2010-01-27,1333
4410,2010-01-28,1333
4411,2010-01-29,1333
4412,2010-01-30,1333
4413,2010-01-31,1333
4414,2010-02-01,1333
4415,2010-02-02,1333
4416,2010-02-03,1333
4417,2010-02-04,1333
4418,2010-02-05,1333
4419,2010-02-06,1333
4420,2010-02-07,1333
4421,2010-02-08,1333
4422,2010-02-09,1333
4423,2010-02-10,1333
4424,2010-02-11,1333
4425,2010-02-12,1333
4426,2010-02-13,1333
4427,2010-02-14,1333
4428,2010-02-15,1333
4429,2010-02-16,1333
4430,2010-02-17,1333
4431,2010-02-18,1333
4432,2010-02-19,1333
4433,2010-02-20,1333
4434,2010-02-21,1333
4435,2010-02-22,1333
4436,2010-02-23,1333
4437,2010-02-24,1333
4438,2010-02-25,1333
4439,2010-02-26,1333
4440,2010-02-27,1333
4441,2010-02-28,1333
4442,2010-03-01,1333
4443,2010-03-02,1333
4444,2010-03-03,1333
4445,2010-03-04,1333
4446,2010-03-05,1333
4447,2010-03-06,1333
4448,2010-03-07,1333
4449,2010-03-08,1333
4450,2010-03-09,1333
4451,2010-03-10,1333
4452,2010-03-11,1333
4453,2010-03-12,1333
4454,2010-03-13,1333
4455,2010-03-14,1333
4456,2010-03-15,1333
4457,2010-03-16,1333
4458,2010-03-17,1333
4459,2010-03-18,1333
4460,2010-03-19,1333
4461,2010-03-20,1333
4462,2010-03-21,1333
4463,2010-03-22,1333
4464,2010-03-23,1333
4465,2010-03-24,1333
4466,2010-03-25,1333
4467,2010-03-26,1333
4468,2010-03-27,1333
4469,2010-03-28,1333
4470,2010-03-29,1333
4471,2010-03-30,1333
4472,2010-03-31,1333
4473,2010-04-01,1333
4474,2010-04-02,1333
4475,2010-04-03,1333
4476,2010-04-04,1333
4477,2010-04-05,1333
4478,2010-04-06,1333
4479,2010-04-07,1333
4480,2010-04-08,1333
4481,2010-04-09,1333
4482,2010-04-10,1333
4483,2010-04-11,1333
4484,2010-04-12,1333
4485,2010-04-13,1333
4486,2010-04-14,1333
4487,2010-04-15,1333
4488,2010-04-16,1333
4489,2010-04-17,1333
4490,2010-04-18,1333
4491,2010-04-19,1333
4492,2010-04-20,1333
4493,2010-04-21,1333
4494,2010-04-22,1333
4495,2010-04-23,1333
4496,2010-04-24,1333
4497,2010-04-25,1333
4498,2010-04-26,1333
4499,2010-04-27,1333
4500,2010-04-28,1333
4501,2010-04-29,1333
4502,2010-04-30,1333
4503,2010-05-01,1333
4504,2010-05-02,1333
4505,2010-05-03,1333
4506,2010-05-04,1333
4507,2010-05-05,1333
4508,2010-05-06,1333
4509,2010-05-07,1333
4510,2010-05-08,1333
4511,2010-05-09,1333
4512,2010-05-10,1333
4513,2010-05-11,1333
4514,2010-05-12,1333
4515,2010-05-13,1333
4516,2010-05-14,1333
4517,2010-05-15,1333
4518,2010-05-16,1333
4519,2010-05-17,1333
4520,2010-05-18,1333
4521,2010-05-19,1333
4522,2010-05-20,1333
4523,2010-05-21,1333
4524,2010-05-22,1333
4525,2010-05-23,1333
4526,2010-05-24,1333
4527,2010-05-25,1333
4528,2010-05-26,1333
4529,2010-05-27,1333
4530,2010-05-28,1333
4531,2010-05-29,1333
4532,2010-05-30,1333
4533,2010-05-31,1333
4534,2010-06-01,1333
4535,2010-06-02,1333
4536,2010-06-03,1333
4537,2010-06-04,1333
4538,2010-06-05,1333
4539,2010-06-06,1333
4540,2010-06-07,1333
4541,2010-06-08,1333
4542,2010-06-09,1333
4543,2010-06-10,1333
4544,2010-06-11,1333
4545,2010-06-12,1333
4546,2010-06-13,1333
4547,2010-06-14,1333
4548,2010-06-15,1333
4549,2010-06-16,1333
4550,2010-06-17,1333
4551,2010-06-18,1333
4552,2010-06-19,1333
4553,2010-06-20,1333
4554,2010-06-21,1333
4555,2010-06-22,1333
4556,2010-06-23,1333
4557,2010-06-24,1333
4558,2010-06-25,1333
4559,2010-06-26,1333
4560,2010-06-27,1333
4561,2010-06-28,1333
4562,2010-06-29,1333
4563,2010-06-30,1333
4564,2010-07-01,1333
4565,2010-07-02,1333
4566,2010-07-03,1333
4567,2010-07-04,1333
4568,2010-07-05,1333
4569,2010-07-06,1333
4570,2010-07-07,1333
4571,2010-07-08,1333
4572,2010-07-09,1333
4573,2010-07-10,1333
4574,2010-07-11,1333
4575,2010-07-12,1333
4576,2010-07-13,1333
4577,2010-07-14,1333
4578,2010-07-15,1333
4579,2010-07-16,1333
4580,2010-07-17,1333
4581,2010-07-18,1333
4582,2010-07-19,1333
4583,2010-07-20,1333
4584,2010-07-21,1333
4585,2010-07-22,1333
4586,2010-07-23,1333
4587,2010-07-24,1333
4588,2010-07-25,1333
4589,2010-07-26,1333
4590,2010-07-27,1333
4591,2010-07-28,1333
4592,2010-07-29,1333
4593,2010-07-30,1333
4594,2010-07-31,1333
4595,2010-08-01,1333
4596,2010-08-02,1333
4597,2010-08-03,1333
4598,2010-08-04,1333
4599,2010-08-05,1333
4600,2010-08-06,1333
4601,2010-08-07,1333
4602,2010-08-08,1333
4603,2010-08-09,1333
4604,2010-08-10,1333
4605,2010-08-11,1333
4606,2010-08-12,1333
4607,2010-08-13,1333
4608,2010-08-14,1333
4609,2010-08-15,1333
4610,2010-08-16,1333
4611,2010-08-17,1333
4612,2010-08-18,1333
4613,2010-08-19,1333
4614,2010-08-20,1333
4615,2010-08-21,1333
4616,2010-08-22,1333
4617,2010-08-23,1333
4618,2010-08-24,1333
4619,2010-08-25,1333
4620,2010-08-26,1333
4621,2010-08-27,1333
4622,2010-08-28,1333
4623,2010-08-29,1333
4624,2010-08-30,1333
4625,2010-08-31,1333
4626,2010-09-01,1333
4627,2010-09-02,1333
4628,2010-09-03,1333
4629,2010-09-04,1333
4630,2010-09-05,1333
4631,2010-09-06,1333
4632,2010-09-07,1333
4633,2010-09-08,1333
4634,2010-09-09,1333
4635,2010-09-10,1333
4636,2010-09-11,1333
4637,2010-09-12,1333
4638,2010-09-13,1333
4639,2010-09-14,1333
4640,2010-09-15,1333
4641,2010-09-16,1333
4642,2010-09-17,1333
4643,2010-09-18,1333
4644,2010-09-19,1333
4645,2010-09-20,1333
4646,2010-09-21,1333
4647,2010-09-22,1333
4648,2010-09-23,1333
4649,2010-09-24,1333
4650,2010-09-25,1333
4651,2010-09-26,1333
4652,2010-09-27,1333
4653,2010-09-28,1333
4654,2010-09-29,1333
4655,2010-09-30,1333
4656,2010-10-01,1333
4657,2010-10-02,1333
4658,2010-10-03,1333
4659,2010-10-04,1333
4660,2010-10-05,1333
4661,2010-10-06,1333
4662,2010-10-07,1333
4663,2010-10-08,1333
4664,2010-10-09,1333
4665,2010-10-10,1333
4666,2010-10-11,1333
4667,2010-10-12,1333
4668,2010-10-13,1333
4669,2010-10-14,1333
4670,2010-10-15,1333
4671,2010-10-16,1333
4672,2010-10-17,1333
4673,2010-10-18,1333
4674,2010-10-19,1333
4675,2010-10-20,1333
4676,2010-10-21,1333
4677,2010-10-22,1333
4678,2010-10-23,1333
4679,2010-10-24,1333
4680,2010-10-25,1333
4681,2010-10-26,1333
4682,2010-10-27,1333
4683,2010-10-28,1333
4684,2010-10-29,1333
4685,2010-10-30,1333
4686,2010-10-31,1333
4687,2010-11-01,1333
4688,2010-11-02,1333
4689,2010-11-03,1333
4690,2010-11-04,1333
4691,2010-11-05,1333
4692,2010-11-06,1333
4693,2010-11-07,1333
4694,2010-11-08,1333
4695,2010-11-09,1333
4696,2010-11-10,1333
4697,2010-11-11,1333
4698,2010-11-12,1333
4699,2010-11-13,1333
4700,2010-11-14,1333
4701,2010-11-15,1333
4702,2010-11-16,1333
4703,2010-11-17,1333
4704,2010-11-18,1333
4705,2010-11-19,1333
4706,2010-11-20,1333
4707,2010-11-21,1333
4708,2010-11-22,1333
4709,2010-11-23,1333
4710,2010-11-24,1333
4711,2010-11-25,1333
4712,2010-11-26,1333
4713,2010-11-27,1333
4714,2010-11-28,1333
4715,2010-11-29,1333
4716,2010-11-30,1333
4717,2010-12-01,1333
4718,2010-12-02,1333
4719,2010-12-03,1333
4720,2010-12-04,1333
4721,2010-12-05,1333
4722,2010-12-06,1333
4723,2010-12-07,1333
4724,2010-12-08,1333
4725,2010-12-09,1333
4726,2010-12-10,1333
4727,2010-12-11,1333
4728,2010-12-12,1333
4729,2010-12-13,1333
4730,2010-12-14,1333
4731,2010-12-15,1333
4732,2010-12-16,1333
4733,2010-12-17,1333
4734,2010-12-18,1333
4735,2010-12-19,1333
4736,2010-12-20,1333
4737,2010-12-21,1333
4738,2010-12-22,1333
4739,2010-12-23,1333
4740,2010-12-24,1333
4741,2010-12-25,1333
4742,2010-12-26,1333
4743,2010-12-27,1333
4744,2010-12-28,1333
4745,2010-12-29,1333
4746,2010-12-30,1333
4747,2010-12-31,1333
4748,2009-01-01,1356
4749,2009-01-02,1356
4750,2009-01-03,1356
4751,2009-01-04,1356
4752,2009-01-05,1356
4753,2009-01-06,1356
4754,2009-01-07,1356
4755,2009-01-08,1356
4756,2009-01-09,1356
4757,2009-01-10,1356
4758,2009-01-11,1356
4759,2009-01-12,1356
4760,2009-01-13,1356
4761,2009-01-14,1356
4762,2009-01-15,1356
4763,2009-01-16,1356
4764,2009-01-17,1356
4765,2009-01-18,1356
4766,2009-01-19,1356
4767,2009-01-20,1356
4768,2009-01-21,1356
4769,2009-01-22,1356
4770,2009-01-23,1356
4771,2009-01-24,1356
4772,2009-01-25,1356
4773,2009-01-26,1356
4774,2009-01-27,1356
4775,2009-01-28,1356
4776,2009-01-29,1356
4777,2009-01-30,1356
4778,2009-01-31,1356
4779,2009-02-01,1356
4780,2009-02-02,1356
4781,2009-02-03,1356
4782,2009-02-04,1356
4783,2009-02-05,1356
4784,2009-02-06,1356
4785,2009-02-07,1356
4786,2009-02-08,1356
4787,2009-02-09,1356
4788,2009-02-10,1356
4789,2009-02-11,1356
4790,2009-02-12,1356
4791,2009-02-13,1356
4792,2009-02-14,1356
4793,2009-02-15,1356
4794,2009-02-16,1356
4795,2009-02-17,1356
4796,2009-02-18,1356
4797,2009-02-19,1356
4798,2009-02-20,1356
4799,2009-02-21,1356
4800,2009-02-22,1356
4801,2009-02-23,1356
4802,2009-02-24,1356
4803,2009-02-25,1356
4804,2009-02-26,1356
4805,2009-02-27,1356
4806,2009-02-28,1356
4807,2009-03-01,1356
4808,2009-03-02,1356
4809,2009-03-03,1356
4810,2009-03-04,1356
4811,2009-03-05,1356
4812,2009-03-06,1356
4813,2009-03-07,1356
4814,2009-03-08,1356
4815,2009-03-09,1356
4816,2009-03-10,1356
4817,2009-03-11,1356
4818,2009-03-12,1356
4819,2009-03-13,1356
4820,2009-03-14,1356
4821,2009-03-15,1356
4822,2009-03-16,1356
4823,2009-03-17,1356
4824,2009-03-18,1356
4825,2009-03-19,1356
4826,2009-03-20,1356
4827,2009-03-21,1356
4828,2009-03-22,1356
4829,2009-03-23,1356
4830,2009-03-24,1356
4831,2009-03-25,1356
4832,2009-03-26,1356
4833,2009-03-27,1356
4834,2009-03-28,1356
4835,2009-03-29,1356
4836,2009-03-30,1356
4837,2009-03-31,1356
4838,2009-04-01,1356
4839,2009-04-02,1356
4840,2009-04-03,1356
4841,2009-04-04,1356
4842,2009-04-05,1356
4843,2009-04-06,1356
4844,2009-04-07,1356
4845,2009-04-08,1356
4846,2009-04-09,1356
4847,2009-04-10,1356
4848,2009-04-11,1356
4849,2009-04-12,1356
4850,2009-04-13,1356
4851,2009-04-14,1356
4852,2009-04-15,1356
4853,2009-04-16,1356
4854,2009-04-17,1356
4855,2009-04-18,1356
4856,2009-04-19,1356
4857,2009-04-20,1356
4858,2009-04-21,1356
4859,2009-04-22,1356
4860,2009-04-23,1356
4861,2009-04-24,1356
4862,2009-04-25,1356
4863,2009-04-26,1356
4864,2009-04-27,1356
4865,2009-04-28,1356
4866,2009-04-29,1356
4867,2009-04-30,1356
4868,2009-05-01,1356
4869,2009-05-02,1356
4870,2009-05-03,1356
4871,2009-05-04,1356
4872,2009-05-05,1356
4873,2009-05-06,1356
4874,2009-05-07,1356
4875,2009-05-08,1356
4876,2009-05-09,1356
4877,2009-05-10,1356
4878,2009-05-11,1356
4879,2009-05-12,1356
4880,2009-05-13,1356
4881,2009-05-14,1356
4882,2009-05-15,1356
4883,2009-05-16,1356
4884,2009-05-17,1356
4885,2009-05-18,1356
4886,2009-05-19,1356
4887,2009-05-20,1356
4888,2009-05-21,1356
4889,2009-05-22,1356
4890,2009-05-23,1356
4891,2009-05-24,1356
4892,2009-05-25,1356
4893,2009-05-26,1356
4894,2009-05-27,1356
4895,2009-05-28,1356
4896,2009-05-29,1356
4897,2009-05-30,1356
4898,2009-05-31,1356
4899,2009-06-01,1356
4900,2009-06-02,1356
4901,2009-06-03,1356
4902,2009-06-04,1356
4903,2009-06-05,1356
4904,2009-06-06,1356
4905,2009-06-07,1356
4906,2009-06-08,1356
4907,2009-06-09,1356
4908,2009-06-10,1356
4909,2009-06-11,1356
4910,2009-06-12,1356
4911,2009-06-13,1356
4912,2009-06-14,1356
4913,2009-06-15,1356
4914,2009-06-16,1356
4915,2009-06-17,1356
4916,2009-06-18,1356
4917,2009-06-19,1356
4918,2009-06-20,1356
4919,2009-06-21,1356
4920,2009-06-22,1356
4921,2009-06-23,1356
4922,2009-06-24,1356
4923,2009-06-25,1356
4924,2009-06-26,1356
4925,2009-06-27,1356
4926,2009-06-28,1356
4927,2009-06-29,1356
4928,2009-06-30,1356
4929,2009-07-01,1356
4930,2009-07-02,1356
4931,2009-07-03,1356
4932,2009-07-04,1356
4933,2009-07-05,1356
4934,2009-07-06,1356
4935,2009-07-07,1356
4936,2009-07-08,1356
4937,2009-07-09,1356
4938,2009-07-10,1356
4939,2009-07-11,1356
4940,2009-07-12,1356
4941,2009-07-13,1356
4942,2009-07-14,1356
4943,2009-07-15,1356
4944,2009-07-16,1356
4945,2009-07-17,1356
4946,2009-07-18,1356
4947,2009-07-19,1356
4948,2009-07-20,1356
4949,2009-07-21,1356
4950,2009-07-22,1356
4951,2009-07-23,1356
4952,2009-07-24,1356
4953,2009-07-25,1356
4954,2009-07-26,1356
4955,2009-07-27,1356
4956,2009-07-28,1356
4957,2009-07-29,1356
4958,2009-07-30,1356
4959,2009-07-31,1356
4960,2009-08-01,1356
4961,2009-08-02,1356
4962,2009-08-03,1356
4963,2009-08-04,1356
4964,2009-08-05,1356
4965,2009-08-06,1356
4966,2009-08-07,1356
4967,2009-08-08,1356
4968,2009-08-09,1356
4969,2009-08-10,1356
4970,2009-08-11,1356
4971,2009-08-12,1356
4972,2009-08-13,1356
4973,2009-08-14,1356
4974,2009-08-15,1356
4975,2009-08-16,1356
4976,2009-08-17,1356
4977,2009-08-18,1356
4978,2009-08-19,1356
4979,2009-08-20,1356
4980,2009-08-21,1356
4981,2009-08-22,1356
4982,2009-08-23,1356
4983,2009-08-24,1356
4984,2009-08-25,1356
4985,2009-08-26,1356
4986,2009-08-27,1356
4987,2009-08-28,1356
4988,2009-08-29,1356
4989,2009-08-30,1356
4990,2009-08-31,1356
4991,2009-09-01,1356
4992,2009-09-02,1356
4993,2009-09-03,1356
4994,2009-09-04,1356
4995,2009-09-05,1356
4996,2009-09-06,1356
4997,2009-09-07,1356
4998,2009-09-08,1356
4999,2009-09-09,1356
5000,2009-09-10,1356
5001,2009-09-11,1356
5002,2009-09-12,1356
5003,2009-09-13,1356
5004,2009-09-14,1356
5005,2009-09-15,1356
5006,2009-09-16,1356
5007,2009-09-17,1356
5008,2009-09-18,1356
5009,2009-09-19,1356
5010,2009-09-20,1356
5011,2009-09-21,1356
5012,2009-09-22,1356
5013,2009-09-23,1356
5014,2009-09-24,1356
5015,2009-09-25,1356
5016,2009-09-26,1356
5017,2009-09-27,1356
5018,2009-09-28,1356
5019,2009-09-29,1356
5020,2009-09-30,1356
5021,2009-10-01,1356
5022,2009-10-02,1356
5023,2009-10-03,1356
5024,2009-10-04,1356
5025,2009-10-05,1356
5026,2009-10-06,1356
5027,2009-10-07,1356
5028,2009-10-08,1356
5029,2009-10-09,1356
5030,2009-10-10,1356
5031,2009-10-11,1356
5032,2009-10-12,1356
5033,2009-10-13,1356
5034,2009-10-14,1356
5035,2009-10-15,1356
5036,2009-10-16,1356
5037,2009-10-17,1356
5038,2009-10-18,1356
5039,2009-10-19,1356
5040,2009-10-20,1356
5041,2009-10-21,1356
5042,2009-10-22,1356
5043,2009-10-23,1356
5044,2009-10-24,1356
5045,2009-10-25,1356
5046,2009-10-26,1356
5047,2009-10-27,1356
5048,2009-10-28,1356
5049,2009-10-29,1356
5050,2009-10-30,1356
5051,2009-10-31,1356
5052,2009-11-01,1356
5053,2009-11-02,1356
5054,2009-11-03,1356
5055,2009-11-04,1356
5056,2009-11-05,1356
5057,2009-11-06,1356
5058,2009-11-07,1356
5059,2009-11-08,1356
5060,2009-11-09,1356
5061,2009-11-10,1356
5062,2009-11-11,1356
5063,2009-11-12,1356
5064,2009-11-13,1356
5065,2009-11-14,1356
5066,2009-11-15,1356
5067,2009-11-16,1356
5068,2009-11-17,1356
5069,2009-11-18,1356
5070,2009-11-19,1356
5071,2009-11-20,1356
5072,2009-11-21,1356
5073,2009-11-22,1356
5074,2009-11-23,1356
5075,2009-11-24,1356
5076,2009-11-25,1356
5077,2009-11-26,1356
5078,2009-11-27,1356
5079,2009-11-28,1356
5080,2009-11-29,1356
5081,2009-11-30,1356
5082,2009-12-01,1356
5083,2009-12-02,1356
5084,2009-12-03,1356
5085,2009-12-04,1356
5086,2009-12-05,1356
5087,2009-12-06,1356
5088,2009-12-07,1356
5089,2009-12-08,1356
5090,2009-12-09,1356
5091,2009-12-10,1356
5092,2009-12-11,1356
5093,2009-12-12,1356
5094,2009-12-13,1356
5095,2009-12-14,1356
5096,2009-12-15,1356
5097,2009-12-16,1356
5098,2009-12-17,1356
5099,2009-12-18,1356
5100,2009-12-19,1356
5101,2009-12-20,1356
5102,2009-12-21,1356
5103,2009-12-22,1356
5104,2009-12-23,1356
5105,2009-12-24,1356
5106,2009-12-25,1356
5107,2009-12-26,1356
5108,2009-12-27,1356
5109,2009-12-28,1356
5110,2009-12-29,1356
5111,2009-12-30,1356
5112,2009-12-31,1356
5113,2008-01-01,1420
5114,2008-01-02,1420
5115,2008-01-03,1420
5116,2008-01-04,1420
5117,2008-01-05,1420
5118,2008-01-06,1420
5119,2008-01-07,1420
5120,2008-01-08,1420
5121,2008-01-09,1420
5122,2008-01-10,1420
5123,2008-01-11,1420
5124,2008-01-12,1420
5125,2008-01-13,1420
5126,2008-01-14,1420
5127,2008-01-15,1420
5128,2008-01-16,1420
5129,2008-01-17,1420
5130,2008-01-18,1420
5131,2008-01-19,1420
5132,2008-01-20,1420
5133,2008-01-21,1420
5134,2008-01-22,1420
5135,2008-01-23,1420
5136,2008-01-24,1420
5137,2008-01-25,1420
5138,2008-01-26,1420
5139,2008-01-27,1420
5140,2008-01-28,1420
5141,2008-01-29,1420
5142,2008-01-30,1420
5143,2008-01-31,1420
5144,2008-02-01,1420
5145,2008-02-02,1420
5146,2008-02-03,1420
5147,2008-02-04,1420
5148,2008-02-05,1420
5149,2008-02-06,1420
5150,2008-02-07,1420
5151,2008-02-08,1420
5152,2008-02-09,1420
5153,2008-02-10,1420
5154,2008-02-11,1420
5155,2008-02-12,1420
5156,2008-02-13,1420
5157,2008-02-14,1420
5158,2008-02-15,1420
5159,2008-02-16,1420
5160,2008-02-17,1420
5161,2008-02-18,1420
5162,2008-02-19,1420
5163,2008-02-20,1420
5164,2008-02-21,1420
5165,2008-02-22,1420
5166,2008-02-23,1420
5167,2008-02-24,1420
5168,2008-02-25,1420
5169,2008-02-26,1420
5170,2008-02-27,1420
5171,2008-02-28,1420
5172,2008-02-29,1420
5173,2008-03-01,1420
5174,2008-03-02,1420
5175,2008-03-03,1420
5176,2008-03-04,1420
5177,2008-03-05,1420
5178,2008-03-06,1420
5179,2008-03-07,1420
5180,2008-03-08,1420
5181,2008-03-09,1420
5182,2008-03-10,1420
5183,2008-03-11,1420
5184,2008-03-12,1420
5185,2008-03-13,1420
5186,2008-03-14,1420
5187,2008-03-15,1420
5188,2008-03-16,1420
5189,2008-03-17,1420
5190,2008-03-18,1420
5191,2008-03-19,1420
5192,2008-03-20,1420
5193,2008-03-21,1420
5194,2008-03-22,1420
5195,2008-03-23,1420
5196,2008-03-24,1420
5197,2008-03-25,1420
5198,2008-03-26,1420
5199,2008-03-27,1420
5200,2008-03-28,1420
5201,2008-03-29,1420
5202,2008-03-30,1420
5203,2008-03-31,1420
5204,2008-04-01,1420
5205,2008-04-02,1420
5206,2008-04-03,1420
5207,2008-04-04,1420
5208,2008-04-05,1420
5209,2008-04-06,1420
5210,2008-04-07,1420
5211,2008-04-08,1420
5212,2008-04-09,1420
5213,2008-04-10,1420
5214,2008-04-11,1420
5215,2008-04-12,1420
5216,2008-04-13,1420
5217,2008-04-14,1420
5218,2008-04-15,1420
5219,2008-04-16,1420
5220,2008-04-17,1420
5221,2008-04-18,1420
5222,2008-04-19,1420
5223,2008-04-20,1420
5224,2008-04-21,1420
5225,2008-04-22,1420
5226,2008-04-23,1420
5227,2008-04-24,1420
5228,2008-04-25,1420
5229,2008-04-26,1420
5230,2008-04-27,1420
5231,2008-04-28,1420
5232,2008-04-29,1420
5233,2008-04-30,1420
5234,2008-05-01,1420
5235,2008-05-02,1420
5236,2008-05-03,1420
5237,2008-05-04,1420
5238,2008-05-05,1420
5239,2008-05-06,1420
5240,2008-05-07,1420
5241,2008-05-08,1420
5242,2008-05-09,1420
5243,2008-05-10,1420
5244,2008-05-11,1420
5245,2008-05-12,1420
5246,2008-05-13,1420
5247,2008-05-14,1420
5248,2008-05-15,1420
5249,2008-05-16,1420
5250,2008-05-17,1420
5251,2008-05-18,1420
5252,2008-05-19,1420
5253,2008-05-20,1420
5254,2008-05-21,1420
5255,2008-05-22,1420
5256,2008-05-23,1420
5257,2008-05-24,1420
5258,2008-05-25,1420
5259,2008-05-26,1420
5260,2008-05-27,1420
5261,2008-05-28,1420
5262,2008-05-29,1420
5263,2008-05-30,1420
5264,2008-05-31,1420
5265,2008-06-01,1420
5266,2008-06-02,1420
5267,2008-06-03,1420
5268,2008-06-04,1420
5269,2008-06-05,1420
5270,2008-06-06,1420
5271,2008-06-07,1420
5272,2008-06-08,1420
5273,2008-06-09,1420
5274,2008-06-10,1420
5275,2008-06-11,1420
5276,2008-06-12,1420
5277,2008-06-13,1420
5278,2008-06-14,1420
5279,2008-06-15,1420
5280,2008-06-16,1420
5281,2008-06-17,1420
5282,2008-06-18,1420
5283,2008-06-19,1420
5284,2008-06-20,1420
5285,2008-06-21,1420
5286,2008-06-22,1420
5287,2008-06-23,1420
5288,2008-06-24,1420
5289,2008-06-25,1420
5290,2008-06-26,1420
5291,2008-06-27,1420
5292,2008-06-28,1420
5293,2008-06-29,1420
5294,2008-06-30,1420
5295,2008-07-01,1420
5296,2008-07-02,1420
5297,2008-07-03,1420
5298,2008-07-04,1420
5299,2008-07-05,1420
5300,2008-07-06,1420
5301,2008-07-07,1420
5302,2008-07-08,1420
5303,2008-07-09,1420
5304,2008-07-10,1420
5305,2008-07-11,1420
5306,2008-07-12,1420
5307,2008-07-13,1420
5308,2008-07-14,1420
5309,2008-07-15,1420
5310,2008-07-16,1420
5311,2008-07-17,1420
5312,2008-07-18,1420
5313,2008-07-19,1420
5314,2008-07-20,1420
5315,2008-07-21,1420
5316,2008-07-22,1420
5317,2008-07-23,1420
5318,2008-07-24,1420
5319,2008-07-25,1420
5320,2008-07-26,1420
5321,2008-07-27,1420
5322,2008-07-28,1420
5323,2008-07-29,1420
5324,2008-07-30,1420
5325,2008-07-31,1420
5326,2008-08-01,1420
5327,2008-08-02,1420
5328,2008-08-03,1420
5329,2008-08-04,1420
5330,2008-08-05,1420
5331,2008-08-06,1420
5332,2008-08-07,1420
5333,2008-08-08,1420
5334,2008-08-09,1420
5335,2008-08-10,1420
5336,2008-08-11,1420
5337,2008-08-12,1420
5338,2008-08-13,1420
5339,2008-08-14,1420
5340,2008-08-15,1420
5341,2008-08-16,1420
5342,2008-08-17,1420
5343,2008-08-18,1420
5344,2008-08-19,1420
5345,2008-08-20,1420
5346,2008-08-21,1420
5347,2008-08-22,1420
5348,2008-08-23,1420
5349,2008-08-24,1420
5350,2008-08-25,1420
5351,2008-08-26,1420
5352,2008-08-27,1420
5353,2008-08-28,1420
5354,2008-08-29,1420
5355,2008-08-30,1420
5356,2008-08-31,1420
5357,2008-09-01,1420
5358,2008-09-02,1420
5359,2008-09-03,1420
5360,2008-09-04,1420
5361,2008-09-05,1420
5362,2008-09-06,1420
5363,2008-09-07,1420
5364,2008-09-08,1420
5365,2008-09-09,1420
5366,2008-09-10,1420
5367,2008-09-11,1420
5368,2008-09-12,1420
5369,2008-09-13,1420
5370,2008-09-14,1420
5371,2008-09-15,1420
5372,2008-09-16,1420
5373,2008-09-17,1420
5374,2008-09-18,1420
5375,2008-09-19,1420
5376,2008-09-20,1420
5377,2008-09-21,1420
5378,2008-09-22,1420
5379,2008-09-23,1420
5380,2008-09-24,1420
5381,2008-09-25,1420
5382,2008-09-26,1420
5383,2008-09-27,1420
5384,2008-09-28,1420
5385,2008-09-29,1420
5386,2008-09-30,1420
5387,2008-10-01,1420
5388,2008-10-02,1420
5389,2008-10-03,1420
5390,2008-10-04,1420
5391,2008-10-05,1420
5392,2008-10-06,1420
5393,2008-10-07,1420
5394,2008-10-08,1420
5395,2008-10-09,1420
5396,2008-10-10,1420
5397,2008-10-11,1420
5398,2008-10-12,1420
5399,2008-10-13,1420
5400,2008-10-14,1420
5401,2008-10-15,1420
5402,2008-10-16,1420
5403,2008-10-17,1420
5404,2008-10-18,1420
5405,2008-10-19,1420
5406,2008-10-20,1420
5407,2008-10-21,1420
5408,2008-10-22,1420
5409,2008-10-23,1420
5410,2008-10-24,1420
5411,2008-10-25,1420
5412,2008-10-26,1420
5413,2008-10-27,1420
5414,2008-10-28,1420
5415,2008-10-29,1420
5416,2008-10-30,1420
5417,2008-10-31,1420
5418,2008-11-01,1420
5419,2008-11-02,1420
5420,2008-11-03,1420
5421,2008-11-04,1420
5422,2008-11-05,1420
5423,2008-11-06,1420
5424,2008-11-07,1420
5425,2008-11-08,1420
5426,2008-11-09,1420
5427,2008-11-10,1420
5428,2008-11-11,1420
5429,2008-11-12,1420
5430,2008-11-13,1420
5431,2008-11-14,1420
5432,2008-11-15,1420
5433,2008-11-16,1420
5434,2008-11-17,1420
5435,2008-11-18,1420
5436,2008-11-19,1420
5437,2008-11-20,1420
5438,2008-11-21,1420
5439,2008-11-22,1420
5440,2008-11-23,1420
5441,2008-11-24,1420
5442,2008-11-25,1420
5443,2008-11-26,1420
5444,2008-11-27,1420
5445,2008-11-28,1420
5446,2008-11-29,1420
5447,2008-11-30,1420
5448,2008-12-01,1420
5449,2008-12-02,1420
5450,2008-12-03,1420
5451,2008-12-04,1420
5452,2008-12-05,1420
5453,2008-12-06,1420
5454,2008-12-07,1420
5455,2008-12-08,1420
5456,2008-12-09,1420
5457,2008-12-10,1420
5458,2008-12-11,1420
5459,2008-12-12,1420
5460,2008-12-13,1420
5461,2008-12-14,1420
5462,2008-12-15,1420
5463,2008-12-16,1420
5464,2008-12-17,1420
5465,2008-12-18,1420
5466,2008-12-19,1420
5467,2008-12-20,1420
5468,2008-12-21,1420
5469,2008-12-22,1420
5470,2008-12-23,1420
5471,2008-12-24,1420
5472,2008-12-25,1420
5473,2008-12-26,1420
5474,2008-12-27,1420
5475,2008-12-28,1420
5476,2008-12-29,1420
5477,2008-12-30,1420
5478,2008-12-31,1420
5479,2007-01-01,1349
5480,2007-01-02,1349
5481,2007-01-03,1349
5482,2007-01-04,1349
5483,2007-01-05,1349
5484,2007-01-06,1349
5485,2007-01-07,1349
5486,2007-01-08,1349
5487,2007-01-09,1349
5488,2007-01-10,1349
5489,2007-01-11,1349
5490,2007-01-12,1349
5491,2007-01-13,1349
5492,2007-01-14,1349
5493,2007-01-15,1349
5494,2007-01-16,1349
5495,2007-01-17,1349
5496,2007-01-18,1349
5497,2007-01-19,1349
5498,2007-01-20,1349
5499,2007-01-21,1349
5500,2007-01-22,1349
5501,2007-01-23,1349
5502,2007-01-24,1349
5503,2007-01-25,1349
5504,2007-01-26,1349
5505,2007-01-27,1349
5506,2007-01-28,1349
5507,2007-01-29,1349
5508,2007-01-30,1349
5509,2007-01-31,1349
5510,2007-02-01,1349
5511,2007-02-02,1349
5512,2007-02-03,1349
5513,2007-02-04,1349
5514,2007-02-05,1349
5515,2007-02-06,1349
5516,2007-02-07,1349
5517,2007-02-08,1349
5518,2007-02-09,1349
5519,2007-02-10,1349
5520,2007-02-11,1349
5521,2007-02-12,1349
5522,2007-02-13,1349
5523,2007-02-14,1349
5524,2007-02-15,1349
5525,2007-02-16,1349
5526,2007-02-17,1349
5527,2007-02-18,1349
5528,2007-02-19,1349
5529,2007-02-20,1349
5530,2007-02-21,1349
5531,2007-02-22,1349
5532,2007-02-23,1349
5533,2007-02-24,1349
5534,2007-02-25,1349
5535,2007-02-26,1349
5536,2007-02-27,1349
5537,2007-02-28,1349
5538,2007-03-01,1349
5539,2007-03-02,1349
5540,2007-03-03,1349
5541,2007-03-04,1349
5542,2007-03-05,1349
5543,2007-03-06,1349
5544,2007-03-07,1349
5545,2007-03-08,1349
5546,2007-03-09,1349
5547,2007-03-10,1349
5548,2007-03-11,1349
5549,2007-03-12,1349
5550,2007-03-13,1349
5551,2007-03-14,1349
5552,2007-03-15,1349
5553,2007-03-16,1349
5554,2007-03-17,1349
5555,2007-03-18,1349
5556,2007-03-19,1349
5557,2007-03-20,1349
5558,2007-03-21,1349
5559,2007-03-22,1349
5560,2007-03-23,1349
5561,2007-03-24,1349
5562,2007-03-25,1349
5563,2007-03-26,1349
5564,2007-03-27,1349
5565,2007-03-28,1349
5566,2007-03-29,1349
5567,2007-03-30,1349
5568,2007-03-31,1349
5569,2007-04-01,1349
5570,2007-04-02,1349
5571,2007-04-03,1349
5572,2007-04-04,1349
5573,2007-04-05,1349
5574,2007-04-06,1349
5575,2007-04-07,1349
5576,2007-04-08,1349
5577,2007-04-09,1349
5578,2007-04-10,1349
5579,2007-04-11,1349
5580,2007-04-12,1349
5581,2007-04-13,1349
5582,2007-04-14,1349
5583,2007-04-15,1349
5584,2007-04-16,1349
5585,2007-04-17,1349
5586,2007-04-18,1349
5587,2007-04-19,1349
5588,2007-04-20,1349
5589,2007-04-21,1349
5590,2007-04-22,1349
5591,2007-04-23,1349
5592,2007-04-24,1349
5593,2007-04-25,1349
5594,2007-04-26,1349
5595,2007-04-27,1349
5596,2007-04-28,1349
5597,2007-04-29,1349
5598,2007-04-30,1349
5599,2007-05-01,1349
5600,2007-05-02,1349
5601,2007-05-03,1349
5602,2007-05-04,1349
5603,2007-05-05,1349
5604,2007-05-06,1349
5605,2007-05-07,1349
5606,2007-05-08,1349
5607,2007-05-09,1349
5608,2007-05-10,1349
5609,2007-05-11,1349
5610,2007-05-12,1349
5611,2007-05-13,1349
5612,2007-05-14,1349
5613,2007-05-15,1349
5614,2007-05-16,1349
5615,2007-05-17,1349
5616,2007-05-18,1349
5617,2007-05-19,1349
5618,2007-05-20,1349
5619,2007-05-21,1349
5620,2007-05-22,1349
5621,2007-05-23,1349
5622,2007-05-24,1349
5623,2007-05-25,1349
5624,2007-05-26,1349
5625,2007-05-27,1349
5626,2007-05-28,1349
5627,2007-05-29,1349
5628,2007-05-30,1349
5629,2007-05-31,1349
5630,2007-06-01,1349
5631,2007-06-02,1349
5632,2007-06-03,1349
5633,2007-06-04,1349
5634,2007-06-05,1349
5635,2007-06-06,1349
5636,2007-06-07,1349
5637,2007-06-08,1349
5638,2007-06-09,1349
5639,2007-06-10,1349
5640,2007-06-11,1349
5641,2007-06-12,1349
5642,2007-06-13,1349
5643,2007-06-14,1349
5644,2007-06-15,1349
5645,2007-06-16,1349
5646,2007-06-17,1349
5647,2007-06-18,1349
5648,2007-06-19,1349
5649,2007-06-20,1349
5650,2007-06-21,1349
5651,2007-06-22,1349
5652,2007-06-23,1349
5653,2007-06-24,1349
5654,2007-06-25,1349
5655,2007-06-26,1349
5656,2007-06-27,1349
5657,2007-06-28,1349
5658,2007-06-29,1349
5659,2007-06-30,1349
5660,2007-07-01,1349
5661,2007-07-02,1349
5662,2007-07-03,1349
5663,2007-07-04,1349
5664,2007-07-05,1349
5665,2007-07-06,1349
5666,2007-07-07,1349
5667,2007-07-08,1349
5668,2007-07-09,1349
5669,2007-07-10,1349
5670,2007-07-11,1349
5671,2007-07-12,1349
5672,2007-07-13,1349
5673,2007-07-14,1349
5674,2007-07-15,1349
5675,2007-07-16,1349
5676,2007-07-17,1349
5677,2007-07-18,1349
5678,2007-07-19,1349
5679,2007-07-20,1349
5680,2007-07-21,1349
5681,2007-07-22,1349
5682,2007-07-23,1349
5683,2007-07-24,1349
5684,2007-07-25,1349
5685,2007-07-26,1349
5686,2007-07-27,1349
5687,2007-07-28,1349
5688,2007-07-29,1349
5689,2007-07-30,1349
5690,2007-07-31,1349
5691,2007-08-01,1349
5692,2007-08-02,1349
5693,2007-08-03,1349
5694,2007-08-04,1349
5695,2007-08-05,1349
5696,2007-08-06,1349
5697,2007-08-07,1349
5698,2007-08-08,1349
5699,2007-08-09,1349
5700,2007-08-10,1349
5701,2007-08-11,1349
5702,2007-08-12,1349
5703,2007-08-13,1349
5704,2007-08-14,1349
5705,2007-08-15,1349
5706,2007-08-16,1349
5707,2007-08-17,1349
5708,2007-08-18,1349
5709,2007-08-19,1349
5710,2007-08-20,1349
5711,2007-08-21,1349
5712,2007-08-22,1349
5713,2007-08-23,1349
5714,2007-08-24,1349
5715,2007-08-25,1349
5716,2007-08-26,1349
5717,2007-08-27,1349
5718,2007-08-28,1349
5719,2007-08-29,1349
5720,2007-08-30,1349
5721,2007-08-31,1349
5722,2007-09-01,1349
5723,2007-09-02,1349
5724,2007-09-03,1349
5725,2007-09-04,1349
5726,2007-09-05,1349
5727,2007-09-06,1349
5728,2007-09-07,1349
5729,2007-09-08,1349
5730,2007-09-09,1349
5731,2007-09-10,1349
5732,2007-09-11,1349
5733,2007-09-12,1349
5734,2007-09-13,1349
5735,2007-09-14,1349
5736,2007-09-15,1349
5737,2007-09-16,1349
5738,2007-09-17,1349
5739,2007-09-18,1349
5740,2007-09-19,1349
5741,2007-09-20,1349
5742,2007-09-21,1349
5743,2007-09-22,1349
5744,2007-09-23,1349
5745,2007-09-24,1349
5746,2007-09-25,1349
5747,2007-09-26,1349
5748,2007-09-27,1349
5749,2007-09-28,1349
5750,2007-09-29,1349
5751,2007-09-30,1349
5752,2007-10-01,1349
5753,2007-10-02,1349
5754,2007-10-03,1349
5755,2007-10-04,1349
5756,2007-10-05,1349
5757,2007-10-06,1349
5758,2007-10-07,1349
5759,2007-10-08,1349
5760,2007-10-09,1349
5761,2007-10-10,1349
5762,2007-10-11,1349
5763,2007-10-12,1349
5764,2007-10-13,1349
5765,2007-10-14,1349
5766,2007-10-15,1349
5767,2007-10-16,1349
5768,2007-10-17,1349
5769,2007-10-18,1349
5770,2007-10-19,1349
5771,2007-10-20,1349
5772,2007-10-21,1349
5773,2007-10-22,1349
5774,2007-10-23,1349
5775,2007-10-24,1349
5776,2007-10-25,1349
5777,2007-10-26,1349
5778,2007-10-27,1349
5779,2007-10-28,1349
5780,2007-10-29,1349
5781,2007-10-30,1349
5782,2007-10-31,1349
5783,2007-11-01,1349
5784,2007-11-02,1349
5785,2007-11-03,1349
5786,2007-11-04,1349
5787,2007-11-05,1349
5788,2007-11-06,1349
5789,2007-11-07,1349
5790,2007-11-08,1349
5791,2007-11-09,1349
5792,2007-11-10,1349
5793,2007-11-11,1349
5794,2007-11-12,1349
5795,2007-11-13,1349
5796,2007-11-14,1349
5797,2007-11-15,1349
5798,2007-11-16,1349
5799,2007-11-17,1349
5800,2007-11-18,1349
5801,2007-11-19,1349
5802,2007-11-20,1349
5803,2007-11-21,1349
5804,2007-11-22,1349
5805,2007-11-23,1349
5806,2007-11-24,1349
5807,2007-11-25,1349
5808,2007-11-26,1349
5809,2007-11-27,1349
5810,2007-11-28,1349
5811,2007-11-29,1349
5812,2007-11-30,1349
5813,2007-12-01,1349
5814,2007-12-02,1349
5815,2007-12-03,1349
5816,2007-12-04,1349
5817,2007-12-05,1349
5818,2007-12-06,1349
5819,2007-12-07,1349
5820,2007-12-08,1349
5821,2007-12-09,1349
5822,2007-12-10,1349
5823,2007-12-11,1349
5824,2007-12-12,1349
5825,2007-12-13,1349
5826,2007-12-14,1349
5827,2007-12-15,1349
5828,2007-12-16,1349
5829,2007-12-17,1349
5830,2007-12-18,1349
5831,2007-12-19,1349
5832,2007-12-20,1349
5833,2007-12-21,1349
5834,2007-12-22,1349
5835,2007-12-23,1349
5836,2007-12-24,1349
5837,2007-12-25,1349
5838,2007-12-26,1349
5839,2007-12-27,1349
5840,2007-12-28,1349
5841,2007-12-29,1349
5842,2007-12-30,1349
5843,2007-12-31,1349
5844,2006-01-01,1323
5845,2006-01-02,1323
5846,2006-01-03,1323
5847,2006-01-04,1323
5848,2006-01-05,1323
5849,2006-01-06,1323
5850,2006-01-07,1323
5851,2006-01-08,1323
5852,2006-01-09,1323
5853,2006-01-10,1323
5854,2006-01-11,1323
5855,2006-01-12,1323
5856,2006-01-13,1323
5857,2006-01-14,1323
5858,2006-01-15,1323
5859,2006-01-16,1323
5860,2006-01-17,1323
5861,2006-01-18,1323
5862,2006-01-19,1323
5863,2006-01-20,1323
5864,2006-01-21,1323
5865,2006-01-22,1323
5866,2006-01-23,1323
5867,2006-01-24,1323
5868,2006-01-25,1323
5869,2006-01-26,1323
5870,2006-01-27,1323
5871,2006-01-28,1323
5872,2006-01-29,1323
5873,2006-01-30,1323
5874,2006-01-31,1323
5875,2006-02-01,1323
5876,2006-02-02,1323
5877,2006-02-03,1323
5878,2006-02-04,1323
5879,2006-02-05,1323
5880,2006-02-06,1323
5881,2006-02-07,1323
5882,2006-02-08,1323
5883,2006-02-09,1323
5884,2006-02-10,1323
5885,2006-02-11,1323
5886,2006-02-12,1323
5887,2006-02-13,1323
5888,2006-02-14,1323
5889,2006-02-15,1323
5890,2006-02-16,1323
5891,2006-02-17,1323
5892,2006-02-18,1323
5893,2006-02-19,1323
5894,2006-02-20,1323
5895,2006-02-21,1323
5896,2006-02-22,1323
5897,2006-02-23,1323
5898,2006-02-24,1323
5899,2006-02-25,1323
5900,2006-02-26,1323
5901,2006-02-27,1323
5902,2006-02-28,1323
5903,2006-03-01,1323
5904,2006-03-02,1323
5905,2006-03-03,1323
5906,2006-03-04,1323
5907,2006-03-05,1323
5908,2006-03-06,1323
5909,2006-03-07,1323
5910,2006-03-08,1323
5911,2006-03-09,1323
5912,2006-03-10,1323
5913,2006-03-11,1323
5914,2006-03-12,1323
5915,2006-03-13,1323
5916,2006-03-14,1323
5917,2006-03-15,1323
5918,2006-03-16,1323
5919,2006-03-17,1323
5920,2006-03-18,1323
5921,2006-03-19,1323
5922,2006-03-20,1323
5923,2006-03-21,1323
5924,2006-03-22,1323
5925,2006-03-23,1323
5926,2006-03-24,1323
5927,2006-03-25,1323
5928,2006-03-26,1323
5929,2006-03-27,1323
5930,2006-03-28,1323
5931,2006-03-29,1323
5932,2006-03-30,1323
5933,2006-03-31,1323
5934,2006-04-01,1323
5935,2006-04-02,1323
5936,2006-04-03,1323
5937,2006-04-04,1323
5938,2006-04-05,1323
5939,2006-04-06,1323
5940,2006-04-07,1323
5941,2006-04-08,1323
5942,2006-04-09,1323
5943,2006-04-10,1323
5944,2006-04-11,1323
5945,2006-04-12,1323
5946,2006-04-13,1323
5947,2006-04-14,1323
5948,2006-04-15,1323
5949,2006-04-16,1323
5950,2006-04-17,1323
5951,2006-04-18,1323
5952,2006-04-19,1323
5953,2006-04-20,1323
5954,2006-04-21,1323
5955,2006-04-22,1323
5956,2006-04-23,1323
5957,2006-04-24,1323
5958,2006-04-25,1323
5959,2006-04-26,1323
5960,2006-04-27,1323
5961,2006-04-28,1323
5962,2006-04-29,1323
5963,2006-04-30,1323
5964,2006-05-01,1323
5965,2006-05-02,1323
5966,2006-05-03,1323
5967,2006-05-04,1323
5968,2006-05-05,1323
5969,2006-05-06,1323
5970,2006-05-07,1323
5971,2006-05-08,1323
5972,2006-05-09,1323
5973,2006-05-10,1323
5974,2006-05-11,1323
5975,2006-05-12,1323
5976,2006-05-13,1323
5977,2006-05-14,1323
5978,2006-05-15,1323
5979,2006-05-16,1323
5980,2006-05-17,1323
5981,2006-05-18,1323
5982,2006-05-19,1323
5983,2006-05-20,1323
5984,2006-05-21,1323
5985,2006-05-22,1323
5986,2006-05-23,1323
5987,2006-05-24,1323
5988,2006-05-25,1323
5989,2006-05-26,1323
5990,2006-05-27,1323
5991,2006-05-28,1323
5992,2006-05-29,1323
5993,2006-05-30,1323
5994,2006-05-31,1323
5995,2006-06-01,1323
5996,2006-06-02,1323
5997,2006-06-03,1323
5998,2006-06-04,1323
5999,2006-06-05,1323
6000,2006-06-06,1323
6001,2006-06-07,1323
6002,2006-06-08,1323
6003,2006-06-09,1323
6004,2006-06-10,1323
6005,2006-06-11,1323
6006,2006-06-12,1323
6007,2006-06-13,1323
6008,2006-06-14,1323
6009,2006-06-15,1323
6010,2006-06-16,1323
6011,2006-06-17,1323
6012,2006-06-18,1323
6013,2006-06-19,1323
6014,2006-06-20,1323
6015,2006-06-21,1323
6016,2006-06-22,1323
6017,2006-06-23,1323
6018,2006-06-24,1323
6019,2006-06-25,1323
6020,2006-06-26,1323
6021,2006-06-27,1323
6022,2006-06-28,1323
6023,2006-06-29,1323
6024,2006-06-30,1323
6025,2006-07-01,1323
6026,2006-07-02,1323
6027,2006-07-03,1323
6028,2006-07-04,1323
6029,2006-07-05,1323
6030,2006-07-06,1323
6031,2006-07-07,1323
6032,2006-07-08,1323
6033,2006-07-09,1323
6034,2006-07-10,1323
6035,2006-07-11,1323
6036,2006-07-12,1323
6037,2006-07-13,1323
6038,2006-07-14,1323
6039,2006-07-15,1323
6040,2006-07-16,1323
6041,2006-07-17,1323
6042,2006-07-18,1323
6043,2006-07-19,1323
6044,2006-07-20,1323
6045,2006-07-21,1323
6046,2006-07-22,1323
6047,2006-07-23,1323
6048,2006-07-24,1323
6049,2006-07-25,1323
6050,2006-07-26,1323
6051,2006-07-27,1323
6052,2006-07-28,1323
6053,2006-07-29,1323
6054,2006-07-30,1323
6055,2006-07-31,1323
6056,2006-08-01,1323
6057,2006-08-02,1323
6058,2006-08-03,1323
6059,2006-08-04,1323
6060,2006-08-05,1323
6061,2006-08-06,1323
6062,2006-08-07,1323
6063,2006-08-08,1323
6064,2006-08-09,1323
6065,2006-08-10,1323
6066,2006-08-11,1323
6067,2006-08-12,1323
6068,2006-08-13,1323
6069,2006-08-14,1323
6070,2006-08-15,1323
6071,2006-08-16,1323
6072,2006-08-17,1323
6073,2006-08-18,1323
6074,2006-08-19,1323
6075,2006-08-20,1323
6076,2006-08-21,1323
6077,2006-08-22,1323
6078,2006-08-23,1323
6079,2006-08-24,1323
6080,2006-08-25,1323
6081,2006-08-26,1323
6082,2006-08-27,1323
6083,2006-08-28,1323
6084,2006-08-29,1323
6085,2006-08-30,1323
6086,2006-08-31,1323
6087,2006-09-01,1323
6088,2006-09-02,1323
6089,2006-09-03,1323
6090,2006-09-04,1323
6091,2006-09-05,1323
6092,2006-09-06,1323
6093,2006-09-07,1323
6094,2006-09-08,1323
6095,2006-09-09,1323
6096,2006-09-10,1323
6097,2006-09-11,1323
6098,2006-09-12,1323
6099,2006-09-13,1323
6100,2006-09-14,1323
6101,2006-09-15,1323
6102,2006-09-16,1323
6103,2006-09-17,1323
6104,2006-09-18,1323
6105,2006-09-19,1323
6106,2006-09-20,1323
6107,2006-09-21,1323
6108,2006-09-22,1323
6109,2006-09-23,1323
6110,2006-09-24,1323
6111,2006-09-25,1323
6112,2006-09-26,1323
6113,2006-09-27,1323
6114,2006-09-28,1323
6115,2006-09-29,1323
6116,2006-09-30,1323
6117,2006-10-01,1323
6118,2006-10-02,1323
6119,2006-10-03,1323
6120,2006-10-04,1323
6121,2006-10-05,1323
6122,2006-10-06,1323
6123,2006-10-07,1323
6124,2006-10-08,1323
6125,2006-10-09,1323
6126,2006-10-10,1323
6127,2006-10-11,1323
6128,2006-10-12,1323
6129,2006-10-13,1323
6130,2006-10-14,1323
6131,2006-10-15,1323
6132,2006-10-16,1323
6133,2006-10-17,1323
6134,2006-10-18,1323
6135,2006-10-19,1323
6136,2006-10-20,1323
6137,2006-10-21,1323
6138,2006-10-22,1323
6139,2006-10-23,1323
6140,2006-10-24,1323
6141,2006-10-25,1323
6142,2006-10-26,1323
6143,2006-10-27,1323
6144,2006-10-28,1323
6145,2006-10-29,1323
6146,2006-10-30,1323
6147,2006-10-31,1323
6148,2006-11-01,1323
6149,2006-11-02,1323
6150,2006-11-03,1323
6151,2006-11-04,1323
6152,2006-11-05,1323
6153,2006-11-06,1323
6154,2006-11-07,1323
6155,2006-11-08,1323
6156,2006-11-09,1323
6157,2006-11-10,1323
6158,2006-11-11,1323
6159,2006-11-12,1323
6160,2006-11-13,1323
6161,2006-11-14,1323
6162,2006-11-15,1323
6163,2006-11-16,1323
6164,2006-11-17,1323
6165,2006-11-18,1323
6166,2006-11-19,1323
6167,2006-11-20,1323
6168,2006-11-21,1323
6169,2006-11-22,1323
6170,2006-11-23,1323
6171,2006-11-24,1323
6172,2006-11-25,1323
6173,2006-11-26,1323
6174,2006-11-27,1323
6175,2006-11-28,1323
6176,2006-11-29,1323
6177,2006-11-30,1323
6178,2006-12-01,1323
6179,2006-12-02,1323
6180,2006-12-03,1323
6181,2006-12-04,1323
6182,2006-12-05,1323
6183,2006-12-06,1323
6184,2006-12-07,1323
6185,2006-12-08,1323
6186,2006-12-09,1323
6187,2006-12-10,1323
6188,2006-12-11,1323
6189,2006-12-12,1323
6190,2006-12-13,1323
6191,2006-12-14,1323
6192,2006-12-15,1323
6193,2006-12-16,1323
6194,2006-12-17,1323
6195,2006-12-18,1323
6196,2006-12-19,1323
6197,2006-12-20,1323
6198,2006-12-21,1323
6199,2006-12-22,1323
6200,2006-12-23,1323
6201,2006-12-24,1323
6202,2006-12-25,1323
6203,2006-12-26,1323
6204,2006-12-27,1323
6205,2006-12-28,1323
6206,2006-12-29,1323
6207,2006-12-30,1323
6208,2006-12-31,1323
6209,2005-01-01,1277
6210,2005-01-02,1277
6211,2005-01-03,1277
6212,2005-01-04,1277
6213,2005-01-05,1277
6214,2005-01-06,1277
6215,2005-01-07,1277
6216,2005-01-08,1277
6217,2005-01-09,1277
6218,2005-01-10,1277
6219,2005-01-11,1277
6220,2005-01-12,1277
6221,2005-01-13,1277
6222,2005-01-14,1277
6223,2005-01-15,1277
6224,2005-01-16,1277
6225,2005-01-17,1277
6226,2005-01-18,1277
6227,2005-01-19,1277
6228,2005-01-20,1277
6229,2005-01-21,1277
6230,2005-01-22,1277
6231,2005-01-23,1277
6232,2005-01-24,1277
6233,2005-01-25,1277
6234,2005-01-26,1277
6235,2005-01-27,1277
6236,2005-01-28,1277
6237,2005-01-29,1277
6238,2005-01-30,1277
6239,2005-01-31,1277
6240,2005-02-01,1277
6241,2005-02-02,1277
6242,2005-02-03,1277
6243,2005-02-04,1277
6244,2005-02-05,1277
6245,2005-02-06,1277
6246,2005-02-07,1277
6247,2005-02-08,1277
6248,2005-02-09,1277
6249,2005-02-10,1277
6250,2005-02-11,1277
6251,2005-02-12,1277
6252,2005-02-13,1277
6253,2005-02-14,1277
6254,2005-02-15,1277
6255,2005-02-16,1277
6256,2005-02-17,1277
6257,2005-02-18,1277
6258,2005-02-19,1277
6259,2005-02-20,1277
6260,2005-02-21,1277
6261,2005-02-22,1277
6262,2005-02-23,1277
6263,2005-02-24,1277
6264,2005-02-25,1277
6265,2005-02-26,1277
6266,2005-02-27,1277
6267,2005-02-28,1277
6268,2005-03-01,1277
6269,2005-03-02,1277
6270,2005-03-03,1277
6271,2005-03-04,1277
6272,2005-03-05,1277
6273,2005-03-06,1277
6274,2005-03-07,1277
6275,2005-03-08,1277
6276,2005-03-09,1277
6277,2005-03-10,1277
6278,2005-03-11,1277
6279,2005-03-12,1277
6280,2005-03-13,1277
6281,2005-03-14,1277
6282,2005-03-15,1277
6283,2005-03-16,1277
6284,2005-03-17,1277
6285,2005-03-18,1277
6286,2005-03-19,1277
6287,2005-03-20,1277
6288,2005-03-21,1277
6289,2005-03-22,1277
6290,2005-03-23,1277
6291,2005-03-24,1277
6292,2005-03-25,1277
6293,2005-03-26,1277
6294,2005-03-27,1277
6295,2005-03-28,1277
6296,2005-03-29,1277
6297,2005-03-30,1277
6298,2005-03-31,1277
6299,2005-04-01,1277
6300,2005-04-02,1277
6301,2005-04-03,1277
6302,2005-04-04,1277
6303,2005-04-05,1277
6304,2005-04-06,1277
6305,2005-04-07,1277
6306,2005-04-08,1277
6307,2005-04-09,1277
6308,2005-04-10,1277
6309,2005-04-11,1277
6310,2005-04-12,1277
6311,2005-04-13,1277
6312,2005-04-14,1277
6313,2005-04-15,1277
6314,2005-04-16,1277
6315,2005-04-17,1277
6316,2005-04-18,1277
6317,2005-04-19,1277
6318,2005-04-20,1277
6319,2005-04-21,1277
6320,2005-04-22,1277
6321,2005-04-23,1277
6322,2005-04-24,1277
6323,2005-04-25,1277
6324,2005-04-26,1277
6325,2005-04-27,1277
6326,2005-04-28,1277
6327,2005-04-29,1277
6328,2005-04-30,1277
6329,2005-05-01,1277
6330,2005-05-02,1277
6331,2005-05-03,1277
6332,2005-05-04,1277
6333,2005-05-05,1277
6334,2005-05-06,1277
6335,2005-05-07,1277
6336,2005-05-08,1277
6337,2005-05-09,1277
6338,2005-05-10,1277
6339,2005-05-11,1277
6340,2005-05-12,1277
6341,2005-05-13,1277
6342,2005-05-14,1277
6343,2005-05-15,1277
6344,2005-05-16,1277
6345,2005-05-17,1277
6346,2005-05-18,1277
6347,2005-05-19,1277
6348,2005-05-20,1277
6349,2005-05-21,1277
6350,2005-05-22,1277
6351,2005-05-23,1277
6352,2005-05-24,1277
6353,2005-05-25,1277
6354,2005-05-26,1277
6355,2005-05-27,1277
6356,2005-05-28,1277
6357,2005-05-29,1277
6358,2005-05-30,1277
6359,2005-05-31,1277
6360,2005-06-01,1277
6361,2005-06-02,1277
6362,2005-06-03,1277
6363,2005-06-04,1277
6364,2005-06-05,1277
6365,2005-06-06,1277
6366,2005-06-07,1277
6367,2005-06-08,1277
6368,2005-06-09,1277
6369,2005-06-10,1277
6370,2005-06-11,1277
6371,2005-06-12,1277
6372,2005-06-13,1277
6373,2005-06-14,1277
6374,2005-06-15,1277
6375,2005-06-16,1277
6376,2005-06-17,1277
6377,2005-06-18,1277
6378,2005-06-19,1277
6379,2005-06-20,1277
6380,2005-06-21,1277
6381,2005-06-22,1277
6382,2005-06-23,1277
6383,2005-06-24,1277
6384,2005-06-25,1277
6385,2005-06-26,1277
6386,2005-06-27,1277
6387,2005-06-28,1277
6388,2005-06-29,1277
6389,2005-06-30,1277
6390,2005-07-01,1277
6391,2005-07-02,1277
6392,2005-07-03,1277
6393,2005-07-04,1277
6394,2005-07-05,1277
6395,2005-07-06,1277
6396,2005-07-07,1277
6397,2005-07-08,1277
6398,2005-07-09,1277
6399,2005-07-10,1277
6400,2005-07-11,1277
6401,2005-07-12,1277
6402,2005-07-13,1277
6403,2005-07-14,1277
6404,2005-07-15,1277
6405,2005-07-16,1277
6406,2005-07-17,1277
6407,2005-07-18,1277
6408,2005-07-19,1277
6409,2005-07-20,1277
6410,2005-07-21,1277
6411,2005-07-22,1277
6412,2005-07-23,1277
6413,2005-07-24,1277
6414,2005-07-25,1277
6415,2005-07-26,1277
6416,2005-07-27,1277
6417,2005-07-28,1277
6418,2005-07-29,1277
6419,2005-07-30,1277
6420,2005-07-31,1277
6421,2005-08-01,1277
6422,2005-08-02,1277
6423,2005-08-03,1277
6424,2005-08-04,1277
6425,2005-08-05,1277
6426,2005-08-06,1277
6427,2005-08-07,1277
6428,2005-08-08,1277
6429,2005-08-09,1277
6430,2005-08-10,1277
6431,2005-08-11,1277
6432,2005-08-12,1277
6433,2005-08-13,1277
6434,2005-08-14,1277
6435,2005-08-15,1277
6436,2005-08-16,1277
6437,2005-08-17,1277
6438,2005-08-18,1277
6439,2005-08-19,1277
6440,2005-08-20,1277
6441,2005-08-21,1277
6442,2005-08-22,1277
6443,2005-08-23,1277
6444,2005-08-24,1277
6445,2005-08-25,1277
6446,2005-08-26,1277
6447,2005-08-27,1277
6448,2005-08-28,1277
6449,2005-08-29,1277
6450,2005-08-30,1277
6451,2005-08-31,1277
6452,2005-09-01,1277
6453,2005-09-02,1277
6454,2005-09-03,1277
6455,2005-09-04,1277
6456,2005-09-05,1277
6457,2005-09-06,1277
6458,2005-09-07,1277
6459,2005-09-08,1277
6460,2005-09-09,1277
6461,2005-09-10,1277
6462,2005-09-11,1277
6463,2005-09-12,1277
6464,2005-09-13,1277
6465,2005-09-14,1277
6466,2005-09-15,1277
6467,2005-09-16,1277
6468,2005-09-17,1277
6469,2005-09-18,1277
6470,2005-09-19,1277
6471,2005-09-20,1277
6472,2005-09-21,1277
6473,2005-09-22,1277
6474,2005-09-23,1277
6475,2005-09-24,1277
6476,2005-09-25,1277
6477,2005-09-26,1277
6478,2005-09-27,1277
6479,2005-09-28,1277
6480,2005-09-29,1277
6481,2005-09-30,1277
6482,2005-10-01,1277
6483,2005-10-02,1277
6484,2005-10-03,1277
6485,2005-10-04,1277
6486,2005-10-05,1277
6487,2005-10-06,1277
6488,2005-10-07,1277
6489,2005-10-08,1277
6490,2005-10-09,1277
6491,2005-10-10,1277
6492,2005-10-11,1277
6493,2005-10-12,1277
6494,2005-10-13,1277
6495,2005-10-14,1277
6496,2005-10-15,1277
6497,2005-10-16,1277
6498,2005-10-17,1277
6499,2005-10-18,1277
6500,2005-10-19,1277
6501,2005-10-20,1277
6502,2005-10-21,1277
6503,2005-10-22,1277
6504,2005-10-23,1277
6505,2005-10-24,1277
6506,2005-10-25,1277
6507,2005-10-26,1277
6508,2005-10-27,1277
6509,2005-10-28,1277
6510,2005-10-29,1277
6511,2005-10-30,1277
6512,2005-10-31,1277
6513,2005-11-01,1277
6514,2005-11-02,1277
6515,2005-11-03,1277
6516,2005-11-04,1277
6517,2005-11-05,1277
6518,2005-11-06,1277
6519,2005-11-07,1277
6520,2005-11-08,1277
6521,2005-11-09,1277
6522,2005-11-10,1277
6523,2005-11-11,1277
6524,2005-11-12,1277
6525,2005-11-13,1277
6526,2005-11-14,1277
6527,2005-11-15,1277
6528,2005-11-16,1277
6529,2005-11-17,1277
6530,2005-11-18,1277
6531,2005-11-19,1277
6532,2005-11-20,1277
6533,2005-11-21,1277
6534,2005-11-22,1277
6535,2005-11-23,1277
6536,2005-11-24,1277
6537,2005-11-25,1277
6538,2005-11-26,1277
6539,2005-11-27,1277
6540,2005-11-28,1277
6541,2005-11-29,1277
6542,2005-11-30,1277
6543,2005-12-01,1277
6544,2005-12-02,1277
6545,2005-12-03,1277
6546,2005-12-04,1277
6547,2005-12-05,1277
6548,2005-12-06,1277
6549,2005-12-07,1277
6550,2005-12-08,1277
6551,2005-12-09,1277
6552,2005-12-10,1277
6553,2005-12-11,1277
6554,2005-12-12,1277
6555,2005-12-13,1277
6556,2005-12-14,1277
6557,2005-12-15,1277
6558,2005-12-16,1277
6559,2005-12-17,1277
6560,2005-12-18,1277
6561,2005-12-19,1277
6562,2005-12-20,1277
6563,2005-12-21,1277
6564,2005-12-22,1277
6565,2005-12-23,1277
6566,2005-12-24,1277
6567,2005-12-25,1277
6568,2005-12-26,1277
6569,2005-12-27,1277
6570,2005-12-28,1277
6571,2005-12-29,1277
6572,2005-12-30,1277
6573,2005-12-31,1277
6574,2004-01-01,1242
6575,2004-01-02,1242
6576,2004-01-03,1242
6577,2004-01-04,1242
6578,2004-01-05,1242
6579,2004-01-06,1242
6580,2004-01-07,1242
6581,2004-01-08,1242
6582,2004-01-09,1242
6583,2004-01-10,1242
6584,2004-01-11,1242
6585,2004-01-12,1242
6586,2004-01-13,1242
6587,2004-01-14,1242
6588,2004-01-15,1242
6589,2004-01-16,1242
6590,2004-01-17,1242
6591,2004-01-18,1242
6592,2004-01-19,1242
6593,2004-01-20,1242
6594,2004-01-21,1242
6595,2004-01-22,1242
6596,2004-01-23,1242
6597,2004-01-24,1242
6598,2004-01-25,1242
6599,2004-01-26,1242
6600,2004-01-27,1242
6601,2004-01-28,1242
6602,2004-01-29,1242
6603,2004-01-30,1242
6604,2004-01-31,1242
6605,2004-02-01,1242
6606,2004-02-02,1242
6607,2004-02-03,1242
6608,2004-02-04,1242
6609,2004-02-05,1242
6610,2004-02-06,1242
6611,2004-02-07,1242
6612,2004-02-08,1242
6613,2004-02-09,1242
6614,2004-02-10,1242
6615,2004-02-11,1242
6616,2004-02-12,1242
6617,2004-02-13,1242
6618,2004-02-14,1242
6619,2004-02-15,1242
6620,2004-02-16,1242
6621,2004-02-17,1242
6622,2004-02-18,1242
6623,2004-02-19,1242
6624,2004-02-20,1242
6625,2004-02-21,1242
6626,2004-02-22,1242
6627,2004-02-23,1242
6628,2004-02-24,1242
6629,2004-02-25,1242
6630,2004-02-26,1242
6631,2004-02-27,1242
6632,2004-02-28,1242
6633,2004-02-29,1242
6634,2004-03-01,1242
6635,2004-03-02,1242
6636,2004-03-03,1242
6637,2004-03-04,1242
6638,2004-03-05,1242
6639,2004-03-06,1242
6640,2004-03-07,1242
6641,2004-03-08,1242
6642,2004-03-09,1242
6643,2004-03-10,1242
6644,2004-03-11,1242
6645,2004-03-12,1242
6646,2004-03-13,1242
6647,2004-03-14,1242
6648,2004-03-15,1242
6649,2004-03-16,1242
6650,2004-03-17,1242
6651,2004-03-18,1242
6652,2004-03-19,1242
6653,2004-03-20,1242
6654,2004-03-21,1242
6655,2004-03-22,1242
6656,2004-03-23,1242
6657,2004-03-24,1242
6658,2004-03-25,1242
6659,2004-03-26,1242
6660,2004-03-27,1242
6661,2004-03-28,1242
6662,2004-03-29,1242
6663,2004-03-30,1242
6664,2004-03-31,1242
6665,2004-04-01,1242
6666,2004-04-02,1242
6667,2004-04-03,1242
6668,2004-04-04,1242
6669,2004-04-05,1242
6670,2004-04-06,1242
6671,2004-04-07,1242
6672,2004-04-08,1242
6673,2004-04-09,1242
6674,2004-04-10,1242
6675,2004-04-11,1242
6676,2004-04-12,1242
6677,2004-04-13,1242
6678,2004-04-14,1242
6679,2004-04-15,1242
6680,2004-04-16,1242
6681,2004-04-17,1242
6682,2004-04-18,1242
6683,2004-04-19,1242
6684,2004-04-20,1242
6685,2004-04-21,1242
6686,2004-04-22,1242
6687,2004-04-23,1242
6688,2004-04-24,1242
6689,2004-04-25,1242
6690,2004-04-26,1242
6691,2004-04-27,1242
6692,2004-04-28,1242
6693,2004-04-29,1242
6694,2004-04-30,1242
6695,2004-05-01,1242
6696,2004-05-02,1242
6697,2004-05-03,1242
6698,2004-05-04,1242
6699,2004-05-05,1242
6700,2004-05-06,1242
6701,2004-05-07,1242
6702,2004-05-08,1242
6703,2004-05-09,1242
6704,2004-05-10,1242
6705,2004-05-11,1242
6706,2004-05-12,1242
6707,2004-05-13,1242
6708,2004-05-14,1242
6709,2004-05-15,1242
6710,2004-05-16,1242
6711,2004-05-17,1242
6712,2004-05-18,1242
6713,2004-05-19,1242
6714,2004-05-20,1242
6715,2004-05-21,1242
6716,2004-05-22,1242
6717,2004-05-23,1242
6718,2004-05-24,1242
6719,2004-05-25,1242
6720,2004-05-26,1242
6721,2004-05-27,1242
6722,2004-05-28,1242
6723,2004-05-29,1242
6724,2004-05-30,1242
6725,2004-05-31,1242
6726,2004-06-01,1242
6727,2004-06-02,1242
6728,2004-06-03,1242
6729,2004-06-04,1242
6730,2004-06-05,1242
6731,2004-06-06,1242
6732,2004-06-07,1242
6733,2004-06-08,1242
6734,2004-06-09,1242
6735,2004-06-10,1242
6736,2004-06-11,1242
6737,2004-06-12,1242
6738,2004-06-13,1242
6739,2004-06-14,1242
6740,2004-06-15,1242
6741,2004-06-16,1242
6742,2004-06-17,1242
6743,2004-06-18,1242
6744,2004-06-19,1242
6745,2004-06-20,1242
6746,2004-06-21,1242
6747,2004-06-22,1242
6748,2004-06-23,1242
6749,2004-06-24,1242
6750,2004-06-25,1242
6751,2004-06-26,1242
6752,2004-06-27,1242
6753,2004-06-28,1242
6754,2004-06-29,1242
6755,2004-06-30,1242
6756,2004-07-01,1242
6757,2004-07-02,1242
6758,2004-07-03,1242
6759,2004-07-04,1242
6760,2004-07-05,1242
6761,2004-07-06,1242
6762,2004-07-07,1242
6763,2004-07-08,1242
6764,2004-07-09,1242
6765,2004-07-10,1242
6766,2004-07-11,1242
6767,2004-07-12,1242
6768,2004-07-13,1242
6769,2004-07-14,1242
6770,2004-07-15,1242
6771,2004-07-16,1242
6772,2004-07-17,1242
6773,2004-07-18,1242
6774,2004-07-19,1242
6775,2004-07-20,1242
6776,2004-07-21,1242
6777,2004-07-22,1242
6778,2004-07-23,1242
6779,2004-07-24,1242
6780,2004-07-25,1242
6781,2004-07-26,1242
6782,2004-07-27,1242
6783,2004-07-28,1242
6784,2004-07-29,1242
6785,2004-07-30,1242
6786,2004-07-31,1242
6787,2004-08-01,1242
6788,2004-08-02,1242
6789,2004-08-03,1242
6790,2004-08-04,1242
6791,2004-08-05,1242
6792,2004-08-06,1242
6793,2004-08-07,1242
6794,2004-08-08,1242
6795,2004-08-09,1242
6796,2004-08-10,1242
6797,2004-08-11,1242
6798,2004-08-12,1242
6799,2004-08-13,1242
6800,2004-08-14,1242
6801,2004-08-15,1242
6802,2004-08-16,1242
6803,2004-08-17,1242
6804,2004-08-18,1242
6805,2004-08-19,1242
6806,2004-08-20,1242
6807,2004-08-21,1242
6808,2004-08-22,1242
6809,2004-08-23,1242
6810,2004-08-24,1242
6811,2004-08-25,1242
6812,2004-08-26,1242
6813,2004-08-27,1242
6814,2004-08-28,1242
6815,2004-08-29,1242
6816,2004-08-30,1242
6817,2004-08-31,1242
6818,2004-09-01,1242
6819,2004-09-02,1242
6820,2004-09-03,1242
6821,2004-09-04,1242
6822,2004-09-05,1242
6823,2004-09-06,1242
6824,2004-09-07,1242
6825,2004-09-08,1242
6826,2004-09-09,1242
6827,2004-09-10,1242
6828,2004-09-11,1242
6829,2004-09-12,1242
6830,2004-09-13,1242
6831,2004-09-14,1242
6832,2004-09-15,1242
6833,2004-09-16,1242
6834,2004-09-17,1242
6835,2004-09-18,1242
6836,2004-09-19,1242
6837,2004-09-20,1242
6838,2004-09-21,1242
6839,2004-09-22,1242
6840,2004-09-23,1242
6841,2004-09-24,1242
6842,2004-09-25,1242
6843,2004-09-26,1242
6844,2004-09-27,1242
6845,2004-09-28,1242
6846,2004-09-29,1242
6847,2004-09-30,1242
6848,2004-10-01,1242
6849,2004-10-02,1242
6850,2004-10-03,1242
6851,2004-10-04,1242
6852,2004-10-05,1242
6853,2004-10-06,1242
6854,2004-10-07,1242
6855,2004-10-08,1242
6856,2004-10-09,1242
6857,2004-10-10,1242
6858,2004-10-11,1242
6859,2004-10-12,1242
6860,2004-10-13,1242
6861,2004-10-14,1242
6862,2004-10-15,1242
6863,2004-10-16,1242
6864,2004-10-17,1242
6865,2004-10-18,1242
6866,2004-10-19,1242
6867,2004-10-20,1242
6868,2004-10-21,1242
6869,2004-10-22,1242
6870,2004-10-23,1242
6871,2004-10-24,1242
6872,2004-10-25,1242
6873,2004-10-26,1242
6874,2004-10-27,1242
6875,2004-10-28,1242
6876,2004-10-29,1242
6877,2004-10-30,1242
6878,2004-10-31,1242
6879,2004-11-01,1242
6880,2004-11-02,1242
6881,2004-11-03,1242
6882,2004-11-04,1242
6883,2004-11-05,1242
6884,2004-11-06,1242
6885,2004-11-07,1242
6886,2004-11-08,1242
6887,2004-11-09,1242
6888,2004-11-10,1242
6889,2004-11-11,1242
6890,2004-11-12,1242
6891,2004-11-13,1242
6892,2004-11-14,1242
6893,2004-11-15,1242
6894,2004-11-16,1242
6895,2004-11-17,1242
6896,2004-11-18,1242
6897,2004-11-19,1242
6898,2004-11-20,1242
6899,2004-11-21,1242
6900,2004-11-22,1242
6901,2004-11-23,1242
6902,2004-11-24,1242
6903,2004-11-25,1242
6904,2004-11-26,1242
6905,2004-11-27,1242
6906,2004-11-28,1242
6907,2004-11-29,1242
6908,2004-11-30,1242
6909,2004-12-01,1242
6910,2004-12-02,1242
6911,2004-12-03,1242
6912,2004-12-04,1242
6913,2004-12-05,1242
6914,2004-12-06,1242
6915,2004-12-07,1242
6916,2004-12-08,1242
6917,2004-12-09,1242
6918,2004-12-10,1242
6919,2004-12-11,1242
6920,2004-12-12,1242
6921,2004-12-13,1242
6922,2004-12-14,1242
6923,2004-12-15,1242
6924,2004-12-16,1242
6925,2004-12-17,1242
6926,2004-12-18,1242
6927,2004-12-19,1242
6928,2004-12-20,1242
6929,2004-12-21,1242
6930,2004-12-22,1242
6931,2004-12-23,1242
6932,2004-12-24,1242
6933,2004-12-25,1242
6934,2004-12-26,1242
6935,2004-12-27,1242
6936,2004-12-28,1242
6937,2004-12-29,1242
6938,2004-12-30,1242
6939,2004-12-31,1242
6940,2003-01-01,1210
6941,2003-01-02,1210
6942,2003-01-03,1210
6943,2003-01-04,1210
6944,2003-01-05,1210
6945,2003-01-06,1210
6946,2003-01-07,1210
6947,2003-01-08,1210
6948,2003-01-09,1210
6949,2003-01-10,1210
6950,2003-01-11,1210
6951,2003-01-12,1210
6952,2003-01-13,1210
6953,2003-01-14,1210
6954,2003-01-15,1210
6955,2003-01-16,1210
6956,2003-01-17,1210
6957,2003-01-18,1210
6958,2003-01-19,1210
6959,2003-01-20,1210
6960,2003-01-21,1210
6961,2003-01-22,1210
6962,2003-01-23,1210
6963,2003-01-24,1210
6964,2003-01-25,1210
6965,2003-01-26,1210
6966,2003-01-27,1210
6967,2003-01-28,1210
6968,2003-01-29,1210
6969,2003-01-30,1210
6970,2003-01-31,1210
6971,2003-02-01,1210
6972,2003-02-02,1210
6973,2003-02-03,1210
6974,2003-02-04,1210
6975,2003-02-05,1210
6976,2003-02-06,1210
6977,2003-02-07,1210
6978,2003-02-08,1210
6979,2003-02-09,1210
6980,2003-02-10,1210
6981,2003-02-11,1210
6982,2003-02-12,1210
6983,2003-02-13,1210
6984,2003-02-14,1210
6985,2003-02-15,1210
6986,2003-02-16,1210
6987,2003-02-17,1210
6988,2003-02-18,1210
6989,2003-02-19,1210
6990,2003-02-20,1210
6991,2003-02-21,1210
6992,2003-02-22,1210
6993,2003-02-23,1210
6994,2003-02-24,1210
6995,2003-02-25,1210
6996,2003-02-26,1210
6997,2003-02-27,1210
6998,2003-02-28,1210
6999,2003-03-01,1210
7000,2003-03-02,1210
7001,2003-03-03,1210
7002,2003-03-04,1210
7003,2003-03-05,1210
7004,2003-03-06,1210
7005,2003-03-07,1210
7006,2003-03-08,1210
7007,2003-03-09,1210
7008,2003-03-10,1210
7009,2003-03-11,1210
7010,2003-03-12,1210
7011,2003-03-13,1210
7012,2003-03-14,1210
7013,2003-03-15,1210
7014,2003-03-16,1210
7015,2003-03-17,1210
7016,2003-03-18,1210
7017,2003-03-19,1210
7018,2003-03-20,1210
7019,2003-03-21,1210
7020,2003-03-22,1210
7021,2003-03-23,1210
7022,2003-03-24,1210
7023,2003-03-25,1210
7024,2003-03-26,1210
7025,2003-03-27,1210
7026,2003-03-28,1210
7027,2003-03-29,1210
7028,2003-03-30,1210
7029,2003-03-31,1210
7030,2003-04-01,1210
7031,2003-04-02,1210
7032,2003-04-03,1210
7033,2003-04-04,1210
7034,2003-04-05,1210
7035,2003-04-06,1210
7036,2003-04-07,1210
7037,2003-04-08,1210
7038,2003-04-09,1210
7039,2003-04-10,1210
7040,2003-04-11,1210
7041,2003-04-12,1210
7042,2003-04-13,1210
7043,2003-04-14,1210
7044,2003-04-15,1210
7045,2003-04-16,1210
7046,2003-04-17,1210
7047,2003-04-18,1210
7048,2003-04-19,1210
7049,2003-04-20,1210
7050,2003-04-21,1210
7051,2003-04-22,1210
7052,2003-04-23,1210
7053,2003-04-24,1210
7054,2003-04-25,1210
7055,2003-04-26,1210
7056,2003-04-27,1210
7057,2003-04-28,1210
7058,2003-04-29,1210
7059,2003-04-30,1210
7060,2003-05-01,1210
7061,2003-05-02,1210
7062,2003-05-03,1210
7063,2003-05-04,1210
7064,2003-05-05,1210
7065,2003-05-06,1210
7066,2003-05-07,1210
7067,2003-05-08,1210
7068,2003-05-09,1210
7069,2003-05-10,1210
7070,2003-05-11,1210
7071,2003-05-12,1210
7072,2003-05-13,1210
7073,2003-05-14,1210
7074,2003-05-15,1210
7075,2003-05-16,1210
7076,2003-05-17,1210
7077,2003-05-18,1210
7078,2003-05-19,1210
7079,2003-05-20,1210
7080,2003-05-21,1210
7081,2003-05-22,1210
7082,2003-05-23,1210
7083,2003-05-24,1210
7084,2003-05-25,1210
7085,2003-05-26,1210
7086,2003-05-27,1210
7087,2003-05-28,1210
7088,2003-05-29,1210
7089,2003-05-30,1210
7090,2003-05-31,1210
7091,2003-06-01,1210
7092,2003-06-02,1210
7093,2003-06-03,1210
7094,2003-06-04,1210
7095,2003-06-05,1210
7096,2003-06-06,1210
7097,2003-06-07,1210
7098,2003-06-08,1210
7099,2003-06-09,1210
7100,2003-06-10,1210
7101,2003-06-11,1210
7102,2003-06-12,1210
7103,2003-06-13,1210
7104,2003-06-14,1210
7105,2003-06-15,1210
7106,2003-06-16,1210
7107,2003-06-17,1210
7108,2003-06-18,1210
7109,2003-06-19,1210
7110,2003-06-20,1210
7111,2003-06-21,1210
7112,2003-06-22,1210
7113,2003-06-23,1210
7114,2003-06-24,1210
7115,2003-06-25,1210
7116,2003-06-26,1210
7117,2003-06-27,1210
7118,2003-06-28,1210
7119,2003-06-29,1210
7120,2003-06-30,1210
7121,2003-07-01,1210
7122,2003-07-02,1210
7123,2003-07-03,1210
7124,2003-07-04,1210
7125,2003-07-05,1210
7126,2003-07-06,1210
7127,2003-07-07,1210
7128,2003-07-08,1210
7129,2003-07-09,1210
7130,2003-07-10,1210
7131,2003-07-11,1210
7132,2003-07-12,1210
7133,2003-07-13,1210
7134,2003-07-14,1210
7135,2003-07-15,1210
7136,2003-07-16,1210
7137,2003-07-17,1210
7138,2003-07-18,1210
7139,2003-07-19,1210
7140,2003-07-20,1210
7141,2003-07-21,1210
7142,2003-07-22,1210
7143,2003-07-23,1210
7144,2003-07-24,1210
7145,2003-07-25,1210
7146,2003-07-26,1210
7147,2003-07-27,1210
7148,2003-07-28,1210
7149,2003-07-29,1210
7150,2003-07-30,1210
7151,2003-07-31,1210
7152,2003-08-01,1210
7153,2003-08-02,1210
7154,2003-08-03,1210
7155,2003-08-04,1210
7156,2003-08-05,1210
7157,2003-08-06,1210
7158,2003-08-07,1210
7159,2003-08-08,1210
7160,2003-08-09,1210
7161,2003-08-10,1210
7162,2003-08-11,1210
7163,2003-08-12,1210
7164,2003-08-13,1210
7165,2003-08-14,1210
7166,2003-08-15,1210
7167,2003-08-16,1210
7168,2003-08-17,1210
7169,2003-08-18,1210
7170,2003-08-19,1210
7171,2003-08-20,1210
7172,2003-08-21,1210
7173,2003-08-22,1210
7174,2003-08-23,1210
7175,2003-08-24,1210
7176,2003-08-25,1210
7177,2003-08-26,1210
7178,2003-08-27,1210
7179,2003-08-28,1210
7180,2003-08-29,1210
7181,2003-08-30,1210
7182,2003-08-31,1210
7183,2003-09-01,1210
7184,2003-09-02,1210
7185,2003-09-03,1210
7186,2003-09-04,1210
7187,2003-09-05,1210
7188,2003-09-06,1210
7189,2003-09-07,1210
7190,2003-09-08,1210
7191,2003-09-09,1210
7192,2003-09-10,1210
7193,2003-09-11,1210
7194,2003-09-12,1210
7195,2003-09-13,1210
7196,2003-09-14,1210
7197,2003-09-15,1210
7198,2003-09-16,1210
7199,2003-09-17,1210
7200,2003-09-18,1210
7201,2003-09-19,1210
7202,2003-09-20,1210
7203,2003-09-21,1210
7204,2003-09-22,1210
7205,2003-09-23,1210
7206,2003-09-24,1210
7207,2003-09-25,1210
7208,2003-09-26,1210
7209,2003-09-27,1210
7210,2003-09-28,1210
7211,2003-09-29,1210
7212,2003-09-30,1210
7213,2003-10-01,1210
7214,2003-10-02,1210
7215,2003-10-03,1210
7216,2003-10-04,1210
7217,2003-10-05,1210
7218,2003-10-06,1210
7219,2003-10-07,1210
7220,2003-10-08,1210
7221,2003-10-09,1210
7222,2003-10-10,1210
7223,2003-10-11,1210
7224,2003-10-12,1210
7225,2003-10-13,1210
7226,2003-10-14,1210
7227,2003-10-15,1210
7228,2003-10-16,1210
7229,2003-10-17,1210
7230,2003-10-18,1210
7231,2003-10-19,1210
7232,2003-10-20,1210
7233,2003-10-21,1210
7234,2003-10-22,1210
7235,2003-10-23,1210
7236,2003-10-24,1210
7237,2003-10-25,1210
7238,2003-10-26,1210
7239,2003-10-27,1210
7240,2003-10-28,1210
7241,2003-10-29,1210
7242,2003-10-30,1210
7243,2003-10-31,1210
7244,2003-11-01,1210
7245,2003-11-02,1210
7246,2003-11-03,1210
7247,2003-11-04,1210
7248,2003-11-05,1210
7249,2003-11-06,1210
7250,2003-11-07,1210
7251,2003-11-08,1210
7252,2003-11-09,1210
7253,2003-11-10,1210
7254,2003-11-11,1210
7255,2003-11-12,1210
7256,2003-11-13,1210
7257,2003-11-14,1210
7258,2003-11-15,1210
7259,2003-11-16,1210
7260,2003-11-17,1210
7261,2003-11-18,1210
7262,2003-11-19,1210
7263,2003-11-20,1210
7264,2003-11-21,1210
7265,2003-11-22,1210
7266,2003-11-23,1210
7267,2003-11-24,1210
7268,2003-11-25,1210
7269,2003-11-26,1210
7270,2003-11-27,1210
7271,2003-11-28,1210
7272,2003-11-29,1210
7273,2003-11-30,1210
7274,2003-12-01,1210
7275,2003-12-02,1210
7276,2003-12-03,1210
7277,2003-12-04,1210
7278,2003-12-05,1210
7279,2003-12-06,1210
7280,2003-12-07,1210
7281,2003-12-08,1210
7282,2003-12-09,1210
7283,2003-12-10,1210
7284,2003-12-11,1210
7285,2003-12-12,1210
7286,2003-12-13,1210
7287,2003-12-14,1210
7288,2003-12-15,1210
7289,2003-12-16,1210
7290,2003-12-17,1210
7291,2003-12-18,1210
7292,2003-12-19,1210
7293,2003-12-20,1210
7294,2003-12-21,1210
7295,2003-12-22,1210
7296,2003-12-23,1210
7297,2003-12-24,1210
7298,2003-12-25,1210
7299,2003-12-26,1210
7300,2003-12-27,1210
7301,2003-12-28,1210
7302,2003-12-29,1210
7303,2003-12-30,1210
7304,2003-12-31,1210
7305,2002-01-01,1147
7306,2002-01-02,1147
7307,2002-01-03,1147
7308,2002-01-04,1147
7309,2002-01-05,1147
7310,2002-01-06,1147
7311,2002-01-07,1147
7312,2002-01-08,1147
7313,2002-01-09,1147
7314,2002-01-10,1147
7315,2002-01-11,1147
7316,2002-01-12,1147
7317,2002-01-13,1147
7318,2002-01-14,1147
7319,2002-01-15,1147
7320,2002-01-16,1147
7321,2002-01-17,1147
7322,2002-01-18,1147
7323,2002-01-19,1147
7324,2002-01-20,1147
7325,2002-01-21,1147
7326,2002-01-22,1147
7327,2002-01-23,1147
7328,2002-01-24,1147
7329,2002-01-25,1147
7330,2002-01-26,1147
7331,2002-01-27,1147
7332,2002-01-28,1147
7333,2002-01-29,1147
7334,2002-01-30,1147
7335,2002-01-31,1147
7336,2002-02-01,1147
7337,2002-02-02,1147
7338,2002-02-03,1147
7339,2002-02-04,1147
7340,2002-02-05,1147
7341,2002-02-06,1147
7342,2002-02-07,1147
7343,2002-02-08,1147
7344,2002-02-09,1147
7345,2002-02-10,1147
7346,2002-02-11,1147
7347,2002-02-12,1147
7348,2002-02-13,1147
7349,2002-02-14,1147
7350,2002-02-15,1147
7351,2002-02-16,1147
7352,2002-02-17,1147
7353,2002-02-18,1147
7354,2002-02-19,1147
7355,2002-02-20,1147
7356,2002-02-21,1147
7357,2002-02-22,1147
7358,2002-02-23,1147
7359,2002-02-24,1147
7360,2002-02-25,1147
7361,2002-02-26,1147
7362,2002-02-27,1147
7363,2002-02-28,1147
7364,2002-03-01,1147
7365,2002-03-02,1147
7366,2002-03-03,1147
7367,2002-03-04,1147
7368,2002-03-05,1147
7369,2002-03-06,1147
7370,2002-03-07,1147
7371,2002-03-08,1147
7372,2002-03-09,1147
7373,2002-03-10,1147
7374,2002-03-11,1147
7375,2002-03-12,1147
7376,2002-03-13,1147
7377,2002-03-14,1147
7378,2002-03-15,1147
7379,2002-03-16,1147
7380,2002-03-17,1147
7381,2002-03-18,1147
7382,2002-03-19,1147
7383,2002-03-20,1147
7384,2002-03-21,1147
7385,2002-03-22,1147
7386,2002-03-23,1147
7387,2002-03-24,1147
7388,2002-03-25,1147
7389,2002-03-26,1147
7390,2002-03-27,1147
7391,2002-03-28,1147
7392,2002-03-29,1147
7393,2002-03-30,1147
7394,2002-03-31,1147
7395,2002-04-01,1147
7396,2002-04-02,1147
7397,2002-04-03,1147
7398,2002-04-04,1147
7399,2002-04-05,1147
7400,2002-04-06,1147
7401,2002-04-07,1147
7402,2002-04-08,1147
7403,2002-04-09,1147
7404,2002-04-10,1147
7405,2002-04-11,1147
7406,2002-04-12,1147
7407,2002-04-13,1147
7408,2002-04-14,1147
7409,2002-04-15,1147
7410,2002-04-16,1147
7411,2002-04-17,1147
7412,2002-04-18,1147
7413,2002-04-19,1147
7414,2002-04-20,1147
7415,2002-04-21,1147
7416,2002-04-22,1147
7417,2002-04-23,1147
7418,2002-04-24,1147
7419,2002-04-25,1147
7420,2002-04-26,1147
7421,2002-04-27,1147
7422,2002-04-28,1147
7423,2002-04-29,1147
7424,2002-04-30,1147
7425,2002-05-01,1147
7426,2002-05-02,1147
7427,2002-05-03,1147
7428,2002-05-04,1147
7429,2002-05-05,1147
7430,2002-05-06,1147
7431,2002-05-07,1147
7432,2002-05-08,1147
7433,2002-05-09,1147
7434,2002-05-10,1147
7435,2002-05-11,1147
7436,2002-05-12,1147
7437,2002-05-13,1147
7438,2002-05-14,1147
7439,2002-05-15,1147
7440,2002-05-16,1147
7441,2002-05-17,1147
7442,2002-05-18,1147
7443,2002-05-19,1147
7444,2002-05-20,1147
7445,2002-05-21,1147
7446,2002-05-22,1147
7447,2002-05-23,1147
7448,2002-05-24,1147
7449,2002-05-25,1147
7450,2002-05-26,1147
7451,2002-05-27,1147
7452,2002-05-28,1147
7453,2002-05-29,1147
7454,2002-05-30,1147
7455,2002-05-31,1147
7456,2002-06-01,1147
7457,2002-06-02,1147
7458,2002-06-03,1147
7459,2002-06-04,1147
7460,2002-06-05,1147
7461,2002-06-06,1147
7462,2002-06-07,1147
7463,2002-06-08,1147
7464,2002-06-09,1147
7465,2002-06-10,1147
7466,2002-06-11,1147
7467,2002-06-12,1147
7468,2002-06-13,1147
7469,2002-06-14,1147
7470,2002-06-15,1147
7471,2002-06-16,1147
7472,2002-06-17,1147
7473,2002-06-18,1147
7474,2002-06-19,1147
7475,2002-06-20,1147
7476,2002-06-21,1147
7477,2002-06-22,1147
7478,2002-06-23,1147
7479,2002-06-24,1147
7480,2002-06-25,1147
7481,2002-06-26,1147
7482,2002-06-27,1147
7483,2002-06-28,1147
7484,2002-06-29,1147
7485,2002-06-30,1147
7486,2002-07-01,1147
7487,2002-07-02,1147
7488,2002-07-03,1147
7489,2002-07-04,1147
7490,2002-07-05,1147
7491,2002-07-06,1147
7492,2002-07-07,1147
7493,2002-07-08,1147
7494,2002-07-09,1147
7495,2002-07-10,1147
7496,2002-07-11,1147
7497,2002-07-12,1147
7498,2002-07-13,1147
7499,2002-07-14,1147
7500,2002-07-15,1147
7501,2002-07-16,1147
7502,2002-07-17,1147
7503,2002-07-18,1147
7504,2002-07-19,1147
7505,2002-07-20,1147
7506,2002-07-21,1147
7507,2002-07-22,1147
7508,2002-07-23,1147
7509,2002-07-24,1147
7510,2002-07-25,1147
7511,2002-07-26,1147
7512,2002-07-27,1147
7513,2002-07-28,1147
7514,2002-07-29,1147
7515,2002-07-30,1147
7516,2002-07-31,1147
7517,2002-08-01,1147
7518,2002-08-02,1147
7519,2002-08-03,1147
7520,2002-08-04,1147
7521,2002-08-05,1147
7522,2002-08-06,1147
7523,2002-08-07,1147
7524,2002-08-08,1147
7525,2002-08-09,1147
7526,2002-08-10,1147
7527,2002-08-11,1147
7528,2002-08-12,1147
7529,2002-08-13,1147
7530,2002-08-14,1147
7531,2002-08-15,1147
7532,2002-08-16,1147
7533,2002-08-17,1147
7534,2002-08-18,1147
7535,2002-08-19,1147
7536,2002-08-20,1147
7537,2002-08-21,1147
7538,2002-08-22,1147
7539,2002-08-23,1147
7540,2002-08-24,1147
7541,2002-08-25,1147
7542,2002-08-26,1147
7543,2002-08-27,1147
7544,2002-08-28,1147
7545,2002-08-29,1147
7546,2002-08-30,1147
7547,2002-08-31,1147
7548,2002-09-01,1147
7549,2002-09-02,1147
7550,2002-09-03,1147
7551,2002-09-04,1147
7552,2002-09-05,1147
7553,2002-09-06,1147
7554,2002-09-07,1147
7555,2002-09-08,1147
7556,2002-09-09,1147
7557,2002-09-10,1147
7558,2002-09-11,1147
7559,2002-09-12,1147
7560,2002-09-13,1147
7561,2002-09-14,1147
7562,2002-09-15,1147
7563,2002-09-16,1147
7564,2002-09-17,1147
7565,2002-09-18,1147
7566,2002-09-19,1147
7567,2002-09-20,1147
7568,2002-09-21,1147
7569,2002-09-22,1147
7570,2002-09-23,1147
7571,2002-09-24,1147
7572,2002-09-25,1147
7573,2002-09-26,1147
7574,2002-09-27,1147
7575,2002-09-28,1147
7576,2002-09-29,1147
7577,2002-09-30,1147
7578,2002-10-01,1147
7579,2002-10-02,1147
7580,2002-10-03,1147
7581,2002-10-04,1147
7582,2002-10-05,1147
7583,2002-10-06,1147
7584,2002-10-07,1147
7585,2002-10-08,1147
7586,2002-10-09,1147
7587,2002-10-10,1147
7588,2002-10-11,1147
7589,2002-10-12,1147
7590,2002-10-13,1147
7591,2002-10-14,1147
7592,2002-10-15,1147
7593,2002-10-16,1147
7594,2002-10-17,1147
7595,2002-10-18,1147
7596,2002-10-19,1147
7597,2002-10-20,1147
7598,2002-10-21,1147
7599,2002-10-22,1147
7600,2002-10-23,1147
7601,2002-10-24,1147
7602,2002-10-25,1147
7603,2002-10-26,1147
7604,2002-10-27,1147
7605,2002-10-28,1147
7606,2002-10-29,1147
7607,2002-10-30,1147
7608,2002-10-31,1147
7609,2002-11-01,1147
7610,2002-11-02,1147
7611,2002-11-03,1147
7612,2002-11-04,1147
7613,2002-11-05,1147
7614,2002-11-06,1147
7615,2002-11-07,1147
7616,2002-11-08,1147
7617,2002-11-09,1147
7618,2002-11-10,1147
7619,2002-11-11,1147
7620,2002-11-12,1147
7621,2002-11-13,1147
7622,2002-11-14,1147
7623,2002-11-15,1147
7624,2002-11-16,1147
7625,2002-11-17,1147
7626,2002-11-18,1147
7627,2002-11-19,1147
7628,2002-11-20,1147
7629,2002-11-21,1147
7630,2002-11-22,1147
7631,2002-11-23,1147
7632,2002-11-24,1147
7633,2002-11-25,1147
7634,2002-11-26,1147
7635,2002-11-27,1147
7636,2002-11-28,1147
7637,2002-11-29,1147
7638,2002-11-30,1147
7639,2002-12-01,1147
7640,2002-12-02,1147
7641,2002-12-03,1147
7642,2002-12-04,1147
7643,2002-12-05,1147
7644,2002-12-06,1147
7645,2002-12-07,1147
7646,2002-12-08,1147
7647,2002-12-09,1147
7648,2002-12-10,1147
7649,2002-12-11,1147
7650,2002-12-12,1147
7651,2002-12-13,1147
7652,2002-12-14,1147
7653,2002-12-15,1147
7654,2002-12-16,1147
7655,2002-12-17,1147
7656,2002-12-18,1147
7657,2002-12-19,1147
7658,2002-12-20,1147
7659,2002-12-21,1147
7660,2002-12-22,1147
7661,2002-12-23,1147
7662,2002-12-24,1147
7663,2002-12-25,1147
7664,2002-12-26,1147
7665,2002-12-27,1147
7666,2002-12-28,1147
7667,2002-12-29,1147
7668,2002-12-30,1147
7669,2002-12-31,1147
7670,2001-01-01,1113
7671,2001-01-02,1113
7672,2001-01-03,1113
7673,2001-01-04,1113
7674,2001-01-05,1113
7675,2001-01-06,1113
7676,2001-01-07,1113
7677,2001-01-08,1113
7678,2001-01-09,1113
7679,2001-01-10,1113
7680,2001-01-11,1113
7681,2001-01-12,1113
7682,2001-01-13,1113
7683,2001-01-14,1113
7684,2001-01-15,1113
7685,2001-01-16,1113
7686,2001-01-17,1113
7687,2001-01-18,1113
7688,2001-01-19,1113
7689,2001-01-20,1113
7690,2001-01-21,1113
7691,2001-01-22,1113
7692,2001-01-23,1113
7693,2001-01-24,1113
7694,2001-01-25,1113
7695,2001-01-26,1113
7696,2001-01-27,1113
7697,2001-01-28,1113
7698,2001-01-29,1113
7699,2001-01-30,1113
7700,2001-01-31,1113
7701,2001-02-01,1113
7702,2001-02-02,1113
7703,2001-02-03,1113
7704,2001-02-04,1113
7705,2001-02-05,1113
7706,2001-02-06,1113
7707,2001-02-07,1113
7708,2001-02-08,1113
7709,2001-02-09,1113
7710,2001-02-10,1113
7711,2001-02-11,1113
7712,2001-02-12,1113
7713,2001-02-13,1113
7714,2001-02-14,1113
7715,2001-02-15,1113
7716,2001-02-16,1113
7717,2001-02-17,1113
7718,2001-02-18,1113
7719,2001-02-19,1113
7720,2001-02-20,1113
7721,2001-02-21,1113
7722,2001-02-22,1113
7723,2001-02-23,1113
7724,2001-02-24,1113
7725,2001-02-25,1113
7726,2001-02-26,1113
7727,2001-02-27,1113
7728,2001-02-28,1113
7729,2001-03-01,1113
7730,2001-03-02,1113
7731,2001-03-03,1113
7732,2001-03-04,1113
7733,2001-03-05,1113
7734,2001-03-06,1113
7735,2001-03-07,1113
7736,2001-03-08,1113
7737,2001-03-09,1113
7738,2001-03-10,1113
7739,2001-03-11,1113
7740,2001-03-12,1113
7741,2001-03-13,1113
7742,2001-03-14,1113
7743,2001-03-15,1113
7744,2001-03-16,1113
7745,2001-03-17,1113
7746,2001-03-18,1113
7747,2001-03-19,1113
7748,2001-03-20,1113
7749,2001-03-21,1113
7750,2001-03-22,1113
7751,2001-03-23,1113
7752,2001-03-24,1113
7753,2001-03-25,1113
7754,2001-03-26,1113
7755,2001-03-27,1113
7756,2001-03-28,1113
7757,2001-03-29,1113
7758,2001-03-30,1113
7759,2001-03-31,1113
7760,2001-04-01,1113
7761,2001-04-02,1113
7762,2001-04-03,1113
7763,2001-04-04,1113
7764,2001-04-05,1113
7765,2001-04-06,1113
7766,2001-04-07,1113
7767,2001-04-08,1113
7768,2001-04-09,1113
7769,2001-04-10,1113
7770,2001-04-11,1113
7771,2001-04-12,1113
7772,2001-04-13,1113
7773,2001-04-14,1113
7774,2001-04-15,1113
7775,2001-04-16,1113
7776,2001-04-17,1113
7777,2001-04-18,1113
7778,2001-04-19,1113
7779,2001-04-20,1113
7780,2001-04-21,1113
7781,2001-04-22,1113
7782,2001-04-23,1113
7783,2001-04-24,1113
7784,2001-04-25,1113
7785,2001-04-26,1113
7786,2001-04-27,1113
7787,2001-04-28,1113
7788,2001-04-29,1113
7789,2001-04-30,1113
7790,2001-05-01,1113
7791,2001-05-02,1113
7792,2001-05-03,1113
7793,2001-05-04,1113
7794,2001-05-05,1113
7795,2001-05-06,1113
7796,2001-05-07,1113
7797,2001-05-08,1113
7798,2001-05-09,1113
7799,2001-05-10,1113
7800,2001-05-11,1113
7801,2001-05-12,1113
7802,2001-05-13,1113
7803,2001-05-14,1113
7804,2001-05-15,1113
7805,2001-05-16,1113
7806,2001-05-17,1113
7807,2001-05-18,1113
7808,2001-05-19,1113
7809,2001-05-20,1113
7810,2001-05-21,1113
7811,2001-05-22,1113
7812,2001-05-23,1113
7813,2001-05-24,1113
7814,2001-05-25,1113
7815,2001-05-26,1113
7816,2001-05-27,1113
7817,2001-05-28,1113
7818,2001-05-29,1113
7819,2001-05-30,1113
7820,2001-05-31,1113
7821,2001-06-01,1113
7822,2001-06-02,1113
7823,2001-06-03,1113
7824,2001-06-04,1113
7825,2001-06-05,1113
7826,2001-06-06,1113
7827,2001-06-07,1113
7828,2001-06-08,1113
7829,2001-06-09,1113
7830,2001-06-10,1113
7831,2001-06-11,1113
7832,2001-06-12,1113
7833,2001-06-13,1113
7834,2001-06-14,1113
7835,2001-06-15,1113
7836,2001-06-16,1113
7837,2001-06-17,1113
7838,2001-06-18,1113
7839,2001-06-19,1113
7840,2001-06-20,1113
7841,2001-06-21,1113
7842,2001-06-22,1113
7843,2001-06-23,1113
7844,2001-06-24,1113
7845,2001-06-25,1113
7846,2001-06-26,1113
7847,2001-06-27,1113
7848,2001-06-28,1113
7849,2001-06-29,1113
7850,2001-06-30,1113
7851,2001-07-01,1113
7852,2001-07-02,1113
7853,2001-07-03,1113
7854,2001-07-04,1113
7855,2001-07-05,1113
7856,2001-07-06,1113
7857,2001-07-07,1113
7858,2001-07-08,1113
7859,2001-07-09,1113
7860,2001-07-10,1113
7861,2001-07-11,1113
7862,2001-07-12,1113
7863,2001-07-13,1113
7864,2001-07-14,1113
7865,2001-07-15,1113
7866,2001-07-16,1113
7867,2001-07-17,1113
7868,2001-07-18,1113
7869,2001-07-19,1113
7870,2001-07-20,1113
7871,2001-07-21,1113
7872,2001-07-22,1113
7873,2001-07-23,1113
7874,2001-07-24,1113
7875,2001-07-25,1113
7876,2001-07-26,1113
7877,2001-07-27,1113
7878,2001-07-28,1113
7879,2001-07-29,1113
7880,2001-07-30,1113
7881,2001-07-31,1113
7882,2001-08-01,1113
7883,2001-08-02,1113
7884,2001-08-03,1113
7885,2001-08-04,1113
7886,2001-08-05,1113
7887,2001-08-06,1113
7888,2001-08-07,1113
7889,2001-08-08,1113
7890,2001-08-09,1113
7891,2001-08-10,1113
7892,2001-08-11,1113
7893,2001-08-12,1113
7894,2001-08-13,1113
7895,2001-08-14,1113
7896,2001-08-15,1113
7897,2001-08-16,1113
7898,2001-08-17,1113
7899,2001-08-18,1113
7900,2001-08-19,1113
7901,2001-08-20,1113
7902,2001-08-21,1113
7903,2001-08-22,1113
7904,2001-08-23,1113
7905,2001-08-24,1113
7906,2001-08-25,1113
7907,2001-08-26,1113
7908,2001-08-27,1113
7909,2001-08-28,1113
7910,2001-08-29,1113
7911,2001-08-30,1113
7912,2001-08-31,1113
7913,2001-09-01,1113
7914,2001-09-02,1113
7915,2001-09-03,1113
7916,2001-09-04,1113
7917,2001-09-05,1113
7918,2001-09-06,1113
7919,2001-09-07,1113
7920,2001-09-08,1113
7921,2001-09-09,1113
7922,2001-09-10,1113
7923,2001-09-11,1113
7924,2001-09-12,1113
7925,2001-09-13,1113
7926,2001-09-14,1113
7927,2001-09-15,1113
7928,2001-09-16,1113
7929,2001-09-17,1113
7930,2001-09-18,1113
7931,2001-09-19,1113
7932,2001-09-20,1113
7933,2001-09-21,1113
7934,2001-09-22,1113
7935,2001-09-23,1113
7936,2001-09-24,1113
7937,2001-09-25,1113
7938,2001-09-26,1113
7939,2001-09-27,1113
7940,2001-09-28,1113
7941,2001-09-29,1113
7942,2001-09-30,1113
7943,2001-10-01,1113
7944,2001-10-02,1113
7945,2001-10-03,1113
7946,2001-10-04,1113
7947,2001-10-05,1113
7948,2001-10-06,1113
7949,2001-10-07,1113
7950,2001-10-08,1113
7951,2001-10-09,1113
7952,2001-10-10,1113
7953,2001-10-11,1113
7954,2001-10-12,1113
7955,2001-10-13,1113
7956,2001-10-14,1113
7957,2001-10-15,1113
7958,2001-10-16,1113
7959,2001-10-17,1113
7960,2001-10-18,1113
7961,2001-10-19,1113
7962,2001-10-20,1113
7963,2001-10-21,1113
7964,2001-10-22,1113
7965,2001-10-23,1113
7966,2001-10-24,1113
7967,2001-10-25,1113
7968,2001-10-26,1113
7969,2001-10-27,1113
7970,2001-10-28,1113
7971,2001-10-29,1113
7972,2001-10-30,1113
7973,2001-10-31,1113
7974,2001-11-01,1113
7975,2001-11-02,1113
7976,2001-11-03,1113
7977,2001-11-04,1113
7978,2001-11-05,1113
7979,2001-11-06,1113
7980,2001-11-07,1113
7981,2001-11-08,1113
7982,2001-11-09,1113
7983,2001-11-10,1113
7984,2001-11-11,1113
7985,2001-11-12,1113
7986,2001-11-13,1113
7987,2001-11-14,1113
7988,2001-11-15,1113
7989,2001-11-16,1113
7990,2001-11-17,1113
7991,2001-11-18,1113
7992,2001-11-19,1113
7993,2001-11-20,1113
7994,2001-11-21,1113
7995,2001-11-22,1113
7996,2001-11-23,1113
7997,2001-11-24,1113
7998,2001-11-25,1113
7999,2001-11-26,1113
8000,2001-11-27,1113
8001,2001-11-28,1113
8002,2001-11-29,1113
8003,2001-11-30,1113
8004,2001-12-01,1113
8005,2001-12-02,1113
8006,2001-12-03,1113
8007,2001-12-04,1113
8008,2001-12-05,1113
8009,2001-12-06,1113
8010,2001-12-07,1113
8011,2001-12-08,1113
8012,2001-12-09,1113
8013,2001-12-10,1113
8014,2001-12-11,1113
8015,2001-12-12,1113
8016,2001-12-13,1113
8017,2001-12-14,1113
8018,2001-12-15,1113
8019,2001-12-16,1113
8020,2001-12-17,1113
8021,2001-12-18,1113
8022,2001-12-19,1113
8023,2001-12-20,1113
8024,2001-12-21,1113
8025,2001-12-22,1113
8026,2001-12-23,1113
8027,2001-12-24,1113
8028,2001-12-25,1113
8029,2001-12-26,1113
8030,2001-12-27,1113
8031,2001-12-28,1113
8032,2001-12-29,1113
8033,2001-12-30,1113
8034,2001-12-31,1113
8035,2000-01-01,1086
8036,2000-01-02,1086
8037,2000-01-03,1086
8038,2000-01-04,1086
8039,2000-01-05,1086
8040,2000-01-06,1086
8041,2000-01-07,1086
8042,2000-01-08,1086
8043,2000-01-09,1086
8044,2000-01-10,1086
8045,2000-01-11,1086
8046,2000-01-12,1086
8047,2000-01-13,1086
8048,2000-01-14,1086
8049,2000-01-15,1086
8050,2000-01-16,1086
8051,2000-01-17,1086
8052,2000-01-18,1086
8053,2000-01-19,1086
8054,2000-01-20,1086
8055,2000-01-21,1086
8056,2000-01-22,1086
8057,2000-01-23,1086
8058,2000-01-24,1086
8059,2000-01-25,1086
8060,2000-01-26,1086
8061,2000-01-27,1086
8062,2000-01-28,1086
8063,2000-01-29,1086
8064,2000-01-30,1086
8065,2000-01-31,1086
8066,2000-02-01,1086
8067,2000-02-02,1086
8068,2000-02-03,1086
8069,2000-02-04,1086
8070,2000-02-05,1086
8071,2000-02-06,1086
8072,2000-02-07,1086
8073,2000-02-08,1086
8074,2000-02-09,1086
8075,2000-02-10,1086
8076,2000-02-11,1086
8077,2000-02-12,1086
8078,2000-02-13,1086
8079,2000-02-14,1086
8080,2000-02-15,1086
8081,2000-02-16,1086
8082,2000-02-17,1086
8083,2000-02-18,1086
8084,2000-02-19,1086
8085,2000-02-20,1086
8086,2000-02-21,1086
8087,2000-02-22,1086
8088,2000-02-23,1086
8089,2000-02-24,1086
8090,2000-02-25,1086
8091,2000-02-26,1086
8092,2000-02-27,1086
8093,2000-02-28,1086
8094,2000-02-29,1086
8095,2000-03-01,1086
8096,2000-03-02,1086
8097,2000-03-03,1086
8098,2000-03-04,1086
8099,2000-03-05,1086
8100,2000-03-06,1086
8101,2000-03-07,1086
8102,2000-03-08,1086
8103,2000-03-09,1086
8104,2000-03-10,1086
8105,2000-03-11,1086
8106,2000-03-12,1086
8107,2000-03-13,1086
8108,2000-03-14,1086
8109,2000-03-15,1086
8110,2000-03-16,1086
8111,2000-03-17,1086
8112,2000-03-18,1086
8113,2000-03-19,1086
8114,2000-03-20,1086
8115,2000-03-21,1086
8116,2000-03-22,1086
8117,2000-03-23,1086
8118,2000-03-24,1086
8119,2000-03-25,1086
8120,2000-03-26,1086
8121,2000-03-27,1086
8122,2000-03-28,1086
8123,2000-03-29,1086
8124,2000-03-30,1086
8125,2000-03-31,1086
8126,2000-04-01,1086
8127,2000-04-02,1086
8128,2000-04-03,1086
8129,2000-04-04,1086
8130,2000-04-05,1086
8131,2000-04-06,1086
8132,2000-04-07,1086
8133,2000-04-08,1086
8134,2000-04-09,1086
8135,2000-04-10,1086
8136,2000-04-11,1086
8137,2000-04-12,1086
8138,2000-04-13,1086
8139,2000-04-14,1086
8140,2000-04-15,1086
8141,2000-04-16,1086
8142,2000-04-17,1086
8143,2000-04-18,1086
8144,2000-04-19,1086
8145,2000-04-20,1086
8146,2000-04-21,1086
8147,2000-04-22,1086
8148,2000-04-23,1086
8149,2000-04-24,1086
8150,2000-04-25,1086
8151,2000-04-26,1086
8152,2000-04-27,1086
8153,2000-04-28,1086
8154,2000-04-29,1086
8155,2000-04-30,1086
8156,2000-05-01,1086
8157,2000-05-02,1086
8158,2000-05-03,1086
8159,2000-05-04,1086
8160,2000-05-05,1086
8161,2000-05-06,1086
8162,2000-05-07,1086
8163,2000-05-08,1086
8164,2000-05-09,1086
8165,2000-05-10,1086
8166,2000-05-11,1086
8167,2000-05-12,1086
8168,2000-05-13,1086
8169,2000-05-14,1086
8170,2000-05-15,1086
8171,2000-05-16,1086
8172,2000-05-17,1086
8173,2000-05-18,1086
8174,2000-05-19,1086
8175,2000-05-20,1086
8176,2000-05-21,1086
8177,2000-05-22,1086
8178,2000-05-23,1086
8179,2000-05-24,1086
8180,2000-05-25,1086
8181,2000-05-26,1086
8182,2000-05-27,1086
8183,2000-05-28,1086
8184,2000-05-29,1086
8185,2000-05-30,1086
8186,2000-05-31,1086
8187,2000-06-01,1086
8188,2000-06-02,1086
8189,2000-06-03,1086
8190,2000-06-04,1086
8191,2000-06-05,1086
8192,2000-06-06,1086
8193,2000-06-07,1086
8194,2000-06-08,1086
8195,2000-06-09,1086
8196,2000-06-10,1086
8197,2000-06-11,1086
8198,2000-06-12,1086
8199,2000-06-13,1086
8200,2000-06-14,1086
8201,2000-06-15,1086
8202,2000-06-16,1086
8203,2000-06-17,1086
8204,2000-06-18,1086
8205,2000-06-19,1086
8206,2000-06-20,1086
8207,2000-06-21,1086
8208,2000-06-22,1086
8209,2000-06-23,1086
8210,2000-06-24,1086
8211,2000-06-25,1086
8212,2000-06-26,1086
8213,2000-06-27,1086
8214,2000-06-28,1086
8215,2000-06-29,1086
8216,2000-06-30,1086
8217,2000-07-01,1086
8218,2000-07-02,1086
8219,2000-07-03,1086
8220,2000-07-04,1086
8221,2000-07-05,1086
8222,2000-07-06,1086
8223,2000-07-07,1086
8224,2000-07-08,1086
8225,2000-07-09,1086
8226,2000-07-10,1086
8227,2000-07-11,1086
8228,2000-07-12,1086
8229,2000-07-13,1086
8230,2000-07-14,1086
8231,2000-07-15,1086
8232,2000-07-16,1086
8233,2000-07-17,1086
8234,2000-07-18,1086
8235,2000-07-19,1086
8236,2000-07-20,1086
8237,2000-07-21,1086
8238,2000-07-22,1086
8239,2000-07-23,1086
8240,2000-07-24,1086
8241,2000-07-25,1086
8242,2000-07-26,1086
8243,2000-07-27,1086
8244,2000-07-28,1086
8245,2000-07-29,1086
8246,2000-07-30,1086
8247,2000-07-31,1086
8248,2000-08-01,1086
8249,2000-08-02,1086
8250,2000-08-03,1086
8251,2000-08-04,1086
8252,2000-08-05,1086
8253,2000-08-06,1086
8254,2000-08-07,1086
8255,2000-08-08,1086
8256,2000-08-09,1086
8257,2000-08-10,1086
8258,2000-08-11,1086
8259,2000-08-12,1086
8260,2000-08-13,1086
8261,2000-08-14,1086
8262,2000-08-15,1086
8263,2000-08-16,1086
8264,2000-08-17,1086
8265,2000-08-18,1086
8266,2000-08-19,1086
8267,2000-08-20,1086
8268,2000-08-21,1086
8269,2000-08-22,1086
8270,2000-08-23,1086
8271,2000-08-24,1086
8272,2000-08-25,1086
8273,2000-08-26,1086
8274,2000-08-27,1086
8275,2000-08-28,1086
8276,2000-08-29,1086
8277,2000-08-30,1086
8278,2000-08-31,1086
8279,2000-09-01,1086
8280,2000-09-02,1086
8281,2000-09-03,1086
8282,2000-09-04,1086
8283,2000-09-05,1086
8284,2000-09-06,1086
8285,2000-09-07,1086
8286,2000-09-08,1086
8287,2000-09-09,1086
8288,2000-09-10,1086
8289,2000-09-11,1086
8290,2000-09-12,1086
8291,2000-09-13,1086
8292,2000-09-14,1086
8293,2000-09-15,1086
8294,2000-09-16,1086
8295,2000-09-17,1086
8296,2000-09-18,1086
8297,2000-09-19,1086
8298,2000-09-20,1086
8299,2000-09-21,1086
8300,2000-09-22,1086
8301,2000-09-23,1086
8302,2000-09-24,1086
8303,2000-09-25,1086
8304,2000-09-26,1086
8305,2000-09-27,1086
8306,2000-09-28,1086
8307,2000-09-29,1086
8308,2000-09-30,1086
8309,2000-10-01,1086
8310,2000-10-02,1086
8311,2000-10-03,1086
8312,2000-10-04,1086
8313,2000-10-05,1086
8314,2000-10-06,1086
8315,2000-10-07,1086
8316,2000-10-08,1086
8317,2000-10-09,1086
8318,2000-10-10,1086
8319,2000-10-11,1086
8320,2000-10-12,1086
8321,2000-10-13,1086
8322,2000-10-14,1086
8323,2000-10-15,1086
8324,2000-10-16,1086
8325,2000-10-17,1086
8326,2000-10-18,1086
8327,2000-10-19,1086
8328,2000-10-20,1086
8329,2000-10-21,1086
8330,2000-10-22,1086
8331,2000-10-23,1086
8332,2000-10-24,1086
8333,2000-10-25,1086
8334,2000-10-26,1086
8335,2000-10-27,1086
8336,2000-10-28,1086
8337,2000-10-29,1086
8338,2000-10-30,1086
8339,2000-10-31,1086
8340,2000-11-01,1086
8341,2000-11-02,1086
8342,2000-11-03,1086
8343,2000-11-04,1086
8344,2000-11-05,1086
8345,2000-11-06,1086
8346,2000-11-07,1086
8347,2000-11-08,1086
8348,2000-11-09,1086
8349,2000-11-10,1086
8350,2000-11-11,1086
8351,2000-11-12,1086
8352,2000-11-13,1086
8353,2000-11-14,1086
8354,2000-11-15,1086
8355,2000-11-16,1086
8356,2000-11-17,1086
8357,2000-11-18,1086
8358,2000-11-19,1086
8359,2000-11-20,1086
8360,2000-11-21,1086
8361,2000-11-22,1086
8362,2000-11-23,1086
8363,2000-11-24,1086
8364,2000-11-25,1086
8365,2000-11-26,1086
8366,2000-11-27,1086
8367,2000-11-28,1086
8368,2000-11-29,1086
8369,2000-11-30,1086
8370,2000-12-01,1086
8371,2000-12-02,1086
8372,2000-12-03,1086
8373,2000-12-04,1086
8374,2000-12-05,1086
8375,2000-12-06,1086
8376,2000-12-07,1086
8377,2000-12-08,1086
8378,2000-12-09,1086
8379,2000-12-10,1086
8380,2000-12-11,1086
8381,2000-12-12,1086
8382,2000-12-13,1086
8383,2000-12-14,1086
8384,2000-12-15,1086
8385,2000-12-16,1086
8386,2000-12-17,1086
8387,2000-12-18,1086
8388,2000-12-19,1086
8389,2000-12-20,1086
8390,2000-12-21,1086
8391,2000-12-22,1086
8392,2000-12-23,1086
8393,2000-12-24,1086
8394,2000-12-25,1086
8395,2000-12-26,1086
8396,2000-12-27,1086
8397,2000-12-28,1086
8398,2000-12-29,1086
8399,2000-12-30,1086
8400,2000-12-31,1086
8401,1999-01-01,1041
8402,1999-01-02,1041
8403,1999-01-03,1041
8404,1999-01-04,1041
8405,1999-01-05,1041
8406,1999-01-06,1041
8407,1999-01-07,1041
8408,1999-01-08,1041
8409,1999-01-09,1041
8410,1999-01-10,1041
8411,1999-01-11,1041
8412,1999-01-12,1041
8413,1999-01-13,1041
8414,1999-01-14,1041
8415,1999-01-15,1041
8416,1999-01-16,1041
8417,1999-01-17,1041
8418,1999-01-18,1041
8419,1999-01-19,1041
8420,1999-01-20,1041
8421,1999-01-21,1041
8422,1999-01-22,1041
8423,1999-01-23,1041
8424,1999-01-24,1041
8425,1999-01-25,1041
8426,1999-01-26,1041
8427,1999-01-27,1041
8428,1999-01-28,1041
8429,1999-01-29,1041
8430,1999-01-30,1041
8431,1999-01-31,1041
8432,1999-02-01,1041
8433,1999-02-02,1041
8434,1999-02-03,1041
8435,1999-02-04,1041
8436,1999-02-05,1041
8437,1999-02-06,1041
8438,1999-02-07,1041
8439,1999-02-08,1041
8440,1999-02-09,1041
8441,1999-02-10,1041
8442,1999-02-11,1041
8443,1999-02-12,1041
8444,1999-02-13,1041
8445,1999-02-14,1041
8446,1999-02-15,1041
8447,1999-02-16,1041
8448,1999-02-17,1041
8449,1999-02-18,1041
8450,1999-02-19,1041
8451,1999-02-20,1041
8452,1999-02-21,1041
8453,1999-02-22,1041
8454,1999-02-23,1041
8455,1999-02-24,1041
8456,1999-02-25,1041
8457,1999-02-26,1041
8458,1999-02-27,1041
8459,1999-02-28,1041
8460,1999-03-01,1041
8461,1999-03-02,1041
8462,1999-03-03,1041
8463,1999-03-04,1041
8464,1999-03-05,1041
8465,1999-03-06,1041
8466,1999-03-07,1041
8467,1999-03-08,1041
8468,1999-03-09,1041
8469,1999-03-10,1041
8470,1999-03-11,1041
8471,1999-03-12,1041
8472,1999-03-13,1041
8473,1999-03-14,1041
8474,1999-03-15,1041
8475,1999-03-16,1041
8476,1999-03-17,1041
8477,1999-03-18,1041
8478,1999-03-19,1041
8479,1999-03-20,1041
8480,1999-03-21,1041
8481,1999-03-22,1041
8482,1999-03-23,1041
8483,1999-03-24,1041
8484,1999-03-25,1041
8485,1999-03-26,1041
8486,1999-03-27,1041
8487,1999-03-28,1041
8488,1999-03-29,1041
8489,1999-03-30,1041
8490,1999-03-31,1041
8491,1999-04-01,1041
8492,1999-04-02,1041
8493,1999-04-03,1041
8494,1999-04-04,1041
8495,1999-04-05,1041
8496,1999-04-06,1041
8497,1999-04-07,1041
8498,1999-04-08,1041
8499,1999-04-09,1041
8500,1999-04-10,1041
8501,1999-04-11,1041
8502,1999-04-12,1041
8503,1999-04-13,1041
8504,1999-04-14,1041
8505,1999-04-15,1041
8506,1999-04-16,1041
8507,1999-04-17,1041
8508,1999-04-18,1041
8509,1999-04-19,1041
8510,1999-04-20,1041
8511,1999-04-21,1041
8512,1999-04-22,1041
8513,1999-04-23,1041
8514,1999-04-24,1041
8515,1999-04-25,1041
8516,1999-04-26,1041
8517,1999-04-27,1041
8518,1999-04-28,1041
8519,1999-04-29,1041
8520,1999-04-30,1041
8521,1999-05-01,1041
8522,1999-05-02,1041
8523,1999-05-03,1041
8524,1999-05-04,1041
8525,1999-05-05,1041
8526,1999-05-06,1041
8527,1999-05-07,1041
8528,1999-05-08,1041
8529,1999-05-09,1041
8530,1999-05-10,1041
8531,1999-05-11,1041
8532,1999-05-12,1041
8533,1999-05-13,1041
8534,1999-05-14,1041
8535,1999-05-15,1041
8536,1999-05-16,1041
8537,1999-05-17,1041
8538,1999-05-18,1041
8539,1999-05-19,1041
8540,1999-05-20,1041
8541,1999-05-21,1041
8542,1999-05-22,1041
8543,1999-05-23,1041
8544,1999-05-24,1041
8545,1999-05-25,1041
8546,1999-05-26,1041
8547,1999-05-27,1041
8548,1999-05-28,1041
8549,1999-05-29,1041
8550,1999-05-30,1041
8551,1999-05-31,1041
8552,1999-06-01,1041
8553,1999-06-02,1041
8554,1999-06-03,1041
8555,1999-06-04,1041
8556,1999-06-05,1041
8557,1999-06-06,1041
8558,1999-06-07,1041
8559,1999-06-08,1041
8560,1999-06-09,1041
8561,1999-06-10,1041
8562,1999-06-11,1041
8563,1999-06-12,1041
8564,1999-06-13,1041
8565,1999-06-14,1041
8566,1999-06-15,1041
8567,1999-06-16,1041
8568,1999-06-17,1041
8569,1999-06-18,1041
8570,1999-06-19,1041
8571,1999-06-20,1041
8572,1999-06-21,1041
8573,1999-06-22,1041
8574,1999-06-23,1041
8575,1999-06-24,1041
8576,1999-06-25,1041
8577,1999-06-26,1041
8578,1999-06-27,1041
8579,1999-06-28,1041
8580,1999-06-29,1041
8581,1999-06-30,1041
8582,1999-07-01,1041
8583,1999-07-02,1041
8584,1999-07-03,1041
8585,1999-07-04,1041
8586,1999-07-05,1041
8587,1999-07-06,1041
8588,1999-07-07,1041
8589,1999-07-08,1041
8590,1999-07-09,1041
8591,1999-07-10,1041
8592,1999-07-11,1041
8593,1999-07-12,1041
8594,1999-07-13,1041
8595,1999-07-14,1041
8596,1999-07-15,1041
8597,1999-07-16,1041
8598,1999-07-17,1041
8599,1999-07-18,1041
8600,1999-07-19,1041
8601,1999-07-20,1041
8602,1999-07-21,1041
8603,1999-07-22,1041
8604,1999-07-23,1041
8605,1999-07-24,1041
8606,1999-07-25,1041
8607,1999-07-26,1041
8608,1999-07-27,1041
8609,1999-07-28,1041
8610,1999-07-29,1041
8611,1999-07-30,1041
8612,1999-07-31,1041
8613,1999-08-01,1041
8614,1999-08-02,1041
8615,1999-08-03,1041
8616,1999-08-04,1041
8617,1999-08-05,1041
8618,1999-08-06,1041
8619,1999-08-07,1041
8620,1999-08-08,1041
8621,1999-08-09,1041
8622,1999-08-10,1041
8623,1999-08-11,1041
8624,1999-08-12,1041
8625,1999-08-13,1041
8626,1999-08-14,1041
8627,1999-08-15,1041
8628,1999-08-16,1041
8629,1999-08-17,1041
8630,1999-08-18,1041
8631,1999-08-19,1041
8632,1999-08-20,1041
8633,1999-08-21,1041
8634,1999-08-22,1041
8635,1999-08-23,1041
8636,1999-08-24,1041
8637,1999-08-25,1041
8638,1999-08-26,1041
8639,1999-08-27,1041
8640,1999-08-28,1041
8641,1999-08-29,1041
8642,1999-08-30,1041
8643,1999-08-31,1041
8644,1999-09-01,1041
8645,1999-09-02,1041
8646,1999-09-03,1041
8647,1999-09-04,1041
8648,1999-09-05,1041
8649,1999-09-06,1041
8650,1999-09-07,1041
8651,1999-09-08,1041
8652,1999-09-09,1041
8653,1999-09-10,1041
8654,1999-09-11,1041
8655,1999-09-12,1041
8656,1999-09-13,1041
8657,1999-09-14,1041
8658,1999-09-15,1041
8659,1999-09-16,1041
8660,1999-09-17,1041
8661,1999-09-18,1041
8662,1999-09-19,1041
8663,1999-09-20,1041
8664,1999-09-21,1041
8665,1999-09-22,1041
8666,1999-09-23,1041
8667,1999-09-24,1041
8668,1999-09-25,1041
8669,1999-09-26,1041
8670,1999-09-27,1041
8671,1999-09-28,1041
8672,1999-09-29,1041
8673,1999-09-30,1041
8674,1999-10-01,1041
8675,1999-10-02,1041
8676,1999-10-03,1041
8677,1999-10-04,1041
8678,1999-10-05,1041
8679,1999-10-06,1041
8680,1999-10-07,1041
8681,1999-10-08,1041
8682,1999-10-09,1041
8683,1999-10-10,1041
8684,1999-10-11,1041
8685,1999-10-12,1041
8686,1999-10-13,1041
8687,1999-10-14,1041
8688,1999-10-15,1041
8689,1999-10-16,1041
8690,1999-10-17,1041
8691,1999-10-18,1041
8692,1999-10-19,1041
8693,1999-10-20,1041
8694,1999-10-21,1041
8695,1999-10-22,1041
8696,1999-10-23,1041
8697,1999-10-24,1041
8698,1999-10-25,1041
8699,1999-10-26,1041
8700,1999-10-27,1041
8701,1999-10-28,1041
8702,1999-10-29,1041
8703,1999-10-30,1041
8704,1999-10-31,1041
8705,1999-11-01,1041
8706,1999-11-02,1041
8707,1999-11-03,1041
8708,1999-11-04,1041
8709,1999-11-05,1041
8710,1999-11-06,1041
8711,1999-11-07,1041
8712,1999-11-08,1041
8713,1999-11-09,1041
8714,1999-11-10,1041
8715,1999-11-11,1041
8716,1999-11-12,1041
8717,1999-11-13,1041
8718,1999-11-14,1041
8719,1999-11-15,1041
8720,1999-11-16,1041
8721,1999-11-17,1041
8722,1999-11-18,1041
8723,1999-11-19,1041
8724,1999-11-20,1041
8725,1999-11-21,1041
8726,1999-11-22,1041
8727,1999-11-23,1041
8728,1999-11-24,1041
8729,1999-11-25,1041
8730,1999-11-26,1041
8731,1999-11-27,1041
8732,1999-11-28,1041
8733,1999-11-29,1041
8734,1999-11-30,1041
8735,1999-12-01,1041
8736,1999-12-02,1041
8737,1999-12-03,1041
8738,1999-12-04,1041
8739,1999-12-05,1041
8740,1999-12-06,1041
8741,1999-12-07,1041
8742,1999-12-08,1041
8743,1999-12-09,1041
8744,1999-12-10,1041
8745,1999-12-11,1041
8746,1999-12-12,1041
8747,1999-12-13,1041
8748,1999-12-14,1041
8749,1999-12-15,1041
8750,1999-12-16,1041
8751,1999-12-17,1041
8752,1999-12-18,1041
8753,1999-12-19,1041
8754,1999-12-20,1041
8755,1999-12-21,1041
8756,1999-12-22,1041
8757,1999-12-23,1041
8758,1999-12-24,1041
8759,1999-12-25,1041
8760,1999-12-26,1041
8761,1999-12-27,1041
8762,1999-12-28,1041
8763,1999-12-29,1041
8764,1999-12-30,1041
8765,1999-12-31,1041
8766,1998-01-01,1000
8767,1998-01-02,1000
8768,1998-01-03,1000
8769,1998-01-04,1000
8770,1998-01-05,1000
8771,1998-01-06,1000
8772,1998-01-07,1000
8773,1998-01-08,1000
8774,1998-01-09,1000
8775,1998-01-10,1000
8776,1998-01-11,1000
8777,1998-01-12,1000
8778,1998-01-13,1000
8779,1998-01-14,1000
8780,1998-01-15,1000
8781,1998-01-16,1000
8782,1998-01-17,1000
8783,1998-01-18,1000
8784,1998-01-19,1000
8785,1998-01-20,1000
8786,1998-01-21,1000
8787,1998-01-22,1000
8788,1998-01-23,1000
8789,1998-01-24,1000
8790,1998-01-25,1000
8791,1998-01-26,1000
8792,1998-01-27,1000
8793,1998-01-28,1000
8794,1998-01-29,1000
8795,1998-01-30,1000
8796,1998-01-31,1000
8797,1998-02-01,1000
8798,1998-02-02,1000
8799,1998-02-03,1000
8800,1998-02-04,1000
8801,1998-02-05,1000
8802,1998-02-06,1000
8803,1998-02-07,1000
8804,1998-02-08,1000
8805,1998-02-09,1000
8806,1998-02-10,1000
8807,1998-02-11,1000
8808,1998-02-12,1000
8809,1998-02-13,1000
8810,1998-02-14,1000
8811,1998-02-15,1000
8812,1998-02-16,1000
8813,1998-02-17,1000
8814,1998-02-18,1000
8815,1998-02-19,1000
8816,1998-02-20,1000
8817,1998-02-21,1000
8818,1998-02-22,1000
8819,1998-02-23,1000
8820,1998-02-24,1000
8821,1998-02-25,1000
8822,1998-02-26,1000
8823,1998-02-27,1000
8824,1998-02-28,1000
8825,1998-03-01,1000
8826,1998-03-02,1000
8827,1998-03-03,1000
8828,1998-03-04,1000
8829,1998-03-05,1000
8830,1998-03-06,1000
8831,1998-03-07,1000
8832,1998-03-08,1000
8833,1998-03-09,1000
8834,1998-03-10,1000
8835,1998-03-11,1000
8836,1998-03-12,1000
8837,1998-03-13,1000
8838,1998-03-14,1000
8839,1998-03-15,1000
8840,1998-03-16,1000
8841,1998-03-17,1000
8842,1998-03-18,1000
8843,1998-03-19,1000
8844,1998-03-20,1000
8845,1998-03-21,1000
8846,1998-03-22,1000
8847,1998-03-23,1000
8848,1998-03-24,1000
8849,1998-03-25,1000
8850,1998-03-26,1000
8851,1998-03-27,1000
8852,1998-03-28,1000
8853,1998-03-29,1000
8854,1998-03-30,1000
8855,1998-03-31,1000
8856,1998-04-01,1000
8857,1998-04-02,1000
8858,1998-04-03,1000
8859,1998-04-04,1000
8860,1998-04-05,1000
8861,1998-04-06,1000
8862,1998-04-07,1000
8863,1998-04-08,1000
8864,1998-04-09,1000
8865,1998-04-10,1000
8866,1998-04-11,1000
8867,1998-04-12,1000
8868,1998-04-13,1000
8869,1998-04-14,1000
8870,1998-04-15,1000
8871,1998-04-16,1000
8872,1998-04-17,1000
8873,1998-04-18,1000
8874,1998-04-19,1000
8875,1998-04-20,1000
8876,1998-04-21,1000
8877,1998-04-22,1000
8878,1998-04-23,1000
8879,1998-04-24,1000
8880,1998-04-25,1000
8881,1998-04-26,1000
8882,1998-04-27,1000
8883,1998-04-28,1000
8884,1998-04-29,1000
8885,1998-04-30,1000
8886,1998-05-01,1000
8887,1998-05-02,1000
8888,1998-05-03,1000
8889,1998-05-04,1000
8890,1998-05-05,1000
8891,1998-05-06,1000
8892,1998-05-07,1000
8893,1998-05-08,1000
8894,1998-05-09,1000
8895,1998-05-10,1000
8896,1998-05-11,1000
8897,1998-05-12,1000
8898,1998-05-13,1000
8899,1998-05-14,1000
8900,1998-05-15,1000
8901,1998-05-16,1000
8902,1998-05-17,1000
8903,1998-05-18,1000
8904,1998-05-19,1000
8905,1998-05-20,1000
8906,1998-05-21,1000
8907,1998-05-22,1000
8908,1998-05-23,1000
8909,1998-05-24,1000
8910,1998-05-25,1000
8911,1998-05-26,1000
8912,1998-05-27,1000
8913,1998-05-28,1000
8914,1998-05-29,1000
8915,1998-05-30,1000
8916,1998-05-31,1000
8917,1998-06-01,1000
8918,1998-06-02,1000
8919,1998-06-03,1000
8920,1998-06-04,1000
8921,1998-06-05,1000
8922,1998-06-06,1000
8923,1998-06-07,1000
8924,1998-06-08,1000
8925,1998-06-09,1000
8926,1998-06-10,1000
8927,1998-06-11,1000
8928,1998-06-12,1000
8929,1998-06-13,1000
8930,1998-06-14,1000
8931,1998-06-15,1000
8932,1998-06-16,1000
8933,1998-06-17,1000
8934,1998-06-18,1000
8935,1998-06-19,1000
8936,1998-06-20,1000
8937,1998-06-21,1000
8938,1998-06-22,1000
8939,1998-06-23,1000
8940,1998-06-24,1000
8941,1998-06-25,1000
8942,1998-06-26,1000
8943,1998-06-27,1000
8944,1998-06-28,1000
8945,1998-06-29,1000
8946,1998-06-30,1000
8947,1998-07-01,1000
8948,1998-07-02,1000
8949,1998-07-03,1000
8950,1998-07-04,1000
8951,1998-07-05,1000
8952,1998-07-06,1000
8953,1998-07-07,1000
8954,1998-07-08,1000
8955,1998-07-09,1000
8956,1998-07-10,1000
8957,1998-07-11,1000
8958,1998-07-12,1000
8959,1998-07-13,1000
8960,1998-07-14,1000
8961,1998-07-15,1000
8962,1998-07-16,1000
8963,1998-07-17,1000
8964,1998-07-18,1000
8965,1998-07-19,1000
8966,1998-07-20,1000
8967,1998-07-21,1000
8968,1998-07-22,1000
8969,1998-07-23,1000
8970,1998-07-24,1000
8971,1998-07-25,1000
8972,1998-07-26,1000
8973,1998-07-27,1000
8974,1998-07-28,1000
8975,1998-07-29,1000
8976,1998-07-30,1000
8977,1998-07-31,1000
8978,1998-08-01,1000
8979,1998-08-02,1000
8980,1998-08-03,1000
8981,1998-08-04,1000
8982,1998-08-05,1000
8983,1998-08-06,1000
8984,1998-08-07,1000
8985,1998-08-08,1000
8986,1998-08-09,1000
8987,1998-08-10,1000
8988,1998-08-11,1000
8989,1998-08-12,1000
8990,1998-08-13,1000
8991,1998-08-14,1000
8992,1998-08-15,1000
8993,1998-08-16,1000
8994,1998-08-17,1000
8995,1998-08-18,1000
8996,1998-08-19,1000
8997,1998-08-20,1000
8998,1998-08-21,1000
8999,1998-08-22,1000
9000,1998-08-23,1000
9001,1998-08-24,1000
9002,1998-08-25,1000
9003,1998-08-26,1000
9004,1998-08-27,1000
9005,1998-08-28,1000
9006,1998-08-29,1000
9007,1998-08-30,1000
9008,1998-08-31,1000
9009,1998-09-01,1000
9010,1998-09-02,1000
9011,1998-09-03,1000
9012,1998-09-04,1000
9013,1998-09-05,1000
9014,1998-09-06,1000
9015,1998-09-07,1000
9016,1998-09-08,1000
9017,1998-09-09,1000
9018,1998-09-10,1000
9019,1998-09-11,1000
9020,1998-09-12,1000
9021,1998-09-13,1000
9022,1998-09-14,1000
9023,1998-09-15,1000
9024,1998-09-16,1000
9025,1998-09-17,1000
9026,1998-09-18,1000
9027,1998-09-19,1000
9028,1998-09-20,1000
9029,1998-09-21,1000
9030,1998-09-22,1000
9031,1998-09-23,1000
9032,1998-09-24,1000
9033,1998-09-25,1000
9034,1998-09-26,1000
9035,1998-09-27,1000
9036,1998-09-28,1000
9037,1998-09-29,1000
9038,1998-09-30,1000
9039,1998-10-01,1000
9040,1998-10-02,1000
9041,1998-10-03,1000
9042,1998-10-04,1000
9043,1998-10-05,1000
9044,1998-10-06,1000
9045,1998-10-07,1000
9046,1998-10-08,1000
9047,1998-10-09,1000
9048,1998-10-10,1000
9049,1998-10-11,1000
9050,1998-10-12,1000
9051,1998-10-13,1000
9052,1998-10-14,1000
9053,1998-10-15,1000
9054,1998-10-16,1000
9055,1998-10-17,1000
9056,1998-10-18,1000
9057,1998-10-19,1000
9058,1998-10-20,1000
9059,1998-10-21,1000
9060,1998-10-22,1000
9061,1998-10-23,1000
9062,1998-10-24,1000
9063,1998-10-25,1000
9064,1998-10-26,1000
9065,1998-10-27,1000
9066,1998-10-28,1000
9067,1998-10-29,1000
9068,1998-10-30,1000
9069,1998-10-31,1000
9070,1998-11-01,1000
9071,1998-11-02,1000
9072,1998-11-03,1000
9073,1998-11-04,1000
9074,1998-11-05,1000
9075,1998-11-06,1000
9076,1998-11-07,1000
9077,1998-11-08,1000
9078,1998-11-09,1000
9079,1998-11-10,1000
9080,1998-11-11,1000
9081,1998-11-12,1000
9082,1998-11-13,1000
9083,1998-11-14,1000
9084,1998-11-15,1000
9085,1998-11-16,1000
9086,1998-11-17,1000
9087,1998-11-18,1000
9088,1998-11-19,1000
9089,1998-11-20,1000
9090,1998-11-21,1000
9091,1998-11-22,1000
9092,1998-11-23,1000
9093,1998-11-24,1000
9094,1998-11-25,1000
9095,1998-11-26,1000
9096,1998-11-27,1000
9097,1998-11-28,1000
9098,1998-11-29,1000
9099,1998-11-30,1000
9100,1998-12-01,1000
9101,1998-12-02,1000
9102,1998-12-03,1000
9103,1998-12-04,1000
9104,1998-12-05,1000
9105,1998-12-06,1000
9106,1998-12-07,1000
9107,1998-12-08,1000
9108,1998-12-09,1000
9109,1998-12-10,1000
9110,1998-12-11,1000
9111,1998-12-12,1000
9112,1998-12-13,1000
9113,1998-12-14,1000
9114,1998-12-15,1000
9115,1998-12-16,1000
9116,1998-12-17,1000
9117,1998-12-18,1000
9118,1998-12-19,1000
9119,1998-12-20,1000
9120,1998-12-21,1000
9121,1998-12-22,1000
9122,1998-12-23,1000
9123,1998-12-24,1000
9124,1998-12-25,1000
9125,1998-12-26,1000
9126,1998-12-27,1000
9127,1998-12-28,1000
9128,1998-12-29,1000
9129,1998-12-30,1000
9130,1998-12-31,1000
9131,1997-01-01,1011
9132,1997-01-02,1011
9133,1997-01-03,1011
9134,1997-01-04,1011
9135,1997-01-05,1011
9136,1997-01-06,1011
9137,1997-01-07,1011
9138,1997-01-08,1011
9139,1997-01-09,1011
9140,1997-01-10,1011
9141,1997-01-11,1011
9142,1997-01-12,1011
9143,1997-01-13,1011
9144,1997-01-14,1011
9145,1997-01-15,1011
9146,1997-01-16,1011
9147,1997-01-17,1011
9148,1997-01-18,1011
9149,1997-01-19,1011
9150,1997-01-20,1011
9151,1997-01-21,1011
9152,1997-01-22,1011
9153,1997-01-23,1011
9154,1997-01-24,1011
9155,1997-01-25,1011
9156,1997-01-26,1011
9157,1997-01-27,1011
9158,1997-01-28,1011
9159,1997-01-29,1011
9160,1997-01-30,1011
9161,1997-01-31,1011
9162,1997-02-01,1011
9163,1997-02-02,1011
9164,1997-02-03,1011
9165,1997-02-04,1011
9166,1997-02-05,1011
9167,1997-02-06,1011
9168,1997-02-07,1011
9169,1997-02-08,1011
9170,1997-02-09,1011
9171,1997-02-10,1011
9172,1997-02-11,1011
9173,1997-02-12,1011
9174,1997-02-13,1011
9175,1997-02-14,1011
9176,1997-02-15,1011
9177,1997-02-16,1011
9178,1997-02-17,1011
9179,1997-02-18,1011
9180,1997-02-19,1011
9181,1997-02-20,1011
9182,1997-02-21,1011
9183,1997-02-22,1011
9184,1997-02-23,1011
9185,1997-02-24,1011
9186,1997-02-25,1011
9187,1997-02-26,1011
9188,1997-02-27,1011
9189,1997-02-28,1011
9190,1997-03-01,1011
9191,1997-03-02,1011
9192,1997-03-03,1011
9193,1997-03-04,1011
9194,1997-03-05,1011
9195,1997-03-06,1011
9196,1997-03-07,1011
9197,1997-03-08,1011
9198,1997-03-09,1011
9199,1997-03-10,1011
9200,1997-03-11,1011
9201,1997-03-12,1011
9202,1997-03-13,1011
9203,1997-03-14,1011
9204,1997-03-15,1011
9205,1997-03-16,1011
9206,1997-03-17,1011
9207,1997-03-18,1011
9208,1997-03-19,1011
9209,1997-03-20,1011
9210,1997-03-21,1011
9211,1997-03-22,1011
9212,1997-03-23,1011
9213,1997-03-24,1011
9214,1997-03-25,1011
9215,1997-03-26,1011
9216,1997-03-27,1011
9217,1997-03-28,1011
9218,1997-03-29,1011
9219,1997-03-30,1011
9220,1997-03-31,1011
9221,1997-04-01,1011
9222,1997-04-02,1011
9223,1997-04-03,1011
9224,1997-04-04,1011
9225,1997-04-05,1011
9226,1997-04-06,1011
9227,1997-04-07,1011
9228,1997-04-08,1011
9229,1997-04-09,1011
9230,1997-04-10,1011
9231,1997-04-11,1011
9232,1997-04-12,1011
9233,1997-04-13,1011
9234,1997-04-14,1011
9235,1997-04-15,1011
9236,1997-04-16,1011
9237,1997-04-17,1011
9238,1997-04-18,1011
9239,1997-04-19,1011
9240,1997-04-20,1011
9241,1997-04-21,1011
9242,1997-04-22,1011
9243,1997-04-23,1011
9244,1997-04-24,1011
9245,1997-04-25,1011
9246,1997-04-26,1011
9247,1997-04-27,1011
9248,1997-04-28,1011
9249,1997-04-29,1011
9250,1997-04-30,1011
9251,1997-05-01,1011
9252,1997-05-02,1011
9253,1997-05-03,1011
9254,1997-05-04,1011
9255,1997-05-05,1011
9256,1997-05-06,1011
9257,1997-05-07,1011
9258,1997-05-08,1011
9259,1997-05-09,1011
9260,1997-05-10,1011
9261,1997-05-11,1011
9262,1997-05-12,1011
9263,1997-05-13,1011
9264,1997-05-14,1011
9265,1997-05-15,1011
9266,1997-05-16,1011
9267,1997-05-17,1011
9268,1997-05-18,1011
9269,1997-05-19,1011
9270,1997-05-20,1011
9271,1997-05-21,1011
9272,1997-05-22,1011
9273,1997-05-23,1011
9274,1997-05-24,1011
9275,1997-05-25,1011
9276,1997-05-26,1011
9277,1997-05-27,1011
9278,1997-05-28,1011
9279,1997-05-29,1011
9280,1997-05-30,1011
9281,1997-05-31,1011
9282,1997-06-01,1011
9283,1997-06-02,1011
9284,1997-06-03,1011
9285,1997-06-04,1011
9286,1997-06-05,1011
9287,1997-06-06,1011
9288,1997-06-07,1011
9289,1997-06-08,1011
9290,1997-06-09,1011
9291,1997-06-10,1011
9292,1997-06-11,1011
9293,1997-06-12,1011
9294,1997-06-13,1011
9295,1997-06-14,1011
9296,1997-06-15,1011
9297,1997-06-16,1011
9298,1997-06-17,1011
9299,1997-06-18,1011
9300,1997-06-19,1011
9301,1997-06-20,1011
9302,1997-06-21,1011
9303,1997-06-22,1011
9304,1997-06-23,1011
9305,1997-06-24,1011
9306,1997-06-25,1011
9307,1997-06-26,1011
9308,1997-06-27,1011
9309,1997-06-28,1011
9310,1997-06-29,1011
9311,1997-06-30,1011
9312,1997-07-01,1011
9313,1997-07-02,1011
9314,1997-07-03,1011
9315,1997-07-04,1011
9316,1997-07-05,1011
9317,1997-07-06,1011
9318,1997-07-07,1011
9319,1997-07-08,1011
9320,1997-07-09,1011
9321,1997-07-10,1011
9322,1997-07-11,1011
9323,1997-07-12,1011
9324,1997-07-13,1011
9325,1997-07-14,1011
9326,1997-07-15,1011
9327,1997-07-16,1011
9328,1997-07-17,1011
9329,1997-07-18,1011
9330,1997-07-19,1011
9331,1997-07-20,1011
9332,1997-07-21,1011
9333,1997-07-22,1011
9334,1997-07-23,1011
9335,1997-07-24,1011
9336,1997-07-25,1011
9337,1997-07-26,1011
9338,1997-07-27,1011
9339,1997-07-28,1011
9340,1997-07-29,1011
9341,1997-07-30,1011
9342,1997-07-31,1011
9343,1997-08-01,1011
9344,1997-08-02,1011
9345,1997-08-03,1011
9346,1997-08-04,1011
9347,1997-08-05,1011
9348,1997-08-06,1011
9349,1997-08-07,1011
9350,1997-08-08,1011
9351,1997-08-09,1011
9352,1997-08-10,1011
9353,1997-08-11,1011
9354,1997-08-12,1011
9355,1997-08-13,1011
9356,1997-08-14,1011
9357,1997-08-15,1011
9358,1997-08-16,1011
9359,1997-08-17,1011
9360,1997-08-18,1011
9361,1997-08-19,1011
9362,1997-08-20,1011
9363,1997-08-21,1011
9364,1997-08-22,1011
9365,1997-08-23,1011
9366,1997-08-24,1011
9367,1997-08-25,1011
9368,1997-08-26,1011
9369,1997-08-27,1011
9370,1997-08-28,1011
9371,1997-08-29,1011
9372,1997-08-30,1011
9373,1997-08-31,1011
9374,1997-09-01,1011
9375,1997-09-02,1011
9376,1997-09-03,1011
9377,1997-09-04,1011
9378,1997-09-05,1011
9379,1997-09-06,1011
9380,1997-09-07,1011
9381,1997-09-08,1011
9382,1997-09-09,1011
9383,1997-09-10,1011
9384,1997-09-11,1011
9385,1997-09-12,1011
9386,1997-09-13,1011
9387,1997-09-14,1011
9388,1997-09-15,1011
9389,1997-09-16,1011
9390,1997-09-17,1011
9391,1997-09-18,1011
9392,1997-09-19,1011
9393,1997-09-20,1011
9394,1997-09-21,1011
9395,1997-09-22,1011
9396,1997-09-23,1011
9397,1997-09-24,1011
9398,1997-09-25,1011
9399,1997-09-26,1011
9400,1997-09-27,1011
9401,1997-09-28,1011
9402,1997-09-29,1011
9403,1997-09-30,1011
9404,1997-10-01,1011
9405,1997-10-02,1011
9406,1997-10-03,1011
9407,1997-10-04,1011
9408,1997-10-05,1011
9409,1997-10-06,1011
9410,1997-10-07,1011
9411,1997-10-08,1011
9412,1997-10-09,1011
9413,1997-10-10,1011
9414,1997-10-11,1011
9415,1997-10-12,1011
9416,1997-10-13,1011
9417,1997-10-14,1011
9418,1997-10-15,1011
9419,1997-10-16,1011
9420,1997-10-17,1011
9421,1997-10-18,1011
9422,1997-10-19,1011
9423,1997-10-20,1011
9424,1997-10-21,1011
9425,1997-10-22,1011
9426,1997-10-23,1011
9427,1997-10-24,1011
9428,1997-10-25,1011
9429,1997-10-26,1011
9430,1997-10-27,1011
9431,1997-10-28,1011
9432,1997-10-29,1011
9433,1997-10-30,1011
9434,1997-10-31,1011
9435,1997-11-01,1011
9436,1997-11-02,1011
9437,1997-11-03,1011
9438,1997-11-04,1011
9439,1997-11-05,1011
9440,1997-11-06,1011
9441,1997-11-07,1011
9442,1997-11-08,1011
9443,1997-11-09,1011
9444,1997-11-10,1011
9445,1997-11-11,1011
9446,1997-11-12,1011
9447,1997-11-13,1011
9448,1997-11-14,1011
9449,1997-11-15,1011
9450,1997-11-16,1011
9451,1997-11-17,1011
9452,1997-11-18,1011
9453,1997-11-19,1011
9454,1997-11-20,1011
9455,1997-11-21,1011
9456,1997-11-22,1011
9457,1997-11-23,1011
9458,1997-11-24,1011
9459,1997-11-25,1011
9460,1997-11-26,1011
9461,1997-11-27,1011
9462,1997-11-28,1011
9463,1997-11-29,1011
9464,1997-11-30,1011
9465,1997-12-01,1011
9466,1997-12-02,1011
9467,1997-12-03,1011
9468,1997-12-04,1011
9469,1997-12-05,1011
9470,1997-12-06,1011
9471,1997-12-07,1011
9472,1997-12-08,1011
9473,1997-12-09,1011
9474,1997-12-10,1011
9475,1997-12-11,1011
9476,1997-12-12,1011
9477,1997-12-13,1011
9478,1997-12-14,1011
9479,1997-12-15,1011
9480,1997-12-16,1011
9481,1997-12-17,1011
9482,1997-12-18,1011
9483,1997-12-19,1011
9484,1997-12-20,1011
9485,1997-12-21,1011
9486,1997-12-22,1011
9487,1997-12-23,1011
9488,1997-12-24,1011
9489,1997-12-25,1011
9490,1997-12-26,1011
9491,1997-12-27,1011
9492,1997-12-28,1011
9493,1997-12-29,1011
9494,1997-12-30,1011
9495,1997-12-31,1011
9496,1996-01-01,990
9497,1996-01-02,990
9498,1996-01-03,990
9499,1996-01-04,990
9500,1996-01-05,990
9501,1996-01-06,990
9502,1996-01-07,990
9503,1996-01-08,990
9504,1996-01-09,990
9505,1996-01-10,990
9506,1996-01-11,990
9507,1996-01-12,990
9508,1996-01-13,990
9509,1996-01-14,990
9510,1996-01-15,990
9511,1996-01-16,990
9512,1996-01-17,990
9513,1996-01-18,990
9514,1996-01-19,990
9515,1996-01-20,990
9516,1996-01-21,990
9517,1996-01-22,990
9518,1996-01-23,990
9519,1996-01-24,990
9520,1996-01-25,990
9521,1996-01-26,990
9522,1996-01-27,990
9523,1996-01-28,990
9524,1996-01-29,990
9525,1996-01-30,990
9526,1996-01-31,990
9527,1996-02-01,990
9528,1996-02-02,990
9529,1996-02-03,990
9530,1996-02-04,990
9531,1996-02-05,990
9532,1996-02-06,990
9533,1996-02-07,990
9534,1996-02-08,990
9535,1996-02-09,990
9536,1996-02-10,990
9537,1996-02-11,990
9538,1996-02-12,990
9539,1996-02-13,990
9540,1996-02-14,990
9541,1996-02-15,990
9542,1996-02-16,990
9543,1996-02-17,990
9544,1996-02-18,990
9545,1996-02-19,990
9546,1996-02-20,990
9547,1996-02-21,990
9548,1996-02-22,990
9549,1996-02-23,990
9550,1996-02-24,990
9551,1996-02-25,990
9552,1996-02-26,990
9553,1996-02-27,990
9554,1996-02-28,990
9555,1996-02-29,990
9556,1996-03-01,990
9557,1996-03-02,990
9558,1996-03-03,990
9559,1996-03-04,990
9560,1996-03-05,990
9561,1996-03-06,990
9562,1996-03-07,990
9563,1996-03-08,990
9564,1996-03-09,990
9565,1996-03-10,990
9566,1996-03-11,990
9567,1996-03-12,990
9568,1996-03-13,990
9569,1996-03-14,990
9570,1996-03-15,990
9571,1996-03-16,990
9572,1996-03-17,990
9573,1996-03-18,990
9574,1996-03-19,990
9575,1996-03-20,990
9576,1996-03-21,990
9577,1996-03-22,990
9578,1996-03-23,990
9579,1996-03-24,990
9580,1996-03-25,990
9581,1996-03-26,990
9582,1996-03-27,990
9583,1996-03-28,990
9584,1996-03-29,990
9585,1996-03-30,990
9586,1996-03-31,990
9587,1996-04-01,990
9588,1996-04-02,990
9589,1996-04-03,990
9590,1996-04-04,990
9591,1996-04-05,990
9592,1996-04-06,990
9593,1996-04-07,990
9594,1996-04-08,990
9595,1996-04-09,990
9596,1996-04-10,990
9597,1996-04-11,990
9598,1996-04-12,990
9599,1996-04-13,990
9600,1996-04-14,990
9601,1996-04-15,990
9602,1996-04-16,990
9603,1996-04-17,990
9604,1996-04-18,990
9605,1996-04-19,990
9606,1996-04-20,990
9607,1996-04-21,990
9608,1996-04-22,990
9609,1996-04-23,990
9610,1996-04-24,990
9611,1996-04-25,990
9612,1996-04-26,990
9613,1996-04-27,990
9614,1996-04-28,990
9615,1996-04-29,990
9616,1996-04-30,990
9617,1996-05-01,990
9618,1996-05-02,990
9619,1996-05-03,990
9620,1996-05-04,990
9621,1996-05-05,990
9622,1996-05-06,990
9623,1996-05-07,990
9624,1996-05-08,990
9625,1996-05-09,990
9626,1996-05-10,990
9627,1996-05-11,990
9628,1996-05-12,990
9629,1996-05-13,990
9630,1996-05-14,990
9631,1996-05-15,990
9632,1996-05-16,990
9633,1996-05-17,990
9634,1996-05-18,990
9635,1996-05-19,990
9636,1996-05-20,990
9637,1996-05-21,990
9638,1996-05-22,990
9639,1996-05-23,990
9640,1996-05-24,990
9641,1996-05-25,990
9642,1996-05-26,990
9643,1996-05-27,990
9644,1996-05-28,990
9645,1996-05-29,990
9646,1996-05-30,990
9647,1996-05-31,990
9648,1996-06-01,990
9649,1996-06-02,990
9650,1996-06-03,990
9651,1996-06-04,990
9652,1996-06-05,990
9653,1996-06-06,990
9654,1996-06-07,990
9655,1996-06-08,990
9656,1996-06-09,990
9657,1996-06-10,990
9658,1996-06-11,990
9659,1996-06-12,990
9660,1996-06-13,990
9661,1996-06-14,990
9662,1996-06-15,990
9663,1996-06-16,990
9664,1996-06-17,990
9665,1996-06-18,990
9666,1996-06-19,990
9667,1996-06-20,990
9668,1996-06-21,990
9669,1996-06-22,990
9670,1996-06-23,990
9671,1996-06-24,990
9672,1996-06-25,990
9673,1996-06-26,990
9674,1996-06-27,990
9675,1996-06-28,990
9676,1996-06-29,990
9677,1996-06-30,990
9678,1996-07-01,990
9679,1996-07-02,990
9680,1996-07-03,990
9681,1996-07-04,990
9682,1996-07-05,990
9683,1996-07-06,990
9684,1996-07-07,990
9685,1996-07-08,990
9686,1996-07-09,990
9687,1996-07-10,990
9688,1996-07-11,990
9689,1996-07-12,990
9690,1996-07-13,990
9691,1996-07-14,990
9692,1996-07-15,990
9693,1996-07-16,990
9694,1996-07-17,990
9695,1996-07-18,990
9696,1996-07-19,990
9697,1996-07-20,990
9698,1996-07-21,990
9699,1996-07-22,990
9700,1996-07-23,990
9701,1996-07-24,990
9702,1996-07-25,990
9703,1996-07-26,990
9704,1996-07-27,990
9705,1996-07-28,990
9706,1996-07-29,990
9707,1996-07-30,990
9708,1996-07-31,990
9709,1996-08-01,990
9710,1996-08-02,990
9711,1996-08-03,990
9712,1996-08-04,990
9713,1996-08-05,990
9714,1996-08-06,990
9715,1996-08-07,990
9716,1996-08-08,990
9717,1996-08-09,990
9718,1996-08-10,990
9719,1996-08-11,990
9720,1996-08-12,990
9721,1996-08-13,990
9722,1996-08-14,990
9723,1996-08-15,990
9724,1996-08-16,990
9725,1996-08-17,990
9726,1996-08-18,990
9727,1996-08-19,990
9728,1996-08-20,990
9729,1996-08-21,990
9730,1996-08-22,990
9731,1996-08-23,990
9732,1996-08-24,990
9733,1996-08-25,990
9734,1996-08-26,990
9735,1996-08-27,990
9736,1996-08-28,990
9737,1996-08-29,990
9738,1996-08-30,990
9739,1996-08-31,990
9740,1996-09-01,990
9741,1996-09-02,990
9742,1996-09-03,990
9743,1996-09-04,990
9744,1996-09-05,990
9745,1996-09-06,990
9746,1996-09-07,990
9747,1996-09-08,990
9748,1996-09-09,990
9749,1996-09-10,990
9750,1996-09-11,990
9751,1996-09-12,990
9752,1996-09-13,990
9753,1996-09-14,990
9754,1996-09-15,990
9755,1996-09-16,990
9756,1996-09-17,990
9757,1996-09-18,990
9758,1996-09-19,990
9759,1996-09-20,990
9760,1996-09-21,990
9761,1996-09-22,990
9762,1996-09-23,990
9763,1996-09-24,990
9764,1996-09-25,990
9765,1996-09-26,990
9766,1996-09-27,990
9767,1996-09-28,990
9768,1996-09-29,990
9769,1996-09-30,990
9770,1996-10-01,990
9771,1996-10-02,990
9772,1996-10-03,990
9773,1996-10-04,990
9774,1996-10-05,990
9775,1996-10-06,990
9776,1996-10-07,990
9777,1996-10-08,990
9778,1996-10-09,990
9779,1996-10-10,990
9780,1996-10-11,990
9781,1996-10-12,990
9782,1996-10-13,990
9783,1996-10-14,990
9784,1996-10-15,990
9785,1996-10-16,990
9786,1996-10-17,990
9787,1996-10-18,990
9788,1996-10-19,990
9789,1996-10-20,990
9790,1996-10-21,990
9791,1996-10-22,990
9792,1996-10-23,990
9793,1996-10-24,990
9794,1996-10-25,990
9795,1996-10-26,990
9796,1996-10-27,990
9797,1996-10-28,990
9798,1996-10-29,990
9799,1996-10-30,990
9800,1996-10-31,990
9801,1996-11-01,990
9802,1996-11-02,990
9803,1996-11-03,990
9804,1996-11-04,990
9805,1996-11-05,990
9806,1996-11-06,990
9807,1996-11-07,990
9808,1996-11-08,990
9809,1996-11-09,990
9810,1996-11-10,990
9811,1996-11-11,990
9812,1996-11-12,990
9813,1996-11-13,990
9814,1996-11-14,990
9815,1996-11-15,990
9816,1996-11-16,990
9817,1996-11-17,990
9818,1996-11-18,990
9819,1996-11-19,990
9820,1996-11-20,990
9821,1996-11-21,990
9822,1996-11-22,990
9823,1996-11-23,990
9824,1996-11-24,990
9825,1996-11-25,990
9826,1996-11-26,990
9827,1996-11-27,990
9828,1996-11-28,990
9829,1996-11-29,990
9830,1996-11-30,990
9831,1996-12-01,990
9832,1996-12-02,990
9833,1996-12-03,990
9834,1996-12-04,990
9835,1996-12-05,990
9836,1996-12-06,990
9837,1996-12-07,990
9838,1996-12-08,990
9839,1996-12-09,990
9840,1996-12-10,990
9841,1996-12-11,990
9842,1996-12-12,990
9843,1996-12-13,990
9844,1996-12-14,990
9845,1996-12-15,990
9846,1996-12-16,990
9847,1996-12-17,990
9848,1996-12-18,990
9849,1996-12-19,990
9850,1996-12-20,990
9851,1996-12-21,990
9852,1996-12-22,990
9853,1996-12-23,990
9854,1996-12-24,990
9855,1996-12-25,990
9856,1996-12-26,990
9857,1996-12-27,990
9858,1996-12-28,990
9859,1996-12-29,990
9860,1996-12-30,990
9861,1996-12-31,990
9862,1995-01-01,995
9863,1995-01-02,995
9864,1995-01-03,995
9865,1995-01-04,995
9866,1995-01-05,995
9867,1995-01-06,995
9868,1995-01-07,995
9869,1995-01-08,995
9870,1995-01-09,995
9871,1995-01-10,995
9872,1995-01-11,995
9873,1995-01-12,995
9874,1995-01-13,995
9875,1995-01-14,995
9876,1995-01-15,995
9877,1995-01-16,995
9878,1995-01-17,995
9879,1995-01-18,995
9880,1995-01-19,995
9881,1995-01-20,995
9882,1995-01-21,995
9883,1995-01-22,995
9884,1995-01-23,995
9885,1995-01-24,995
9886,1995-01-25,995
9887,1995-01-26,995
9888,1995-01-27,995
9889,1995-01-28,995
9890,1995-01-29,995
9891,1995-01-30,995
9892,1995-01-31,995
9893,1995-02-01,995
9894,1995-02-02,995
9895,1995-02-03,995
9896,1995-02-04,995
9897,1995-02-05,995
9898,1995-02-06,995
9899,1995-02-07,995
9900,1995-02-08,995
9901,1995-02-09,995
9902,1995-02-10,995
9903,1995-02-11,995
9904,1995-02-12,995
9905,1995-02-13,995
9906,1995-02-14,995
9907,1995-02-15,995
9908,1995-02-16,995
9909,1995-02-17,995
9910,1995-02-18,995
9911,1995-02-19,995
9912,1995-02-20,995
9913,1995-02-21,995
9914,1995-02-22,995
9915,1995-02-23,995
9916,1995-02-24,995
9917,1995-02-25,995
9918,1995-02-26,995
9919,1995-02-27,995
9920,1995-02-28,995
9921,1995-03-01,995
9922,1995-03-02,995
9923,1995-03-03,995
9924,1995-03-04,995
9925,1995-03-05,995
9926,1995-03-06,995
9927,1995-03-07,995
9928,1995-03-08,995
9929,1995-03-09,995
9930,1995-03-10,995
9931,1995-03-11,995
9932,1995-03-12,995
9933,1995-03-13,995
9934,1995-03-14,995
9935,1995-03-15,995
9936,1995-03-16,995
9937,1995-03-17,995
9938,1995-03-18,995
9939,1995-03-19,995
9940,1995-03-20,995
9941,1995-03-21,995
9942,1995-03-22,995
9943,1995-03-23,995
9944,1995-03-24,995
9945,1995-03-25,995
9946,1995-03-26,995
9947,1995-03-27,995
9948,1995-03-28,995
9949,1995-03-29,995
9950,1995-03-30,995
9951,1995-03-31,995
9952,1995-04-01,995
9953,1995-04-02,995
9954,1995-04-03,995
9955,1995-04-04,995
9956,1995-04-05,995
9957,1995-04-06,995
9958,1995-04-07,995
9959,1995-04-08,995
9960,1995-04-09,995
9961,1995-04-10,995
9962,1995-04-11,995
9963,1995-04-12,995
9964,1995-04-13,995
9965,1995-04-14,995
9966,1995-04-15,995
9967,1995-04-16,995
9968,1995-04-17,995
9969,1995-04-18,995
9970,1995-04-19,995
9971,1995-04-20,995
9972,1995-04-21,995
9973,1995-04-22,995
9974,1995-04-23,995
9975,1995-04-24,995
9976,1995-04-25,995
9977,1995-04-26,995
9978,1995-04-27,995
9979,1995-04-28,995
9980,1995-04-29,995
9981,1995-04-30,995
9982,1995-05-01,995
9983,1995-05-02,995
9984,1995-05-03,995
9985,1995-05-04,995
9986,1995-05-05,995
9987,1995-05-06,995
9988,1995-05-07,995
9989,1995-05-08,995
9990,1995-05-09,995
9991,1995-05-10,995
9992,1995-05-11,995
9993,1995-05-12,995
9994,1995-05-13,995
9995,1995-05-14,995
9996,1995-05-15,995
9997,1995-05-16,995
9998,1995-05-17,995
9999,1995-05-18,995
10000,1995-05-19,995
10001,1995-05-20,995
10002,1995-05-21,995
10003,1995-05-22,995
10004,1995-05-23,995
10005,1995-05-24,995
10006,1995-05-25,995
10007,1995-05-26,995
10008,1995-05-27,995
10009,1995-05-28,995
10010,1995-05-29,995
10011,1995-05-30,995
10012,1995-05-31,995
10013,1995-06-01,995
10014,1995-06-02,995
10015,1995-06-03,995
10016,1995-06-04,995
10017,1995-06-05,995
10018,1995-06-06,995
10019,1995-06-07,995
10020,1995-06-08,995
10021,1995-06-09,995
10022,1995-06-10,995
10023,1995-06-11,995
10024,1995-06-12,995
10025,1995-06-13,995
10026,1995-06-14,995
10027,1995-06-15,995
10028,1995-06-16,995
10029,1995-06-17,995
10030,1995-06-18,995
10031,1995-06-19,995
10032,1995-06-20,995
10033,1995-06-21,995
10034,1995-06-22,995
10035,1995-06-23,995
10036,1995-06-24,995
10037,1995-06-25,995
10038,1995-06-26,995
10039,1995-06-27,995
10040,1995-06-28,995
10041,1995-06-29,995
10042,1995-06-30,995
10043,1995-07-01,995
10044,1995-07-02,995
10045,1995-07-03,995
10046,1995-07-04,995
10047,1995-07-05,995
10048,1995-07-06,995
10049,1995-07-07,995
10050,1995-07-08,995
10051,1995-07-09,995
10052,1995-07-10,995
10053,1995-07-11,995
10054,1995-07-12,995
10055,1995-07-13,995
10056,1995-07-14,995
10057,1995-07-15,995
10058,1995-07-16,995
10059,1995-07-17,995
10060,1995-07-18,995
10061,1995-07-19,995
10062,1995-07-20,995
10063,1995-07-21,995
10064,1995-07-22,995
10065,1995-07-23,995
10066,1995-07-24,995
10067,1995-07-25,995
10068,1995-07-26,995
10069,1995-07-27,995
10070,1995-07-28,995
10071,1995-07-29,995
10072,1995-07-30,995
10073,1995-07-31,995
10074,1995-08-01,995
10075,1995-08-02,995
10076,1995-08-03,995
10077,1995-08-04,995
10078,1995-08-05,995
10079,1995-08-06,995
10080,1995-08-07,995
10081,1995-08-08,995
10082,1995-08-09,995
10083,1995-08-10,995
10084,1995-08-11,995
10085,1995-08-12,995
10086,1995-08-13,995
10087,1995-08-14,995
10088,1995-08-15,995
10089,1995-08-16,995
10090,1995-08-17,995
10091,1995-08-18,995
10092,1995-08-19,995
10093,1995-08-20,995
10094,1995-08-21,995
10095,1995-08-22,995
10096,1995-08-23,995
10097,1995-08-24,995
10098,1995-08-25,995
10099,1995-08-26,995
10100,1995-08-27,995
10101,1995-08-28,995
10102,1995-08-29,995
10103,1995-08-30,995
10104,1995-08-31,995
10105,1995-09-01,995
10106,1995-09-02,995
10107,1995-09-03,995
10108,1995-09-04,995
10109,1995-09-05,995
10110,1995-09-06,995
10111,1995-09-07,995
10112,1995-09-08,995
10113,1995-09-09,995
10114,1995-09-10,995
10115,1995-09-11,995
10116,1995-09-12,995
10117,1995-09-13,995
10118,1995-09-14,995
10119,1995-09-15,995
10120,1995-09-16,995
10121,1995-09-17,995
10122,1995-09-18,995
10123,1995-09-19,995
10124,1995-09-20,995
10125,1995-09-21,995
10126,1995-09-22,995
10127,1995-09-23,995
10128,1995-09-24,995
10129,1995-09-25,995
10130,1995-09-26,995
10131,1995-09-27,995
10132,1995-09-28,995
10133,1995-09-29,995
10134,1995-09-30,995
10135,1995-10-01,995
10136,1995-10-02,995
10137,1995-10-03,995
10138,1995-10-04,995
10139,1995-10-05,995
10140,1995-10-06,995
10141,1995-10-07,995
10142,1995-10-08,995
10143,1995-10-09,995
10144,1995-10-10,995
10145,1995-10-11,995
10146,1995-10-12,995
10147,1995-10-13,995
10148,1995-10-14,995
10149,1995-10-15,995
10150,1995-10-16,995
10151,1995-10-17,995
10152,1995-10-18,995
10153,1995-10-19,995
10154,1995-10-20,995
10155,1995-10-21,995
10156,1995-10-22,995
10157,1995-10-23,995
10158,1995-10-24,995
10159,1995-10-25,995
10160,1995-10-26,995
10161,1995-10-27,995
10162,1995-10-28,995
10163,1995-10-29,995
10164,1995-10-30,995
10165,1995-10-31,995
10166,1995-11-01,995
10167,1995-11-02,995
10168,1995-11-03,995
10169,1995-11-04,995
10170,1995-11-05,995
10171,1995-11-06,995
10172,1995-11-07,995
10173,1995-11-08,995
10174,1995-11-09,995
10175,1995-11-10,995
10176,1995-11-11,995
10177,1995-11-12,995
10178,1995-11-13,995
10179,1995-11-14,995
10180,1995-11-15,995
10181,1995-11-16,995
10182,1995-11-17,995
10183,1995-11-18,995
10184,1995-11-19,995
10185,1995-11-20,995
10186,1995-11-21,995
10187,1995-11-22,995
10188,1995-11-23,995
10189,1995-11-24,995
10190,1995-11-25,995
10191,1995-11-26,995
10192,1995-11-27,995
10193,1995-11-28,995
10194,1995-11-29,995
10195,1995-11-30,995
10196,1995-12-01,995
10197,1995-12-02,995
10198,1995-12-03,995
10199,1995-12-04,995
10200,1995-12-05,995
10201,1995-12-06,995
10202,1995-12-07,995
10203,1995-12-08,995
10204,1995-12-09,995
10205,1995-12-10,995
10206,1995-12-11,995
10207,1995-12-12,995
10208,1995-12-13,995
10209,1995-12-14,995
10210,1995-12-15,995
10211,1995-12-16,995
10212,1995-12-17,995
10213,1995-12-18,995
10214,1995-12-19,995
10215,1995-12-20,995
10216,1995-12-21,995
10217,1995-12-22,995
10218,1995-12-23,995
10219,1995-12-24,995
10220,1995-12-25,995
10221,1995-12-26,995
10222,1995-12-27,995
10223,1995-12-28,995
10224,1995-12-29,995
10225,1995-12-30,995
10226,1995-12-31,995
10227,1994-01-01,1014
10228,1994-01-02,1014
10229,1994-01-03,1014
10230,1994-01-04,1014
10231,1994-01-05,1014
10232,1994-01-06,1014
10233,1994-01-07,1014
10234,1994-01-08,1014
10235,1994-01-09,1014
10236,1994-01-10,1014
10237,1994-01-11,1014
10238,1994-01-12,1014
10239,1994-01-13,1014
10240,1994-01-14,1014
10241,1994-01-15,1014
10242,1994-01-16,1014
10243,1994-01-17,1014
10244,1994-01-18,1014
10245,1994-01-19,1014
10246,1994-01-20,1014
10247,1994-01-21,1014
10248,1994-01-22,1014
10249,1994-01-23,1014
10250,1994-01-24,1014
10251,1994-01-25,1014
10252,1994-01-26,1014
10253,1994-01-27,1014
10254,1994-01-28,1014
10255,1994-01-29,1014
10256,1994-01-30,1014
10257,1994-01-31,1014
10258,1994-02-01,1014
10259,1994-02-02,1014
10260,1994-02-03,1014
10261,1994-02-04,1014
10262,1994-02-05,1014
10263,1994-02-06,1014
10264,1994-02-07,1014
10265,1994-02-08,1014
10266,1994-02-09,1014
10267,1994-02-10,1014
10268,1994-02-11,1014
10269,1994-02-12,1014
10270,1994-02-13,1014
10271,1994-02-14,1014
10272,1994-02-15,1014
10273,1994-02-16,1014
10274,1994-02-17,1014
10275,1994-02-18,1014
10276,1994-02-19,1014
10277,1994-02-20,1014
10278,1994-02-21,1014
10279,1994-02-22,1014
10280,1994-02-23,1014
10281,1994-02-24,1014
10282,1994-02-25,1014
10283,1994-02-26,1014
10284,1994-02-27,1014
10285,1994-02-28,1014
10286,1994-03-01,1014
10287,1994-03-02,1014
10288,1994-03-03,1014
10289,1994-03-04,1014
10290,1994-03-05,1014
10291,1994-03-06,1014
10292,1994-03-07,1014
10293,1994-03-08,1014
10294,1994-03-09,1014
10295,1994-03-10,1014
10296,1994-03-11,1014
10297,1994-03-12,1014
10298,1994-03-13,1014
10299,1994-03-14,1014
10300,1994-03-15,1014
10301,1994-03-16,1014
10302,1994-03-17,1014
10303,1994-03-18,1014
10304,1994-03-19,1014
10305,1994-03-20,1014
10306,1994-03-21,1014
10307,1994-03-22,1014
10308,1994-03-23,1014
10309,1994-03-24,1014
10310,1994-03-25,1014
10311,1994-03-26,1014
10312,1994-03-27,1014
10313,1994-03-28,1014
10314,1994-03-29,1014
10315,1994-03-30,1014
10316,1994-03-31,1014
10317,1994-04-01,1014
10318,1994-04-02,1014
10319,1994-04-03,1014
10320,1994-04-04,1014
10321,1994-04-05,1014
10322,1994-04-06,1014
10323,1994-04-07,1014
10324,1994-04-08,1014
10325,1994-04-09,1014
10326,1994-04-10,1014
10327,1994-04-11,1014
10328,1994-04-12,1014
10329,1994-04-13,1014
10330,1994-04-14,1014
10331,1994-04-15,1014
10332,1994-04-16,1014
10333,1994-04-17,1014
10334,1994-04-18,1014
10335,1994-04-19,1014
10336,1994-04-20,1014
10337,1994-04-21,1014
10338,1994-04-22,1014
10339,1994-04-23,1014
10340,1994-04-24,1014
10341,1994-04-25,1014
10342,1994-04-26,1014
10343,1994-04-27,1014
10344,1994-04-28,1014
10345,1994-04-29,1014
10346,1994-04-30,1014
10347,1994-05-01,1014
10348,1994-05-02,1014
10349,1994-05-03,1014
10350,1994-05-04,1014
10351,1994-05-05,1014
10352,1994-05-06,1014
10353,1994-05-07,1014
10354,1994-05-08,1014
10355,1994-05-09,1014
10356,1994-05-10,1014
10357,1994-05-11,1014
10358,1994-05-12,1014
10359,1994-05-13,1014
10360,1994-05-14,1014
10361,1994-05-15,1014
10362,1994-05-16,1014
10363,1994-05-17,1014
10364,1994-05-18,1014
10365,1994-05-19,1014
10366,1994-05-20,1014
10367,1994-05-21,1014
10368,1994-05-22,1014
10369,1994-05-23,1014
10370,1994-05-24,1014
10371,1994-05-25,1014
10372,1994-05-26,1014
10373,1994-05-27,1014
10374,1994-05-28,1014
10375,1994-05-29,1014
10376,1994-05-30,1014
10377,1994-05-31,1014
10378,1994-06-01,1014
10379,1994-06-02,1014
10380,1994-06-03,1014
10381,1994-06-04,1014
10382,1994-06-05,1014
10383,1994-06-06,1014
10384,1994-06-07,1014
10385,1994-06-08,1014
10386,1994-06-09,1014
10387,1994-06-10,1014
10388,1994-06-11,1014
10389,1994-06-12,1014
10390,1994-06-13,1014
10391,1994-06-14,1014
10392,1994-06-15,1014
10393,1994-06-16,1014
10394,1994-06-17,1014
10395,1994-06-18,1014
10396,1994-06-19,1014
10397,1994-06-20,1014
10398,1994-06-21,1014
10399,1994-06-22,1014
10400,1994-06-23,1014
10401,1994-06-24,1014
10402,1994-06-25,1014
10403,1994-06-26,1014
10404,1994-06-27,1014
10405,1994-06-28,1014
10406,1994-06-29,1014
10407,1994-06-30,1014
10408,1994-07-01,1014
10409,1994-07-02,1014
10410,1994-07-03,1014
10411,1994-07-04,1014
10412,1994-07-05,1014
10413,1994-07-06,1014
10414,1994-07-07,1014
10415,1994-07-08,1014
10416,1994-07-09,1014
10417,1994-07-10,1014
10418,1994-07-11,1014
10419,1994-07-12,1014
10420,1994-07-13,1014
10421,1994-07-14,1014
10422,1994-07-15,1014
10423,1994-07-16,1014
10424,1994-07-17,1014
10425,1994-07-18,1014
10426,1994-07-19,1014
10427,1994-07-20,1014
10428,1994-07-21,1014
10429,1994-07-22,1014
10430,1994-07-23,1014
10431,1994-07-24,1014
10432,1994-07-25,1014
10433,1994-07-26,1014
10434,1994-07-27,1014
10435,1994-07-28,1014
10436,1994-07-29,1014
10437,1994-07-30,1014
10438,1994-07-31,1014
10439,1994-08-01,1014
10440,1994-08-02,1014
10441,1994-08-03,1014
10442,1994-08-04,1014
10443,1994-08-05,1014
10444,1994-08-06,1014
10445,1994-08-07,1014
10446,1994-08-08,1014
10447,1994-08-09,1014
10448,1994-08-10,1014
10449,1994-08-11,1014
10450,1994-08-12,1014
10451,1994-08-13,1014
10452,1994-08-14,1014
10453,1994-08-15,1014
10454,1994-08-16,1014
10455,1994-08-17,1014
10456,1994-08-18,1014
10457,1994-08-19,1014
10458,1994-08-20,1014
10459,1994-08-21,1014
10460,1994-08-22,1014
10461,1994-08-23,1014
10462,1994-08-24,1014
10463,1994-08-25,1014
10464,1994-08-26,1014
10465,1994-08-27,1014
10466,1994-08-28,1014
10467,1994-08-29,1014
10468,1994-08-30,1014
10469,1994-08-31,1014
10470,1994-09-01,1014
10471,1994-09-02,1014
10472,1994-09-03,1014
10473,1994-09-04,1014
10474,1994-09-05,1014
10475,1994-09-06,1014
10476,1994-09-07,1014
10477,1994-09-08,1014
10478,1994-09-09,1014
10479,1994-09-10,1014
10480,1994-09-11,1014
10481,1994-09-12,1014
10482,1994-09-13,1014
10483,1994-09-14,1014
10484,1994-09-15,1014
10485,1994-09-16,1014
10486,1994-09-17,1014
10487,1994-09-18,1014
10488,1994-09-19,1014
10489,1994-09-20,1014
10490,1994-09-21,1014
10491,1994-09-22,1014
10492,1994-09-23,1014
10493,1994-09-24,1014
10494,1994-09-25,1014
10495,1994-09-26,1014
10496,1994-09-27,1014
10497,1994-09-28,1014
10498,1994-09-29,1014
10499,1994-09-30,1014
10500,1994-10-01,1014
10501,1994-10-02,1014
10502,1994-10-03,1014
10503,1994-10-04,1014
10504,1994-10-05,1014
10505,1994-10-06,1014
10506,1994-10-07,1014
10507,1994-10-08,1014
10508,1994-10-09,1014
10509,1994-10-10,1014
10510,1994-10-11,1014
10511,1994-10-12,1014
10512,1994-10-13,1014
10513,1994-10-14,1014
10514,1994-10-15,1014
10515,1994-10-16,1014
10516,1994-10-17,1014
10517,1994-10-18,1014
10518,1994-10-19,1014
10519,1994-10-20,1014
10520,1994-10-21,1014
10521,1994-10-22,1014
10522,1994-10-23,1014
10523,1994-10-24,1014
10524,1994-10-25,1014
10525,1994-10-26,1014
10526,1994-10-27,1014
10527,1994-10-28,1014
10528,1994-10-29,1014
10529,1994-10-30,1014
10530,1994-10-31,1014
10531,1994-11-01,1014
10532,1994-11-02,1014
10533,1994-11-03,1014
10534,1994-11-04,1014
10535,1994-11-05,1014
10536,1994-11-06,1014
10537,1994-11-07,1014
10538,1994-11-08,1014
10539,1994-11-09,1014
10540,1994-11-10,1014
10541,1994-11-11,1014
10542,1994-11-12,1014
10543,1994-11-13,1014
10544,1994-11-14,1014
10545,1994-11-15,1014
10546,1994-11-16,1014
10547,1994-11-17,1014
10548,1994-11-18,1014
10549,1994-11-19,1014
10550,1994-11-20,1014
10551,1994-11-21,1014
10552,1994-11-22,1014
10553,1994-11-23,1014
10554,1994-11-24,1014
10555,1994-11-25,1014
10556,1994-11-26,1014
10557,1994-11-27,1014
10558,1994-11-28,1014
10559,1994-11-29,1014
10560,1994-11-30,1014
10561,1994-12-01,1014
10562,1994-12-02,1014
10563,1994-12-03,1014
10564,1994-12-04,1014
10565,1994-12-05,1014
10566,1994-12-06,1014
10567,1994-12-07,1014
10568,1994-12-08,1014
10569,1994-12-09,1014
10570,1994-12-10,1014
10571,1994-12-11,1014
10572,1994-12-12,1014
10573,1994-12-13,1014
10574,1994-12-14,1014
10575,1994-12-15,1014
10576,1994-12-16,1014
10577,1994-12-17,1014
10578,1994-12-18,1014
10579,1994-12-19,1014
10580,1994-12-20,1014
10581,1994-12-21,1014
10582,1994-12-22,1014
10583,1994-12-23,1014
10584,1994-12-24,1014
10585,1994-12-25,1014
10586,1994-12-26,1014
10587,1994-12-27,1014
10588,1994-12-28,1014
10589,1994-12-29,1014
10590,1994-12-30,1014
10591,1994-12-31,1014
10592,1993-01-01,1056
10593,1993-01-02,1056
10594,1993-01-03,1056
10595,1993-01-04,1056
10596,1993-01-05,1056
10597,1993-01-06,1056
10598,1993-01-07,1056
10599,1993-01-08,1056
10600,1993-01-09,1056
10601,1993-01-10,1056
10602,1993-01-11,1056
10603,1993-01-12,1056
10604,1993-01-13,1056
10605,1993-01-14,1056
10606,1993-01-15,1056
10607,1993-01-16,1056
10608,1993-01-17,1056
10609,1993-01-18,1056
10610,1993-01-19,1056
10611,1993-01-20,1056
10612,1993-01-21,1056
10613,1993-01-22,1056
10614,1993-01-23,1056
10615,1993-01-24,1056
10616,1993-01-25,1056
10617,1993-01-26,1056
10618,1993-01-27,1056
10619,1993-01-28,1056
10620,1993-01-29,1056
10621,1993-01-30,1056
10622,1993-01-31,1056
10623,1993-02-01,1056
10624,1993-02-02,1056
10625,1993-02-03,1056
10626,1993-02-04,1056
10627,1993-02-05,1056
10628,1993-02-06,1056
10629,1993-02-07,1056
10630,1993-02-08,1056
10631,1993-02-09,1056
10632,1993-02-10,1056
10633,1993-02-11,1056
10634,1993-02-12,1056
10635,1993-02-13,1056
10636,1993-02-14,1056
10637,1993-02-15,1056
10638,1993-02-16,1056
10639,1993-02-17,1056
10640,1993-02-18,1056
10641,1993-02-19,1056
10642,1993-02-20,1056
10643,1993-02-21,1056
10644,1993-02-22,1056
10645,1993-02-23,1056
10646,1993-02-24,1056
10647,1993-02-25,1056
10648,1993-02-26,1056
10649,1993-02-27,1056
10650,1993-02-28,1056
10651,1993-03-01,1056
10652,1993-03-02,1056
10653,1993-03-03,1056
10654,1993-03-04,1056
10655,1993-03-05,1056
10656,1993-03-06,1056
10657,1993-03-07,1056
10658,1993-03-08,1056
10659,1993-03-09,1056
10660,1993-03-10,1056
10661,1993-03-11,1056
10662,1993-03-12,1056
10663,1993-03-13,1056
10664,1993-03-14,1056
10665,1993-03-15,1056
10666,1993-03-16,1056
10667,1993-03-17,1056
10668,1993-03-18,1056
10669,1993-03-19,1056
10670,1993-03-20,1056
10671,1993-03-21,1056
10672,1993-03-22,1056
10673,1993-03-23,1056
10674,1993-03-24,1056
10675,1993-03-25,1056
10676,1993-03-26,1056
10677,1993-03-27,1056
10678,1993-03-28,1056
10679,1993-03-29,1056
10680,1993-03-30,1056
10681,1993-03-31,1056
10682,1993-04-01,1056
10683,1993-04-02,1056
10684,1993-04-03,1056
10685,1993-04-04,1056
10686,1993-04-05,1056
10687,1993-04-06,1056
10688,1993-04-07,1056
10689,1993-04-08,1056
10690,1993-04-09,1056
10691,1993-04-10,1056
10692,1993-04-11,1056
10693,1993-04-12,1056
10694,1993-04-13,1056
10695,1993-04-14,1056
10696,1993-04-15,1056
10697,1993-04-16,1056
10698,1993-04-17,1056
10699,1993-04-18,1056
10700,1993-04-19,1056
10701,1993-04-20,1056
10702,1993-04-21,1056
10703,1993-04-22,1056
10704,1993-04-23,1056
10705,1993-04-24,1056
10706,1993-04-25,1056
10707,1993-04-26,1056
10708,1993-04-27,1056
10709,1993-04-28,1056
10710,1993-04-29,1056
10711,1993-04-30,1056
10712,1993-05-01,1056
10713,1993-05-02,1056
10714,1993-05-03,1056
10715,1993-05-04,1056
10716,1993-05-05,1056
10717,1993-05-06,1056
10718,1993-05-07,1056
10719,1993-05-08,1056
10720,1993-05-09,1056
10721,1993-05-10,1056
10722,1993-05-11,1056
10723,1993-05-12,1056
10724,1993-05-13,1056
10725,1993-05-14,1056
10726,1993-05-15,1056
10727,1993-05-16,1056
10728,1993-05-17,1056
10729,1993-05-18,1056
10730,1993-05-19,1056
10731,1993-05-20,1056
10732,1993-05-21,1056
10733,1993-05-22,1056
10734,1993-05-23,1056
10735,1993-05-24,1056
10736,1993-05-25,1056
10737,1993-05-26,1056
10738,1993-05-27,1056
10739,1993-05-28,1056
10740,1993-05-29,1056
10741,1993-05-30,1056
10742,1993-05-31,1056
10743,1993-06-01,1056
10744,1993-06-02,1056
10745,1993-06-03,1056
10746,1993-06-04,1056
10747,1993-06-05,1056
10748,1993-06-06,1056
10749,1993-06-07,1056
10750,1993-06-08,1056
10751,1993-06-09,1056
10752,1993-06-10,1056
10753,1993-06-11,1056
10754,1993-06-12,1056
10755,1993-06-13,1056
10756,1993-06-14,1056
10757,1993-06-15,1056
10758,1993-06-16,1056
10759,1993-06-17,1056
10760,1993-06-18,1056
10761,1993-06-19,1056
10762,1993-06-20,1056
10763,1993-06-21,1056
10764,1993-06-22,1056
10765,1993-06-23,1056
10766,1993-06-24,1056
10767,1993-06-25,1056
10768,1993-06-26,1056
10769,1993-06-27,1056
10770,1993-06-28,1056
10771,1993-06-29,1056
10772,1993-06-30,1056
10773,1993-07-01,1056
10774,1993-07-02,1056
10775,1993-07-03,1056
10776,1993-07-04,1056
10777,1993-07-05,1056
10778,1993-07-06,1056
10779,1993-07-07,1056
10780,1993-07-08,1056
10781,1993-07-09,1056
10782,1993-07-10,1056
10783,1993-07-11,1056
10784,1993-07-12,1056
10785,1993-07-13,1056
10786,1993-07-14,1056
10787,1993-07-15,1056
10788,1993-07-16,1056
10789,1993-07-17,1056
10790,1993-07-18,1056
10791,1993-07-19,1056
10792,1993-07-20,1056
10793,1993-07-21,1056
10794,1993-07-22,1056
10795,1993-07-23,1056
10796,1993-07-24,1056
10797,1993-07-25,1056
10798,1993-07-26,1056
10799,1993-07-27,1056
10800,1993-07-28,1056
10801,1993-07-29,1056
10802,1993-07-30,1056
10803,1993-07-31,1056
10804,1993-08-01,1056
10805,1993-08-02,1056
10806,1993-08-03,1056
10807,1993-08-04,1056
10808,1993-08-05,1056
10809,1993-08-06,1056
10810,1993-08-07,1056
10811,1993-08-08,1056
10812,1993-08-09,1056
10813,1993-08-10,1056
10814,1993-08-11,1056
10815,1993-08-12,1056
10816,1993-08-13,1056
10817,1993-08-14,1056
10818,1993-08-15,1056
10819,1993-08-16,1056
10820,1993-08-17,1056
10821,1993-08-18,1056
10822,1993-08-19,1056
10823,1993-08-20,1056
10824,1993-08-21,1056
10825,1993-08-22,1056
10826,1993-08-23,1056
10827,1993-08-24,1056
10828,1993-08-25,1056
10829,1993-08-26,1056
10830,1993-08-27,1056
10831,1993-08-28,1056
10832,1993-08-29,1056
10833,1993-08-30,1056
10834,1993-08-31,1056
10835,1993-09-01,1056
10836,1993-09-02,1056
10837,1993-09-03,1056
10838,1993-09-04,1056
10839,1993-09-05,1056
10840,1993-09-06,1056
10841,1993-09-07,1056
10842,1993-09-08,1056
10843,1993-09-09,1056
10844,1993-09-10,1056
10845,1993-09-11,1056
10846,1993-09-12,1056
10847,1993-09-13,1056
10848,1993-09-14,1056
10849,1993-09-15,1056
10850,1993-09-16,1056
10851,1993-09-17,1056
10852,1993-09-18,1056
10853,1993-09-19,1056
10854,1993-09-20,1056
10855,1993-09-21,1056
10856,1993-09-22,1056
10857,1993-09-23,1056
10858,1993-09-24,1056
10859,1993-09-25,1056
10860,1993-09-26,1056
10861,1993-09-27,1056
10862,1993-09-28,1056
10863,1993-09-29,1056
10864,1993-09-30,1056
10865,1993-10-01,1056
10866,1993-10-02,1056
10867,1993-10-03,1056
10868,1993-10-04,1056
10869,1993-10-05,1056
10870,1993-10-06,1056
10871,1993-10-07,1056
10872,1993-10-08,1056
10873,1993-10-09,1056
10874,1993-10-10,1056
10875,1993-10-11,1056
10876,1993-10-12,1056
10877,1993-10-13,1056
10878,1993-10-14,1056
10879,1993-10-15,1056
10880,1993-10-16,1056
10881,1993-10-17,1056
10882,1993-10-18,1056
10883,1993-10-19,1056
10884,1993-10-20,1056
10885,1993-10-21,1056
10886,1993-10-22,1056
10887,1993-10-23,1056
10888,1993-10-24,1056
10889,1993-10-25,1056
10890,1993-10-26,1056
10891,1993-10-27,1056
10892,1993-10-28,1056
10893,1993-10-29,1056
10894,1993-10-30,1056
10895,1993-10-31,1056
10896,1993-11-01,1056
10897,1993-11-02,1056
10898,1993-11-03,1056
10899,1993-11-04,1056
10900,1993-11-05,1056
10901,1993-11-06,1056
10902,1993-11-07,1056
10903,1993-11-08,1056
10904,1993-11-09,1056
10905,1993-11-10,1056
10906,1993-11-11,1056
10907,1993-11-12,1056
10908,1993-11-13,1056
10909,1993-11-14,1056
10910,1993-11-15,1056
10911,1993-11-16,1056
10912,1993-11-17,1056
10913,1993-11-18,1056
10914,1993-11-19,1056
10915,1993-11-20,1056
10916,1993-11-21,1056
10917,1993-11-22,1056
10918,1993-11-23,1056
10919,1993-11-24,1056
10920,1993-11-25,1056
10921,1993-11-26,1056
10922,1993-11-27,1056
10923,1993-11-28,1056
10924,1993-11-29,1056
10925,1993-11-30,1056
10926,1993-12-01,1056
10927,1993-12-02,1056
10928,1993-12-03,1056
10929,1993-12-04,1056
10930,1993-12-05,1056
10931,1993-12-06,1056
10932,1993-12-07,1056
10933,1993-12-08,1056
10934,1993-12-09,1056
10935,1993-12-10,1056
10936,1993-12-11,1056
10937,1993-12-12,1056
10938,1993-12-13,1056
10939,1993-12-14,1056
10940,1993-12-15,1056
10941,1993-12-16,1056
10942,1993-12-17,1056
10943,1993-12-18,1056
10944,1993-12-19,1056
10945,1993-12-20,1056
10946,1993-12-21,1056
10947,1993-12-22,1056
10948,1993-12-23,1056
10949,1993-12-24,1056
10950,1993-12-25,1056
10951,1993-12-26,1056
10952,1993-12-27,1056
10953,1993-12-28,1056
10954,1993-12-29,1056
10955,1993-12-30,1056
10956,1993-12-31,1056
10957,1992-01-01,1084
10958,1992-01-02,1084
10959,1992-01-03,1084
10960,1992-01-04,1084
10961,1992-01-05,1084
10962,1992-01-06,1084
10963,1992-01-07,1084
10964,1992-01-08,1084
10965,1992-01-09,1084
10966,1992-01-10,1084
10967,1992-01-11,1084
10968,1992-01-12,1084
10969,1992-01-13,1084
10970,1992-01-14,1084
10971,1992-01-15,1084
10972,1992-01-16,1084
10973,1992-01-17,1084
10974,1992-01-18,1084
10975,1992-01-19,1084
10976,1992-01-20,1084
10977,1992-01-21,1084
10978,1992-01-22,1084
10979,1992-01-23,1084
10980,1992-01-24,1084
10981,1992-01-25,1084
10982,1992-01-26,1084
10983,1992-01-27,1084
10984,1992-01-28,1084
10985,1992-01-29,1084
10986,1992-01-30,1084
10987,1992-01-31,1084
10988,1992-02-01,1084
10989,1992-02-02,1084
10990,1992-02-03,1084
10991,1992-02-04,1084
10992,1992-02-05,1084
10993,1992-02-06,1084
10994,1992-02-07,1084
10995,1992-02-08,1084
10996,1992-02-09,1084
10997,1992-02-10,1084
10998,1992-02-11,1084
10999,1992-02-12,1084
11000,1992-02-13,1084
11001,1992-02-14,1084
11002,1992-02-15,1084
11003,1992-02-16,1084
11004,1992-02-17,1084
11005,1992-02-18,1084
11006,1992-02-19,1084
11007,1992-02-20,1084
11008,1992-02-21,1084
11009,1992-02-22,1084
11010,1992-02-23,1084
11011,1992-02-24,1084
11012,1992-02-25,1084
11013,1992-02-26,1084
11014,1992-02-27,1084
11015,1992-02-28,1084
11016,1992-02-29,1084
11017,1992-03-01,1084
11018,1992-03-02,1084
11019,1992-03-03,1084
11020,1992-03-04,1084
11021,1992-03-05,1084
11022,1992-03-06,1084
11023,1992-03-07,1084
11024,1992-03-08,1084
11025,1992-03-09,1084
11026,1992-03-10,1084
11027,1992-03-11,1084
11028,1992-03-12,1084
11029,1992-03-13,1084
11030,1992-03-14,1084
11031,1992-03-15,1084
11032,1992-03-16,1084
11033,1992-03-17,1084
11034,1992-03-18,1084
11035,1992-03-19,1084
11036,1992-03-20,1084
11037,1992-03-21,1084
11038,1992-03-22,1084
11039,1992-03-23,1084
11040,1992-03-24,1084
11041,1992-03-25,1084
11042,1992-03-26,1084
11043,1992-03-27,1084
11044,1992-03-28,1084
11045,1992-03-29,1084
11046,1992-03-30,1084
11047,1992-03-31,1084
11048,1992-04-01,1084
11049,1992-04-02,1084
11050,1992-04-03,1084
11051,1992-04-04,1084
11052,1992-04-05,1084
11053,1992-04-06,1084
11054,1992-04-07,1084
11055,1992-04-08,1084
11056,1992-04-09,1084
11057,1992-04-10,1084
11058,1992-04-11,1084
11059,1992-04-12,1084
11060,1992-04-13,1084
11061,1992-04-14,1084
11062,1992-04-15,1084
11063,1992-04-16,1084
11064,1992-04-17,1084
11065,1992-04-18,1084
11066,1992-04-19,1084
11067,1992-04-20,1084
11068,1992-04-21,1084
11069,1992-04-22,1084
11070,1992-04-23,1084
11071,1992-04-24,1084
11072,1992-04-25,1084
11073,1992-04-26,1084
11074,1992-04-27,1084
11075,1992-04-28,1084
11076,1992-04-29,1084
11077,1992-04-30,1084
11078,1992-05-01,1084
11079,1992-05-02,1084
11080,1992-05-03,1084
11081,1992-05-04,1084
11082,1992-05-05,1084
11083,1992-05-06,1084
11084,1992-05-07,1084
11085,1992-05-08,1084
11086,1992-05-09,1084
11087,1992-05-10,1084
11088,1992-05-11,1084
11089,1992-05-12,1084
11090,1992-05-13,1084
11091,1992-05-14,1084
11092,1992-05-15,1084
11093,1992-05-16,1084
11094,1992-05-17,1084
11095,1992-05-18,1084
11096,1992-05-19,1084
11097,1992-05-20,1084
11098,1992-05-21,1084
11099,1992-05-22,1084
11100,1992-05-23,1084
11101,1992-05-24,1084
11102,1992-05-25,1084
11103,1992-05-26,1084
11104,1992-05-27,1084
11105,1992-05-28,1084
11106,1992-05-29,1084
11107,1992-05-30,1084
11108,1992-05-31,1084
11109,1992-06-01,1084
11110,1992-06-02,1084
11111,1992-06-03,1084
11112,1992-06-04,1084
11113,1992-06-05,1084
11114,1992-06-06,1084
11115,1992-06-07,1084
11116,1992-06-08,1084
11117,1992-06-09,1084
11118,1992-06-10,1084
11119,1992-06-11,1084
11120,1992-06-12,1084
11121,1992-06-13,1084
11122,1992-06-14,1084
11123,1992-06-15,1084
11124,1992-06-16,1084
11125,1992-06-17,1084
11126,1992-06-18,1084
11127,1992-06-19,1084
11128,1992-06-20,1084
11129,1992-06-21,1084
11130,1992-06-22,1084
11131,1992-06-23,1084
11132,1992-06-24,1084
11133,1992-06-25,1084
11134,1992-06-26,1084
11135,1992-06-27,1084
11136,1992-06-28,1084
11137,1992-06-29,1084
11138,1992-06-30,1084
11139,1992-07-01,1084
11140,1992-07-02,1084
11141,1992-07-03,1084
11142,1992-07-04,1084
11143,1992-07-05,1084
11144,1992-07-06,1084
11145,1992-07-07,1084
11146,1992-07-08,1084
11147,1992-07-09,1084
11148,1992-07-10,1084
11149,1992-07-11,1084
11150,1992-07-12,1084
11151,1992-07-13,1084
11152,1992-07-14,1084
11153,1992-07-15,1084
11154,1992-07-16,1084
11155,1992-07-17,1084
11156,1992-07-18,1084
11157,1992-07-19,1084
11158,1992-07-20,1084
11159,1992-07-21,1084
11160,1992-07-22,1084
11161,1992-07-23,1084
11162,1992-07-24,1084
11163,1992-07-25,1084
11164,1992-07-26,1084
11165,1992-07-27,1084
11166,1992-07-28,1084
11167,1992-07-29,1084
11168,1992-07-30,1084
11169,1992-07-31,1084
11170,1992-08-01,1084
11171,1992-08-02,1084
11172,1992-08-03,1084
11173,1992-08-04,1084
11174,1992-08-05,1084
11175,1992-08-06,1084
11176,1992-08-07,1084
11177,1992-08-08,1084
11178,1992-08-09,1084
11179,1992-08-10,1084
11180,1992-08-11,1084
11181,1992-08-12,1084
11182,1992-08-13,1084
11183,1992-08-14,1084
11184,1992-08-15,1084
11185,1992-08-16,1084
11186,1992-08-17,1084
11187,1992-08-18,1084
11188,1992-08-19,1084
11189,1992-08-20,1084
11190,1992-08-21,1084
11191,1992-08-22,1084
11192,1992-08-23,1084
11193,1992-08-24,1084
11194,1992-08-25,1084
11195,1992-08-26,1084
11196,1992-08-27,1084
11197,1992-08-28,1084
11198,1992-08-29,1084
11199,1992-08-30,1084
11200,1992-08-31,1084
11201,1992-09-01,1084
11202,1992-09-02,1084
11203,1992-09-03,1084
11204,1992-09-04,1084
11205,1992-09-05,1084
11206,1992-09-06,1084
11207,1992-09-07,1084
11208,1992-09-08,1084
11209,1992-09-09,1084
11210,1992-09-10,1084
11211,1992-09-11,1084
11212,1992-09-12,1084
11213,1992-09-13,1084
11214,1992-09-14,1084
11215,1992-09-15,1084
11216,1992-09-16,1084
11217,1992-09-17,1084
11218,1992-09-18,1084
11219,1992-09-19,1084
11220,1992-09-20,1084
11221,1992-09-21,1084
11222,1992-09-22,1084
11223,1992-09-23,1084
11224,1992-09-24,1084
11225,1992-09-25,1084
11226,1992-09-26,1084
11227,1992-09-27,1084
11228,1992-09-28,1084
11229,1992-09-29,1084
11230,1992-09-30,1084
11231,1992-10-01,1084
11232,1992-10-02,1084
11233,1992-10-03,1084
11234,1992-10-04,1084
11235,1992-10-05,1084
11236,1992-10-06,1084
11237,1992-10-07,1084
11238,1992-10-08,1084
11239,1992-10-09,1084
11240,1992-10-10,1084
11241,1992-10-11,1084
11242,1992-10-12,1084
11243,1992-10-13,1084
11244,1992-10-14,1084
11245,1992-10-15,1084
11246,1992-10-16,1084
11247,1992-10-17,1084
11248,1992-10-18,1084
11249,1992-10-19,1084
11250,1992-10-20,1084
11251,1992-10-21,1084
11252,1992-10-22,1084
11253,1992-10-23,1084
11254,1992-10-24,1084
11255,1992-10-25,1084
11256,1992-10-26,1084
11257,1992-10-27,1084
11258,1992-10-28,1084
11259,1992-10-29,1084
11260,1992-10-30,1084
11261,1992-10-31,1084
11262,1992-11-01,1084
11263,1992-11-02,1084
11264,1992-11-03,1084
11265,1992-11-04,1084
11266,1992-11-05,1084
11267,1992-11-06,1084
11268,1992-11-07,1084
11269,1992-11-08,1084
11270,1992-11-09,1084
11271,1992-11-10,1084
11272,1992-11-11,1084
11273,1992-11-12,1084
11274,1992-11-13,1084
11275,1992-11-14,1084
11276,1992-11-15,1084
11277,1992-11-16,1084
11278,1992-11-17,1084
11279,1992-11-18,1084
11280,1992-11-19,1084
11281,1992-11-20,1084
11282,1992-11-21,1084
11283,1992-11-22,1084
11284,1992-11-23,1084
11285,1992-11-24,1084
11286,1992-11-25,1084
11287,1992-11-26,1084
11288,1992-11-27,1084
11289,1992-11-28,1084
11290,1992-11-29,1084
11291,1992-11-30,1084
11292,1992-12-01,1084
11293,1992-12-02,1084
11294,1992-12-03,1084
11295,1992-12-04,1084
11296,1992-12-05,1084
11297,1992-12-06,1084
11298,1992-12-07,1084
11299,1992-12-08,1084
11300,1992-12-09,1084
11301,1992-12-10,1084
11302,1992-12-11,1084
11303,1992-12-12,1084
11304,1992-12-13,1084
11305,1992-12-14,1084
11306,1992-12-15,1084
11307,1992-12-16,1084
11308,1992-12-17,1084
11309,1992-12-18,1084
11310,1992-12-19,1084
11311,1992-12-20,1084
11312,1992-12-21,1084
11313,1992-12-22,1084
11314,1992-12-23,1084
11315,1992-12-24,1084
11316,1992-12-25,1084
11317,1992-12-26,1084
11318,1992-12-27,1084
11319,1992-12-28,1084
11320,1992-12-29,1084
11321,1992-12-30,1084
11322,1992-12-31,1084
11323,1991-01-01,1084
11324,1991-01-02,1084
11325,1991-01-03,1084
11326,1991-01-04,1084
11327,1991-01-05,1084
11328,1991-01-06,1084
11329,1991-01-07,1084
11330,1991-01-08,1084
11331,1991-01-09,1084
11332,1991-01-10,1084
11333,1991-01-11,1084
11334,1991-01-12,1084
11335,1991-01-13,1084
11336,1991-01-14,1084
11337,1991-01-15,1084
11338,1991-01-16,1084
11339,1991-01-17,1084
11340,1991-01-18,1084
11341,1991-01-19,1084
11342,1991-01-20,1084
11343,1991-01-21,1084
11344,1991-01-22,1084
11345,1991-01-23,1084
11346,1991-01-24,1084
11347,1991-01-25,1084
11348,1991-01-26,1084
11349,1991-01-27,1084
11350,1991-01-28,1084
11351,1991-01-29,1084
11352,1991-01-30,1084
11353,1991-01-31,1084
11354,1991-02-01,1084
11355,1991-02-02,1084
11356,1991-02-03,1084
11357,1991-02-04,1084
11358,1991-02-05,1084
11359,1991-02-06,1084
11360,1991-02-07,1084
11361,1991-02-08,1084
11362,1991-02-09,1084
11363,1991-02-10,1084
11364,1991-02-11,1084
11365,1991-02-12,1084
11366,1991-02-13,1084
11367,1991-02-14,1084
11368,1991-02-15,1084
11369,1991-02-16,1084
11370,1991-02-17,1084
11371,1991-02-18,1084
11372,1991-02-19,1084
11373,1991-02-20,1084
11374,1991-02-21,1084
11375,1991-02-22,1084
11376,1991-02-23,1084
11377,1991-02-24,1084
11378,1991-02-25,1084
11379,1991-02-26,1084
11380,1991-02-27,1084
11381,1991-02-28,1084
11382,1991-03-01,1084
11383,1991-03-02,1084
11384,1991-03-03,1084
11385,1991-03-04,1084
11386,1991-03-05,1084
11387,1991-03-06,1084
11388,1991-03-07,1084
11389,1991-03-08,1084
11390,1991-03-09,1084
11391,1991-03-10,1084
11392,1991-03-11,1084
11393,1991-03-12,1084
11394,1991-03-13,1084
11395,1991-03-14,1084
11396,1991-03-15,1084
11397,1991-03-16,1084
11398,1991-03-17,1084
11399,1991-03-18,1084
11400,1991-03-19,1084
11401,1991-03-20,1084
11402,1991-03-21,1084
11403,1991-03-22,1084
11404,1991-03-23,1084
11405,1991-03-24,1084
11406,1991-03-25,1084
11407,1991-03-26,1084
11408,1991-03-27,1084
11409,1991-03-28,1084
11410,1991-03-29,1084
11411,1991-03-30,1084
11412,1991-03-31,1084
11413,1991-04-01,1084
11414,1991-04-02,1084
11415,1991-04-03,1084
11416,1991-04-04,1084
11417,1991-04-05,1084
11418,1991-04-06,1084
11419,1991-04-07,1084
11420,1991-04-08,1084
11421,1991-04-09,1084
11422,1991-04-10,1084
11423,1991-04-11,1084
11424,1991-04-12,1084
11425,1991-04-13,1084
11426,1991-04-14,1084
11427,1991-04-15,1084
11428,1991-04-16,1084
11429,1991-04-17,1084
11430,1991-04-18,1084
11431,1991-04-19,1084
11432,1991-04-20,1084
11433,1991-04-21,1084
11434,1991-04-22,1084
11435,1991-04-23,1084
11436,1991-04-24,1084
11437,1991-04-25,1084
11438,1991-04-26,1084
11439,1991-04-27,1084
11440,1991-04-28,1084
11441,1991-04-29,1084
11442,1991-04-30,1084
11443,1991-05-01,1084
11444,1991-05-02,1084
11445,1991-05-03,1084
11446,1991-05-04,1084
11447,1991-05-05,1084
11448,1991-05-06,1084
11449,1991-05-07,1084
11450,1991-05-08,1084
11451,1991-05-09,1084
11452,1991-05-10,1084
11453,1991-05-11,1084
11454,1991-05-12,1084
11455,1991-05-13,1084
11456,1991-05-14,1084
11457,1991-05-15,1084
11458,1991-05-16,1084
11459,1991-05-17,1084
11460,1991-05-18,1084
11461,1991-05-19,1084
11462,1991-05-20,1084
11463,1991-05-21,1084
11464,1991-05-22,1084
11465,1991-05-23,1084
11466,1991-05-24,1084
11467,1991-05-25,1084
11468,1991-05-26,1084
11469,1991-05-27,1084
11470,1991-05-28,1084
11471,1991-05-29,1084
11472,1991-05-30,1084
11473,1991-05-31,1084
11474,1991-06-01,1084
11475,1991-06-02,1084
11476,1991-06-03,1084
11477,1991-06-04,1084
11478,1991-06-05,1084
11479,1991-06-06,1084
11480,1991-06-07,1084
11481,1991-06-08,1084
11482,1991-06-09,1084
11483,1991-06-10,1084
11484,1991-06-11,1084
11485,1991-06-12,1084
11486,1991-06-13,1084
11487,1991-06-14,1084
11488,1991-06-15,1084
11489,1991-06-16,1084
11490,1991-06-17,1084
11491,1991-06-18,1084
11492,1991-06-19,1084
11493,1991-06-20,1084
11494,1991-06-21,1084
11495,1991-06-22,1084
11496,1991-06-23,1084
11497,1991-06-24,1084
11498,1991-06-25,1084
11499,1991-06-26,1084
11500,1991-06-27,1084
11501,1991-06-28,1084
11502,1991-06-29,1084
11503,1991-06-30,1084
11504,1991-07-01,1084
11505,1991-07-02,1084
11506,1991-07-03,1084
11507,1991-07-04,1084
11508,1991-07-05,1084
11509,1991-07-06,1084
11510,1991-07-07,1084
11511,1991-07-08,1084
11512,1991-07-09,1084
11513,1991-07-10,1084
11514,1991-07-11,1084
11515,1991-07-12,1084
11516,1991-07-13,1084
11517,1991-07-14,1084
11518,1991-07-15,1084
11519,1991-07-16,1084
11520,1991-07-17,1084
11521,1991-07-18,1084
11522,1991-07-19,1084
11523,1991-07-20,1084
11524,1991-07-21,1084
11525,1991-07-22,1084
11526,1991-07-23,1084
11527,1991-07-24,1084
11528,1991-07-25,1084
11529,1991-07-26,1084
11530,1991-07-27,1084
11531,1991-07-28,1084
11532,1991-07-29,1084
11533,1991-07-30,1084
11534,1991-07-31,1084
11535,1991-08-01,1084
11536,1991-08-02,1084
11537,1991-08-03,1084
11538,1991-08-04,1084
11539,1991-08-05,1084
11540,1991-08-06,1084
11541,1991-08-07,1084
11542,1991-08-08,1084
11543,1991-08-09,1084
11544,1991-08-10,1084
11545,1991-08-11,1084
11546,1991-08-12,1084
11547,1991-08-13,1084
11548,1991-08-14,1084
11549,1991-08-15,1084
11550,1991-08-16,1084
11551,1991-08-17,1084
11552,1991-08-18,1084
11553,1991-08-19,1084
11554,1991-08-20,1084
11555,1991-08-21,1084
11556,1991-08-22,1084
11557,1991-08-23,1084
11558,1991-08-24,1084
11559,1991-08-25,1084
11560,1991-08-26,1084
11561,1991-08-27,1084
11562,1991-08-28,1084
11563,1991-08-29,1084
11564,1991-08-30,1084
11565,1991-08-31,1084
11566,1991-09-01,1084
11567,1991-09-02,1084
11568,1991-09-03,1084
11569,1991-09-04,1084
11570,1991-09-05,1084
11571,1991-09-06,1084
11572,1991-09-07,1084
11573,1991-09-08,1084
11574,1991-09-09,1084
11575,1991-09-10,1084
11576,1991-09-11,1084
11577,1991-09-12,1084
11578,1991-09-13,1084
11579,1991-09-14,1084
11580,1991-09-15,1084
11581,1991-09-16,1084
11582,1991-09-17,1084
11583,1991-09-18,1084
11584,1991-09-19,1084
11585,1991-09-20,1084
11586,1991-09-21,1084
11587,1991-09-22,1084
11588,1991-09-23,1084
11589,1991-09-24,1084
11590,1991-09-25,1084
11591,1991-09-26,1084
11592,1991-09-27,1084
11593,1991-09-28,1084
11594,1991-09-29,1084
11595,1991-09-30,1084
11596,1991-10-01,1084
11597,1991-10-02,1084
11598,1991-10-03,1084
11599,1991-10-04,1084
11600,1991-10-05,1084
11601,1991-10-06,1084
11602,1991-10-07,1084
11603,1991-10-08,1084
11604,1991-10-09,1084
11605,1991-10-10,1084
11606,1991-10-11,1084
11607,1991-10-12,1084
11608,1991-10-13,1084
11609,1991-10-14,1084
11610,1991-10-15,1084
11611,1991-10-16,1084
11612,1991-10-17,1084
11613,1991-10-18,1084
11614,1991-10-19,1084
11615,1991-10-20,1084
11616,1991-10-21,1084
11617,1991-10-22,1084
11618,1991-10-23,1084
11619,1991-10-24,1084
11620,1991-10-25,1084
11621,1991-10-26,1084
11622,1991-10-27,1084
11623,1991-10-28,1084
11624,1991-10-29,1084
11625,1991-10-30,1084
11626,1991-10-31,1084
11627,1991-11-01,1084
11628,1991-11-02,1084
11629,1991-11-03,1084
11630,1991-11-04,1084
11631,1991-11-05,1084
11632,1991-11-06,1084
11633,1991-11-07,1084
11634,1991-11-08,1084
11635,1991-11-09,1084
11636,1991-11-10,1084
11637,1991-11-11,1084
11638,1991-11-12,1084
11639,1991-11-13,1084
11640,1991-11-14,1084
11641,1991-11-15,1084
11642,1991-11-16,1084
11643,1991-11-17,1084
11644,1991-11-18,1084
11645,1991-11-19,1084
11646,1991-11-20,1084
11647,1991-11-21,1084
11648,1991-11-22,1084
11649,1991-11-23,1084
11650,1991-11-24,1084
11651,1991-11-25,1084
11652,1991-11-26,1084
11653,1991-11-27,1084
11654,1991-11-28,1084
11655,1991-11-29,1084
11656,1991-11-30,1084
11657,1991-12-01,1084
11658,1991-12-02,1084
11659,1991-12-03,1084
11660,1991-12-04,1084
11661,1991-12-05,1084
11662,1991-12-06,1084
11663,1991-12-07,1084
11664,1991-12-08,1084
11665,1991-12-09,1084
11666,1991-12-10,1084
11667,1991-12-11,1084
11668,1991-12-12,1084
11669,1991-12-13,1084
11670,1991-12-14,1084
11671,1991-12-15,1084
11672,1991-12-16,1084
11673,1991-12-17,1084
11674,1991-12-18,1084
11675,1991-12-19,1084
11676,1991-12-20,1084
11677,1991-12-21,1084
11678,1991-12-22,1084
11679,1991-12-23,1084
11680,1991-12-24,1084
11681,1991-12-25,1084
11682,1991-12-26,1084
11683,1991-12-27,1084
11684,1991-12-28,1084
11685,1991-12-29,1084
11686,1991-12-30,1084
11687,1991-12-31,1084
11688,1990-01-01,1099
11689,1990-01-02,1099
11690,1990-01-03,1099
11691,1990-01-04,1099
11692,1990-01-05,1099
11693,1990-01-06,1099
11694,1990-01-07,1099
11695,1990-01-08,1099
11696,1990-01-09,1099
11697,1990-01-10,1099
11698,1990-01-11,1099
11699,1990-01-12,1099
11700,1990-01-13,1099
11701,1990-01-14,1099
11702,1990-01-15,1099
11703,1990-01-16,1099
11704,1990-01-17,1099
11705,1990-01-18,1099
11706,1990-01-19,1099
11707,1990-01-20,1099
11708,1990-01-21,1099
11709,1990-01-22,1099
11710,1990-01-23,1099
11711,1990-01-24,1099
11712,1990-01-25,1099
11713,1990-01-26,1099
11714,1990-01-27,1099
11715,1990-01-28,1099
11716,1990-01-29,1099
11717,1990-01-30,1099
11718,1990-01-31,1099
11719,1990-02-01,1099
11720,1990-02-02,1099
11721,1990-02-03,1099
11722,1990-02-04,1099
11723,1990-02-05,1099
11724,1990-02-06,1099
11725,1990-02-07,1099
11726,1990-02-08,1099
11727,1990-02-09,1099
11728,1990-02-10,1099
11729,1990-02-11,1099
11730,1990-02-12,1099
11731,1990-02-13,1099
11732,1990-02-14,1099
11733,1990-02-15,1099
11734,1990-02-16,1099
11735,1990-02-17,1099
11736,1990-02-18,1099
11737,1990-02-19,1099
11738,1990-02-20,1099
11739,1990-02-21,1099
11740,1990-02-22,1099
11741,1990-02-23,1099
11742,1990-02-24,1099
11743,1990-02-25,1099
11744,1990-02-26,1099
11745,1990-02-27,1099
11746,1990-02-28,1099
11747,1990-03-01,1099
11748,1990-03-02,1099
11749,1990-03-03,1099
11750,1990-03-04,1099
11751,1990-03-05,1099
11752,1990-03-06,1099
11753,1990-03-07,1099
11754,1990-03-08,1099
11755,1990-03-09,1099
11756,1990-03-10,1099
11757,1990-03-11,1099
11758,1990-03-12,1099
11759,1990-03-13,1099
11760,1990-03-14,1099
11761,1990-03-15,1099
11762,1990-03-16,1099
11763,1990-03-17,1099
11764,1990-03-18,1099
11765,1990-03-19,1099
11766,1990-03-20,1099
11767,1990-03-21,1099
11768,1990-03-22,1099
11769,1990-03-23,1099
11770,1990-03-24,1099
11771,1990-03-25,1099
11772,1990-03-26,1099
11773,1990-03-27,1099
11774,1990-03-28,1099
11775,1990-03-29,1099
11776,1990-03-30,1099
11777,1990-03-31,1099
11778,1990-04-01,1099
11779,1990-04-02,1099
11780,1990-04-03,1099
11781,1990-04-04,1099
11782,1990-04-05,1099
11783,1990-04-06,1099
11784,1990-04-07,1099
11785,1990-04-08,1099
11786,1990-04-09,1099
11787,1990-04-10,1099
11788,1990-04-11,1099
11789,1990-04-12,1099
11790,1990-04-13,1099
11791,1990-04-14,1099
11792,1990-04-15,1099
11793,1990-04-16,1099
11794,1990-04-17,1099
11795,1990-04-18,1099
11796,1990-04-19,1099
11797,1990-04-20,1099
11798,1990-04-21,1099
11799,1990-04-22,1099
11800,1990-04-23,1099
11801,1990-04-24,1099
11802,1990-04-25,1099
11803,1990-04-26,1099
11804,1990-04-27,1099
11805,1990-04-28,1099
11806,1990-04-29,1099
11807,1990-04-30,1099
11808,1990-05-01,1099
11809,1990-05-02,1099
11810,1990-05-03,1099
11811,1990-05-04,1099
11812,1990-05-05,1099
11813,1990-05-06,1099
11814,1990-05-07,1099
11815,1990-05-08,1099
11816,1990-05-09,1099
11817,1990-05-10,1099
11818,1990-05-11,1099
11819,1990-05-12,1099
11820,1990-05-13,1099
11821,1990-05-14,1099
11822,1990-05-15,1099
11823,1990-05-16,1099
11824,1990-05-17,1099
11825,1990-05-18,1099
11826,1990-05-19,1099
11827,1990-05-20,1099
11828,1990-05-21,1099
11829,1990-05-22,1099
11830,1990-05-23,1099
11831,1990-05-24,1099
11832,1990-05-25,1099
11833,1990-05-26,1099
11834,1990-05-27,1099
11835,1990-05-28,1099
11836,1990-05-29,1099
11837,1990-05-30,1099
11838,1990-05-31,1099
11839,1990-06-01,1099
11840,1990-06-02,1099
11841,1990-06-03,1099
11842,1990-06-04,1099
11843,1990-06-05,1099
11844,1990-06-06,1099
11845,1990-06-07,1099
11846,1990-06-08,1099
11847,1990-06-09,1099
11848,1990-06-10,1099
11849,1990-06-11,1099
11850,1990-06-12,1099
11851,1990-06-13,1099
11852,1990-06-14,1099
11853,1990-06-15,1099
11854,1990-06-16,1099
11855,1990-06-17,1099
11856,1990-06-18,1099
11857,1990-06-19,1099
11858,1990-06-20,1099
11859,1990-06-21,1099
11860,1990-06-22,1099
11861,1990-06-23,1099
11862,1990-06-24,1099
11863,1990-06-25,1099
11864,1990-06-26,1099
11865,1990-06-27,1099
11866,1990-06-28,1099
11867,1990-06-29,1099
11868,1990-06-30,1099
11869,1990-07-01,1099
11870,1990-07-02,1099
11871,1990-07-03,1099
11872,1990-07-04,1099
11873,1990-07-05,1099
11874,1990-07-06,1099
11875,1990-07-07,1099
11876,1990-07-08,1099
11877,1990-07-09,1099
11878,1990-07-10,1099
11879,1990-07-11,1099
11880,1990-07-12,1099
11881,1990-07-13,1099
11882,1990-07-14,1099
11883,1990-07-15,1099
11884,1990-07-16,1099
11885,1990-07-17,1099
11886,1990-07-18,1099
11887,1990-07-19,1099
11888,1990-07-20,1099
11889,1990-07-21,1099
11890,1990-07-22,1099
11891,1990-07-23,1099
11892,1990-07-24,1099
11893,1990-07-25,1099
11894,1990-07-26,1099
11895,1990-07-27,1099
11896,1990-07-28,1099
11897,1990-07-29,1099
11898,1990-07-30,1099
11899,1990-07-31,1099
11900,1990-08-01,1099
11901,1990-08-02,1099
11902,1990-08-03,1099
11903,1990-08-04,1099
11904,1990-08-05,1099
11905,1990-08-06,1099
11906,1990-08-07,1099
11907,1990-08-08,1099
11908,1990-08-09,1099
11909,1990-08-10,1099
11910,1990-08-11,1099
11911,1990-08-12,1099
11912,1990-08-13,1099
11913,1990-08-14,1099
11914,1990-08-15,1099
11915,1990-08-16,1099
11916,1990-08-17,1099
11917,1990-08-18,1099
11918,1990-08-19,1099
11919,1990-08-20,1099
11920,1990-08-21,1099
11921,1990-08-22,1099
11922,1990-08-23,1099
11923,1990-08-24,1099
11924,1990-08-25,1099
11925,1990-08-26,1099
11926,1990-08-27,1099
11927,1990-08-28,1099
11928,1990-08-29,1099
11929,1990-08-30,1099
11930,1990-08-31,1099
11931,1990-09-01,1099
11932,1990-09-02,1099
11933,1990-09-03,1099
11934,1990-09-04,1099
11935,1990-09-05,1099
11936,1990-09-06,1099
11937,1990-09-07,1099
11938,1990-09-08,1099
11939,1990-09-09,1099
11940,1990-09-10,1099
11941,1990-09-11,1099
11942,1990-09-12,1099
11943,1990-09-13,1099
11944,1990-09-14,1099
11945,1990-09-15,1099
11946,1990-09-16,1099
11947,1990-09-17,1099
11948,1990-09-18,1099
11949,1990-09-19,1099
11950,1990-09-20,1099
11951,1990-09-21,1099
11952,1990-09-22,1099
11953,1990-09-23,1099
11954,1990-09-24,1099
11955,1990-09-25,1099
11956,1990-09-26,1099
11957,1990-09-27,1099
11958,1990-09-28,1099
11959,1990-09-29,1099
11960,1990-09-30,1099
11961,1990-10-01,1099
11962,1990-10-02,1099
11963,1990-10-03,1099
11964,1990-10-04,1099
11965,1990-10-05,1099
11966,1990-10-06,1099
11967,1990-10-07,1099
11968,1990-10-08,1099
11969,1990-10-09,1099
11970,1990-10-10,1099
11971,1990-10-11,1099
11972,1990-10-12,1099
11973,1990-10-13,1099
11974,1990-10-14,1099
11975,1990-10-15,1099
11976,1990-10-16,1099
11977,1990-10-17,1099
11978,1990-10-18,1099
11979,1990-10-19,1099
11980,1990-10-20,1099
11981,1990-10-21,1099
11982,1990-10-22,1099
11983,1990-10-23,1099
11984,1990-10-24,1099
11985,1990-10-25,1099
11986,1990-10-26,1099
11987,1990-10-27,1099
11988,1990-10-28,1099
11989,1990-10-29,1099
11990,1990-10-30,1099
11991,1990-10-31,1099
11992,1990-11-01,1099
11993,1990-11-02,1099
11994,1990-11-03,1099
11995,1990-11-04,1099
11996,1990-11-05,1099
11997,1990-11-06,1099
11998,1990-11-07,1099
11999,1990-11-08,1099
12000,1990-11-09,1099
12001,1990-11-10,1099
12002,1990-11-11,1099
12003,1990-11-12,1099
12004,1990-11-13,1099
12005,1990-11-14,1099
12006,1990-11-15,1099
12007,1990-11-16,1099
12008,1990-11-17,1099
12009,1990-11-18,1099
12010,1990-11-19,1099
12011,1990-11-20,1099
12012,1990-11-21,1099
12013,1990-11-22,1099
12014,1990-11-23,1099
12015,1990-11-24,1099
12016,1990-11-25,1099
12017,1990-11-26,1099
12018,1990-11-27,1099
12019,1990-11-28,1099
12020,1990-11-29,1099
12021,1990-11-30,1099
12022,1990-12-01,1099
12023,1990-12-02,1099
12024,1990-12-03,1099
12025,1990-12-04,1099
12026,1990-12-05,1099
12027,1990-12-06,1099
12028,1990-12-07,1099
12029,1990-12-08,1099
12030,1990-12-09,1099
12031,1990-12-10,1099
12032,1990-12-11,1099
12033,1990-12-12,1099
12034,1990-12-13,1099
12035,1990-12-14,1099
12036,1990-12-15,1099
12037,1990-12-16,1099
12038,1990-12-17,1099
12039,1990-12-18,1099
12040,1990-12-19,1099
12041,1990-12-20,1099
12042,1990-12-21,1099
12043,1990-12-22,1099
12044,1990-12-23,1099
12045,1990-12-24,1099
12046,1990-12-25,1099
12047,1990-12-26,1099
12048,1990-12-27,1099
12049,1990-12-28,1099
12050,1990-12-29,1099
12051,1990-12-30,1099
12052,1990-12-31,1099
12053,1989-01-01,1118
12054,1989-01-02,1118
12055,1989-01-03,1118
12056,1989-01-04,1118
12057,1989-01-05,1118
12058,1989-01-06,1118
12059,1989-01-07,1118
12060,1989-01-08,1118
12061,1989-01-09,1118
12062,1989-01-10,1118
12063,1989-01-11,1118
12064,1989-01-12,1118
12065,1989-01-13,1118
12066,1989-01-14,1118
12067,1989-01-15,1118
12068,1989-01-16,1118
12069,1989-01-17,1118
12070,1989-01-18,1118
12071,1989-01-19,1118
12072,1989-01-20,1118
12073,1989-01-21,1118
12074,1989-01-22,1118
12075,1989-01-23,1118
12076,1989-01-24,1118
12077,1989-01-25,1118
12078,1989-01-26,1118
12079,1989-01-27,1118
12080,1989-01-28,1118
12081,1989-01-29,1118
12082,1989-01-30,1118
12083,1989-01-31,1118
12084,1989-02-01,1118
12085,1989-02-02,1118
12086,1989-02-03,1118
12087,1989-02-04,1118
12088,1989-02-05,1118
12089,1989-02-06,1118
12090,1989-02-07,1118
12091,1989-02-08,1118
12092,1989-02-09,1118
12093,1989-02-10,1118
12094,1989-02-11,1118
12095,1989-02-12,1118
12096,1989-02-13,1118
12097,1989-02-14,1118
12098,1989-02-15,1118
12099,1989-02-16,1118
12100,1989-02-17,1118
12101,1989-02-18,1118
12102,1989-02-19,1118
12103,1989-02-20,1118
12104,1989-02-21,1118
12105,1989-02-22,1118
12106,1989-02-23,1118
12107,1989-02-24,1118
12108,1989-02-25,1118
12109,1989-02-26,1118
12110,1989-02-27,1118
12111,1989-02-28,1118
12112,1989-03-01,1118
12113,1989-03-02,1118
12114,1989-03-03,1118
12115,1989-03-04,1118
12116,1989-03-05,1118
12117,1989-03-06,1118
12118,1989-03-07,1118
12119,1989-03-08,1118
12120,1989-03-09,1118
12121,1989-03-10,1118
12122,1989-03-11,1118
12123,1989-03-12,1118
12124,1989-03-13,1118
12125,1989-03-14,1118
12126,1989-03-15,1118
12127,1989-03-16,1118
12128,1989-03-17,1118
12129,1989-03-18,1118
12130,1989-03-19,1118
12131,1989-03-20,1118
12132,1989-03-21,1118
12133,1989-03-22,1118
12134,1989-03-23,1118
12135,1989-03-24,1118
12136,1989-03-25,1118
12137,1989-03-26,1118
12138,1989-03-27,1118
12139,1989-03-28,1118
12140,1989-03-29,1118
12141,1989-03-30,1118
12142,1989-03-31,1118
12143,1989-04-01,1118
12144,1989-04-02,1118
12145,1989-04-03,1118
12146,1989-04-04,1118
12147,1989-04-05,1118
12148,1989-04-06,1118
12149,1989-04-07,1118
12150,1989-04-08,1118
12151,1989-04-09,1118
12152,1989-04-10,1118
12153,1989-04-11,1118
12154,1989-04-12,1118
12155,1989-04-13,1118
12156,1989-04-14,1118
12157,1989-04-15,1118
12158,1989-04-16,1118
12159,1989-04-17,1118
12160,1989-04-18,1118
12161,1989-04-19,1118
12162,1989-04-20,1118
12163,1989-04-21,1118
12164,1989-04-22,1118
12165,1989-04-23,1118
12166,1989-04-24,1118
12167,1989-04-25,1118
12168,1989-04-26,1118
12169,1989-04-27,1118
12170,1989-04-28,1118
12171,1989-04-29,1118
12172,1989-04-30,1118
12173,1989-05-01,1118
12174,1989-05-02,1118
12175,1989-05-03,1118
12176,1989-05-04,1118
12177,1989-05-05,1118
12178,1989-05-06,1118
12179,1989-05-07,1118
12180,1989-05-08,1118
12181,1989-05-09,1118
12182,1989-05-10,1118
12183,1989-05-11,1118
12184,1989-05-12,1118
12185,1989-05-13,1118
12186,1989-05-14,1118
12187,1989-05-15,1118
12188,1989-05-16,1118
12189,1989-05-17,1118
12190,1989-05-18,1118
12191,1989-05-19,1118
12192,1989-05-20,1118
12193,1989-05-21,1118
12194,1989-05-22,1118
12195,1989-05-23,1118
12196,1989-05-24,1118
12197,1989-05-25,1118
12198,1989-05-26,1118
12199,1989-05-27,1118
12200,1989-05-28,1118
12201,1989-05-29,1118
12202,1989-05-30,1118
12203,1989-05-31,1118
12204,1989-06-01,1118
12205,1989-06-02,1118
12206,1989-06-03,1118
12207,1989-06-04,1118
12208,1989-06-05,1118
12209,1989-06-06,1118
12210,1989-06-07,1118
12211,1989-06-08,1118
12212,1989-06-09,1118
12213,1989-06-10,1118
12214,1989-06-11,1118
12215,1989-06-12,1118
12216,1989-06-13,1118
12217,1989-06-14,1118
12218,1989-06-15,1118
12219,1989-06-16,1118
12220,1989-06-17,1118
12221,1989-06-18,1118
12222,1989-06-19,1118
12223,1989-06-20,1118
12224,1989-06-21,1118
12225,1989-06-22,1118
12226,1989-06-23,1118
12227,1989-06-24,1118
12228,1989-06-25,1118
12229,1989-06-26,1118
12230,1989-06-27,1118
12231,1989-06-28,1118
12232,1989-06-29,1118
12233,1989-06-30,1118
12234,1989-07-01,1118
12235,1989-07-02,1118
12236,1989-07-03,1118
12237,1989-07-04,1118
12238,1989-07-05,1118
12239,1989-07-06,1118
12240,1989-07-07,1118
12241,1989-07-08,1118
12242,1989-07-09,1118
12243,1989-07-10,1118
12244,1989-07-11,1118
12245,1989-07-12,1118
12246,1989-07-13,1118
12247,1989-07-14,1118
12248,1989-07-15,1118
12249,1989-07-16,1118
12250,1989-07-17,1118
12251,1989-07-18,1118
12252,1989-07-19,1118
12253,1989-07-20,1118
12254,1989-07-21,1118
12255,1989-07-22,1118
12256,1989-07-23,1118
12257,1989-07-24,1118
12258,1989-07-25,1118
12259,1989-07-26,1118
12260,1989-07-27,1118
12261,1989-07-28,1118
12262,1989-07-29,1118
12263,1989-07-30,1118
12264,1989-07-31,1118
12265,1989-08-01,1118
12266,1989-08-02,1118
12267,1989-08-03,1118
12268,1989-08-04,1118
12269,1989-08-05,1118
12270,1989-08-06,1118
12271,1989-08-07,1118
12272,1989-08-08,1118
12273,1989-08-09,1118
12274,1989-08-10,1118
12275,1989-08-11,1118
12276,1989-08-12,1118
12277,1989-08-13,1118
12278,1989-08-14,1118
12279,1989-08-15,1118
12280,1989-08-16,1118
12281,1989-08-17,1118
12282,1989-08-18,1118
12283,1989-08-19,1118
12284,1989-08-20,1118
12285,1989-08-21,1118
12286,1989-08-22,1118
12287,1989-08-23,1118
12288,1989-08-24,1118
12289,1989-08-25,1118
12290,1989-08-26,1118
12291,1989-08-27,1118
12292,1989-08-28,1118
12293,1989-08-29,1118
12294,1989-08-30,1118
12295,1989-08-31,1118
12296,1989-09-01,1118
12297,1989-09-02,1118
12298,1989-09-03,1118
12299,1989-09-04,1118
12300,1989-09-05,1118
12301,1989-09-06,1118
12302,1989-09-07,1118
12303,1989-09-08,1118
12304,1989-09-09,1118
12305,1989-09-10,1118
12306,1989-09-11,1118
12307,1989-09-12,1118
12308,1989-09-13,1118
12309,1989-09-14,1118
12310,1989-09-15,1118
12311,1989-09-16,1118
12312,1989-09-17,1118
12313,1989-09-18,1118
12314,1989-09-19,1118
12315,1989-09-20,1118
12316,1989-09-21,1118
12317,1989-09-22,1118
12318,1989-09-23,1118
12319,1989-09-24,1118
12320,1989-09-25,1118
12321,1989-09-26,1118
12322,1989-09-27,1118
12323,1989-09-28,1118
12324,1989-09-29,1118
12325,1989-09-30,1118
12326,1989-10-01,1118
12327,1989-10-02,1118
12328,1989-10-03,1118
12329,1989-10-04,1118
12330,1989-10-05,1118
12331,1989-10-06,1118
12332,1989-10-07,1118
12333,1989-10-08,1118
12334,1989-10-09,1118
12335,1989-10-10,1118
12336,1989-10-11,1118
12337,1989-10-12,1118
12338,1989-10-13,1118
12339,1989-10-14,1118
12340,1989-10-15,1118
12341,1989-10-16,1118
12342,1989-10-17,1118
12343,1989-10-18,1118
12344,1989-10-19,1118
12345,1989-10-20,1118
12346,1989-10-21,1118
12347,1989-10-22,1118
12348,1989-10-23,1118
12349,1989-10-24,1118
12350,1989-10-25,1118
12351,1989-10-26,1118
12352,1989-10-27,1118
12353,1989-10-28,1118
12354,1989-10-29,1118
12355,1989-10-30,1118
12356,1989-10-31,1118
12357,1989-11-01,1118
12358,1989-11-02,1118
12359,1989-11-03,1118
12360,1989-11-04,1118
12361,1989-11-05,1118
12362,1989-11-06,1118
12363,1989-11-07,1118
12364,1989-11-08,1118
12365,1989-11-09,1118
12366,1989-11-10,1118
12367,1989-11-11,1118
12368,1989-11-12,1118
12369,1989-11-13,1118
12370,1989-11-14,1118
12371,1989-11-15,1118
12372,1989-11-16,1118
12373,1989-11-17,1118
12374,1989-11-18,1118
12375,1989-11-19,1118
12376,1989-11-20,1118
12377,1989-11-21,1118
12378,1989-11-22,1118
12379,1989-11-23,1118
12380,1989-11-24,1118
12381,1989-11-25,1118
12382,1989-11-26,1118
12383,1989-11-27,1118
12384,1989-11-28,1118
12385,1989-11-29,1118
12386,1989-11-30,1118
12387,1989-12-01,1118
12388,1989-12-02,1118
12389,1989-12-03,1118
12390,1989-12-04,1118
12391,1989-12-05,1118
12392,1989-12-06,1118
12393,1989-12-07,1118
12394,1989-12-08,1118
12395,1989-12-09,1118
12396,1989-12-10,1118
12397,1989-12-11,1118
12398,1989-12-12,1118
12399,1989-12-13,1118
12400,1989-12-14,1118
12401,1989-12-15,1118
12402,1989-12-16,1118
12403,1989-12-17,1118
12404,1989-12-18,1118
12405,1989-12-19,1118
12406,1989-12-20,1118
12407,1989-12-21,1118
12408,1989-12-22,1118
12409,1989-12-23,1118
12410,1989-12-24,1118
12411,1989-12-25,1118
12412,1989-12-26,1118
12413,1989-12-27,1118
12414,1989-12-28,1118
12415,1989-12-29,1118
12416,1989-12-30,1118
12417,1989-12-31,1118
12418,1988-01-01,1144
12419,1988-01-02,1144
12420,1988-01-03,1144
12421,1988-01-04,1144
12422,1988-01-05,1144
12423,1988-01-06,1144
12424,1988-01-07,1144
12425,1988-01-08,1144
12426,1988-01-09,1144
12427,1988-01-10,1144
12428,1988-01-11,1144
12429,1988-01-12,1144
12430,1988-01-13,1144
12431,1988-01-14,1144
12432,1988-01-15,1144
12433,1988-01-16,1144
12434,1988-01-17,1144
12435,1988-01-18,1144
12436,1988-01-19,1144
12437,1988-01-20,1144
12438,1988-01-21,1144
12439,1988-01-22,1144
12440,1988-01-23,1144
12441,1988-01-24,1144
12442,1988-01-25,1144
12443,1988-01-26,1144
12444,1988-01-27,1144
12445,1988-01-28,1144
12446,1988-01-29,1144
12447,1988-01-30,1144
12448,1988-01-31,1144
12449,1988-02-01,1144
12450,1988-02-02,1144
12451,1988-02-03,1144
12452,1988-02-04,1144
12453,1988-02-05,1144
12454,1988-02-06,1144
12455,1988-02-07,1144
12456,1988-02-08,1144
12457,1988-02-09,1144
12458,1988-02-10,1144
12459,1988-02-11,1144
12460,1988-02-12,1144
12461,1988-02-13,1144
12462,1988-02-14,1144
12463,1988-02-15,1144
12464,1988-02-16,1144
12465,1988-02-17,1144
12466,1988-02-18,1144
12467,1988-02-19,1144
12468,1988-02-20,1144
12469,1988-02-21,1144
12470,1988-02-22,1144
12471,1988-02-23,1144
12472,1988-02-24,1144
12473,1988-02-25,1144
12474,1988-02-26,1144
12475,1988-02-27,1144
12476,1988-02-28,1144
12477,1988-02-29,1144
12478,1988-03-01,1144
12479,1988-03-02,1144
12480,1988-03-03,1144
12481,1988-03-04,1144
12482,1988-03-05,1144
12483,1988-03-06,1144
12484,1988-03-07,1144
12485,1988-03-08,1144
12486,1988-03-09,1144
12487,1988-03-10,1144
12488,1988-03-11,1144
12489,1988-03-12,1144
12490,1988-03-13,1144
12491,1988-03-14,1144
12492,1988-03-15,1144
12493,1988-03-16,1144
12494,1988-03-17,1144
12495,1988-03-18,1144
12496,1988-03-19,1144
12497,1988-03-20,1144
12498,1988-03-21,1144
12499,1988-03-22,1144
12500,1988-03-23,1144
12501,1988-03-24,1144
12502,1988-03-25,1144
12503,1988-03-26,1144
12504,1988-03-27,1144
12505,1988-03-28,1144
12506,1988-03-29,1144
12507,1988-03-30,1144
12508,1988-03-31,1144
12509,1988-04-01,1144
12510,1988-04-02,1144
12511,1988-04-03,1144
12512,1988-04-04,1144
12513,1988-04-05,1144
12514,1988-04-06,1144
12515,1988-04-07,1144
12516,1988-04-08,1144
12517,1988-04-09,1144
12518,1988-04-10,1144
12519,1988-04-11,1144
12520,1988-04-12,1144
12521,1988-04-13,1144
12522,1988-04-14,1144
12523,1988-04-15,1144
12524,1988-04-16,1144
12525,1988-04-17,1144
12526,1988-04-18,1144
12527,1988-04-19,1144
12528,1988-04-20,1144
12529,1988-04-21,1144
12530,1988-04-22,1144
12531,1988-04-23,1144
12532,1988-04-24,1144
12533,1988-04-25,1144
12534,1988-04-26,1144
12535,1988-04-27,1144
12536,1988-04-28,1144
12537,1988-04-29,1144
12538,1988-04-30,1144
12539,1988-05-01,1144
12540,1988-05-02,1144
12541,1988-05-03,1144
12542,1988-05-04,1144
12543,1988-05-05,1144
12544,1988-05-06,1144
12545,1988-05-07,1144
12546,1988-05-08,1144
12547,1988-05-09,1144
12548,1988-05-10,1144
12549,1988-05-11,1144
12550,1988-05-12,1144
12551,1988-05-13,1144
12552,1988-05-14,1144
12553,1988-05-15,1144
12554,1988-05-16,1144
12555,1988-05-17,1144
12556,1988-05-18,1144
12557,1988-05-19,1144
12558,1988-05-20,1144
12559,1988-05-21,1144
12560,1988-05-22,1144
12561,1988-05-23,1144
12562,1988-05-24,1144
12563,1988-05-25,1144
12564,1988-05-26,1144
12565,1988-05-27,1144
12566,1988-05-28,1144
12567,1988-05-29,1144
12568,1988-05-30,1144
12569,1988-05-31,1144
12570,1988-06-01,1144
12571,1988-06-02,1144
12572,1988-06-03,1144
12573,1988-06-04,1144
12574,1988-06-05,1144
12575,1988-06-06,1144
12576,1988-06-07,1144
12577,1988-06-08,1144
12578,1988-06-09,1144
12579,1988-06-10,1144
12580,1988-06-11,1144
12581,1988-06-12,1144
12582,1988-06-13,1144
12583,1988-06-14,1144
12584,1988-06-15,1144
12585,1988-06-16,1144
12586,1988-06-17,1144
12587,1988-06-18,1144
12588,1988-06-19,1144
12589,1988-06-20,1144
12590,1988-06-21,1144
12591,1988-06-22,1144
12592,1988-06-23,1144
12593,1988-06-24,1144
12594,1988-06-25,1144
12595,1988-06-26,1144
12596,1988-06-27,1144
12597,1988-06-28,1144
12598,1988-06-29,1144
12599,1988-06-30,1144
12600,1988-07-01,1144
12601,1988-07-02,1144
12602,1988-07-03,1144
12603,1988-07-04,1144
12604,1988-07-05,1144
12605,1988-07-06,1144
12606,1988-07-07,1144
12607,1988-07-08,1144
12608,1988-07-09,1144
12609,1988-07-10,1144
12610,1988-07-11,1144
12611,1988-07-12,1144
12612,1988-07-13,1144
12613,1988-07-14,1144
12614,1988-07-15,1144
12615,1988-07-16,1144
12616,1988-07-17,1144
12617,1988-07-18,1144
12618,1988-07-19,1144
12619,1988-07-20,1144
12620,1988-07-21,1144
12621,1988-07-22,1144
12622,1988-07-23,1144
12623,1988-07-24,1144
12624,1988-07-25,1144
12625,1988-07-26,1144
12626,1988-07-27,1144
12627,1988-07-28,1144
12628,1988-07-29,1144
12629,1988-07-30,1144
12630,1988-07-31,1144
12631,1988-08-01,1144
12632,1988-08-02,1144
12633,1988-08-03,1144
12634,1988-08-04,1144
12635,1988-08-05,1144
12636,1988-08-06,1144
12637,1988-08-07,1144
12638,1988-08-08,1144
12639,1988-08-09,1144
12640,1988-08-10,1144
12641,1988-08-11,1144
12642,1988-08-12,1144
12643,1988-08-13,1144
12644,1988-08-14,1144
12645,1988-08-15,1144
12646,1988-08-16,1144
12647,1988-08-17,1144
12648,1988-08-18,1144
12649,1988-08-19,1144
12650,1988-08-20,1144
12651,1988-08-21,1144
12652,1988-08-22,1144
12653,1988-08-23,1144
12654,1988-08-24,1144
12655,1988-08-25,1144
12656,1988-08-26,1144
12657,1988-08-27,1144
12658,1988-08-28,1144
12659,1988-08-29,1144
12660,1988-08-30,1144
12661,1988-08-31,1144
12662,1988-09-01,1144
12663,1988-09-02,1144
12664,1988-09-03,1144
12665,1988-09-04,1144
12666,1988-09-05,1144
12667,1988-09-06,1144
12668,1988-09-07,1144
12669,1988-09-08,1144
12670,1988-09-09,1144
12671,1988-09-10,1144
12672,1988-09-11,1144
12673,1988-09-12,1144
12674,1988-09-13,1144
12675,1988-09-14,1144
12676,1988-09-15,1144
12677,1988-09-16,1144
12678,1988-09-17,1144
12679,1988-09-18,1144
12680,1988-09-19,1144
12681,1988-09-20,1144
12682,1988-09-21,1144
12683,1988-09-22,1144
12684,1988-09-23,1144
12685,1988-09-24,1144
12686,1988-09-25,1144
12687,1988-09-26,1144
12688,1988-09-27,1144
12689,1988-09-28,1144
12690,1988-09-29,1144
12691,1988-09-30,1144
12692,1988-10-01,1144
12693,1988-10-02,1144
12694,1988-10-03,1144
12695,1988-10-04,1144
12696,1988-10-05,1144
12697,1988-10-06,1144
12698,1988-10-07,1144
12699,1988-10-08,1144
12700,1988-10-09,1144
12701,1988-10-10,1144
12702,1988-10-11,1144
12703,1988-10-12,1144
12704,1988-10-13,1144
12705,1988-10-14,1144
12706,1988-10-15,1144
12707,1988-10-16,1144
12708,1988-10-17,1144
12709,1988-10-18,1144
12710,1988-10-19,1144
12711,1988-10-20,1144
12712,1988-10-21,1144
12713,1988-10-22,1144
12714,1988-10-23,1144
12715,1988-10-24,1144
12716,1988-10-25,1144
12717,1988-10-26,1144
12718,1988-10-27,1144
12719,1988-10-28,1144
12720,1988-10-29,1144
12721,1988-10-30,1144
12722,1988-10-31,1144
12723,1988-11-01,1144
12724,1988-11-02,1144
12725,1988-11-03,1144
12726,1988-11-04,1144
12727,1988-11-05,1144
12728,1988-11-06,1144
12729,1988-11-07,1144
12730,1988-11-08,1144
12731,1988-11-09,1144
12732,1988-11-10,1144
12733,1988-11-11,1144
12734,1988-11-12,1144
12735,1988-11-13,1144
12736,1988-11-14,1144
12737,1988-11-15,1144
12738,1988-11-16,1144
12739,1988-11-17,1144
12740,1988-11-18,1144
12741,1988-11-19,1144
12742,1988-11-20,1144
12743,1988-11-21,1144
12744,1988-11-22,1144
12745,1988-11-23,1144
12746,1988-11-24,1144
12747,1988-11-25,1144
12748,1988-11-26,1144
12749,1988-11-27,1144
12750,1988-11-28,1144
12751,1988-11-29,1144
12752,1988-11-30,1144
12753,1988-12-01,1144
12754,1988-12-02,1144
12755,1988-12-03,1144
12756,1988-12-04,1144
12757,1988-12-05,1144
12758,1988-12-06,1144
12759,1988-12-07,1144
12760,1988-12-08,1144
12761,1988-12-09,1144
12762,1988-12-10,1144
12763,1988-12-11,1144
12764,1988-12-12,1144
12765,1988-12-13,1144
12766,1988-12-14,1144
12767,1988-12-15,1144
12768,1988-12-16,1144
12769,1988-12-17,1144
12770,1988-12-18,1144
12771,1988-12-19,1144
12772,1988-12-20,1144
12773,1988-12-21,1144
12774,1988-12-22,1144
12775,1988-12-23,1144
12776,1988-12-24,1144
12777,1988-12-25,1144
12778,1988-12-26,1144
12779,1988-12-27,1144
12780,1988-12-28,1144
12781,1988-12-29,1144
12782,1988-12-30,1144
12783,1988-12-31,1144
12784,1987-01-01,1169
12785,1987-01-02,1169
12786,1987-01-03,1169
12787,1987-01-04,1169
12788,1987-01-05,1169
12789,1987-01-06,1169
12790,1987-01-07,1169
12791,1987-01-08,1169
12792,1987-01-09,1169
12793,1987-01-10,1169
12794,1987-01-11,1169
12795,1987-01-12,1169
12796,1987-01-13,1169
12797,1987-01-14,1169
12798,1987-01-15,1169
12799,1987-01-16,1169
12800,1987-01-17,1169
12801,1987-01-18,1169
12802,1987-01-19,1169
12803,1987-01-20,1169
12804,1987-01-21,1169
12805,1987-01-22,1169
12806,1987-01-23,1169
12807,1987-01-24,1169
12808,1987-01-25,1169
12809,1987-01-26,1169
12810,1987-01-27,1169
12811,1987-01-28,1169
12812,1987-01-29,1169
12813,1987-01-30,1169
12814,1987-01-31,1169
12815,1987-02-01,1169
12816,1987-02-02,1169
12817,1987-02-03,1169
12818,1987-02-04,1169
12819,1987-02-05,1169
12820,1987-02-06,1169
12821,1987-02-07,1169
12822,1987-02-08,1169
12823,1987-02-09,1169
12824,1987-02-10,1169
12825,1987-02-11,1169
12826,1987-02-12,1169
12827,1987-02-13,1169
12828,1987-02-14,1169
12829,1987-02-15,1169
12830,1987-02-16,1169
12831,1987-02-17,1169
12832,1987-02-18,1169
12833,1987-02-19,1169
12834,1987-02-20,1169
12835,1987-02-21,1169
12836,1987-02-22,1169
12837,1987-02-23,1169
12838,1987-02-24,1169
12839,1987-02-25,1169
12840,1987-02-26,1169
12841,1987-02-27,1169
12842,1987-02-28,1169
12843,1987-03-01,1169
12844,1987-03-02,1169
12845,1987-03-03,1169
12846,1987-03-04,1169
12847,1987-03-05,1169
12848,1987-03-06,1169
12849,1987-03-07,1169
12850,1987-03-08,1169
12851,1987-03-09,1169
12852,1987-03-10,1169
12853,1987-03-11,1169
12854,1987-03-12,1169
12855,1987-03-13,1169
12856,1987-03-14,1169
12857,1987-03-15,1169
12858,1987-03-16,1169
12859,1987-03-17,1169
12860,1987-03-18,1169
12861,1987-03-19,1169
12862,1987-03-20,1169
12863,1987-03-21,1169
12864,1987-03-22,1169
12865,1987-03-23,1169
12866,1987-03-24,1169
12867,1987-03-25,1169
12868,1987-03-26,1169
12869,1987-03-27,1169
12870,1987-03-28,1169
12871,1987-03-29,1169
12872,1987-03-30,1169
12873,1987-03-31,1169
12874,1987-04-01,1169
12875,1987-04-02,1169
12876,1987-04-03,1169
12877,1987-04-04,1169
12878,1987-04-05,1169
12879,1987-04-06,1169
12880,1987-04-07,1169
12881,1987-04-08,1169
12882,1987-04-09,1169
12883,1987-04-10,1169
12884,1987-04-11,1169
12885,1987-04-12,1169
12886,1987-04-13,1169
12887,1987-04-14,1169
12888,1987-04-15,1169
12889,1987-04-16,1169
12890,1987-04-17,1169
12891,1987-04-18,1169
12892,1987-04-19,1169
12893,1987-04-20,1169
12894,1987-04-21,1169
12895,1987-04-22,1169
12896,1987-04-23,1169
12897,1987-04-24,1169
12898,1987-04-25,1169
12899,1987-04-26,1169
12900,1987-04-27,1169
12901,1987-04-28,1169
12902,1987-04-29,1169
12903,1987-04-30,1169
12904,1987-05-01,1169
12905,1987-05-02,1169
12906,1987-05-03,1169
12907,1987-05-04,1169
12908,1987-05-05,1169
12909,1987-05-06,1169
12910,1987-05-07,1169
12911,1987-05-08,1169
12912,1987-05-09,1169
12913,1987-05-10,1169
12914,1987-05-11,1169
12915,1987-05-12,1169
12916,1987-05-13,1169
12917,1987-05-14,1169
12918,1987-05-15,1169
12919,1987-05-16,1169
12920,1987-05-17,1169
12921,1987-05-18,1169
12922,1987-05-19,1169
12923,1987-05-20,1169
12924,1987-05-21,1169
12925,1987-05-22,1169
12926,1987-05-23,1169
12927,1987-05-24,1169
12928,1987-05-25,1169
12929,1987-05-26,1169
12930,1987-05-27,1169
12931,1987-05-28,1169
12932,1987-05-29,1169
12933,1987-05-30,1169
12934,1987-05-31,1169
12935,1987-06-01,1169
12936,1987-06-02,1169
12937,1987-06-03,1169
12938,1987-06-04,1169
12939,1987-06-05,1169
12940,1987-06-06,1169
12941,1987-06-07,1169
12942,1987-06-08,1169
12943,1987-06-09,1169
12944,1987-06-10,1169
12945,1987-06-11,1169
12946,1987-06-12,1169
12947,1987-06-13,1169
12948,1987-06-14,1169
12949,1987-06-15,1169
12950,1987-06-16,1169
12951,1987-06-17,1169
12952,1987-06-18,1169
12953,1987-06-19,1169
12954,1987-06-20,1169
12955,1987-06-21,1169
12956,1987-06-22,1169
12957,1987-06-23,1169
12958,1987-06-24,1169
12959,1987-06-25,1169
12960,1987-06-26,1169
12961,1987-06-27,1169
12962,1987-06-28,1169
12963,1987-06-29,1169
12964,1987-06-30,1169
12965,1987-07-01,1169
12966,1987-07-02,1169
12967,1987-07-03,1169
12968,1987-07-04,1169
12969,1987-07-05,1169
12970,1987-07-06,1169
12971,1987-07-07,1169
12972,1987-07-08,1169
12973,1987-07-09,1169
12974,1987-07-10,1169
12975,1987-07-11,1169
12976,1987-07-12,1169
12977,1987-07-13,1169
12978,1987-07-14,1169
12979,1987-07-15,1169
12980,1987-07-16,1169
12981,1987-07-17,1169
12982,1987-07-18,1169
12983,1987-07-19,1169
12984,1987-07-20,1169
12985,1987-07-21,1169
12986,1987-07-22,1169
12987,1987-07-23,1169
12988,1987-07-24,1169
12989,1987-07-25,1169
12990,1987-07-26,1169
12991,1987-07-27,1169
12992,1987-07-28,1169
12993,1987-07-29,1169
12994,1987-07-30,1169
12995,1987-07-31,1169
12996,1987-08-01,1169
12997,1987-08-02,1169
12998,1987-08-03,1169
12999,1987-08-04,1169
13000,1987-08-05,1169
13001,1987-08-06,1169
13002,1987-08-07,1169
13003,1987-08-08,1169
13004,1987-08-09,1169
13005,1987-08-10,1169
13006,1987-08-11,1169
13007,1987-08-12,1169
13008,1987-08-13,1169
13009,1987-08-14,1169
13010,1987-08-15,1169
13011,1987-08-16,1169
13012,1987-08-17,1169
13013,1987-08-18,1169
13014,1987-08-19,1169
13015,1987-08-20,1169
13016,1987-08-21,1169
13017,1987-08-22,1169
13018,1987-08-23,1169
13019,1987-08-24,1169
13020,1987-08-25,1169
13021,1987-08-26,1169
13022,1987-08-27,1169
13023,1987-08-28,1169
13024,1987-08-29,1169
13025,1987-08-30,1169
13026,1987-08-31,1169
13027,1987-09-01,1169
13028,1987-09-02,1169
13029,1987-09-03,1169
13030,1987-09-04,1169
13031,1987-09-05,1169
13032,1987-09-06,1169
13033,1987-09-07,1169
13034,1987-09-08,1169
13035,1987-09-09,1169
13036,1987-09-10,1169
13037,1987-09-11,1169
13038,1987-09-12,1169
13039,1987-09-13,1169
13040,1987-09-14,1169
13041,1987-09-15,1169
13042,1987-09-16,1169
13043,1987-09-17,1169
13044,1987-09-18,1169
13045,1987-09-19,1169
13046,1987-09-20,1169
13047,1987-09-21,1169
13048,1987-09-22,1169
13049,1987-09-23,1169
13050,1987-09-24,1169
13051,1987-09-25,1169
13052,1987-09-26,1169
13053,1987-09-27,1169
13054,1987-09-28,1169
13055,1987-09-29,1169
13056,1987-09-30,1169
13057,1987-10-01,1169
13058,1987-10-02,1169
13059,1987-10-03,1169
13060,1987-10-04,1169
13061,1987-10-05,1169
13062,1987-10-06,1169
13063,1987-10-07,1169
13064,1987-10-08,1169
13065,1987-10-09,1169
13066,1987-10-10,1169
13067,1987-10-11,1169
13068,1987-10-12,1169
13069,1987-10-13,1169
13070,1987-10-14,1169
13071,1987-10-15,1169
13072,1987-10-16,1169
13073,1987-10-17,1169
13074,1987-10-18,1169
13075,1987-10-19,1169
13076,1987-10-20,1169
13077,1987-10-21,1169
13078,1987-10-22,1169
13079,1987-10-23,1169
13080,1987-10-24,1169
13081,1987-10-25,1169
13082,1987-10-26,1169
13083,1987-10-27,1169
13084,1987-10-28,1169
13085,1987-10-29,1169
13086,1987-10-30,1169
13087,1987-10-31,1169
13088,1987-11-01,1169
13089,1987-11-02,1169
13090,1987-11-03,1169
13091,1987-11-04,1169
13092,1987-11-05,1169
13093,1987-11-06,1169
13094,1987-11-07,1169
13095,1987-11-08,1169
13096,1987-11-09,1169
13097,1987-11-10,1169
13098,1987-11-11,1169
13099,1987-11-12,1169
13100,1987-11-13,1169
13101,1987-11-14,1169
13102,1987-11-15,1169
13103,1987-11-16,1169
13104,1987-11-17,1169
13105,1987-11-18,1169
13106,1987-11-19,1169
13107,1987-11-20,1169
13108,1987-11-21,1169
13109,1987-11-22,1169
13110,1987-11-23,1169
13111,1987-11-24,1169
13112,1987-11-25,1169
13113,1987-11-26,1169
13114,1987-11-27,1169
13115,1987-11-28,1169
13116,1987-11-29,1169
13117,1987-11-30,1169
13118,1987-12-01,1169
13119,1987-12-02,1169
13120,1987-12-03,1169
13121,1987-12-04,1169
13122,1987-12-05,1169
13123,1987-12-06,1169
13124,1987-12-07,1169
13125,1987-12-08,1169
13126,1987-12-09,1169
13127,1987-12-10,1169
13128,1987-12-11,1169
13129,1987-12-12,1169
13130,1987-12-13,1169
13131,1987-12-14,1169
13132,1987-12-15,1169
13133,1987-12-16,1169
13134,1987-12-17,1169
13135,1987-12-18,1169
13136,1987-12-19,1169
13137,1987-12-20,1169
13138,1987-12-21,1169
13139,1987-12-22,1169
13140,1987-12-23,1169
13141,1987-12-24,1169
13142,1987-12-25,1169
13143,1987-12-26,1169
13144,1987-12-27,1169
13145,1987-12-28,1169
13146,1987-12-29,1169
13147,1987-12-30,1169
13148,1987-12-31,1169
