Unnamed: 0,Date,Debt,Percentage,Debt_per_capita
10499,1995-01-31,252452.0,59.39,6369 
10498,1995-01-30,252452.0,59.39,6369 
10495,1995-01-27,252452.0,59.39,6369 
10494,1995-01-26,252452.0,59.39,6369 
10493,1995-01-25,252452.0,59.39,6369 
10492,1995-01-24,252452.0,59.39,6369 
10491,1995-01-23,252452.0,59.39,6369 
10488,1995-01-20,252452.0,59.39,6369 
10487,1995-01-19,252452.0,59.39,6369 
10486,1995-01-18,252452.0,59.39,6369 
10485,1995-01-17,252452.0,59.39,6369 
10484,1995-01-16,252452.0,59.39,6369 
10481,1995-01-13,252452.0,59.39,6369 
10480,1995-01-12,252452.0,59.39,6369 
10479,1995-01-11,252452.0,59.39,6369 
10478,1995-01-10,252452.0,59.39,6369 
10477,1995-01-09,252452.0,59.39,6369 
10473,1995-01-05,252452.0,59.39,6369 
10472,1995-01-04,252452.0,59.39,6369 
10471,1995-01-03,252452.0,59.39,6369 
10470,1995-01-02,252452.0,59.39,6369 
10468,1995-02-28,259119.0,60.96,6537 
10467,1995-02-27,259119.0,60.96,6537 
10464,1995-02-24,259119.0,60.96,6537 
10463,1995-02-23,259119.0,60.96,6537 
10462,1995-02-22,259119.0,60.96,6537 
10461,1995-02-21,259119.0,60.96,6537 
10460,1995-02-20,259119.0,60.96,6537 
10457,1995-02-17,259119.0,60.96,6537 
10456,1995-02-16,259119.0,60.96,6537 
10455,1995-02-15,259119.0,60.96,6537 
10454,1995-02-14,259119.0,60.96,6537 
10453,1995-02-13,259119.0,60.96,6537 
10450,1995-02-10,259119.0,60.96,6537 
10449,1995-02-09,259119.0,60.96,6537 
10448,1995-02-08,259119.0,60.96,6537 
10447,1995-02-07,259119.0,60.96,6537 
10446,1995-02-06,259119.0,60.96,6537 
10443,1995-02-03,259119.0,60.96,6537 
10442,1995-02-02,259119.0,60.96,6537 
10441,1995-02-01,259119.0,60.96,6537 
10440,1995-03-31,261636.0,60.32,6600 
10439,1995-03-30,261636.0,60.32,6600 
10438,1995-03-29,261636.0,60.32,6600 
10437,1995-03-28,261636.0,60.32,6600 
10436,1995-03-27,261636.0,60.32,6600 
10433,1995-03-24,261636.0,60.32,6600 
10432,1995-03-23,261636.0,60.32,6600 
10431,1995-03-22,261636.0,60.32,6600 
10430,1995-03-21,261636.0,60.32,6600 
10426,1995-03-17,261636.0,60.32,6600 
10425,1995-03-16,261636.0,60.32,6600 
10424,1995-03-15,261636.0,60.32,6600 
10423,1995-03-14,261636.0,60.32,6600 
10422,1995-03-13,261636.0,60.32,6600 
10419,1995-03-10,261636.0,60.32,6600 
10418,1995-03-09,261636.0,60.32,6600 
10417,1995-03-08,261636.0,60.32,6600 
10416,1995-03-07,261636.0,60.32,6600 
10415,1995-03-06,261636.0,60.32,6600 
10412,1995-03-03,261636.0,60.32,6600 
10411,1995-03-02,261636.0,60.32,6600 
10410,1995-03-01,261636.0,60.32,6600 
10407,1995-04-28,259881.0,59.91,6556 
10406,1995-04-27,259881.0,59.91,6556 
10405,1995-04-26,259881.0,59.91,6556 
10404,1995-04-25,259881.0,59.91,6556 
10403,1995-04-24,259881.0,59.91,6556 
10400,1995-04-21,259881.0,59.91,6556 
10399,1995-04-20,259881.0,59.91,6556 
10398,1995-04-19,259881.0,59.91,6556 
10397,1995-04-18,259881.0,59.91,6556 
10396,1995-04-17,259881.0,59.91,6556 
10391,1995-04-12,259881.0,59.91,6556 
10390,1995-04-11,259881.0,59.91,6556 
10389,1995-04-10,259881.0,59.91,6556 
10386,1995-04-07,259881.0,59.91,6556 
10385,1995-04-06,259881.0,59.91,6556 
10384,1995-04-05,259881.0,59.91,6556 
10383,1995-04-04,259881.0,59.91,6556 
10382,1995-04-03,259881.0,59.91,6556 
10379,1995-05-31,262931.0,60.62,6633 
10378,1995-05-30,262931.0,60.62,6633 
10377,1995-05-29,262931.0,60.62,6633 
10374,1995-05-26,262931.0,60.62,6633 
10373,1995-05-25,262931.0,60.62,6633 
10372,1995-05-24,262931.0,60.62,6633 
10371,1995-05-23,262931.0,60.62,6633 
10370,1995-05-22,262931.0,60.62,6633 
10367,1995-05-19,262931.0,60.62,6633 
10366,1995-05-18,262931.0,60.62,6633 
10365,1995-05-17,262931.0,60.62,6633 
10364,1995-05-16,262931.0,60.62,6633 
10360,1995-05-12,262931.0,60.62,6633 
10359,1995-05-11,262931.0,60.62,6633 
10358,1995-05-10,262931.0,60.62,6633 
10357,1995-05-09,262931.0,60.62,6633 
10356,1995-05-08,262931.0,60.62,6633 
10353,1995-05-05,262931.0,60.62,6633 
10352,1995-05-04,262931.0,60.62,6633 
10351,1995-05-03,262931.0,60.62,6633 
10348,1995-06-30,272563.0,61.58,6862 
10347,1995-06-29,272563.0,61.58,6862 
10346,1995-06-28,272563.0,61.58,6862 
10345,1995-06-27,272563.0,61.58,6862 
10344,1995-06-26,272563.0,61.58,6862 
10341,1995-06-23,272563.0,61.58,6862 
10340,1995-06-22,272563.0,61.58,6862 
10339,1995-06-21,272563.0,61.58,6862 
10338,1995-06-20,272563.0,61.58,6862 
10337,1995-06-19,272563.0,61.58,6862 
10334,1995-06-16,272563.0,61.58,6862 
10333,1995-06-15,272563.0,61.58,6862 
10332,1995-06-14,272563.0,61.58,6862 
10331,1995-06-13,272563.0,61.58,6862 
10330,1995-06-12,272563.0,61.58,6862 
10327,1995-06-09,272563.0,61.58,6862 
10326,1995-06-08,272563.0,61.58,6862 
10325,1995-06-07,272563.0,61.58,6862 
10324,1995-06-06,272563.0,61.58,6862 
10323,1995-06-05,272563.0,61.58,6862 
10320,1995-06-02,272563.0,61.58,6862 
10319,1995-06-01,272563.0,61.58,6862 
10318,1995-07-31,274380.0,61.99,6908 
10315,1995-07-28,274380.0,61.99,6908 
10314,1995-07-27,274380.0,61.99,6908 
10313,1995-07-26,274380.0,61.99,6908 
10312,1995-07-25,274380.0,61.99,6908 
10311,1995-07-24,274380.0,61.99,6908 
10308,1995-07-21,274380.0,61.99,6908 
10307,1995-07-20,274380.0,61.99,6908 
10306,1995-07-19,274380.0,61.99,6908 
10305,1995-07-18,274380.0,61.99,6908 
10304,1995-07-17,274380.0,61.99,6908 
10301,1995-07-14,274380.0,61.99,6908 
10300,1995-07-13,274380.0,61.99,6908 
10299,1995-07-12,274380.0,61.99,6908 
10298,1995-07-11,274380.0,61.99,6908 
10297,1995-07-10,274380.0,61.99,6908 
10294,1995-07-07,274380.0,61.99,6908 
10293,1995-07-06,274380.0,61.99,6908 
10292,1995-07-05,274380.0,61.99,6908 
10291,1995-07-04,274380.0,61.99,6908 
10290,1995-07-03,274380.0,61.99,6908 
10287,1995-08-31,277030.0,62.59,6975 
10286,1995-08-30,277030.0,62.59,6975 
10285,1995-08-29,277030.0,62.59,6975 
10284,1995-08-28,277030.0,62.59,6975 
10281,1995-08-25,277030.0,62.59,6975 
10280,1995-08-24,277030.0,62.59,6975 
10279,1995-08-23,277030.0,62.59,6975 
10278,1995-08-22,277030.0,62.59,6975 
10277,1995-08-21,277030.0,62.59,6975 
10274,1995-08-18,277030.0,62.59,6975 
10273,1995-08-17,277030.0,62.59,6975 
10272,1995-08-16,277030.0,62.59,6975 
10270,1995-08-14,277030.0,62.59,6975 
10267,1995-08-11,277030.0,62.59,6975 
10266,1995-08-10,277030.0,62.59,6975 
10265,1995-08-09,277030.0,62.59,6975 
10264,1995-08-08,277030.0,62.59,6975 
10263,1995-08-07,277030.0,62.59,6975 
10260,1995-08-04,277030.0,62.59,6975 
10259,1995-08-03,277030.0,62.59,6975 
10258,1995-08-02,277030.0,62.59,6975 
10257,1995-08-01,277030.0,62.59,6975 
10255,1995-09-29,279731.0,62.05,7043 
10254,1995-09-28,279731.0,62.05,7043 
10253,1995-09-27,279731.0,62.05,7043 
10252,1995-09-26,279731.0,62.05,7043 
10251,1995-09-25,279731.0,62.05,7043 
10248,1995-09-22,279731.0,62.05,7043 
10247,1995-09-21,279731.0,62.05,7043 
10246,1995-09-20,279731.0,62.05,7043 
10245,1995-09-19,279731.0,62.05,7043 
10244,1995-09-18,279731.0,62.05,7043 
10241,1995-09-15,279731.0,62.05,7043 
10240,1995-09-14,279731.0,62.05,7043 
10239,1995-09-13,279731.0,62.05,7043 
10238,1995-09-12,279731.0,62.05,7043 
10237,1995-09-11,279731.0,62.05,7043 
10234,1995-09-08,279731.0,62.05,7043 
10233,1995-09-07,279731.0,62.05,7043 
10232,1995-09-06,279731.0,62.05,7043 
10231,1995-09-05,279731.0,62.05,7043 
10230,1995-09-04,279731.0,62.05,7043 
10227,1995-09-01,279731.0,62.05,7043 
10226,1995-10-31,276833.0,61.4,6970 
10225,1995-10-30,276833.0,61.4,6970 
10222,1995-10-27,276833.0,61.4,6970 
10221,1995-10-26,276833.0,61.4,6970 
10220,1995-10-25,276833.0,61.4,6970 
10219,1995-10-24,276833.0,61.4,6970 
10218,1995-10-23,276833.0,61.4,6970 
10215,1995-10-20,276833.0,61.4,6970 
10214,1995-10-19,276833.0,61.4,6970 
10213,1995-10-18,276833.0,61.4,6970 
10212,1995-10-17,276833.0,61.4,6970 
10211,1995-10-16,276833.0,61.4,6970 
10208,1995-10-13,276833.0,61.4,6970 
10206,1995-10-11,276833.0,61.4,6970 
10205,1995-10-10,276833.0,61.4,6970 
10204,1995-10-09,276833.0,61.4,6970 
10201,1995-10-06,276833.0,61.4,6970 
10200,1995-10-05,276833.0,61.4,6970 
10199,1995-10-04,276833.0,61.4,6970 
10198,1995-10-03,276833.0,61.4,6970 
10197,1995-10-02,276833.0,61.4,6970 
10195,1995-11-30,277777.0,61.61,6994 
10194,1995-11-29,277777.0,61.61,6994 
10193,1995-11-28,277777.0,61.61,6994 
10192,1995-11-27,277777.0,61.61,6994 
10189,1995-11-24,277777.0,61.61,6994 
10188,1995-11-23,277777.0,61.61,6994 
10187,1995-11-22,277777.0,61.61,6994 
10186,1995-11-21,277777.0,61.61,6994 
10185,1995-11-20,277777.0,61.61,6994 
10182,1995-11-17,277777.0,61.61,6994 
10181,1995-11-16,277777.0,61.61,6994 
10180,1995-11-15,277777.0,61.61,6994 
10179,1995-11-14,277777.0,61.61,6994 
10178,1995-11-13,277777.0,61.61,6994 
10175,1995-11-10,277777.0,61.61,6994 
10174,1995-11-09,277777.0,61.61,6994 
10173,1995-11-08,277777.0,61.61,6994 
10172,1995-11-07,277777.0,61.61,6994 
10171,1995-11-06,277777.0,61.61,6994 
10168,1995-11-03,277777.0,61.61,6994 
10167,1995-11-02,277777.0,61.61,6994 
10163,1995-12-29,283457.0,61.71,7121 
10162,1995-12-28,283457.0,61.71,7121 
10161,1995-12-27,283457.0,61.71,7121 
10160,1995-12-26,283457.0,61.71,7121 
10156,1995-12-22,283457.0,61.71,7121 
10155,1995-12-21,283457.0,61.71,7121 
10154,1995-12-20,283457.0,61.71,7121 
10153,1995-12-19,283457.0,61.71,7121 
10152,1995-12-18,283457.0,61.71,7121 
10149,1995-12-15,283457.0,61.71,7121 
10148,1995-12-14,283457.0,61.71,7121 
10147,1995-12-13,283457.0,61.71,7121 
10146,1995-12-12,283457.0,61.71,7121 
10145,1995-12-11,283457.0,61.71,7121 
10141,1995-12-07,283457.0,61.71,7121 
10139,1995-12-05,283457.0,61.71,7121 
10138,1995-12-04,283457.0,61.71,7121 
10135,1995-12-01,283457.0,61.71,7121 
10134,1996-01-31,287316.0,62.55,7217 
10133,1996-01-30,287316.0,62.55,7217 
10132,1996-01-29,287316.0,62.55,7217 
10129,1996-01-26,287316.0,62.55,7217 
10128,1996-01-25,287316.0,62.55,7217 
10127,1996-01-24,287316.0,62.55,7217 
10126,1996-01-23,287316.0,62.55,7217 
10125,1996-01-22,287316.0,62.55,7217 
10122,1996-01-19,287316.0,62.55,7217 
10121,1996-01-18,287316.0,62.55,7217 
10120,1996-01-17,287316.0,62.55,7217 
10119,1996-01-16,287316.0,62.55,7217 
10118,1996-01-15,287316.0,62.55,7217 
10115,1996-01-12,287316.0,62.55,7217 
10114,1996-01-11,287316.0,62.55,7217 
10113,1996-01-10,287316.0,62.55,7217 
10112,1996-01-09,287316.0,62.55,7217 
10111,1996-01-08,287316.0,62.55,7217 
10108,1996-01-05,287316.0,62.55,7217 
10107,1996-01-04,287316.0,62.55,7217 
10106,1996-01-03,287316.0,62.55,7217 
10105,1996-01-02,287316.0,62.55,7217 
10103,1996-02-29,289159.0,62.95,7264 
10102,1996-02-28,289159.0,62.95,7264 
10101,1996-02-27,289159.0,62.95,7264 
10100,1996-02-26,289159.0,62.95,7264 
10097,1996-02-23,289159.0,62.95,7264 
10096,1996-02-22,289159.0,62.95,7264 
10095,1996-02-21,289159.0,62.95,7264 
10094,1996-02-20,289159.0,62.95,7264 
10093,1996-02-19,289159.0,62.95,7264 
10090,1996-02-16,289159.0,62.95,7264 
10089,1996-02-15,289159.0,62.95,7264 
10088,1996-02-14,289159.0,62.95,7264 
10087,1996-02-13,289159.0,62.95,7264 
10086,1996-02-12,289159.0,62.95,7264 
10083,1996-02-09,289159.0,62.95,7264 
10082,1996-02-08,289159.0,62.95,7264 
10081,1996-02-07,289159.0,62.95,7264 
10080,1996-02-06,289159.0,62.95,7264 
10079,1996-02-05,289159.0,62.95,7264 
10076,1996-02-02,289159.0,62.95,7264 
10075,1996-02-01,289159.0,62.95,7264 
10072,1996-03-29,292786.0,62.66,7355 
10071,1996-03-28,292786.0,62.66,7355 
10070,1996-03-27,292786.0,62.66,7355 
10069,1996-03-26,292786.0,62.66,7355 
10068,1996-03-25,292786.0,62.66,7355 
10065,1996-03-22,292786.0,62.66,7355 
10064,1996-03-21,292786.0,62.66,7355 
10063,1996-03-20,292786.0,62.66,7355 
10062,1996-03-19,292786.0,62.66,7355 
10061,1996-03-18,292786.0,62.66,7355 
10058,1996-03-15,292786.0,62.66,7355 
10057,1996-03-14,292786.0,62.66,7355 
10056,1996-03-13,292786.0,62.66,7355 
10055,1996-03-12,292786.0,62.66,7355 
10054,1996-03-11,292786.0,62.66,7355 
10051,1996-03-08,292786.0,62.66,7355 
10050,1996-03-07,292786.0,62.66,7355 
10049,1996-03-06,292786.0,62.66,7355 
10048,1996-03-05,292786.0,62.66,7355 
10047,1996-03-04,292786.0,62.66,7355 
10044,1996-03-01,292786.0,62.66,7355 
10043,1996-04-30,293587.0,62.83,7375 
10042,1996-04-29,293587.0,62.83,7375 
10039,1996-04-26,293587.0,62.83,7375 
10038,1996-04-25,293587.0,62.83,7375 
10037,1996-04-24,293587.0,62.83,7375 
10036,1996-04-23,293587.0,62.83,7375 
10035,1996-04-22,293587.0,62.83,7375 
10032,1996-04-19,293587.0,62.83,7375 
10031,1996-04-18,293587.0,62.83,7375 
10030,1996-04-17,293587.0,62.83,7375 
10029,1996-04-16,293587.0,62.83,7375 
10028,1996-04-15,293587.0,62.83,7375 
10025,1996-04-12,293587.0,62.83,7375 
10024,1996-04-11,293587.0,62.83,7375 
10023,1996-04-10,293587.0,62.83,7375 
10022,1996-04-09,293587.0,62.83,7375 
10021,1996-04-08,293587.0,62.83,7375 
10016,1996-04-03,293587.0,62.83,7375 
10015,1996-04-02,293587.0,62.83,7375 
10014,1996-04-01,293587.0,62.83,7375 
10013,1996-05-31,293016.0,62.71,7361 
10012,1996-05-30,293016.0,62.71,7361 
10011,1996-05-29,293016.0,62.71,7361 
10010,1996-05-28,293016.0,62.71,7361 
10009,1996-05-27,293016.0,62.71,7361 
10006,1996-05-24,293016.0,62.71,7361 
10005,1996-05-23,293016.0,62.71,7361 
10004,1996-05-22,293016.0,62.71,7361 
10003,1996-05-21,293016.0,62.71,7361 
10002,1996-05-20,293016.0,62.71,7361 
9999,1996-05-17,293016.0,62.71,7361 
9998,1996-05-16,293016.0,62.71,7361 
9996,1996-05-14,293016.0,62.71,7361 
9995,1996-05-13,293016.0,62.71,7361 
9992,1996-05-10,293016.0,62.71,7361 
9991,1996-05-09,293016.0,62.71,7361 
9990,1996-05-08,293016.0,62.71,7361 
9989,1996-05-07,293016.0,62.71,7361 
9988,1996-05-06,293016.0,62.71,7361 
9985,1996-05-03,293016.0,62.71,7361 
9980,1996-06-28,295758.0,62.38,7415 
9979,1996-06-27,295758.0,62.38,7415 
9978,1996-06-26,295758.0,62.38,7415 
9977,1996-06-25,295758.0,62.38,7415 
9976,1996-06-24,295758.0,62.38,7415 
9973,1996-06-21,295758.0,62.38,7415 
9972,1996-06-20,295758.0,62.38,7415 
9971,1996-06-19,295758.0,62.38,7415 
9970,1996-06-18,295758.0,62.38,7415 
9969,1996-06-17,295758.0,62.38,7415 
9966,1996-06-14,295758.0,62.38,7415 
9965,1996-06-13,295758.0,62.38,7415 
9964,1996-06-12,295758.0,62.38,7415 
9963,1996-06-11,295758.0,62.38,7415 
9962,1996-06-10,295758.0,62.38,7415 
9959,1996-06-07,295758.0,62.38,7415 
9958,1996-06-06,295758.0,62.38,7415 
9957,1996-06-05,295758.0,62.38,7415 
9956,1996-06-04,295758.0,62.38,7415 
9955,1996-06-03,295758.0,62.38,7415 
9952,1996-07-31,297224.0,62.69,7452 
9951,1996-07-30,297224.0,62.69,7452 
9950,1996-07-29,297224.0,62.69,7452 
9947,1996-07-26,297224.0,62.69,7452 
9946,1996-07-25,297224.0,62.69,7452 
9945,1996-07-24,297224.0,62.69,7452 
9944,1996-07-23,297224.0,62.69,7452 
9943,1996-07-22,297224.0,62.69,7452 
9940,1996-07-19,297224.0,62.69,7452 
9939,1996-07-18,297224.0,62.69,7452 
9938,1996-07-17,297224.0,62.69,7452 
9937,1996-07-16,297224.0,62.69,7452 
9936,1996-07-15,297224.0,62.69,7452 
9933,1996-07-12,297224.0,62.69,7452 
9932,1996-07-11,297224.0,62.69,7452 
9931,1996-07-10,297224.0,62.69,7452 
9930,1996-07-09,297224.0,62.69,7452 
9929,1996-07-08,297224.0,62.69,7452 
9926,1996-07-05,297224.0,62.69,7452 
9925,1996-07-04,297224.0,62.69,7452 
9924,1996-07-03,297224.0,62.69,7452 
9923,1996-07-02,297224.0,62.69,7452 
9922,1996-07-01,297224.0,62.69,7452 
9920,1996-08-30,294999.0,62.22,7396 
9919,1996-08-29,294999.0,62.22,7396 
9918,1996-08-28,294999.0,62.22,7396 
9917,1996-08-27,294999.0,62.22,7396 
9916,1996-08-26,294999.0,62.22,7396 
9913,1996-08-23,294999.0,62.22,7396 
9912,1996-08-22,294999.0,62.22,7396 
9911,1996-08-21,294999.0,62.22,7396 
9910,1996-08-20,294999.0,62.22,7396 
9909,1996-08-19,294999.0,62.22,7396 
9906,1996-08-16,294999.0,62.22,7396 
9904,1996-08-14,294999.0,62.22,7396 
9903,1996-08-13,294999.0,62.22,7396 
9902,1996-08-12,294999.0,62.22,7396 
9899,1996-08-09,294999.0,62.22,7396 
9898,1996-08-08,294999.0,62.22,7396 
9897,1996-08-07,294999.0,62.22,7396 
9896,1996-08-06,294999.0,62.22,7396 
9895,1996-08-05,294999.0,62.22,7396 
9892,1996-08-02,294999.0,62.22,7396 
9891,1996-08-01,294999.0,62.22,7396 
9890,1996-09-30,302928.0,62.84,7595 
9887,1996-09-27,302928.0,62.84,7595 
9886,1996-09-26,302928.0,62.84,7595 
9885,1996-09-25,302928.0,62.84,7595 
9884,1996-09-24,302928.0,62.84,7595 
9883,1996-09-23,302928.0,62.84,7595 
9880,1996-09-20,302928.0,62.84,7595 
9879,1996-09-19,302928.0,62.84,7595 
9878,1996-09-18,302928.0,62.84,7595 
9877,1996-09-17,302928.0,62.84,7595 
9876,1996-09-16,302928.0,62.84,7595 
9873,1996-09-13,302928.0,62.84,7595 
9872,1996-09-12,302928.0,62.84,7595 
9871,1996-09-11,302928.0,62.84,7595 
9870,1996-09-10,302928.0,62.84,7595 
9869,1996-09-09,302928.0,62.84,7595 
9866,1996-09-06,302928.0,62.84,7595 
9865,1996-09-05,302928.0,62.84,7595 
9864,1996-09-04,302928.0,62.84,7595 
9863,1996-09-03,302928.0,62.84,7595 
9862,1996-09-02,302928.0,62.84,7595 
9860,1996-10-31,307766.0,63.84,7716 
9859,1996-10-30,307766.0,63.84,7716 
9858,1996-10-29,307766.0,63.84,7716 
9857,1996-10-28,307766.0,63.84,7716 
9854,1996-10-25,307766.0,63.84,7716 
9853,1996-10-24,307766.0,63.84,7716 
9852,1996-10-23,307766.0,63.84,7716 
9851,1996-10-22,307766.0,63.84,7716 
9850,1996-10-21,307766.0,63.84,7716 
9847,1996-10-18,307766.0,63.84,7716 
9846,1996-10-17,307766.0,63.84,7716 
9845,1996-10-16,307766.0,63.84,7716 
9844,1996-10-15,307766.0,63.84,7716 
9843,1996-10-14,307766.0,63.84,7716 
9840,1996-10-11,307766.0,63.84,7716 
9839,1996-10-10,307766.0,63.84,7716 
9838,1996-10-09,307766.0,63.84,7716 
9837,1996-10-08,307766.0,63.84,7716 
9836,1996-10-07,307766.0,63.84,7716 
9833,1996-10-04,307766.0,63.84,7716 
9832,1996-10-03,307766.0,63.84,7716 
9831,1996-10-02,307766.0,63.84,7716 
9830,1996-10-01,307766.0,63.84,7716 
9828,1996-11-29,310233.0,64.36,7778 
9827,1996-11-28,310233.0,64.36,7778 
9826,1996-11-27,310233.0,64.36,7778 
9825,1996-11-26,310233.0,64.36,7778 
9824,1996-11-25,310233.0,64.36,7778 
9821,1996-11-22,310233.0,64.36,7778 
9820,1996-11-21,310233.0,64.36,7778 
9819,1996-11-20,310233.0,64.36,7778 
9818,1996-11-19,310233.0,64.36,7778 
9817,1996-11-18,310233.0,64.36,7778 
9814,1996-11-15,310233.0,64.36,7778 
9813,1996-11-14,310233.0,64.36,7778 
9812,1996-11-13,310233.0,64.36,7778 
9811,1996-11-12,310233.0,64.36,7778 
9810,1996-11-11,310233.0,64.36,7778 
9807,1996-11-08,310233.0,64.36,7778 
9806,1996-11-07,310233.0,64.36,7778 
9805,1996-11-06,310233.0,64.36,7778 
9804,1996-11-05,310233.0,64.36,7778 
9803,1996-11-04,310233.0,64.36,7778 
9799,1996-12-31,319976.0,65.41,8005 
9798,1996-12-30,319976.0,65.41,8005 
9795,1996-12-27,319976.0,65.41,8005 
9794,1996-12-26,319976.0,65.41,8005 
9791,1996-12-23,319976.0,65.41,8005 
9788,1996-12-20,319976.0,65.41,8005 
9787,1996-12-19,319976.0,65.41,8005 
9786,1996-12-18,319976.0,65.41,8005 
9785,1996-12-17,319976.0,65.41,8005 
9784,1996-12-16,319976.0,65.41,8005 
9781,1996-12-13,319976.0,65.41,8005 
9780,1996-12-12,319976.0,65.41,8005 
9779,1996-12-11,319976.0,65.41,8005 
9778,1996-12-10,319976.0,65.41,8005 
9777,1996-12-09,319976.0,65.41,8005 
9773,1996-12-05,319976.0,65.41,8005 
9772,1996-12-04,319976.0,65.41,8005 
9771,1996-12-03,319976.0,65.41,8005 
9770,1996-12-02,319976.0,65.41,8005 
9768,1997-01-31,319259.0,65.26,7987 
9767,1997-01-30,319259.0,65.26,7987 
9766,1997-01-29,319259.0,65.26,7987 
9765,1997-01-28,319259.0,65.26,7987 
9764,1997-01-27,319259.0,65.26,7987 
9761,1997-01-24,319259.0,65.26,7987 
9760,1997-01-23,319259.0,65.26,7987 
9759,1997-01-22,319259.0,65.26,7987 
9758,1997-01-21,319259.0,65.26,7987 
9757,1997-01-20,319259.0,65.26,7987 
9754,1997-01-17,319259.0,65.26,7987 
9753,1997-01-16,319259.0,65.26,7987 
9752,1997-01-15,319259.0,65.26,7987 
9751,1997-01-14,319259.0,65.26,7987 
9750,1997-01-13,319259.0,65.26,7987 
9747,1997-01-10,319259.0,65.26,7987 
9746,1997-01-09,319259.0,65.26,7987 
9745,1997-01-08,319259.0,65.26,7987 
9744,1997-01-07,319259.0,65.26,7987 
9740,1997-01-03,319259.0,65.26,7987 
9739,1997-01-02,319259.0,65.26,7987 
9737,1997-02-28,315010.0,64.39,7881 
9736,1997-02-27,315010.0,64.39,7881 
9735,1997-02-26,315010.0,64.39,7881 
9734,1997-02-25,315010.0,64.39,7881 
9733,1997-02-24,315010.0,64.39,7881 
9730,1997-02-21,315010.0,64.39,7881 
9729,1997-02-20,315010.0,64.39,7881 
9728,1997-02-19,315010.0,64.39,7881 
9727,1997-02-18,315010.0,64.39,7881 
9726,1997-02-17,315010.0,64.39,7881 
9723,1997-02-14,315010.0,64.39,7881 
9722,1997-02-13,315010.0,64.39,7881 
9721,1997-02-12,315010.0,64.39,7881 
9720,1997-02-11,315010.0,64.39,7881 
9719,1997-02-10,315010.0,64.39,7881 
9716,1997-02-07,315010.0,64.39,7881 
9715,1997-02-06,315010.0,64.39,7881 
9714,1997-02-05,315010.0,64.39,7881 
9713,1997-02-04,315010.0,64.39,7881 
9712,1997-02-03,315010.0,64.39,7881 
9709,1997-03-31,319311.0,64.39,7989 
9704,1997-03-26,319311.0,64.39,7989 
9703,1997-03-25,319311.0,64.39,7989 
9702,1997-03-24,319311.0,64.39,7989 
9699,1997-03-21,319311.0,64.39,7989 
9698,1997-03-20,319311.0,64.39,7989 
9697,1997-03-19,319311.0,64.39,7989 
9696,1997-03-18,319311.0,64.39,7989 
9695,1997-03-17,319311.0,64.39,7989 
9692,1997-03-14,319311.0,64.39,7989 
9691,1997-03-13,319311.0,64.39,7989 
9690,1997-03-12,319311.0,64.39,7989 
9689,1997-03-11,319311.0,64.39,7989 
9688,1997-03-10,319311.0,64.39,7989 
9685,1997-03-07,319311.0,64.39,7989 
9684,1997-03-06,319311.0,64.39,7989 
9683,1997-03-05,319311.0,64.39,7989 
9682,1997-03-04,319311.0,64.39,7989 
9681,1997-03-03,319311.0,64.39,7989 
9678,1997-04-30,323017.0,65.14,8081 
9677,1997-04-29,323017.0,65.14,8081 
9676,1997-04-28,323017.0,65.14,8081 
9673,1997-04-25,323017.0,65.14,8081 
9672,1997-04-24,323017.0,65.14,8081 
9671,1997-04-23,323017.0,65.14,8081 
9670,1997-04-22,323017.0,65.14,8081 
9669,1997-04-21,323017.0,65.14,8081 
9666,1997-04-18,323017.0,65.14,8081 
9665,1997-04-17,323017.0,65.14,8081 
9664,1997-04-16,323017.0,65.14,8081 
9663,1997-04-15,323017.0,65.14,8081 
9662,1997-04-14,323017.0,65.14,8081 
9659,1997-04-11,323017.0,65.14,8081 
9658,1997-04-10,323017.0,65.14,8081 
9657,1997-04-09,323017.0,65.14,8081 
9656,1997-04-08,323017.0,65.14,8081 
9655,1997-04-07,323017.0,65.14,8081 
9652,1997-04-04,323017.0,65.14,8081 
9651,1997-04-03,323017.0,65.14,8081 
9650,1997-04-02,323017.0,65.14,8081 
9649,1997-04-01,323017.0,65.14,8081 
9647,1997-05-30,331668.0,66.88,8298 
9646,1997-05-29,331668.0,66.88,8298 
9645,1997-05-28,331668.0,66.88,8298 
9644,1997-05-27,331668.0,66.88,8298 
9643,1997-05-26,331668.0,66.88,8298 
9640,1997-05-23,331668.0,66.88,8298 
9639,1997-05-22,331668.0,66.88,8298 
9638,1997-05-21,331668.0,66.88,8298 
9637,1997-05-20,331668.0,66.88,8298 
9636,1997-05-19,331668.0,66.88,8298 
9633,1997-05-16,331668.0,66.88,8298 
9631,1997-05-14,331668.0,66.88,8298 
9630,1997-05-13,331668.0,66.88,8298 
9629,1997-05-12,331668.0,66.88,8298 
9626,1997-05-09,331668.0,66.88,8298 
9625,1997-05-08,331668.0,66.88,8298 
9624,1997-05-07,331668.0,66.88,8298 
9623,1997-05-06,331668.0,66.88,8298 
9622,1997-05-05,331668.0,66.88,8298 
9617,1997-06-30,326860.0,65.06,8161 
9614,1997-06-27,326860.0,65.06,8161 
9613,1997-06-26,326860.0,65.06,8161 
9612,1997-06-25,326860.0,65.06,8161 
9611,1997-06-24,326860.0,65.06,8161 
9610,1997-06-23,326860.0,65.06,8161 
9607,1997-06-20,326860.0,65.06,8161 
9606,1997-06-19,326860.0,65.06,8161 
9605,1997-06-18,326860.0,65.06,8161 
9604,1997-06-17,326860.0,65.06,8161 
9603,1997-06-16,326860.0,65.06,8161 
9600,1997-06-13,326860.0,65.06,8161 
9599,1997-06-12,326860.0,65.06,8161 
9598,1997-06-11,326860.0,65.06,8161 
9597,1997-06-10,326860.0,65.06,8161 
9596,1997-06-09,326860.0,65.06,8161 
9593,1997-06-06,326860.0,65.06,8161 
9592,1997-06-05,326860.0,65.06,8161 
9591,1997-06-04,326860.0,65.06,8161 
9590,1997-06-03,326860.0,65.06,8161 
9589,1997-06-02,326860.0,65.06,8161 
9587,1997-07-31,327154.0,65.12,8169 
9586,1997-07-30,327154.0,65.12,8169 
9585,1997-07-29,327154.0,65.12,8169 
9584,1997-07-28,327154.0,65.12,8169 
9580,1997-07-24,327154.0,65.12,8169 
9579,1997-07-23,327154.0,65.12,8169 
9578,1997-07-22,327154.0,65.12,8169 
9577,1997-07-21,327154.0,65.12,8169 
9574,1997-07-18,327154.0,65.12,8169 
9573,1997-07-17,327154.0,65.12,8169 
9572,1997-07-16,327154.0,65.12,8169 
9571,1997-07-15,327154.0,65.12,8169 
9570,1997-07-14,327154.0,65.12,8169 
9567,1997-07-11,327154.0,65.12,8169 
9566,1997-07-10,327154.0,65.12,8169 
9565,1997-07-09,327154.0,65.12,8169 
9564,1997-07-08,327154.0,65.12,8169 
9563,1997-07-07,327154.0,65.12,8169 
9560,1997-07-04,327154.0,65.12,8169 
9559,1997-07-03,327154.0,65.12,8169 
9558,1997-07-02,327154.0,65.12,8169 
9557,1997-07-01,327154.0,65.12,8169 
9554,1997-08-29,330666.0,65.82,8256 
9553,1997-08-28,330666.0,65.82,8256 
9552,1997-08-27,330666.0,65.82,8256 
9551,1997-08-26,330666.0,65.82,8256 
9550,1997-08-25,330666.0,65.82,8256 
9547,1997-08-22,330666.0,65.82,8256 
9546,1997-08-21,330666.0,65.82,8256 
9545,1997-08-20,330666.0,65.82,8256 
9544,1997-08-19,330666.0,65.82,8256 
9543,1997-08-18,330666.0,65.82,8256 
9539,1997-08-14,330666.0,65.82,8256 
9538,1997-08-13,330666.0,65.82,8256 
9537,1997-08-12,330666.0,65.82,8256 
9536,1997-08-11,330666.0,65.82,8256 
9533,1997-08-08,330666.0,65.82,8256 
9532,1997-08-07,330666.0,65.82,8256 
9531,1997-08-06,330666.0,65.82,8256 
9530,1997-08-05,330666.0,65.82,8256 
9529,1997-08-04,330666.0,65.82,8256 
9526,1997-08-01,330666.0,65.82,8256 
9525,1997-09-30,330961.0,64.97,8264 
9524,1997-09-29,330961.0,64.97,8264 
9521,1997-09-26,330961.0,64.97,8264 
9520,1997-09-25,330961.0,64.97,8264 
9519,1997-09-24,330961.0,64.97,8264 
9518,1997-09-23,330961.0,64.97,8264 
9517,1997-09-22,330961.0,64.97,8264 
9514,1997-09-19,330961.0,64.97,8264 
9513,1997-09-18,330961.0,64.97,8264 
9512,1997-09-17,330961.0,64.97,8264 
9511,1997-09-16,330961.0,64.97,8264 
9510,1997-09-15,330961.0,64.97,8264 
9507,1997-09-12,330961.0,64.97,8264 
9506,1997-09-11,330961.0,64.97,8264 
9505,1997-09-10,330961.0,64.97,8264 
9504,1997-09-09,330961.0,64.97,8264 
9503,1997-09-08,330961.0,64.97,8264 
9500,1997-09-05,330961.0,64.97,8264 
9499,1997-09-04,330961.0,64.97,8264 
9498,1997-09-03,330961.0,64.97,8264 
9497,1997-09-02,330961.0,64.97,8264 
9496,1997-09-01,330961.0,64.97,8264 
9495,1997-10-31,330723.0,64.92,8258 
9494,1997-10-30,330723.0,64.92,8258 
9493,1997-10-29,330723.0,64.92,8258 
9492,1997-10-28,330723.0,64.92,8258 
9491,1997-10-27,330723.0,64.92,8258 
9488,1997-10-24,330723.0,64.92,8258 
9487,1997-10-23,330723.0,64.92,8258 
9486,1997-10-22,330723.0,64.92,8258 
9485,1997-10-21,330723.0,64.92,8258 
9484,1997-10-20,330723.0,64.92,8258 
9481,1997-10-17,330723.0,64.92,8258 
9480,1997-10-16,330723.0,64.92,8258 
9479,1997-10-15,330723.0,64.92,8258 
9478,1997-10-14,330723.0,64.92,8258 
9477,1997-10-13,330723.0,64.92,8258 
9474,1997-10-10,330723.0,64.92,8258 
9473,1997-10-09,330723.0,64.92,8258 
9472,1997-10-08,330723.0,64.92,8258 
9471,1997-10-07,330723.0,64.92,8258 
9470,1997-10-06,330723.0,64.92,8258 
9467,1997-10-03,330723.0,64.92,8258 
9466,1997-10-02,330723.0,64.92,8258 
9465,1997-10-01,330723.0,64.92,8258 
9462,1997-11-28,329328.0,64.65,8223 
9461,1997-11-27,329328.0,64.65,8223 
9460,1997-11-26,329328.0,64.65,8223 
9459,1997-11-25,329328.0,64.65,8223 
9458,1997-11-24,329328.0,64.65,8223 
9455,1997-11-21,329328.0,64.65,8223 
9454,1997-11-20,329328.0,64.65,8223 
9453,1997-11-19,329328.0,64.65,8223 
9452,1997-11-18,329328.0,64.65,8223 
9451,1997-11-17,329328.0,64.65,8223 
9448,1997-11-14,329328.0,64.65,8223 
9447,1997-11-13,329328.0,64.65,8223 
9446,1997-11-12,329328.0,64.65,8223 
9445,1997-11-11,329328.0,64.65,8223 
9444,1997-11-10,329328.0,64.65,8223 
9441,1997-11-07,329328.0,64.65,8223 
9440,1997-11-06,329328.0,64.65,8223 
9439,1997-11-05,329328.0,64.65,8223 
9438,1997-11-04,329328.0,64.65,8223 
9437,1997-11-03,329328.0,64.65,8223 
9434,1997-12-31,333627.0,64.25,8311 
9433,1997-12-30,333627.0,64.25,8311 
9432,1997-12-29,333627.0,64.25,8311 
9429,1997-12-26,333627.0,64.25,8311 
9426,1997-12-23,333627.0,64.25,8311 
9425,1997-12-22,333627.0,64.25,8311 
9422,1997-12-19,333627.0,64.25,8311 
9421,1997-12-18,333627.0,64.25,8311 
9420,1997-12-17,333627.0,64.25,8311 
9419,1997-12-16,333627.0,64.25,8311 
9418,1997-12-15,333627.0,64.25,8311 
9415,1997-12-12,333627.0,64.25,8311 
9414,1997-12-11,333627.0,64.25,8311 
9413,1997-12-10,333627.0,64.25,8311 
9412,1997-12-09,333627.0,64.25,8311 
9408,1997-12-05,333627.0,64.25,8311 
9407,1997-12-04,333627.0,64.25,8311 
9406,1997-12-03,333627.0,64.25,8311 
9405,1997-12-02,333627.0,64.25,8311 
9404,1997-12-01,333627.0,64.25,8311 
9402,1998-01-30,336645.0,64.83,8386 
9401,1998-01-29,336645.0,64.83,8386 
9400,1998-01-28,336645.0,64.83,8386 
9399,1998-01-27,336645.0,64.83,8386 
9398,1998-01-26,336645.0,64.83,8386 
9395,1998-01-23,336645.0,64.83,8386 
9394,1998-01-22,336645.0,64.83,8386 
9393,1998-01-21,336645.0,64.83,8386 
9392,1998-01-20,336645.0,64.83,8386 
9391,1998-01-19,336645.0,64.83,8386 
9388,1998-01-16,336645.0,64.83,8386 
9387,1998-01-15,336645.0,64.83,8386 
9386,1998-01-14,336645.0,64.83,8386 
9385,1998-01-13,336645.0,64.83,8386 
9384,1998-01-12,336645.0,64.83,8386 
9381,1998-01-09,336645.0,64.83,8386 
9380,1998-01-08,336645.0,64.83,8386 
9379,1998-01-07,336645.0,64.83,8386 
9377,1998-01-05,336645.0,64.83,8386 
9374,1998-01-02,336645.0,64.83,8386 
9371,1998-02-27,341262.0,65.72,8501 
9370,1998-02-26,341262.0,65.72,8501 
9369,1998-02-25,341262.0,65.72,8501 
9368,1998-02-24,341262.0,65.72,8501 
9367,1998-02-23,341262.0,65.72,8501 
9364,1998-02-20,341262.0,65.72,8501 
9363,1998-02-19,341262.0,65.72,8501 
9362,1998-02-18,341262.0,65.72,8501 
9361,1998-02-17,341262.0,65.72,8501 
9360,1998-02-16,341262.0,65.72,8501 
9357,1998-02-13,341262.0,65.72,8501 
9356,1998-02-12,341262.0,65.72,8501 
9355,1998-02-11,341262.0,65.72,8501 
9354,1998-02-10,341262.0,65.72,8501 
9353,1998-02-09,341262.0,65.72,8501 
9350,1998-02-06,341262.0,65.72,8501 
9349,1998-02-05,341262.0,65.72,8501 
9348,1998-02-04,341262.0,65.72,8501 
9347,1998-02-03,341262.0,65.72,8501 
9346,1998-02-02,341262.0,65.72,8501 
9344,1998-03-31,343789.0,65.17,8564 
9343,1998-03-30,343789.0,65.17,8564 
9340,1998-03-27,343789.0,65.17,8564 
9339,1998-03-26,343789.0,65.17,8564 
9338,1998-03-25,343789.0,65.17,8564 
9337,1998-03-24,343789.0,65.17,8564 
9336,1998-03-23,343789.0,65.17,8564 
9333,1998-03-20,343789.0,65.17,8564 
9331,1998-03-18,343789.0,65.17,8564 
9330,1998-03-17,343789.0,65.17,8564 
9329,1998-03-16,343789.0,65.17,8564 
9326,1998-03-13,343789.0,65.17,8564 
9325,1998-03-12,343789.0,65.17,8564 
9324,1998-03-11,343789.0,65.17,8564 
9323,1998-03-10,343789.0,65.17,8564 
9322,1998-03-09,343789.0,65.17,8564 
9319,1998-03-06,343789.0,65.17,8564 
9318,1998-03-05,343789.0,65.17,8564 
9317,1998-03-04,343789.0,65.17,8564 
9316,1998-03-03,343789.0,65.17,8564 
9315,1998-03-02,343789.0,65.17,8564 
9313,1998-04-30,342183.0,64.86,8524 
9312,1998-04-29,342183.0,64.86,8524 
9311,1998-04-28,342183.0,64.86,8524 
9310,1998-04-27,342183.0,64.86,8524 
9307,1998-04-24,342183.0,64.86,8524 
9306,1998-04-23,342183.0,64.86,8524 
9305,1998-04-22,342183.0,64.86,8524 
9304,1998-04-21,342183.0,64.86,8524 
9303,1998-04-20,342183.0,64.86,8524 
9300,1998-04-17,342183.0,64.86,8524 
9299,1998-04-16,342183.0,64.86,8524 
9298,1998-04-15,342183.0,64.86,8524 
9297,1998-04-14,342183.0,64.86,8524 
9291,1998-04-08,342183.0,64.86,8524 
9290,1998-04-07,342183.0,64.86,8524 
9289,1998-04-06,342183.0,64.86,8524 
9286,1998-04-03,342183.0,64.86,8524 
9285,1998-04-02,342183.0,64.86,8524 
9284,1998-04-01,342183.0,64.86,8524 
9281,1998-05-29,343092.0,65.03,8547 
9280,1998-05-28,343092.0,65.03,8547 
9279,1998-05-27,343092.0,65.03,8547 
9278,1998-05-26,343092.0,65.03,8547 
9277,1998-05-25,343092.0,65.03,8547 
9274,1998-05-22,343092.0,65.03,8547 
9273,1998-05-21,343092.0,65.03,8547 
9272,1998-05-20,343092.0,65.03,8547 
9271,1998-05-19,343092.0,65.03,8547 
9270,1998-05-18,343092.0,65.03,8547 
9267,1998-05-15,343092.0,65.03,8547 
9266,1998-05-14,343092.0,65.03,8547 
9265,1998-05-13,343092.0,65.03,8547 
9264,1998-05-12,343092.0,65.03,8547 
9263,1998-05-11,343092.0,65.03,8547 
9260,1998-05-08,343092.0,65.03,8547 
9259,1998-05-07,343092.0,65.03,8547 
9258,1998-05-06,343092.0,65.03,8547 
9257,1998-05-05,343092.0,65.03,8547 
9256,1998-05-04,343092.0,65.03,8547 
9252,1998-06-30,349356.0,,8687 
9251,1998-06-29,349356.0,,8687 
9248,1998-06-26,349356.0,,8687 
9247,1998-06-25,349356.0,,8687 
9246,1998-06-24,349356.0,,8687 
9245,1998-06-23,349356.0,,8687 
9244,1998-06-22,349356.0,,8687 
9241,1998-06-19,349356.0,,8687 
9240,1998-06-18,349356.0,,8687 
9239,1998-06-17,349356.0,,8687 
9238,1998-06-16,349356.0,,8687 
9237,1998-06-15,349356.0,,8687 
9234,1998-06-12,349356.0,,8687 
9233,1998-06-11,349356.0,,8687 
9232,1998-06-10,349356.0,,8687 
9231,1998-06-09,349356.0,,8687 
9230,1998-06-08,349356.0,,8687 
9227,1998-06-05,349356.0,,8687 
9226,1998-06-04,349356.0,,8687 
9225,1998-06-03,349356.0,,8687 
9224,1998-06-02,349356.0,,8687 
9222,1998-07-31,350028.0,65.12,8704 
9221,1998-07-30,350028.0,65.12,8704 
9220,1998-07-29,350028.0,65.12,8704 
9219,1998-07-28,350028.0,65.12,8704 
9218,1998-07-27,350028.0,65.12,8704 
9215,1998-07-24,350028.0,65.12,8704 
9214,1998-07-23,350028.0,65.12,8704 
9213,1998-07-22,350028.0,65.12,8704 
9212,1998-07-21,350028.0,65.12,8704 
9211,1998-07-20,350028.0,65.12,8704 
9208,1998-07-17,350028.0,65.12,8704 
9207,1998-07-16,350028.0,65.12,8704 
9206,1998-07-15,350028.0,65.12,8704 
9205,1998-07-14,350028.0,65.12,8704 
9204,1998-07-13,350028.0,65.12,8704 
9201,1998-07-10,350028.0,65.12,8704 
9200,1998-07-09,350028.0,65.12,8704 
9199,1998-07-08,350028.0,65.12,8704 
9198,1998-07-07,350028.0,65.12,8704 
9197,1998-07-06,350028.0,65.12,8704 
9194,1998-07-03,350028.0,65.12,8704 
9193,1998-07-02,350028.0,65.12,8704 
9192,1998-07-01,350028.0,65.12,8704 
9191,1998-08-31,347904.0,64.73,8651 
9188,1998-08-28,347904.0,64.73,8651 
9187,1998-08-27,347904.0,64.73,8651 
9186,1998-08-26,347904.0,64.73,8651 
9185,1998-08-25,347904.0,64.73,8651 
9184,1998-08-24,347904.0,64.73,8651 
9181,1998-08-21,347904.0,64.73,8651 
9180,1998-08-20,347904.0,64.73,8651 
9179,1998-08-19,347904.0,64.73,8651 
9178,1998-08-18,347904.0,64.73,8651 
9177,1998-08-17,347904.0,64.73,8651 
9174,1998-08-14,347904.0,64.73,8651 
9173,1998-08-13,347904.0,64.73,8651 
9172,1998-08-12,347904.0,64.73,8651 
9171,1998-08-11,347904.0,64.73,8651 
9170,1998-08-10,347904.0,64.73,8651 
9167,1998-08-07,347904.0,64.73,8651 
9166,1998-08-06,347904.0,64.73,8651 
9165,1998-08-05,347904.0,64.73,8651 
9164,1998-08-04,347904.0,64.73,8651 
9163,1998-08-03,347904.0,64.73,8651 
9160,1998-09-30,353728.0,64.69,8796 
9159,1998-09-29,353728.0,64.69,8796 
9158,1998-09-28,353728.0,64.69,8796 
9155,1998-09-25,353728.0,64.69,8796 
9154,1998-09-24,353728.0,64.69,8796 
9153,1998-09-23,353728.0,64.69,8796 
9152,1998-09-22,353728.0,64.69,8796 
9151,1998-09-21,353728.0,64.69,8796 
9148,1998-09-18,353728.0,64.69,8796 
9147,1998-09-17,353728.0,64.69,8796 
9146,1998-09-16,353728.0,64.69,8796 
9145,1998-09-15,353728.0,64.69,8796 
9144,1998-09-14,353728.0,64.69,8796 
9141,1998-09-11,353728.0,64.69,8796 
9140,1998-09-10,353728.0,64.69,8796 
9139,1998-09-09,353728.0,64.69,8796 
9138,1998-09-08,353728.0,64.69,8796 
9137,1998-09-07,353728.0,64.69,8796 
9134,1998-09-04,353728.0,64.69,8796 
9133,1998-09-03,353728.0,64.69,8796 
9132,1998-09-02,353728.0,64.69,8796 
9131,1998-09-01,353728.0,64.69,8796 
9129,1998-10-30,357794.0,65.43,8897 
9128,1998-10-29,357794.0,65.43,8897 
9127,1998-10-28,357794.0,65.43,8897 
9126,1998-10-27,357794.0,65.43,8897 
9125,1998-10-26,357794.0,65.43,8897 
9122,1998-10-23,357794.0,65.43,8897 
9121,1998-10-22,357794.0,65.43,8897 
9120,1998-10-21,357794.0,65.43,8897 
9119,1998-10-20,357794.0,65.43,8897 
9118,1998-10-19,357794.0,65.43,8897 
9115,1998-10-16,357794.0,65.43,8897 
9114,1998-10-15,357794.0,65.43,8897 
9113,1998-10-14,357794.0,65.43,8897 
9112,1998-10-13,357794.0,65.43,8897 
9108,1998-10-09,357794.0,65.43,8897 
9107,1998-10-08,357794.0,65.43,8897 
9106,1998-10-07,357794.0,65.43,8897 
9105,1998-10-06,357794.0,65.43,8897 
9104,1998-10-05,357794.0,65.43,8897 
9101,1998-10-02,357794.0,65.43,8897 
9100,1998-10-01,357794.0,65.43,8897 
9099,1998-11-30,354815.0,64.89,8823 
9096,1998-11-27,354815.0,64.89,8823 
9095,1998-11-26,354815.0,64.89,8823 
9094,1998-11-25,354815.0,64.89,8823 
9093,1998-11-24,354815.0,64.89,8823 
9092,1998-11-23,354815.0,64.89,8823 
9089,1998-11-20,354815.0,64.89,8823 
9088,1998-11-19,354815.0,64.89,8823 
9087,1998-11-18,354815.0,64.89,8823 
9086,1998-11-17,354815.0,64.89,8823 
9085,1998-11-16,354815.0,64.89,8823 
9082,1998-11-13,354815.0,64.89,8823 
9081,1998-11-12,354815.0,64.89,8823 
9080,1998-11-11,354815.0,64.89,8823 
9079,1998-11-10,354815.0,64.89,8823 
9078,1998-11-09,354815.0,64.89,8823 
9075,1998-11-06,354815.0,64.89,8823 
9074,1998-11-05,354815.0,64.89,8823 
9073,1998-11-04,354815.0,64.89,8823 
9072,1998-11-03,354815.0,64.89,8823 
9071,1998-11-02,354815.0,64.89,8823 
9068,1998-12-30,346417.0,62.31,8595 
9067,1998-12-29,346417.0,62.31,8595 
9066,1998-12-28,346417.0,62.31,8595 
9061,1998-12-23,346417.0,62.31,8595 
9060,1998-12-22,346417.0,62.31,8595 
9059,1998-12-21,346417.0,62.31,8595 
9056,1998-12-18,346417.0,62.31,8595 
9055,1998-12-17,346417.0,62.31,8595 
9054,1998-12-16,346417.0,62.31,8595 
9053,1998-12-15,346417.0,62.31,8595 
9052,1998-12-14,346417.0,62.31,8595 
9049,1998-12-11,346417.0,62.31,8595 
9048,1998-12-10,346417.0,62.31,8595 
9047,1998-12-09,346417.0,62.31,8595 
9045,1998-12-07,346417.0,62.31,8595 
9042,1998-12-04,346417.0,62.31,8595 
9041,1998-12-03,346417.0,62.31,8595 
9040,1998-12-02,346417.0,62.31,8595 
9039,1998-12-01,346417.0,62.31,8595 
9036,1999-01-29,345035.0,62.06,8561 
9035,1999-01-28,345035.0,62.06,8561 
9034,1999-01-27,345035.0,62.06,8561 
9033,1999-01-26,345035.0,62.06,8561 
9032,1999-01-25,345035.0,62.06,8561 
9029,1999-01-22,345035.0,62.06,8561 
9028,1999-01-21,345035.0,62.06,8561 
9027,1999-01-20,345035.0,62.06,8561 
9026,1999-01-19,345035.0,62.06,8561 
9025,1999-01-18,345035.0,62.06,8561 
9022,1999-01-15,345035.0,62.06,8561 
9021,1999-01-14,345035.0,62.06,8561 
9020,1999-01-13,345035.0,62.06,8561 
9019,1999-01-12,345035.0,62.06,8561 
9018,1999-01-11,345035.0,62.06,8561 
9015,1999-01-08,345035.0,62.06,8561 
9014,1999-01-07,345035.0,62.06,8561 
9012,1999-01-05,345035.0,62.06,8561 
9011,1999-01-04,345035.0,62.06,8561 
9005,1999-02-26,347792.0,62.55,8629 
9004,1999-02-25,347792.0,62.55,8629 
9003,1999-02-24,347792.0,62.55,8629 
9002,1999-02-23,347792.0,62.55,8629 
9001,1999-02-22,347792.0,62.55,8629 
8998,1999-02-19,347792.0,62.55,8629 
8997,1999-02-18,347792.0,62.55,8629 
8996,1999-02-17,347792.0,62.55,8629 
8995,1999-02-16,347792.0,62.55,8629 
8994,1999-02-15,347792.0,62.55,8629 
8991,1999-02-12,347792.0,62.55,8629 
8990,1999-02-11,347792.0,62.55,8629 
8989,1999-02-10,347792.0,62.55,8629 
8988,1999-02-09,347792.0,62.55,8629 
8987,1999-02-08,347792.0,62.55,8629 
8984,1999-02-05,347792.0,62.55,8629 
8983,1999-02-04,347792.0,62.55,8629 
8982,1999-02-03,347792.0,62.55,8629 
8981,1999-02-02,347792.0,62.55,8629 
8980,1999-02-01,347792.0,62.55,8629 
8979,1999-03-31,350851.0,61.93,8705 
8978,1999-03-30,350851.0,61.93,8705 
8977,1999-03-29,350851.0,61.93,8705 
8974,1999-03-26,350851.0,61.93,8705 
8973,1999-03-25,350851.0,61.93,8705 
8972,1999-03-24,350851.0,61.93,8705 
8971,1999-03-23,350851.0,61.93,8705 
8970,1999-03-22,350851.0,61.93,8705 
8967,1999-03-19,350851.0,61.93,8705 
8966,1999-03-18,350851.0,61.93,8705 
8965,1999-03-17,350851.0,61.93,8705 
8964,1999-03-16,350851.0,61.93,8705 
8963,1999-03-15,350851.0,61.93,8705 
8960,1999-03-12,350851.0,61.93,8705 
8959,1999-03-11,350851.0,61.93,8705 
8958,1999-03-10,350851.0,61.93,8705 
8957,1999-03-09,350851.0,61.93,8705 
8956,1999-03-08,350851.0,61.93,8705 
8953,1999-03-05,350851.0,61.93,8705 
8952,1999-03-04,350851.0,61.93,8705 
8951,1999-03-03,350851.0,61.93,8705 
8950,1999-03-02,350851.0,61.93,8705 
8949,1999-03-01,350851.0,61.93,8705 
8948,1999-04-30,347209.0,61.29,8615 
8947,1999-04-29,347209.0,61.29,8615 
8946,1999-04-28,347209.0,61.29,8615 
8945,1999-04-27,347209.0,61.29,8615 
8944,1999-04-26,347209.0,61.29,8615 
8941,1999-04-23,347209.0,61.29,8615 
8940,1999-04-22,347209.0,61.29,8615 
8939,1999-04-21,347209.0,61.29,8615 
8938,1999-04-20,347209.0,61.29,8615 
8937,1999-04-19,347209.0,61.29,8615 
8934,1999-04-16,347209.0,61.29,8615 
8933,1999-04-15,347209.0,61.29,8615 
8932,1999-04-14,347209.0,61.29,8615 
8931,1999-04-13,347209.0,61.29,8615 
8930,1999-04-12,347209.0,61.29,8615 
8927,1999-04-09,347209.0,61.29,8615 
8926,1999-04-08,347209.0,61.29,8615 
8925,1999-04-07,347209.0,61.29,8615 
8924,1999-04-06,347209.0,61.29,8615 
8918,1999-05-31,351299.0,62.01,8716 
8915,1999-05-28,351299.0,62.01,8716 
8914,1999-05-27,351299.0,62.01,8716 
8913,1999-05-26,351299.0,62.01,8716 
8912,1999-05-25,351299.0,62.01,8716 
8911,1999-05-24,351299.0,62.01,8716 
8908,1999-05-21,351299.0,62.01,8716 
8907,1999-05-20,351299.0,62.01,8716 
8906,1999-05-19,351299.0,62.01,8716 
8905,1999-05-18,351299.0,62.01,8716 
8904,1999-05-17,351299.0,62.01,8716 
8901,1999-05-14,351299.0,62.01,8716 
8900,1999-05-13,351299.0,62.01,8716 
8899,1999-05-12,351299.0,62.01,8716 
8898,1999-05-11,351299.0,62.01,8716 
8897,1999-05-10,351299.0,62.01,8716 
8894,1999-05-07,351299.0,62.01,8716 
8893,1999-05-06,351299.0,62.01,8716 
8892,1999-05-05,351299.0,62.01,8716 
8891,1999-05-04,351299.0,62.01,8716 
8890,1999-05-03,351299.0,62.01,8716 
8887,1999-06-30,353860.0,61.44,8765 
8886,1999-06-29,353860.0,61.44,8765 
8885,1999-06-28,353860.0,61.44,8765 
8882,1999-06-25,353860.0,61.44,8765 
8881,1999-06-24,353860.0,61.44,8765 
8880,1999-06-23,353860.0,61.44,8765 
8879,1999-06-22,353860.0,61.44,8765 
8878,1999-06-21,353860.0,61.44,8765 
8875,1999-06-18,353860.0,61.44,8765 
8874,1999-06-17,353860.0,61.44,8765 
8873,1999-06-16,353860.0,61.44,8765 
8872,1999-06-15,353860.0,61.44,8765 
8871,1999-06-14,353860.0,61.44,8765 
8868,1999-06-11,353860.0,61.44,8765 
8867,1999-06-10,353860.0,61.44,8765 
8866,1999-06-09,353860.0,61.44,8765 
8865,1999-06-08,353860.0,61.44,8765 
8864,1999-06-07,353860.0,61.44,8765 
8861,1999-06-04,353860.0,61.44,8765 
8860,1999-06-03,353860.0,61.44,8765 
8859,1999-06-02,353860.0,61.44,8765 
8858,1999-06-01,353860.0,61.44,8765 
8856,1999-07-30,347214.0,60.29,8601 
8855,1999-07-29,347214.0,60.29,8601 
8854,1999-07-28,347214.0,60.29,8601 
8853,1999-07-27,347214.0,60.29,8601 
8852,1999-07-26,347214.0,60.29,8601 
8849,1999-07-23,347214.0,60.29,8601 
8848,1999-07-22,347214.0,60.29,8601 
8847,1999-07-21,347214.0,60.29,8601 
8846,1999-07-20,347214.0,60.29,8601 
8845,1999-07-19,347214.0,60.29,8601 
8842,1999-07-16,347214.0,60.29,8601 
8841,1999-07-15,347214.0,60.29,8601 
8840,1999-07-14,347214.0,60.29,8601 
8839,1999-07-13,347214.0,60.29,8601 
8838,1999-07-12,347214.0,60.29,8601 
8835,1999-07-09,347214.0,60.29,8601 
8834,1999-07-08,347214.0,60.29,8601 
8833,1999-07-07,347214.0,60.29,8601 
8832,1999-07-06,347214.0,60.29,8601 
8831,1999-07-05,347214.0,60.29,8601 
8828,1999-07-02,347214.0,60.29,8601 
8827,1999-07-01,347214.0,60.29,8601 
8826,1999-08-31,349134.0,60.62,8648 
8825,1999-08-30,349134.0,60.62,8648 
8822,1999-08-27,349134.0,60.62,8648 
8821,1999-08-26,349134.0,60.62,8648 
8820,1999-08-25,349134.0,60.62,8648 
8819,1999-08-24,349134.0,60.62,8648 
8818,1999-08-23,349134.0,60.62,8648 
8815,1999-08-20,349134.0,60.62,8648 
8814,1999-08-19,349134.0,60.62,8648 
8813,1999-08-18,349134.0,60.62,8648 
8812,1999-08-17,349134.0,60.62,8648 
8811,1999-08-16,349134.0,60.62,8648 
8808,1999-08-13,349134.0,60.62,8648 
8807,1999-08-12,349134.0,60.62,8648 
8806,1999-08-11,349134.0,60.62,8648 
8805,1999-08-10,349134.0,60.62,8648 
8804,1999-08-09,349134.0,60.62,8648 
8801,1999-08-06,349134.0,60.62,8648 
8800,1999-08-05,349134.0,60.62,8648 
8799,1999-08-04,349134.0,60.62,8648 
8798,1999-08-03,349134.0,60.62,8648 
8797,1999-08-02,349134.0,60.62,8648 
8795,1999-09-30,352144.0,60.1,8723 
8794,1999-09-29,352144.0,60.1,8723 
8793,1999-09-28,352144.0,60.1,8723 
8792,1999-09-27,352144.0,60.1,8723 
8789,1999-09-24,352144.0,60.1,8723 
8788,1999-09-23,352144.0,60.1,8723 
8787,1999-09-22,352144.0,60.1,8723 
8786,1999-09-21,352144.0,60.1,8723 
8785,1999-09-20,352144.0,60.1,8723 
8782,1999-09-17,352144.0,60.1,8723 
8781,1999-09-16,352144.0,60.1,8723 
8780,1999-09-15,352144.0,60.1,8723 
8779,1999-09-14,352144.0,60.1,8723 
8778,1999-09-13,352144.0,60.1,8723 
8775,1999-09-10,352144.0,60.1,8723 
8774,1999-09-09,352144.0,60.1,8723 
8773,1999-09-08,352144.0,60.1,8723 
8772,1999-09-07,352144.0,60.1,8723 
8771,1999-09-06,352144.0,60.1,8723 
8768,1999-09-03,352144.0,60.1,8723 
8767,1999-09-02,352144.0,60.1,8723 
8766,1999-09-01,352144.0,60.1,8723 
8763,1999-10-29,350653.0,59.85,8686 
8762,1999-10-28,350653.0,59.85,8686 
8761,1999-10-27,350653.0,59.85,8686 
8760,1999-10-26,350653.0,59.85,8686 
8759,1999-10-25,350653.0,59.85,8686 
8756,1999-10-22,350653.0,59.85,8686 
8755,1999-10-21,350653.0,59.85,8686 
8754,1999-10-20,350653.0,59.85,8686 
8753,1999-10-19,350653.0,59.85,8686 
8752,1999-10-18,350653.0,59.85,8686 
8749,1999-10-15,350653.0,59.85,8686 
8748,1999-10-14,350653.0,59.85,8686 
8747,1999-10-13,350653.0,59.85,8686 
8745,1999-10-11,350653.0,59.85,8686 
8742,1999-10-08,350653.0,59.85,8686 
8741,1999-10-07,350653.0,59.85,8686 
8740,1999-10-06,350653.0,59.85,8686 
8739,1999-10-05,350653.0,59.85,8686 
8738,1999-10-04,350653.0,59.85,8686 
8735,1999-10-01,350653.0,59.85,8686 
8734,1999-11-30,355647.0,60.7,8810 
8733,1999-11-29,355647.0,60.7,8810 
8730,1999-11-26,355647.0,60.7,8810 
8729,1999-11-25,355647.0,60.7,8810 
8728,1999-11-24,355647.0,60.7,8810 
8727,1999-11-23,355647.0,60.7,8810 
8726,1999-11-22,355647.0,60.7,8810 
8723,1999-11-19,355647.0,60.7,8810 
8722,1999-11-18,355647.0,60.7,8810 
8721,1999-11-17,355647.0,60.7,8810 
8720,1999-11-16,355647.0,60.7,8810 
8719,1999-11-15,355647.0,60.7,8810 
8716,1999-11-12,355647.0,60.7,8810 
8715,1999-11-11,355647.0,60.7,8810 
8714,1999-11-10,355647.0,60.7,8810 
8713,1999-11-09,355647.0,60.7,8810 
8712,1999-11-08,355647.0,60.7,8810 
8709,1999-11-05,355647.0,60.7,8810 
8708,1999-11-04,355647.0,60.7,8810 
8707,1999-11-03,355647.0,60.7,8810 
8706,1999-11-02,355647.0,60.7,8810 
8703,1999-12-30,362223.0,60.8,8950 
8702,1999-12-29,362223.0,60.8,8950 
8701,1999-12-28,362223.0,60.8,8950 
8700,1999-12-27,362223.0,60.8,8950 
8696,1999-12-23,362223.0,60.8,8950 
8695,1999-12-22,362223.0,60.8,8950 
8694,1999-12-21,362223.0,60.8,8950 
8693,1999-12-20,362223.0,60.8,8950 
8690,1999-12-17,362223.0,60.8,8950 
8689,1999-12-16,362223.0,60.8,8950 
8688,1999-12-15,362223.0,60.8,8950 
8687,1999-12-14,362223.0,60.8,8950 
8686,1999-12-13,362223.0,60.8,8950 
8683,1999-12-10,362223.0,60.8,8950 
8682,1999-12-09,362223.0,60.8,8950 
8680,1999-12-07,362223.0,60.8,8950 
8676,1999-12-03,362223.0,60.8,8950 
8675,1999-12-02,362223.0,60.8,8950 
8674,1999-12-01,362223.0,60.8,8950 
8673,2000-01-31,361469.0,60.68,8932 
8670,2000-01-28,361469.0,60.68,8932 
8669,2000-01-27,361469.0,60.68,8932 
8668,2000-01-26,361469.0,60.68,8932 
8667,2000-01-25,361469.0,60.68,8932 
8666,2000-01-24,361469.0,60.68,8932 
8663,2000-01-21,361469.0,60.68,8932 
8662,2000-01-20,361469.0,60.68,8932 
8661,2000-01-19,361469.0,60.68,8932 
8660,2000-01-18,361469.0,60.68,8932 
8659,2000-01-17,361469.0,60.68,8932 
8656,2000-01-14,361469.0,60.68,8932 
8655,2000-01-13,361469.0,60.68,8932 
8654,2000-01-12,361469.0,60.68,8932 
8653,2000-01-11,361469.0,60.68,8932 
8652,2000-01-10,361469.0,60.68,8932 
8649,2000-01-07,361469.0,60.68,8932 
8647,2000-01-05,361469.0,60.68,8932 
8646,2000-01-04,361469.0,60.68,8932 
8645,2000-01-03,361469.0,60.68,8932 
8642,2000-02-29,363674.0,61.05,8986 
8641,2000-02-28,363674.0,61.05,8986 
8638,2000-02-25,363674.0,61.05,8986 
8637,2000-02-24,363674.0,61.05,8986 
8636,2000-02-23,363674.0,61.05,8986 
8635,2000-02-22,363674.0,61.05,8986 
8634,2000-02-21,363674.0,61.05,8986 
8631,2000-02-18,363674.0,61.05,8986 
8630,2000-02-17,363674.0,61.05,8986 
8629,2000-02-16,363674.0,61.05,8986 
8628,2000-02-15,363674.0,61.05,8986 
8627,2000-02-14,363674.0,61.05,8986 
8624,2000-02-11,363674.0,61.05,8986 
8623,2000-02-10,363674.0,61.05,8986 
8622,2000-02-09,363674.0,61.05,8986 
8621,2000-02-08,363674.0,61.05,8986 
8620,2000-02-07,363674.0,61.05,8986 
8617,2000-02-04,363674.0,61.05,8986 
8616,2000-02-03,363674.0,61.05,8986 
8615,2000-02-02,363674.0,61.05,8986 
8614,2000-02-01,363674.0,61.05,8986 
8613,2000-03-31,362694.0,59.64,8962 
8612,2000-03-30,362694.0,59.64,8962 
8611,2000-03-29,362694.0,59.64,8962 
8610,2000-03-28,362694.0,59.64,8962 
8609,2000-03-27,362694.0,59.64,8962 
8606,2000-03-24,362694.0,59.64,8962 
8605,2000-03-23,362694.0,59.64,8962 
8604,2000-03-22,362694.0,59.64,8962 
8603,2000-03-21,362694.0,59.64,8962 
8602,2000-03-20,362694.0,59.64,8962 
8599,2000-03-17,362694.0,59.64,8962 
8598,2000-03-16,362694.0,59.64,8962 
8597,2000-03-15,362694.0,59.64,8962 
8596,2000-03-14,362694.0,59.64,8962 
8595,2000-03-13,362694.0,59.64,8962 
8592,2000-03-10,362694.0,59.64,8962 
8591,2000-03-09,362694.0,59.64,8962 
8590,2000-03-08,362694.0,59.64,8962 
8589,2000-03-07,362694.0,59.64,8962 
8588,2000-03-06,362694.0,59.64,8962 
8585,2000-03-03,362694.0,59.64,8962 
8584,2000-03-02,362694.0,59.64,8962 
8583,2000-03-01,362694.0,59.64,8962 
8580,2000-04-28,360996.0,59.36,8920 
8579,2000-04-27,360996.0,59.36,8920 
8578,2000-04-26,360996.0,59.36,8920 
8577,2000-04-25,360996.0,59.36,8920 
8572,2000-04-20,360996.0,59.36,8920 
8571,2000-04-19,360996.0,59.36,8920 
8570,2000-04-18,360996.0,59.36,8920 
8569,2000-04-17,360996.0,59.36,8920 
8566,2000-04-14,360996.0,59.36,8920 
8565,2000-04-13,360996.0,59.36,8920 
8564,2000-04-12,360996.0,59.36,8920 
8563,2000-04-11,360996.0,59.36,8920 
8562,2000-04-10,360996.0,59.36,8920 
8559,2000-04-07,360996.0,59.36,8920 
8558,2000-04-06,360996.0,59.36,8920 
8557,2000-04-05,360996.0,59.36,8920 
8556,2000-04-04,360996.0,59.36,8920 
8555,2000-04-03,360996.0,59.36,8920 
8552,2000-05-31,362887.0,59.67,8967 
8551,2000-05-30,362887.0,59.67,8967 
8550,2000-05-29,362887.0,59.67,8967 
8547,2000-05-26,362887.0,59.67,8967 
8546,2000-05-25,362887.0,59.67,8967 
8545,2000-05-24,362887.0,59.67,8967 
8544,2000-05-23,362887.0,59.67,8967 
8543,2000-05-22,362887.0,59.67,8967 
8540,2000-05-19,362887.0,59.67,8967 
8539,2000-05-18,362887.0,59.67,8967 
8538,2000-05-17,362887.0,59.67,8967 
8537,2000-05-16,362887.0,59.67,8967 
8536,2000-05-15,362887.0,59.67,8967 
8533,2000-05-12,362887.0,59.67,8967 
8532,2000-05-11,362887.0,59.67,8967 
8531,2000-05-10,362887.0,59.67,8967 
8530,2000-05-09,362887.0,59.67,8967 
8529,2000-05-08,362887.0,59.67,8967 
8526,2000-05-05,362887.0,59.67,8967 
8525,2000-05-04,362887.0,59.67,8967 
8524,2000-05-03,362887.0,59.67,8967 
8523,2000-05-02,362887.0,59.67,8967 
8521,2000-06-30,365743.0,58.87,9019 
8520,2000-06-29,365743.0,58.87,9019 
8519,2000-06-28,365743.0,58.87,9019 
8518,2000-06-27,365743.0,58.87,9019 
8517,2000-06-26,365743.0,58.87,9019 
8514,2000-06-23,365743.0,58.87,9019 
8513,2000-06-22,365743.0,58.87,9019 
8512,2000-06-21,365743.0,58.87,9019 
8511,2000-06-20,365743.0,58.87,9019 
8510,2000-06-19,365743.0,58.87,9019 
8507,2000-06-16,365743.0,58.87,9019 
8506,2000-06-15,365743.0,58.87,9019 
8505,2000-06-14,365743.0,58.87,9019 
8504,2000-06-13,365743.0,58.87,9019 
8503,2000-06-12,365743.0,58.87,9019 
8500,2000-06-09,365743.0,58.87,9019 
8499,2000-06-08,365743.0,58.87,9019 
8498,2000-06-07,365743.0,58.87,9019 
8497,2000-06-06,365743.0,58.87,9019 
8496,2000-06-05,365743.0,58.87,9019 
8493,2000-06-02,365743.0,58.87,9019 
8492,2000-06-01,365743.0,58.87,9019 
8491,2000-07-31,369436.0,59.46,9110 
8488,2000-07-28,369436.0,59.46,9110 
8487,2000-07-27,369436.0,59.46,9110 
8486,2000-07-26,369436.0,59.46,9110 
8485,2000-07-25,369436.0,59.46,9110 
8484,2000-07-24,369436.0,59.46,9110 
8481,2000-07-21,369436.0,59.46,9110 
8480,2000-07-20,369436.0,59.46,9110 
8479,2000-07-19,369436.0,59.46,9110 
8478,2000-07-18,369436.0,59.46,9110 
8477,2000-07-17,369436.0,59.46,9110 
8474,2000-07-14,369436.0,59.46,9110 
8473,2000-07-13,369436.0,59.46,9110 
8472,2000-07-12,369436.0,59.46,9110 
8471,2000-07-11,369436.0,59.46,9110 
8470,2000-07-10,369436.0,59.46,9110 
8467,2000-07-07,369436.0,59.46,9110 
8466,2000-07-06,369436.0,59.46,9110 
8465,2000-07-05,369436.0,59.46,9110 
8464,2000-07-04,369436.0,59.46,9110 
8463,2000-07-03,369436.0,59.46,9110 
8460,2000-08-31,367763.0,59.19,9068 
8459,2000-08-30,367763.0,59.19,9068 
8458,2000-08-29,367763.0,59.19,9068 
8457,2000-08-28,367763.0,59.19,9068 
8454,2000-08-25,367763.0,59.19,9068 
8453,2000-08-24,367763.0,59.19,9068 
8452,2000-08-23,367763.0,59.19,9068 
8451,2000-08-22,367763.0,59.19,9068 
8450,2000-08-21,367763.0,59.19,9068 
8447,2000-08-18,367763.0,59.19,9068 
8446,2000-08-17,367763.0,59.19,9068 
8445,2000-08-16,367763.0,59.19,9068 
8444,2000-08-15,367763.0,59.19,9068 
8443,2000-08-14,367763.0,59.19,9068 
8440,2000-08-11,367763.0,59.19,9068 
8439,2000-08-10,367763.0,59.19,9068 
8438,2000-08-09,367763.0,59.19,9068 
8437,2000-08-08,367763.0,59.19,9068 
8436,2000-08-07,367763.0,59.19,9068 
8433,2000-08-04,367763.0,59.19,9068 
8432,2000-08-03,367763.0,59.19,9068 
8431,2000-08-02,367763.0,59.19,9068 
8430,2000-08-01,367763.0,59.19,9068 
8428,2000-09-29,369100.0,58.16,9101 
8427,2000-09-28,369100.0,58.16,9101 
8426,2000-09-27,369100.0,58.16,9101 
8425,2000-09-26,369100.0,58.16,9101 
8424,2000-09-25,369100.0,58.16,9101 
8421,2000-09-22,369100.0,58.16,9101 
8420,2000-09-21,369100.0,58.16,9101 
8419,2000-09-20,369100.0,58.16,9101 
8418,2000-09-19,369100.0,58.16,9101 
8417,2000-09-18,369100.0,58.16,9101 
8414,2000-09-15,369100.0,58.16,9101 
8413,2000-09-14,369100.0,58.16,9101 
8412,2000-09-13,369100.0,58.16,9101 
8411,2000-09-12,369100.0,58.16,9101 
8410,2000-09-11,369100.0,58.16,9101 
8407,2000-09-08,369100.0,58.16,9101 
8406,2000-09-07,369100.0,58.16,9101 
8405,2000-09-06,369100.0,58.16,9101 
8404,2000-09-05,369100.0,58.16,9101 
8403,2000-09-04,369100.0,58.16,9101 
8400,2000-09-01,369100.0,58.16,9101 
8399,2000-10-31,371977.0,58.61,9172 
8398,2000-10-30,371977.0,58.61,9172 
8395,2000-10-27,371977.0,58.61,9172 
8394,2000-10-26,371977.0,58.61,9172 
8393,2000-10-25,371977.0,58.61,9172 
8392,2000-10-24,371977.0,58.61,9172 
8391,2000-10-23,371977.0,58.61,9172 
8388,2000-10-20,371977.0,58.61,9172 
8387,2000-10-19,371977.0,58.61,9172 
8386,2000-10-18,371977.0,58.61,9172 
8385,2000-10-17,371977.0,58.61,9172 
8384,2000-10-16,371977.0,58.61,9172 
8381,2000-10-13,371977.0,58.61,9172 
8379,2000-10-11,371977.0,58.61,9172 
8378,2000-10-10,371977.0,58.61,9172 
8377,2000-10-09,371977.0,58.61,9172 
8374,2000-10-06,371977.0,58.61,9172 
8373,2000-10-05,371977.0,58.61,9172 
8372,2000-10-04,371977.0,58.61,9172 
8371,2000-10-03,371977.0,58.61,9172 
8370,2000-10-02,371977.0,58.61,9172 
8368,2000-11-30,373649.0,58.87,9214 
8367,2000-11-29,373649.0,58.87,9214 
8366,2000-11-28,373649.0,58.87,9214 
8365,2000-11-27,373649.0,58.87,9214 
8362,2000-11-24,373649.0,58.87,9214 
8361,2000-11-23,373649.0,58.87,9214 
8360,2000-11-22,373649.0,58.87,9214 
8359,2000-11-21,373649.0,58.87,9214 
8358,2000-11-20,373649.0,58.87,9214 
8355,2000-11-17,373649.0,58.87,9214 
8354,2000-11-16,373649.0,58.87,9214 
8353,2000-11-15,373649.0,58.87,9214 
8352,2000-11-14,373649.0,58.87,9214 
8351,2000-11-13,373649.0,58.87,9214 
8348,2000-11-10,373649.0,58.87,9214 
8347,2000-11-09,373649.0,58.87,9214 
8346,2000-11-08,373649.0,58.87,9214 
8345,2000-11-07,373649.0,58.87,9214 
8344,2000-11-06,373649.0,58.87,9214 
8341,2000-11-03,373649.0,58.87,9214 
8340,2000-11-02,373649.0,58.87,9214 
8336,2000-12-29,374557.0,57.82,9211 
8335,2000-12-28,374557.0,57.82,9211 
8334,2000-12-27,374557.0,57.82,9211 
8329,2000-12-22,374557.0,57.82,9211 
8328,2000-12-21,374557.0,57.82,9211 
8327,2000-12-20,374557.0,57.82,9211 
8326,2000-12-19,374557.0,57.82,9211 
8325,2000-12-18,374557.0,57.82,9211 
8322,2000-12-15,374557.0,57.82,9211 
8321,2000-12-14,374557.0,57.82,9211 
8320,2000-12-13,374557.0,57.82,9211 
8319,2000-12-12,374557.0,57.82,9211 
8318,2000-12-11,374557.0,57.82,9211 
8314,2000-12-07,374557.0,57.82,9211 
8312,2000-12-05,374557.0,57.82,9211 
8311,2000-12-04,374557.0,57.82,9211 
8308,2000-12-01,374557.0,57.82,9211 
8307,2001-01-31,369689.0,57.06,9091 
8306,2001-01-30,369689.0,57.06,9091 
8305,2001-01-29,369689.0,57.06,9091 
8302,2001-01-26,369689.0,57.06,9091 
8301,2001-01-25,369689.0,57.06,9091 
8300,2001-01-24,369689.0,57.06,9091 
8299,2001-01-23,369689.0,57.06,9091 
8298,2001-01-22,369689.0,57.06,9091 
8295,2001-01-19,369689.0,57.06,9091 
8294,2001-01-18,369689.0,57.06,9091 
8293,2001-01-17,369689.0,57.06,9091 
8292,2001-01-16,369689.0,57.06,9091 
8291,2001-01-15,369689.0,57.06,9091 
8288,2001-01-12,369689.0,57.06,9091 
8287,2001-01-11,369689.0,57.06,9091 
8286,2001-01-10,369689.0,57.06,9091 
8285,2001-01-09,369689.0,57.06,9091 
8284,2001-01-08,369689.0,57.06,9091 
8281,2001-01-05,369689.0,57.06,9091 
8280,2001-01-04,369689.0,57.06,9091 
8279,2001-01-03,369689.0,57.06,9091 
8278,2001-01-02,369689.0,57.06,9091 
8276,2001-02-28,369286.0,,9081 
8275,2001-02-27,369286.0,,9081 
8274,2001-02-26,369286.0,,9081 
8271,2001-02-23,369286.0,,9081 
8270,2001-02-22,369286.0,,9081 
8269,2001-02-21,369286.0,,9081 
8268,2001-02-20,369286.0,,9081 
8267,2001-02-19,369286.0,,9081 
8264,2001-02-16,369286.0,,9081 
8263,2001-02-15,369286.0,,9081 
8262,2001-02-14,369286.0,,9081 
8261,2001-02-13,369286.0,,9081 
8260,2001-02-12,369286.0,,9081 
8257,2001-02-09,369286.0,,9081 
8256,2001-02-08,369286.0,,9081 
8255,2001-02-07,369286.0,,9081 
8254,2001-02-06,369286.0,,9081 
8253,2001-02-05,369286.0,,9081 
8250,2001-02-02,369286.0,,9081 
8249,2001-02-01,369286.0,,9081 
8247,2001-03-30,372830.0,56.39,9.168 
8246,2001-03-29,372830.0,56.39,9.168 
8245,2001-03-28,372830.0,56.39,9.168 
8244,2001-03-27,372830.0,56.39,9.168 
8243,2001-03-26,372830.0,56.39,9.168 
8240,2001-03-23,372830.0,56.39,9.168 
8239,2001-03-22,372830.0,56.39,9.168 
8238,2001-03-21,372830.0,56.39,9.168 
8237,2001-03-20,372830.0,56.39,9.168 
8236,2001-03-19,372830.0,56.39,9.168 
8233,2001-03-16,372830.0,56.39,9.168 
8232,2001-03-15,372830.0,56.39,9.168 
8231,2001-03-14,372830.0,56.39,9.168 
8230,2001-03-13,372830.0,56.39,9.168 
8229,2001-03-12,372830.0,56.39,9.168 
8226,2001-03-09,372830.0,56.39,9.168 
8225,2001-03-08,372830.0,56.39,9.168 
8224,2001-03-07,372830.0,56.39,9.168 
8223,2001-03-06,372830.0,56.39,9.168 
8222,2001-03-05,372830.0,56.39,9.168 
8219,2001-03-02,372830.0,56.39,9.168 
8218,2001-03-01,372830.0,56.39,9.168 
8217,2001-04-30,372356.0,56.32,9157 
8214,2001-04-27,372356.0,56.32,9157 
8213,2001-04-26,372356.0,56.32,9157 
8212,2001-04-25,372356.0,56.32,9157 
8211,2001-04-24,372356.0,56.32,9157 
8210,2001-04-23,372356.0,56.32,9157 
8207,2001-04-20,372356.0,56.32,9157 
8206,2001-04-19,372356.0,56.32,9157 
8205,2001-04-18,372356.0,56.32,9157 
8204,2001-04-17,372356.0,56.32,9157 
8199,2001-04-12,372356.0,56.32,9157 
8198,2001-04-11,372356.0,56.32,9157 
8197,2001-04-10,372356.0,56.32,9157 
8196,2001-04-09,372356.0,56.32,9157 
8193,2001-04-06,372356.0,56.32,9157 
8192,2001-04-05,372356.0,56.32,9157 
8191,2001-04-04,372356.0,56.32,9157 
8190,2001-04-03,372356.0,56.32,9157 
8189,2001-04-02,372356.0,56.32,9157 
8187,2001-05-31,374287.0,56.61,9204 
8186,2001-05-30,374287.0,56.61,9204 
8185,2001-05-29,374287.0,56.61,9204 
8184,2001-05-28,374287.0,56.61,9204 
8181,2001-05-25,374287.0,56.61,9204 
8180,2001-05-24,374287.0,56.61,9204 
8179,2001-05-23,374287.0,56.61,9204 
8178,2001-05-22,374287.0,56.61,9204 
8177,2001-05-21,374287.0,56.61,9204 
8174,2001-05-18,374287.0,56.61,9204 
8173,2001-05-17,374287.0,56.61,9204 
8172,2001-05-16,374287.0,56.61,9204 
8171,2001-05-15,374287.0,56.61,9204 
8170,2001-05-14,374287.0,56.61,9204 
8167,2001-05-11,374287.0,56.61,9204 
8166,2001-05-10,374287.0,56.61,9204 
8165,2001-05-09,374287.0,56.61,9204 
8164,2001-05-08,374287.0,56.61,9204 
8163,2001-05-07,374287.0,56.61,9204 
8160,2001-05-04,374287.0,56.61,9204 
8159,2001-05-03,374287.0,56.61,9204 
8158,2001-05-02,374287.0,56.61,9204 
8155,2001-06-29,377138.0,55.93,9251 
8154,2001-06-28,377138.0,55.93,9251 
8153,2001-06-27,377138.0,55.93,9251 
8152,2001-06-26,377138.0,55.93,9251 
8151,2001-06-25,377138.0,55.93,9251 
8148,2001-06-22,377138.0,55.93,9251 
8147,2001-06-21,377138.0,55.93,9251 
8146,2001-06-20,377138.0,55.93,9251 
8145,2001-06-19,377138.0,55.93,9251 
8144,2001-06-18,377138.0,55.93,9251 
8141,2001-06-15,377138.0,55.93,9251 
8140,2001-06-14,377138.0,55.93,9251 
8139,2001-06-13,377138.0,55.93,9251 
8138,2001-06-12,377138.0,55.93,9251 
8137,2001-06-11,377138.0,55.93,9251 
8134,2001-06-08,377138.0,55.93,9251 
8133,2001-06-07,377138.0,55.93,9251 
8132,2001-06-06,377138.0,55.93,9251 
8131,2001-06-05,377138.0,55.93,9251 
8130,2001-06-04,377138.0,55.93,9251 
8127,2001-06-01,377138.0,55.93,9251 
8126,2001-07-31,379194.0,56.24,9302 
8125,2001-07-30,379194.0,56.24,9302 
8122,2001-07-27,379194.0,56.24,9302 
8121,2001-07-26,379194.0,56.24,9302 
8120,2001-07-25,379194.0,56.24,9302 
8119,2001-07-24,379194.0,56.24,9302 
8118,2001-07-23,379194.0,56.24,9302 
8115,2001-07-20,379194.0,56.24,9302 
8114,2001-07-19,379194.0,56.24,9302 
8113,2001-07-18,379194.0,56.24,9302 
8112,2001-07-17,379194.0,56.24,9302 
8111,2001-07-16,379194.0,56.24,9302 
8108,2001-07-13,379194.0,56.24,9302 
8107,2001-07-12,379194.0,56.24,9302 
8106,2001-07-11,379194.0,56.24,9302 
8105,2001-07-10,379194.0,56.24,9302 
8104,2001-07-09,379194.0,56.24,9302 
8101,2001-07-06,379194.0,56.24,9302 
8100,2001-07-05,379194.0,56.24,9302 
8099,2001-07-04,379194.0,56.24,9302 
8098,2001-07-03,379194.0,56.24,9302 
8097,2001-07-02,379194.0,56.24,9302 
8095,2001-08-31,377142.0,55.94,9251 
8094,2001-08-30,377142.0,55.94,9251 
8093,2001-08-29,377142.0,55.94,9251 
8092,2001-08-28,377142.0,55.94,9251 
8091,2001-08-27,377142.0,55.94,9251 
8088,2001-08-24,377142.0,55.94,9251 
8087,2001-08-23,377142.0,55.94,9251 
8086,2001-08-22,377142.0,55.94,9251 
8085,2001-08-21,377142.0,55.94,9251 
8084,2001-08-20,377142.0,55.94,9251 
8081,2001-08-17,377142.0,55.94,9251 
8080,2001-08-16,377142.0,55.94,9251 
8078,2001-08-14,377142.0,55.94,9251 
8077,2001-08-13,377142.0,55.94,9251 
8074,2001-08-10,377142.0,55.94,9251 
8073,2001-08-09,377142.0,55.94,9251 
8072,2001-08-08,377142.0,55.94,9251 
8071,2001-08-07,377142.0,55.94,9251 
8070,2001-08-06,377142.0,55.94,9251 
8067,2001-08-03,377142.0,55.94,9251 
8066,2001-08-02,377142.0,55.94,9251 
8065,2001-08-01,377142.0,55.94,9251 
8062,2001-09-28,378281.0,54.99,9279 
8061,2001-09-27,378281.0,54.99,9279 
8060,2001-09-26,378281.0,54.99,9279 
8059,2001-09-25,378281.0,54.99,9279 
8058,2001-09-24,378281.0,54.99,9279 
8055,2001-09-21,378281.0,54.99,9279 
8054,2001-09-20,378281.0,54.99,9279 
8053,2001-09-19,378281.0,54.99,9279 
8052,2001-09-18,378281.0,54.99,9279 
8051,2001-09-17,378281.0,54.99,9279 
8048,2001-09-14,378281.0,54.99,9279 
8047,2001-09-13,378281.0,54.99,9279 
8046,2001-09-12,378281.0,54.99,9279 
8044,2001-09-10,378281.0,54.99,9279 
8041,2001-09-07,378281.0,54.99,9279 
8040,2001-09-06,378281.0,54.99,9279 
8039,2001-09-05,378281.0,54.99,9279 
8038,2001-09-04,378281.0,54.99,9279 
8037,2001-09-03,378281.0,54.99,9279 
8034,2001-10-31,378223.0,54.98,9278 
8033,2001-10-30,378223.0,54.98,9278 
8032,2001-10-29,378223.0,54.98,9278 
8029,2001-10-26,378223.0,54.98,9278 
8028,2001-10-25,378223.0,54.98,9278 
8027,2001-10-24,378223.0,54.98,9278 
8026,2001-10-23,378223.0,54.98,9278 
8025,2001-10-22,378223.0,54.98,9278 
8022,2001-10-19,378223.0,54.98,9278 
8021,2001-10-18,378223.0,54.98,9278 
8020,2001-10-17,378223.0,54.98,9278 
8019,2001-10-16,378223.0,54.98,9278 
8018,2001-10-15,378223.0,54.98,9278 
8014,2001-10-11,378223.0,54.98,9278 
8013,2001-10-10,378223.0,54.98,9278 
8012,2001-10-09,378223.0,54.98,9278 
8011,2001-10-08,378223.0,54.98,9278 
8008,2001-10-05,378223.0,54.98,9278 
8007,2001-10-04,378223.0,54.98,9278 
8006,2001-10-03,378223.0,54.98,9278 
8005,2001-10-02,378223.0,54.98,9278 
8004,2001-10-01,378223.0,54.98,9278 
8003,2001-11-30,377539.0,54.88,9261 
8002,2001-11-29,377539.0,54.88,9261 
8001,2001-11-28,377539.0,54.88,9261 
8000,2001-11-27,377539.0,54.88,9261 
7999,2001-11-26,377539.0,54.88,9261 
7996,2001-11-23,377539.0,54.88,9261 
7995,2001-11-22,377539.0,54.88,9261 
7994,2001-11-21,377539.0,54.88,9261 
7993,2001-11-20,377539.0,54.88,9261 
7992,2001-11-19,377539.0,54.88,9261 
7989,2001-11-16,377539.0,54.88,9261 
7988,2001-11-15,377539.0,54.88,9261 
7987,2001-11-14,377539.0,54.88,9261 
7986,2001-11-13,377539.0,54.88,9261 
7985,2001-11-12,377539.0,54.88,9261 
7982,2001-11-09,377539.0,54.88,9261 
7981,2001-11-08,377539.0,54.88,9261 
7980,2001-11-07,377539.0,54.88,9261 
7979,2001-11-06,377539.0,54.88,9261 
7978,2001-11-05,377539.0,54.88,9261 
7975,2001-11-02,377539.0,54.88,9261 
7974,2001-11-01,377539.0,54.88,9261 
7970,2001-12-28,378883.0,54.05,9233 
7969,2001-12-27,378883.0,54.05,9233 
7963,2001-12-21,378883.0,54.05,9233 
7962,2001-12-20,378883.0,54.05,9233 
7961,2001-12-19,378883.0,54.05,9233 
7960,2001-12-18,378883.0,54.05,9233 
7959,2001-12-17,378883.0,54.05,9233 
7956,2001-12-14,378883.0,54.05,9233 
7955,2001-12-13,378883.0,54.05,9233 
7954,2001-12-12,378883.0,54.05,9233 
7953,2001-12-11,378883.0,54.05,9233 
7952,2001-12-10,378883.0,54.05,9233 
7949,2001-12-07,378883.0,54.05,9233 
7947,2001-12-05,378883.0,54.05,9233 
7946,2001-12-04,378883.0,54.05,9233 
7945,2001-12-03,378883.0,54.05,9233 
7942,2002-01-31,379018.0,54.07,9236 
7941,2002-01-30,379018.0,54.07,9236 
7940,2002-01-29,379018.0,54.07,9236 
7939,2002-01-28,379018.0,54.07,9236 
7936,2002-01-25,379018.0,54.07,9236 
7935,2002-01-24,379018.0,54.07,9236 
7934,2002-01-23,379018.0,54.07,9236 
7933,2002-01-22,379018.0,54.07,9236 
7932,2002-01-21,379018.0,54.07,9236 
7929,2002-01-18,379018.0,54.07,9236 
7928,2002-01-17,379018.0,54.07,9236 
7927,2002-01-16,379018.0,54.07,9236 
7926,2002-01-15,379018.0,54.07,9236 
7925,2002-01-14,379018.0,54.07,9236 
7922,2002-01-11,379018.0,54.07,9236 
7921,2002-01-10,379018.0,54.07,9236 
7920,2002-01-09,379018.0,54.07,9236 
7919,2002-01-08,379018.0,54.07,9236 
7918,2002-01-07,379018.0,54.07,9236 
7915,2002-01-04,379018.0,54.07,9236 
7914,2002-01-03,379018.0,54.07,9236 
7913,2002-01-02,379018.0,54.07,9236 
7911,2002-02-28,375773.0,53.61,9157 
7910,2002-02-27,375773.0,53.61,9157 
7909,2002-02-26,375773.0,53.61,9157 
7908,2002-02-25,375773.0,53.61,9157 
7905,2002-02-22,375773.0,53.61,9157 
7904,2002-02-21,375773.0,53.61,9157 
7903,2002-02-20,375773.0,53.61,9157 
7902,2002-02-19,375773.0,53.61,9157 
7901,2002-02-18,375773.0,53.61,9157 
7898,2002-02-15,375773.0,53.61,9157 
7897,2002-02-14,375773.0,53.61,9157 
7896,2002-02-13,375773.0,53.61,9157 
7895,2002-02-12,375773.0,53.61,9157 
7894,2002-02-11,375773.0,53.61,9157 
7891,2002-02-08,375773.0,53.61,9157 
7890,2002-02-07,375773.0,53.61,9157 
7889,2002-02-06,375773.0,53.61,9157 
7888,2002-02-05,375773.0,53.61,9157 
7887,2002-02-04,375773.0,53.61,9157 
7884,2002-02-01,375773.0,53.61,9157 
7880,2002-03-28,379002.0,53.16,9236 
7879,2002-03-27,379002.0,53.16,9236 
7878,2002-03-26,379002.0,53.16,9236 
7877,2002-03-25,379002.0,53.16,9236 
7874,2002-03-22,379002.0,53.16,9236 
7873,2002-03-21,379002.0,53.16,9236 
7872,2002-03-20,379002.0,53.16,9236 
7871,2002-03-19,379002.0,53.16,9236 
7870,2002-03-18,379002.0,53.16,9236 
7867,2002-03-15,379002.0,53.16,9236 
7866,2002-03-14,379002.0,53.16,9236 
7865,2002-03-13,379002.0,53.16,9236 
7864,2002-03-12,379002.0,53.16,9236 
7863,2002-03-11,379002.0,53.16,9236 
7860,2002-03-08,379002.0,53.16,9236 
7859,2002-03-07,379002.0,53.16,9236 
7858,2002-03-06,379002.0,53.16,9236 
7857,2002-03-05,379002.0,53.16,9236 
7856,2002-03-04,379002.0,53.16,9236 
7853,2002-03-01,379002.0,53.16,9236 
7852,2002-04-30,382310.0,53.62,9317 
7851,2002-04-29,382310.0,53.62,9317 
7848,2002-04-26,382310.0,53.62,9317 
7847,2002-04-25,382310.0,53.62,9317 
7846,2002-04-24,382310.0,53.62,9317 
7845,2002-04-23,382310.0,53.62,9317 
7844,2002-04-22,382310.0,53.62,9317 
7841,2002-04-19,382310.0,53.62,9317 
7840,2002-04-18,382310.0,53.62,9317 
7839,2002-04-17,382310.0,53.62,9317 
7838,2002-04-16,382310.0,53.62,9317 
7837,2002-04-15,382310.0,53.62,9317 
7834,2002-04-12,382310.0,53.62,9317 
7833,2002-04-11,382310.0,53.62,9317 
7832,2002-04-10,382310.0,53.62,9317 
7831,2002-04-09,382310.0,53.62,9317 
7830,2002-04-08,382310.0,53.62,9317 
7827,2002-04-05,382310.0,53.62,9317 
7826,2002-04-04,382310.0,53.62,9317 
7825,2002-04-03,382310.0,53.62,9317 
7824,2002-04-02,382310.0,53.62,9317 
7822,2002-05-31,385278.0,54.04,9389 
7821,2002-05-30,385278.0,54.04,9389 
7820,2002-05-29,385278.0,54.04,9389 
7819,2002-05-28,385278.0,54.04,9389 
7818,2002-05-27,385278.0,54.04,9389 
7815,2002-05-24,385278.0,54.04,9389 
7814,2002-05-23,385278.0,54.04,9389 
7813,2002-05-22,385278.0,54.04,9389 
7812,2002-05-21,385278.0,54.04,9389 
7811,2002-05-20,385278.0,54.04,9389 
7808,2002-05-17,385278.0,54.04,9389 
7807,2002-05-16,385278.0,54.04,9389 
7806,2002-05-15,385278.0,54.04,9389 
7805,2002-05-14,385278.0,54.04,9389 
7804,2002-05-13,385278.0,54.04,9389 
7801,2002-05-10,385278.0,54.04,9389 
7800,2002-05-09,385278.0,54.04,9389 
7799,2002-05-08,385278.0,54.04,9389 
7798,2002-05-07,385278.0,54.04,9389 
7797,2002-05-06,385278.0,54.04,9389 
7794,2002-05-03,385278.0,54.04,9389 
7793,2002-05-02,385278.0,54.04,9389 
7789,2002-06-28,383191.0,52.79,9251 
7788,2002-06-27,383191.0,52.79,9251 
7787,2002-06-26,383191.0,52.79,9251 
7786,2002-06-25,383191.0,52.79,9251 
7785,2002-06-24,383191.0,52.79,9251 
7782,2002-06-21,383191.0,52.79,9251 
7781,2002-06-20,383191.0,52.79,9251 
7780,2002-06-19,383191.0,52.79,9251 
7779,2002-06-18,383191.0,52.79,9251 
7778,2002-06-17,383191.0,52.79,9251 
7775,2002-06-14,383191.0,52.79,9251 
7774,2002-06-13,383191.0,52.79,9251 
7773,2002-06-12,383191.0,52.79,9251 
7772,2002-06-11,383191.0,52.79,9251 
7771,2002-06-10,383191.0,52.79,9251 
7768,2002-06-07,383191.0,52.79,9251 
7767,2002-06-06,383191.0,52.79,9251 
7766,2002-06-05,383191.0,52.79,9251 
7765,2002-06-04,383191.0,52.79,9251 
7764,2002-06-03,383191.0,52.79,9251 
7761,2002-07-31,378386.0,52.13,9135 
7760,2002-07-30,378386.0,52.13,9135 
7759,2002-07-29,378386.0,52.13,9135 
7756,2002-07-26,378386.0,52.13,9135 
7755,2002-07-25,378386.0,52.13,9135 
7754,2002-07-24,378386.0,52.13,9135 
7753,2002-07-23,378386.0,52.13,9135 
7752,2002-07-22,378386.0,52.13,9135 
7749,2002-07-19,378386.0,52.13,9135 
7748,2002-07-18,378386.0,52.13,9135 
7747,2002-07-17,378386.0,52.13,9135 
7746,2002-07-16,378386.0,52.13,9135 
7745,2002-07-15,378386.0,52.13,9135 
7742,2002-07-12,378386.0,52.13,9135 
7741,2002-07-11,378386.0,52.13,9135 
7740,2002-07-10,378386.0,52.13,9135 
7739,2002-07-09,378386.0,52.13,9135 
7738,2002-07-08,378386.0,52.13,9135 
7735,2002-07-05,378386.0,52.13,9135 
7734,2002-07-04,378386.0,52.13,9135 
7733,2002-07-03,378386.0,52.13,9135 
7732,2002-07-02,378386.0,52.13,9135 
7731,2002-07-01,378386.0,52.13,9135 
7729,2002-08-30,375566.0,51.74,9066 
7728,2002-08-29,375566.0,51.74,9066 
7727,2002-08-28,375566.0,51.74,9066 
7726,2002-08-27,375566.0,51.74,9066 
7725,2002-08-26,375566.0,51.74,9066 
7722,2002-08-23,375566.0,51.74,9066 
7721,2002-08-22,375566.0,51.74,9066 
7720,2002-08-21,375566.0,51.74,9066 
7719,2002-08-20,375566.0,51.74,9066 
7718,2002-08-19,375566.0,51.74,9066 
7715,2002-08-16,375566.0,51.74,9066 
7713,2002-08-14,375566.0,51.74,9066 
7712,2002-08-13,375566.0,51.74,9066 
7711,2002-08-12,375566.0,51.74,9066 
7708,2002-08-09,375566.0,51.74,9066 
7707,2002-08-08,375566.0,51.74,9066 
7706,2002-08-07,375566.0,51.74,9066 
7705,2002-08-06,375566.0,51.74,9066 
7704,2002-08-05,375566.0,51.74,9066 
7701,2002-08-02,375566.0,51.74,9066 
7700,2002-08-01,375566.0,51.74,9066 
7699,2002-09-30,381131.0,51.65,9201 
7696,2002-09-27,381131.0,51.65,9201 
7695,2002-09-26,381131.0,51.65,9201 
7694,2002-09-25,381131.0,51.65,9201 
7693,2002-09-24,381131.0,51.65,9201 
7692,2002-09-23,381131.0,51.65,9201 
7689,2002-09-20,381131.0,51.65,9201 
7688,2002-09-19,381131.0,51.65,9201 
7687,2002-09-18,381131.0,51.65,9201 
7686,2002-09-17,381131.0,51.65,9201 
7685,2002-09-16,381131.0,51.65,9201 
7682,2002-09-13,381131.0,51.65,9201 
7681,2002-09-12,381131.0,51.65,9201 
7680,2002-09-11,381131.0,51.65,9201 
7679,2002-09-10,381131.0,51.65,9201 
7678,2002-09-09,381131.0,51.65,9201 
7675,2002-09-06,381131.0,51.65,9201 
7674,2002-09-05,381131.0,51.65,9201 
7673,2002-09-04,381131.0,51.65,9201 
7672,2002-09-03,381131.0,51.65,9201 
7671,2002-09-02,381131.0,51.65,9201 
7669,2002-10-31,382508.0,51.84,9234 
7668,2002-10-30,382508.0,51.84,9234 
7667,2002-10-29,382508.0,51.84,9234 
7666,2002-10-28,382508.0,51.84,9234 
7663,2002-10-25,382508.0,51.84,9234 
7662,2002-10-24,382508.0,51.84,9234 
7661,2002-10-23,382508.0,51.84,9234 
7660,2002-10-22,382508.0,51.84,9234 
7659,2002-10-21,382508.0,51.84,9234 
7656,2002-10-18,382508.0,51.84,9234 
7655,2002-10-17,382508.0,51.84,9234 
7654,2002-10-16,382508.0,51.84,9234 
7653,2002-10-15,382508.0,51.84,9234 
7652,2002-10-14,382508.0,51.84,9234 
7649,2002-10-11,382508.0,51.84,9234 
7648,2002-10-10,382508.0,51.84,9234 
7647,2002-10-09,382508.0,51.84,9234 
7646,2002-10-08,382508.0,51.84,9234 
7645,2002-10-07,382508.0,51.84,9234 
7642,2002-10-04,382508.0,51.84,9234 
7641,2002-10-03,382508.0,51.84,9234 
7640,2002-10-02,382508.0,51.84,9234 
7639,2002-10-01,382508.0,51.84,9234 
7637,2002-11-29,382560.0,51.84,9235 
7636,2002-11-28,382560.0,51.84,9235 
7635,2002-11-27,382560.0,51.84,9235 
7634,2002-11-26,382560.0,51.84,9235 
7633,2002-11-25,382560.0,51.84,9235 
7630,2002-11-22,382560.0,51.84,9235 
7629,2002-11-21,382560.0,51.84,9235 
7628,2002-11-20,382560.0,51.84,9235 
7627,2002-11-19,382560.0,51.84,9235 
7626,2002-11-18,382560.0,51.84,9235 
7623,2002-11-15,382560.0,51.84,9235 
7622,2002-11-14,382560.0,51.84,9235 
7621,2002-11-13,382560.0,51.84,9235 
7620,2002-11-12,382560.0,51.84,9235 
7619,2002-11-11,382560.0,51.84,9235 
7616,2002-11-08,382560.0,51.84,9235 
7615,2002-11-07,382560.0,51.84,9235 
7614,2002-11-06,382560.0,51.84,9235 
7613,2002-11-05,382560.0,51.84,9235 
7612,2002-11-04,382560.0,51.84,9235 
7607,2002-12-30,384145.0,51.25,9184 
7604,2002-12-27,384145.0,51.25,9184 
7600,2002-12-23,384145.0,51.25,9184 
7597,2002-12-20,384145.0,51.25,9184 
7596,2002-12-19,384145.0,51.25,9184 
7595,2002-12-18,384145.0,51.25,9184 
7594,2002-12-17,384145.0,51.25,9184 
7593,2002-12-16,384145.0,51.25,9184 
7590,2002-12-13,384145.0,51.25,9184 
7589,2002-12-12,384145.0,51.25,9184 
7588,2002-12-11,384145.0,51.25,9184 
7587,2002-12-10,384145.0,51.25,9184 
7586,2002-12-09,384145.0,51.25,9184 
7582,2002-12-05,384145.0,51.25,9184 
7581,2002-12-04,384145.0,51.25,9184 
7580,2002-12-03,384145.0,51.25,9184 
7579,2002-12-02,384145.0,51.25,9184 
7577,2003-01-31,379077.0,50.57,9063 
7576,2003-01-30,379077.0,50.57,9063 
7575,2003-01-29,379077.0,50.57,9063 
7574,2003-01-28,379077.0,50.57,9063 
7573,2003-01-27,379077.0,50.57,9063 
7570,2003-01-24,379077.0,50.57,9063 
7569,2003-01-23,379077.0,50.57,9063 
7568,2003-01-22,379077.0,50.57,9063 
7567,2003-01-21,379077.0,50.57,9063 
7566,2003-01-20,379077.0,50.57,9063 
7563,2003-01-17,379077.0,50.57,9063 
7562,2003-01-16,379077.0,50.57,9063 
7561,2003-01-15,379077.0,50.57,9063 
7560,2003-01-14,379077.0,50.57,9063 
7559,2003-01-13,379077.0,50.57,9063 
7556,2003-01-10,379077.0,50.57,9063 
7555,2003-01-09,379077.0,50.57,9063 
7554,2003-01-08,379077.0,50.57,9063 
7553,2003-01-07,379077.0,50.57,9063 
7549,2003-01-03,379077.0,50.57,9063 
7548,2003-01-02,379077.0,50.57,9063 
7546,2003-02-28,381225.0,50.86,9114 
7545,2003-02-27,381225.0,50.86,9114 
7544,2003-02-26,381225.0,50.86,9114 
7543,2003-02-25,381225.0,50.86,9114 
7542,2003-02-24,381225.0,50.86,9114 
7539,2003-02-21,381225.0,50.86,9114 
7538,2003-02-20,381225.0,50.86,9114 
7537,2003-02-19,381225.0,50.86,9114 
7536,2003-02-18,381225.0,50.86,9114 
7535,2003-02-17,381225.0,50.86,9114 
7532,2003-02-14,381225.0,50.86,9114 
7531,2003-02-13,381225.0,50.86,9114 
7530,2003-02-12,381225.0,50.86,9114 
7529,2003-02-11,381225.0,50.86,9114 
7528,2003-02-10,381225.0,50.86,9114 
7525,2003-02-07,381225.0,50.86,9114 
7524,2003-02-06,381225.0,50.86,9114 
7523,2003-02-05,381225.0,50.86,9114 
7522,2003-02-04,381225.0,50.86,9114 
7521,2003-02-03,381225.0,50.86,9114 
7518,2003-03-31,381976.0,50.12,9132 
7515,2003-03-28,381976.0,50.12,9132 
7514,2003-03-27,381976.0,50.12,9132 
7513,2003-03-26,381976.0,50.12,9132 
7512,2003-03-25,381976.0,50.12,9132 
7511,2003-03-24,381976.0,50.12,9132 
7508,2003-03-21,381976.0,50.12,9132 
7507,2003-03-20,381976.0,50.12,9132 
7506,2003-03-19,381976.0,50.12,9132 
7505,2003-03-18,381976.0,50.12,9132 
7504,2003-03-17,381976.0,50.12,9132 
7501,2003-03-14,381976.0,50.12,9132 
7500,2003-03-13,381976.0,50.12,9132 
7499,2003-03-12,381976.0,50.12,9132 
7498,2003-03-11,381976.0,50.12,9132 
7497,2003-03-10,381976.0,50.12,9132 
7494,2003-03-07,381976.0,50.12,9132 
7493,2003-03-06,381976.0,50.12,9132 
7492,2003-03-05,381976.0,50.12,9132 
7491,2003-03-04,381976.0,50.12,9132 
7490,2003-03-03,381976.0,50.12,9132 
7487,2003-04-30,388749.0,,9294 
7486,2003-04-29,388749.0,,9294 
7485,2003-04-28,388749.0,,9294 
7482,2003-04-25,388749.0,,9294 
7481,2003-04-24,388749.0,,9294 
7480,2003-04-23,388749.0,,9294 
7479,2003-04-22,388749.0,,9294 
7474,2003-04-17,388749.0,,9294 
7473,2003-04-16,388749.0,,9294 
7472,2003-04-15,388749.0,,9294 
7471,2003-04-14,388749.0,,9294 
7468,2003-04-11,388749.0,,9294 
7467,2003-04-10,388749.0,,9294 
7466,2003-04-09,388749.0,,9294 
7465,2003-04-08,388749.0,,9294 
7464,2003-04-07,388749.0,,9294 
7461,2003-04-04,388749.0,,9294 
7460,2003-04-03,388749.0,,9294 
7459,2003-04-02,388749.0,,9294 
7458,2003-04-01,388749.0,,9294 
7456,2003-05-30,385294.0,50.55,9211 
7455,2003-05-29,385294.0,50.55,9211 
7454,2003-05-28,385294.0,50.55,9211 
7453,2003-05-27,385294.0,50.55,9211 
7452,2003-05-26,385294.0,50.55,9211 
7449,2003-05-23,385294.0,50.55,9211 
7448,2003-05-22,385294.0,50.55,9211 
7447,2003-05-21,385294.0,50.55,9211 
7446,2003-05-20,385294.0,50.55,9211 
7445,2003-05-19,385294.0,50.55,9211 
7442,2003-05-16,385294.0,50.55,9211 
7441,2003-05-15,385294.0,50.55,9211 
7440,2003-05-14,385294.0,50.55,9211 
7439,2003-05-13,385294.0,50.55,9211 
7438,2003-05-12,385294.0,50.55,9211 
7435,2003-05-09,385294.0,50.55,9211 
7434,2003-05-08,385294.0,50.55,9211 
7433,2003-05-07,385294.0,50.55,9211 
7432,2003-05-06,385294.0,50.55,9211 
7431,2003-05-05,385294.0,50.55,9211 
7428,2003-05-02,385294.0,50.55,9211 
7426,2003-06-30,389134.0,50.19,9222 
7423,2003-06-27,389134.0,50.19,9222 
7422,2003-06-26,389134.0,50.19,9222 
7421,2003-06-25,389134.0,50.19,9222 
7420,2003-06-24,389134.0,50.19,9222 
7419,2003-06-23,389134.0,50.19,9222 
7416,2003-06-20,389134.0,50.19,9222 
7415,2003-06-19,389134.0,50.19,9222 
7414,2003-06-18,389134.0,50.19,9222 
7413,2003-06-17,389134.0,50.19,9222 
7412,2003-06-16,389134.0,50.19,9222 
7409,2003-06-13,389134.0,50.19,9222 
7408,2003-06-12,389134.0,50.19,9222 
7407,2003-06-11,389134.0,50.19,9222 
7406,2003-06-10,389134.0,50.19,9222 
7405,2003-06-09,389134.0,50.19,9222 
7402,2003-06-06,389134.0,50.19,9222 
7401,2003-06-05,389134.0,50.19,9222 
7400,2003-06-04,389134.0,50.19,9222 
7399,2003-06-03,389134.0,50.19,9222 
7398,2003-06-02,389134.0,50.19,9222 
7396,2003-07-31,386588.0,49.86,9162 
7395,2003-07-30,386588.0,49.86,9162 
7394,2003-07-29,386588.0,49.86,9162 
7393,2003-07-28,386588.0,49.86,9162 
7390,2003-07-25,386588.0,49.86,9162 
7389,2003-07-24,386588.0,49.86,9162 
7388,2003-07-23,386588.0,49.86,9162 
7387,2003-07-22,386588.0,49.86,9162 
7386,2003-07-21,386588.0,49.86,9162 
7383,2003-07-18,386588.0,49.86,9162 
7382,2003-07-17,386588.0,49.86,9162 
7381,2003-07-16,386588.0,49.86,9162 
7380,2003-07-15,386588.0,49.86,9162 
7379,2003-07-14,386588.0,49.86,9162 
7376,2003-07-11,386588.0,49.86,9162 
7375,2003-07-10,386588.0,49.86,9162 
7374,2003-07-09,386588.0,49.86,9162 
7373,2003-07-08,386588.0,49.86,9162 
7372,2003-07-07,386588.0,49.86,9162 
7369,2003-07-04,386588.0,49.86,9162 
7368,2003-07-03,386588.0,49.86,9162 
7367,2003-07-02,386588.0,49.86,9162 
7366,2003-07-01,386588.0,49.86,9162 
7363,2003-08-29,379466.0,48.94,8993 
7362,2003-08-28,379466.0,48.94,8993 
7361,2003-08-27,379466.0,48.94,8993 
7360,2003-08-26,379466.0,48.94,8993 
7359,2003-08-25,379466.0,48.94,8993 
7356,2003-08-22,379466.0,48.94,8993 
7355,2003-08-21,379466.0,48.94,8993 
7354,2003-08-20,379466.0,48.94,8993 
7353,2003-08-19,379466.0,48.94,8993 
7352,2003-08-18,379466.0,48.94,8993 
7348,2003-08-14,379466.0,48.94,8993 
7347,2003-08-13,379466.0,48.94,8993 
7346,2003-08-12,379466.0,48.94,8993 
7345,2003-08-11,379466.0,48.94,8993 
7342,2003-08-08,379466.0,48.94,8993 
7341,2003-08-07,379466.0,48.94,8993 
7340,2003-08-06,379466.0,48.94,8993 
7339,2003-08-05,379466.0,48.94,8993 
7338,2003-08-04,379466.0,48.94,8993 
7335,2003-08-01,379466.0,48.94,8993 
7334,2003-09-30,382788.0,48.55,9072 
7333,2003-09-29,382788.0,48.55,9072 
7330,2003-09-26,382788.0,48.55,9072 
7329,2003-09-25,382788.0,48.55,9072 
7328,2003-09-24,382788.0,48.55,9072 
7327,2003-09-23,382788.0,48.55,9072 
7326,2003-09-22,382788.0,48.55,9072 
7323,2003-09-19,382788.0,48.55,9072 
7322,2003-09-18,382788.0,48.55,9072 
7321,2003-09-17,382788.0,48.55,9072 
7320,2003-09-16,382788.0,48.55,9072 
7319,2003-09-15,382788.0,48.55,9072 
7316,2003-09-12,382788.0,48.55,9072 
7315,2003-09-11,382788.0,48.55,9072 
7314,2003-09-10,382788.0,48.55,9072 
7313,2003-09-09,382788.0,48.55,9072 
7312,2003-09-08,382788.0,48.55,9072 
7309,2003-09-05,382788.0,48.55,9072 
7308,2003-09-04,382788.0,48.55,9072 
7307,2003-09-03,382788.0,48.55,9072 
7306,2003-09-02,382788.0,48.55,9072 
7305,2003-09-01,382788.0,48.55,9072 
7304,2003-10-31,381215.0,48.35,9034 
7303,2003-10-30,381215.0,48.35,9034 
7302,2003-10-29,381215.0,48.35,9034 
7301,2003-10-28,381215.0,48.35,9034 
7300,2003-10-27,381215.0,48.35,9034 
7297,2003-10-24,381215.0,48.35,9034 
7296,2003-10-23,381215.0,48.35,9034 
7295,2003-10-22,381215.0,48.35,9034 
7294,2003-10-21,381215.0,48.35,9034 
7293,2003-10-20,381215.0,48.35,9034 
7290,2003-10-17,381215.0,48.35,9034 
7289,2003-10-16,381215.0,48.35,9034 
7288,2003-10-15,381215.0,48.35,9034 
7287,2003-10-14,381215.0,48.35,9034 
7286,2003-10-13,381215.0,48.35,9034 
7283,2003-10-10,381215.0,48.35,9034 
7282,2003-10-09,381215.0,48.35,9034 
7281,2003-10-08,381215.0,48.35,9034 
7280,2003-10-07,381215.0,48.35,9034 
7279,2003-10-06,381215.0,48.35,9034 
7276,2003-10-03,381215.0,48.35,9034 
7275,2003-10-02,381215.0,48.35,9034 
7274,2003-10-01,381215.0,48.35,9034 
7271,2003-11-28,381203.0,48.35,9034 
7270,2003-11-27,381203.0,48.35,9034 
7269,2003-11-26,381203.0,48.35,9034 
7268,2003-11-25,381203.0,48.35,9034 
7267,2003-11-24,381203.0,48.35,9034 
7264,2003-11-21,381203.0,48.35,9034 
7263,2003-11-20,381203.0,48.35,9034 
7262,2003-11-19,381203.0,48.35,9034 
7261,2003-11-18,381203.0,48.35,9034 
7260,2003-11-17,381203.0,48.35,9034 
7257,2003-11-14,381203.0,48.35,9034 
7256,2003-11-13,381203.0,48.35,9034 
7255,2003-11-12,381203.0,48.35,9034 
7254,2003-11-11,381203.0,48.35,9034 
7253,2003-11-10,381203.0,48.35,9034 
7250,2003-11-07,381203.0,48.35,9034 
7249,2003-11-06,381203.0,48.35,9034 
7248,2003-11-05,381203.0,48.35,9034 
7247,2003-11-04,381203.0,48.35,9034 
7246,2003-11-03,381203.0,48.35,9034 
7242,2003-12-30,382775.0,47.71,8996 
7241,2003-12-29,382775.0,47.71,8996 
7235,2003-12-23,382775.0,47.71,8996 
7234,2003-12-22,382775.0,47.71,8996 
7231,2003-12-19,382775.0,47.71,8996 
7230,2003-12-18,382775.0,47.71,8996 
7229,2003-12-17,382775.0,47.71,8996 
7228,2003-12-16,382775.0,47.71,8996 
7227,2003-12-15,382775.0,47.71,8996 
7224,2003-12-12,382775.0,47.71,8996 
7223,2003-12-11,382775.0,47.71,8996 
7222,2003-12-10,382775.0,47.71,8996 
7221,2003-12-09,382775.0,47.71,8996 
7217,2003-12-05,382775.0,47.71,8996 
7216,2003-12-04,382775.0,47.71,8996 
7215,2003-12-03,382775.0,47.71,8996 
7214,2003-12-02,382775.0,47.71,8996 
7213,2003-12-01,382775.0,47.71,8996 
7211,2004-01-30,386087.0,48.12,9074 
7210,2004-01-29,386087.0,48.12,9074 
7209,2004-01-28,386087.0,48.12,9074 
7208,2004-01-27,386087.0,48.12,9074 
7207,2004-01-26,386087.0,48.12,9074 
7204,2004-01-23,386087.0,48.12,9074 
7203,2004-01-22,386087.0,48.12,9074 
7202,2004-01-21,386087.0,48.12,9074 
7201,2004-01-20,386087.0,48.12,9074 
7200,2004-01-19,386087.0,48.12,9074 
7197,2004-01-16,386087.0,48.12,9074 
7196,2004-01-15,386087.0,48.12,9074 
7195,2004-01-14,386087.0,48.12,9074 
7194,2004-01-13,386087.0,48.12,9074 
7193,2004-01-12,386087.0,48.12,9074 
7190,2004-01-09,386087.0,48.12,9074 
7189,2004-01-08,386087.0,48.12,9074 
7188,2004-01-07,386087.0,48.12,9074 
7186,2004-01-05,386087.0,48.12,9074 
7183,2004-01-02,386087.0,48.12,9074 
7179,2004-02-27,385067.0,,9050 
7178,2004-02-26,385067.0,,9050 
7177,2004-02-25,385067.0,,9050 
7176,2004-02-24,385067.0,,9050 
7175,2004-02-23,385067.0,,9050 
7172,2004-02-20,385067.0,,9050 
7171,2004-02-19,385067.0,,9050 
7170,2004-02-18,385067.0,,9050 
7169,2004-02-17,385067.0,,9050 
7168,2004-02-16,385067.0,,9050 
7165,2004-02-13,385067.0,,9050 
7164,2004-02-12,385067.0,,9050 
7163,2004-02-11,385067.0,,9050 
7162,2004-02-10,385067.0,,9050 
7161,2004-02-09,385067.0,,9050 
7158,2004-02-06,385067.0,,9050 
7157,2004-02-05,385067.0,,9050 
7156,2004-02-04,385067.0,,9050 
7155,2004-02-03,385067.0,,9050 
7154,2004-02-02,385067.0,,9050 
7152,2004-03-31,388781.0,47.64,9138 
7151,2004-03-30,388781.0,47.64,9138 
7150,2004-03-29,388781.0,47.64,9138 
7147,2004-03-26,388781.0,47.64,9138 
7146,2004-03-25,388781.0,47.64,9138 
7145,2004-03-24,388781.0,47.64,9138 
7144,2004-03-23,388781.0,47.64,9138 
7143,2004-03-22,388781.0,47.64,9138 
7140,2004-03-19,388781.0,47.64,9138 
7139,2004-03-18,388781.0,47.64,9138 
7138,2004-03-17,388781.0,47.64,9138 
7137,2004-03-16,388781.0,47.64,9138 
7136,2004-03-15,388781.0,47.64,9138 
7133,2004-03-12,388781.0,47.64,9138 
7132,2004-03-11,388781.0,47.64,9138 
7131,2004-03-10,388781.0,47.64,9138 
7130,2004-03-09,388781.0,47.64,9138 
7129,2004-03-08,388781.0,47.64,9138 
7126,2004-03-05,388781.0,47.64,9138 
7125,2004-03-04,388781.0,47.64,9138 
7124,2004-03-03,388781.0,47.64,9138 
7123,2004-03-02,388781.0,47.64,9138 
7122,2004-03-01,388781.0,47.64,9138 
7121,2004-04-30,389000.0,47.67,9143 
7120,2004-04-29,389000.0,47.67,9143 
7119,2004-04-28,389000.0,47.67,9143 
7118,2004-04-27,389000.0,47.67,9143 
7117,2004-04-26,389000.0,47.67,9143 
7114,2004-04-23,389000.0,47.67,9143 
7113,2004-04-22,389000.0,47.67,9143 
7112,2004-04-21,389000.0,47.67,9143 
7111,2004-04-20,389000.0,47.67,9143 
7110,2004-04-19,389000.0,47.67,9143 
7107,2004-04-16,389000.0,47.67,9143 
7106,2004-04-15,389000.0,47.67,9143 
7105,2004-04-14,389000.0,47.67,9143 
7104,2004-04-13,389000.0,47.67,9143 
7099,2004-04-08,389000.0,47.67,9143 
7098,2004-04-07,389000.0,47.67,9143 
7097,2004-04-06,389000.0,47.67,9143 
7096,2004-04-05,389000.0,47.67,9143 
7093,2004-04-02,389000.0,47.67,9143 
7092,2004-04-01,389000.0,47.67,9143 
7091,2004-05-31,389477.0,47.73,9154 
7088,2004-05-28,389477.0,47.73,9154 
7087,2004-05-27,389477.0,47.73,9154 
7086,2004-05-26,389477.0,47.73,9154 
7085,2004-05-25,389477.0,47.73,9154 
7084,2004-05-24,389477.0,47.73,9154 
7081,2004-05-21,389477.0,47.73,9154 
7080,2004-05-20,389477.0,47.73,9154 
7079,2004-05-19,389477.0,47.73,9154 
7078,2004-05-18,389477.0,47.73,9154 
7077,2004-05-17,389477.0,47.73,9154 
7074,2004-05-14,389477.0,47.73,9154 
7073,2004-05-13,389477.0,47.73,9154 
7072,2004-05-12,389477.0,47.73,9154 
7071,2004-05-11,389477.0,47.73,9154 
7070,2004-05-10,389477.0,47.73,9154 
7067,2004-05-07,389477.0,47.73,9154 
7066,2004-05-06,389477.0,47.73,9154 
7065,2004-05-05,389477.0,47.73,9154 
7064,2004-05-04,389477.0,47.73,9154 
7063,2004-05-03,389477.0,47.73,9154 
7060,2004-06-30,390340.0,47.08,9108 
7059,2004-06-29,390340.0,47.08,9108 
7058,2004-06-28,390340.0,47.08,9108 
7055,2004-06-25,390340.0,47.08,9108 
7054,2004-06-24,390340.0,47.08,9108 
7053,2004-06-23,390340.0,47.08,9108 
7052,2004-06-22,390340.0,47.08,9108 
7051,2004-06-21,390340.0,47.08,9108 
7048,2004-06-18,390340.0,47.08,9108 
7047,2004-06-17,390340.0,47.08,9108 
7046,2004-06-16,390340.0,47.08,9108 
7045,2004-06-15,390340.0,47.08,9108 
7044,2004-06-14,390340.0,47.08,9108 
7041,2004-06-11,390340.0,47.08,9108 
7040,2004-06-10,390340.0,47.08,9108 
7039,2004-06-09,390340.0,47.08,9108 
7038,2004-06-08,390340.0,47.08,9108 
7037,2004-06-07,390340.0,47.08,9108 
7034,2004-06-04,390340.0,47.08,9108 
7033,2004-06-03,390340.0,47.08,9108 
7032,2004-06-02,390340.0,47.08,9108 
7031,2004-06-01,390340.0,47.08,9108 
7029,2004-07-30,384469.0,46.37,8971 
7028,2004-07-29,384469.0,46.37,8971 
7027,2004-07-28,384469.0,46.37,8971 
7026,2004-07-27,384469.0,46.37,8971 
7025,2004-07-26,384469.0,46.37,8971 
7022,2004-07-23,384469.0,46.37,8971 
7021,2004-07-22,384469.0,46.37,8971 
7020,2004-07-21,384469.0,46.37,8971 
7019,2004-07-20,384469.0,46.37,8971 
7018,2004-07-19,384469.0,46.37,8971 
7015,2004-07-16,384469.0,46.37,8971 
7014,2004-07-15,384469.0,46.37,8971 
7013,2004-07-14,384469.0,46.37,8971 
7012,2004-07-13,384469.0,46.37,8971 
7011,2004-07-12,384469.0,46.37,8971 
7008,2004-07-09,384469.0,46.37,8971 
7007,2004-07-08,384469.0,46.37,8971 
7006,2004-07-07,384469.0,46.37,8971 
7005,2004-07-06,384469.0,46.37,8971 
7004,2004-07-05,384469.0,46.37,8971 
7001,2004-07-02,384469.0,46.37,8971 
7000,2004-07-01,384469.0,46.37,8971 
6999,2004-08-31,380286.0,45.86,8873 
6998,2004-08-30,380286.0,45.86,8873 
6995,2004-08-27,380286.0,45.86,8873 
6994,2004-08-26,380286.0,45.86,8873 
6993,2004-08-25,380286.0,45.86,8873 
6992,2004-08-24,380286.0,45.86,8873 
6991,2004-08-23,380286.0,45.86,8873 
6988,2004-08-20,380286.0,45.86,8873 
6987,2004-08-19,380286.0,45.86,8873 
6986,2004-08-18,380286.0,45.86,8873 
6985,2004-08-17,380286.0,45.86,8873 
6981,2004-08-13,380286.0,45.86,8873 
6980,2004-08-12,380286.0,45.86,8873 
6979,2004-08-11,380286.0,45.86,8873 
6978,2004-08-10,380286.0,45.86,8873 
6977,2004-08-09,380286.0,45.86,8873 
6974,2004-08-06,380286.0,45.86,8873 
6973,2004-08-05,380286.0,45.86,8873 
6972,2004-08-04,380286.0,45.86,8873 
6971,2004-08-03,380286.0,45.86,8873 
6970,2004-08-02,380286.0,45.86,8873 
6968,2004-09-30,386682.0,45.83,9022 
6967,2004-09-29,386682.0,45.83,9022 
6966,2004-09-28,386682.0,45.83,9022 
6965,2004-09-27,386682.0,45.83,9022 
6962,2004-09-24,386682.0,45.83,9022 
6961,2004-09-23,386682.0,45.83,9022 
6960,2004-09-22,386682.0,45.83,9022 
6959,2004-09-21,386682.0,45.83,9022 
6958,2004-09-20,386682.0,45.83,9022 
6955,2004-09-17,386682.0,45.83,9022 
6954,2004-09-16,386682.0,45.83,9022 
6953,2004-09-15,386682.0,45.83,9022 
6952,2004-09-14,386682.0,45.83,9022 
6951,2004-09-13,386682.0,45.83,9022 
6948,2004-09-10,386682.0,45.83,9022 
6947,2004-09-09,386682.0,45.83,9022 
6946,2004-09-08,386682.0,45.83,9022 
6945,2004-09-07,386682.0,45.83,9022 
6944,2004-09-06,386682.0,45.83,9022 
6941,2004-09-03,386682.0,45.83,9022 
6940,2004-09-02,386682.0,45.83,9022 
6939,2004-09-01,386682.0,45.83,9022 
6936,2004-10-29,378020.0,44.81,8820 
6935,2004-10-28,378020.0,44.81,8820 
6934,2004-10-27,378020.0,44.81,8820 
6933,2004-10-26,378020.0,44.81,8820 
6932,2004-10-25,378020.0,44.81,8820 
6929,2004-10-22,378020.0,44.81,8820 
6928,2004-10-21,378020.0,44.81,8820 
6927,2004-10-20,378020.0,44.81,8820 
6926,2004-10-19,378020.0,44.81,8820 
6925,2004-10-18,378020.0,44.81,8820 
6922,2004-10-15,378020.0,44.81,8820 
6921,2004-10-14,378020.0,44.81,8820 
6920,2004-10-13,378020.0,44.81,8820 
6918,2004-10-11,378020.0,44.81,8820 
6915,2004-10-08,378020.0,44.81,8820 
6914,2004-10-07,378020.0,44.81,8820 
6913,2004-10-06,378020.0,44.81,8820 
6912,2004-10-05,378020.0,44.81,8820 
6911,2004-10-04,378020.0,44.81,8820 
6908,2004-10-01,378020.0,44.81,8820 
6907,2004-11-30,387556.0,45.94,9043 
6906,2004-11-29,387556.0,45.94,9043 
6903,2004-11-26,387556.0,45.94,9043 
6902,2004-11-25,387556.0,45.94,9043 
6901,2004-11-24,387556.0,45.94,9043 
6900,2004-11-23,387556.0,45.94,9043 
6899,2004-11-22,387556.0,45.94,9043 
6896,2004-11-19,387556.0,45.94,9043 
6895,2004-11-18,387556.0,45.94,9043 
6894,2004-11-17,387556.0,45.94,9043 
6893,2004-11-16,387556.0,45.94,9043 
6892,2004-11-15,387556.0,45.94,9043 
6889,2004-11-12,387556.0,45.94,9043 
6888,2004-11-11,387556.0,45.94,9043 
6887,2004-11-10,387556.0,45.94,9043 
6886,2004-11-09,387556.0,45.94,9043 
6885,2004-11-08,387556.0,45.94,9043 
6882,2004-11-05,387556.0,45.94,9043 
6881,2004-11-04,387556.0,45.94,9043 
6880,2004-11-03,387556.0,45.94,9043 
6879,2004-11-02,387556.0,45.94,9043 
6876,2004-12-30,389888.0,45.37,9005 
6875,2004-12-29,389888.0,45.37,9005 
6874,2004-12-28,389888.0,45.37,9005 
6873,2004-12-27,389888.0,45.37,9005 
6869,2004-12-23,389888.0,45.37,9005 
6868,2004-12-22,389888.0,45.37,9005 
6867,2004-12-21,389888.0,45.37,9005 
6866,2004-12-20,389888.0,45.37,9005 
6863,2004-12-17,389888.0,45.37,9005 
6862,2004-12-16,389888.0,45.37,9005 
6861,2004-12-15,389888.0,45.37,9005 
6860,2004-12-14,389888.0,45.37,9005 
6859,2004-12-13,389888.0,45.37,9005 
6856,2004-12-10,389888.0,45.37,9005 
6855,2004-12-09,389888.0,45.37,9005 
6853,2004-12-07,389888.0,45.37,9005 
6849,2004-12-03,389888.0,45.37,9005 
6848,2004-12-02,389888.0,45.37,9005 
6847,2004-12-01,389888.0,45.37,9005 
6846,2005-01-31,396026.0,46.08,9147 
6843,2005-01-28,396026.0,46.08,9147 
6842,2005-01-27,396026.0,46.08,9147 
6841,2005-01-26,396026.0,46.08,9147 
6840,2005-01-25,396026.0,46.08,9147 
6839,2005-01-24,396026.0,46.08,9147 
6836,2005-01-21,396026.0,46.08,9147 
6835,2005-01-20,396026.0,46.08,9147 
6834,2005-01-19,396026.0,46.08,9147 
6833,2005-01-18,396026.0,46.08,9147 
6832,2005-01-17,396026.0,46.08,9147 
6829,2005-01-14,396026.0,46.08,9147 
6828,2005-01-13,396026.0,46.08,9147 
6827,2005-01-12,396026.0,46.08,9147 
6826,2005-01-11,396026.0,46.08,9147 
6825,2005-01-10,396026.0,46.08,9147 
6822,2005-01-07,396026.0,46.08,9147 
6820,2005-01-05,396026.0,46.08,9147 
6819,2005-01-04,396026.0,46.08,9147 
6818,2005-01-03,396026.0,46.08,9147 
6815,2005-02-28,391778.0,45.59,9049 
6812,2005-02-25,391778.0,45.59,9049 
6811,2005-02-24,391778.0,45.59,9049 
6810,2005-02-23,391778.0,45.59,9049 
6809,2005-02-22,391778.0,45.59,9049 
6808,2005-02-21,391778.0,45.59,9049 
6805,2005-02-18,391778.0,45.59,9049 
6804,2005-02-17,391778.0,45.59,9049 
6803,2005-02-16,391778.0,45.59,9049 
6802,2005-02-15,391778.0,45.59,9049 
6801,2005-02-14,391778.0,45.59,9049 
6798,2005-02-11,391778.0,45.59,9049 
6797,2005-02-10,391778.0,45.59,9049 
6796,2005-02-09,391778.0,45.59,9049 
6795,2005-02-08,391778.0,45.59,9049 
6794,2005-02-07,391778.0,45.59,9049 
6791,2005-02-04,391778.0,45.59,9049 
6790,2005-02-03,391778.0,45.59,9049 
6789,2005-02-02,391778.0,45.59,9049 
6788,2005-02-01,391778.0,45.59,9049 
6787,2005-03-31,394722.0,45.11,9117 
6786,2005-03-30,394722.0,45.11,9117 
6785,2005-03-29,394722.0,45.11,9117 
6780,2005-03-24,394722.0,45.11,9117 
6779,2005-03-23,394722.0,45.11,9117 
6778,2005-03-22,394722.0,45.11,9117 
6777,2005-03-21,394722.0,45.11,9117 
6774,2005-03-18,394722.0,45.11,9117 
6773,2005-03-17,394722.0,45.11,9117 
6772,2005-03-16,394722.0,45.11,9117 
6771,2005-03-15,394722.0,45.11,9117 
6770,2005-03-14,394722.0,45.11,9117 
6767,2005-03-11,394722.0,45.11,9117 
6766,2005-03-10,394722.0,45.11,9117 
6765,2005-03-09,394722.0,45.11,9117 
6764,2005-03-08,394722.0,45.11,9117 
6763,2005-03-07,394722.0,45.11,9117 
6760,2005-03-04,394722.0,45.11,9117 
6759,2005-03-03,394722.0,45.11,9117 
6758,2005-03-02,394722.0,45.11,9117 
6757,2005-03-01,394722.0,45.11,9117 
6755,2005-04-29,388022.0,44.34,8962 
6754,2005-04-28,388022.0,44.34,8962 
6753,2005-04-27,388022.0,44.34,8962 
6752,2005-04-26,388022.0,44.34,8962 
6751,2005-04-25,388022.0,44.34,8962 
6748,2005-04-22,388022.0,44.34,8962 
6747,2005-04-21,388022.0,44.34,8962 
6746,2005-04-20,388022.0,44.34,8962 
6745,2005-04-19,388022.0,44.34,8962 
6744,2005-04-18,388022.0,44.34,8962 
6741,2005-04-15,388022.0,44.34,8962 
6740,2005-04-14,388022.0,44.34,8962 
6739,2005-04-13,388022.0,44.34,8962 
6738,2005-04-12,388022.0,44.34,8962 
6737,2005-04-11,388022.0,44.34,8962 
6734,2005-04-08,388022.0,44.34,8962 
6733,2005-04-07,388022.0,44.34,8962 
6732,2005-04-06,388022.0,44.34,8962 
6731,2005-04-05,388022.0,44.34,8962 
6730,2005-04-04,388022.0,44.34,8962 
6727,2005-04-01,388022.0,44.34,8962 
6726,2005-05-31,382682.0,43.73,8839 
6725,2005-05-30,382682.0,43.73,8839 
6722,2005-05-27,382682.0,43.73,8839 
6721,2005-05-26,382682.0,43.73,8839 
6720,2005-05-25,382682.0,43.73,8839 
6719,2005-05-24,382682.0,43.73,8839 
6718,2005-05-23,382682.0,43.73,8839 
6715,2005-05-20,382682.0,43.73,8839 
6714,2005-05-19,382682.0,43.73,8839 
6713,2005-05-18,382682.0,43.73,8839 
6712,2005-05-17,382682.0,43.73,8839 
6711,2005-05-16,382682.0,43.73,8839 
6708,2005-05-13,382682.0,43.73,8839 
6707,2005-05-12,382682.0,43.73,8839 
6706,2005-05-11,382682.0,43.73,8839 
6705,2005-05-10,382682.0,43.73,8839 
6704,2005-05-09,382682.0,43.73,8839 
6701,2005-05-06,382682.0,43.73,8839 
6700,2005-05-05,382682.0,43.73,8839 
6699,2005-05-04,382682.0,43.73,8839 
6698,2005-05-03,382682.0,43.73,8839 
6697,2005-05-02,382682.0,43.73,8839 
6695,2005-06-30,393037.0,44.06,9002 
6694,2005-06-29,393037.0,44.06,9002 
6693,2005-06-28,393037.0,44.06,9002 
6692,2005-06-27,393037.0,44.06,9002 
6689,2005-06-24,393037.0,44.06,9002 
6688,2005-06-23,393037.0,44.06,9002 
6687,2005-06-22,393037.0,44.06,9002 
6686,2005-06-21,393037.0,44.06,9002 
6685,2005-06-20,393037.0,44.06,9002 
6682,2005-06-17,393037.0,44.06,9002 
6681,2005-06-16,393037.0,44.06,9002 
6680,2005-06-15,393037.0,44.06,9002 
6679,2005-06-14,393037.0,44.06,9002 
6678,2005-06-13,393037.0,44.06,9002 
6675,2005-06-10,393037.0,44.06,9002 
6674,2005-06-09,393037.0,44.06,9002 
6673,2005-06-08,393037.0,44.06,9002 
6672,2005-06-07,393037.0,44.06,9002 
6671,2005-06-06,393037.0,44.06,9002 
6668,2005-06-03,393037.0,44.06,9002 
6667,2005-06-02,393037.0,44.06,9002 
6666,2005-06-01,393037.0,44.06,9002 
6663,2005-07-29,376933.0,42.25,8633 
6662,2005-07-28,376933.0,42.25,8633 
6661,2005-07-27,376933.0,42.25,8633 
6660,2005-07-26,376933.0,42.25,8633 
6659,2005-07-25,376933.0,42.25,8633 
6656,2005-07-22,376933.0,42.25,8633 
6655,2005-07-21,376933.0,42.25,8633 
6654,2005-07-20,376933.0,42.25,8633 
6653,2005-07-19,376933.0,42.25,8633 
6652,2005-07-18,376933.0,42.25,8633 
6649,2005-07-15,376933.0,42.25,8633 
6648,2005-07-14,376933.0,42.25,8633 
6647,2005-07-13,376933.0,42.25,8633 
6646,2005-07-12,376933.0,42.25,8633 
6645,2005-07-11,376933.0,42.25,8633 
6642,2005-07-08,376933.0,42.25,8633 
6641,2005-07-07,376933.0,42.25,8633 
6640,2005-07-06,376933.0,42.25,8633 
6639,2005-07-05,376933.0,42.25,8633 
6638,2005-07-04,376933.0,42.25,8633 
6635,2005-07-01,376933.0,42.25,8633 
6634,2005-08-31,373286.0,41.84,8549 
6633,2005-08-30,373286.0,41.84,8549 
6632,2005-08-29,373286.0,41.84,8549 
6629,2005-08-26,373286.0,41.84,8549 
6628,2005-08-25,373286.0,41.84,8549 
6627,2005-08-24,373286.0,41.84,8549 
6626,2005-08-23,373286.0,41.84,8549 
6625,2005-08-22,373286.0,41.84,8549 
6622,2005-08-19,373286.0,41.84,8549 
6621,2005-08-18,373286.0,41.84,8549 
6620,2005-08-17,373286.0,41.84,8549 
6619,2005-08-16,373286.0,41.84,8549 
6618,2005-08-15,373286.0,41.84,8549 
6615,2005-08-12,373286.0,41.84,8549 
6614,2005-08-11,373286.0,41.84,8549 
6613,2005-08-10,373286.0,41.84,8549 
6612,2005-08-09,373286.0,41.84,8549 
6611,2005-08-08,373286.0,41.84,8549 
6608,2005-08-05,373286.0,41.84,8549 
6607,2005-08-04,373286.0,41.84,8549 
6606,2005-08-03,373286.0,41.84,8549 
6605,2005-08-02,373286.0,41.84,8549 
6604,2005-08-01,373286.0,41.84,8549 
6603,2005-09-30,390459.0,42.93,8943 
6602,2005-09-29,390459.0,42.93,8943 
6601,2005-09-28,390459.0,42.93,8943 
6600,2005-09-27,390459.0,42.93,8943 
6599,2005-09-26,390459.0,42.93,8943 
6596,2005-09-23,390459.0,42.93,8943 
6595,2005-09-22,390459.0,42.93,8943 
6594,2005-09-21,390459.0,42.93,8943 
6593,2005-09-20,390459.0,42.93,8943 
6592,2005-09-19,390459.0,42.93,8943 
6589,2005-09-16,390459.0,42.93,8943 
6588,2005-09-15,390459.0,42.93,8943 
6587,2005-09-14,390459.0,42.93,8943 
6586,2005-09-13,390459.0,42.93,8943 
6585,2005-09-12,390459.0,42.93,8943 
6582,2005-09-09,390459.0,42.93,8943 
6581,2005-09-08,390459.0,42.93,8943 
6580,2005-09-07,390459.0,42.93,8943 
6579,2005-09-06,390459.0,42.93,8943 
6578,2005-09-05,390459.0,42.93,8943 
6575,2005-09-02,390459.0,42.93,8943 
6574,2005-09-01,390459.0,42.93,8943 
6573,2005-10-31,377689.0,41.53,8650 
6570,2005-10-28,377689.0,41.53,8650 
6569,2005-10-27,377689.0,41.53,8650 
6568,2005-10-26,377689.0,41.53,8650 
6567,2005-10-25,377689.0,41.53,8650 
6566,2005-10-24,377689.0,41.53,8650 
6563,2005-10-21,377689.0,41.53,8650 
6562,2005-10-20,377689.0,41.53,8650 
6561,2005-10-19,377689.0,41.53,8650 
6560,2005-10-18,377689.0,41.53,8650 
6559,2005-10-17,377689.0,41.53,8650 
6556,2005-10-14,377689.0,41.53,8650 
6555,2005-10-13,377689.0,41.53,8650 
6554,2005-10-12,377689.0,41.53,8650 
6553,2005-10-11,377689.0,41.53,8650 
6552,2005-10-10,377689.0,41.53,8650 
6549,2005-10-07,377689.0,41.53,8650 
6548,2005-10-06,377689.0,41.53,8650 
6547,2005-10-05,377689.0,41.53,8650 
6546,2005-10-04,377689.0,41.53,8650 
6545,2005-10-03,377689.0,41.53,8650 
6542,2005-11-30,382665.0,42.07,8764 
6541,2005-11-29,382665.0,42.07,8764 
6540,2005-11-28,382665.0,42.07,8764 
6537,2005-11-25,382665.0,42.07,8764 
6536,2005-11-24,382665.0,42.07,8764 
6535,2005-11-23,382665.0,42.07,8764 
6534,2005-11-22,382665.0,42.07,8764 
6533,2005-11-21,382665.0,42.07,8764 
6530,2005-11-18,382665.0,42.07,8764 
6529,2005-11-17,382665.0,42.07,8764 
6528,2005-11-16,382665.0,42.07,8764 
6527,2005-11-15,382665.0,42.07,8764 
6526,2005-11-14,382665.0,42.07,8764 
6523,2005-11-11,382665.0,42.07,8764 
6522,2005-11-10,382665.0,42.07,8764 
6521,2005-11-09,382665.0,42.07,8764 
6520,2005-11-08,382665.0,42.07,8764 
6519,2005-11-07,382665.0,42.07,8764 
6516,2005-11-04,382665.0,42.07,8764 
6515,2005-11-03,382665.0,42.07,8764 
6514,2005-11-02,382665.0,42.07,8764 
6513,2005-11-01,382665.0,42.07,8764 
6511,2005-12-30,393479.0,42.43,8941 
6510,2005-12-29,393479.0,42.43,8941 
6509,2005-12-28,393479.0,42.43,8941 
6508,2005-12-27,393479.0,42.43,8941 
6504,2005-12-23,393479.0,42.43,8941 
6503,2005-12-22,393479.0,42.43,8941 
6502,2005-12-21,393479.0,42.43,8941 
6501,2005-12-20,393479.0,42.43,8941 
6500,2005-12-19,393479.0,42.43,8941 
6497,2005-12-16,393479.0,42.43,8941 
6496,2005-12-15,393479.0,42.43,8941 
6495,2005-12-14,393479.0,42.43,8941 
6494,2005-12-13,393479.0,42.43,8941 
6493,2005-12-12,393479.0,42.43,8941 
6490,2005-12-09,393479.0,42.43,8941 
6489,2005-12-08,393479.0,42.43,8941 
6488,2005-12-07,393479.0,42.43,8941 
6487,2005-12-06,393479.0,42.43,8941 
6486,2005-12-05,393479.0,42.43,8941 
6483,2005-12-02,393479.0,42.43,8941 
6482,2005-12-01,393479.0,42.43,8941 
6481,2006-01-31,377945.0,40.76,8588 
6480,2006-01-30,377945.0,40.76,8588 
6477,2006-01-27,377945.0,40.76,8588 
6476,2006-01-26,377945.0,40.76,8588 
6475,2006-01-25,377945.0,40.76,8588 
6474,2006-01-24,377945.0,40.76,8588 
6473,2006-01-23,377945.0,40.76,8588 
6470,2006-01-20,377945.0,40.76,8588 
6469,2006-01-19,377945.0,40.76,8588 
6468,2006-01-18,377945.0,40.76,8588 
6467,2006-01-17,377945.0,40.76,8588 
6466,2006-01-16,377945.0,40.76,8588 
6463,2006-01-13,377945.0,40.76,8588 
6462,2006-01-12,377945.0,40.76,8588 
6461,2006-01-11,377945.0,40.76,8588 
6460,2006-01-10,377945.0,40.76,8588 
6459,2006-01-09,377945.0,40.76,8588 
6456,2006-01-06,377945.0,40.76,8588 
6455,2006-01-05,377945.0,40.76,8588 
6454,2006-01-04,377945.0,40.76,8588 
6453,2006-01-03,377945.0,40.76,8588 
6452,2006-01-02,377945.0,40.76,8588 
6450,2006-02-28,377948.0,40.76,8588 
6449,2006-02-27,377948.0,40.76,8588 
6446,2006-02-24,377948.0,40.76,8588 
6445,2006-02-23,377948.0,40.76,8588 
6444,2006-02-22,377948.0,40.76,8588 
6443,2006-02-21,377948.0,40.76,8588 
6442,2006-02-20,377948.0,40.76,8588 
6439,2006-02-17,377948.0,40.76,8588 
6438,2006-02-16,377948.0,40.76,8588 
6437,2006-02-15,377948.0,40.76,8588 
6436,2006-02-14,377948.0,40.76,8588 
6435,2006-02-13,377948.0,40.76,8588 
6432,2006-02-10,377948.0,40.76,8588 
6431,2006-02-09,377948.0,40.76,8588 
6430,2006-02-08,377948.0,40.76,8588 
6429,2006-02-07,377948.0,40.76,8588 
6428,2006-02-06,377948.0,40.76,8588 
6425,2006-02-03,377948.0,40.76,8588 
6424,2006-02-02,377948.0,40.76,8588 
6423,2006-02-01,377948.0,40.76,8588 
6422,2006-03-31,393984.0,41.64,8952 
6421,2006-03-30,393984.0,41.64,8952 
6420,2006-03-29,393984.0,41.64,8952 
6419,2006-03-28,393984.0,41.64,8952 
6418,2006-03-27,393984.0,41.64,8952 
6415,2006-03-24,393984.0,41.64,8952 
6414,2006-03-23,393984.0,41.64,8952 
6413,2006-03-22,393984.0,41.64,8952 
6412,2006-03-21,393984.0,41.64,8952 
6411,2006-03-20,393984.0,41.64,8952 
6408,2006-03-17,393984.0,41.64,8952 
6407,2006-03-16,393984.0,41.64,8952 
6406,2006-03-15,393984.0,41.64,8952 
6405,2006-03-14,393984.0,41.64,8952 
6404,2006-03-13,393984.0,41.64,8952 
6401,2006-03-10,393984.0,41.64,8952 
6400,2006-03-09,393984.0,41.64,8952 
6399,2006-03-08,393984.0,41.64,8952 
6398,2006-03-07,393984.0,41.64,8952 
6397,2006-03-06,393984.0,41.64,8952 
6394,2006-03-03,393984.0,41.64,8952 
6393,2006-03-02,393984.0,41.64,8952 
6392,2006-03-01,393984.0,41.64,8952 
6389,2006-04-28,379219.0,40.08,8617 
6388,2006-04-27,379219.0,40.08,8617 
6387,2006-04-26,379219.0,40.08,8617 
6386,2006-04-25,379219.0,40.08,8617 
6385,2006-04-24,379219.0,40.08,8617 
6382,2006-04-21,379219.0,40.08,8617 
6381,2006-04-20,379219.0,40.08,8617 
6380,2006-04-19,379219.0,40.08,8617 
6379,2006-04-18,379219.0,40.08,8617 
6374,2006-04-13,379219.0,40.08,8617 
6373,2006-04-12,379219.0,40.08,8617 
6372,2006-04-11,379219.0,40.08,8617 
6371,2006-04-10,379219.0,40.08,8617 
6368,2006-04-07,379219.0,40.08,8617 
6367,2006-04-06,379219.0,40.08,8617 
6366,2006-04-05,379219.0,40.08,8617 
6365,2006-04-04,379219.0,40.08,8617 
6364,2006-04-03,379219.0,40.08,8617 
6361,2006-05-31,379726.0,40.13,8628 
6360,2006-05-30,379726.0,40.13,8628 
6359,2006-05-29,379726.0,40.13,8628 
6356,2006-05-26,379726.0,40.13,8628 
6355,2006-05-25,379726.0,40.13,8628 
6354,2006-05-24,379726.0,40.13,8628 
6353,2006-05-23,379726.0,40.13,8628 
6352,2006-05-22,379726.0,40.13,8628 
6349,2006-05-19,379726.0,40.13,8628 
6348,2006-05-18,379726.0,40.13,8628 
6347,2006-05-17,379726.0,40.13,8628 
6346,2006-05-16,379726.0,40.13,8628 
6345,2006-05-15,379726.0,40.13,8628 
6342,2006-05-12,379726.0,40.13,8628 
6341,2006-05-11,379726.0,40.13,8628 
6340,2006-05-10,379726.0,40.13,8628 
6339,2006-05-09,379726.0,40.13,8628 
6338,2006-05-08,379726.0,40.13,8628 
6335,2006-05-05,379726.0,40.13,8628 
6334,2006-05-04,379726.0,40.13,8628 
6333,2006-05-03,379726.0,40.13,8628 
6332,2006-05-02,379726.0,40.13,8628 
6330,2006-06-30,390270.0,40.41,8798 
6329,2006-06-29,390270.0,40.41,8798 
6328,2006-06-28,390270.0,40.41,8798 
6327,2006-06-27,390270.0,40.41,8798 
6326,2006-06-26,390270.0,40.41,8798 
6323,2006-06-23,390270.0,40.41,8798 
6322,2006-06-22,390270.0,40.41,8798 
6321,2006-06-21,390270.0,40.41,8798 
6320,2006-06-20,390270.0,40.41,8798 
6319,2006-06-19,390270.0,40.41,8798 
6316,2006-06-16,390270.0,40.41,8798 
6315,2006-06-15,390270.0,40.41,8798 
6314,2006-06-14,390270.0,40.41,8798 
6313,2006-06-13,390270.0,40.41,8798 
6312,2006-06-12,390270.0,40.41,8798 
6309,2006-06-09,390270.0,40.41,8798 
6308,2006-06-08,390270.0,40.41,8798 
6307,2006-06-07,390270.0,40.41,8798 
6306,2006-06-06,390270.0,40.41,8798 
6305,2006-06-05,390270.0,40.41,8798 
6302,2006-06-02,390270.0,40.41,8798 
6301,2006-06-01,390270.0,40.41,8798 
6300,2006-07-31,383934.0,39.75,8655 
6297,2006-07-28,383934.0,39.75,8655 
6296,2006-07-27,383934.0,39.75,8655 
6295,2006-07-26,383934.0,39.75,8655 
6294,2006-07-25,383934.0,39.75,8655 
6293,2006-07-24,383934.0,39.75,8655 
6290,2006-07-21,383934.0,39.75,8655 
6289,2006-07-20,383934.0,39.75,8655 
6288,2006-07-19,383934.0,39.75,8655 
6287,2006-07-18,383934.0,39.75,8655 
6286,2006-07-17,383934.0,39.75,8655 
6283,2006-07-14,383934.0,39.75,8655 
6282,2006-07-13,383934.0,39.75,8655 
6281,2006-07-12,383934.0,39.75,8655 
6280,2006-07-11,383934.0,39.75,8655 
6279,2006-07-10,383934.0,39.75,8655 
6276,2006-07-07,383934.0,39.75,8655 
6275,2006-07-06,383934.0,39.75,8655 
6274,2006-07-05,383934.0,39.75,8655 
6273,2006-07-04,383934.0,39.75,8655 
6272,2006-07-03,383934.0,39.75,8655 
6269,2006-08-31,379766.0,39.32,8561 
6268,2006-08-30,379766.0,39.32,8561 
6267,2006-08-29,379766.0,39.32,8561 
6266,2006-08-28,379766.0,39.32,8561 
6263,2006-08-25,379766.0,39.32,8561 
6262,2006-08-24,379766.0,39.32,8561 
6261,2006-08-23,379766.0,39.32,8561 
6260,2006-08-22,379766.0,39.32,8561 
6259,2006-08-21,379766.0,39.32,8561 
6256,2006-08-18,379766.0,39.32,8561 
6255,2006-08-17,379766.0,39.32,8561 
6254,2006-08-16,379766.0,39.32,8561 
6253,2006-08-15,379766.0,39.32,8561 
6252,2006-08-14,379766.0,39.32,8561 
6249,2006-08-11,379766.0,39.32,8561 
6248,2006-08-10,379766.0,39.32,8561 
6247,2006-08-09,379766.0,39.32,8561 
6246,2006-08-08,379766.0,39.32,8561 
6245,2006-08-07,379766.0,39.32,8561 
6242,2006-08-04,379766.0,39.32,8561 
6241,2006-08-03,379766.0,39.32,8561 
6240,2006-08-02,379766.0,39.32,8561 
6239,2006-08-01,379766.0,39.32,8561 
6237,2006-09-29,394583.0,40.05,8895 
6236,2006-09-28,394583.0,40.05,8895 
6235,2006-09-27,394583.0,40.05,8895 
6234,2006-09-26,394583.0,40.05,8895 
6233,2006-09-25,394583.0,40.05,8895 
6230,2006-09-22,394583.0,40.05,8895 
6229,2006-09-21,394583.0,40.05,8895 
6228,2006-09-20,394583.0,40.05,8895 
6227,2006-09-19,394583.0,40.05,8895 
6226,2006-09-18,394583.0,40.05,8895 
6223,2006-09-15,394583.0,40.05,8895 
6222,2006-09-14,394583.0,40.05,8895 
6221,2006-09-13,394583.0,40.05,8895 
6220,2006-09-12,394583.0,40.05,8895 
6219,2006-09-11,394583.0,40.05,8895 
6216,2006-09-08,394583.0,40.05,8895 
6215,2006-09-07,394583.0,40.05,8895 
6214,2006-09-06,394583.0,40.05,8895 
6213,2006-09-05,394583.0,40.05,8895 
6212,2006-09-04,394583.0,40.05,8895 
6209,2006-09-01,394583.0,40.05,8895 
6208,2006-10-31,377463.0,38.31,8509 
6207,2006-10-30,377463.0,38.31,8509 
6204,2006-10-27,377463.0,38.31,8509 
6203,2006-10-26,377463.0,38.31,8509 
6202,2006-10-25,377463.0,38.31,8509 
6201,2006-10-24,377463.0,38.31,8509 
6200,2006-10-23,377463.0,38.31,8509 
6197,2006-10-20,377463.0,38.31,8509 
6196,2006-10-19,377463.0,38.31,8509 
6195,2006-10-18,377463.0,38.31,8509 
6194,2006-10-17,377463.0,38.31,8509 
6193,2006-10-16,377463.0,38.31,8509 
6190,2006-10-13,377463.0,38.31,8509 
6189,2006-10-12,377463.0,38.31,8509 
6188,2006-10-11,377463.0,38.31,8509 
6187,2006-10-10,377463.0,38.31,8509 
6186,2006-10-09,377463.0,38.31,8509 
6183,2006-10-06,377463.0,38.31,8509 
6182,2006-10-05,377463.0,38.31,8509 
6181,2006-10-04,377463.0,38.31,8509 
6180,2006-10-03,377463.0,38.31,8509 
6179,2006-10-02,377463.0,38.31,8509 
6177,2006-11-30,381052.0,38.68,8590 
6176,2006-11-29,381052.0,38.68,8590 
6175,2006-11-28,381052.0,38.68,8590 
6174,2006-11-27,381052.0,38.68,8590 
6171,2006-11-24,381052.0,38.68,8590 
6170,2006-11-23,381052.0,38.68,8590 
6169,2006-11-22,381052.0,38.68,8590 
6168,2006-11-21,381052.0,38.68,8590 
6167,2006-11-20,381052.0,38.68,8590 
6164,2006-11-17,381052.0,38.68,8590 
6163,2006-11-16,381052.0,38.68,8590 
6162,2006-11-15,381052.0,38.68,8590 
6161,2006-11-14,381052.0,38.68,8590 
6160,2006-11-13,381052.0,38.68,8590 
6157,2006-11-10,381052.0,38.68,8590 
6156,2006-11-09,381052.0,38.68,8590 
6155,2006-11-08,381052.0,38.68,8590 
6154,2006-11-07,381052.0,38.68,8590 
6153,2006-11-06,381052.0,38.68,8590 
6150,2006-11-03,381052.0,38.68,8590 
6149,2006-11-02,381052.0,38.68,8590 
6148,2006-11-01,381052.0,38.68,8590 
6145,2006-12-29,392132.0,39.06,8756 
6144,2006-12-28,392132.0,39.06,8756 
6143,2006-12-27,392132.0,39.06,8756 
6138,2006-12-22,392132.0,39.06,8756 
6137,2006-12-21,392132.0,39.06,8756 
6136,2006-12-20,392132.0,39.06,8756 
6135,2006-12-19,392132.0,39.06,8756 
6134,2006-12-18,392132.0,39.06,8756 
6131,2006-12-15,392132.0,39.06,8756 
6130,2006-12-14,392132.0,39.06,8756 
6129,2006-12-13,392132.0,39.06,8756 
6128,2006-12-12,392132.0,39.06,8756 
6127,2006-12-11,392132.0,39.06,8756 
6124,2006-12-08,392132.0,39.06,8756 
6123,2006-12-07,392132.0,39.06,8756 
6122,2006-12-06,392132.0,39.06,8756 
6121,2006-12-05,392132.0,39.06,8756 
6120,2006-12-04,392132.0,39.06,8756 
6117,2006-12-01,392132.0,39.06,8756 
6116,2007-01-31,386616.0,38.51,8633 
6115,2007-01-30,386616.0,38.51,8633 
6114,2007-01-29,386616.0,38.51,8633 
6111,2007-01-26,386616.0,38.51,8633 
6110,2007-01-25,386616.0,38.51,8633 
6109,2007-01-24,386616.0,38.51,8633 
6108,2007-01-23,386616.0,38.51,8633 
6107,2007-01-22,386616.0,38.51,8633 
6104,2007-01-19,386616.0,38.51,8633 
6103,2007-01-18,386616.0,38.51,8633 
6102,2007-01-17,386616.0,38.51,8633 
6101,2007-01-16,386616.0,38.51,8633 
6100,2007-01-15,386616.0,38.51,8633 
6097,2007-01-12,386616.0,38.51,8633 
6096,2007-01-11,386616.0,38.51,8633 
6095,2007-01-10,386616.0,38.51,8633 
6094,2007-01-09,386616.0,38.51,8633 
6093,2007-01-08,386616.0,38.51,8633 
6090,2007-01-05,386616.0,38.51,8633 
6089,2007-01-04,386616.0,38.51,8633 
6088,2007-01-03,386616.0,38.51,8633 
6087,2007-01-02,386616.0,38.51,8633 
6085,2007-02-28,387285.0,38.58,8648 
6084,2007-02-27,387285.0,38.58,8648 
6083,2007-02-26,387285.0,38.58,8648 
6080,2007-02-23,387285.0,38.58,8648 
6079,2007-02-22,387285.0,38.58,8648 
6078,2007-02-21,387285.0,38.58,8648 
6077,2007-02-20,387285.0,38.58,8648 
6076,2007-02-19,387285.0,38.58,8648 
6073,2007-02-16,387285.0,38.58,8648 
6072,2007-02-15,387285.0,38.58,8648 
6071,2007-02-14,387285.0,38.58,8648 
6070,2007-02-13,387285.0,38.58,8648 
6069,2007-02-12,387285.0,38.58,8648 
6066,2007-02-09,387285.0,38.58,8648 
6065,2007-02-08,387285.0,38.58,8648 
6064,2007-02-07,387285.0,38.58,8648 
6063,2007-02-06,387285.0,38.58,8648 
6062,2007-02-05,387285.0,38.58,8648 
6059,2007-02-02,387285.0,38.58,8648 
6058,2007-02-01,387285.0,38.58,8648 
6056,2007-03-30,398734.0,38.94,8903 
6055,2007-03-29,398734.0,38.94,8903 
6054,2007-03-28,398734.0,38.94,8903 
6053,2007-03-27,398734.0,38.94,8903 
6052,2007-03-26,398734.0,38.94,8903 
6049,2007-03-23,398734.0,38.94,8903 
6048,2007-03-22,398734.0,38.94,8903 
6047,2007-03-21,398734.0,38.94,8903 
6046,2007-03-20,398734.0,38.94,8903 
6045,2007-03-19,398734.0,38.94,8903 
6042,2007-03-16,398734.0,38.94,8903 
6041,2007-03-15,398734.0,38.94,8903 
6040,2007-03-14,398734.0,38.94,8903 
6039,2007-03-13,398734.0,38.94,8903 
6038,2007-03-12,398734.0,38.94,8903 
6035,2007-03-09,398734.0,38.94,8903 
6034,2007-03-08,398734.0,38.94,8903 
6033,2007-03-07,398734.0,38.94,8903 
6032,2007-03-06,398734.0,38.94,8903 
6031,2007-03-05,398734.0,38.94,8903 
6028,2007-03-02,398734.0,38.94,8903 
6027,2007-03-01,398734.0,38.94,8903 
6026,2007-04-30,386029.0,37.7,8620 
6023,2007-04-27,386029.0,37.7,8620 
6022,2007-04-26,386029.0,37.7,8620 
6021,2007-04-25,386029.0,37.7,8620 
6020,2007-04-24,386029.0,37.7,8620 
6019,2007-04-23,386029.0,37.7,8620 
6016,2007-04-20,386029.0,37.7,8620 
6015,2007-04-19,386029.0,37.7,8620 
6014,2007-04-18,386029.0,37.7,8620 
6013,2007-04-17,386029.0,37.7,8620 
6012,2007-04-16,386029.0,37.7,8620 
6009,2007-04-13,386029.0,37.7,8620 
6008,2007-04-12,386029.0,37.7,8620 
6007,2007-04-11,386029.0,37.7,8620 
6006,2007-04-10,386029.0,37.7,8620 
6001,2007-04-05,386029.0,37.7,8620 
6000,2007-04-04,386029.0,37.7,8620 
5999,2007-04-03,386029.0,37.7,8620 
5998,2007-04-02,386029.0,37.7,8620 
5996,2007-05-31,387150.0,37.81,8645 
5995,2007-05-30,387150.0,37.81,8645 
5994,2007-05-29,387150.0,37.81,8645 
5993,2007-05-28,387150.0,37.81,8645 
5990,2007-05-25,387150.0,37.81,8645 
5989,2007-05-24,387150.0,37.81,8645 
5988,2007-05-23,387150.0,37.81,8645 
5987,2007-05-22,387150.0,37.81,8645 
5986,2007-05-21,387150.0,37.81,8645 
5983,2007-05-18,387150.0,37.81,8645 
5982,2007-05-17,387150.0,37.81,8645 
5981,2007-05-16,387150.0,37.81,8645 
5980,2007-05-15,387150.0,37.81,8645 
5979,2007-05-14,387150.0,37.81,8645 
5976,2007-05-11,387150.0,37.81,8645 
5975,2007-05-10,387150.0,37.81,8645 
5974,2007-05-09,387150.0,37.81,8645 
5973,2007-05-08,387150.0,37.81,8645 
5972,2007-05-07,387150.0,37.81,8645 
5969,2007-05-04,387150.0,37.81,8645 
5968,2007-05-03,387150.0,37.81,8645 
5967,2007-05-02,387150.0,37.81,8645 
5964,2007-06-29,400012.0,38.38,8843 
5963,2007-06-28,400012.0,38.38,8843 
5962,2007-06-27,400012.0,38.38,8843 
5961,2007-06-26,400012.0,38.38,8843 
5960,2007-06-25,400012.0,38.38,8843 
5957,2007-06-22,400012.0,38.38,8843 
5956,2007-06-21,400012.0,38.38,8843 
5955,2007-06-20,400012.0,38.38,8843 
5954,2007-06-19,400012.0,38.38,8843 
5953,2007-06-18,400012.0,38.38,8843 
5950,2007-06-15,400012.0,38.38,8843 
5949,2007-06-14,400012.0,38.38,8843 
5948,2007-06-13,400012.0,38.38,8843 
5947,2007-06-12,400012.0,38.38,8843 
5946,2007-06-11,400012.0,38.38,8843 
5943,2007-06-08,400012.0,38.38,8843 
5942,2007-06-07,400012.0,38.38,8843 
5941,2007-06-06,400012.0,38.38,8843 
5940,2007-06-05,400012.0,38.38,8843 
5939,2007-06-04,400012.0,38.38,8843 
5936,2007-06-01,400012.0,38.38,8843 
5935,2007-07-31,380483.0,36.5,8411 
5934,2007-07-30,380483.0,36.5,8411 
5931,2007-07-27,380483.0,36.5,8411 
5930,2007-07-26,380483.0,36.5,8411 
5929,2007-07-25,380483.0,36.5,8411 
5928,2007-07-24,380483.0,36.5,8411 
5927,2007-07-23,380483.0,36.5,8411 
5924,2007-07-20,380483.0,36.5,8411 
5923,2007-07-19,380483.0,36.5,8411 
5922,2007-07-18,380483.0,36.5,8411 
5921,2007-07-17,380483.0,36.5,8411 
5920,2007-07-16,380483.0,36.5,8411 
5917,2007-07-13,380483.0,36.5,8411 
5916,2007-07-12,380483.0,36.5,8411 
5915,2007-07-11,380483.0,36.5,8411 
5914,2007-07-10,380483.0,36.5,8411 
5913,2007-07-09,380483.0,36.5,8411 
5910,2007-07-06,380483.0,36.5,8411 
5909,2007-07-05,380483.0,36.5,8411 
5908,2007-07-04,380483.0,36.5,8411 
5907,2007-07-03,380483.0,36.5,8411 
5906,2007-07-02,380483.0,36.5,8411 
5904,2007-08-31,375911.0,36.07,8310 
5903,2007-08-30,375911.0,36.07,8310 
5902,2007-08-29,375911.0,36.07,8310 
5901,2007-08-28,375911.0,36.07,8310 
5900,2007-08-27,375911.0,36.07,8310 
5897,2007-08-24,375911.0,36.07,8310 
5896,2007-08-23,375911.0,36.07,8310 
5895,2007-08-22,375911.0,36.07,8310 
5894,2007-08-21,375911.0,36.07,8310 
5893,2007-08-20,375911.0,36.07,8310 
5890,2007-08-17,375911.0,36.07,8310 
5889,2007-08-16,375911.0,36.07,8310 
5888,2007-08-15,375911.0,36.07,8310 
5887,2007-08-14,375911.0,36.07,8310 
5886,2007-08-13,375911.0,36.07,8310 
5883,2007-08-10,375911.0,36.07,8310 
5882,2007-08-09,375911.0,36.07,8310 
5881,2007-08-08,375911.0,36.07,8310 
5880,2007-08-07,375911.0,36.07,8310 
5879,2007-08-06,375911.0,36.07,8310 
5876,2007-08-03,375911.0,36.07,8310 
5875,2007-08-02,375911.0,36.07,8310 
5874,2007-08-01,375911.0,36.07,8310 
5871,2007-09-28,391300.0,36.98,8650 
5870,2007-09-27,391300.0,36.98,8650 
5869,2007-09-26,391300.0,36.98,8650 
5868,2007-09-25,391300.0,36.98,8650 
5867,2007-09-24,391300.0,36.98,8650 
5864,2007-09-21,391300.0,36.98,8650 
5863,2007-09-20,391300.0,36.98,8650 
5862,2007-09-19,391300.0,36.98,8650 
5861,2007-09-18,391300.0,36.98,8650 
5860,2007-09-17,391300.0,36.98,8650 
5857,2007-09-14,391300.0,36.98,8650 
5856,2007-09-13,391300.0,36.98,8650 
5855,2007-09-12,391300.0,36.98,8650 
5854,2007-09-11,391300.0,36.98,8650 
5853,2007-09-10,391300.0,36.98,8650 
5850,2007-09-07,391300.0,36.98,8650 
5849,2007-09-06,391300.0,36.98,8650 
5848,2007-09-05,391300.0,36.98,8650 
5847,2007-09-04,391300.0,36.98,8650 
5846,2007-09-03,391300.0,36.98,8650 
5843,2007-10-31,371056.0,35.06,8203 
5842,2007-10-30,371056.0,35.06,8203 
5841,2007-10-29,371056.0,35.06,8203 
5838,2007-10-26,371056.0,35.06,8203 
5837,2007-10-25,371056.0,35.06,8203 
5836,2007-10-24,371056.0,35.06,8203 
5835,2007-10-23,371056.0,35.06,8203 
5834,2007-10-22,371056.0,35.06,8203 
5831,2007-10-19,371056.0,35.06,8203 
5830,2007-10-18,371056.0,35.06,8203 
5829,2007-10-17,371056.0,35.06,8203 
5828,2007-10-16,371056.0,35.06,8203 
5827,2007-10-15,371056.0,35.06,8203 
5824,2007-10-12,371056.0,35.06,8203 
5823,2007-10-11,371056.0,35.06,8203 
5822,2007-10-10,371056.0,35.06,8203 
5821,2007-10-09,371056.0,35.06,8203 
5820,2007-10-08,371056.0,35.06,8203 
5817,2007-10-05,371056.0,35.06,8203 
5816,2007-10-04,371056.0,35.06,8203 
5815,2007-10-03,371056.0,35.06,8203 
5814,2007-10-02,371056.0,35.06,8203 
5813,2007-10-01,371056.0,35.06,8203 
5812,2007-11-30,374175.0,35.36,8272 
5811,2007-11-29,374175.0,35.36,8272 
5810,2007-11-28,374175.0,35.36,8272 
5809,2007-11-27,374175.0,35.36,8272 
5808,2007-11-26,374175.0,35.36,8272 
5805,2007-11-23,374175.0,35.36,8272 
5804,2007-11-22,374175.0,35.36,8272 
5803,2007-11-21,374175.0,35.36,8272 
5802,2007-11-20,374175.0,35.36,8272 
5801,2007-11-19,374175.0,35.36,8272 
5798,2007-11-16,374175.0,35.36,8272 
5797,2007-11-15,374175.0,35.36,8272 
5796,2007-11-14,374175.0,35.36,8272 
5795,2007-11-13,374175.0,35.36,8272 
5794,2007-11-12,374175.0,35.36,8272 
5791,2007-11-09,374175.0,35.36,8272 
5790,2007-11-08,374175.0,35.36,8272 
5789,2007-11-07,374175.0,35.36,8272 
5788,2007-11-06,374175.0,35.36,8272 
5787,2007-11-05,374175.0,35.36,8272 
5784,2007-11-02,374175.0,35.36,8272 
5783,2007-11-01,374175.0,35.36,8272 
5779,2007-12-28,384662.0,35.76,8423 
5778,2007-12-27,384662.0,35.76,8423 
5772,2007-12-21,384662.0,35.76,8423 
5771,2007-12-20,384662.0,35.76,8423 
5770,2007-12-19,384662.0,35.76,8423 
5769,2007-12-18,384662.0,35.76,8423 
5768,2007-12-17,384662.0,35.76,8423 
5765,2007-12-14,384662.0,35.76,8423 
5764,2007-12-13,384662.0,35.76,8423 
5763,2007-12-12,384662.0,35.76,8423 
5762,2007-12-11,384662.0,35.76,8423 
5761,2007-12-10,384662.0,35.76,8423 
5758,2007-12-07,384662.0,35.76,8423 
5757,2007-12-06,384662.0,35.76,8423 
5756,2007-12-05,384662.0,35.76,8423 
5755,2007-12-04,384662.0,35.76,8423 
5754,2007-12-03,384662.0,35.76,8423 
5751,2008-01-31,365204.0,33.96,7997 
5750,2008-01-30,365204.0,33.96,7997 
5749,2008-01-29,365204.0,33.96,7997 
5748,2008-01-28,365204.0,33.96,7997 
5745,2008-01-25,365204.0,33.96,7997 
5744,2008-01-24,365204.0,33.96,7997 
5743,2008-01-23,365204.0,33.96,7997 
5742,2008-01-22,365204.0,33.96,7997 
5741,2008-01-21,365204.0,33.96,7997 
5738,2008-01-18,365204.0,33.96,7997 
5737,2008-01-17,365204.0,33.96,7997 
5736,2008-01-16,365204.0,33.96,7997 
5735,2008-01-15,365204.0,33.96,7997 
5734,2008-01-14,365204.0,33.96,7997 
5731,2008-01-11,365204.0,33.96,7997 
5730,2008-01-10,365204.0,33.96,7997 
5729,2008-01-09,365204.0,33.96,7997 
5728,2008-01-08,365204.0,33.96,7997 
5727,2008-01-07,365204.0,33.96,7997 
5724,2008-01-04,365204.0,33.96,7997 
5723,2008-01-03,365204.0,33.96,7997 
5722,2008-01-02,365204.0,33.96,7997 
5720,2008-02-29,369886.0,34.39,8099 
5719,2008-02-28,369886.0,34.39,8099 
5718,2008-02-27,369886.0,34.39,8099 
5717,2008-02-26,369886.0,34.39,8099 
5716,2008-02-25,369886.0,34.39,8099 
5713,2008-02-22,369886.0,34.39,8099 
5712,2008-02-21,369886.0,34.39,8099 
5711,2008-02-20,369886.0,34.39,8099 
5710,2008-02-19,369886.0,34.39,8099 
5709,2008-02-18,369886.0,34.39,8099 
5706,2008-02-15,369886.0,34.39,8099 
5705,2008-02-14,369886.0,34.39,8099 
5704,2008-02-13,369886.0,34.39,8099 
5703,2008-02-12,369886.0,34.39,8099 
5702,2008-02-11,369886.0,34.39,8099 
5699,2008-02-08,369886.0,34.39,8099 
5698,2008-02-07,369886.0,34.39,8099 
5697,2008-02-06,369886.0,34.39,8099 
5696,2008-02-05,369886.0,34.39,8099 
5695,2008-02-04,369886.0,34.39,8099 
5692,2008-02-01,369886.0,34.39,8099 
5691,2008-03-31,380270.0,34.91,8327 
5688,2008-03-28,380270.0,34.91,8327 
5687,2008-03-27,380270.0,34.91,8327 
5686,2008-03-26,380270.0,34.91,8327 
5685,2008-03-25,380270.0,34.91,8327 
5680,2008-03-20,380270.0,34.91,8327 
5679,2008-03-19,380270.0,34.91,8327 
5678,2008-03-18,380270.0,34.91,8327 
5677,2008-03-17,380270.0,34.91,8327 
5674,2008-03-14,380270.0,34.91,8327 
5673,2008-03-13,380270.0,34.91,8327 
5672,2008-03-12,380270.0,34.91,8327 
5671,2008-03-11,380270.0,34.91,8327 
5670,2008-03-10,380270.0,34.91,8327 
5667,2008-03-07,380270.0,34.91,8327 
5666,2008-03-06,380270.0,34.91,8327 
5665,2008-03-05,380270.0,34.91,8327 
5664,2008-03-04,380270.0,34.91,8327 
5663,2008-03-03,380270.0,34.91,8327 
5660,2008-04-30,368381.0,33.81,8066 
5659,2008-04-29,368381.0,33.81,8066 
5658,2008-04-28,368381.0,33.81,8066 
5655,2008-04-25,368381.0,33.81,8066 
5654,2008-04-24,368381.0,33.81,8066 
5653,2008-04-23,368381.0,33.81,8066 
5652,2008-04-22,368381.0,33.81,8066 
5651,2008-04-21,368381.0,33.81,8066 
5648,2008-04-18,368381.0,33.81,8066 
5647,2008-04-17,368381.0,33.81,8066 
5646,2008-04-16,368381.0,33.81,8066 
5645,2008-04-15,368381.0,33.81,8066 
5644,2008-04-14,368381.0,33.81,8066 
5641,2008-04-11,368381.0,33.81,8066 
5640,2008-04-10,368381.0,33.81,8066 
5639,2008-04-09,368381.0,33.81,8066 
5638,2008-04-08,368381.0,33.81,8066 
5637,2008-04-07,368381.0,33.81,8066 
5634,2008-04-04,368381.0,33.81,8066 
5633,2008-04-03,368381.0,33.81,8066 
5632,2008-04-02,368381.0,33.81,8066 
5631,2008-04-01,368381.0,33.81,8066 
5629,2008-05-30,373712.0,34.3,8183 
5628,2008-05-29,373712.0,34.3,8183 
5627,2008-05-28,373712.0,34.3,8183 
5626,2008-05-27,373712.0,34.3,8183 
5625,2008-05-26,373712.0,34.3,8183 
5622,2008-05-23,373712.0,34.3,8183 
5621,2008-05-22,373712.0,34.3,8183 
5620,2008-05-21,373712.0,34.3,8183 
5619,2008-05-20,373712.0,34.3,8183 
5618,2008-05-19,373712.0,34.3,8183 
5615,2008-05-16,373712.0,34.3,8183 
5614,2008-05-15,373712.0,34.3,8183 
5613,2008-05-14,373712.0,34.3,8183 
5612,2008-05-13,373712.0,34.3,8183 
5611,2008-05-12,373712.0,34.3,8183 
5608,2008-05-09,373712.0,34.3,8183 
5607,2008-05-08,373712.0,34.3,8183 
5606,2008-05-07,373712.0,34.3,8183 
5605,2008-05-06,373712.0,34.3,8183 
5604,2008-05-05,373712.0,34.3,8183 
5601,2008-05-02,373712.0,34.3,8183 
5599,2008-06-30,390638.0,35.48,8495 
5596,2008-06-27,390638.0,35.48,8495 
5595,2008-06-26,390638.0,35.48,8495 
5594,2008-06-25,390638.0,35.48,8495 
5593,2008-06-24,390638.0,35.48,8495 
5592,2008-06-23,390638.0,35.48,8495 
5589,2008-06-20,390638.0,35.48,8495 
5588,2008-06-19,390638.0,35.48,8495 
5587,2008-06-18,390638.0,35.48,8495 
5586,2008-06-17,390638.0,35.48,8495 
5585,2008-06-16,390638.0,35.48,8495 
5582,2008-06-13,390638.0,35.48,8495 
5581,2008-06-12,390638.0,35.48,8495 
5580,2008-06-11,390638.0,35.48,8495 
5579,2008-06-10,390638.0,35.48,8495 
5578,2008-06-09,390638.0,35.48,8495 
5575,2008-06-06,390638.0,35.48,8495 
5574,2008-06-05,390638.0,35.48,8495 
5573,2008-06-04,390638.0,35.48,8495 
5572,2008-06-03,390638.0,35.48,8495 
5571,2008-06-02,390638.0,35.48,8495 
5569,2008-07-31,377534.0,34.29,8210 
5568,2008-07-30,377534.0,34.29,8210 
5567,2008-07-29,377534.0,34.29,8210 
5566,2008-07-28,377534.0,34.29,8210 
5563,2008-07-25,377534.0,34.29,8210 
5562,2008-07-24,377534.0,34.29,8210 
5561,2008-07-23,377534.0,34.29,8210 
5560,2008-07-22,377534.0,34.29,8210 
5559,2008-07-21,377534.0,34.29,8210 
5556,2008-07-18,377534.0,34.29,8210 
5555,2008-07-17,377534.0,34.29,8210 
5554,2008-07-16,377534.0,34.29,8210 
5553,2008-07-15,377534.0,34.29,8210 
5552,2008-07-14,377534.0,34.29,8210 
5549,2008-07-11,377534.0,34.29,8210 
5548,2008-07-10,377534.0,34.29,8210 
5547,2008-07-09,377534.0,34.29,8210 
5546,2008-07-08,377534.0,34.29,8210 
5545,2008-07-07,377534.0,34.29,8210 
5542,2008-07-04,377534.0,34.29,8210 
5541,2008-07-03,377534.0,34.29,8210 
5540,2008-07-02,377534.0,34.29,8210 
5539,2008-07-01,377534.0,34.29,8210 
5536,2008-08-29,378068.0,34.34,8222 
5535,2008-08-28,378068.0,34.34,8222 
5534,2008-08-27,378068.0,34.34,8222 
5533,2008-08-26,378068.0,34.34,8222 
5532,2008-08-25,378068.0,34.34,8222 
5529,2008-08-22,378068.0,34.34,8222 
5528,2008-08-21,378068.0,34.34,8222 
5527,2008-08-20,378068.0,34.34,8222 
5526,2008-08-19,378068.0,34.34,8222 
5525,2008-08-18,378068.0,34.34,8222 
5522,2008-08-15,378068.0,34.34,8222 
5521,2008-08-14,378068.0,34.34,8222 
5520,2008-08-13,378068.0,34.34,8222 
5519,2008-08-12,378068.0,34.34,8222 
5518,2008-08-11,378068.0,34.34,8222 
5515,2008-08-08,378068.0,34.34,8222 
5514,2008-08-07,378068.0,34.34,8222 
5513,2008-08-06,378068.0,34.34,8222 
5512,2008-08-05,378068.0,34.34,8222 
5511,2008-08-04,378068.0,34.34,8222 
5508,2008-08-01,378068.0,34.34,8222 
5507,2008-09-30,403722.0,36.4,8780 
5506,2008-09-29,403722.0,36.4,8780 
5503,2008-09-26,403722.0,36.4,8780 
5502,2008-09-25,403722.0,36.4,8780 
5501,2008-09-24,403722.0,36.4,8780 
5500,2008-09-23,403722.0,36.4,8780 
5499,2008-09-22,403722.0,36.4,8780 
5496,2008-09-19,403722.0,36.4,8780 
5495,2008-09-18,403722.0,36.4,8780 
5494,2008-09-17,403722.0,36.4,8780 
5493,2008-09-16,403722.0,36.4,8780 
5492,2008-09-15,403722.0,36.4,8780 
5489,2008-09-12,403722.0,36.4,8780 
5488,2008-09-11,403722.0,36.4,8780 
5487,2008-09-10,403722.0,36.4,8780 
5486,2008-09-09,403722.0,36.4,8780 
5485,2008-09-08,403722.0,36.4,8780 
5482,2008-09-05,403722.0,36.4,8780 
5481,2008-09-04,403722.0,36.4,8780 
5480,2008-09-03,403722.0,36.4,8780 
5479,2008-09-02,403722.0,36.4,8780 
5478,2008-09-01,403722.0,36.4,8780 
5477,2008-10-31,387382.0,34.93,8424 
5476,2008-10-30,387382.0,34.93,8424 
5475,2008-10-29,387382.0,34.93,8424 
5474,2008-10-28,387382.0,34.93,8424 
5473,2008-10-27,387382.0,34.93,8424 
5470,2008-10-24,387382.0,34.93,8424 
5469,2008-10-23,387382.0,34.93,8424 
5468,2008-10-22,387382.0,34.93,8424 
5467,2008-10-21,387382.0,34.93,8424 
5466,2008-10-20,387382.0,34.93,8424 
5463,2008-10-17,387382.0,34.93,8424 
5462,2008-10-16,387382.0,34.93,8424 
5461,2008-10-15,387382.0,34.93,8424 
5460,2008-10-14,387382.0,34.93,8424 
5459,2008-10-13,387382.0,34.93,8424 
5456,2008-10-10,387382.0,34.93,8424 
5455,2008-10-09,387382.0,34.93,8424 
5454,2008-10-08,387382.0,34.93,8424 
5453,2008-10-07,387382.0,34.93,8424 
5452,2008-10-06,387382.0,34.93,8424 
5449,2008-10-03,387382.0,34.93,8424 
5448,2008-10-02,387382.0,34.93,8424 
5447,2008-10-01,387382.0,34.93,8424 
5444,2008-11-28,406604.0,36.66,8842 
5443,2008-11-27,406604.0,36.66,8842 
5442,2008-11-26,406604.0,36.66,8842 
5441,2008-11-25,406604.0,36.66,8842 
5440,2008-11-24,406604.0,36.66,8842 
5437,2008-11-21,406604.0,36.66,8842 
5436,2008-11-20,406604.0,36.66,8842 
5435,2008-11-19,406604.0,36.66,8842 
5434,2008-11-18,406604.0,36.66,8842 
5433,2008-11-17,406604.0,36.66,8842 
5430,2008-11-14,406604.0,36.66,8842 
5429,2008-11-13,406604.0,36.66,8842 
5428,2008-11-12,406604.0,36.66,8842 
5427,2008-11-11,406604.0,36.66,8842 
5426,2008-11-10,406604.0,36.66,8842 
5423,2008-11-07,406604.0,36.66,8842 
5422,2008-11-06,406604.0,36.66,8842 
5421,2008-11-05,406604.0,36.66,8842 
5420,2008-11-04,406604.0,36.66,8842 
5419,2008-11-03,406604.0,36.66,8842 
5415,2008-12-30,440621.0,39.71,9529 
5414,2008-12-29,440621.0,39.71,9529 
5408,2008-12-23,440621.0,39.71,9529 
5407,2008-12-22,440621.0,39.71,9529 
5404,2008-12-19,440621.0,39.71,9529 
5403,2008-12-18,440621.0,39.71,9529 
5402,2008-12-17,440621.0,39.71,9529 
5401,2008-12-16,440621.0,39.71,9529 
5400,2008-12-15,440621.0,39.71,9529 
5397,2008-12-12,440621.0,39.71,9529 
5396,2008-12-11,440621.0,39.71,9529 
5395,2008-12-10,440621.0,39.71,9529 
5394,2008-12-09,440621.0,39.71,9529 
5393,2008-12-08,440621.0,39.71,9529 
5390,2008-12-05,440621.0,39.71,9529 
5389,2008-12-04,440621.0,39.71,9529 
5388,2008-12-03,440621.0,39.71,9529 
5387,2008-12-02,440621.0,39.71,9529 
5386,2008-12-01,440621.0,39.71,9529 
5384,2009-01-30,440498.0,39.7,9527 
5383,2009-01-29,440498.0,39.7,9527 
5382,2009-01-28,440498.0,39.7,9527 
5381,2009-01-27,440498.0,39.7,9527 
5380,2009-01-26,440498.0,39.7,9527 
5377,2009-01-23,440498.0,39.7,9527 
5376,2009-01-22,440498.0,39.7,9527 
5375,2009-01-21,440498.0,39.7,9527 
5374,2009-01-20,440498.0,39.7,9527 
5373,2009-01-19,440498.0,39.7,9527 
5370,2009-01-16,440498.0,39.7,9527 
5369,2009-01-15,440498.0,39.7,9527 
5368,2009-01-14,440498.0,39.7,9527 
5367,2009-01-13,440498.0,39.7,9527 
5366,2009-01-12,440498.0,39.7,9527 
5363,2009-01-09,440498.0,39.7,9527 
5362,2009-01-08,440498.0,39.7,9527 
5361,2009-01-07,440498.0,39.7,9527 
5360,2009-01-06,440498.0,39.7,9527 
5359,2009-01-05,440498.0,39.7,9527 
5356,2009-01-02,440498.0,39.7,9527 
5353,2009-02-27,457305.0,41.22,9890 
5352,2009-02-26,457305.0,41.22,9890 
5351,2009-02-25,457305.0,41.22,9890 
5350,2009-02-24,457305.0,41.22,9890 
5349,2009-02-23,457305.0,41.22,9890 
5346,2009-02-20,457305.0,41.22,9890 
5345,2009-02-19,457305.0,41.22,9890 
5344,2009-02-18,457305.0,41.22,9890 
5343,2009-02-17,457305.0,41.22,9890 
5342,2009-02-16,457305.0,41.22,9890 
5339,2009-02-13,457305.0,41.22,9890 
5338,2009-02-12,457305.0,41.22,9890 
5337,2009-02-11,457305.0,41.22,9890 
5336,2009-02-10,457305.0,41.22,9890 
5335,2009-02-09,457305.0,41.22,9890 
5332,2009-02-06,457305.0,41.22,9890 
5331,2009-02-05,457305.0,41.22,9890 
5330,2009-02-04,457305.0,41.22,9890 
5329,2009-02-03,457305.0,41.22,9890 
5328,2009-02-02,457305.0,41.22,9890 
5326,2009-03-31,473710.0,43.02,10245 
5325,2009-03-30,473710.0,43.02,10245 
5322,2009-03-27,473710.0,43.02,10245 
5321,2009-03-26,473710.0,43.02,10245 
5320,2009-03-25,473710.0,43.02,10245 
5319,2009-03-24,473710.0,43.02,10245 
5318,2009-03-23,473710.0,43.02,10245 
5315,2009-03-20,473710.0,43.02,10245 
5314,2009-03-19,473710.0,43.02,10245 
5313,2009-03-18,473710.0,43.02,10245 
5312,2009-03-17,473710.0,43.02,10245 
5311,2009-03-16,473710.0,43.02,10245 
5308,2009-03-13,473710.0,43.02,10245 
5307,2009-03-12,473710.0,43.02,10245 
5306,2009-03-11,473710.0,43.02,10245 
5305,2009-03-10,473710.0,43.02,10245 
5304,2009-03-09,473710.0,43.02,10245 
5301,2009-03-06,473710.0,43.02,10245 
5300,2009-03-05,473710.0,43.02,10245 
5299,2009-03-04,473710.0,43.02,10245 
5298,2009-03-03,473710.0,43.02,10245 
5297,2009-03-02,473710.0,43.02,10245 
5295,2009-04-30,486588.0,44.19,10523 
5294,2009-04-29,486588.0,44.19,10523 
5293,2009-04-28,486588.0,44.19,10523 
5292,2009-04-27,486588.0,44.19,10523 
5289,2009-04-24,486588.0,44.19,10523 
5288,2009-04-23,486588.0,44.19,10523 
5287,2009-04-22,486588.0,44.19,10523 
5286,2009-04-21,486588.0,44.19,10523 
5285,2009-04-20,486588.0,44.19,10523 
5282,2009-04-17,486588.0,44.19,10523 
5281,2009-04-16,486588.0,44.19,10523 
5280,2009-04-15,486588.0,44.19,10523 
5279,2009-04-14,486588.0,44.19,10523 
5274,2009-04-09,486588.0,44.19,10523 
5273,2009-04-08,486588.0,44.19,10523 
5272,2009-04-07,486588.0,44.19,10523 
5271,2009-04-06,486588.0,44.19,10523 
5268,2009-04-03,486588.0,44.19,10523 
5267,2009-04-02,486588.0,44.19,10523 
5266,2009-04-01,486588.0,44.19,10523 
5263,2009-05-29,492602.0,44.74,10653 
5262,2009-05-28,492602.0,44.74,10653 
5261,2009-05-27,492602.0,44.74,10653 
5260,2009-05-26,492602.0,44.74,10653 
5259,2009-05-25,492602.0,44.74,10653 
5256,2009-05-22,492602.0,44.74,10653 
5255,2009-05-21,492602.0,44.74,10653 
5254,2009-05-20,492602.0,44.74,10653 
5253,2009-05-19,492602.0,44.74,10653 
5252,2009-05-18,492602.0,44.74,10653 
5249,2009-05-15,492602.0,44.74,10653 
5248,2009-05-14,492602.0,44.74,10653 
5247,2009-05-13,492602.0,44.74,10653 
5246,2009-05-12,492602.0,44.74,10653 
5245,2009-05-11,492602.0,44.74,10653 
5242,2009-05-08,492602.0,44.74,10653 
5241,2009-05-07,492602.0,44.74,10653 
5240,2009-05-06,492602.0,44.74,10653 
5239,2009-05-05,492602.0,44.74,10653 
5238,2009-05-04,492602.0,44.74,10653 
5234,2009-06-30,511173.0,46.93,11024 
5233,2009-06-29,511173.0,46.93,11024 
5230,2009-06-26,511173.0,46.93,11024 
5229,2009-06-25,511173.0,46.93,11024 
5228,2009-06-24,511173.0,46.93,11024 
5227,2009-06-23,511173.0,46.93,11024 
5226,2009-06-22,511173.0,46.93,11024 
5223,2009-06-19,511173.0,46.93,11024 
5222,2009-06-18,511173.0,46.93,11024 
5221,2009-06-17,511173.0,46.93,11024 
5220,2009-06-16,511173.0,46.93,11024 
5219,2009-06-15,511173.0,46.93,11024 
5216,2009-06-12,511173.0,46.93,11024 
5215,2009-06-11,511173.0,46.93,11024 
5214,2009-06-10,511173.0,46.93,11024 
5213,2009-06-09,511173.0,46.93,11024 
5212,2009-06-08,511173.0,46.93,11024 
5209,2009-06-05,511173.0,46.93,11024 
5208,2009-06-04,511173.0,46.93,11024 
5207,2009-06-03,511173.0,46.93,11024 
5206,2009-06-02,511173.0,46.93,11024 
5205,2009-06-01,511173.0,46.93,11024 
5204,2009-07-31,510803.0,46.89,11016 
5203,2009-07-30,510803.0,46.89,11016 
5202,2009-07-29,510803.0,46.89,11016 
5201,2009-07-28,510803.0,46.89,11016 
5200,2009-07-27,510803.0,46.89,11016 
5197,2009-07-24,510803.0,46.89,11016 
5196,2009-07-23,510803.0,46.89,11016 
5195,2009-07-22,510803.0,46.89,11016 
5194,2009-07-21,510803.0,46.89,11016 
5193,2009-07-20,510803.0,46.89,11016 
5190,2009-07-17,510803.0,46.89,11016 
5189,2009-07-16,510803.0,46.89,11016 
5188,2009-07-15,510803.0,46.89,11016 
5187,2009-07-14,510803.0,46.89,11016 
5186,2009-07-13,510803.0,46.89,11016 
5183,2009-07-10,510803.0,46.89,11016 
5182,2009-07-09,510803.0,46.89,11016 
5181,2009-07-08,510803.0,46.89,11016 
5180,2009-07-07,510803.0,46.89,11016 
5179,2009-07-06,510803.0,46.89,11016 
5176,2009-07-03,510803.0,46.89,11016 
5175,2009-07-02,510803.0,46.89,11016 
5174,2009-07-01,510803.0,46.89,11016 
5173,2009-08-31,513921.0,47.18,11084 
5170,2009-08-28,513921.0,47.18,11084 
5169,2009-08-27,513921.0,47.18,11084 
5168,2009-08-26,513921.0,47.18,11084 
5167,2009-08-25,513921.0,47.18,11084 
5166,2009-08-24,513921.0,47.18,11084 
5163,2009-08-21,513921.0,47.18,11084 
5162,2009-08-20,513921.0,47.18,11084 
5161,2009-08-19,513921.0,47.18,11084 
5160,2009-08-18,513921.0,47.18,11084 
5159,2009-08-17,513921.0,47.18,11084 
5156,2009-08-14,513921.0,47.18,11084 
5155,2009-08-13,513921.0,47.18,11084 
5154,2009-08-12,513921.0,47.18,11084 
5153,2009-08-11,513921.0,47.18,11084 
5152,2009-08-10,513921.0,47.18,11084 
5149,2009-08-07,513921.0,47.18,11084 
5148,2009-08-06,513921.0,47.18,11084 
5147,2009-08-05,513921.0,47.18,11084 
5146,2009-08-04,513921.0,47.18,11084 
5145,2009-08-03,513921.0,47.18,11084 
5142,2009-09-30,533678.0,49.48,11510 
5141,2009-09-29,533678.0,49.48,11510 
5140,2009-09-28,533678.0,49.48,11510 
5137,2009-09-25,533678.0,49.48,11510 
5136,2009-09-24,533678.0,49.48,11510 
5135,2009-09-23,533678.0,49.48,11510 
5134,2009-09-22,533678.0,49.48,11510 
5133,2009-09-21,533678.0,49.48,11510 
5130,2009-09-18,533678.0,49.48,11510 
5129,2009-09-17,533678.0,49.48,11510 
5128,2009-09-16,533678.0,49.48,11510 
5127,2009-09-15,533678.0,49.48,11510 
5126,2009-09-14,533678.0,49.48,11510 
5123,2009-09-11,533678.0,49.48,11510 
5122,2009-09-10,533678.0,49.48,11510 
5121,2009-09-09,533678.0,49.48,11510 
5120,2009-09-08,533678.0,49.48,11510 
5119,2009-09-07,533678.0,49.48,11510 
5116,2009-09-04,533678.0,49.48,11510 
5115,2009-09-03,533678.0,49.48,11510 
5114,2009-09-02,533678.0,49.48,11510 
5113,2009-09-01,533678.0,49.48,11510 
5111,2009-10-30,544493.0,50.49,11743 
5110,2009-10-29,544493.0,50.49,11743 
5109,2009-10-28,544493.0,50.49,11743 
5108,2009-10-27,544493.0,50.49,11743 
5107,2009-10-26,544493.0,50.49,11743 
5104,2009-10-23,544493.0,50.49,11743 
5103,2009-10-22,544493.0,50.49,11743 
5102,2009-10-21,544493.0,50.49,11743 
5101,2009-10-20,544493.0,50.49,11743 
5100,2009-10-19,544493.0,50.49,11743 
5097,2009-10-16,544493.0,50.49,11743 
5096,2009-10-15,544493.0,50.49,11743 
5095,2009-10-14,544493.0,50.49,11743 
5094,2009-10-13,544493.0,50.49,11743 
5093,2009-10-12,544493.0,50.49,11743 
5090,2009-10-09,544493.0,50.49,11743 
5089,2009-10-08,544493.0,50.49,11743 
5088,2009-10-07,544493.0,50.49,11743 
5087,2009-10-06,544493.0,50.49,11743 
5086,2009-10-05,544493.0,50.49,11743 
5083,2009-10-02,544493.0,50.49,11743 
5082,2009-10-01,544493.0,50.49,11743 
5081,2009-11-30,560265.0,51.95,12083 
5078,2009-11-27,560265.0,51.95,12083 
5077,2009-11-26,560265.0,51.95,12083 
5076,2009-11-25,560265.0,51.95,12083 
5075,2009-11-24,560265.0,51.95,12083 
5074,2009-11-23,560265.0,51.95,12083 
5071,2009-11-20,560265.0,51.95,12083 
5070,2009-11-19,560265.0,51.95,12083 
5069,2009-11-18,560265.0,51.95,12083 
5068,2009-11-17,560265.0,51.95,12083 
5067,2009-11-16,560265.0,51.95,12083 
5064,2009-11-13,560265.0,51.95,12083 
5063,2009-11-12,560265.0,51.95,12083 
5062,2009-11-11,560265.0,51.95,12083 
5061,2009-11-10,560265.0,51.95,12083 
5060,2009-11-09,560265.0,51.95,12083 
5057,2009-11-06,560265.0,51.95,12083 
5056,2009-11-05,560265.0,51.95,12083 
5055,2009-11-04,560265.0,51.95,12083 
5054,2009-11-03,560265.0,51.95,12083 
5053,2009-11-02,560265.0,51.95,12083 
5050,2009-12-30,569535.0,53.26,12252 
5049,2009-12-29,569535.0,53.26,12252 
5048,2009-12-28,569535.0,53.26,12252 
5043,2009-12-23,569535.0,53.26,12252 
5042,2009-12-22,569535.0,53.26,12252 
5041,2009-12-21,569535.0,53.26,12252 
5038,2009-12-18,569535.0,53.26,12252 
5037,2009-12-17,569535.0,53.26,12252 
5036,2009-12-16,569535.0,53.26,12252 
5035,2009-12-15,569535.0,53.26,12252 
5034,2009-12-14,569535.0,53.26,12252 
5031,2009-12-11,569535.0,53.26,12252 
5030,2009-12-10,569535.0,53.26,12252 
5029,2009-12-09,569535.0,53.26,12252 
5028,2009-12-08,569535.0,53.26,12252 
5027,2009-12-07,569535.0,53.26,12252 
5024,2009-12-04,569535.0,53.26,12252 
5023,2009-12-03,569535.0,53.26,12252 
5022,2009-12-02,569535.0,53.26,12252 
5021,2009-12-01,569535.0,53.26,12252 
5018,2010-01-29,561749.0,52.53,12084 
5017,2010-01-28,561749.0,52.53,12084 
5016,2010-01-27,561749.0,52.53,12084 
5015,2010-01-26,561749.0,52.53,12084 
5014,2010-01-25,561749.0,52.53,12084 
5011,2010-01-22,561749.0,52.53,12084 
5010,2010-01-21,561749.0,52.53,12084 
5009,2010-01-20,561749.0,52.53,12084 
5008,2010-01-19,561749.0,52.53,12084 
5007,2010-01-18,561749.0,52.53,12084 
5004,2010-01-15,561749.0,52.53,12084 
5003,2010-01-14,561749.0,52.53,12084 
5002,2010-01-13,561749.0,52.53,12084 
5001,2010-01-12,561749.0,52.53,12084 
5000,2010-01-11,561749.0,52.53,12084 
4997,2010-01-08,561749.0,52.53,12084 
4996,2010-01-07,561749.0,52.53,12084 
4995,2010-01-06,561749.0,52.53,12084 
4994,2010-01-05,561749.0,52.53,12084 
4993,2010-01-04,561749.0,52.53,12084 
4987,2010-02-26,569095.0,53.22,12242 
4986,2010-02-25,569095.0,53.22,12242 
4985,2010-02-24,569095.0,53.22,12242 
4984,2010-02-23,569095.0,53.22,12242 
4983,2010-02-22,569095.0,53.22,12242 
4980,2010-02-19,569095.0,53.22,12242 
4979,2010-02-18,569095.0,53.22,12242 
4978,2010-02-17,569095.0,53.22,12242 
4977,2010-02-16,569095.0,53.22,12242 
4976,2010-02-15,569095.0,53.22,12242 
4973,2010-02-12,569095.0,53.22,12242 
4972,2010-02-11,569095.0,53.22,12242 
4971,2010-02-10,569095.0,53.22,12242 
4970,2010-02-09,569095.0,53.22,12242 
4969,2010-02-08,569095.0,53.22,12242 
4966,2010-02-05,569095.0,53.22,12242 
4965,2010-02-04,569095.0,53.22,12242 
4964,2010-02-03,569095.0,53.22,12242 
4963,2010-02-02,569095.0,53.22,12242 
4962,2010-02-01,569095.0,53.22,12242 
4961,2010-03-31,586851.0,54.94,12624 
4960,2010-03-30,586851.0,54.94,12624 
4959,2010-03-29,586851.0,54.94,12624 
4956,2010-03-26,586851.0,54.94,12624 
4955,2010-03-25,586851.0,54.94,12624 
4954,2010-03-24,586851.0,54.94,12624 
4953,2010-03-23,586851.0,54.94,12624 
4952,2010-03-22,586851.0,54.94,12624 
4949,2010-03-19,586851.0,54.94,12624 
4948,2010-03-18,586851.0,54.94,12624 
4947,2010-03-17,586851.0,54.94,12624 
4946,2010-03-16,586851.0,54.94,12624 
4945,2010-03-15,586851.0,54.94,12624 
4942,2010-03-12,586851.0,54.94,12624 
4941,2010-03-11,586851.0,54.94,12624 
4940,2010-03-10,586851.0,54.94,12624 
4939,2010-03-09,586851.0,54.94,12624 
4938,2010-03-08,586851.0,54.94,12624 
4935,2010-03-05,586851.0,54.94,12624 
4934,2010-03-04,586851.0,54.94,12624 
4933,2010-03-03,586851.0,54.94,12624 
4932,2010-03-02,586851.0,54.94,12624 
4931,2010-03-01,586851.0,54.94,12624 
4930,2010-04-30,586075.0,54.87,12607 
4929,2010-04-29,586075.0,54.87,12607 
4928,2010-04-28,586075.0,54.87,12607 
4927,2010-04-27,586075.0,54.87,12607 
4926,2010-04-26,586075.0,54.87,12607 
4923,2010-04-23,586075.0,54.87,12607 
4922,2010-04-22,586075.0,54.87,12607 
4921,2010-04-21,586075.0,54.87,12607 
4920,2010-04-20,586075.0,54.87,12607 
4919,2010-04-19,586075.0,54.87,12607 
4916,2010-04-16,586075.0,54.87,12607 
4915,2010-04-15,586075.0,54.87,12607 
4914,2010-04-14,586075.0,54.87,12607 
4913,2010-04-13,586075.0,54.87,12607 
4912,2010-04-12,586075.0,54.87,12607 
4909,2010-04-09,586075.0,54.87,12607 
4908,2010-04-08,586075.0,54.87,12607 
4907,2010-04-07,586075.0,54.87,12607 
4906,2010-04-06,586075.0,54.87,12607 
4901,2010-04-01,586075.0,54.87,12607 
4900,2010-05-31,594926.0,55.7,12798 
4897,2010-05-28,594926.0,55.7,12798 
4896,2010-05-27,594926.0,55.7,12798 
4895,2010-05-26,594926.0,55.7,12798 
4894,2010-05-25,594926.0,55.7,12798 
4893,2010-05-24,594926.0,55.7,12798 
4890,2010-05-21,594926.0,55.7,12798 
4889,2010-05-20,594926.0,55.7,12798 
4888,2010-05-19,594926.0,55.7,12798 
4887,2010-05-18,594926.0,55.7,12798 
4886,2010-05-17,594926.0,55.7,12798 
4883,2010-05-14,594926.0,55.7,12798 
4882,2010-05-13,594926.0,55.7,12798 
4881,2010-05-12,594926.0,55.7,12798 
4880,2010-05-11,594926.0,55.7,12798 
4879,2010-05-10,594926.0,55.7,12798 
4876,2010-05-07,594926.0,55.7,12798 
4875,2010-05-06,594926.0,55.7,12798 
4874,2010-05-05,594926.0,55.7,12798 
4873,2010-05-04,594926.0,55.7,12798 
4872,2010-05-03,594926.0,55.7,12798 
4869,2010-06-30,609032.0,57.01,13080 
4868,2010-06-29,609032.0,57.01,13080 
4867,2010-06-28,609032.0,57.01,13080 
4864,2010-06-25,609032.0,57.01,13080 
4863,2010-06-24,609032.0,57.01,13080 
4862,2010-06-23,609032.0,57.01,13080 
4861,2010-06-22,609032.0,57.01,13080 
4860,2010-06-21,609032.0,57.01,13080 
4857,2010-06-18,609032.0,57.01,13080 
4856,2010-06-17,609032.0,57.01,13080 
4855,2010-06-16,609032.0,57.01,13080 
4854,2010-06-15,609032.0,57.01,13080 
4853,2010-06-14,609032.0,57.01,13080 
4850,2010-06-11,609032.0,57.01,13080 
4849,2010-06-10,609032.0,57.01,13080 
4848,2010-06-09,609032.0,57.01,13080 
4847,2010-06-08,609032.0,57.01,13080 
4846,2010-06-07,609032.0,57.01,13080 
4843,2010-06-04,609032.0,57.01,13080 
4842,2010-06-03,609032.0,57.01,13080 
4841,2010-06-02,609032.0,57.01,13080 
4840,2010-06-01,609032.0,57.01,13080 
4838,2010-07-30,608166.0,56.93,13061 
4837,2010-07-29,608166.0,56.93,13061 
4836,2010-07-28,608166.0,56.93,13061 
4835,2010-07-27,608166.0,56.93,13061 
4834,2010-07-26,608166.0,56.93,13061 
4831,2010-07-23,608166.0,56.93,13061 
4830,2010-07-22,608166.0,56.93,13061 
4829,2010-07-21,608166.0,56.93,13061 
4828,2010-07-20,608166.0,56.93,13061 
4827,2010-07-19,608166.0,56.93,13061 
4824,2010-07-16,608166.0,56.93,13061 
4823,2010-07-15,608166.0,56.93,13061 
4822,2010-07-14,608166.0,56.93,13061 
4821,2010-07-13,608166.0,56.93,13061 
4820,2010-07-12,608166.0,56.93,13061 
4817,2010-07-09,608166.0,56.93,13061 
4816,2010-07-08,608166.0,56.93,13061 
4815,2010-07-07,608166.0,56.93,13061 
4814,2010-07-06,608166.0,56.93,13061 
4813,2010-07-05,608166.0,56.93,13061 
4810,2010-07-02,608166.0,56.93,13061 
4809,2010-07-01,608166.0,56.93,13061 
4808,2010-08-31,608043.0,56.91,13059 
4807,2010-08-30,608043.0,56.91,13059 
4804,2010-08-27,608043.0,56.91,13059 
4803,2010-08-26,608043.0,56.91,13059 
4802,2010-08-25,608043.0,56.91,13059 
4801,2010-08-24,608043.0,56.91,13059 
4800,2010-08-23,608043.0,56.91,13059 
4797,2010-08-20,608043.0,56.91,13059 
4796,2010-08-19,608043.0,56.91,13059 
4795,2010-08-18,608043.0,56.91,13059 
4794,2010-08-17,608043.0,56.91,13059 
4793,2010-08-16,608043.0,56.91,13059 
4790,2010-08-13,608043.0,56.91,13059 
4789,2010-08-12,608043.0,56.91,13059 
4788,2010-08-11,608043.0,56.91,13059 
4787,2010-08-10,608043.0,56.91,13059 
4786,2010-08-09,608043.0,56.91,13059 
4783,2010-08-06,608043.0,56.91,13059 
4782,2010-08-05,608043.0,56.91,13059 
4781,2010-08-04,608043.0,56.91,13059 
4780,2010-08-03,608043.0,56.91,13059 
4779,2010-08-02,608043.0,56.91,13059 
4777,2010-09-30,620541.0,58.02,13327 
4776,2010-09-29,620541.0,58.02,13327 
4775,2010-09-28,620541.0,58.02,13327 
4774,2010-09-27,620541.0,58.02,13327 
4771,2010-09-24,620541.0,58.02,13327 
4770,2010-09-23,620541.0,58.02,13327 
4769,2010-09-22,620541.0,58.02,13327 
4768,2010-09-21,620541.0,58.02,13327 
4767,2010-09-20,620541.0,58.02,13327 
4764,2010-09-17,620541.0,58.02,13327 
4763,2010-09-16,620541.0,58.02,13327 
4762,2010-09-15,620541.0,58.02,13327 
4761,2010-09-14,620541.0,58.02,13327 
4760,2010-09-13,620541.0,58.02,13327 
4757,2010-09-10,620541.0,58.02,13327 
4756,2010-09-09,620541.0,58.02,13327 
4755,2010-09-08,620541.0,58.02,13327 
4754,2010-09-07,620541.0,58.02,13327 
4753,2010-09-06,620541.0,58.02,13327 
4750,2010-09-03,620541.0,58.02,13327 
4749,2010-09-02,620541.0,58.02,13327 
4748,2010-09-01,620541.0,58.02,13327 
4745,2010-10-29,634469.0,59.32,13626 
4744,2010-10-28,634469.0,59.32,13626 
4743,2010-10-27,634469.0,59.32,13626 
4742,2010-10-26,634469.0,59.32,13626 
4741,2010-10-25,634469.0,59.32,13626 
4738,2010-10-22,634469.0,59.32,13626 
4737,2010-10-21,634469.0,59.32,13626 
4736,2010-10-20,634469.0,59.32,13626 
4735,2010-10-19,634469.0,59.32,13626 
4734,2010-10-18,634469.0,59.32,13626 
4731,2010-10-15,634469.0,59.32,13626 
4730,2010-10-14,634469.0,59.32,13626 
4729,2010-10-13,634469.0,59.32,13626 
4728,2010-10-12,634469.0,59.32,13626 
4727,2010-10-11,634469.0,59.32,13626 
4724,2010-10-08,634469.0,59.32,13626 
4723,2010-10-07,634469.0,59.32,13626 
4722,2010-10-06,634469.0,59.32,13626 
4721,2010-10-05,634469.0,59.32,13626 
4720,2010-10-04,634469.0,59.32,13626 
4717,2010-10-01,634469.0,59.32,13626 
4716,2010-11-30,640613.0,59.89,13758 
4715,2010-11-29,640613.0,59.89,13758 
4712,2010-11-26,640613.0,59.89,13758 
4711,2010-11-25,640613.0,59.89,13758 
4710,2010-11-24,640613.0,59.89,13758 
4709,2010-11-23,640613.0,59.89,13758 
4708,2010-11-22,640613.0,59.89,13758 
4705,2010-11-19,640613.0,59.89,13758 
4704,2010-11-18,640613.0,59.89,13758 
4703,2010-11-17,640613.0,59.89,13758 
4702,2010-11-16,640613.0,59.89,13758 
4701,2010-11-15,640613.0,59.89,13758 
4698,2010-11-12,640613.0,59.89,13758 
4697,2010-11-11,640613.0,59.89,13758 
4696,2010-11-10,640613.0,59.89,13758 
4695,2010-11-09,640613.0,59.89,13758 
4694,2010-11-08,640613.0,59.89,13758 
4691,2010-11-05,640613.0,59.89,13758 
4690,2010-11-04,640613.0,59.89,13758 
4689,2010-11-03,640613.0,59.89,13758 
4688,2010-11-02,640613.0,59.89,13758 
4687,2010-11-01,640613.0,59.89,13758 
4685,2010-12-30,649153.0,60.52,13910 
4684,2010-12-29,649153.0,60.52,13910 
4683,2010-12-28,649153.0,60.52,13910 
4682,2010-12-27,649153.0,60.52,13910 
4678,2010-12-23,649153.0,60.52,13910 
4677,2010-12-22,649153.0,60.52,13910 
4676,2010-12-21,649153.0,60.52,13910 
4675,2010-12-20,649153.0,60.52,13910 
4672,2010-12-17,649153.0,60.52,13910 
4671,2010-12-16,649153.0,60.52,13910 
4670,2010-12-15,649153.0,60.52,13910 
4669,2010-12-14,649153.0,60.52,13910 
4668,2010-12-13,649153.0,60.52,13910 
4665,2010-12-10,649153.0,60.52,13910 
4664,2010-12-09,649153.0,60.52,13910 
4663,2010-12-08,649153.0,60.52,13910 
4662,2010-12-07,649153.0,60.52,13910 
4661,2010-12-06,649153.0,60.52,13910 
4658,2010-12-03,649153.0,60.52,13910 
4657,2010-12-02,649153.0,60.52,13910 
4656,2010-12-01,649153.0,60.52,13910 
4655,2011-01-31,662069.0,61.72,14187 
4652,2011-01-28,662069.0,61.72,14187 
4651,2011-01-27,662069.0,61.72,14187 
4650,2011-01-26,662069.0,61.72,14187 
4649,2011-01-25,662069.0,61.72,14187 
4648,2011-01-24,662069.0,61.72,14187 
4645,2011-01-21,662069.0,61.72,14187 
4644,2011-01-20,662069.0,61.72,14187 
4643,2011-01-19,662069.0,61.72,14187 
4642,2011-01-18,662069.0,61.72,14187 
4641,2011-01-17,662069.0,61.72,14187 
4638,2011-01-14,662069.0,61.72,14187 
4637,2011-01-13,662069.0,61.72,14187 
4636,2011-01-12,662069.0,61.72,14187 
4635,2011-01-11,662069.0,61.72,14187 
4634,2011-01-10,662069.0,61.72,14187 
4631,2011-01-07,662069.0,61.72,14187 
4630,2011-01-06,662069.0,61.72,14187 
4629,2011-01-05,662069.0,61.72,14187 
4628,2011-01-04,662069.0,61.72,14187 
4627,2011-01-03,662069.0,61.72,14187 
4624,2011-02-28,678324.0,63.23,14535 
4621,2011-02-25,678324.0,63.23,14535 
4620,2011-02-24,678324.0,63.23,14535 
4619,2011-02-23,678324.0,63.23,14535 
4618,2011-02-22,678324.0,63.23,14535 
4617,2011-02-21,678324.0,63.23,14535 
4614,2011-02-18,678324.0,63.23,14535 
4613,2011-02-17,678324.0,63.23,14535 
4612,2011-02-16,678324.0,63.23,14535 
4611,2011-02-15,678324.0,63.23,14535 
4610,2011-02-14,678324.0,63.23,14535 
4607,2011-02-11,678324.0,63.23,14535 
4606,2011-02-10,678324.0,63.23,14535 
4605,2011-02-09,678324.0,63.23,14535 
4604,2011-02-08,678324.0,63.23,14535 
4603,2011-02-07,678324.0,63.23,14535 
4600,2011-02-04,678324.0,63.23,14535 
4599,2011-02-03,678324.0,63.23,14535 
4598,2011-02-02,678324.0,63.23,14535 
4597,2011-02-01,678324.0,63.23,14535 
4596,2011-03-31,691086.0,64.43,14809 
4595,2011-03-30,691086.0,64.43,14809 
4594,2011-03-29,691086.0,64.43,14809 
4593,2011-03-28,691086.0,64.43,14809 
4590,2011-03-25,691086.0,64.43,14809 
4589,2011-03-24,691086.0,64.43,14809 
4588,2011-03-23,691086.0,64.43,14809 
4587,2011-03-22,691086.0,64.43,14809 
4586,2011-03-21,691086.0,64.43,14809 
4583,2011-03-18,691086.0,64.43,14809 
4582,2011-03-17,691086.0,64.43,14809 
4581,2011-03-16,691086.0,64.43,14809 
4580,2011-03-15,691086.0,64.43,14809 
4579,2011-03-14,691086.0,64.43,14809 
4576,2011-03-11,691086.0,64.43,14809 
4575,2011-03-10,691086.0,64.43,14809 
4574,2011-03-09,691086.0,64.43,14809 
4573,2011-03-08,691086.0,64.43,14809 
4572,2011-03-07,691086.0,64.43,14809 
4569,2011-03-04,691086.0,64.43,14809 
4568,2011-03-03,691086.0,64.43,14809 
4567,2011-03-02,691086.0,64.43,14809 
4566,2011-03-01,691086.0,64.43,14809 
4564,2011-04-29,684671.0,63.83,14671 
4563,2011-04-28,684671.0,63.83,14671 
4562,2011-04-27,684671.0,63.83,14671 
4561,2011-04-26,684671.0,63.83,14671 
4556,2011-04-21,684671.0,63.83,14671 
4555,2011-04-20,684671.0,63.83,14671 
4554,2011-04-19,684671.0,63.83,14671 
4553,2011-04-18,684671.0,63.83,14671 
4550,2011-04-15,684671.0,63.83,14671 
4549,2011-04-14,684671.0,63.83,14671 
4548,2011-04-13,684671.0,63.83,14671 
4547,2011-04-12,684671.0,63.83,14671 
4546,2011-04-11,684671.0,63.83,14671 
4543,2011-04-08,684671.0,63.83,14671 
4542,2011-04-07,684671.0,63.83,14671 
4541,2011-04-06,684671.0,63.83,14671 
4540,2011-04-05,684671.0,63.83,14671 
4539,2011-04-04,684671.0,63.83,14671 
4536,2011-04-01,684671.0,63.83,14671 
4535,2011-05-31,692398.0,64.55,14837 
4534,2011-05-30,692398.0,64.55,14837 
4531,2011-05-27,692398.0,64.55,14837 
4530,2011-05-26,692398.0,64.55,14837 
4529,2011-05-25,692398.0,64.55,14837 
4528,2011-05-24,692398.0,64.55,14837 
4527,2011-05-23,692398.0,64.55,14837 
4524,2011-05-20,692398.0,64.55,14837 
4523,2011-05-19,692398.0,64.55,14837 
4522,2011-05-18,692398.0,64.55,14837 
4521,2011-05-17,692398.0,64.55,14837 
4520,2011-05-16,692398.0,64.55,14837 
4517,2011-05-13,692398.0,64.55,14837 
4516,2011-05-12,692398.0,64.55,14837 
4515,2011-05-11,692398.0,64.55,14837 
4514,2011-05-10,692398.0,64.55,14837 
4513,2011-05-09,692398.0,64.55,14837 
4510,2011-05-06,692398.0,64.55,14837 
4509,2011-05-05,692398.0,64.55,14837 
4508,2011-05-04,692398.0,64.55,14837 
4507,2011-05-03,692398.0,64.55,14837 
4506,2011-05-02,692398.0,64.55,14837 
4504,2011-06-30,710840.0,66.24,15210 
4503,2011-06-29,710840.0,66.24,15210 
4502,2011-06-28,710840.0,66.24,15210 
4501,2011-06-27,710840.0,66.24,15210 
4498,2011-06-24,710840.0,66.24,15210 
4497,2011-06-23,710840.0,66.24,15210 
4496,2011-06-22,710840.0,66.24,15210 
4495,2011-06-21,710840.0,66.24,15210 
4494,2011-06-20,710840.0,66.24,15210 
4491,2011-06-17,710840.0,66.24,15210 
4490,2011-06-16,710840.0,66.24,15210 
4489,2011-06-15,710840.0,66.24,15210 
4488,2011-06-14,710840.0,66.24,15210 
4487,2011-06-13,710840.0,66.24,15210 
4484,2011-06-10,710840.0,66.24,15210 
4483,2011-06-09,710840.0,66.24,15210 
4482,2011-06-08,710840.0,66.24,15210 
4481,2011-06-07,710840.0,66.24,15210 
4480,2011-06-06,710840.0,66.24,15210 
4477,2011-06-03,710840.0,66.24,15210 
4476,2011-06-02,710840.0,66.24,15210 
4475,2011-06-01,710840.0,66.24,15210 
4472,2011-07-29,704199.0,65.62,15068 
4471,2011-07-28,704199.0,65.62,15068 
4470,2011-07-27,704199.0,65.62,15068 
4469,2011-07-26,704199.0,65.62,15068 
4468,2011-07-25,704199.0,65.62,15068 
4465,2011-07-22,704199.0,65.62,15068 
4464,2011-07-21,704199.0,65.62,15068 
4463,2011-07-20,704199.0,65.62,15068 
4462,2011-07-19,704199.0,65.62,15068 
4461,2011-07-18,704199.0,65.62,15068 
4458,2011-07-15,704199.0,65.62,15068 
4457,2011-07-14,704199.0,65.62,15068 
4456,2011-07-13,704199.0,65.62,15068 
4455,2011-07-12,704199.0,65.62,15068 
4454,2011-07-11,704199.0,65.62,15068 
4451,2011-07-08,704199.0,65.62,15068 
4450,2011-07-07,704199.0,65.62,15068 
4449,2011-07-06,704199.0,65.62,15068 
4448,2011-07-05,704199.0,65.62,15068 
4447,2011-07-04,704199.0,65.62,15068 
4444,2011-07-01,704199.0,65.62,15068 
4443,2011-08-31,703926.0,65.6,15062 
4442,2011-08-30,703926.0,65.6,15062 
4441,2011-08-29,703926.0,65.6,15062 
4438,2011-08-26,703926.0,65.6,15062 
4437,2011-08-25,703926.0,65.6,15062 
4436,2011-08-24,703926.0,65.6,15062 
4435,2011-08-23,703926.0,65.6,15062 
4434,2011-08-22,703926.0,65.6,15062 
4431,2011-08-19,703926.0,65.6,15062 
4430,2011-08-18,703926.0,65.6,15062 
4429,2011-08-17,703926.0,65.6,15062 
4428,2011-08-16,703926.0,65.6,15062 
4427,2011-08-15,703926.0,65.6,15062 
4424,2011-08-12,703926.0,65.6,15062 
4423,2011-08-11,703926.0,65.6,15062 
4422,2011-08-10,703926.0,65.6,15062 
4421,2011-08-09,703926.0,65.6,15062 
4420,2011-08-08,703926.0,65.6,15062 
4417,2011-08-05,703926.0,65.6,15062 
4416,2011-08-04,703926.0,65.6,15062 
4415,2011-08-03,703926.0,65.6,15062 
4414,2011-08-02,703926.0,65.6,15062 
4413,2011-08-01,703926.0,65.6,15062 
4412,2011-09-30,713895.0,66.68,15275 
4411,2011-09-29,713895.0,66.68,15275 
4410,2011-09-28,713895.0,66.68,15275 
4409,2011-09-27,713895.0,66.68,15275 
4408,2011-09-26,713895.0,66.68,15275 
4405,2011-09-23,713895.0,66.68,15275 
4404,2011-09-22,713895.0,66.68,15275 
4403,2011-09-21,713895.0,66.68,15275 
4402,2011-09-20,713895.0,66.68,15275 
4401,2011-09-19,713895.0,66.68,15275 
4398,2011-09-16,713895.0,66.68,15275 
4397,2011-09-15,713895.0,66.68,15275 
4396,2011-09-14,713895.0,66.68,15275 
4395,2011-09-13,713895.0,66.68,15275 
4394,2011-09-12,713895.0,66.68,15275 
4391,2011-09-09,713895.0,66.68,15275 
4390,2011-09-08,713895.0,66.68,15275 
4389,2011-09-07,713895.0,66.68,15275 
4388,2011-09-06,713895.0,66.68,15275 
4387,2011-09-05,713895.0,66.68,15275 
4384,2011-09-02,713895.0,66.68,15275 
4383,2011-09-01,713895.0,66.68,15275 
4382,2011-10-31,711903.0,66.49,15232 
4379,2011-10-28,711903.0,66.49,15232 
4378,2011-10-27,711903.0,66.49,15232 
4377,2011-10-26,711903.0,66.49,15232 
4376,2011-10-25,711903.0,66.49,15232 
4375,2011-10-24,711903.0,66.49,15232 
4372,2011-10-21,711903.0,66.49,15232 
4371,2011-10-20,711903.0,66.49,15232 
4370,2011-10-19,711903.0,66.49,15232 
4369,2011-10-18,711903.0,66.49,15232 
4368,2011-10-17,711903.0,66.49,15232 
4365,2011-10-14,711903.0,66.49,15232 
4364,2011-10-13,711903.0,66.49,15232 
4363,2011-10-12,711903.0,66.49,15232 
4362,2011-10-11,711903.0,66.49,15232 
4361,2011-10-10,711903.0,66.49,15232 
4358,2011-10-07,711903.0,66.49,15232 
4357,2011-10-06,711903.0,66.49,15232 
4356,2011-10-05,711903.0,66.49,15232 
4355,2011-10-04,711903.0,66.49,15232 
4354,2011-10-03,711903.0,66.49,15232 
4351,2011-11-30,723502.0,67.57,15481 
4350,2011-11-29,723502.0,67.57,15481 
4349,2011-11-28,723502.0,67.57,15481 
4346,2011-11-25,723502.0,67.57,15481 
4345,2011-11-24,723502.0,67.57,15481 
4344,2011-11-23,723502.0,67.57,15481 
4343,2011-11-22,723502.0,67.57,15481 
4342,2011-11-21,723502.0,67.57,15481 
4339,2011-11-18,723502.0,67.57,15481 
4338,2011-11-17,723502.0,67.57,15481 
4337,2011-11-16,723502.0,67.57,15481 
4336,2011-11-15,723502.0,67.57,15481 
4335,2011-11-14,723502.0,67.57,15481 
4332,2011-11-11,723502.0,67.57,15481 
4331,2011-11-10,723502.0,67.57,15481 
4330,2011-11-09,723502.0,67.57,15481 
4329,2011-11-08,723502.0,67.57,15481 
4328,2011-11-07,723502.0,67.57,15481 
4325,2011-11-04,723502.0,67.57,15481 
4324,2011-11-03,723502.0,67.57,15481 
4323,2011-11-02,723502.0,67.57,15481 
4322,2011-11-01,723502.0,67.57,15481 
4320,2011-12-30,743043.0,69.85,15871 
4319,2011-12-29,743043.0,69.85,15871 
4318,2011-12-28,743043.0,69.85,15871 
4317,2011-12-27,743043.0,69.85,15871 
4313,2011-12-23,743043.0,69.85,15871 
4312,2011-12-22,743043.0,69.85,15871 
4311,2011-12-21,743043.0,69.85,15871 
4310,2011-12-20,743043.0,69.85,15871 
4309,2011-12-19,743043.0,69.85,15871 
4306,2011-12-16,743043.0,69.85,15871 
4305,2011-12-15,743043.0,69.85,15871 
4304,2011-12-14,743043.0,69.85,15871 
4303,2011-12-13,743043.0,69.85,15871 
4302,2011-12-12,743043.0,69.85,15871 
4299,2011-12-09,743043.0,69.85,15871 
4298,2011-12-08,743043.0,69.85,15871 
4297,2011-12-07,743043.0,69.85,15871 
4296,2011-12-06,743043.0,69.85,15871 
4295,2011-12-05,743043.0,69.85,15871 
4292,2011-12-02,743043.0,69.85,15871 
4291,2011-12-01,743043.0,69.85,15871 
4290,2012-01-31,757750.0,71.23,16185 
4289,2012-01-30,757750.0,71.23,16185 
4286,2012-01-27,757750.0,71.23,16185 
4285,2012-01-26,757750.0,71.23,16185 
4284,2012-01-25,757750.0,71.23,16185 
4283,2012-01-24,757750.0,71.23,16185 
4282,2012-01-23,757750.0,71.23,16185 
4279,2012-01-20,757750.0,71.23,16185 
4278,2012-01-19,757750.0,71.23,16185 
4277,2012-01-18,757750.0,71.23,16185 
4276,2012-01-17,757750.0,71.23,16185 
4275,2012-01-16,757750.0,71.23,16185 
4272,2012-01-13,757750.0,71.23,16185 
4271,2012-01-12,757750.0,71.23,16185 
4270,2012-01-11,757750.0,71.23,16185 
4269,2012-01-10,757750.0,71.23,16185 
4268,2012-01-09,757750.0,71.23,16185 
4265,2012-01-06,757750.0,71.23,16185 
4264,2012-01-05,757750.0,71.23,16185 
4263,2012-01-04,757750.0,71.23,16185 
4262,2012-01-03,757750.0,71.23,16185 
4261,2012-01-02,757750.0,71.23,16185 
4259,2012-02-29,770305.0,72.41,16453 
4258,2012-02-28,770305.0,72.41,16453 
4257,2012-02-27,770305.0,72.41,16453 
4254,2012-02-24,770305.0,72.41,16453 
4253,2012-02-23,770305.0,72.41,16453 
4252,2012-02-22,770305.0,72.41,16453 
4251,2012-02-21,770305.0,72.41,16453 
4250,2012-02-20,770305.0,72.41,16453 
4247,2012-02-17,770305.0,72.41,16453 
4246,2012-02-16,770305.0,72.41,16453 
4245,2012-02-15,770305.0,72.41,16453 
4244,2012-02-14,770305.0,72.41,16453 
4243,2012-02-13,770305.0,72.41,16453 
4240,2012-02-10,770305.0,72.41,16453 
4239,2012-02-09,770305.0,72.41,16453 
4238,2012-02-08,770305.0,72.41,16453 
4237,2012-02-07,770305.0,72.41,16453 
4236,2012-02-06,770305.0,72.41,16453 
4233,2012-02-03,770305.0,72.41,16453 
4232,2012-02-02,770305.0,72.41,16453 
4231,2012-02-01,770305.0,72.41,16453 
4229,2012-03-30,781571.0,73.93,16694 
4228,2012-03-29,781571.0,73.93,16694 
4227,2012-03-28,781571.0,73.93,16694 
4226,2012-03-27,781571.0,73.93,16694 
4225,2012-03-26,781571.0,73.93,16694 
4222,2012-03-23,781571.0,73.93,16694 
4221,2012-03-22,781571.0,73.93,16694 
4220,2012-03-21,781571.0,73.93,16694 
4219,2012-03-20,781571.0,73.93,16694 
4218,2012-03-19,781571.0,73.93,16694 
4215,2012-03-16,781571.0,73.93,16694 
4214,2012-03-15,781571.0,73.93,16694 
4213,2012-03-14,781571.0,73.93,16694 
4212,2012-03-13,781571.0,73.93,16694 
4211,2012-03-12,781571.0,73.93,16694 
4208,2012-03-09,781571.0,73.93,16694 
4207,2012-03-08,781571.0,73.93,16694 
4206,2012-03-07,781571.0,73.93,16694 
4205,2012-03-06,781571.0,73.93,16694 
4204,2012-03-05,781571.0,73.93,16694 
4201,2012-03-02,781571.0,73.93,16694 
4200,2012-03-01,781571.0,73.93,16694 
4199,2012-04-30,775287.0,73.33,16560 
4196,2012-04-27,775287.0,73.33,16560 
4195,2012-04-26,775287.0,73.33,16560 
4194,2012-04-25,775287.0,73.33,16560 
4193,2012-04-24,775287.0,73.33,16560 
4192,2012-04-23,775287.0,73.33,16560 
4189,2012-04-20,775287.0,73.33,16560 
4188,2012-04-19,775287.0,73.33,16560 
4187,2012-04-18,775287.0,73.33,16560 
4186,2012-04-17,775287.0,73.33,16560 
4185,2012-04-16,775287.0,73.33,16560 
4182,2012-04-13,775287.0,73.33,16560 
4181,2012-04-12,775287.0,73.33,16560 
4180,2012-04-11,775287.0,73.33,16560 
4179,2012-04-10,775287.0,73.33,16560 
4174,2012-04-05,775287.0,73.33,16560 
4173,2012-04-04,775287.0,73.33,16560 
4172,2012-04-03,775287.0,73.33,16560 
4171,2012-04-02,775287.0,73.33,16560 
4169,2012-05-31,792135.0,74.92,16919 
4168,2012-05-30,792135.0,74.92,16919 
4167,2012-05-29,792135.0,74.92,16919 
4166,2012-05-28,792135.0,74.92,16919 
4163,2012-05-25,792135.0,74.92,16919 
4162,2012-05-24,792135.0,74.92,16919 
4161,2012-05-23,792135.0,74.92,16919 
4160,2012-05-22,792135.0,74.92,16919 
4159,2012-05-21,792135.0,74.92,16919 
4156,2012-05-18,792135.0,74.92,16919 
4155,2012-05-17,792135.0,74.92,16919 
4154,2012-05-16,792135.0,74.92,16919 
4153,2012-05-15,792135.0,74.92,16919 
4152,2012-05-14,792135.0,74.92,16919 
4149,2012-05-11,792135.0,74.92,16919 
4148,2012-05-10,792135.0,74.92,16919 
4147,2012-05-09,792135.0,74.92,16919 
4146,2012-05-08,792135.0,74.92,16919 
4145,2012-05-07,792135.0,74.92,16919 
4142,2012-05-04,792135.0,74.92,16919 
4141,2012-05-03,792135.0,74.92,16919 
4140,2012-05-02,792135.0,74.92,16919 
4137,2012-06-29,810956.0,77.36,17341 
4136,2012-06-28,810956.0,77.36,17341 
4135,2012-06-27,810956.0,77.36,17341 
4134,2012-06-26,810956.0,77.36,17341 
4133,2012-06-25,810956.0,77.36,17341 
4130,2012-06-22,810956.0,77.36,17341 
4129,2012-06-21,810956.0,77.36,17341 
4128,2012-06-20,810956.0,77.36,17341 
4127,2012-06-19,810956.0,77.36,17341 
4126,2012-06-18,810956.0,77.36,17341 
4123,2012-06-15,810956.0,77.36,17341 
4122,2012-06-14,810956.0,77.36,17341 
4121,2012-06-13,810956.0,77.36,17341 
4120,2012-06-12,810956.0,77.36,17341 
4119,2012-06-11,810956.0,77.36,17341 
4116,2012-06-08,810956.0,77.36,17341 
4115,2012-06-07,810956.0,77.36,17341 
4114,2012-06-06,810956.0,77.36,17341 
4113,2012-06-05,810956.0,77.36,17341 
4112,2012-06-04,810956.0,77.36,17341 
4109,2012-06-01,810956.0,77.36,17341 
4108,2012-07-31,810292.0,77.3,17326 
4107,2012-07-30,810292.0,77.3,17326 
4104,2012-07-27,810292.0,77.3,17326 
4103,2012-07-26,810292.0,77.3,17326 
4102,2012-07-25,810292.0,77.3,17326 
4101,2012-07-24,810292.0,77.3,17326 
4100,2012-07-23,810292.0,77.3,17326 
4097,2012-07-20,810292.0,77.3,17326 
4096,2012-07-19,810292.0,77.3,17326 
4095,2012-07-18,810292.0,77.3,17326 
4094,2012-07-17,810292.0,77.3,17326 
4093,2012-07-16,810292.0,77.3,17326 
4090,2012-07-13,810292.0,77.3,17326 
4089,2012-07-12,810292.0,77.3,17326 
4088,2012-07-11,810292.0,77.3,17326 
4087,2012-07-10,810292.0,77.3,17326 
4086,2012-07-09,810292.0,77.3,17326 
4083,2012-07-06,810292.0,77.3,17326 
4082,2012-07-05,810292.0,77.3,17326 
4081,2012-07-04,810292.0,77.3,17326 
4080,2012-07-03,810292.0,77.3,17326 
4079,2012-07-02,810292.0,77.3,17326 
4077,2012-08-31,807114.0,76.99,17258 
4076,2012-08-30,807114.0,76.99,17258 
4075,2012-08-29,807114.0,76.99,17258 
4074,2012-08-28,807114.0,76.99,17258 
4073,2012-08-27,807114.0,76.99,17258 
4070,2012-08-24,807114.0,76.99,17258 
4069,2012-08-23,807114.0,76.99,17258 
4068,2012-08-22,807114.0,76.99,17258 
4067,2012-08-21,807114.0,76.99,17258 
4066,2012-08-20,807114.0,76.99,17258 
4063,2012-08-17,807114.0,76.99,17258 
4062,2012-08-16,807114.0,76.99,17258 
4061,2012-08-15,807114.0,76.99,17258 
4060,2012-08-14,807114.0,76.99,17258 
4059,2012-08-13,807114.0,76.99,17258 
4056,2012-08-10,807114.0,76.99,17258 
4055,2012-08-09,807114.0,76.99,17258 
4054,2012-08-08,807114.0,76.99,17258 
4053,2012-08-07,807114.0,76.99,17258 
4052,2012-08-06,807114.0,76.99,17258 
4049,2012-08-03,807114.0,76.99,17258 
4048,2012-08-02,807114.0,76.99,17258 
4047,2012-08-01,807114.0,76.99,17258 
4044,2012-09-28,823547.0,79.17,17610 
4043,2012-09-27,823547.0,79.17,17610 
4042,2012-09-26,823547.0,79.17,17610 
4041,2012-09-25,823547.0,79.17,17610 
4040,2012-09-24,823547.0,79.17,17610 
4037,2012-09-21,823547.0,79.17,17610 
4036,2012-09-20,823547.0,79.17,17610 
4035,2012-09-19,823547.0,79.17,17610 
4034,2012-09-18,823547.0,79.17,17610 
4033,2012-09-17,823547.0,79.17,17610 
4030,2012-09-14,823547.0,79.17,17610 
4029,2012-09-13,823547.0,79.17,17610 
4028,2012-09-12,823547.0,79.17,17610 
4027,2012-09-11,823547.0,79.17,17610 
4026,2012-09-10,823547.0,79.17,17610 
4023,2012-09-07,823547.0,79.17,17610 
4022,2012-09-06,823547.0,79.17,17610 
4021,2012-09-05,823547.0,79.17,17610 
4020,2012-09-04,823547.0,79.17,17610 
4019,2012-09-03,823547.0,79.17,17610 
4016,2012-10-31,823459.0,79.16,17608 
4015,2012-10-30,823459.0,79.16,17608 
4014,2012-10-29,823459.0,79.16,17608 
4011,2012-10-26,823459.0,79.16,17608 
4010,2012-10-25,823459.0,79.16,17608 
4009,2012-10-24,823459.0,79.16,17608 
4008,2012-10-23,823459.0,79.16,17608 
4007,2012-10-22,823459.0,79.16,17608 
4004,2012-10-19,823459.0,79.16,17608 
4003,2012-10-18,823459.0,79.16,17608 
4002,2012-10-17,823459.0,79.16,17608 
4001,2012-10-16,823459.0,79.16,17608 
4000,2012-10-15,823459.0,79.16,17608 
3997,2012-10-12,823459.0,79.16,17608 
3996,2012-10-11,823459.0,79.16,17608 
3995,2012-10-10,823459.0,79.16,17608 
3994,2012-10-09,823459.0,79.16,17608 
3993,2012-10-08,823459.0,79.16,17608 
3990,2012-10-05,823459.0,79.16,17608 
3989,2012-10-04,823459.0,79.16,17608 
3988,2012-10-03,823459.0,79.16,17608 
3987,2012-10-02,823459.0,79.16,17608 
3986,2012-10-01,823459.0,79.16,17608 
3985,2012-11-30,837072.0,80.47,17899 
3984,2012-11-29,837072.0,80.47,17899 
3983,2012-11-28,837072.0,80.47,17899 
3982,2012-11-27,837072.0,80.47,17899 
3981,2012-11-26,837072.0,80.47,17899 
3978,2012-11-23,837072.0,80.47,17899 
3977,2012-11-22,837072.0,80.47,17899 
3976,2012-11-21,837072.0,80.47,17899 
3975,2012-11-20,837072.0,80.47,17899 
3974,2012-11-19,837072.0,80.47,17899 
3971,2012-11-16,837072.0,80.47,17899 
3970,2012-11-15,837072.0,80.47,17899 
3969,2012-11-14,837072.0,80.47,17899 
3968,2012-11-13,837072.0,80.47,17899 
3967,2012-11-12,837072.0,80.47,17899 
3964,2012-11-09,837072.0,80.47,17899 
3963,2012-11-08,837072.0,80.47,17899 
3962,2012-11-07,837072.0,80.47,17899 
3961,2012-11-06,837072.0,80.47,17899 
3960,2012-11-05,837072.0,80.47,17899 
3957,2012-11-02,837072.0,80.47,17899 
3956,2012-11-01,837072.0,80.47,17899 
3955,2012-12-31,927813.0,89.98,19856 
3952,2012-12-28,927813.0,89.98,19856 
3951,2012-12-27,927813.0,89.98,19856 
3948,2012-12-24,927813.0,89.98,19856 
3945,2012-12-21,927813.0,89.98,19856 
3944,2012-12-20,927813.0,89.98,19856 
3943,2012-12-19,927813.0,89.98,19856 
3942,2012-12-18,927813.0,89.98,19856 
3941,2012-12-17,927813.0,89.98,19856 
3938,2012-12-14,927813.0,89.98,19856 
3937,2012-12-13,927813.0,89.98,19856 
3936,2012-12-12,927813.0,89.98,19856 
3935,2012-12-11,927813.0,89.98,19856 
3934,2012-12-10,927813.0,89.98,19856 
3931,2012-12-07,927813.0,89.98,19856 
3930,2012-12-06,927813.0,89.98,19856 
3929,2012-12-05,927813.0,89.98,19856 
3928,2012-12-04,927813.0,89.98,19856 
3927,2012-12-03,927813.0,89.98,19856 
3924,2013-01-31,941838.0,91.34,20156 
3923,2013-01-30,941838.0,91.34,20156 
3922,2013-01-29,941838.0,91.34,20156 
3921,2013-01-28,941838.0,91.34,20156 
3918,2013-01-25,941838.0,91.34,20156 
3917,2013-01-24,941838.0,91.34,20156 
3916,2013-01-23,941838.0,91.34,20156 
3915,2013-01-22,941838.0,91.34,20156 
3914,2013-01-21,941838.0,91.34,20156 
3911,2013-01-18,941838.0,91.34,20156 
3910,2013-01-17,941838.0,91.34,20156 
3909,2013-01-16,941838.0,91.34,20156 
3908,2013-01-15,941838.0,91.34,20156 
3907,2013-01-14,941838.0,91.34,20156 
3904,2013-01-11,941838.0,91.34,20156 
3903,2013-01-10,941838.0,91.34,20156 
3902,2013-01-09,941838.0,91.34,20156 
3901,2013-01-08,941838.0,91.34,20156 
3900,2013-01-07,941838.0,91.34,20156 
3897,2013-01-04,941838.0,91.34,20156 
3896,2013-01-03,941838.0,91.34,20156 
3895,2013-01-02,941838.0,91.34,20156 
3893,2013-02-28,986686.0,95.69,21116 
3892,2013-02-27,986686.0,95.69,21116 
3891,2013-02-26,986686.0,95.69,21116 
3890,2013-02-25,986686.0,95.69,21116 
3887,2013-02-22,986686.0,95.69,21116 
3886,2013-02-21,986686.0,95.69,21116 
3885,2013-02-20,986686.0,95.69,21116 
3884,2013-02-19,986686.0,95.69,21116 
3883,2013-02-18,986686.0,95.69,21116 
3880,2013-02-15,986686.0,95.69,21116 
3879,2013-02-14,986686.0,95.69,21116 
3878,2013-02-13,986686.0,95.69,21116 
3877,2013-02-12,986686.0,95.69,21116 
3876,2013-02-11,986686.0,95.69,21116 
3873,2013-02-08,986686.0,95.69,21116 
3872,2013-02-07,986686.0,95.69,21116 
3871,2013-02-06,986686.0,95.69,21116 
3870,2013-02-05,986686.0,95.69,21116 
3869,2013-02-04,986686.0,95.69,21116 
3866,2013-02-01,986686.0,95.69,21116 
3862,2013-03-28,1000221.0,97.53,21405 
3861,2013-03-27,1000221.0,97.53,21405 
3860,2013-03-26,1000221.0,97.53,21405 
3859,2013-03-25,1000221.0,97.53,21405 
3856,2013-03-22,1000221.0,97.53,21405 
3855,2013-03-21,1000221.0,97.53,21405 
3854,2013-03-20,1000221.0,97.53,21405 
3853,2013-03-19,1000221.0,97.53,21405 
3852,2013-03-18,1000221.0,97.53,21405 
3849,2013-03-15,1000221.0,97.53,21405 
3848,2013-03-14,1000221.0,97.53,21405 
3847,2013-03-13,1000221.0,97.53,21405 
3846,2013-03-12,1000221.0,97.53,21405 
3845,2013-03-11,1000221.0,97.53,21405 
3842,2013-03-08,1000221.0,97.53,21405 
3841,2013-03-07,1000221.0,97.53,21405 
3840,2013-03-06,1000221.0,97.53,21405 
3839,2013-03-05,1000221.0,97.53,21405 
3838,2013-03-04,1000221.0,97.53,21405 
3835,2013-03-01,1000221.0,97.53,21405 
3834,2013-04-30,991881.0,96.71,21227 
3833,2013-04-29,991881.0,96.71,21227 
3830,2013-04-26,991881.0,96.71,21227 
3829,2013-04-25,991881.0,96.71,21227 
3828,2013-04-24,991881.0,96.71,21227 
3827,2013-04-23,991881.0,96.71,21227 
3826,2013-04-22,991881.0,96.71,21227 
3823,2013-04-19,991881.0,96.71,21227 
3822,2013-04-18,991881.0,96.71,21227 
3821,2013-04-17,991881.0,96.71,21227 
3820,2013-04-16,991881.0,96.71,21227 
3819,2013-04-15,991881.0,96.71,21227 
3816,2013-04-12,991881.0,96.71,21227 
3815,2013-04-11,991881.0,96.71,21227 
3814,2013-04-10,991881.0,96.71,21227 
3813,2013-04-09,991881.0,96.71,21227 
3812,2013-04-08,991881.0,96.71,21227 
3809,2013-04-05,991881.0,96.71,21227 
3808,2013-04-04,991881.0,96.71,21227 
3807,2013-04-03,991881.0,96.71,21227 
3806,2013-04-02,991881.0,96.71,21227 
3804,2013-05-31,1011822.0,98.66,21653 
3803,2013-05-30,1011822.0,98.66,21653 
3802,2013-05-29,1011822.0,98.66,21653 
3801,2013-05-28,1011822.0,98.66,21653 
3800,2013-05-27,1011822.0,98.66,21653 
3797,2013-05-24,1011822.0,98.66,21653 
3796,2013-05-23,1011822.0,98.66,21653 
3795,2013-05-22,1011822.0,98.66,21653 
3794,2013-05-21,1011822.0,98.66,21653 
3793,2013-05-20,1011822.0,98.66,21653 
3790,2013-05-17,1011822.0,98.66,21653 
3789,2013-05-16,1011822.0,98.66,21653 
3788,2013-05-15,1011822.0,98.66,21653 
3787,2013-05-14,1011822.0,98.66,21653 
3786,2013-05-13,1011822.0,98.66,21653 
3783,2013-05-10,1011822.0,98.66,21653 
3782,2013-05-09,1011822.0,98.66,21653 
3781,2013-05-08,1011822.0,98.66,21653 
3780,2013-05-07,1011822.0,98.66,21653 
3779,2013-05-06,1011822.0,98.66,21653 
3776,2013-05-03,1011822.0,98.66,21653 
3775,2013-05-02,1011822.0,98.66,21653 
3771,2013-06-28,1014560.0,99.27,21775 
3770,2013-06-27,1014560.0,99.27,21775 
3769,2013-06-26,1014560.0,99.27,21775 
3768,2013-06-25,1014560.0,99.27,21775 
3767,2013-06-24,1014560.0,99.27,21775 
3764,2013-06-21,1014560.0,99.27,21775 
3763,2013-06-20,1014560.0,99.27,21775 
3762,2013-06-19,1014560.0,99.27,21775 
3761,2013-06-18,1014560.0,99.27,21775 
3760,2013-06-17,1014560.0,99.27,21775 
3757,2013-06-14,1014560.0,99.27,21775 
3756,2013-06-13,1014560.0,99.27,21775 
3755,2013-06-12,1014560.0,99.27,21775 
3754,2013-06-11,1014560.0,99.27,21775 
3753,2013-06-10,1014560.0,99.27,21775 
3750,2013-06-07,1014560.0,99.27,21775 
3749,2013-06-06,1014560.0,99.27,21775 
3748,2013-06-05,1014560.0,99.27,21775 
3747,2013-06-04,1014560.0,99.27,21775 
3746,2013-06-03,1014560.0,99.27,21775 
3743,2013-07-31,1018219.0,99.63,21853 
3742,2013-07-30,1018219.0,99.63,21853 
3741,2013-07-29,1018219.0,99.63,21853 
3738,2013-07-26,1018219.0,99.63,21853 
3737,2013-07-25,1018219.0,99.63,21853 
3736,2013-07-24,1018219.0,99.63,21853 
3735,2013-07-23,1018219.0,99.63,21853 
3734,2013-07-22,1018219.0,99.63,21853 
3731,2013-07-19,1018219.0,99.63,21853 
3730,2013-07-18,1018219.0,99.63,21853 
3729,2013-07-17,1018219.0,99.63,21853 
3728,2013-07-16,1018219.0,99.63,21853 
3727,2013-07-15,1018219.0,99.63,21853 
3724,2013-07-12,1018219.0,99.63,21853 
3723,2013-07-11,1018219.0,99.63,21853 
3722,2013-07-10,1018219.0,99.63,21853 
3721,2013-07-09,1018219.0,99.63,21853 
3720,2013-07-08,1018219.0,99.63,21853 
3717,2013-07-05,1018219.0,99.63,21853 
3716,2013-07-04,1018219.0,99.63,21853 
3715,2013-07-03,1018219.0,99.63,21853 
3714,2013-07-02,1018219.0,99.63,21853 
3713,2013-07-01,1018219.0,99.63,21853 
3711,2013-08-30,1015625.0,99.38,21798 
3710,2013-08-29,1015625.0,99.38,21798 
3709,2013-08-28,1015625.0,99.38,21798 
3708,2013-08-27,1015625.0,99.38,21798 
3707,2013-08-26,1015625.0,99.38,21798 
3704,2013-08-23,1015625.0,99.38,21798 
3703,2013-08-22,1015625.0,99.38,21798 
3702,2013-08-21,1015625.0,99.38,21798 
3701,2013-08-20,1015625.0,99.38,21798 
3700,2013-08-19,1015625.0,99.38,21798 
3697,2013-08-16,1015625.0,99.38,21798 
3696,2013-08-15,1015625.0,99.38,21798 
3695,2013-08-14,1015625.0,99.38,21798 
3694,2013-08-13,1015625.0,99.38,21798 
3693,2013-08-12,1015625.0,99.38,21798 
3690,2013-08-09,1015625.0,99.38,21798 
3689,2013-08-08,1015625.0,99.38,21798 
3688,2013-08-07,1015625.0,99.38,21798 
3687,2013-08-06,1015625.0,99.38,21798 
3686,2013-08-05,1015625.0,99.38,21798 
3683,2013-08-02,1015625.0,99.38,21798 
3682,2013-08-01,1015625.0,99.38,21798 
3681,2013-09-30,1024830.0,100.53,21995 
3678,2013-09-27,1024830.0,100.53,21995 
3677,2013-09-26,1024830.0,100.53,21995 
3676,2013-09-25,1024830.0,100.53,21995 
3675,2013-09-24,1024830.0,100.53,21995 
3674,2013-09-23,1024830.0,100.53,21995 
3671,2013-09-20,1024830.0,100.53,21995 
3670,2013-09-19,1024830.0,100.53,21995 
3669,2013-09-18,1024830.0,100.53,21995 
3668,2013-09-17,1024830.0,100.53,21995 
3667,2013-09-16,1024830.0,100.53,21995 
3664,2013-09-13,1024830.0,100.53,21995 
3663,2013-09-12,1024830.0,100.53,21995 
3662,2013-09-11,1024830.0,100.53,21995 
3661,2013-09-10,1024830.0,100.53,21995 
3660,2013-09-09,1024830.0,100.53,21995 
3657,2013-09-06,1024830.0,100.53,21995 
3656,2013-09-05,1024830.0,100.53,21995 
3655,2013-09-04,1024830.0,100.53,21995 
3654,2013-09-03,1024830.0,100.53,21995 
3653,2013-09-02,1024830.0,100.53,21995 
3651,2013-10-31,1021403.0,100.2,21922 
3650,2013-10-30,1021403.0,100.2,21922 
3649,2013-10-29,1021403.0,100.2,21922 
3648,2013-10-28,1021403.0,100.2,21922 
3645,2013-10-25,1021403.0,100.2,21922 
3644,2013-10-24,1021403.0,100.2,21922 
3643,2013-10-23,1021403.0,100.2,21922 
3642,2013-10-22,1021403.0,100.2,21922 
3641,2013-10-21,1021403.0,100.2,21922 
3638,2013-10-18,1021403.0,100.2,21922 
3637,2013-10-17,1021403.0,100.2,21922 
3636,2013-10-16,1021403.0,100.2,21922 
3635,2013-10-15,1021403.0,100.2,21922 
3634,2013-10-14,1021403.0,100.2,21922 
3631,2013-10-11,1021403.0,100.2,21922 
3630,2013-10-10,1021403.0,100.2,21922 
3629,2013-10-09,1021403.0,100.2,21922 
3628,2013-10-08,1021403.0,100.2,21922 
3627,2013-10-07,1021403.0,100.2,21922 
3624,2013-10-04,1021403.0,100.2,21922 
3623,2013-10-03,1021403.0,100.2,21922 
3622,2013-10-02,1021403.0,100.2,21922 
3621,2013-10-01,1021403.0,100.2,21922 
3619,2013-11-29,1018671.0,99.93,21863 
3618,2013-11-28,1018671.0,99.93,21863 
3617,2013-11-27,1018671.0,99.93,21863 
3616,2013-11-26,1018671.0,99.93,21863 
3615,2013-11-25,1018671.0,99.93,21863 
3612,2013-11-22,1018671.0,99.93,21863 
3611,2013-11-21,1018671.0,99.93,21863 
3610,2013-11-20,1018671.0,99.93,21863 
3609,2013-11-19,1018671.0,99.93,21863 
3608,2013-11-18,1018671.0,99.93,21863 
3605,2013-11-15,1018671.0,99.93,21863 
3604,2013-11-14,1018671.0,99.93,21863 
3603,2013-11-13,1018671.0,99.93,21863 
3602,2013-11-12,1018671.0,99.93,21863 
3601,2013-11-11,1018671.0,99.93,21863 
3598,2013-11-08,1018671.0,99.93,21863 
3597,2013-11-07,1018671.0,99.93,21863 
3596,2013-11-06,1018671.0,99.93,21863 
3595,2013-11-05,1018671.0,99.93,21863 
3594,2013-11-04,1018671.0,99.93,21863 
3591,2013-11-01,1018671.0,99.93,21863 
3590,2013-12-31,1025655.0,100.49,22051 
3589,2013-12-30,1025655.0,100.49,22051 
3586,2013-12-27,1025655.0,100.49,22051 
3583,2013-12-24,1025655.0,100.49,22051 
3582,2013-12-23,1025655.0,100.49,22051 
3579,2013-12-20,1025655.0,100.49,22051 
3578,2013-12-19,1025655.0,100.49,22051 
3577,2013-12-18,1025655.0,100.49,22051 
3576,2013-12-17,1025655.0,100.49,22051 
3575,2013-12-16,1025655.0,100.49,22051 
3572,2013-12-13,1025655.0,100.49,22051 
3571,2013-12-12,1025655.0,100.49,22051 
3570,2013-12-11,1025655.0,100.49,22051 
3569,2013-12-10,1025655.0,100.49,22051 
3568,2013-12-09,1025655.0,100.49,22051 
3565,2013-12-06,1025655.0,100.49,22051 
3564,2013-12-05,1025655.0,100.49,22051 
3563,2013-12-04,1025655.0,100.49,22051 
3562,2013-12-03,1025655.0,100.49,22051 
3561,2013-12-02,1025655.0,100.49,22051 
3559,2014-01-31,1032511.0,101.16,22199 
3558,2014-01-30,1032511.0,101.16,22199 
3557,2014-01-29,1032511.0,101.16,22199 
3556,2014-01-28,1032511.0,101.16,22199 
3555,2014-01-27,1032511.0,101.16,22199 
3552,2014-01-24,1032511.0,101.16,22199 
3551,2014-01-23,1032511.0,101.16,22199 
3550,2014-01-22,1032511.0,101.16,22199 
3549,2014-01-21,1032511.0,101.16,22199 
3548,2014-01-20,1032511.0,101.16,22199 
3545,2014-01-17,1032511.0,101.16,22199 
3544,2014-01-16,1032511.0,101.16,22199 
3543,2014-01-15,1032511.0,101.16,22199 
3542,2014-01-14,1032511.0,101.16,22199 
3541,2014-01-13,1032511.0,101.16,22199 
3538,2014-01-10,1032511.0,101.16,22199 
3537,2014-01-09,1032511.0,101.16,22199 
3536,2014-01-08,1032511.0,101.16,22199 
3535,2014-01-07,1032511.0,101.16,22199 
3534,2014-01-06,1032511.0,101.16,22199 
3531,2014-01-03,1032511.0,101.16,22199 
3530,2014-01-02,1032511.0,101.16,22199 
3528,2014-02-28,1040848.0,101.98,22378 
3527,2014-02-27,1040848.0,101.98,22378 
3526,2014-02-26,1040848.0,101.98,22378 
3525,2014-02-25,1040848.0,101.98,22378 
3524,2014-02-24,1040848.0,101.98,22378 
3521,2014-02-21,1040848.0,101.98,22378 
3520,2014-02-20,1040848.0,101.98,22378 
3519,2014-02-19,1040848.0,101.98,22378 
3518,2014-02-18,1040848.0,101.98,22378 
3517,2014-02-17,1040848.0,101.98,22378 
3514,2014-02-14,1040848.0,101.98,22378 
3513,2014-02-13,1040848.0,101.98,22378 
3512,2014-02-12,1040848.0,101.98,22378 
3511,2014-02-11,1040848.0,101.98,22378 
3510,2014-02-10,1040848.0,101.98,22378 
3507,2014-02-07,1040848.0,101.98,22378 
3506,2014-02-06,1040848.0,101.98,22378 
3505,2014-02-05,1040848.0,101.98,22378 
3504,2014-02-04,1040848.0,101.98,22378 
3503,2014-02-03,1040848.0,101.98,22378 
3500,2014-03-31,1053452.0,103.16,22649 
3497,2014-03-28,1053452.0,103.16,22649 
3496,2014-03-27,1053452.0,103.16,22649 
3495,2014-03-26,1053452.0,103.16,22649 
3494,2014-03-25,1053452.0,103.16,22649 
3493,2014-03-24,1053452.0,103.16,22649 
3490,2014-03-21,1053452.0,103.16,22649 
3489,2014-03-20,1053452.0,103.16,22649 
3488,2014-03-19,1053452.0,103.16,22649 
3487,2014-03-18,1053452.0,103.16,22649 
3486,2014-03-17,1053452.0,103.16,22649 
3483,2014-03-14,1053452.0,103.16,22649 
3482,2014-03-13,1053452.0,103.16,22649 
3481,2014-03-12,1053452.0,103.16,22649 
3480,2014-03-11,1053452.0,103.16,22649 
3479,2014-03-10,1053452.0,103.16,22649 
3476,2014-03-07,1053452.0,103.16,22649 
3475,2014-03-06,1053452.0,103.16,22649 
3474,2014-03-05,1053452.0,103.16,22649 
3473,2014-03-04,1053452.0,103.16,22649 
3472,2014-03-03,1053452.0,103.16,22649 
3469,2014-04-30,1045077.0,102.34,22469 
3468,2014-04-29,1045077.0,102.34,22469 
3467,2014-04-28,1045077.0,102.34,22469 
3464,2014-04-25,1045077.0,102.34,22469 
3463,2014-04-24,1045077.0,102.34,22469 
3462,2014-04-23,1045077.0,102.34,22469 
3461,2014-04-22,1045077.0,102.34,22469 
3456,2014-04-17,1045077.0,102.34,22469 
3455,2014-04-16,1045077.0,102.34,22469 
3454,2014-04-15,1045077.0,102.34,22469 
3453,2014-04-14,1045077.0,102.34,22469 
3450,2014-04-11,1045077.0,102.34,22469 
3449,2014-04-10,1045077.0,102.34,22469 
3448,2014-04-09,1045077.0,102.34,22469 
3447,2014-04-08,1045077.0,102.34,22469 
3446,2014-04-07,1045077.0,102.34,22469 
3443,2014-04-04,1045077.0,102.34,22469 
3442,2014-04-03,1045077.0,102.34,22469 
3441,2014-04-02,1045077.0,102.34,22469 
3440,2014-04-01,1045077.0,102.34,22469 
3438,2014-05-30,1058684.0,103.68,22761 
3437,2014-05-29,1058684.0,103.68,22761 
3436,2014-05-28,1058684.0,103.68,22761 
3435,2014-05-27,1058684.0,103.68,22761 
3434,2014-05-26,1058684.0,103.68,22761 
3431,2014-05-23,1058684.0,103.68,22761 
3430,2014-05-22,1058684.0,103.68,22761 
3429,2014-05-21,1058684.0,103.68,22761 
3428,2014-05-20,1058684.0,103.68,22761 
3427,2014-05-19,1058684.0,103.68,22761 
3424,2014-05-16,1058684.0,103.68,22761 
3423,2014-05-15,1058684.0,103.68,22761 
3422,2014-05-14,1058684.0,103.68,22761 
3421,2014-05-13,1058684.0,103.68,22761 
3420,2014-05-12,1058684.0,103.68,22761 
3417,2014-05-09,1058684.0,103.68,22761 
3416,2014-05-08,1058684.0,103.68,22761 
3415,2014-05-07,1058684.0,103.68,22761 
3414,2014-05-06,1058684.0,103.68,22761 
3413,2014-05-05,1058684.0,103.68,22761 
3410,2014-05-02,1058684.0,103.68,22761 
3408,2014-06-30,1066099.0,104.21,22949 
3405,2014-06-27,1066099.0,104.21,22949 
3404,2014-06-26,1066099.0,104.21,22949 
3403,2014-06-25,1066099.0,104.21,22949 
3402,2014-06-24,1066099.0,104.21,22949 
3401,2014-06-23,1066099.0,104.21,22949 
3398,2014-06-20,1066099.0,104.21,22949 
3397,2014-06-19,1066099.0,104.21,22949 
3396,2014-06-18,1066099.0,104.21,22949 
3395,2014-06-17,1066099.0,104.21,22949 
3394,2014-06-16,1066099.0,104.21,22949 
3391,2014-06-13,1066099.0,104.21,22949 
3390,2014-06-12,1066099.0,104.21,22949 
3389,2014-06-11,1066099.0,104.21,22949 
3388,2014-06-10,1066099.0,104.21,22949 
3387,2014-06-09,1066099.0,104.21,22949 
3384,2014-06-06,1066099.0,104.21,22949 
3383,2014-06-05,1066099.0,104.21,22949 
3382,2014-06-04,1066099.0,104.21,22949 
3381,2014-06-03,1066099.0,104.21,22949 
3380,2014-06-02,1066099.0,104.21,22949 
3378,2014-07-31,1059298.0,103.55,22803 
3377,2014-07-30,1059298.0,103.55,22803 
3376,2014-07-29,1059298.0,103.55,22803 
3375,2014-07-28,1059298.0,103.55,22803 
3372,2014-07-25,1059298.0,103.55,22803 
3371,2014-07-24,1059298.0,103.55,22803 
3370,2014-07-23,1059298.0,103.55,22803 
3369,2014-07-22,1059298.0,103.55,22803 
3368,2014-07-21,1059298.0,103.55,22803 
3365,2014-07-18,1059298.0,103.55,22803 
3364,2014-07-17,1059298.0,103.55,22803 
3363,2014-07-16,1059298.0,103.55,22803 
3362,2014-07-15,1059298.0,103.55,22803 
3361,2014-07-14,1059298.0,103.55,22803 
3358,2014-07-11,1059298.0,103.55,22803 
3357,2014-07-10,1059298.0,103.55,22803 
3356,2014-07-09,1059298.0,103.55,22803 
3355,2014-07-08,1059298.0,103.55,22803 
3354,2014-07-07,1059298.0,103.55,22803 
3351,2014-07-04,1059298.0,103.55,22803 
3350,2014-07-03,1059298.0,103.55,22803 
3349,2014-07-02,1059298.0,103.55,22803 
3348,2014-07-01,1059298.0,103.55,22803 
3345,2014-08-29,1063328.0,103.94,22889 
3344,2014-08-28,1063328.0,103.94,22889 
3343,2014-08-27,1063328.0,103.94,22889 
3342,2014-08-26,1063328.0,103.94,22889 
3341,2014-08-25,1063328.0,103.94,22889 
3338,2014-08-22,1063328.0,103.94,22889 
3337,2014-08-21,1063328.0,103.94,22889 
3336,2014-08-20,1063328.0,103.94,22889 
3335,2014-08-19,1063328.0,103.94,22889 
3334,2014-08-18,1063328.0,103.94,22889 
3331,2014-08-15,1063328.0,103.94,22889 
3330,2014-08-14,1063328.0,103.94,22889 
3329,2014-08-13,1063328.0,103.94,22889 
3328,2014-08-12,1063328.0,103.94,22889 
3327,2014-08-11,1063328.0,103.94,22889 
3324,2014-08-08,1063328.0,103.94,22889 
3323,2014-08-07,1063328.0,103.94,22889 
3322,2014-08-06,1063328.0,103.94,22889 
3321,2014-08-05,1063328.0,103.94,22889 
3320,2014-08-04,1063328.0,103.94,22889 
3317,2014-08-01,1063328.0,103.94,22889 
3316,2014-09-30,1073210.0,104.55,23102 
3315,2014-09-29,1073210.0,104.55,23102 
3312,2014-09-26,1073210.0,104.55,23102 
3311,2014-09-25,1073210.0,104.55,23102 
3310,2014-09-24,1073210.0,104.55,23102 
3309,2014-09-23,1073210.0,104.55,23102 
3308,2014-09-22,1073210.0,104.55,23102 
3305,2014-09-19,1073210.0,104.55,23102 
3304,2014-09-18,1073210.0,104.55,23102 
3303,2014-09-17,1073210.0,104.55,23102 
3302,2014-09-16,1073210.0,104.55,23102 
3301,2014-09-15,1073210.0,104.55,23102 
3298,2014-09-12,1073210.0,104.55,23102 
3297,2014-09-11,1073210.0,104.55,23102 
3296,2014-09-10,1073210.0,104.55,23102 
3295,2014-09-09,1073210.0,104.55,23102 
3294,2014-09-08,1073210.0,104.55,23102 
3291,2014-09-05,1073210.0,104.55,23102 
3290,2014-09-04,1073210.0,104.55,23102 
3289,2014-09-03,1073210.0,104.55,23102 
3288,2014-09-02,1073210.0,104.55,23102 
3287,2014-09-01,1073210.0,104.55,23102 
3286,2014-10-31,1068256.0,104.07,22995 
3285,2014-10-30,1068256.0,104.07,22995 
3284,2014-10-29,1068256.0,104.07,22995 
3283,2014-10-28,1068256.0,104.07,22995 
3282,2014-10-27,1068256.0,104.07,22995 
3279,2014-10-24,1068256.0,104.07,22995 
3278,2014-10-23,1068256.0,104.07,22995 
3277,2014-10-22,1068256.0,104.07,22995 
3276,2014-10-21,1068256.0,104.07,22995 
3275,2014-10-20,1068256.0,104.07,22995 
3272,2014-10-17,1068256.0,104.07,22995 
3271,2014-10-16,1068256.0,104.07,22995 
3270,2014-10-15,1068256.0,104.07,22995 
3269,2014-10-14,1068256.0,104.07,22995 
3268,2014-10-13,1068256.0,104.07,22995 
3265,2014-10-10,1068256.0,104.07,22995 
3264,2014-10-09,1068256.0,104.07,22995 
3263,2014-10-08,1068256.0,104.07,22995 
3262,2014-10-07,1068256.0,104.07,22995 
3261,2014-10-06,1068256.0,104.07,22995 
3258,2014-10-03,1068256.0,104.07,22995 
3257,2014-10-02,1068256.0,104.07,22995 
3256,2014-10-01,1068256.0,104.07,22995 
3253,2014-11-28,1073958.0,104.62,23118 
3252,2014-11-27,1073958.0,104.62,23118 
3251,2014-11-26,1073958.0,104.62,23118 
3250,2014-11-25,1073958.0,104.62,23118 
3249,2014-11-24,1073958.0,104.62,23118 
3246,2014-11-21,1073958.0,104.62,23118 
3245,2014-11-20,1073958.0,104.62,23118 
3244,2014-11-19,1073958.0,104.62,23118 
3243,2014-11-18,1073958.0,104.62,23118 
3242,2014-11-17,1073958.0,104.62,23118 
3239,2014-11-14,1073958.0,104.62,23118 
3238,2014-11-13,1073958.0,104.62,23118 
3237,2014-11-12,1073958.0,104.62,23118 
3236,2014-11-11,1073958.0,104.62,23118 
3235,2014-11-10,1073958.0,104.62,23118 
3232,2014-11-07,1073958.0,104.62,23118 
3231,2014-11-06,1073958.0,104.62,23118 
3230,2014-11-05,1073958.0,104.62,23118 
3229,2014-11-04,1073958.0,104.62,23118 
3228,2014-11-03,1073958.0,104.62,23118 
3225,2014-12-31,1084846.0,105.06,23355 
3224,2014-12-30,1084846.0,105.06,23355 
3223,2014-12-29,1084846.0,105.06,23355 
3218,2014-12-24,1084846.0,105.06,23355 
3217,2014-12-23,1084846.0,105.06,23355 
3216,2014-12-22,1084846.0,105.06,23355 
3213,2014-12-19,1084846.0,105.06,23355 
3212,2014-12-18,1084846.0,105.06,23355 
3211,2014-12-17,1084846.0,105.06,23355 
3210,2014-12-16,1084846.0,105.06,23355 
3209,2014-12-15,1084846.0,105.06,23355 
3206,2014-12-12,1084846.0,105.06,23355 
3205,2014-12-11,1084846.0,105.06,23355 
3204,2014-12-10,1084846.0,105.06,23355 
3203,2014-12-09,1084846.0,105.06,23355 
3202,2014-12-08,1084846.0,105.06,23355 
3199,2014-12-05,1084846.0,105.06,23355 
3198,2014-12-04,1084846.0,105.06,23355 
3197,2014-12-03,1084846.0,105.06,23355 
3196,2014-12-02,1084846.0,105.06,23355 
3195,2014-12-01,1084846.0,105.06,23355 
3193,2015-01-30,1085421.0,105.11,23368 
3192,2015-01-29,1085421.0,105.11,23368 
3191,2015-01-28,1085421.0,105.11,23368 
3190,2015-01-27,1085421.0,105.11,23368 
3189,2015-01-26,1085421.0,105.11,23368 
3186,2015-01-23,1085421.0,105.11,23368 
3185,2015-01-22,1085421.0,105.11,23368 
3184,2015-01-21,1085421.0,105.11,23368 
3183,2015-01-20,1085421.0,105.11,23368 
3182,2015-01-19,1085421.0,105.11,23368 
3179,2015-01-16,1085421.0,105.11,23368 
3178,2015-01-15,1085421.0,105.11,23368 
3177,2015-01-14,1085421.0,105.11,23368 
3176,2015-01-13,1085421.0,105.11,23368 
3175,2015-01-12,1085421.0,105.11,23368 
3172,2015-01-09,1085421.0,105.11,23368 
3171,2015-01-08,1085421.0,105.11,23368 
3170,2015-01-07,1085421.0,105.11,23368 
3169,2015-01-06,1085421.0,105.11,23368 
3168,2015-01-05,1085421.0,105.11,23368 
3165,2015-01-02,1085421.0,105.11,23368 
3162,2015-02-27,1089702.0,105.53,23460 
3161,2015-02-26,1089702.0,105.53,23460 
3160,2015-02-25,1089702.0,105.53,23460 
3159,2015-02-24,1089702.0,105.53,23460 
3158,2015-02-23,1089702.0,105.53,23460 
3155,2015-02-20,1089702.0,105.53,23460 
3154,2015-02-19,1089702.0,105.53,23460 
3153,2015-02-18,1089702.0,105.53,23460 
3152,2015-02-17,1089702.0,105.53,23460 
3151,2015-02-16,1089702.0,105.53,23460 
3148,2015-02-13,1089702.0,105.53,23460 
3147,2015-02-12,1089702.0,105.53,23460 
3146,2015-02-11,1089702.0,105.53,23460 
3145,2015-02-10,1089702.0,105.53,23460 
3144,2015-02-09,1089702.0,105.53,23460 
3141,2015-02-06,1089702.0,105.53,23460 
3140,2015-02-05,1089702.0,105.53,23460 
3139,2015-02-04,1089702.0,105.53,23460 
3138,2015-02-03,1089702.0,105.53,23460 
3137,2015-02-02,1089702.0,105.53,23460 
3135,2015-03-31,1095614.0,105.13,23587 
3134,2015-03-30,1095614.0,105.13,23587 
3131,2015-03-27,1095614.0,105.13,23587 
3130,2015-03-26,1095614.0,105.13,23587 
3129,2015-03-25,1095614.0,105.13,23587 
3128,2015-03-24,1095614.0,105.13,23587 
3127,2015-03-23,1095614.0,105.13,23587 
3124,2015-03-20,1095614.0,105.13,23587 
3123,2015-03-19,1095614.0,105.13,23587 
3122,2015-03-18,1095614.0,105.13,23587 
3121,2015-03-17,1095614.0,105.13,23587 
3120,2015-03-16,1095614.0,105.13,23587 
3117,2015-03-13,1095614.0,105.13,23587 
3116,2015-03-12,1095614.0,105.13,23587 
3115,2015-03-11,1095614.0,105.13,23587 
3114,2015-03-10,1095614.0,105.13,23587 
3113,2015-03-09,1095614.0,105.13,23587 
3110,2015-03-06,1095614.0,105.13,23587 
3109,2015-03-05,1095614.0,105.13,23587 
3108,2015-03-04,1095614.0,105.13,23587 
3107,2015-03-03,1095614.0,105.13,23587 
3106,2015-03-02,1095614.0,105.13,23587 
3104,2015-04-30,1081721.0,103.8,23288 
3103,2015-04-29,1081721.0,103.8,23288 
3102,2015-04-28,1081721.0,103.8,23288 
3101,2015-04-27,1081721.0,103.8,23288 
3098,2015-04-24,1081721.0,103.8,23288 
3097,2015-04-23,1081721.0,103.8,23288 
3096,2015-04-22,1081721.0,103.8,23288 
3095,2015-04-21,1081721.0,103.8,23288 
3094,2015-04-20,1081721.0,103.8,23288 
3091,2015-04-17,1081721.0,103.8,23288 
3090,2015-04-16,1081721.0,103.8,23288 
3089,2015-04-15,1081721.0,103.8,23288 
3088,2015-04-14,1081721.0,103.8,23288 
3087,2015-04-13,1081721.0,103.8,23288 
3084,2015-04-10,1081721.0,103.8,23288 
3083,2015-04-09,1081721.0,103.8,23288 
3082,2015-04-08,1081721.0,103.8,23288 
3081,2015-04-07,1081721.0,103.8,23288 
3076,2015-04-02,1081721.0,103.8,23288 
3075,2015-04-01,1081721.0,103.8,23288 
3072,2015-05-29,1089543.0,104.55,23456 
3071,2015-05-28,1089543.0,104.55,23456 
3070,2015-05-27,1089543.0,104.55,23456 
3069,2015-05-26,1089543.0,104.55,23456 
3068,2015-05-25,1089543.0,104.55,23456 
3065,2015-05-22,1089543.0,104.55,23456 
3064,2015-05-21,1089543.0,104.55,23456 
3063,2015-05-20,1089543.0,104.55,23456 
3062,2015-05-19,1089543.0,104.55,23456 
3061,2015-05-18,1089543.0,104.55,23456 
3058,2015-05-15,1089543.0,104.55,23456 
3057,2015-05-14,1089543.0,104.55,23456 
3056,2015-05-13,1089543.0,104.55,23456 
3055,2015-05-12,1089543.0,104.55,23456 
3054,2015-05-11,1089543.0,104.55,23456 
3051,2015-05-08,1089543.0,104.55,23456 
3050,2015-05-07,1089543.0,104.55,23456 
3049,2015-05-06,1089543.0,104.55,23456 
3048,2015-05-05,1089543.0,104.55,23456 
3047,2015-05-04,1089543.0,104.55,23456 
3043,2015-06-30,1100882.0,104.51,23721 
3042,2015-06-29,1100882.0,104.51,23721 
3039,2015-06-26,1100882.0,104.51,23721 
3038,2015-06-25,1100882.0,104.51,23721 
3037,2015-06-24,1100882.0,104.51,23721 
3036,2015-06-23,1100882.0,104.51,23721 
3035,2015-06-22,1100882.0,104.51,23721 
3032,2015-06-19,1100882.0,104.51,23721 
3031,2015-06-18,1100882.0,104.51,23721 
3030,2015-06-17,1100882.0,104.51,23721 
3029,2015-06-16,1100882.0,104.51,23721 
3028,2015-06-15,1100882.0,104.51,23721 
3025,2015-06-12,1100882.0,104.51,23721 
3024,2015-06-11,1100882.0,104.51,23721 
3023,2015-06-10,1100882.0,104.51,23721 
3022,2015-06-09,1100882.0,104.51,23721 
3021,2015-06-08,1100882.0,104.51,23721 
3018,2015-06-05,1100882.0,104.51,23721 
3017,2015-06-04,1100882.0,104.51,23721 
3016,2015-06-03,1100882.0,104.51,23721 
3015,2015-06-02,1100882.0,104.51,23721 
3014,2015-06-01,1100882.0,104.51,23721 
3013,2015-07-31,1088122.0,103.3,23446 
3012,2015-07-30,1088122.0,103.3,23446 
3011,2015-07-29,1088122.0,103.3,23446 
3010,2015-07-28,1088122.0,103.3,23446 
3009,2015-07-27,1088122.0,103.3,23446 
3006,2015-07-24,1088122.0,103.3,23446 
3005,2015-07-23,1088122.0,103.3,23446 
3004,2015-07-22,1088122.0,103.3,23446 
3003,2015-07-21,1088122.0,103.3,23446 
3002,2015-07-20,1088122.0,103.3,23446 
2999,2015-07-17,1088122.0,103.3,23446 
2998,2015-07-16,1088122.0,103.3,23446 
2997,2015-07-15,1088122.0,103.3,23446 
2996,2015-07-14,1088122.0,103.3,23446 
2995,2015-07-13,1088122.0,103.3,23446 
2992,2015-07-10,1088122.0,103.3,23446 
2991,2015-07-09,1088122.0,103.3,23446 
2990,2015-07-08,1088122.0,103.3,23446 
2989,2015-07-07,1088122.0,103.3,23446 
2988,2015-07-06,1088122.0,103.3,23446 
2985,2015-07-03,1088122.0,103.3,23446 
2984,2015-07-02,1088122.0,103.3,23446 
2983,2015-07-01,1088122.0,103.3,23446 
2982,2015-08-31,1097390.0,104.18,23645 
2979,2015-08-28,1097390.0,104.18,23645 
2978,2015-08-27,1097390.0,104.18,23645 
2977,2015-08-26,1097390.0,104.18,23645 
2976,2015-08-25,1097390.0,104.18,23645 
2975,2015-08-24,1097390.0,104.18,23645 
2972,2015-08-21,1097390.0,104.18,23645 
2971,2015-08-20,1097390.0,104.18,23645 
2970,2015-08-19,1097390.0,104.18,23645 
2969,2015-08-18,1097390.0,104.18,23645 
2968,2015-08-17,1097390.0,104.18,23645 
2965,2015-08-14,1097390.0,104.18,23645 
2964,2015-08-13,1097390.0,104.18,23645 
2963,2015-08-12,1097390.0,104.18,23645 
2962,2015-08-11,1097390.0,104.18,23645 
2961,2015-08-10,1097390.0,104.18,23645 
2958,2015-08-07,1097390.0,104.18,23645 
2957,2015-08-06,1097390.0,104.18,23645 
2956,2015-08-05,1097390.0,104.18,23645 
2955,2015-08-04,1097390.0,104.18,23645 
2954,2015-08-03,1097390.0,104.18,23645 
2951,2015-09-30,1110817.0,104.23,23935 
2950,2015-09-29,1110817.0,104.23,23935 
2949,2015-09-28,1110817.0,104.23,23935 
2946,2015-09-25,1110817.0,104.23,23935 
2945,2015-09-24,1110817.0,104.23,23935 
2944,2015-09-23,1110817.0,104.23,23935 
2943,2015-09-22,1110817.0,104.23,23935 
2942,2015-09-21,1110817.0,104.23,23935 
2939,2015-09-18,1110817.0,104.23,23935 
2938,2015-09-17,1110817.0,104.23,23935 
2937,2015-09-16,1110817.0,104.23,23935 
2936,2015-09-15,1110817.0,104.23,23935 
2935,2015-09-14,1110817.0,104.23,23935 
2932,2015-09-11,1110817.0,104.23,23935 
2931,2015-09-10,1110817.0,104.23,23935 
2930,2015-09-09,1110817.0,104.23,23935 
2929,2015-09-08,1110817.0,104.23,23935 
2928,2015-09-07,1110817.0,104.23,23935 
2925,2015-09-04,1110817.0,104.23,23935 
2924,2015-09-03,1110817.0,104.23,23935 
2923,2015-09-02,1110817.0,104.23,23935 
2922,2015-09-01,1110817.0,104.23,23935 
2920,2015-10-30,1105136.0,103.7,23812 
2919,2015-10-29,1105136.0,103.7,23812 
2918,2015-10-28,1105136.0,103.7,23812 
2917,2015-10-27,1105136.0,103.7,23812 
2916,2015-10-26,1105136.0,103.7,23812 
2913,2015-10-23,1105136.0,103.7,23812 
2912,2015-10-22,1105136.0,103.7,23812 
2911,2015-10-21,1105136.0,103.7,23812 
2910,2015-10-20,1105136.0,103.7,23812 
2909,2015-10-19,1105136.0,103.7,23812 
2906,2015-10-16,1105136.0,103.7,23812 
2905,2015-10-15,1105136.0,103.7,23812 
2904,2015-10-14,1105136.0,103.7,23812 
2903,2015-10-13,1105136.0,103.7,23812 
2902,2015-10-12,1105136.0,103.7,23812 
2899,2015-10-09,1105136.0,103.7,23812 
2898,2015-10-08,1105136.0,103.7,23812 
2897,2015-10-07,1105136.0,103.7,23812 
2896,2015-10-06,1105136.0,103.7,23812 
2895,2015-10-05,1105136.0,103.7,23812 
2892,2015-10-02,1105136.0,103.7,23812 
2891,2015-10-01,1105136.0,103.7,23812 
2890,2015-11-30,1115423.0,104.66,24034 
2887,2015-11-27,1115423.0,104.66,24034 
2886,2015-11-26,1115423.0,104.66,24034 
2885,2015-11-25,1115423.0,104.66,24034 
2884,2015-11-24,1115423.0,104.66,24034 
2883,2015-11-23,1115423.0,104.66,24034 
2880,2015-11-20,1115423.0,104.66,24034 
2879,2015-11-19,1115423.0,104.66,24034 
2878,2015-11-18,1115423.0,104.66,24034 
2877,2015-11-17,1115423.0,104.66,24034 
2876,2015-11-16,1115423.0,104.66,24034 
2873,2015-11-13,1115423.0,104.66,24034 
2872,2015-11-12,1115423.0,104.66,24034 
2871,2015-11-11,1115423.0,104.66,24034 
2870,2015-11-10,1115423.0,104.66,24034 
2869,2015-11-09,1115423.0,104.66,24034 
2866,2015-11-06,1115423.0,104.66,24034 
2865,2015-11-05,1115423.0,104.66,24034 
2864,2015-11-04,1115423.0,104.66,24034 
2863,2015-11-03,1115423.0,104.66,24034 
2862,2015-11-02,1115423.0,104.66,24034 
2860,2015-12-31,1113661.0,103.3,23981 
2859,2015-12-30,1113661.0,103.3,23981 
2858,2015-12-29,1113661.0,103.3,23981 
2857,2015-12-28,1113661.0,103.3,23981 
2853,2015-12-24,1113661.0,103.3,23981 
2852,2015-12-23,1113661.0,103.3,23981 
2851,2015-12-22,1113661.0,103.3,23981 
2850,2015-12-21,1113661.0,103.3,23981 
2847,2015-12-18,1113661.0,103.3,23981 
2846,2015-12-17,1113661.0,103.3,23981 
2845,2015-12-16,1113661.0,103.3,23981 
2844,2015-12-15,1113661.0,103.3,23981 
2843,2015-12-14,1113661.0,103.3,23981 
2840,2015-12-11,1113661.0,103.3,23981 
2839,2015-12-10,1113661.0,103.3,23981 
2838,2015-12-09,1113661.0,103.3,23981 
2837,2015-12-08,1113661.0,103.3,23981 
2836,2015-12-07,1113661.0,103.3,23981 
2833,2015-12-04,1113661.0,103.3,23981 
2832,2015-12-03,1113661.0,103.3,23981 
2831,2015-12-02,1113661.0,103.3,23981 
2830,2015-12-01,1113661.0,103.3,23981 
2827,2016-01-29,1115968.0,103.51,24030 
2826,2016-01-28,1115968.0,103.51,24030 
2825,2016-01-27,1115968.0,103.51,24030 
2824,2016-01-26,1115968.0,103.51,24030 
2823,2016-01-25,1115968.0,103.51,24030 
2820,2016-01-22,1115968.0,103.51,24030 
2819,2016-01-21,1115968.0,103.51,24030 
2818,2016-01-20,1115968.0,103.51,24030 
2817,2016-01-19,1115968.0,103.51,24030 
2816,2016-01-18,1115968.0,103.51,24030 
2813,2016-01-15,1115968.0,103.51,24030 
2812,2016-01-14,1115968.0,103.51,24030 
2811,2016-01-13,1115968.0,103.51,24030 
2810,2016-01-12,1115968.0,103.51,24030 
2809,2016-01-11,1115968.0,103.51,24030 
2806,2016-01-08,1115968.0,103.51,24030 
2805,2016-01-07,1115968.0,103.51,24030 
2804,2016-01-06,1115968.0,103.51,24030 
2803,2016-01-05,1115968.0,103.51,24030 
2802,2016-01-04,1115968.0,103.51,24030 
2798,2016-02-29,1121865.0,104.06,24157 
2795,2016-02-26,1121865.0,104.06,24157 
2794,2016-02-25,1121865.0,104.06,24157 
2793,2016-02-24,1121865.0,104.06,24157 
2792,2016-02-23,1121865.0,104.06,24157 
2791,2016-02-22,1121865.0,104.06,24157 
2788,2016-02-19,1121865.0,104.06,24157 
2787,2016-02-18,1121865.0,104.06,24157 
2786,2016-02-17,1121865.0,104.06,24157 
2785,2016-02-16,1121865.0,104.06,24157 
2784,2016-02-15,1121865.0,104.06,24157 
2781,2016-02-12,1121865.0,104.06,24157 
2780,2016-02-11,1121865.0,104.06,24157 
2779,2016-02-10,1121865.0,104.06,24157 
2778,2016-02-09,1121865.0,104.06,24157 
2777,2016-02-08,1121865.0,104.06,24157 
2774,2016-02-05,1121865.0,104.06,24157 
2773,2016-02-04,1121865.0,104.06,24157 
2772,2016-02-03,1121865.0,104.06,24157 
2771,2016-02-02,1121865.0,104.06,24157 
2770,2016-02-01,1121865.0,104.06,24157 
2769,2016-03-31,1135747.0,104.46,24456 
2768,2016-03-30,1135747.0,104.46,24456 
2767,2016-03-29,1135747.0,104.46,24456 
2762,2016-03-24,1135747.0,104.46,24456 
2761,2016-03-23,1135747.0,104.46,24456 
2760,2016-03-22,1135747.0,104.46,24456 
2759,2016-03-21,1135747.0,104.46,24456 
2756,2016-03-18,1135747.0,104.46,24456 
2755,2016-03-17,1135747.0,104.46,24456 
2754,2016-03-16,1135747.0,104.46,24456 
2753,2016-03-15,1135747.0,104.46,24456 
2752,2016-03-14,1135747.0,104.46,24456 
2749,2016-03-11,1135747.0,104.46,24456 
2748,2016-03-10,1135747.0,104.46,24456 
2747,2016-03-09,1135747.0,104.46,24456 
2746,2016-03-08,1135747.0,104.46,24456 
2745,2016-03-07,1135747.0,104.46,24456 
2742,2016-03-04,1135747.0,104.46,24456 
2741,2016-03-03,1135747.0,104.46,24456 
2740,2016-03-02,1135747.0,104.46,24456 
2739,2016-03-01,1135747.0,104.46,24456 
2737,2016-04-29,1121944.0,103.19,24159 
2736,2016-04-28,1121944.0,103.19,24159 
2735,2016-04-27,1121944.0,103.19,24159 
2734,2016-04-26,1121944.0,103.19,24159 
2733,2016-04-25,1121944.0,103.19,24159 
2730,2016-04-22,1121944.0,103.19,24159 
2729,2016-04-21,1121944.0,103.19,24159 
2728,2016-04-20,1121944.0,103.19,24159 
2727,2016-04-19,1121944.0,103.19,24159 
2726,2016-04-18,1121944.0,103.19,24159 
2723,2016-04-15,1121944.0,103.19,24159 
2722,2016-04-14,1121944.0,103.19,24159 
2721,2016-04-13,1121944.0,103.19,24159 
2720,2016-04-12,1121944.0,103.19,24159 
2719,2016-04-11,1121944.0,103.19,24159 
2716,2016-04-08,1121944.0,103.19,24159 
2715,2016-04-07,1121944.0,103.19,24159 
2714,2016-04-06,1121944.0,103.19,24159 
2713,2016-04-05,1121944.0,103.19,24159 
2712,2016-04-04,1121944.0,103.19,24159 
2709,2016-04-01,1121944.0,103.19,24159 
2708,2016-05-31,1125627.0,103.53,24238 
2707,2016-05-30,1125627.0,103.53,24238 
2704,2016-05-27,1125627.0,103.53,24238 
2703,2016-05-26,1125627.0,103.53,24238 
2702,2016-05-25,1125627.0,103.53,24238 
2701,2016-05-24,1125627.0,103.53,24238 
2700,2016-05-23,1125627.0,103.53,24238 
2697,2016-05-20,1125627.0,103.53,24238 
2696,2016-05-19,1125627.0,103.53,24238 
2695,2016-05-18,1125627.0,103.53,24238 
2694,2016-05-17,1125627.0,103.53,24238 
2693,2016-05-16,1125627.0,103.53,24238 
2690,2016-05-13,1125627.0,103.53,24238 
2689,2016-05-12,1125627.0,103.53,24238 
2688,2016-05-11,1125627.0,103.53,24238 
2687,2016-05-10,1125627.0,103.53,24238 
2686,2016-05-09,1125627.0,103.53,24238 
2683,2016-05-06,1125627.0,103.53,24238 
2682,2016-05-05,1125627.0,103.53,24238 
2681,2016-05-04,1125627.0,103.53,24238 
2680,2016-05-03,1125627.0,103.53,24238 
2679,2016-05-02,1125627.0,103.53,24238 
2677,2016-06-30,1144690.0,104.46,24644 
2676,2016-06-29,1144690.0,104.46,24644 
2675,2016-06-28,1144690.0,104.46,24644 
2674,2016-06-27,1144690.0,104.46,24644 
2671,2016-06-24,1144690.0,104.46,24644 
2670,2016-06-23,1144690.0,104.46,24644 
2669,2016-06-22,1144690.0,104.46,24644 
2668,2016-06-21,1144690.0,104.46,24644 
2667,2016-06-20,1144690.0,104.46,24644 
2664,2016-06-17,1144690.0,104.46,24644 
2663,2016-06-16,1144690.0,104.46,24644 
2662,2016-06-15,1144690.0,104.46,24644 
2661,2016-06-14,1144690.0,104.46,24644 
2660,2016-06-13,1144690.0,104.46,24644 
2657,2016-06-10,1144690.0,104.46,24644 
2656,2016-06-09,1144690.0,104.46,24644 
2655,2016-06-08,1144690.0,104.46,24644 
2654,2016-06-07,1144690.0,104.46,24644 
2653,2016-06-06,1144690.0,104.46,24644 
2650,2016-06-03,1144690.0,104.46,24644 
2649,2016-06-02,1144690.0,104.46,24644 
2648,2016-06-01,1144690.0,104.46,24644 
2645,2016-07-29,1140638.0,104.09,24556 
2644,2016-07-28,1140638.0,104.09,24556 
2643,2016-07-27,1140638.0,104.09,24556 
2642,2016-07-26,1140638.0,104.09,24556 
2641,2016-07-25,1140638.0,104.09,24556 
2638,2016-07-22,1140638.0,104.09,24556 
2637,2016-07-21,1140638.0,104.09,24556 
2636,2016-07-20,1140638.0,104.09,24556 
2635,2016-07-19,1140638.0,104.09,24556 
2634,2016-07-18,1140638.0,104.09,24556 
2631,2016-07-15,1140638.0,104.09,24556 
2630,2016-07-14,1140638.0,104.09,24556 
2629,2016-07-13,1140638.0,104.09,24556 
2628,2016-07-12,1140638.0,104.09,24556 
2627,2016-07-11,1140638.0,104.09,24556 
2624,2016-07-08,1140638.0,104.09,24556 
2623,2016-07-07,1140638.0,104.09,24556 
2622,2016-07-06,1140638.0,104.09,24556 
2621,2016-07-05,1140638.0,104.09,24556 
2620,2016-07-04,1140638.0,104.09,24556 
2617,2016-07-01,1140638.0,104.09,24556 
2616,2016-08-31,1141420.0,104.16,24573 
2615,2016-08-30,1141420.0,104.16,24573 
2614,2016-08-29,1141420.0,104.16,24573 
2611,2016-08-26,1141420.0,104.16,24573 
2610,2016-08-25,1141420.0,104.16,24573 
2609,2016-08-24,1141420.0,104.16,24573 
2608,2016-08-23,1141420.0,104.16,24573 
2607,2016-08-22,1141420.0,104.16,24573 
2604,2016-08-19,1141420.0,104.16,24573 
2603,2016-08-18,1141420.0,104.16,24573 
2602,2016-08-17,1141420.0,104.16,24573 
2601,2016-08-16,1141420.0,104.16,24573 
2600,2016-08-15,1141420.0,104.16,24573 
2597,2016-08-12,1141420.0,104.16,24573 
2596,2016-08-11,1141420.0,104.16,24573 
2595,2016-08-10,1141420.0,104.16,24573 
2594,2016-08-09,1141420.0,104.16,24573 
2593,2016-08-08,1141420.0,104.16,24573 
2590,2016-08-05,1141420.0,104.16,24573 
2589,2016-08-04,1141420.0,104.16,24573 
2588,2016-08-03,1141420.0,104.16,24573 
2587,2016-08-02,1141420.0,104.16,24573 
2586,2016-08-01,1141420.0,104.16,24573 
2585,2016-09-30,1146320.0,103.7,24679 
2584,2016-09-29,1146320.0,103.7,24679 
2583,2016-09-28,1146320.0,103.7,24679 
2582,2016-09-27,1146320.0,103.7,24679 
2581,2016-09-26,1146320.0,103.7,24679 
2578,2016-09-23,1146320.0,103.7,24679 
2577,2016-09-22,1146320.0,103.7,24679 
2576,2016-09-21,1146320.0,103.7,24679 
2575,2016-09-20,1146320.0,103.7,24679 
2574,2016-09-19,1146320.0,103.7,24679 
2571,2016-09-16,1146320.0,103.7,24679 
2570,2016-09-15,1146320.0,103.7,24679 
2569,2016-09-14,1146320.0,103.7,24679 
2568,2016-09-13,1146320.0,103.7,24679 
2567,2016-09-12,1146320.0,103.7,24679 
2564,2016-09-09,1146320.0,103.7,24679 
2563,2016-09-08,1146320.0,103.7,24679 
2562,2016-09-07,1146320.0,103.7,24679 
2561,2016-09-06,1146320.0,103.7,24679 
2560,2016-09-05,1146320.0,103.7,24679 
2557,2016-09-02,1146320.0,103.7,24679 
2556,2016-09-01,1146320.0,103.7,24679 
2555,2016-10-31,1143757.0,103.47,24623 
2552,2016-10-28,1143757.0,103.47,24623 
2551,2016-10-27,1143757.0,103.47,24623 
2550,2016-10-26,1143757.0,103.47,24623 
2549,2016-10-25,1143757.0,103.47,24623 
2548,2016-10-24,1143757.0,103.47,24623 
2545,2016-10-21,1143757.0,103.47,24623 
2544,2016-10-20,1143757.0,103.47,24623 
2543,2016-10-19,1143757.0,103.47,24623 
2542,2016-10-18,1143757.0,103.47,24623 
2541,2016-10-17,1143757.0,103.47,24623 
2538,2016-10-14,1143757.0,103.47,24623 
2537,2016-10-13,1143757.0,103.47,24623 
2536,2016-10-12,1143757.0,103.47,24623 
2535,2016-10-11,1143757.0,103.47,24623 
2534,2016-10-10,1143757.0,103.47,24623 
2531,2016-10-07,1143757.0,103.47,24623 
2530,2016-10-06,1143757.0,103.47,24623 
2529,2016-10-05,1143757.0,103.47,24623 
2528,2016-10-04,1143757.0,103.47,24623 
2527,2016-10-03,1143757.0,103.47,24623 
2524,2016-11-30,1138362.0,102.98,24507 
2523,2016-11-29,1138362.0,102.98,24507 
2522,2016-11-28,1138362.0,102.98,24507 
2519,2016-11-25,1138362.0,102.98,24507 
2518,2016-11-24,1138362.0,102.98,24507 
2517,2016-11-23,1138362.0,102.98,24507 
2516,2016-11-22,1138362.0,102.98,24507 
2515,2016-11-21,1138362.0,102.98,24507 
2512,2016-11-18,1138362.0,102.98,24507 
2511,2016-11-17,1138362.0,102.98,24507 
2510,2016-11-16,1138362.0,102.98,24507 
2509,2016-11-15,1138362.0,102.98,24507 
2508,2016-11-14,1138362.0,102.98,24507 
2505,2016-11-11,1138362.0,102.98,24507 
2504,2016-11-10,1138362.0,102.98,24507 
2503,2016-11-09,1138362.0,102.98,24507 
2502,2016-11-08,1138362.0,102.98,24507 
2501,2016-11-07,1138362.0,102.98,24507 
2498,2016-11-04,1138362.0,102.98,24507 
2497,2016-11-03,1138362.0,102.98,24507 
2496,2016-11-02,1138362.0,102.98,24507 
2495,2016-11-01,1138362.0,102.98,24507 
2493,2016-12-30,1145050.0,102.75,24610 
2492,2016-12-29,1145050.0,102.75,24610 
2491,2016-12-28,1145050.0,102.75,24610 
2490,2016-12-27,1145050.0,102.75,24610 
2486,2016-12-23,1145050.0,102.75,24610 
2485,2016-12-22,1145050.0,102.75,24610 
2484,2016-12-21,1145050.0,102.75,24610 
2483,2016-12-20,1145050.0,102.75,24610 
2482,2016-12-19,1145050.0,102.75,24610 
2479,2016-12-16,1145050.0,102.75,24610 
2478,2016-12-15,1145050.0,102.75,24610 
2477,2016-12-14,1145050.0,102.75,24610 
2476,2016-12-13,1145050.0,102.75,24610 
2475,2016-12-12,1145050.0,102.75,24610 
2472,2016-12-09,1145050.0,102.75,24610 
2471,2016-12-08,1145050.0,102.75,24610 
2470,2016-12-07,1145050.0,102.75,24610 
2469,2016-12-06,1145050.0,102.75,24610 
2468,2016-12-05,1145050.0,102.75,24610 
2465,2016-12-02,1145050.0,102.75,24610 
2464,2016-12-01,1145050.0,102.75,24610 
2463,2017-01-31,1152691.0,103.43,24775 
2462,2017-01-30,1152691.0,103.43,24775 
2459,2017-01-27,1152691.0,103.43,24775 
2458,2017-01-26,1152691.0,103.43,24775 
2457,2017-01-25,1152691.0,103.43,24775 
2456,2017-01-24,1152691.0,103.43,24775 
2455,2017-01-23,1152691.0,103.43,24775 
2452,2017-01-20,1152691.0,103.43,24775 
2451,2017-01-19,1152691.0,103.43,24775 
2450,2017-01-18,1152691.0,103.43,24775 
2449,2017-01-17,1152691.0,103.43,24775 
2448,2017-01-16,1152691.0,103.43,24775 
2445,2017-01-13,1152691.0,103.43,24775 
2444,2017-01-12,1152691.0,103.43,24775 
2443,2017-01-11,1152691.0,103.43,24775 
2442,2017-01-10,1152691.0,103.43,24775 
2441,2017-01-09,1152691.0,103.43,24775 
2438,2017-01-06,1152691.0,103.43,24775 
2437,2017-01-05,1152691.0,103.43,24775 
2436,2017-01-04,1152691.0,103.43,24775 
2435,2017-01-03,1152691.0,103.43,24775 
2432,2017-02-28,1155567.0,103.69,24836 
2431,2017-02-27,1155567.0,103.69,24836 
2428,2017-02-24,1155567.0,103.69,24836 
2427,2017-02-23,1155567.0,103.69,24836 
2426,2017-02-22,1155567.0,103.69,24836 
2425,2017-02-21,1155567.0,103.69,24836 
2424,2017-02-20,1155567.0,103.69,24836 
2421,2017-02-17,1155567.0,103.69,24836 
2420,2017-02-16,1155567.0,103.69,24836 
2419,2017-02-15,1155567.0,103.69,24836 
2418,2017-02-14,1155567.0,103.69,24836 
2417,2017-02-13,1155567.0,103.69,24836 
2414,2017-02-10,1155567.0,103.69,24836 
2413,2017-02-09,1155567.0,103.69,24836 
2412,2017-02-08,1155567.0,103.69,24836 
2411,2017-02-07,1155567.0,103.69,24836 
2410,2017-02-06,1155567.0,103.69,24836 
2407,2017-02-03,1155567.0,103.69,24836 
2406,2017-02-02,1155567.0,103.69,24836 
2405,2017-02-01,1155567.0,103.69,24836 
2404,2017-03-31,1165853.0,103.61,25058 
2403,2017-03-30,1165853.0,103.61,25058 
2402,2017-03-29,1165853.0,103.61,25058 
2401,2017-03-28,1165853.0,103.61,25058 
2400,2017-03-27,1165853.0,103.61,25058 
2397,2017-03-24,1165853.0,103.61,25058 
2396,2017-03-23,1165853.0,103.61,25058 
2395,2017-03-22,1165853.0,103.61,25058 
2394,2017-03-21,1165853.0,103.61,25058 
2393,2017-03-20,1165853.0,103.61,25058 
2390,2017-03-17,1165853.0,103.61,25058 
2389,2017-03-16,1165853.0,103.61,25058 
2388,2017-03-15,1165853.0,103.61,25058 
2387,2017-03-14,1165853.0,103.61,25058 
2386,2017-03-13,1165853.0,103.61,25058 
2383,2017-03-10,1165853.0,103.61,25058 
2382,2017-03-09,1165853.0,103.61,25058 
2381,2017-03-08,1165853.0,103.61,25058 
2380,2017-03-07,1165853.0,103.61,25058 
2379,2017-03-06,1165853.0,103.61,25058 
2376,2017-03-03,1165853.0,103.61,25058 
2375,2017-03-02,1165853.0,103.61,25058 
2374,2017-03-01,1165853.0,103.61,25058 
2371,2017-04-28,1154257.0,102.58,24808 
2370,2017-04-27,1154257.0,102.58,24808 
2369,2017-04-26,1154257.0,102.58,24808 
2368,2017-04-25,1154257.0,102.58,24808 
2367,2017-04-24,1154257.0,102.58,24808 
2364,2017-04-21,1154257.0,102.58,24808 
2363,2017-04-20,1154257.0,102.58,24808 
2362,2017-04-19,1154257.0,102.58,24808 
2361,2017-04-18,1154257.0,102.58,24808 
2356,2017-04-13,1154257.0,102.58,24808 
2355,2017-04-12,1154257.0,102.58,24808 
2354,2017-04-11,1154257.0,102.58,24808 
2353,2017-04-10,1154257.0,102.58,24808 
2350,2017-04-07,1154257.0,102.58,24808 
2349,2017-04-06,1154257.0,102.58,24808 
2348,2017-04-05,1154257.0,102.58,24808 
2347,2017-04-04,1154257.0,102.58,24808 
2346,2017-04-03,1154257.0,102.58,24808 
2343,2017-05-31,1164583.0,103.49,25030 
2342,2017-05-30,1164583.0,103.49,25030 
2341,2017-05-29,1164583.0,103.49,25030 
2338,2017-05-26,1164583.0,103.49,25030 
2337,2017-05-25,1164583.0,103.49,25030 
2336,2017-05-24,1164583.0,103.49,25030 
2335,2017-05-23,1164583.0,103.49,25030 
2334,2017-05-22,1164583.0,103.49,25030 
2331,2017-05-19,1164583.0,103.49,25030 
2330,2017-05-18,1164583.0,103.49,25030 
2329,2017-05-17,1164583.0,103.49,25030 
2328,2017-05-16,1164583.0,103.49,25030 
2327,2017-05-15,1164583.0,103.49,25030 
2324,2017-05-12,1164583.0,103.49,25030 
2323,2017-05-11,1164583.0,103.49,25030 
2322,2017-05-10,1164583.0,103.49,25030 
2321,2017-05-09,1164583.0,103.49,25030 
2320,2017-05-08,1164583.0,103.49,25030 
2317,2017-05-05,1164583.0,103.49,25030 
2316,2017-05-04,1164583.0,103.49,25030 
2315,2017-05-03,1164583.0,103.49,25030 
2314,2017-05-02,1164583.0,103.49,25030 
2312,2017-06-30,1174893.0,103.24,25249 
2311,2017-06-29,1174893.0,103.24,25249 
2310,2017-06-28,1174893.0,103.24,25249 
2309,2017-06-27,1174893.0,103.24,25249 
2308,2017-06-26,1174893.0,103.24,25249 
2305,2017-06-23,1174893.0,103.24,25249 
2304,2017-06-22,1174893.0,103.24,25249 
2303,2017-06-21,1174893.0,103.24,25249 
2302,2017-06-20,1174893.0,103.24,25249 
2301,2017-06-19,1174893.0,103.24,25249 
2298,2017-06-16,1174893.0,103.24,25249 
2297,2017-06-15,1174893.0,103.24,25249 
2296,2017-06-14,1174893.0,103.24,25249 
2295,2017-06-13,1174893.0,103.24,25249 
2294,2017-06-12,1174893.0,103.24,25249 
2291,2017-06-09,1174893.0,103.24,25249 
2290,2017-06-08,1174893.0,103.24,25249 
2289,2017-06-07,1174893.0,103.24,25249 
2288,2017-06-06,1174893.0,103.24,25249 
2287,2017-06-05,1174893.0,103.24,25249 
2284,2017-06-02,1174893.0,103.24,25249 
2283,2017-06-01,1174893.0,103.24,25249 
2282,2017-07-31,1170391.0,102.85,25152 
2279,2017-07-28,1170391.0,102.85,25152 
2278,2017-07-27,1170391.0,102.85,25152 
2277,2017-07-26,1170391.0,102.85,25152 
2276,2017-07-25,1170391.0,102.85,25152 
2275,2017-07-24,1170391.0,102.85,25152 
2272,2017-07-21,1170391.0,102.85,25152 
2271,2017-07-20,1170391.0,102.85,25152 
2270,2017-07-19,1170391.0,102.85,25152 
2269,2017-07-18,1170391.0,102.85,25152 
2268,2017-07-17,1170391.0,102.85,25152 
2265,2017-07-14,1170391.0,102.85,25152 
2264,2017-07-13,1170391.0,102.85,25152 
2263,2017-07-12,1170391.0,102.85,25152 
2262,2017-07-11,1170391.0,102.85,25152 
2261,2017-07-10,1170391.0,102.85,25152 
2258,2017-07-07,1170391.0,102.85,25152 
2257,2017-07-06,1170391.0,102.85,25152 
2256,2017-07-05,1170391.0,102.85,25152 
2255,2017-07-04,1170391.0,102.85,25152 
2254,2017-07-03,1170391.0,102.85,25152 
2251,2017-08-31,1169509.0,102.77,25133 
2250,2017-08-30,1169509.0,102.77,25133 
2249,2017-08-29,1169509.0,102.77,25133 
2248,2017-08-28,1169509.0,102.77,25133 
2245,2017-08-25,1169509.0,102.77,25133 
2244,2017-08-24,1169509.0,102.77,25133 
2243,2017-08-23,1169509.0,102.77,25133 
2242,2017-08-22,1169509.0,102.77,25133 
2241,2017-08-21,1169509.0,102.77,25133 
2238,2017-08-18,1169509.0,102.77,25133 
2237,2017-08-17,1169509.0,102.77,25133 
2236,2017-08-16,1169509.0,102.77,25133 
2235,2017-08-15,1169509.0,102.77,25133 
2234,2017-08-14,1169509.0,102.77,25133 
2231,2017-08-11,1169509.0,102.77,25133 
2230,2017-08-10,1169509.0,102.77,25133 
2229,2017-08-09,1169509.0,102.77,25133 
2228,2017-08-08,1169509.0,102.77,25133 
2227,2017-08-07,1169509.0,102.77,25133 
2224,2017-08-04,1169509.0,102.77,25133 
2223,2017-08-03,1169509.0,102.77,25133 
2222,2017-08-02,1169509.0,102.77,25133 
2221,2017-08-01,1169509.0,102.77,25133 
2219,2017-09-29,1176715.0,102.41,25288 
2218,2017-09-28,1176715.0,102.41,25288 
2217,2017-09-27,1176715.0,102.41,25288 
2216,2017-09-26,1176715.0,102.41,25288 
2215,2017-09-25,1176715.0,102.41,25288 
2212,2017-09-22,1176715.0,102.41,25288 
2211,2017-09-21,1176715.0,102.41,25288 
2210,2017-09-20,1176715.0,102.41,25288 
2209,2017-09-19,1176715.0,102.41,25288 
2208,2017-09-18,1176715.0,102.41,25288 
2205,2017-09-15,1176715.0,102.41,25288 
2204,2017-09-14,1176715.0,102.41,25288 
2203,2017-09-13,1176715.0,102.41,25288 
2202,2017-09-12,1176715.0,102.41,25288 
2201,2017-09-11,1176715.0,102.41,25288 
2198,2017-09-08,1176715.0,102.41,25288 
2197,2017-09-07,1176715.0,102.41,25288 
2196,2017-09-06,1176715.0,102.41,25288 
2195,2017-09-05,1176715.0,102.41,25288 
2194,2017-09-04,1176715.0,102.41,25288 
2191,2017-09-01,1176715.0,102.41,25288 
2190,2017-10-31,1170094.0,101.84,25146 
2189,2017-10-30,1170094.0,101.84,25146 
2186,2017-10-27,1170094.0,101.84,25146 
2185,2017-10-26,1170094.0,101.84,25146 
2184,2017-10-25,1170094.0,101.84,25146 
2183,2017-10-24,1170094.0,101.84,25146 
2182,2017-10-23,1170094.0,101.84,25146 
2179,2017-10-20,1170094.0,101.84,25146 
2178,2017-10-19,1170094.0,101.84,25146 
2177,2017-10-18,1170094.0,101.84,25146 
2176,2017-10-17,1170094.0,101.84,25146 
2175,2017-10-16,1170094.0,101.84,25146 
2172,2017-10-13,1170094.0,101.84,25146 
2171,2017-10-12,1170094.0,101.84,25146 
2170,2017-10-11,1170094.0,101.84,25146 
2169,2017-10-10,1170094.0,101.84,25146 
2168,2017-10-09,1170094.0,101.84,25146 
2165,2017-10-06,1170094.0,101.84,25146 
2164,2017-10-05,1170094.0,101.84,25146 
2163,2017-10-04,1170094.0,101.84,25146 
2162,2017-10-03,1170094.0,101.84,25146 
2161,2017-10-02,1170094.0,101.84,25146 
2159,2017-11-30,1179044.0,102.61,25338 
2158,2017-11-29,1179044.0,102.61,25338 
2157,2017-11-28,1179044.0,102.61,25338 
2156,2017-11-27,1179044.0,102.61,25338 
2153,2017-11-24,1179044.0,102.61,25338 
2152,2017-11-23,1179044.0,102.61,25338 
2151,2017-11-22,1179044.0,102.61,25338 
2150,2017-11-21,1179044.0,102.61,25338 
2149,2017-11-20,1179044.0,102.61,25338 
2146,2017-11-17,1179044.0,102.61,25338 
2145,2017-11-16,1179044.0,102.61,25338 
2144,2017-11-15,1179044.0,102.61,25338 
2143,2017-11-14,1179044.0,102.61,25338 
2142,2017-11-13,1179044.0,102.61,25338 
2139,2017-11-10,1179044.0,102.61,25338 
2138,2017-11-09,1179044.0,102.61,25338 
2137,2017-11-08,1179044.0,102.61,25338 
2136,2017-11-07,1179044.0,102.61,25338 
2135,2017-11-06,1179044.0,102.61,25338 
2132,2017-11-03,1179044.0,102.61,25338 
2131,2017-11-02,1179044.0,102.61,25338 
2130,2017-11-01,1179044.0,102.61,25338 
2127,2017-12-29,1183412.0,101.8,25363 
2126,2017-12-28,1183412.0,101.8,25363 
2125,2017-12-27,1183412.0,101.8,25363 
2120,2017-12-22,1183412.0,101.8,25363 
2119,2017-12-21,1183412.0,101.8,25363 
2118,2017-12-20,1183412.0,101.8,25363 
2117,2017-12-19,1183412.0,101.8,25363 
2116,2017-12-18,1183412.0,101.8,25363 
2113,2017-12-15,1183412.0,101.8,25363 
2112,2017-12-14,1183412.0,101.8,25363 
2111,2017-12-13,1183412.0,101.8,25363 
2110,2017-12-12,1183412.0,101.8,25363 
2109,2017-12-11,1183412.0,101.8,25363 
2106,2017-12-08,1183412.0,101.8,25363 
2105,2017-12-07,1183412.0,101.8,25363 
2104,2017-12-06,1183412.0,101.8,25363 
2103,2017-12-05,1183412.0,101.8,25363 
2102,2017-12-04,1183412.0,101.8,25363 
2099,2017-12-01,1183412.0,101.8,25363 
2098,2018-01-31,1184350.0,101.88,25383 
2097,2018-01-30,1184350.0,101.88,25383 
2096,2018-01-29,1184350.0,101.88,25383 
2093,2018-01-26,1184350.0,101.88,25383 
2092,2018-01-25,1184350.0,101.88,25383 
2091,2018-01-24,1184350.0,101.88,25383 
2090,2018-01-23,1184350.0,101.88,25383 
2089,2018-01-22,1184350.0,101.88,25383 
2086,2018-01-19,1184350.0,101.88,25383 
2085,2018-01-18,1184350.0,101.88,25383 
2084,2018-01-17,1184350.0,101.88,25383 
2083,2018-01-16,1184350.0,101.88,25383 
2082,2018-01-15,1184350.0,101.88,25383 
2079,2018-01-12,1184350.0,101.88,25383 
2078,2018-01-11,1184350.0,101.88,25383 
2077,2018-01-10,1184350.0,101.88,25383 
2076,2018-01-09,1184350.0,101.88,25383 
2075,2018-01-08,1184350.0,101.88,25383 
2072,2018-01-05,1184350.0,101.88,25383 
2071,2018-01-04,1184350.0,101.88,25383 
2070,2018-01-03,1184350.0,101.88,25383 
2069,2018-01-02,1184350.0,101.88,25383 
2067,2018-02-28,1196175.0,102.9,25637 
2066,2018-02-27,1196175.0,102.9,25637 
2065,2018-02-26,1196175.0,102.9,25637 
2062,2018-02-23,1196175.0,102.9,25637 
2061,2018-02-22,1196175.0,102.9,25637 
2060,2018-02-21,1196175.0,102.9,25637 
2059,2018-02-20,1196175.0,102.9,25637 
2058,2018-02-19,1196175.0,102.9,25637 
2055,2018-02-16,1196175.0,102.9,25637 
2054,2018-02-15,1196175.0,102.9,25637 
2053,2018-02-14,1196175.0,102.9,25637 
2052,2018-02-13,1196175.0,102.9,25637 
2051,2018-02-12,1196175.0,102.9,25637 
2048,2018-02-09,1196175.0,102.9,25637 
2047,2018-02-08,1196175.0,102.9,25637 
2046,2018-02-07,1196175.0,102.9,25637 
2045,2018-02-06,1196175.0,102.9,25637 
2044,2018-02-05,1196175.0,102.9,25637 
2041,2018-02-02,1196175.0,102.9,25637 
2040,2018-02-01,1196175.0,102.9,25637 
2037,2018-03-29,1199832.0,102.29,25715 
2036,2018-03-28,1199832.0,102.29,25715 
2035,2018-03-27,1199832.0,102.29,25715 
2034,2018-03-26,1199832.0,102.29,25715 
2031,2018-03-23,1199832.0,102.29,25715 
2030,2018-03-22,1199832.0,102.29,25715 
2029,2018-03-21,1199832.0,102.29,25715 
2028,2018-03-20,1199832.0,102.29,25715 
2027,2018-03-19,1199832.0,102.29,25715 
2024,2018-03-16,1199832.0,102.29,25715 
2023,2018-03-15,1199832.0,102.29,25715 
2022,2018-03-14,1199832.0,102.29,25715 
2021,2018-03-13,1199832.0,102.29,25715 
2020,2018-03-12,1199832.0,102.29,25715 
2017,2018-03-09,1199832.0,102.29,25715 
2016,2018-03-08,1199832.0,102.29,25715 
2015,2018-03-07,1199832.0,102.29,25715 
2014,2018-03-06,1199832.0,102.29,25715 
2013,2018-03-05,1199832.0,102.29,25715 
2010,2018-03-02,1199832.0,102.29,25715 
2009,2018-03-01,1199832.0,102.29,25715 
2008,2018-04-30,1190220.0,101.47,25509 
2005,2018-04-27,1190220.0,101.47,25509 
2004,2018-04-26,1190220.0,101.47,25509 
2003,2018-04-25,1190220.0,101.47,25509 
2002,2018-04-24,1190220.0,101.47,25509 
2001,2018-04-23,1190220.0,101.47,25509 
1998,2018-04-20,1190220.0,101.47,25509 
1997,2018-04-19,1190220.0,101.47,25509 
1996,2018-04-18,1190220.0,101.47,25509 
1995,2018-04-17,1190220.0,101.47,25509 
1994,2018-04-16,1190220.0,101.47,25509 
1991,2018-04-13,1190220.0,101.47,25509 
1990,2018-04-12,1190220.0,101.47,25509 
1989,2018-04-11,1190220.0,101.47,25509 
1988,2018-04-10,1190220.0,101.47,25509 
1987,2018-04-09,1190220.0,101.47,25509 
1984,2018-04-06,1190220.0,101.47,25509 
1983,2018-04-05,1190220.0,101.47,25509 
1982,2018-04-04,1190220.0,101.47,25509 
1981,2018-04-03,1190220.0,101.47,25509 
1978,2018-05-31,1194787.0,101.86,25607 
1977,2018-05-30,1194787.0,101.86,25607 
1976,2018-05-29,1194787.0,101.86,25607 
1975,2018-05-28,1194787.0,101.86,25607 
1972,2018-05-25,1194787.0,101.86,25607 
1971,2018-05-24,1194787.0,101.86,25607 
1970,2018-05-23,1194787.0,101.86,25607 
1969,2018-05-22,1194787.0,101.86,25607 
1968,2018-05-21,1194787.0,101.86,25607 
1965,2018-05-18,1194787.0,101.86,25607 
1964,2018-05-17,1194787.0,101.86,25607 
1963,2018-05-16,1194787.0,101.86,25607 
1962,2018-05-15,1194787.0,101.86,25607 
1961,2018-05-14,1194787.0,101.86,25607 
1958,2018-05-11,1194787.0,101.86,25607 
1957,2018-05-10,1194787.0,101.86,25607 
1956,2018-05-09,1194787.0,101.86,25607 
1955,2018-05-08,1194787.0,101.86,25607 
1954,2018-05-07,1194787.0,101.86,25607 
1951,2018-05-04,1194787.0,101.86,25607 
1950,2018-05-03,1194787.0,101.86,25607 
1949,2018-05-02,1194787.0,101.86,25607 
1946,2018-06-29,1202859.0,101.69,25741 
1945,2018-06-28,1202859.0,101.69,25741 
1944,2018-06-27,1202859.0,101.69,25741 
1943,2018-06-26,1202859.0,101.69,25741 
1942,2018-06-25,1202859.0,101.69,25741 
1939,2018-06-22,1202859.0,101.69,25741 
1938,2018-06-21,1202859.0,101.69,25741 
1937,2018-06-20,1202859.0,101.69,25741 
1936,2018-06-19,1202859.0,101.69,25741 
1935,2018-06-18,1202859.0,101.69,25741 
1932,2018-06-15,1202859.0,101.69,25741 
1931,2018-06-14,1202859.0,101.69,25741 
1930,2018-06-13,1202859.0,101.69,25741 
1929,2018-06-12,1202859.0,101.69,25741 
1928,2018-06-11,1202859.0,101.69,25741 
1925,2018-06-08,1202859.0,101.69,25741 
1924,2018-06-07,1202859.0,101.69,25741 
1923,2018-06-06,1202859.0,101.69,25741 
1922,2018-06-05,1202859.0,101.69,25741 
1921,2018-06-04,1202859.0,101.69,25741 
1918,2018-06-01,1202859.0,101.69,25741 
1917,2018-07-31,1199667.0,101.42,25673 
1916,2018-07-30,1199667.0,101.42,25673 
1913,2018-07-27,1199667.0,101.42,25673 
1912,2018-07-26,1199667.0,101.42,25673 
1911,2018-07-25,1199667.0,101.42,25673 
1910,2018-07-24,1199667.0,101.42,25673 
1909,2018-07-23,1199667.0,101.42,25673 
1906,2018-07-20,1199667.0,101.42,25673 
1905,2018-07-19,1199667.0,101.42,25673 
1904,2018-07-18,1199667.0,101.42,25673 
1903,2018-07-17,1199667.0,101.42,25673 
1902,2018-07-16,1199667.0,101.42,25673 
1899,2018-07-13,1199667.0,101.42,25673 
1898,2018-07-12,1199667.0,101.42,25673 
1897,2018-07-11,1199667.0,101.42,25673 
1896,2018-07-10,1199667.0,101.42,25673 
1895,2018-07-09,1199667.0,101.42,25673 
1892,2018-07-06,1199667.0,101.42,25673 
1891,2018-07-05,1199667.0,101.42,25673 
1890,2018-07-04,1199667.0,101.42,25673 
1889,2018-07-03,1199667.0,101.42,25673 
1888,2018-07-02,1199667.0,101.42,25673 
1886,2018-08-31,1202009.0,101.62,25723 
1885,2018-08-30,1202009.0,101.62,25723 
1884,2018-08-29,1202009.0,101.62,25723 
1883,2018-08-28,1202009.0,101.62,25723 
1882,2018-08-27,1202009.0,101.62,25723 
1879,2018-08-24,1202009.0,101.62,25723 
1878,2018-08-23,1202009.0,101.62,25723 
1877,2018-08-22,1202009.0,101.62,25723 
1876,2018-08-21,1202009.0,101.62,25723 
1875,2018-08-20,1202009.0,101.62,25723 
1872,2018-08-17,1202009.0,101.62,25723 
1871,2018-08-16,1202009.0,101.62,25723 
1870,2018-08-15,1202009.0,101.62,25723 
1869,2018-08-14,1202009.0,101.62,25723 
1868,2018-08-13,1202009.0,101.62,25723 
1865,2018-08-10,1202009.0,101.62,25723 
1864,2018-08-09,1202009.0,101.62,25723 
1863,2018-08-08,1202009.0,101.62,25723 
1862,2018-08-07,1202009.0,101.62,25723 
1861,2018-08-06,1202009.0,101.62,25723 
1858,2018-08-03,1202009.0,101.62,25723 
1857,2018-08-02,1202009.0,101.62,25723 
1856,2018-08-01,1202009.0,101.62,25723 
1853,2018-09-28,1214636.0,101.76,25993 
1852,2018-09-27,1214636.0,101.76,25993 
1851,2018-09-26,1214636.0,101.76,25993 
1850,2018-09-25,1214636.0,101.76,25993 
1849,2018-09-24,1214636.0,101.76,25993 
1846,2018-09-21,1214636.0,101.76,25993 
1845,2018-09-20,1214636.0,101.76,25993 
1844,2018-09-19,1214636.0,101.76,25993 
1843,2018-09-18,1214636.0,101.76,25993 
1842,2018-09-17,1214636.0,101.76,25993 
1839,2018-09-14,1214636.0,101.76,25993 
1838,2018-09-13,1214636.0,101.76,25993 
1837,2018-09-12,1214636.0,101.76,25993 
1836,2018-09-11,1214636.0,101.76,25993 
1835,2018-09-10,1214636.0,101.76,25993 
1832,2018-09-07,1214636.0,101.76,25993 
1831,2018-09-06,1214636.0,101.76,25993 
1830,2018-09-05,1214636.0,101.76,25993 
1829,2018-09-04,1214636.0,101.76,25993 
1828,2018-09-03,1214636.0,101.76,25993 
1825,2018-10-31,1199985.0,100.54,25680 
1824,2018-10-30,1199985.0,100.54,25680 
1823,2018-10-29,1199985.0,100.54,25680 
1820,2018-10-26,1199985.0,100.54,25680 
1819,2018-10-25,1199985.0,100.54,25680 
1818,2018-10-24,1199985.0,100.54,25680 
1817,2018-10-23,1199985.0,100.54,25680 
1816,2018-10-22,1199985.0,100.54,25680 
1813,2018-10-19,1199985.0,100.54,25680 
1812,2018-10-18,1199985.0,100.54,25680 
1811,2018-10-17,1199985.0,100.54,25680 
1810,2018-10-16,1199985.0,100.54,25680 
1809,2018-10-15,1199985.0,100.54,25680 
1806,2018-10-12,1199985.0,100.54,25680 
1805,2018-10-11,1199985.0,100.54,25680 
1804,2018-10-10,1199985.0,100.54,25680 
1803,2018-10-09,1199985.0,100.54,25680 
1802,2018-10-08,1199985.0,100.54,25680 
1799,2018-10-05,1199985.0,100.54,25680 
1798,2018-10-04,1199985.0,100.54,25680 
1797,2018-10-03,1199985.0,100.54,25680 
1796,2018-10-02,1199985.0,100.54,25680 
1795,2018-10-01,1199985.0,100.54,25680 
1794,2018-11-30,1208939.0,101.29,25871 
1793,2018-11-29,1208939.0,101.29,25871 
1792,2018-11-28,1208939.0,101.29,25871 
1791,2018-11-27,1208939.0,101.29,25871 
1790,2018-11-26,1208939.0,101.29,25871 
1787,2018-11-23,1208939.0,101.29,25871 
1786,2018-11-22,1208939.0,101.29,25871 
1785,2018-11-21,1208939.0,101.29,25871 
1784,2018-11-20,1208939.0,101.29,25871 
1783,2018-11-19,1208939.0,101.29,25871 
1780,2018-11-16,1208939.0,101.29,25871 
1779,2018-11-15,1208939.0,101.29,25871 
1778,2018-11-14,1208939.0,101.29,25871 
1777,2018-11-13,1208939.0,101.29,25871 
1776,2018-11-12,1208939.0,101.29,25871 
1773,2018-11-09,1208939.0,101.29,25871 
1772,2018-11-08,1208939.0,101.29,25871 
1771,2018-11-07,1208939.0,101.29,25871 
1770,2018-11-06,1208939.0,101.29,25871 
1769,2018-11-05,1208939.0,101.29,25871 
1766,2018-11-02,1208939.0,101.29,25871 
1765,2018-11-01,1208939.0,101.29,25871 
1764,2018-12-31,1208861.0,100.42,25755 
1761,2018-12-28,1208861.0,100.42,25755 
1760,2018-12-27,1208861.0,100.42,25755 
1757,2018-12-24,1208861.0,100.42,25755 
1754,2018-12-21,1208861.0,100.42,25755 
1753,2018-12-20,1208861.0,100.42,25755 
1752,2018-12-19,1208861.0,100.42,25755 
1751,2018-12-18,1208861.0,100.42,25755 
1750,2018-12-17,1208861.0,100.42,25755 
1747,2018-12-14,1208861.0,100.42,25755 
1746,2018-12-13,1208861.0,100.42,25755 
1745,2018-12-12,1208861.0,100.42,25755 
1744,2018-12-11,1208861.0,100.42,25755 
1743,2018-12-10,1208861.0,100.42,25755 
1740,2018-12-07,1208861.0,100.42,25755 
1739,2018-12-06,1208861.0,100.42,25755 
1738,2018-12-05,1208861.0,100.42,25755 
1737,2018-12-04,1208861.0,100.42,25755 
1736,2018-12-03,1208861.0,100.42,25755 
1733,2019-01-31,1209797.0,100.49,25775 
1732,2019-01-30,1209797.0,100.49,25775 
1731,2019-01-29,1209797.0,100.49,25775 
1730,2019-01-28,1209797.0,100.49,25775 
1727,2019-01-25,1209797.0,100.49,25775 
1726,2019-01-24,1209797.0,100.49,25775 
1725,2019-01-23,1209797.0,100.49,25775 
1724,2019-01-22,1209797.0,100.49,25775 
1723,2019-01-21,1209797.0,100.49,25775 
1720,2019-01-18,1209797.0,100.49,25775 
1719,2019-01-17,1209797.0,100.49,25775 
1718,2019-01-16,1209797.0,100.49,25775 
1717,2019-01-15,1209797.0,100.49,25775 
1716,2019-01-14,1209797.0,100.49,25775 
1713,2019-01-11,1209797.0,100.49,25775 
1712,2019-01-10,1209797.0,100.49,25775 
1711,2019-01-09,1209797.0,100.49,25775 
1710,2019-01-08,1209797.0,100.49,25775 
1709,2019-01-07,1209797.0,100.49,25775 
1706,2019-01-04,1209797.0,100.49,25775 
1705,2019-01-03,1209797.0,100.49,25775 
1704,2019-01-02,1209797.0,100.49,25775 
1702,2019-02-28,1219632.0,101.31,25984 
1701,2019-02-27,1219632.0,101.31,25984 
1700,2019-02-26,1219632.0,101.31,25984 
1699,2019-02-25,1219632.0,101.31,25984 
1696,2019-02-22,1219632.0,101.31,25984 
1695,2019-02-21,1219632.0,101.31,25984 
1694,2019-02-20,1219632.0,101.31,25984 
1693,2019-02-19,1219632.0,101.31,25984 
1692,2019-02-18,1219632.0,101.31,25984 
1689,2019-02-15,1219632.0,101.31,25984 
1688,2019-02-14,1219632.0,101.31,25984 
1687,2019-02-13,1219632.0,101.31,25984 
1686,2019-02-12,1219632.0,101.31,25984 
1685,2019-02-11,1219632.0,101.31,25984 
1682,2019-02-08,1219632.0,101.31,25984 
1681,2019-02-07,1219632.0,101.31,25984 
1680,2019-02-06,1219632.0,101.31,25984 
1679,2019-02-05,1219632.0,101.31,25984 
1678,2019-02-04,1219632.0,101.31,25984 
1675,2019-02-01,1219632.0,101.31,25984 
1672,2019-03-29,1231635.0,101.24,26240 
1671,2019-03-28,1231635.0,101.24,26240 
1670,2019-03-27,1231635.0,101.24,26240 
1669,2019-03-26,1231635.0,101.24,26240 
1668,2019-03-25,1231635.0,101.24,26240 
1665,2019-03-22,1231635.0,101.24,26240 
1664,2019-03-21,1231635.0,101.24,26240 
1663,2019-03-20,1231635.0,101.24,26240 
1662,2019-03-19,1231635.0,101.24,26240 
1661,2019-03-18,1231635.0,101.24,26240 
1658,2019-03-15,1231635.0,101.24,26240 
1657,2019-03-14,1231635.0,101.24,26240 
1656,2019-03-13,1231635.0,101.24,26240 
1655,2019-03-12,1231635.0,101.24,26240 
1654,2019-03-11,1231635.0,101.24,26240 
1651,2019-03-08,1231635.0,101.24,26240 
1650,2019-03-07,1231635.0,101.24,26240 
1649,2019-03-06,1231635.0,101.24,26240 
1648,2019-03-05,1231635.0,101.24,26240 
1647,2019-03-04,1231635.0,101.24,26240 
1644,2019-03-01,1231635.0,101.24,26240 
1643,2019-04-30,1214968.0,99.87,25885 
1642,2019-04-29,1214968.0,99.87,25885 
1639,2019-04-26,1214968.0,99.87,25885 
1638,2019-04-25,1214968.0,99.87,25885 
1637,2019-04-24,1214968.0,99.87,25885 
1636,2019-04-23,1214968.0,99.87,25885 
1631,2019-04-18,1214968.0,99.87,25885 
1630,2019-04-17,1214968.0,99.87,25885 
1629,2019-04-16,1214968.0,99.87,25885 
1628,2019-04-15,1214968.0,99.87,25885 
1625,2019-04-12,1214968.0,99.87,25885 
1624,2019-04-11,1214968.0,99.87,25885 
1623,2019-04-10,1214968.0,99.87,25885 
1622,2019-04-09,1214968.0,99.87,25885 
1621,2019-04-08,1214968.0,99.87,25885 
1618,2019-04-05,1214968.0,99.87,25885 
1617,2019-04-04,1214968.0,99.87,25885 
1616,2019-04-03,1214968.0,99.87,25885 
1615,2019-04-02,1214968.0,99.87,25885 
1614,2019-04-01,1214968.0,99.87,25885 
1613,2019-05-31,1227132.0,100.87,26144 
1612,2019-05-30,1227132.0,100.87,26144 
1611,2019-05-29,1227132.0,100.87,26144 
1610,2019-05-28,1227132.0,100.87,26144 
1609,2019-05-27,1227132.0,100.87,26144 
1606,2019-05-24,1227132.0,100.87,26144 
1605,2019-05-23,1227132.0,100.87,26144 
1604,2019-05-22,1227132.0,100.87,26144 
1603,2019-05-21,1227132.0,100.87,26144 
1602,2019-05-20,1227132.0,100.87,26144 
1599,2019-05-17,1227132.0,100.87,26144 
1598,2019-05-16,1227132.0,100.87,26144 
1597,2019-05-15,1227132.0,100.87,26144 
1596,2019-05-14,1227132.0,100.87,26144 
1595,2019-05-13,1227132.0,100.87,26144 
1592,2019-05-10,1227132.0,100.87,26144 
1591,2019-05-09,1227132.0,100.87,26144 
1590,2019-05-08,1227132.0,100.87,26144 
1589,2019-05-07,1227132.0,100.87,26144 
1588,2019-05-06,1227132.0,100.87,26144 
1585,2019-05-03,1227132.0,100.87,26144 
1584,2019-05-02,1227132.0,100.87,26144 
1580,2019-06-28,1242270.0,101.24,26372 
1579,2019-06-27,1242270.0,101.24,26372 
1578,2019-06-26,1242270.0,101.24,26372 
1577,2019-06-25,1242270.0,101.24,26372 
1576,2019-06-24,1242270.0,101.24,26372 
1573,2019-06-21,1242270.0,101.24,26372 
1572,2019-06-20,1242270.0,101.24,26372 
1571,2019-06-19,1242270.0,101.24,26372 
1570,2019-06-18,1242270.0,101.24,26372 
1569,2019-06-17,1242270.0,101.24,26372 
1566,2019-06-14,1242270.0,101.24,26372 
1565,2019-06-13,1242270.0,101.24,26372 
1564,2019-06-12,1242270.0,101.24,26372 
1563,2019-06-11,1242270.0,101.24,26372 
1562,2019-06-10,1242270.0,101.24,26372 
1559,2019-06-07,1242270.0,101.24,26372 
1558,2019-06-06,1242270.0,101.24,26372 
1557,2019-06-05,1242270.0,101.24,26372 
1556,2019-06-04,1242270.0,101.24,26372 
1555,2019-06-03,1242270.0,101.24,26372 
1552,2019-07-31,1228604.0,100.12,26082 
1551,2019-07-30,1228604.0,100.12,26082 
1550,2019-07-29,1228604.0,100.12,26082 
1547,2019-07-26,1228604.0,100.12,26082 
1546,2019-07-25,1228604.0,100.12,26082 
1545,2019-07-24,1228604.0,100.12,26082 
1544,2019-07-23,1228604.0,100.12,26082 
1543,2019-07-22,1228604.0,100.12,26082 
1540,2019-07-19,1228604.0,100.12,26082 
1539,2019-07-18,1228604.0,100.12,26082 
1538,2019-07-17,1228604.0,100.12,26082 
1537,2019-07-16,1228604.0,100.12,26082 
1536,2019-07-15,1228604.0,100.12,26082 
1533,2019-07-12,1228604.0,100.12,26082 
1532,2019-07-11,1228604.0,100.12,26082 
1531,2019-07-10,1228604.0,100.12,26082 
1530,2019-07-09,1228604.0,100.12,26082 
1529,2019-07-08,1228604.0,100.12,26082 
1526,2019-07-05,1228604.0,100.12,26082 
1525,2019-07-04,1228604.0,100.12,26082 
1524,2019-07-03,1228604.0,100.12,26082 
1523,2019-07-02,1228604.0,100.12,26082 
1522,2019-07-01,1228604.0,100.12,26082 
1520,2019-08-30,1230985.0,100.32,26133 
1519,2019-08-29,1230985.0,100.32,26133 
1518,2019-08-28,1230985.0,100.32,26133 
1517,2019-08-27,1230985.0,100.32,26133 
1516,2019-08-26,1230985.0,100.32,26133 
1513,2019-08-23,1230985.0,100.32,26133 
1512,2019-08-22,1230985.0,100.32,26133 
1511,2019-08-21,1230985.0,100.32,26133 
1510,2019-08-20,1230985.0,100.32,26133 
1509,2019-08-19,1230985.0,100.32,26133 
1506,2019-08-16,1230985.0,100.32,26133 
1505,2019-08-15,1230985.0,100.32,26133 
1504,2019-08-14,1230985.0,100.32,26133 
1503,2019-08-13,1230985.0,100.32,26133 
1502,2019-08-12,1230985.0,100.32,26133 
1499,2019-08-09,1230985.0,100.32,26133 
1498,2019-08-08,1230985.0,100.32,26133 
1497,2019-08-07,1230985.0,100.32,26133 
1496,2019-08-06,1230985.0,100.32,26133 
1495,2019-08-05,1230985.0,100.32,26133 
1492,2019-08-02,1230985.0,100.32,26133 
1491,2019-08-01,1230985.0,100.32,26133 
1490,2019-09-30,1238656.0,100.18,26295 
1487,2019-09-27,1238656.0,100.18,26295 
1486,2019-09-26,1238656.0,100.18,26295 
1485,2019-09-25,1238656.0,100.18,26295 
1484,2019-09-24,1238656.0,100.18,26295 
1483,2019-09-23,1238656.0,100.18,26295 
1480,2019-09-20,1238656.0,100.18,26295 
1479,2019-09-19,1238656.0,100.18,26295 
1478,2019-09-18,1238656.0,100.18,26295 
1477,2019-09-17,1238656.0,100.18,26295 
1476,2019-09-16,1238656.0,100.18,26295 
1473,2019-09-13,1238656.0,100.18,26295 
1472,2019-09-12,1238656.0,100.18,26295 
1471,2019-09-11,1238656.0,100.18,26295 
1470,2019-09-10,1238656.0,100.18,26295 
1469,2019-09-09,1238656.0,100.18,26295 
1466,2019-09-06,1238656.0,100.18,26295 
1465,2019-09-05,1238656.0,100.18,26295 
1464,2019-09-04,1238656.0,100.18,26295 
1463,2019-09-03,1238656.0,100.18,26295 
1462,2019-09-02,1238656.0,100.18,26295 
1460,2019-10-31,1225812.0,99.14,26023 
1459,2019-10-30,1225812.0,99.14,26023 
1458,2019-10-29,1225812.0,99.14,26023 
1457,2019-10-28,1225812.0,99.14,26023 
1454,2019-10-25,1225812.0,99.14,26023 
1453,2019-10-24,1225812.0,99.14,26023 
1452,2019-10-23,1225812.0,99.14,26023 
1451,2019-10-22,1225812.0,99.14,26023 
1450,2019-10-21,1225812.0,99.14,26023 
1447,2019-10-18,1225812.0,99.14,26023 
1446,2019-10-17,1225812.0,99.14,26023 
1445,2019-10-16,1225812.0,99.14,26023 
1444,2019-10-15,1225812.0,99.14,26023 
1443,2019-10-14,1225812.0,99.14,26023 
1440,2019-10-11,1225812.0,99.14,26023 
1439,2019-10-10,1225812.0,99.14,26023 
1438,2019-10-09,1225812.0,99.14,26023 
1437,2019-10-08,1225812.0,99.14,26023 
1436,2019-10-07,1225812.0,99.14,26023 
1433,2019-10-04,1225812.0,99.14,26023 
1432,2019-10-03,1225812.0,99.14,26023 
1431,2019-10-02,1225812.0,99.14,26023 
1430,2019-10-01,1225812.0,99.14,26023 
1428,2019-11-29,1222820.0,98.9,25959 
1427,2019-11-28,1222820.0,98.9,25959 
1426,2019-11-27,1222820.0,98.9,25959 
1425,2019-11-26,1222820.0,98.9,25959 
1424,2019-11-25,1222820.0,98.9,25959 
1421,2019-11-22,1222820.0,98.9,25959 
1420,2019-11-21,1222820.0,98.9,25959 
1419,2019-11-20,1222820.0,98.9,25959 
1418,2019-11-19,1222820.0,98.9,25959 
1417,2019-11-18,1222820.0,98.9,25959 
1414,2019-11-15,1222820.0,98.9,25959 
1413,2019-11-14,1222820.0,98.9,25959 
1412,2019-11-13,1222820.0,98.9,25959 
1411,2019-11-12,1222820.0,98.9,25959 
1410,2019-11-11,1222820.0,98.9,25959 
1407,2019-11-08,1222820.0,98.9,25959 
1406,2019-11-07,1222820.0,98.9,25959 
1405,2019-11-06,1222820.0,98.9,25959 
1404,2019-11-05,1222820.0,98.9,25959 
1403,2019-11-04,1222820.0,98.9,25959 
1400,2019-11-01,1222820.0,98.9,25959 
1399,2019-12-31,1223355.0,98.22,25846 
1398,2019-12-30,1223355.0,98.22,25846 
1395,2019-12-27,1223355.0,98.22,25846 
1392,2019-12-24,1223355.0,98.22,25846 
1391,2019-12-23,1223355.0,98.22,25846 
1388,2019-12-20,1223355.0,98.22,25846 
1387,2019-12-19,1223355.0,98.22,25846 
1386,2019-12-18,1223355.0,98.22,25846 
1385,2019-12-17,1223355.0,98.22,25846 
1384,2019-12-16,1223355.0,98.22,25846 
1381,2019-12-13,1223355.0,98.22,25846 
1380,2019-12-12,1223355.0,98.22,25846 
1379,2019-12-11,1223355.0,98.22,25846 
1378,2019-12-10,1223355.0,98.22,25846 
1377,2019-12-09,1223355.0,98.22,25846 
1374,2019-12-06,1223355.0,98.22,25846 
1373,2019-12-05,1223355.0,98.22,25846 
1372,2019-12-04,1223355.0,98.22,25846 
1371,2019-12-03,1223355.0,98.22,25846 
1370,2019-12-02,1223355.0,98.22,25846 
1368,2020-01-31,1230352.0,98.78,25994 
1367,2020-01-30,1230352.0,98.78,25994 
1366,2020-01-29,1230352.0,98.78,25994 
1365,2020-01-28,1230352.0,98.78,25994 
1364,2020-01-27,1230352.0,98.78,25994 
1361,2020-01-24,1230352.0,98.78,25994 
1360,2020-01-23,1230352.0,98.78,25994 
1359,2020-01-22,1230352.0,98.78,25994 
1358,2020-01-21,1230352.0,98.78,25994 
1357,2020-01-20,1230352.0,98.78,25994 
1354,2020-01-17,1230352.0,98.78,25994 
1353,2020-01-16,1230352.0,98.78,25994 
1352,2020-01-15,1230352.0,98.78,25994 
1351,2020-01-14,1230352.0,98.78,25994 
1350,2020-01-13,1230352.0,98.78,25994 
1347,2020-01-10,1230352.0,98.78,25994 
1346,2020-01-09,1230352.0,98.78,25994 
1345,2020-01-08,1230352.0,98.78,25994 
1344,2020-01-07,1230352.0,98.78,25994 
1343,2020-01-06,1230352.0,98.78,25994 
1340,2020-01-03,1230352.0,98.78,25994 
1339,2020-01-02,1230352.0,98.78,25994 
1336,2020-02-28,1235938.0,99.23,26112 
1335,2020-02-27,1235938.0,99.23,26112 
1334,2020-02-26,1235938.0,99.23,26112 
1333,2020-02-25,1235938.0,99.23,26112 
1332,2020-02-24,1235938.0,99.23,26112 
1329,2020-02-21,1235938.0,99.23,26112 
1328,2020-02-20,1235938.0,99.23,26112 
1327,2020-02-19,1235938.0,99.23,26112 
1326,2020-02-18,1235938.0,99.23,26112 
1325,2020-02-17,1235938.0,99.23,26112 
1322,2020-02-14,1235938.0,99.23,26112 
1321,2020-02-13,1235938.0,99.23,26112 
1320,2020-02-12,1235938.0,99.23,26112 
1319,2020-02-11,1235938.0,99.23,26112 
1318,2020-02-10,1235938.0,99.23,26112 
1315,2020-02-07,1235938.0,99.23,26112 
1314,2020-02-06,1235938.0,99.23,26112 
1313,2020-02-05,1235938.0,99.23,26112 
1312,2020-02-04,1235938.0,99.23,26112 
1311,2020-02-03,1235938.0,99.23,26112 
1308,2020-03-31,1258745.0,101.95,26594 
1307,2020-03-30,1258745.0,101.95,26594 
1304,2020-03-27,1258745.0,101.95,26594 
1303,2020-03-26,1258745.0,101.95,26594 
1302,2020-03-25,1258745.0,101.95,26594 
1301,2020-03-24,1258745.0,101.95,26594 
1300,2020-03-23,1258745.0,101.95,26594 
1297,2020-03-20,1258745.0,101.95,26594 
1296,2020-03-19,1258745.0,101.95,26594 
1295,2020-03-18,1258745.0,101.95,26594 
1294,2020-03-17,1258745.0,101.95,26594 
1293,2020-03-16,1258745.0,101.95,26594 
1290,2020-03-13,1258745.0,101.95,26594 
1289,2020-03-12,1258745.0,101.95,26594 
1288,2020-03-11,1258745.0,101.95,26594 
1287,2020-03-10,1258745.0,101.95,26594 
1286,2020-03-09,1258745.0,101.95,26594 
1283,2020-03-06,1258745.0,101.95,26594 
1282,2020-03-05,1258745.0,101.95,26594 
1281,2020-03-04,1258745.0,101.95,26594 
1280,2020-03-03,1258745.0,101.95,26594 
1279,2020-03-02,1258745.0,101.95,26594 
1277,2020-04-30,1269679.0,102.83,26825 
1276,2020-04-29,1269679.0,102.83,26825 
1275,2020-04-28,1269679.0,102.83,26825 
1274,2020-04-27,1269679.0,102.83,26825 
1271,2020-04-24,1269679.0,102.83,26825 
1270,2020-04-23,1269679.0,102.83,26825 
1269,2020-04-22,1269679.0,102.83,26825 
1268,2020-04-21,1269679.0,102.83,26825 
1267,2020-04-20,1269679.0,102.83,26825 
1264,2020-04-17,1269679.0,102.83,26825 
1263,2020-04-16,1269679.0,102.83,26825 
1262,2020-04-15,1269679.0,102.83,26825 
1261,2020-04-14,1269679.0,102.83,26825 
1256,2020-04-09,1269679.0,102.83,26825 
1255,2020-04-08,1269679.0,102.83,26825 
1254,2020-04-07,1269679.0,102.83,26825 
1253,2020-04-06,1269679.0,102.83,26825 
1250,2020-04-03,1269679.0,102.83,26825 
1249,2020-04-02,1269679.0,102.83,26825 
1248,2020-04-01,1269679.0,102.83,26825 
1245,2020-05-29,1292802.0,104.7,27313 
1244,2020-05-28,1292802.0,104.7,27313 
1243,2020-05-27,1292802.0,104.7,27313 
1242,2020-05-26,1292802.0,104.7,27313 
1241,2020-05-25,1292802.0,104.7,27313 
1238,2020-05-22,1292802.0,104.7,27313 
1237,2020-05-21,1292802.0,104.7,27313 
1236,2020-05-20,1292802.0,104.7,27313 
1235,2020-05-19,1292802.0,104.7,27313 
1234,2020-05-18,1292802.0,104.7,27313 
1231,2020-05-15,1292802.0,104.7,27313 
1230,2020-05-14,1292802.0,104.7,27313 
1229,2020-05-13,1292802.0,104.7,27313 
1228,2020-05-12,1292802.0,104.7,27313 
1227,2020-05-11,1292802.0,104.7,27313 
1224,2020-05-08,1292802.0,104.7,27313 
1223,2020-05-07,1292802.0,104.7,27313 
1222,2020-05-06,1292802.0,104.7,27313 
1221,2020-05-05,1292802.0,104.7,27313 
1220,2020-05-04,1292802.0,104.7,27313 
1216,2020-06-30,1325134.0,113.28,27983 
1215,2020-06-29,1325134.0,113.28,27983 
1212,2020-06-26,1325134.0,113.28,27983 
1211,2020-06-25,1325134.0,113.28,27983 
1210,2020-06-24,1325134.0,113.28,27983 
1209,2020-06-23,1325134.0,113.28,27983 
1208,2020-06-22,1325134.0,113.28,27983 
1205,2020-06-19,1325134.0,113.28,27983 
1204,2020-06-18,1325134.0,113.28,27983 
1203,2020-06-17,1325134.0,113.28,27983 
1202,2020-06-16,1325134.0,113.28,27983 
1201,2020-06-15,1325134.0,113.28,27983 
1198,2020-06-12,1325134.0,113.28,27983 
1197,2020-06-11,1325134.0,113.28,27983 
1196,2020-06-10,1325134.0,113.28,27983 
1195,2020-06-09,1325134.0,113.28,27983 
1194,2020-06-08,1325134.0,113.28,27983 
1191,2020-06-05,1325134.0,113.28,27983 
1190,2020-06-04,1325134.0,113.28,27983 
1189,2020-06-03,1325134.0,113.28,27983 
1188,2020-06-02,1325134.0,113.28,27983 
1187,2020-06-01,1325134.0,113.28,27983 
1186,2020-07-31,1325051.0,113.28,27981 
1185,2020-07-30,1325051.0,113.28,27981 
1184,2020-07-29,1325051.0,113.28,27981 
1183,2020-07-28,1325051.0,113.28,27981 
1182,2020-07-27,1325051.0,113.28,27981 
1179,2020-07-24,1325051.0,113.28,27981 
1178,2020-07-23,1325051.0,113.28,27981 
1177,2020-07-22,1325051.0,113.28,27981 
1176,2020-07-21,1325051.0,113.28,27981 
1175,2020-07-20,1325051.0,113.28,27981 
1172,2020-07-17,1325051.0,113.28,27981 
1171,2020-07-16,1325051.0,113.28,27981 
1170,2020-07-15,1325051.0,113.28,27981 
1169,2020-07-14,1325051.0,113.28,27981 
1168,2020-07-13,1325051.0,113.28,27981 
1165,2020-07-10,1325051.0,113.28,27981 
1164,2020-07-09,1325051.0,113.28,27981 
1163,2020-07-08,1325051.0,113.28,27981 
1162,2020-07-07,1325051.0,113.28,27981 
1161,2020-07-06,1325051.0,113.28,27981 
1158,2020-07-03,1325051.0,113.28,27981 
1157,2020-07-02,1325051.0,113.28,27981 
1156,2020-07-01,1325051.0,113.28,27981 
1155,2020-08-31,1332587.0,113.92,28140 
1152,2020-08-28,1332587.0,113.92,28140 
1151,2020-08-27,1332587.0,113.92,28140 
1150,2020-08-26,1332587.0,113.92,28140 
1149,2020-08-25,1332587.0,113.92,28140 
1148,2020-08-24,1332587.0,113.92,28140 
1145,2020-08-21,1332587.0,113.92,28140 
1144,2020-08-20,1332587.0,113.92,28140 
1143,2020-08-19,1332587.0,113.92,28140 
1142,2020-08-18,1332587.0,113.92,28140 
1141,2020-08-17,1332587.0,113.92,28140 
1138,2020-08-14,1332587.0,113.92,28140 
1137,2020-08-13,1332587.0,113.92,28140 
1136,2020-08-12,1332587.0,113.92,28140 
1135,2020-08-11,1332587.0,113.92,28140 
1134,2020-08-10,1332587.0,113.92,28140 
1131,2020-08-07,1332587.0,113.92,28140 
1130,2020-08-06,1332587.0,113.92,28140 
1129,2020-08-05,1332587.0,113.92,28140 
1128,2020-08-04,1332587.0,113.92,28140 
1127,2020-08-03,1332587.0,113.92,28140 
1124,2020-09-30,1342410.0,117.31,28347 
1123,2020-09-29,1342410.0,117.31,28347 
1122,2020-09-28,1342410.0,117.31,28347 
1119,2020-09-25,1342410.0,117.31,28347 
1118,2020-09-24,1342410.0,117.31,28347 
1117,2020-09-23,1342410.0,117.31,28347 
1116,2020-09-22,1342410.0,117.31,28347 
1115,2020-09-21,1342410.0,117.31,28347 
1112,2020-09-18,1342410.0,117.31,28347 
1111,2020-09-17,1342410.0,117.31,28347 
1110,2020-09-16,1342410.0,117.31,28347 
1109,2020-09-15,1342410.0,117.31,28347 
1108,2020-09-14,1342410.0,117.31,28347 
1105,2020-09-11,1342410.0,117.31,28347 
1104,2020-09-10,1342410.0,117.31,28347 
1103,2020-09-09,1342410.0,117.31,28347 
1102,2020-09-08,1342410.0,117.31,28347 
1101,2020-09-07,1342410.0,117.31,28347 
1098,2020-09-04,1342410.0,117.31,28347 
1097,2020-09-03,1342410.0,117.31,28347 
1096,2020-09-02,1342410.0,117.31,28347 
1095,2020-09-01,1342410.0,117.31,28347 
1093,2020-10-30,1340252.0,117.12,28302 
1092,2020-10-29,1340252.0,117.12,28302 
1091,2020-10-28,1340252.0,117.12,28302 
1090,2020-10-27,1340252.0,117.12,28302 
1089,2020-10-26,1340252.0,117.12,28302 
1086,2020-10-23,1340252.0,117.12,28302 
1085,2020-10-22,1340252.0,117.12,28302 
1084,2020-10-21,1340252.0,117.12,28302 
1083,2020-10-20,1340252.0,117.12,28302 
1082,2020-10-19,1340252.0,117.12,28302 
1079,2020-10-16,1340252.0,117.12,28302 
1078,2020-10-15,1340252.0,117.12,28302 
1077,2020-10-14,1340252.0,117.12,28302 
1076,2020-10-13,1340252.0,117.12,28302 
1075,2020-10-12,1340252.0,117.12,28302 
1072,2020-10-09,1340252.0,117.12,28302 
1071,2020-10-08,1340252.0,117.12,28302 
1070,2020-10-07,1340252.0,117.12,28302 
1069,2020-10-06,1340252.0,117.12,28302 
1068,2020-10-05,1340252.0,117.12,28302 
1065,2020-10-02,1340252.0,117.12,28302 
1064,2020-10-01,1340252.0,117.12,28302 
1063,2020-11-30,1346815.0,117.7,28440 
1060,2020-11-27,1346815.0,117.7,28440 
1059,2020-11-26,1346815.0,117.7,28440 
1058,2020-11-25,1346815.0,117.7,28440 
1057,2020-11-24,1346815.0,117.7,28440 
1056,2020-11-23,1346815.0,117.7,28440 
1053,2020-11-20,1346815.0,117.7,28440 
1052,2020-11-19,1346815.0,117.7,28440 
1051,2020-11-18,1346815.0,117.7,28440 
1050,2020-11-17,1346815.0,117.7,28440 
1049,2020-11-16,1346815.0,117.7,28440 
1046,2020-11-13,1346815.0,117.7,28440 
1045,2020-11-12,1346815.0,117.7,28440 
1044,2020-11-11,1346815.0,117.7,28440 
1043,2020-11-10,1346815.0,117.7,28440 
1042,2020-11-09,1346815.0,117.7,28440 
1039,2020-11-06,1346815.0,117.7,28440 
1038,2020-11-05,1346815.0,117.7,28440 
1037,2020-11-04,1346815.0,117.7,28440 
1036,2020-11-03,1346815.0,117.7,28440 
1035,2020-11-02,1346815.0,117.7,28440 
1026,2020-12-24,1345786.0,120.27,28393 
1025,2020-12-23,1345786.0,120.27,28393 
1024,2020-12-22,1345786.0,120.27,28393 
1023,2020-12-21,1345786.0,120.27,28393 
1020,2020-12-18,1345786.0,120.27,28393 
1019,2020-12-17,1345786.0,120.27,28393 
1018,2020-12-16,1345786.0,120.27,28393 
1017,2020-12-15,1345786.0,120.27,28393 
1016,2020-12-14,1345786.0,120.27,28393 
1013,2020-12-11,1345786.0,120.27,28393 
1012,2020-12-10,1345786.0,120.27,28393 
1011,2020-12-09,1345786.0,120.27,28393 
1010,2020-12-08,1345786.0,120.27,28393 
1009,2020-12-07,1345786.0,120.27,28393 
1006,2020-12-04,1345786.0,120.27,28393 
1005,2020-12-03,1345786.0,120.27,28393 
1004,2020-12-02,1345786.0,120.27,28393 
1003,2020-12-01,1345786.0,120.27,28393 
