,Date,Euribor
0,1994-01-01,6.34
1,1994-01-02,6.34
2,1994-01-03,6.34
3,1994-01-04,6.34
4,1994-01-05,6.34
5,1994-01-06,6.34
6,1994-01-07,6.34
7,1994-01-08,6.34
8,1994-01-09,6.34
9,1994-01-10,6.34
10,1994-01-11,6.34
11,1994-01-12,6.34
12,1994-01-13,6.34
13,1994-01-14,6.34
14,1994-01-15,6.34
15,1994-01-16,6.34
16,1994-01-17,6.34
17,1994-01-18,6.34
18,1994-01-19,6.34
19,1994-01-20,6.34
20,1994-01-21,6.34
21,1994-01-22,6.34
22,1994-01-23,6.34
23,1994-01-24,6.34
24,1994-01-25,6.34
25,1994-01-26,6.34
26,1994-01-27,6.34
27,1994-01-28,6.34
28,1994-01-29,6.34
29,1994-01-30,6.34
30,1994-01-31,6.34
31,1994-02-01,6.42
32,1994-02-02,6.42
33,1994-02-03,6.42
34,1994-02-04,6.42
35,1994-02-05,6.42
36,1994-02-06,6.42
37,1994-02-07,6.42
38,1994-02-08,6.42
39,1994-02-09,6.42
40,1994-02-10,6.42
41,1994-02-11,6.42
42,1994-02-12,6.42
43,1994-02-13,6.42
44,1994-02-14,6.42
45,1994-02-15,6.42
46,1994-02-16,6.42
47,1994-02-17,6.42
48,1994-02-18,6.42
49,1994-02-19,6.42
50,1994-02-20,6.42
51,1994-02-21,6.42
52,1994-02-22,6.42
53,1994-02-23,6.42
54,1994-02-24,6.42
55,1994-02-25,6.42
56,1994-02-26,6.42
57,1994-02-27,6.42
58,1994-02-28,6.42
59,1994-03-01,6.55
60,1994-03-02,6.55
61,1994-03-03,6.55
62,1994-03-04,6.55
63,1994-03-05,6.55
64,1994-03-06,6.55
65,1994-03-07,6.55
66,1994-03-08,6.55
67,1994-03-09,6.55
68,1994-03-10,6.55
69,1994-03-11,6.55
70,1994-03-12,6.55
71,1994-03-13,6.55
72,1994-03-14,6.55
73,1994-03-15,6.55
74,1994-03-16,6.55
75,1994-03-17,6.55
76,1994-03-18,6.55
77,1994-03-19,6.55
78,1994-03-20,6.55
79,1994-03-21,6.55
80,1994-03-22,6.55
81,1994-03-23,6.55
82,1994-03-24,6.55
83,1994-03-25,6.55
84,1994-03-26,6.55
85,1994-03-27,6.55
86,1994-03-28,6.55
87,1994-03-29,6.55
88,1994-03-30,6.55
89,1994-03-31,6.55
90,1994-04-01,6.46
91,1994-04-02,6.46
92,1994-04-03,6.46
93,1994-04-04,6.46
94,1994-04-05,6.46
95,1994-04-06,6.46
96,1994-04-07,6.46
97,1994-04-08,6.46
98,1994-04-09,6.46
99,1994-04-10,6.46
100,1994-04-11,6.46
101,1994-04-12,6.46
102,1994-04-13,6.46
103,1994-04-14,6.46
104,1994-04-15,6.46
105,1994-04-16,6.46
106,1994-04-17,6.46
107,1994-04-18,6.46
108,1994-04-19,6.46
109,1994-04-20,6.46
110,1994-04-21,6.46
111,1994-04-22,6.46
112,1994-04-23,6.46
113,1994-04-24,6.46
114,1994-04-25,6.46
115,1994-04-26,6.46
116,1994-04-27,6.46
117,1994-04-28,6.46
118,1994-04-29,6.46
119,1994-04-30,6.46
120,1994-05-01,6.25
121,1994-05-02,6.25
122,1994-05-03,6.25
123,1994-05-04,6.25
124,1994-05-05,6.25
125,1994-05-06,6.25
126,1994-05-07,6.25
127,1994-05-08,6.25
128,1994-05-09,6.25
129,1994-05-10,6.25
130,1994-05-11,6.25
131,1994-05-12,6.25
132,1994-05-13,6.25
133,1994-05-14,6.25
134,1994-05-15,6.25
135,1994-05-16,6.25
136,1994-05-17,6.25
137,1994-05-18,6.25
138,1994-05-19,6.25
139,1994-05-20,6.25
140,1994-05-21,6.25
141,1994-05-22,6.25
142,1994-05-23,6.25
143,1994-05-24,6.25
144,1994-05-25,6.25
145,1994-05-26,6.25
146,1994-05-27,6.25
147,1994-05-28,6.25
148,1994-05-29,6.25
149,1994-05-30,6.25
150,1994-05-31,6.25
151,1994-06-01,6.62
152,1994-06-02,6.62
153,1994-06-03,6.62
154,1994-06-04,6.62
155,1994-06-05,6.62
156,1994-06-06,6.62
157,1994-06-07,6.62
158,1994-06-08,6.62
159,1994-06-09,6.62
160,1994-06-10,6.62
161,1994-06-11,6.62
162,1994-06-12,6.62
163,1994-06-13,6.62
164,1994-06-14,6.62
165,1994-06-15,6.62
166,1994-06-16,6.62
167,1994-06-17,6.62
168,1994-06-18,6.62
169,1994-06-19,6.62
170,1994-06-20,6.62
171,1994-06-21,6.62
172,1994-06-22,6.62
173,1994-06-23,6.62
174,1994-06-24,6.62
175,1994-06-25,6.62
176,1994-06-26,6.62
177,1994-06-27,6.62
178,1994-06-28,6.62
179,1994-06-29,6.62
180,1994-06-30,6.62
181,1994-07-01,6.77
182,1994-07-02,6.77
183,1994-07-03,6.77
184,1994-07-04,6.77
185,1994-07-05,6.77
186,1994-07-06,6.77
187,1994-07-07,6.77
188,1994-07-08,6.77
189,1994-07-09,6.77
190,1994-07-10,6.77
191,1994-07-11,6.77
192,1994-07-12,6.77
193,1994-07-13,6.77
194,1994-07-14,6.77
195,1994-07-15,6.77
196,1994-07-16,6.77
197,1994-07-17,6.77
198,1994-07-18,6.77
199,1994-07-19,6.77
200,1994-07-20,6.77
201,1994-07-21,6.77
202,1994-07-22,6.77
203,1994-07-23,6.77
204,1994-07-24,6.77
205,1994-07-25,6.77
206,1994-07-26,6.77
207,1994-07-27,6.77
208,1994-07-28,6.77
209,1994-07-29,6.77
210,1994-07-30,6.77
211,1994-07-31,6.77
212,1994-08-01,7.08
213,1994-08-02,7.08
214,1994-08-03,7.08
215,1994-08-04,7.08
216,1994-08-05,7.08
217,1994-08-06,7.08
218,1994-08-07,7.08
219,1994-08-08,7.08
220,1994-08-09,7.08
221,1994-08-10,7.08
222,1994-08-11,7.08
223,1994-08-12,7.08
224,1994-08-13,7.08
225,1994-08-14,7.08
226,1994-08-15,7.08
227,1994-08-16,7.08
228,1994-08-17,7.08
229,1994-08-18,7.08
230,1994-08-19,7.08
231,1994-08-20,7.08
232,1994-08-21,7.08
233,1994-08-22,7.08
234,1994-08-23,7.08
235,1994-08-24,7.08
236,1994-08-25,7.08
237,1994-08-26,7.08
238,1994-08-27,7.08
239,1994-08-28,7.08
240,1994-08-29,7.08
241,1994-08-30,7.08
242,1994-08-31,7.08
243,1994-09-01,7.31
244,1994-09-02,7.31
245,1994-09-03,7.31
246,1994-09-04,7.31
247,1994-09-05,7.31
248,1994-09-06,7.31
249,1994-09-07,7.31
250,1994-09-08,7.31
251,1994-09-09,7.31
252,1994-09-10,7.31
253,1994-09-11,7.31
254,1994-09-12,7.31
255,1994-09-13,7.31
256,1994-09-14,7.31
257,1994-09-15,7.31
258,1994-09-16,7.31
259,1994-09-17,7.31
260,1994-09-18,7.31
261,1994-09-19,7.31
262,1994-09-20,7.31
263,1994-09-21,7.31
264,1994-09-22,7.31
265,1994-09-23,7.31
266,1994-09-24,7.31
267,1994-09-25,7.31
268,1994-09-26,7.31
269,1994-09-27,7.31
270,1994-09-28,7.31
271,1994-09-29,7.31
272,1994-09-30,7.31
273,1994-10-01,7.3
274,1994-10-02,7.3
275,1994-10-03,7.3
276,1994-10-04,7.3
277,1994-10-05,7.3
278,1994-10-06,7.3
279,1994-10-07,7.3
280,1994-10-08,7.3
281,1994-10-09,7.3
282,1994-10-10,7.3
283,1994-10-11,7.3
284,1994-10-12,7.3
285,1994-10-13,7.3
286,1994-10-14,7.3
287,1994-10-15,7.3
288,1994-10-16,7.3
289,1994-10-17,7.3
290,1994-10-18,7.3
291,1994-10-19,7.3
292,1994-10-20,7.3
293,1994-10-21,7.3
294,1994-10-22,7.3
295,1994-10-23,7.3
296,1994-10-24,7.3
297,1994-10-25,7.3
298,1994-10-26,7.3
299,1994-10-27,7.3
300,1994-10-28,7.3
301,1994-10-29,7.3
302,1994-10-30,7.3
303,1994-10-31,7.3
304,1994-11-01,7.19
305,1994-11-02,7.19
306,1994-11-03,7.19
307,1994-11-04,7.19
308,1994-11-05,7.19
309,1994-11-06,7.19
310,1994-11-07,7.19
311,1994-11-08,7.19
312,1994-11-09,7.19
313,1994-11-10,7.19
314,1994-11-11,7.19
315,1994-11-12,7.19
316,1994-11-13,7.19
317,1994-11-14,7.19
318,1994-11-15,7.19
319,1994-11-16,7.19
320,1994-11-17,7.19
321,1994-11-18,7.19
322,1994-11-19,7.19
323,1994-11-20,7.19
324,1994-11-21,7.19
325,1994-11-22,7.19
326,1994-11-23,7.19
327,1994-11-24,7.19
328,1994-11-25,7.19
329,1994-11-26,7.19
330,1994-11-27,7.19
331,1994-11-28,7.19
332,1994-11-29,7.19
333,1994-11-30,7.19
334,1994-12-01,7.51
335,1994-12-02,7.51
336,1994-12-03,7.51
337,1994-12-04,7.51
338,1994-12-05,7.51
339,1994-12-06,7.51
340,1994-12-07,7.51
341,1994-12-08,7.51
342,1994-12-09,7.51
343,1994-12-10,7.51
344,1994-12-11,7.51
345,1994-12-12,7.51
346,1994-12-13,7.51
347,1994-12-14,7.51
348,1994-12-15,7.51
349,1994-12-16,7.51
350,1994-12-17,7.51
351,1994-12-18,7.51
352,1994-12-19,7.51
353,1994-12-20,7.51
354,1994-12-21,7.51
355,1994-12-22,7.51
356,1994-12-23,7.51
357,1994-12-24,7.51
358,1994-12-25,7.51
359,1994-12-26,7.51
360,1994-12-27,7.51
361,1994-12-28,7.51
362,1994-12-29,7.51
363,1994-12-30,7.51
364,1994-12-31,7.51
365,1995-01-01,7.66
366,1995-01-02,7.66
367,1995-01-03,7.66
368,1995-01-04,7.66
369,1995-01-05,7.66
370,1995-01-06,7.66
371,1995-01-07,7.66
372,1995-01-08,7.66
373,1995-01-09,7.66
374,1995-01-10,7.66
375,1995-01-11,7.66
376,1995-01-12,7.66
377,1995-01-13,7.66
378,1995-01-14,7.66
379,1995-01-15,7.66
380,1995-01-16,7.66
381,1995-01-17,7.66
382,1995-01-18,7.66
383,1995-01-19,7.66
384,1995-01-20,7.66
385,1995-01-21,7.66
386,1995-01-22,7.66
387,1995-01-23,7.66
388,1995-01-24,7.66
389,1995-01-25,7.66
390,1995-01-26,7.66
391,1995-01-27,7.66
392,1995-01-28,7.66
393,1995-01-29,7.66
394,1995-01-30,7.66
395,1995-01-31,7.66
396,1995-02-01,7.5
397,1995-02-02,7.5
398,1995-02-03,7.5
399,1995-02-04,7.5
400,1995-02-05,7.5
401,1995-02-06,7.5
402,1995-02-07,7.5
403,1995-02-08,7.5
404,1995-02-09,7.5
405,1995-02-10,7.5
406,1995-02-11,7.5
407,1995-02-12,7.5
408,1995-02-13,7.5
409,1995-02-14,7.5
410,1995-02-15,7.5
411,1995-02-16,7.5
412,1995-02-17,7.5
413,1995-02-18,7.5
414,1995-02-19,7.5
415,1995-02-20,7.5
416,1995-02-21,7.5
417,1995-02-22,7.5
418,1995-02-23,7.5
419,1995-02-24,7.5
420,1995-02-25,7.5
421,1995-02-26,7.5
422,1995-02-27,7.5
423,1995-02-28,7.5
424,1995-03-01,8.02
425,1995-03-02,8.02
426,1995-03-03,8.02
427,1995-03-04,8.02
428,1995-03-05,8.02
429,1995-03-06,8.02
430,1995-03-07,8.02
431,1995-03-08,8.02
432,1995-03-09,8.02
433,1995-03-10,8.02
434,1995-03-11,8.02
435,1995-03-12,8.02
436,1995-03-13,8.02
437,1995-03-14,8.02
438,1995-03-15,8.02
439,1995-03-16,8.02
440,1995-03-17,8.02
441,1995-03-18,8.02
442,1995-03-19,8.02
443,1995-03-20,8.02
444,1995-03-21,8.02
445,1995-03-22,8.02
446,1995-03-23,8.02
447,1995-03-24,8.02
448,1995-03-25,8.02
449,1995-03-26,8.02
450,1995-03-27,8.02
451,1995-03-28,8.02
452,1995-03-29,8.02
453,1995-03-30,8.02
454,1995-03-31,8.02
455,1995-04-01,7.63
456,1995-04-02,7.63
457,1995-04-03,7.63
458,1995-04-04,7.63
459,1995-04-05,7.63
460,1995-04-06,7.63
461,1995-04-07,7.63
462,1995-04-08,7.63
463,1995-04-09,7.63
464,1995-04-10,7.63
465,1995-04-11,7.63
466,1995-04-12,7.63
467,1995-04-13,7.63
468,1995-04-14,7.63
469,1995-04-15,7.63
470,1995-04-16,7.63
471,1995-04-17,7.63
472,1995-04-18,7.63
473,1995-04-19,7.63
474,1995-04-20,7.63
475,1995-04-21,7.63
476,1995-04-22,7.63
477,1995-04-23,7.63
478,1995-04-24,7.63
479,1995-04-25,7.63
480,1995-04-26,7.63
481,1995-04-27,7.63
482,1995-04-28,7.63
483,1995-04-29,7.63
484,1995-04-30,7.63
485,1995-05-01,7.25
486,1995-05-02,7.25
487,1995-05-03,7.25
488,1995-05-04,7.25
489,1995-05-05,7.25
490,1995-05-06,7.25
491,1995-05-07,7.25
492,1995-05-08,7.25
493,1995-05-09,7.25
494,1995-05-10,7.25
495,1995-05-11,7.25
496,1995-05-12,7.25
497,1995-05-13,7.25
498,1995-05-14,7.25
499,1995-05-15,7.25
500,1995-05-16,7.25
501,1995-05-17,7.25
502,1995-05-18,7.25
503,1995-05-19,7.25
504,1995-05-20,7.25
505,1995-05-21,7.25
506,1995-05-22,7.25
507,1995-05-23,7.25
508,1995-05-24,7.25
509,1995-05-25,7.25
510,1995-05-26,7.25
511,1995-05-27,7.25
512,1995-05-28,7.25
513,1995-05-29,7.25
514,1995-05-30,7.25
515,1995-05-31,7.25
516,1995-06-01,7.24
517,1995-06-02,7.24
518,1995-06-03,7.24
519,1995-06-04,7.24
520,1995-06-05,7.24
521,1995-06-06,7.24
522,1995-06-07,7.24
523,1995-06-08,7.24
524,1995-06-09,7.24
525,1995-06-10,7.24
526,1995-06-11,7.24
527,1995-06-12,7.24
528,1995-06-13,7.24
529,1995-06-14,7.24
530,1995-06-15,7.24
531,1995-06-16,7.24
532,1995-06-17,7.24
533,1995-06-18,7.24
534,1995-06-19,7.24
535,1995-06-20,7.24
536,1995-06-21,7.24
537,1995-06-22,7.24
538,1995-06-23,7.24
539,1995-06-24,7.24
540,1995-06-25,7.24
541,1995-06-26,7.24
542,1995-06-27,7.24
543,1995-06-28,7.24
544,1995-06-29,7.24
545,1995-06-30,7.24
546,1995-07-01,7.16
547,1995-07-02,7.16
548,1995-07-03,7.16
549,1995-07-04,7.16
550,1995-07-05,7.16
551,1995-07-06,7.16
552,1995-07-07,7.16
553,1995-07-08,7.16
554,1995-07-09,7.16
555,1995-07-10,7.16
556,1995-07-11,7.16
557,1995-07-12,7.16
558,1995-07-13,7.16
559,1995-07-14,7.16
560,1995-07-15,7.16
561,1995-07-16,7.16
562,1995-07-17,7.16
563,1995-07-18,7.16
564,1995-07-19,7.16
565,1995-07-20,7.16
566,1995-07-21,7.16
567,1995-07-22,7.16
568,1995-07-23,7.16
569,1995-07-24,7.16
570,1995-07-25,7.16
571,1995-07-26,7.16
572,1995-07-27,7.16
573,1995-07-28,7.16
574,1995-07-29,7.16
575,1995-07-30,7.16
576,1995-07-31,7.16
577,1995-08-01,6.83
578,1995-08-02,6.83
579,1995-08-03,6.83
580,1995-08-04,6.83
581,1995-08-05,6.83
582,1995-08-06,6.83
583,1995-08-07,6.83
584,1995-08-08,6.83
585,1995-08-09,6.83
586,1995-08-10,6.83
587,1995-08-11,6.83
588,1995-08-12,6.83
589,1995-08-13,6.83
590,1995-08-14,6.83
591,1995-08-15,6.83
592,1995-08-16,6.83
593,1995-08-17,6.83
594,1995-08-18,6.83
595,1995-08-19,6.83
596,1995-08-20,6.83
597,1995-08-21,6.83
598,1995-08-22,6.83
599,1995-08-23,6.83
600,1995-08-24,6.83
601,1995-08-25,6.83
602,1995-08-26,6.83
603,1995-08-27,6.83
604,1995-08-28,6.83
605,1995-08-29,6.83
606,1995-08-30,6.83
607,1995-08-31,6.83
608,1995-09-01,6.59
609,1995-09-02,6.59
610,1995-09-03,6.59
611,1995-09-04,6.59
612,1995-09-05,6.59
613,1995-09-06,6.59
614,1995-09-07,6.59
615,1995-09-08,6.59
616,1995-09-09,6.59
617,1995-09-10,6.59
618,1995-09-11,6.59
619,1995-09-12,6.59
620,1995-09-13,6.59
621,1995-09-14,6.59
622,1995-09-15,6.59
623,1995-09-16,6.59
624,1995-09-17,6.59
625,1995-09-18,6.59
626,1995-09-19,6.59
627,1995-09-20,6.59
628,1995-09-21,6.59
629,1995-09-22,6.59
630,1995-09-23,6.59
631,1995-09-24,6.59
632,1995-09-25,6.59
633,1995-09-26,6.59
634,1995-09-27,6.59
635,1995-09-28,6.59
636,1995-09-29,6.59
637,1995-09-30,6.59
638,1995-10-01,6.76
639,1995-10-02,6.76
640,1995-10-03,6.76
641,1995-10-04,6.76
642,1995-10-05,6.76
643,1995-10-06,6.76
644,1995-10-07,6.76
645,1995-10-08,6.76
646,1995-10-09,6.76
647,1995-10-10,6.76
648,1995-10-11,6.76
649,1995-10-12,6.76
650,1995-10-13,6.76
651,1995-10-14,6.76
652,1995-10-15,6.76
653,1995-10-16,6.76
654,1995-10-17,6.76
655,1995-10-18,6.76
656,1995-10-19,6.76
657,1995-10-20,6.76
658,1995-10-21,6.76
659,1995-10-22,6.76
660,1995-10-23,6.76
661,1995-10-24,6.76
662,1995-10-25,6.76
663,1995-10-26,6.76
664,1995-10-27,6.76
665,1995-10-28,6.76
666,1995-10-29,6.76
667,1995-10-30,6.76
668,1995-10-31,6.76
669,1995-11-01,6.43
670,1995-11-02,6.43
671,1995-11-03,6.43
672,1995-11-04,6.43
673,1995-11-05,6.43
674,1995-11-06,6.43
675,1995-11-07,6.43
676,1995-11-08,6.43
677,1995-11-09,6.43
678,1995-11-10,6.43
679,1995-11-11,6.43
680,1995-11-12,6.43
681,1995-11-13,6.43
682,1995-11-14,6.43
683,1995-11-15,6.43
684,1995-11-16,6.43
685,1995-11-17,6.43
686,1995-11-18,6.43
687,1995-11-19,6.43
688,1995-11-20,6.43
689,1995-11-21,6.43
690,1995-11-22,6.43
691,1995-11-23,6.43
692,1995-11-24,6.43
693,1995-11-25,6.43
694,1995-11-26,6.43
695,1995-11-27,6.43
696,1995-11-28,6.43
697,1995-11-29,6.43
698,1995-11-30,6.43
699,1995-12-01,6.21
700,1995-12-02,6.21
701,1995-12-03,6.21
702,1995-12-04,6.21
703,1995-12-05,6.21
704,1995-12-06,6.21
705,1995-12-07,6.21
706,1995-12-08,6.21
707,1995-12-09,6.21
708,1995-12-10,6.21
709,1995-12-11,6.21
710,1995-12-12,6.21
711,1995-12-13,6.21
712,1995-12-14,6.21
713,1995-12-15,6.21
714,1995-12-16,6.21
715,1995-12-17,6.21
716,1995-12-18,6.21
717,1995-12-19,6.21
718,1995-12-20,6.21
719,1995-12-21,6.21
720,1995-12-22,6.21
721,1995-12-23,6.21
722,1995-12-24,6.21
723,1995-12-25,6.21
724,1995-12-26,6.21
725,1995-12-27,6.21
726,1995-12-28,6.21
727,1995-12-29,6.21
728,1995-12-30,6.21
729,1995-12-31,6.21
730,1996-01-01,5.69
731,1996-01-02,5.69
732,1996-01-03,5.69
733,1996-01-04,5.69
734,1996-01-05,5.69
735,1996-01-06,5.69
736,1996-01-07,5.69
737,1996-01-08,5.69
738,1996-01-09,5.69
739,1996-01-10,5.69
740,1996-01-11,5.69
741,1996-01-12,5.69
742,1996-01-13,5.69
743,1996-01-14,5.69
744,1996-01-15,5.69
745,1996-01-16,5.69
746,1996-01-17,5.69
747,1996-01-18,5.69
748,1996-01-19,5.69
749,1996-01-20,5.69
750,1996-01-21,5.69
751,1996-01-22,5.69
752,1996-01-23,5.69
753,1996-01-24,5.69
754,1996-01-25,5.69
755,1996-01-26,5.69
756,1996-01-27,5.69
757,1996-01-28,5.69
758,1996-01-29,5.69
759,1996-01-30,5.69
760,1996-01-31,5.69
761,1996-02-01,5.56
762,1996-02-02,5.56
763,1996-02-03,5.56
764,1996-02-04,5.56
765,1996-02-05,5.56
766,1996-02-06,5.56
767,1996-02-07,5.56
768,1996-02-08,5.56
769,1996-02-09,5.56
770,1996-02-10,5.56
771,1996-02-11,5.56
772,1996-02-12,5.56
773,1996-02-13,5.56
774,1996-02-14,5.56
775,1996-02-15,5.56
776,1996-02-16,5.56
777,1996-02-17,5.56
778,1996-02-18,5.56
779,1996-02-19,5.56
780,1996-02-20,5.56
781,1996-02-21,5.56
782,1996-02-22,5.56
783,1996-02-23,5.56
784,1996-02-24,5.56
785,1996-02-25,5.56
786,1996-02-26,5.56
787,1996-02-27,5.56
788,1996-02-28,5.56
789,1996-02-29,5.56
790,1996-03-01,5.55
791,1996-03-02,5.55
792,1996-03-03,5.55
793,1996-03-04,5.55
794,1996-03-05,5.55
795,1996-03-06,5.55
796,1996-03-07,5.55
797,1996-03-08,5.55
798,1996-03-09,5.55
799,1996-03-10,5.55
800,1996-03-11,5.55
801,1996-03-12,5.55
802,1996-03-13,5.55
803,1996-03-14,5.55
804,1996-03-15,5.55
805,1996-03-16,5.55
806,1996-03-17,5.55
807,1996-03-18,5.55
808,1996-03-19,5.55
809,1996-03-20,5.55
810,1996-03-21,5.55
811,1996-03-22,5.55
812,1996-03-23,5.55
813,1996-03-24,5.55
814,1996-03-25,5.55
815,1996-03-26,5.55
816,1996-03-27,5.55
817,1996-03-28,5.55
818,1996-03-29,5.55
819,1996-03-30,5.55
820,1996-03-31,5.55
821,1996-04-01,5.32
822,1996-04-02,5.32
823,1996-04-03,5.32
824,1996-04-04,5.32
825,1996-04-05,5.32
826,1996-04-06,5.32
827,1996-04-07,5.32
828,1996-04-08,5.32
829,1996-04-09,5.32
830,1996-04-10,5.32
831,1996-04-11,5.32
832,1996-04-12,5.32
833,1996-04-13,5.32
834,1996-04-14,5.32
835,1996-04-15,5.32
836,1996-04-16,5.32
837,1996-04-17,5.32
838,1996-04-18,5.32
839,1996-04-19,5.32
840,1996-04-20,5.32
841,1996-04-21,5.32
842,1996-04-22,5.32
843,1996-04-23,5.32
844,1996-04-24,5.32
845,1996-04-25,5.32
846,1996-04-26,5.32
847,1996-04-27,5.32
848,1996-04-28,5.32
849,1996-04-29,5.32
850,1996-04-30,5.32
851,1996-05-01,5.07
852,1996-05-02,5.07
853,1996-05-03,5.07
854,1996-05-04,5.07
855,1996-05-05,5.07
856,1996-05-06,5.07
857,1996-05-07,5.07
858,1996-05-08,5.07
859,1996-05-09,5.07
860,1996-05-10,5.07
861,1996-05-11,5.07
862,1996-05-12,5.07
863,1996-05-13,5.07
864,1996-05-14,5.07
865,1996-05-15,5.07
866,1996-05-16,5.07
867,1996-05-17,5.07
868,1996-05-18,5.07
869,1996-05-19,5.07
870,1996-05-20,5.07
871,1996-05-21,5.07
872,1996-05-22,5.07
873,1996-05-23,5.07
874,1996-05-24,5.07
875,1996-05-25,5.07
876,1996-05-26,5.07
877,1996-05-27,5.07
878,1996-05-28,5.07
879,1996-05-29,5.07
880,1996-05-30,5.07
881,1996-05-31,5.07
882,1996-06-01,5.19
883,1996-06-02,5.19
884,1996-06-03,5.19
885,1996-06-04,5.19
886,1996-06-05,5.19
887,1996-06-06,5.19
888,1996-06-07,5.19
889,1996-06-08,5.19
890,1996-06-09,5.19
891,1996-06-10,5.19
892,1996-06-11,5.19
893,1996-06-12,5.19
894,1996-06-13,5.19
895,1996-06-14,5.19
896,1996-06-15,5.19
897,1996-06-16,5.19
898,1996-06-17,5.19
899,1996-06-18,5.19
900,1996-06-19,5.19
901,1996-06-20,5.19
902,1996-06-21,5.19
903,1996-06-22,5.19
904,1996-06-23,5.19
905,1996-06-24,5.19
906,1996-06-25,5.19
907,1996-06-26,5.19
908,1996-06-27,5.19
909,1996-06-28,5.19
910,1996-06-29,5.19
911,1996-06-30,5.19
912,1996-07-01,5.18
913,1996-07-02,5.18
914,1996-07-03,5.18
915,1996-07-04,5.18
916,1996-07-05,5.18
917,1996-07-06,5.18
918,1996-07-07,5.18
919,1996-07-08,5.18
920,1996-07-09,5.18
921,1996-07-10,5.18
922,1996-07-11,5.18
923,1996-07-12,5.18
924,1996-07-13,5.18
925,1996-07-14,5.18
926,1996-07-15,5.18
927,1996-07-16,5.18
928,1996-07-17,5.18
929,1996-07-18,5.18
930,1996-07-19,5.18
931,1996-07-20,5.18
932,1996-07-21,5.18
933,1996-07-22,5.18
934,1996-07-23,5.18
935,1996-07-24,5.18
936,1996-07-25,5.18
937,1996-07-26,5.18
938,1996-07-27,5.18
939,1996-07-28,5.18
940,1996-07-29,5.18
941,1996-07-30,5.18
942,1996-07-31,5.18
943,1996-08-01,5.16
944,1996-08-02,5.16
945,1996-08-03,5.16
946,1996-08-04,5.16
947,1996-08-05,5.16
948,1996-08-06,5.16
949,1996-08-07,5.16
950,1996-08-08,5.16
951,1996-08-09,5.16
952,1996-08-10,5.16
953,1996-08-11,5.16
954,1996-08-12,5.16
955,1996-08-13,5.16
956,1996-08-14,5.16
957,1996-08-15,5.16
958,1996-08-16,5.16
959,1996-08-17,5.16
960,1996-08-18,5.16
961,1996-08-19,5.16
962,1996-08-20,5.16
963,1996-08-21,5.16
964,1996-08-22,5.16
965,1996-08-23,5.16
966,1996-08-24,5.16
967,1996-08-25,5.16
968,1996-08-26,5.16
969,1996-08-27,5.16
970,1996-08-28,5.16
971,1996-08-29,5.16
972,1996-08-30,5.16
973,1996-08-31,5.16
974,1996-09-01,4.96
975,1996-09-02,4.96
976,1996-09-03,4.96
977,1996-09-04,4.96
978,1996-09-05,4.96
979,1996-09-06,4.96
980,1996-09-07,4.96
981,1996-09-08,4.96
982,1996-09-09,4.96
983,1996-09-10,4.96
984,1996-09-11,4.96
985,1996-09-12,4.96
986,1996-09-13,4.96
987,1996-09-14,4.96
988,1996-09-15,4.96
989,1996-09-16,4.96
990,1996-09-17,4.96
991,1996-09-18,4.96
992,1996-09-19,4.96
993,1996-09-20,4.96
994,1996-09-21,4.96
995,1996-09-22,4.96
996,1996-09-23,4.96
997,1996-09-24,4.96
998,1996-09-25,4.96
999,1996-09-26,4.96
1000,1996-09-27,4.96
1001,1996-09-28,4.96
1002,1996-09-29,4.96
1003,1996-09-30,4.96
1004,1996-10-01,4.67
1005,1996-10-02,4.67
1006,1996-10-03,4.67
1007,1996-10-04,4.67
1008,1996-10-05,4.67
1009,1996-10-06,4.67
1010,1996-10-07,4.67
1011,1996-10-08,4.67
1012,1996-10-09,4.67
1013,1996-10-10,4.67
1014,1996-10-11,4.67
1015,1996-10-12,4.67
1016,1996-10-13,4.67
1017,1996-10-14,4.67
1018,1996-10-15,4.67
1019,1996-10-16,4.67
1020,1996-10-17,4.67
1021,1996-10-18,4.67
1022,1996-10-19,4.67
1023,1996-10-20,4.67
1024,1996-10-21,4.67
1025,1996-10-22,4.67
1026,1996-10-23,4.67
1027,1996-10-24,4.67
1028,1996-10-25,4.67
1029,1996-10-26,4.67
1030,1996-10-27,4.67
1031,1996-10-28,4.67
1032,1996-10-29,4.67
1033,1996-10-30,4.67
1034,1996-10-31,4.67
1035,1996-11-01,4.54
1036,1996-11-02,4.54
1037,1996-11-03,4.54
1038,1996-11-04,4.54
1039,1996-11-05,4.54
1040,1996-11-06,4.54
1041,1996-11-07,4.54
1042,1996-11-08,4.54
1043,1996-11-09,4.54
1044,1996-11-10,4.54
1045,1996-11-11,4.54
1046,1996-11-12,4.54
1047,1996-11-13,4.54
1048,1996-11-14,4.54
1049,1996-11-15,4.54
1050,1996-11-16,4.54
1051,1996-11-17,4.54
1052,1996-11-18,4.54
1053,1996-11-19,4.54
1054,1996-11-20,4.54
1055,1996-11-21,4.54
1056,1996-11-22,4.54
1057,1996-11-23,4.54
1058,1996-11-24,4.54
1059,1996-11-25,4.54
1060,1996-11-26,4.54
1061,1996-11-27,4.54
1062,1996-11-28,4.54
1063,1996-11-29,4.54
1064,1996-11-30,4.54
1065,1996-12-01,4.39
1066,1996-12-02,4.39
1067,1996-12-03,4.39
1068,1996-12-04,4.39
1069,1996-12-05,4.39
1070,1996-12-06,4.39
1071,1996-12-07,4.39
1072,1996-12-08,4.39
1073,1996-12-09,4.39
1074,1996-12-10,4.39
1075,1996-12-11,4.39
1076,1996-12-12,4.39
1077,1996-12-13,4.39
1078,1996-12-14,4.39
1079,1996-12-15,4.39
1080,1996-12-16,4.39
1081,1996-12-17,4.39
1082,1996-12-18,4.39
1083,1996-12-19,4.39
1084,1996-12-20,4.39
1085,1996-12-21,4.39
1086,1996-12-22,4.39
1087,1996-12-23,4.39
1088,1996-12-24,4.39
1089,1996-12-25,4.39
1090,1996-12-26,4.39
1091,1996-12-27,4.39
1092,1996-12-28,4.39
1093,1996-12-29,4.39
1094,1996-12-30,4.39
1095,1996-12-31,4.39
1096,1997-01-01,4.25
1097,1997-01-02,4.25
1098,1997-01-03,4.25
1099,1997-01-04,4.25
1100,1997-01-05,4.25
1101,1997-01-06,4.25
1102,1997-01-07,4.25
1103,1997-01-08,4.25
1104,1997-01-09,4.25
1105,1997-01-10,4.25
1106,1997-01-11,4.25
1107,1997-01-12,4.25
1108,1997-01-13,4.25
1109,1997-01-14,4.25
1110,1997-01-15,4.25
1111,1997-01-16,4.25
1112,1997-01-17,4.25
1113,1997-01-18,4.25
1114,1997-01-19,4.25
1115,1997-01-20,4.25
1116,1997-01-21,4.25
1117,1997-01-22,4.25
1118,1997-01-23,4.25
1119,1997-01-24,4.25
1120,1997-01-25,4.25
1121,1997-01-26,4.25
1122,1997-01-27,4.25
1123,1997-01-28,4.25
1124,1997-01-29,4.25
1125,1997-01-30,4.25
1126,1997-01-31,4.25
1127,1997-02-01,4.32
1128,1997-02-02,4.32
1129,1997-02-03,4.32
1130,1997-02-04,4.32
1131,1997-02-05,4.32
1132,1997-02-06,4.32
1133,1997-02-07,4.32
1134,1997-02-08,4.32
1135,1997-02-09,4.32
1136,1997-02-10,4.32
1137,1997-02-11,4.32
1138,1997-02-12,4.32
1139,1997-02-13,4.32
1140,1997-02-14,4.32
1141,1997-02-15,4.32
1142,1997-02-16,4.32
1143,1997-02-17,4.32
1144,1997-02-18,4.32
1145,1997-02-19,4.32
1146,1997-02-20,4.32
1147,1997-02-21,4.32
1148,1997-02-22,4.32
1149,1997-02-23,4.32
1150,1997-02-24,4.32
1151,1997-02-25,4.32
1152,1997-02-26,4.32
1153,1997-02-27,4.32
1154,1997-02-28,4.32
1155,1997-03-01,4.55
1156,1997-03-02,4.55
1157,1997-03-03,4.55
1158,1997-03-04,4.55
1159,1997-03-05,4.55
1160,1997-03-06,4.55
1161,1997-03-07,4.55
1162,1997-03-08,4.55
1163,1997-03-09,4.55
1164,1997-03-10,4.55
1165,1997-03-11,4.55
1166,1997-03-12,4.55
1167,1997-03-13,4.55
1168,1997-03-14,4.55
1169,1997-03-15,4.55
1170,1997-03-16,4.55
1171,1997-03-17,4.55
1172,1997-03-18,4.55
1173,1997-03-19,4.55
1174,1997-03-20,4.55
1175,1997-03-21,4.55
1176,1997-03-22,4.55
1177,1997-03-23,4.55
1178,1997-03-24,4.55
1179,1997-03-25,4.55
1180,1997-03-26,4.55
1181,1997-03-27,4.55
1182,1997-03-28,4.55
1183,1997-03-29,4.55
1184,1997-03-30,4.55
1185,1997-03-31,4.55
1186,1997-04-01,4.47
1187,1997-04-02,4.47
1188,1997-04-03,4.47
1189,1997-04-04,4.47
1190,1997-04-05,4.47
1191,1997-04-06,4.47
1192,1997-04-07,4.47
1193,1997-04-08,4.47
1194,1997-04-09,4.47
1195,1997-04-10,4.47
1196,1997-04-11,4.47
1197,1997-04-12,4.47
1198,1997-04-13,4.47
1199,1997-04-14,4.47
1200,1997-04-15,4.47
1201,1997-04-16,4.47
1202,1997-04-17,4.47
1203,1997-04-18,4.47
1204,1997-04-19,4.47
1205,1997-04-20,4.47
1206,1997-04-21,4.47
1207,1997-04-22,4.47
1208,1997-04-23,4.47
1209,1997-04-24,4.47
1210,1997-04-25,4.47
1211,1997-04-26,4.47
1212,1997-04-27,4.47
1213,1997-04-28,4.47
1214,1997-04-29,4.47
1215,1997-04-30,4.47
1216,1997-05-01,4.36
1217,1997-05-02,4.36
1218,1997-05-03,4.36
1219,1997-05-04,4.36
1220,1997-05-05,4.36
1221,1997-05-06,4.36
1222,1997-05-07,4.36
1223,1997-05-08,4.36
1224,1997-05-09,4.36
1225,1997-05-10,4.36
1226,1997-05-11,4.36
1227,1997-05-12,4.36
1228,1997-05-13,4.36
1229,1997-05-14,4.36
1230,1997-05-15,4.36
1231,1997-05-16,4.36
1232,1997-05-17,4.36
1233,1997-05-18,4.36
1234,1997-05-19,4.36
1235,1997-05-20,4.36
1236,1997-05-21,4.36
1237,1997-05-22,4.36
1238,1997-05-23,4.36
1239,1997-05-24,4.36
1240,1997-05-25,4.36
1241,1997-05-26,4.36
1242,1997-05-27,4.36
1243,1997-05-28,4.36
1244,1997-05-29,4.36
1245,1997-05-30,4.36
1246,1997-05-31,4.36
1247,1997-06-01,4.33
1248,1997-06-02,4.33
1249,1997-06-03,4.33
1250,1997-06-04,4.33
1251,1997-06-05,4.33
1252,1997-06-06,4.33
1253,1997-06-07,4.33
1254,1997-06-08,4.33
1255,1997-06-09,4.33
1256,1997-06-10,4.33
1257,1997-06-11,4.33
1258,1997-06-12,4.33
1259,1997-06-13,4.33
1260,1997-06-14,4.33
1261,1997-06-15,4.33
1262,1997-06-16,4.33
1263,1997-06-17,4.33
1264,1997-06-18,4.33
1265,1997-06-19,4.33
1266,1997-06-20,4.33
1267,1997-06-21,4.33
1268,1997-06-22,4.33
1269,1997-06-23,4.33
1270,1997-06-24,4.33
1271,1997-06-25,4.33
1272,1997-06-26,4.33
1273,1997-06-27,4.33
1274,1997-06-28,4.33
1275,1997-06-29,4.33
1276,1997-06-30,4.33
1277,1997-07-01,4.32
1278,1997-07-02,4.32
1279,1997-07-03,4.32
1280,1997-07-04,4.32
1281,1997-07-05,4.32
1282,1997-07-06,4.32
1283,1997-07-07,4.32
1284,1997-07-08,4.32
1285,1997-07-09,4.32
1286,1997-07-10,4.32
1287,1997-07-11,4.32
1288,1997-07-12,4.32
1289,1997-07-13,4.32
1290,1997-07-14,4.32
1291,1997-07-15,4.32
1292,1997-07-16,4.32
1293,1997-07-17,4.32
1294,1997-07-18,4.32
1295,1997-07-19,4.32
1296,1997-07-20,4.32
1297,1997-07-21,4.32
1298,1997-07-22,4.32
1299,1997-07-23,4.32
1300,1997-07-24,4.32
1301,1997-07-25,4.32
1302,1997-07-26,4.32
1303,1997-07-27,4.32
1304,1997-07-28,4.32
1305,1997-07-29,4.32
1306,1997-07-30,4.32
1307,1997-07-31,4.32
1308,1997-08-01,4.49
1309,1997-08-02,4.49
1310,1997-08-03,4.49
1311,1997-08-04,4.49
1312,1997-08-05,4.49
1313,1997-08-06,4.49
1314,1997-08-07,4.49
1315,1997-08-08,4.49
1316,1997-08-09,4.49
1317,1997-08-10,4.49
1318,1997-08-11,4.49
1319,1997-08-12,4.49
1320,1997-08-13,4.49
1321,1997-08-14,4.49
1322,1997-08-15,4.49
1323,1997-08-16,4.49
1324,1997-08-17,4.49
1325,1997-08-18,4.49
1326,1997-08-19,4.49
1327,1997-08-20,4.49
1328,1997-08-21,4.49
1329,1997-08-22,4.49
1330,1997-08-23,4.49
1331,1997-08-24,4.49
1332,1997-08-25,4.49
1333,1997-08-26,4.49
1334,1997-08-27,4.49
1335,1997-08-28,4.49
1336,1997-08-29,4.49
1337,1997-08-30,4.49
1338,1997-08-31,4.49
1339,1997-09-01,4.42
1340,1997-09-02,4.42
1341,1997-09-03,4.42
1342,1997-09-04,4.42
1343,1997-09-05,4.42
1344,1997-09-06,4.42
1345,1997-09-07,4.42
1346,1997-09-08,4.42
1347,1997-09-09,4.42
1348,1997-09-10,4.42
1349,1997-09-11,4.42
1350,1997-09-12,4.42
1351,1997-09-13,4.42
1352,1997-09-14,4.42
1353,1997-09-15,4.42
1354,1997-09-16,4.42
1355,1997-09-17,4.42
1356,1997-09-18,4.42
1357,1997-09-19,4.42
1358,1997-09-20,4.42
1359,1997-09-21,4.42
1360,1997-09-22,4.42
1361,1997-09-23,4.42
1362,1997-09-24,4.42
1363,1997-09-25,4.42
1364,1997-09-26,4.42
1365,1997-09-27,4.42
1366,1997-09-28,4.42
1367,1997-09-29,4.42
1368,1997-09-30,4.42
1369,1997-10-01,4.55
1370,1997-10-02,4.55
1371,1997-10-03,4.55
1372,1997-10-04,4.55
1373,1997-10-05,4.55
1374,1997-10-06,4.55
1375,1997-10-07,4.55
1376,1997-10-08,4.55
1377,1997-10-09,4.55
1378,1997-10-10,4.55
1379,1997-10-11,4.55
1380,1997-10-12,4.55
1381,1997-10-13,4.55
1382,1997-10-14,4.55
1383,1997-10-15,4.55
1384,1997-10-16,4.55
1385,1997-10-17,4.55
1386,1997-10-18,4.55
1387,1997-10-19,4.55
1388,1997-10-20,4.55
1389,1997-10-21,4.55
1390,1997-10-22,4.55
1391,1997-10-23,4.55
1392,1997-10-24,4.55
1393,1997-10-25,4.55
1394,1997-10-26,4.55
1395,1997-10-27,4.55
1396,1997-10-28,4.55
1397,1997-10-29,4.55
1398,1997-10-30,4.55
1399,1997-10-31,4.55
1400,1997-11-01,4.56
1401,1997-11-02,4.56
1402,1997-11-03,4.56
1403,1997-11-04,4.56
1404,1997-11-05,4.56
1405,1997-11-06,4.56
1406,1997-11-07,4.56
1407,1997-11-08,4.56
1408,1997-11-09,4.56
1409,1997-11-10,4.56
1410,1997-11-11,4.56
1411,1997-11-12,4.56
1412,1997-11-13,4.56
1413,1997-11-14,4.56
1414,1997-11-15,4.56
1415,1997-11-16,4.56
1416,1997-11-17,4.56
1417,1997-11-18,4.56
1418,1997-11-19,4.56
1419,1997-11-20,4.56
1420,1997-11-21,4.56
1421,1997-11-22,4.56
1422,1997-11-23,4.56
1423,1997-11-24,4.56
1424,1997-11-25,4.56
1425,1997-11-26,4.56
1426,1997-11-27,4.56
1427,1997-11-28,4.56
1428,1997-11-29,4.56
1429,1997-11-30,4.56
1430,1997-12-01,4.41
1431,1997-12-02,4.41
1432,1997-12-03,4.41
1433,1997-12-04,4.41
1434,1997-12-05,4.41
1435,1997-12-06,4.41
1436,1997-12-07,4.41
1437,1997-12-08,4.41
1438,1997-12-09,4.41
1439,1997-12-10,4.41
1440,1997-12-11,4.41
1441,1997-12-12,4.41
1442,1997-12-13,4.41
1443,1997-12-14,4.41
1444,1997-12-15,4.41
1445,1997-12-16,4.41
1446,1997-12-17,4.41
1447,1997-12-18,4.41
1448,1997-12-19,4.41
1449,1997-12-20,4.41
1450,1997-12-21,4.41
1451,1997-12-22,4.41
1452,1997-12-23,4.41
1453,1997-12-24,4.41
1454,1997-12-25,4.41
1455,1997-12-26,4.41
1456,1997-12-27,4.41
1457,1997-12-28,4.41
1458,1997-12-29,4.41
1459,1997-12-30,4.41
1460,1997-12-31,4.41
1461,1998-01-01,4.22
1462,1998-01-02,4.22
1463,1998-01-03,4.22
1464,1998-01-04,4.22
1465,1998-01-05,4.22
1466,1998-01-06,4.22
1467,1998-01-07,4.22
1468,1998-01-08,4.22
1469,1998-01-09,4.22
1470,1998-01-10,4.22
1471,1998-01-11,4.22
1472,1998-01-12,4.22
1473,1998-01-13,4.22
1474,1998-01-14,4.22
1475,1998-01-15,4.22
1476,1998-01-16,4.22
1477,1998-01-17,4.22
1478,1998-01-18,4.22
1479,1998-01-19,4.22
1480,1998-01-20,4.22
1481,1998-01-21,4.22
1482,1998-01-22,4.22
1483,1998-01-23,4.22
1484,1998-01-24,4.22
1485,1998-01-25,4.22
1486,1998-01-26,4.22
1487,1998-01-27,4.22
1488,1998-01-28,4.22
1489,1998-01-29,4.22
1490,1998-01-30,4.22
1491,1998-01-31,4.22
1492,1998-02-01,4.17
1493,1998-02-02,4.17
1494,1998-02-03,4.17
1495,1998-02-04,4.17
1496,1998-02-05,4.17
1497,1998-02-06,4.17
1498,1998-02-07,4.17
1499,1998-02-08,4.17
1500,1998-02-09,4.17
1501,1998-02-10,4.17
1502,1998-02-11,4.17
1503,1998-02-12,4.17
1504,1998-02-13,4.17
1505,1998-02-14,4.17
1506,1998-02-15,4.17
1507,1998-02-16,4.17
1508,1998-02-17,4.17
1509,1998-02-18,4.17
1510,1998-02-19,4.17
1511,1998-02-20,4.17
1512,1998-02-21,4.17
1513,1998-02-22,4.17
1514,1998-02-23,4.17
1515,1998-02-24,4.17
1516,1998-02-25,4.17
1517,1998-02-26,4.17
1518,1998-02-27,4.17
1519,1998-02-28,4.17
1520,1998-03-01,4.05
1521,1998-03-02,4.05
1522,1998-03-03,4.05
1523,1998-03-04,4.05
1524,1998-03-05,4.05
1525,1998-03-06,4.05
1526,1998-03-07,4.05
1527,1998-03-08,4.05
1528,1998-03-09,4.05
1529,1998-03-10,4.05
1530,1998-03-11,4.05
1531,1998-03-12,4.05
1532,1998-03-13,4.05
1533,1998-03-14,4.05
1534,1998-03-15,4.05
1535,1998-03-16,4.05
1536,1998-03-17,4.05
1537,1998-03-18,4.05
1538,1998-03-19,4.05
1539,1998-03-20,4.05
1540,1998-03-21,4.05
1541,1998-03-22,4.05
1542,1998-03-23,4.05
1543,1998-03-24,4.05
1544,1998-03-25,4.05
1545,1998-03-26,4.05
1546,1998-03-27,4.05
1547,1998-03-28,4.05
1548,1998-03-29,4.05
1549,1998-03-30,4.05
1550,1998-03-31,4.05
1551,1998-04-01,4.12
1552,1998-04-02,4.12
1553,1998-04-03,4.12
1554,1998-04-04,4.12
1555,1998-04-05,4.12
1556,1998-04-06,4.12
1557,1998-04-07,4.12
1558,1998-04-08,4.12
1559,1998-04-09,4.12
1560,1998-04-10,4.12
1561,1998-04-11,4.12
1562,1998-04-12,4.12
1563,1998-04-13,4.12
1564,1998-04-14,4.12
1565,1998-04-15,4.12
1566,1998-04-16,4.12
1567,1998-04-17,4.12
1568,1998-04-18,4.12
1569,1998-04-19,4.12
1570,1998-04-20,4.12
1571,1998-04-21,4.12
1572,1998-04-22,4.12
1573,1998-04-23,4.12
1574,1998-04-24,4.12
1575,1998-04-25,4.12
1576,1998-04-26,4.12
1577,1998-04-27,4.12
1578,1998-04-28,4.12
1579,1998-04-29,4.12
1580,1998-04-30,4.12
1581,1998-05-01,4.13
1582,1998-05-02,4.13
1583,1998-05-03,4.13
1584,1998-05-04,4.13
1585,1998-05-05,4.13
1586,1998-05-06,4.13
1587,1998-05-07,4.13
1588,1998-05-08,4.13
1589,1998-05-09,4.13
1590,1998-05-10,4.13
1591,1998-05-11,4.13
1592,1998-05-12,4.13
1593,1998-05-13,4.13
1594,1998-05-14,4.13
1595,1998-05-15,4.13
1596,1998-05-16,4.13
1597,1998-05-17,4.13
1598,1998-05-18,4.13
1599,1998-05-19,4.13
1600,1998-05-20,4.13
1601,1998-05-21,4.13
1602,1998-05-22,4.13
1603,1998-05-23,4.13
1604,1998-05-24,4.13
1605,1998-05-25,4.13
1606,1998-05-26,4.13
1607,1998-05-27,4.13
1608,1998-05-28,4.13
1609,1998-05-29,4.13
1610,1998-05-30,4.13
1611,1998-05-31,4.13
1612,1998-06-01,4.08
1613,1998-06-02,4.08
1614,1998-06-03,4.08
1615,1998-06-04,4.08
1616,1998-06-05,4.08
1617,1998-06-06,4.08
1618,1998-06-07,4.08
1619,1998-06-08,4.08
1620,1998-06-09,4.08
1621,1998-06-10,4.08
1622,1998-06-11,4.08
1623,1998-06-12,4.08
1624,1998-06-13,4.08
1625,1998-06-14,4.08
1626,1998-06-15,4.08
1627,1998-06-16,4.08
1628,1998-06-17,4.08
1629,1998-06-18,4.08
1630,1998-06-19,4.08
1631,1998-06-20,4.08
1632,1998-06-21,4.08
1633,1998-06-22,4.08
1634,1998-06-23,4.08
1635,1998-06-24,4.08
1636,1998-06-25,4.08
1637,1998-06-26,4.08
1638,1998-06-27,4.08
1639,1998-06-28,4.08
1640,1998-06-29,4.08
1641,1998-06-30,4.08
1642,1998-07-01,4.01
1643,1998-07-02,4.01
1644,1998-07-03,4.01
1645,1998-07-04,4.01
1646,1998-07-05,4.01
1647,1998-07-06,4.01
1648,1998-07-07,4.01
1649,1998-07-08,4.01
1650,1998-07-09,4.01
1651,1998-07-10,4.01
1652,1998-07-11,4.01
1653,1998-07-12,4.01
1654,1998-07-13,4.01
1655,1998-07-14,4.01
1656,1998-07-15,4.01
1657,1998-07-16,4.01
1658,1998-07-17,4.01
1659,1998-07-18,4.01
1660,1998-07-19,4.01
1661,1998-07-20,4.01
1662,1998-07-21,4.01
1663,1998-07-22,4.01
1664,1998-07-23,4.01
1665,1998-07-24,4.01
1666,1998-07-25,4.01
1667,1998-07-26,4.01
1668,1998-07-27,4.01
1669,1998-07-28,4.01
1670,1998-07-29,4.01
1671,1998-07-30,4.01
1672,1998-07-31,4.01
1673,1998-08-01,3.93
1674,1998-08-02,3.93
1675,1998-08-03,3.93
1676,1998-08-04,3.93
1677,1998-08-05,3.93
1678,1998-08-06,3.93
1679,1998-08-07,3.93
1680,1998-08-08,3.93
1681,1998-08-09,3.93
1682,1998-08-10,3.93
1683,1998-08-11,3.93
1684,1998-08-12,3.93
1685,1998-08-13,3.93
1686,1998-08-14,3.93
1687,1998-08-15,3.93
1688,1998-08-16,3.93
1689,1998-08-17,3.93
1690,1998-08-18,3.93
1691,1998-08-19,3.93
1692,1998-08-20,3.93
1693,1998-08-21,3.93
1694,1998-08-22,3.93
1695,1998-08-23,3.93
1696,1998-08-24,3.93
1697,1998-08-25,3.93
1698,1998-08-26,3.93
1699,1998-08-27,3.93
1700,1998-08-28,3.93
1701,1998-08-29,3.93
1702,1998-08-30,3.93
1703,1998-08-31,3.93
1704,1998-09-01,3.75
1705,1998-09-02,3.75
1706,1998-09-03,3.75
1707,1998-09-04,3.75
1708,1998-09-05,3.75
1709,1998-09-06,3.75
1710,1998-09-07,3.75
1711,1998-09-08,3.75
1712,1998-09-09,3.75
1713,1998-09-10,3.75
1714,1998-09-11,3.75
1715,1998-09-12,3.75
1716,1998-09-13,3.75
1717,1998-09-14,3.75
1718,1998-09-15,3.75
1719,1998-09-16,3.75
1720,1998-09-17,3.75
1721,1998-09-18,3.75
1722,1998-09-19,3.75
1723,1998-09-20,3.75
1724,1998-09-21,3.75
1725,1998-09-22,3.75
1726,1998-09-23,3.75
1727,1998-09-24,3.75
1728,1998-09-25,3.75
1729,1998-09-26,3.75
1730,1998-09-27,3.75
1731,1998-09-28,3.75
1732,1998-09-29,3.75
1733,1998-09-30,3.75
1734,1998-10-01,3.59
1735,1998-10-02,3.59
1736,1998-10-03,3.59
1737,1998-10-04,3.59
1738,1998-10-05,3.59
1739,1998-10-06,3.59
1740,1998-10-07,3.59
1741,1998-10-08,3.59
1742,1998-10-09,3.59
1743,1998-10-10,3.59
1744,1998-10-11,3.59
1745,1998-10-12,3.59
1746,1998-10-13,3.59
1747,1998-10-14,3.59
1748,1998-10-15,3.59
1749,1998-10-16,3.59
1750,1998-10-17,3.59
1751,1998-10-18,3.59
1752,1998-10-19,3.59
1753,1998-10-20,3.59
1754,1998-10-21,3.59
1755,1998-10-22,3.59
1756,1998-10-23,3.59
1757,1998-10-24,3.59
1758,1998-10-25,3.59
1759,1998-10-26,3.59
1760,1998-10-27,3.59
1761,1998-10-28,3.59
1762,1998-10-29,3.59
1763,1998-10-30,3.59
1764,1998-10-31,3.59
1765,1998-11-01,3.55
1766,1998-11-02,3.55
1767,1998-11-03,3.55
1768,1998-11-04,3.55
1769,1998-11-05,3.55
1770,1998-11-06,3.55
1771,1998-11-07,3.55
1772,1998-11-08,3.55
1773,1998-11-09,3.55
1774,1998-11-10,3.55
1775,1998-11-11,3.55
1776,1998-11-12,3.55
1777,1998-11-13,3.55
1778,1998-11-14,3.55
1779,1998-11-15,3.55
1780,1998-11-16,3.55
1781,1998-11-17,3.55
1782,1998-11-18,3.55
1783,1998-11-19,3.55
1784,1998-11-20,3.55
1785,1998-11-21,3.55
1786,1998-11-22,3.55
1787,1998-11-23,3.55
1788,1998-11-24,3.55
1789,1998-11-25,3.55
1790,1998-11-26,3.55
1791,1998-11-27,3.55
1792,1998-11-28,3.55
1793,1998-11-29,3.55
1794,1998-11-30,3.55
1795,1998-12-01,3.27
1796,1998-12-02,3.27
1797,1998-12-03,3.27
1798,1998-12-04,3.27
1799,1998-12-05,3.27
1800,1998-12-06,3.27
1801,1998-12-07,3.27
1802,1998-12-08,3.27
1803,1998-12-09,3.27
1804,1998-12-10,3.27
1805,1998-12-11,3.27
1806,1998-12-12,3.27
1807,1998-12-13,3.27
1808,1998-12-14,3.27
1809,1998-12-15,3.27
1810,1998-12-16,3.27
1811,1998-12-17,3.27
1812,1998-12-18,3.27
1813,1998-12-19,3.27
1814,1998-12-20,3.27
1815,1998-12-21,3.27
1816,1998-12-22,3.27
1817,1998-12-23,3.27
1818,1998-12-24,3.27
1819,1998-12-25,3.27
1820,1998-12-26,3.27
1821,1998-12-27,3.27
1822,1998-12-28,3.27
1823,1998-12-29,3.27
1824,1998-12-30,3.27
1825,1998-12-31,3.27
1826,1999-01-01,3.0617
1827,1999-01-02,3.0617
1828,1999-01-03,3.0617
1829,1999-01-04,3.0617
1830,1999-01-05,3.0617
1831,1999-01-06,3.0617
1832,1999-01-07,3.0617
1833,1999-01-08,3.0617
1834,1999-01-09,3.0617
1835,1999-01-10,3.0617
1836,1999-01-11,3.0617
1837,1999-01-12,3.0617
1838,1999-01-13,3.0617
1839,1999-01-14,3.0617
1840,1999-01-15,3.0617
1841,1999-01-16,3.0617
1842,1999-01-17,3.0617
1843,1999-01-18,3.0617
1844,1999-01-19,3.0617
1845,1999-01-20,3.0617
1846,1999-01-21,3.0617
1847,1999-01-22,3.0617
1848,1999-01-23,3.0617
1849,1999-01-24,3.0617
1850,1999-01-25,3.0617
1851,1999-01-26,3.0617
1852,1999-01-27,3.0617
1853,1999-01-28,3.0617
1854,1999-01-29,3.0617
1855,1999-01-30,3.0617
1856,1999-01-31,3.0617
1857,1999-02-01,3.0297
1858,1999-02-02,3.0297
1859,1999-02-03,3.0297
1860,1999-02-04,3.0297
1861,1999-02-05,3.0297
1862,1999-02-06,3.0297
1863,1999-02-07,3.0297
1864,1999-02-08,3.0297
1865,1999-02-09,3.0297
1866,1999-02-10,3.0297
1867,1999-02-11,3.0297
1868,1999-02-12,3.0297
1869,1999-02-13,3.0297
1870,1999-02-14,3.0297
1871,1999-02-15,3.0297
1872,1999-02-16,3.0297
1873,1999-02-17,3.0297
1874,1999-02-18,3.0297
1875,1999-02-19,3.0297
1876,1999-02-20,3.0297
1877,1999-02-21,3.0297
1878,1999-02-22,3.0297
1879,1999-02-23,3.0297
1880,1999-02-24,3.0297
1881,1999-02-25,3.0297
1882,1999-02-26,3.0297
1883,1999-02-27,3.0297
1884,1999-02-28,3.0297
1885,1999-03-01,3.0462
1886,1999-03-02,3.0462
1887,1999-03-03,3.0462
1888,1999-03-04,3.0462
1889,1999-03-05,3.0462
1890,1999-03-06,3.0462
1891,1999-03-07,3.0462
1892,1999-03-08,3.0462
1893,1999-03-09,3.0462
1894,1999-03-10,3.0462
1895,1999-03-11,3.0462
1896,1999-03-12,3.0462
1897,1999-03-13,3.0462
1898,1999-03-14,3.0462
1899,1999-03-15,3.0462
1900,1999-03-16,3.0462
1901,1999-03-17,3.0462
1902,1999-03-18,3.0462
1903,1999-03-19,3.0462
1904,1999-03-20,3.0462
1905,1999-03-21,3.0462
1906,1999-03-22,3.0462
1907,1999-03-23,3.0462
1908,1999-03-24,3.0462
1909,1999-03-25,3.0462
1910,1999-03-26,3.0462
1911,1999-03-27,3.0462
1912,1999-03-28,3.0462
1913,1999-03-29,3.0462
1914,1999-03-30,3.0462
1915,1999-03-31,3.0462
1916,1999-04-01,2.7564
1917,1999-04-02,2.7564
1918,1999-04-03,2.7564
1919,1999-04-04,2.7564
1920,1999-04-05,2.7564
1921,1999-04-06,2.7564
1922,1999-04-07,2.7564
1923,1999-04-08,2.7564
1924,1999-04-09,2.7564
1925,1999-04-10,2.7564
1926,1999-04-11,2.7564
1927,1999-04-12,2.7564
1928,1999-04-13,2.7564
1929,1999-04-14,2.7564
1930,1999-04-15,2.7564
1931,1999-04-16,2.7564
1932,1999-04-17,2.7564
1933,1999-04-18,2.7564
1934,1999-04-19,2.7564
1935,1999-04-20,2.7564
1936,1999-04-21,2.7564
1937,1999-04-22,2.7564
1938,1999-04-23,2.7564
1939,1999-04-24,2.7564
1940,1999-04-25,2.7564
1941,1999-04-26,2.7564
1942,1999-04-27,2.7564
1943,1999-04-28,2.7564
1944,1999-04-29,2.7564
1945,1999-04-30,2.7564
1946,1999-05-01,2.6827
1947,1999-05-02,2.6827
1948,1999-05-03,2.6827
1949,1999-05-04,2.6827
1950,1999-05-05,2.6827
1951,1999-05-06,2.6827
1952,1999-05-07,2.6827
1953,1999-05-08,2.6827
1954,1999-05-09,2.6827
1955,1999-05-10,2.6827
1956,1999-05-11,2.6827
1957,1999-05-12,2.6827
1958,1999-05-13,2.6827
1959,1999-05-14,2.6827
1960,1999-05-15,2.6827
1961,1999-05-16,2.6827
1962,1999-05-17,2.6827
1963,1999-05-18,2.6827
1964,1999-05-19,2.6827
1965,1999-05-20,2.6827
1966,1999-05-21,2.6827
1967,1999-05-22,2.6827
1968,1999-05-23,2.6827
1969,1999-05-24,2.6827
1970,1999-05-25,2.6827
1971,1999-05-26,2.6827
1972,1999-05-27,2.6827
1973,1999-05-28,2.6827
1974,1999-05-29,2.6827
1975,1999-05-30,2.6827
1976,1999-05-31,2.6827
1977,1999-06-01,2.8363
1978,1999-06-02,2.8363
1979,1999-06-03,2.8363
1980,1999-06-04,2.8363
1981,1999-06-05,2.8363
1982,1999-06-06,2.8363
1983,1999-06-07,2.8363
1984,1999-06-08,2.8363
1985,1999-06-09,2.8363
1986,1999-06-10,2.8363
1987,1999-06-11,2.8363
1988,1999-06-12,2.8363
1989,1999-06-13,2.8363
1990,1999-06-14,2.8363
1991,1999-06-15,2.8363
1992,1999-06-16,2.8363
1993,1999-06-17,2.8363
1994,1999-06-18,2.8363
1995,1999-06-19,2.8363
1996,1999-06-20,2.8363
1997,1999-06-21,2.8363
1998,1999-06-22,2.8363
1999,1999-06-23,2.8363
2000,1999-06-24,2.8363
2001,1999-06-25,2.8363
2002,1999-06-26,2.8363
2003,1999-06-27,2.8363
2004,1999-06-28,2.8363
2005,1999-06-29,2.8363
2006,1999-06-30,2.8363
2007,1999-07-01,3.03
2008,1999-07-02,3.03
2009,1999-07-03,3.03
2010,1999-07-04,3.03
2011,1999-07-05,3.03
2012,1999-07-06,3.03
2013,1999-07-07,3.03
2014,1999-07-08,3.03
2015,1999-07-09,3.03
2016,1999-07-10,3.03
2017,1999-07-11,3.03
2018,1999-07-12,3.03
2019,1999-07-13,3.03
2020,1999-07-14,3.03
2021,1999-07-15,3.03
2022,1999-07-16,3.03
2023,1999-07-17,3.03
2024,1999-07-18,3.03
2025,1999-07-19,3.03
2026,1999-07-20,3.03
2027,1999-07-21,3.03
2028,1999-07-22,3.03
2029,1999-07-23,3.03
2030,1999-07-24,3.03
2031,1999-07-25,3.03
2032,1999-07-26,3.03
2033,1999-07-27,3.03
2034,1999-07-28,3.03
2035,1999-07-29,3.03
2036,1999-07-30,3.03
2037,1999-07-31,3.03
2038,1999-08-01,3.2373
2039,1999-08-02,3.2373
2040,1999-08-03,3.2373
2041,1999-08-04,3.2373
2042,1999-08-05,3.2373
2043,1999-08-06,3.2373
2044,1999-08-07,3.2373
2045,1999-08-08,3.2373
2046,1999-08-09,3.2373
2047,1999-08-10,3.2373
2048,1999-08-11,3.2373
2049,1999-08-12,3.2373
2050,1999-08-13,3.2373
2051,1999-08-14,3.2373
2052,1999-08-15,3.2373
2053,1999-08-16,3.2373
2054,1999-08-17,3.2373
2055,1999-08-18,3.2373
2056,1999-08-19,3.2373
2057,1999-08-20,3.2373
2058,1999-08-21,3.2373
2059,1999-08-22,3.2373
2060,1999-08-23,3.2373
2061,1999-08-24,3.2373
2062,1999-08-25,3.2373
2063,1999-08-26,3.2373
2064,1999-08-27,3.2373
2065,1999-08-28,3.2373
2066,1999-08-29,3.2373
2067,1999-08-30,3.2373
2068,1999-08-31,3.2373
2069,1999-09-01,3.3011
2070,1999-09-02,3.3011
2071,1999-09-03,3.3011
2072,1999-09-04,3.3011
2073,1999-09-05,3.3011
2074,1999-09-06,3.3011
2075,1999-09-07,3.3011
2076,1999-09-08,3.3011
2077,1999-09-09,3.3011
2078,1999-09-10,3.3011
2079,1999-09-11,3.3011
2080,1999-09-12,3.3011
2081,1999-09-13,3.3011
2082,1999-09-14,3.3011
2083,1999-09-15,3.3011
2084,1999-09-16,3.3011
2085,1999-09-17,3.3011
2086,1999-09-18,3.3011
2087,1999-09-19,3.3011
2088,1999-09-20,3.3011
2089,1999-09-21,3.3011
2090,1999-09-22,3.3011
2091,1999-09-23,3.3011
2092,1999-09-24,3.3011
2093,1999-09-25,3.3011
2094,1999-09-26,3.3011
2095,1999-09-27,3.3011
2096,1999-09-28,3.3011
2097,1999-09-29,3.3011
2098,1999-09-30,3.3011
2099,1999-10-01,3.6837
2100,1999-10-02,3.6837
2101,1999-10-03,3.6837
2102,1999-10-04,3.6837
2103,1999-10-05,3.6837
2104,1999-10-06,3.6837
2105,1999-10-07,3.6837
2106,1999-10-08,3.6837
2107,1999-10-09,3.6837
2108,1999-10-10,3.6837
2109,1999-10-11,3.6837
2110,1999-10-12,3.6837
2111,1999-10-13,3.6837
2112,1999-10-14,3.6837
2113,1999-10-15,3.6837
2114,1999-10-16,3.6837
2115,1999-10-17,3.6837
2116,1999-10-18,3.6837
2117,1999-10-19,3.6837
2118,1999-10-20,3.6837
2119,1999-10-21,3.6837
2120,1999-10-22,3.6837
2121,1999-10-23,3.6837
2122,1999-10-24,3.6837
2123,1999-10-25,3.6837
2124,1999-10-26,3.6837
2125,1999-10-27,3.6837
2126,1999-10-28,3.6837
2127,1999-10-29,3.6837
2128,1999-10-30,3.6837
2129,1999-10-31,3.6837
2130,1999-11-01,3.6892
2131,1999-11-02,3.6892
2132,1999-11-03,3.6892
2133,1999-11-04,3.6892
2134,1999-11-05,3.6892
2135,1999-11-06,3.6892
2136,1999-11-07,3.6892
2137,1999-11-08,3.6892
2138,1999-11-09,3.6892
2139,1999-11-10,3.6892
2140,1999-11-11,3.6892
2141,1999-11-12,3.6892
2142,1999-11-13,3.6892
2143,1999-11-14,3.6892
2144,1999-11-15,3.6892
2145,1999-11-16,3.6892
2146,1999-11-17,3.6892
2147,1999-11-18,3.6892
2148,1999-11-19,3.6892
2149,1999-11-20,3.6892
2150,1999-11-21,3.6892
2151,1999-11-22,3.6892
2152,1999-11-23,3.6892
2153,1999-11-24,3.6892
2154,1999-11-25,3.6892
2155,1999-11-26,3.6892
2156,1999-11-27,3.6892
2157,1999-11-28,3.6892
2158,1999-11-29,3.6892
2159,1999-11-30,3.6892
2160,1999-12-01,3.8263
2161,1999-12-02,3.8263
2162,1999-12-03,3.8263
2163,1999-12-04,3.8263
2164,1999-12-05,3.8263
2165,1999-12-06,3.8263
2166,1999-12-07,3.8263
2167,1999-12-08,3.8263
2168,1999-12-09,3.8263
2169,1999-12-10,3.8263
2170,1999-12-11,3.8263
2171,1999-12-12,3.8263
2172,1999-12-13,3.8263
2173,1999-12-14,3.8263
2174,1999-12-15,3.8263
2175,1999-12-16,3.8263
2176,1999-12-17,3.8263
2177,1999-12-18,3.8263
2178,1999-12-19,3.8263
2179,1999-12-20,3.8263
2180,1999-12-21,3.8263
2181,1999-12-22,3.8263
2182,1999-12-23,3.8263
2183,1999-12-24,3.8263
2184,1999-12-25,3.8263
2185,1999-12-26,3.8263
2186,1999-12-27,3.8263
2187,1999-12-28,3.8263
2188,1999-12-29,3.8263
2189,1999-12-30,3.8263
2190,1999-12-31,3.8263
2191,2000-01-01,3.9495
2192,2000-01-02,3.9495
2193,2000-01-03,3.9495
2194,2000-01-04,3.9495
2195,2000-01-05,3.9495
2196,2000-01-06,3.9495
2197,2000-01-07,3.9495
2198,2000-01-08,3.9495
2199,2000-01-09,3.9495
2200,2000-01-10,3.9495
2201,2000-01-11,3.9495
2202,2000-01-12,3.9495
2203,2000-01-13,3.9495
2204,2000-01-14,3.9495
2205,2000-01-15,3.9495
2206,2000-01-16,3.9495
2207,2000-01-17,3.9495
2208,2000-01-18,3.9495
2209,2000-01-19,3.9495
2210,2000-01-20,3.9495
2211,2000-01-21,3.9495
2212,2000-01-22,3.9495
2213,2000-01-23,3.9495
2214,2000-01-24,3.9495
2215,2000-01-25,3.9495
2216,2000-01-26,3.9495
2217,2000-01-27,3.9495
2218,2000-01-28,3.9495
2219,2000-01-29,3.9495
2220,2000-01-30,3.9495
2221,2000-01-31,3.9495
2222,2000-02-01,4.1114
2223,2000-02-02,4.1114
2224,2000-02-03,4.1114
2225,2000-02-04,4.1114
2226,2000-02-05,4.1114
2227,2000-02-06,4.1114
2228,2000-02-07,4.1114
2229,2000-02-08,4.1114
2230,2000-02-09,4.1114
2231,2000-02-10,4.1114
2232,2000-02-11,4.1114
2233,2000-02-12,4.1114
2234,2000-02-13,4.1114
2235,2000-02-14,4.1114
2236,2000-02-15,4.1114
2237,2000-02-16,4.1114
2238,2000-02-17,4.1114
2239,2000-02-18,4.1114
2240,2000-02-19,4.1114
2241,2000-02-20,4.1114
2242,2000-02-21,4.1114
2243,2000-02-22,4.1114
2244,2000-02-23,4.1114
2245,2000-02-24,4.1114
2246,2000-02-25,4.1114
2247,2000-02-26,4.1114
2248,2000-02-27,4.1114
2249,2000-02-28,4.1114
2250,2000-02-29,4.1114
2251,2000-03-01,4.2675
2252,2000-03-02,4.2675
2253,2000-03-03,4.2675
2254,2000-03-04,4.2675
2255,2000-03-05,4.2675
2256,2000-03-06,4.2675
2257,2000-03-07,4.2675
2258,2000-03-08,4.2675
2259,2000-03-09,4.2675
2260,2000-03-10,4.2675
2261,2000-03-11,4.2675
2262,2000-03-12,4.2675
2263,2000-03-13,4.2675
2264,2000-03-14,4.2675
2265,2000-03-15,4.2675
2266,2000-03-16,4.2675
2267,2000-03-17,4.2675
2268,2000-03-18,4.2675
2269,2000-03-19,4.2675
2270,2000-03-20,4.2675
2271,2000-03-21,4.2675
2272,2000-03-22,4.2675
2273,2000-03-23,4.2675
2274,2000-03-24,4.2675
2275,2000-03-25,4.2675
2276,2000-03-26,4.2675
2277,2000-03-27,4.2675
2278,2000-03-28,4.2675
2279,2000-03-29,4.2675
2280,2000-03-30,4.2675
2281,2000-03-31,4.2675
2282,2000-04-01,4.3645
2283,2000-04-02,4.3645
2284,2000-04-03,4.3645
2285,2000-04-04,4.3645
2286,2000-04-05,4.3645
2287,2000-04-06,4.3645
2288,2000-04-07,4.3645
2289,2000-04-08,4.3645
2290,2000-04-09,4.3645
2291,2000-04-10,4.3645
2292,2000-04-11,4.3645
2293,2000-04-12,4.3645
2294,2000-04-13,4.3645
2295,2000-04-14,4.3645
2296,2000-04-15,4.3645
2297,2000-04-16,4.3645
2298,2000-04-17,4.3645
2299,2000-04-18,4.3645
2300,2000-04-19,4.3645
2301,2000-04-20,4.3645
2302,2000-04-21,4.3645
2303,2000-04-22,4.3645
2304,2000-04-23,4.3645
2305,2000-04-24,4.3645
2306,2000-04-25,4.3645
2307,2000-04-26,4.3645
2308,2000-04-27,4.3645
2309,2000-04-28,4.3645
2310,2000-04-29,4.3645
2311,2000-04-30,4.3645
2312,2000-05-01,4.8485
2313,2000-05-02,4.8485
2314,2000-05-03,4.8485
2315,2000-05-04,4.8485
2316,2000-05-05,4.8485
2317,2000-05-06,4.8485
2318,2000-05-07,4.8485
2319,2000-05-08,4.8485
2320,2000-05-09,4.8485
2321,2000-05-10,4.8485
2322,2000-05-11,4.8485
2323,2000-05-12,4.8485
2324,2000-05-13,4.8485
2325,2000-05-14,4.8485
2326,2000-05-15,4.8485
2327,2000-05-16,4.8485
2328,2000-05-17,4.8485
2329,2000-05-18,4.8485
2330,2000-05-19,4.8485
2331,2000-05-20,4.8485
2332,2000-05-21,4.8485
2333,2000-05-22,4.8485
2334,2000-05-23,4.8485
2335,2000-05-24,4.8485
2336,2000-05-25,4.8485
2337,2000-05-26,4.8485
2338,2000-05-27,4.8485
2339,2000-05-28,4.8485
2340,2000-05-29,4.8485
2341,2000-05-30,4.8485
2342,2000-05-31,4.8485
2343,2000-06-01,4.9649
2344,2000-06-02,4.9649
2345,2000-06-03,4.9649
2346,2000-06-04,4.9649
2347,2000-06-05,4.9649
2348,2000-06-06,4.9649
2349,2000-06-07,4.9649
2350,2000-06-08,4.9649
2351,2000-06-09,4.9649
2352,2000-06-10,4.9649
2353,2000-06-11,4.9649
2354,2000-06-12,4.9649
2355,2000-06-13,4.9649
2356,2000-06-14,4.9649
2357,2000-06-15,4.9649
2358,2000-06-16,4.9649
2359,2000-06-17,4.9649
2360,2000-06-18,4.9649
2361,2000-06-19,4.9649
2362,2000-06-20,4.9649
2363,2000-06-21,4.9649
2364,2000-06-22,4.9649
2365,2000-06-23,4.9649
2366,2000-06-24,4.9649
2367,2000-06-25,4.9649
2368,2000-06-26,4.9649
2369,2000-06-27,4.9649
2370,2000-06-28,4.9649
2371,2000-06-29,4.9649
2372,2000-06-30,4.9649
2373,2000-07-01,5.105
2374,2000-07-02,5.105
2375,2000-07-03,5.105
2376,2000-07-04,5.105
2377,2000-07-05,5.105
2378,2000-07-06,5.105
2379,2000-07-07,5.105
2380,2000-07-08,5.105
2381,2000-07-09,5.105
2382,2000-07-10,5.105
2383,2000-07-11,5.105
2384,2000-07-12,5.105
2385,2000-07-13,5.105
2386,2000-07-14,5.105
2387,2000-07-15,5.105
2388,2000-07-16,5.105
2389,2000-07-17,5.105
2390,2000-07-18,5.105
2391,2000-07-19,5.105
2392,2000-07-20,5.105
2393,2000-07-21,5.105
2394,2000-07-22,5.105
2395,2000-07-23,5.105
2396,2000-07-24,5.105
2397,2000-07-25,5.105
2398,2000-07-26,5.105
2399,2000-07-27,5.105
2400,2000-07-28,5.105
2401,2000-07-29,5.105
2402,2000-07-30,5.105
2403,2000-07-31,5.105
2404,2000-08-01,5.2484
2405,2000-08-02,5.2484
2406,2000-08-03,5.2484
2407,2000-08-04,5.2484
2408,2000-08-05,5.2484
2409,2000-08-06,5.2484
2410,2000-08-07,5.2484
2411,2000-08-08,5.2484
2412,2000-08-09,5.2484
2413,2000-08-10,5.2484
2414,2000-08-11,5.2484
2415,2000-08-12,5.2484
2416,2000-08-13,5.2484
2417,2000-08-14,5.2484
2418,2000-08-15,5.2484
2419,2000-08-16,5.2484
2420,2000-08-17,5.2484
2421,2000-08-18,5.2484
2422,2000-08-19,5.2484
2423,2000-08-20,5.2484
2424,2000-08-21,5.2484
2425,2000-08-22,5.2484
2426,2000-08-23,5.2484
2427,2000-08-24,5.2484
2428,2000-08-25,5.2484
2429,2000-08-26,5.2484
2430,2000-08-27,5.2484
2431,2000-08-28,5.2484
2432,2000-08-29,5.2484
2433,2000-08-30,5.2484
2434,2000-08-31,5.2484
2435,2000-09-01,5.2192
2436,2000-09-02,5.2192
2437,2000-09-03,5.2192
2438,2000-09-04,5.2192
2439,2000-09-05,5.2192
2440,2000-09-06,5.2192
2441,2000-09-07,5.2192
2442,2000-09-08,5.2192
2443,2000-09-09,5.2192
2444,2000-09-10,5.2192
2445,2000-09-11,5.2192
2446,2000-09-12,5.2192
2447,2000-09-13,5.2192
2448,2000-09-14,5.2192
2449,2000-09-15,5.2192
2450,2000-09-16,5.2192
2451,2000-09-17,5.2192
2452,2000-09-18,5.2192
2453,2000-09-19,5.2192
2454,2000-09-20,5.2192
2455,2000-09-21,5.2192
2456,2000-09-22,5.2192
2457,2000-09-23,5.2192
2458,2000-09-24,5.2192
2459,2000-09-25,5.2192
2460,2000-09-26,5.2192
2461,2000-09-27,5.2192
2462,2000-09-28,5.2192
2463,2000-09-29,5.2192
2464,2000-09-30,5.2192
2465,2000-10-01,5.2184
2466,2000-10-02,5.2184
2467,2000-10-03,5.2184
2468,2000-10-04,5.2184
2469,2000-10-05,5.2184
2470,2000-10-06,5.2184
2471,2000-10-07,5.2184
2472,2000-10-08,5.2184
2473,2000-10-09,5.2184
2474,2000-10-10,5.2184
2475,2000-10-11,5.2184
2476,2000-10-12,5.2184
2477,2000-10-13,5.2184
2478,2000-10-14,5.2184
2479,2000-10-15,5.2184
2480,2000-10-16,5.2184
2481,2000-10-17,5.2184
2482,2000-10-18,5.2184
2483,2000-10-19,5.2184
2484,2000-10-20,5.2184
2485,2000-10-21,5.2184
2486,2000-10-22,5.2184
2487,2000-10-23,5.2184
2488,2000-10-24,5.2184
2489,2000-10-25,5.2184
2490,2000-10-26,5.2184
2491,2000-10-27,5.2184
2492,2000-10-28,5.2184
2493,2000-10-29,5.2184
2494,2000-10-30,5.2184
2495,2000-10-31,5.2184
2496,2000-11-01,5.1933
2497,2000-11-02,5.1933
2498,2000-11-03,5.1933
2499,2000-11-04,5.1933
2500,2000-11-05,5.1933
2501,2000-11-06,5.1933
2502,2000-11-07,5.1933
2503,2000-11-08,5.1933
2504,2000-11-09,5.1933
2505,2000-11-10,5.1933
2506,2000-11-11,5.1933
2507,2000-11-12,5.1933
2508,2000-11-13,5.1933
2509,2000-11-14,5.1933
2510,2000-11-15,5.1933
2511,2000-11-16,5.1933
2512,2000-11-17,5.1933
2513,2000-11-18,5.1933
2514,2000-11-19,5.1933
2515,2000-11-20,5.1933
2516,2000-11-21,5.1933
2517,2000-11-22,5.1933
2518,2000-11-23,5.1933
2519,2000-11-24,5.1933
2520,2000-11-25,5.1933
2521,2000-11-26,5.1933
2522,2000-11-27,5.1933
2523,2000-11-28,5.1933
2524,2000-11-29,5.1933
2525,2000-11-30,5.1933
2526,2000-12-01,4.8809
2527,2000-12-02,4.8809
2528,2000-12-03,4.8809
2529,2000-12-04,4.8809
2530,2000-12-05,4.8809
2531,2000-12-06,4.8809
2532,2000-12-07,4.8809
2533,2000-12-08,4.8809
2534,2000-12-09,4.8809
2535,2000-12-10,4.8809
2536,2000-12-11,4.8809
2537,2000-12-12,4.8809
2538,2000-12-13,4.8809
2539,2000-12-14,4.8809
2540,2000-12-15,4.8809
2541,2000-12-16,4.8809
2542,2000-12-17,4.8809
2543,2000-12-18,4.8809
2544,2000-12-19,4.8809
2545,2000-12-20,4.8809
2546,2000-12-21,4.8809
2547,2000-12-22,4.8809
2548,2000-12-23,4.8809
2549,2000-12-24,4.8809
2550,2000-12-25,4.8809
2551,2000-12-26,4.8809
2552,2000-12-27,4.8809
2553,2000-12-28,4.8809
2554,2000-12-29,4.8809
2555,2000-12-30,4.8809
2556,2000-12-31,4.8809
2557,2001-01-01,4.5736
2558,2001-01-02,4.5736
2559,2001-01-03,4.5736
2560,2001-01-04,4.5736
2561,2001-01-05,4.5736
2562,2001-01-06,4.5736
2563,2001-01-07,4.5736
2564,2001-01-08,4.5736
2565,2001-01-09,4.5736
2566,2001-01-10,4.5736
2567,2001-01-11,4.5736
2568,2001-01-12,4.5736
2569,2001-01-13,4.5736
2570,2001-01-14,4.5736
2571,2001-01-15,4.5736
2572,2001-01-16,4.5736
2573,2001-01-17,4.5736
2574,2001-01-18,4.5736
2575,2001-01-19,4.5736
2576,2001-01-20,4.5736
2577,2001-01-21,4.5736
2578,2001-01-22,4.5736
2579,2001-01-23,4.5736
2580,2001-01-24,4.5736
2581,2001-01-25,4.5736
2582,2001-01-26,4.5736
2583,2001-01-27,4.5736
2584,2001-01-28,4.5736
2585,2001-01-29,4.5736
2586,2001-01-30,4.5736
2587,2001-01-31,4.5736
2588,2001-02-01,4.5913
2589,2001-02-02,4.5913
2590,2001-02-03,4.5913
2591,2001-02-04,4.5913
2592,2001-02-05,4.5913
2593,2001-02-06,4.5913
2594,2001-02-07,4.5913
2595,2001-02-08,4.5913
2596,2001-02-09,4.5913
2597,2001-02-10,4.5913
2598,2001-02-11,4.5913
2599,2001-02-12,4.5913
2600,2001-02-13,4.5913
2601,2001-02-14,4.5913
2602,2001-02-15,4.5913
2603,2001-02-16,4.5913
2604,2001-02-17,4.5913
2605,2001-02-18,4.5913
2606,2001-02-19,4.5913
2607,2001-02-20,4.5913
2608,2001-02-21,4.5913
2609,2001-02-22,4.5913
2610,2001-02-23,4.5913
2611,2001-02-24,4.5913
2612,2001-02-25,4.5913
2613,2001-02-26,4.5913
2614,2001-02-27,4.5913
2615,2001-02-28,4.5913
2616,2001-03-01,4.4711
2617,2001-03-02,4.4711
2618,2001-03-03,4.4711
2619,2001-03-04,4.4711
2620,2001-03-05,4.4711
2621,2001-03-06,4.4711
2622,2001-03-07,4.4711
2623,2001-03-08,4.4711
2624,2001-03-09,4.4711
2625,2001-03-10,4.4711
2626,2001-03-11,4.4711
2627,2001-03-12,4.4711
2628,2001-03-13,4.4711
2629,2001-03-14,4.4711
2630,2001-03-15,4.4711
2631,2001-03-16,4.4711
2632,2001-03-17,4.4711
2633,2001-03-18,4.4711
2634,2001-03-19,4.4711
2635,2001-03-20,4.4711
2636,2001-03-21,4.4711
2637,2001-03-22,4.4711
2638,2001-03-23,4.4711
2639,2001-03-24,4.4711
2640,2001-03-25,4.4711
2641,2001-03-26,4.4711
2642,2001-03-27,4.4711
2643,2001-03-28,4.4711
2644,2001-03-29,4.4711
2645,2001-03-30,4.4711
2646,2001-03-31,4.4711
2647,2001-04-01,4.4811
2648,2001-04-02,4.4811
2649,2001-04-03,4.4811
2650,2001-04-04,4.4811
2651,2001-04-05,4.4811
2652,2001-04-06,4.4811
2653,2001-04-07,4.4811
2654,2001-04-08,4.4811
2655,2001-04-09,4.4811
2656,2001-04-10,4.4811
2657,2001-04-11,4.4811
2658,2001-04-12,4.4811
2659,2001-04-13,4.4811
2660,2001-04-14,4.4811
2661,2001-04-15,4.4811
2662,2001-04-16,4.4811
2663,2001-04-17,4.4811
2664,2001-04-18,4.4811
2665,2001-04-19,4.4811
2666,2001-04-20,4.4811
2667,2001-04-21,4.4811
2668,2001-04-22,4.4811
2669,2001-04-23,4.4811
2670,2001-04-24,4.4811
2671,2001-04-25,4.4811
2672,2001-04-26,4.4811
2673,2001-04-27,4.4811
2674,2001-04-28,4.4811
2675,2001-04-29,4.4811
2676,2001-04-30,4.4811
2677,2001-05-01,4.5205
2678,2001-05-02,4.5205
2679,2001-05-03,4.5205
2680,2001-05-04,4.5205
2681,2001-05-05,4.5205
2682,2001-05-06,4.5205
2683,2001-05-07,4.5205
2684,2001-05-08,4.5205
2685,2001-05-09,4.5205
2686,2001-05-10,4.5205
2687,2001-05-11,4.5205
2688,2001-05-12,4.5205
2689,2001-05-13,4.5205
2690,2001-05-14,4.5205
2691,2001-05-15,4.5205
2692,2001-05-16,4.5205
2693,2001-05-17,4.5205
2694,2001-05-18,4.5205
2695,2001-05-19,4.5205
2696,2001-05-20,4.5205
2697,2001-05-21,4.5205
2698,2001-05-22,4.5205
2699,2001-05-23,4.5205
2700,2001-05-24,4.5205
2701,2001-05-25,4.5205
2702,2001-05-26,4.5205
2703,2001-05-27,4.5205
2704,2001-05-28,4.5205
2705,2001-05-29,4.5205
2706,2001-05-30,4.5205
2707,2001-05-31,4.5205
2708,2001-06-01,4.3125
2709,2001-06-02,4.3125
2710,2001-06-03,4.3125
2711,2001-06-04,4.3125
2712,2001-06-05,4.3125
2713,2001-06-06,4.3125
2714,2001-06-07,4.3125
2715,2001-06-08,4.3125
2716,2001-06-09,4.3125
2717,2001-06-10,4.3125
2718,2001-06-11,4.3125
2719,2001-06-12,4.3125
2720,2001-06-13,4.3125
2721,2001-06-14,4.3125
2722,2001-06-15,4.3125
2723,2001-06-16,4.3125
2724,2001-06-17,4.3125
2725,2001-06-18,4.3125
2726,2001-06-19,4.3125
2727,2001-06-20,4.3125
2728,2001-06-21,4.3125
2729,2001-06-22,4.3125
2730,2001-06-23,4.3125
2731,2001-06-24,4.3125
2732,2001-06-25,4.3125
2733,2001-06-26,4.3125
2734,2001-06-27,4.3125
2735,2001-06-28,4.3125
2736,2001-06-29,4.3125
2737,2001-06-30,4.3125
2738,2001-07-01,4.3109
2739,2001-07-02,4.3109
2740,2001-07-03,4.3109
2741,2001-07-04,4.3109
2742,2001-07-05,4.3109
2743,2001-07-06,4.3109
2744,2001-07-07,4.3109
2745,2001-07-08,4.3109
2746,2001-07-09,4.3109
2747,2001-07-10,4.3109
2748,2001-07-11,4.3109
2749,2001-07-12,4.3109
2750,2001-07-13,4.3109
2751,2001-07-14,4.3109
2752,2001-07-15,4.3109
2753,2001-07-16,4.3109
2754,2001-07-17,4.3109
2755,2001-07-18,4.3109
2756,2001-07-19,4.3109
2757,2001-07-20,4.3109
2758,2001-07-21,4.3109
2759,2001-07-22,4.3109
2760,2001-07-23,4.3109
2761,2001-07-24,4.3109
2762,2001-07-25,4.3109
2763,2001-07-26,4.3109
2764,2001-07-27,4.3109
2765,2001-07-28,4.3109
2766,2001-07-29,4.3109
2767,2001-07-30,4.3109
2768,2001-07-31,4.3109
2769,2001-08-01,4.1075
2770,2001-08-02,4.1075
2771,2001-08-03,4.1075
2772,2001-08-04,4.1075
2773,2001-08-05,4.1075
2774,2001-08-06,4.1075
2775,2001-08-07,4.1075
2776,2001-08-08,4.1075
2777,2001-08-09,4.1075
2778,2001-08-10,4.1075
2779,2001-08-11,4.1075
2780,2001-08-12,4.1075
2781,2001-08-13,4.1075
2782,2001-08-14,4.1075
2783,2001-08-15,4.1075
2784,2001-08-16,4.1075
2785,2001-08-17,4.1075
2786,2001-08-18,4.1075
2787,2001-08-19,4.1075
2788,2001-08-20,4.1075
2789,2001-08-21,4.1075
2790,2001-08-22,4.1075
2791,2001-08-23,4.1075
2792,2001-08-24,4.1075
2793,2001-08-25,4.1075
2794,2001-08-26,4.1075
2795,2001-08-27,4.1075
2796,2001-08-28,4.1075
2797,2001-08-29,4.1075
2798,2001-08-30,4.1075
2799,2001-08-31,4.1075
2800,2001-09-01,3.77
2801,2001-09-02,3.77
2802,2001-09-03,3.77
2803,2001-09-04,3.77
2804,2001-09-05,3.77
2805,2001-09-06,3.77
2806,2001-09-07,3.77
2807,2001-09-08,3.77
2808,2001-09-09,3.77
2809,2001-09-10,3.77
2810,2001-09-11,3.77
2811,2001-09-12,3.77
2812,2001-09-13,3.77
2813,2001-09-14,3.77
2814,2001-09-15,3.77
2815,2001-09-16,3.77
2816,2001-09-17,3.77
2817,2001-09-18,3.77
2818,2001-09-19,3.77
2819,2001-09-20,3.77
2820,2001-09-21,3.77
2821,2001-09-22,3.77
2822,2001-09-23,3.77
2823,2001-09-24,3.77
2824,2001-09-25,3.77
2825,2001-09-26,3.77
2826,2001-09-27,3.77
2827,2001-09-28,3.77
2828,2001-09-29,3.77
2829,2001-09-30,3.77
2830,2001-10-01,3.3694
2831,2001-10-02,3.3694
2832,2001-10-03,3.3694
2833,2001-10-04,3.3694
2834,2001-10-05,3.3694
2835,2001-10-06,3.3694
2836,2001-10-07,3.3694
2837,2001-10-08,3.3694
2838,2001-10-09,3.3694
2839,2001-10-10,3.3694
2840,2001-10-11,3.3694
2841,2001-10-12,3.3694
2842,2001-10-13,3.3694
2843,2001-10-14,3.3694
2844,2001-10-15,3.3694
2845,2001-10-16,3.3694
2846,2001-10-17,3.3694
2847,2001-10-18,3.3694
2848,2001-10-19,3.3694
2849,2001-10-20,3.3694
2850,2001-10-21,3.3694
2851,2001-10-22,3.3694
2852,2001-10-23,3.3694
2853,2001-10-24,3.3694
2854,2001-10-25,3.3694
2855,2001-10-26,3.3694
2856,2001-10-27,3.3694
2857,2001-10-28,3.3694
2858,2001-10-29,3.3694
2859,2001-10-30,3.3694
2860,2001-10-31,3.3694
2861,2001-11-01,3.1979
2862,2001-11-02,3.1979
2863,2001-11-03,3.1979
2864,2001-11-04,3.1979
2865,2001-11-05,3.1979
2866,2001-11-06,3.1979
2867,2001-11-07,3.1979
2868,2001-11-08,3.1979
2869,2001-11-09,3.1979
2870,2001-11-10,3.1979
2871,2001-11-11,3.1979
2872,2001-11-12,3.1979
2873,2001-11-13,3.1979
2874,2001-11-14,3.1979
2875,2001-11-15,3.1979
2876,2001-11-16,3.1979
2877,2001-11-17,3.1979
2878,2001-11-18,3.1979
2879,2001-11-19,3.1979
2880,2001-11-20,3.1979
2881,2001-11-21,3.1979
2882,2001-11-22,3.1979
2883,2001-11-23,3.1979
2884,2001-11-24,3.1979
2885,2001-11-25,3.1979
2886,2001-11-26,3.1979
2887,2001-11-27,3.1979
2888,2001-11-28,3.1979
2889,2001-11-29,3.1979
2890,2001-11-30,3.1979
2891,2001-12-01,3.2981
2892,2001-12-02,3.2981
2893,2001-12-03,3.2981
2894,2001-12-04,3.2981
2895,2001-12-05,3.2981
2896,2001-12-06,3.2981
2897,2001-12-07,3.2981
2898,2001-12-08,3.2981
2899,2001-12-09,3.2981
2900,2001-12-10,3.2981
2901,2001-12-11,3.2981
2902,2001-12-12,3.2981
2903,2001-12-13,3.2981
2904,2001-12-14,3.2981
2905,2001-12-15,3.2981
2906,2001-12-16,3.2981
2907,2001-12-17,3.2981
2908,2001-12-18,3.2981
2909,2001-12-19,3.2981
2910,2001-12-20,3.2981
2911,2001-12-21,3.2981
2912,2001-12-22,3.2981
2913,2001-12-23,3.2981
2914,2001-12-24,3.2981
2915,2001-12-25,3.2981
2916,2001-12-26,3.2981
2917,2001-12-27,3.2981
2918,2001-12-28,3.2981
2919,2001-12-29,3.2981
2920,2001-12-30,3.2981
2921,2001-12-31,3.2981
2922,2002-01-01,3.4832
2923,2002-01-02,3.4832
2924,2002-01-03,3.4832
2925,2002-01-04,3.4832
2926,2002-01-05,3.4832
2927,2002-01-06,3.4832
2928,2002-01-07,3.4832
2929,2002-01-08,3.4832
2930,2002-01-09,3.4832
2931,2002-01-10,3.4832
2932,2002-01-11,3.4832
2933,2002-01-12,3.4832
2934,2002-01-13,3.4832
2935,2002-01-14,3.4832
2936,2002-01-15,3.4832
2937,2002-01-16,3.4832
2938,2002-01-17,3.4832
2939,2002-01-18,3.4832
2940,2002-01-19,3.4832
2941,2002-01-20,3.4832
2942,2002-01-21,3.4832
2943,2002-01-22,3.4832
2944,2002-01-23,3.4832
2945,2002-01-24,3.4832
2946,2002-01-25,3.4832
2947,2002-01-26,3.4832
2948,2002-01-27,3.4832
2949,2002-01-28,3.4832
2950,2002-01-29,3.4832
2951,2002-01-30,3.4832
2952,2002-01-31,3.4832
2953,2002-02-01,3.5936
2954,2002-02-02,3.5936
2955,2002-02-03,3.5936
2956,2002-02-04,3.5936
2957,2002-02-05,3.5936
2958,2002-02-06,3.5936
2959,2002-02-07,3.5936
2960,2002-02-08,3.5936
2961,2002-02-09,3.5936
2962,2002-02-10,3.5936
2963,2002-02-11,3.5936
2964,2002-02-12,3.5936
2965,2002-02-13,3.5936
2966,2002-02-14,3.5936
2967,2002-02-15,3.5936
2968,2002-02-16,3.5936
2969,2002-02-17,3.5936
2970,2002-02-18,3.5936
2971,2002-02-19,3.5936
2972,2002-02-20,3.5936
2973,2002-02-21,3.5936
2974,2002-02-22,3.5936
2975,2002-02-23,3.5936
2976,2002-02-24,3.5936
2977,2002-02-25,3.5936
2978,2002-02-26,3.5936
2979,2002-02-27,3.5936
2980,2002-02-28,3.5936
2981,2002-03-01,3.8156
2982,2002-03-02,3.8156
2983,2002-03-03,3.8156
2984,2002-03-04,3.8156
2985,2002-03-05,3.8156
2986,2002-03-06,3.8156
2987,2002-03-07,3.8156
2988,2002-03-08,3.8156
2989,2002-03-09,3.8156
2990,2002-03-10,3.8156
2991,2002-03-11,3.8156
2992,2002-03-12,3.8156
2993,2002-03-13,3.8156
2994,2002-03-14,3.8156
2995,2002-03-15,3.8156
2996,2002-03-16,3.8156
2997,2002-03-17,3.8156
2998,2002-03-18,3.8156
2999,2002-03-19,3.8156
3000,2002-03-20,3.8156
3001,2002-03-21,3.8156
3002,2002-03-22,3.8156
3003,2002-03-23,3.8156
3004,2002-03-24,3.8156
3005,2002-03-25,3.8156
3006,2002-03-26,3.8156
3007,2002-03-27,3.8156
3008,2002-03-28,3.8156
3009,2002-03-29,3.8156
3010,2002-03-30,3.8156
3011,2002-03-31,3.8156
3012,2002-04-01,3.8602
3013,2002-04-02,3.8602
3014,2002-04-03,3.8602
3015,2002-04-04,3.8602
3016,2002-04-05,3.8602
3017,2002-04-06,3.8602
3018,2002-04-07,3.8602
3019,2002-04-08,3.8602
3020,2002-04-09,3.8602
3021,2002-04-10,3.8602
3022,2002-04-11,3.8602
3023,2002-04-12,3.8602
3024,2002-04-13,3.8602
3025,2002-04-14,3.8602
3026,2002-04-15,3.8602
3027,2002-04-16,3.8602
3028,2002-04-17,3.8602
3029,2002-04-18,3.8602
3030,2002-04-19,3.8602
3031,2002-04-20,3.8602
3032,2002-04-21,3.8602
3033,2002-04-22,3.8602
3034,2002-04-23,3.8602
3035,2002-04-24,3.8602
3036,2002-04-25,3.8602
3037,2002-04-26,3.8602
3038,2002-04-27,3.8602
3039,2002-04-28,3.8602
3040,2002-04-29,3.8602
3041,2002-04-30,3.8602
3042,2002-05-01,3.9627
3043,2002-05-02,3.9627
3044,2002-05-03,3.9627
3045,2002-05-04,3.9627
3046,2002-05-05,3.9627
3047,2002-05-06,3.9627
3048,2002-05-07,3.9627
3049,2002-05-08,3.9627
3050,2002-05-09,3.9627
3051,2002-05-10,3.9627
3052,2002-05-11,3.9627
3053,2002-05-12,3.9627
3054,2002-05-13,3.9627
3055,2002-05-14,3.9627
3056,2002-05-15,3.9627
3057,2002-05-16,3.9627
3058,2002-05-17,3.9627
3059,2002-05-18,3.9627
3060,2002-05-19,3.9627
3061,2002-05-20,3.9627
3062,2002-05-21,3.9627
3063,2002-05-22,3.9627
3064,2002-05-23,3.9627
3065,2002-05-24,3.9627
3066,2002-05-25,3.9627
3067,2002-05-26,3.9627
3068,2002-05-27,3.9627
3069,2002-05-28,3.9627
3070,2002-05-29,3.9627
3071,2002-05-30,3.9627
3072,2002-05-31,3.9627
3073,2002-06-01,3.8688
3074,2002-06-02,3.8688
3075,2002-06-03,3.8688
3076,2002-06-04,3.8688
3077,2002-06-05,3.8688
3078,2002-06-06,3.8688
3079,2002-06-07,3.8688
3080,2002-06-08,3.8688
3081,2002-06-09,3.8688
3082,2002-06-10,3.8688
3083,2002-06-11,3.8688
3084,2002-06-12,3.8688
3085,2002-06-13,3.8688
3086,2002-06-14,3.8688
3087,2002-06-15,3.8688
3088,2002-06-16,3.8688
3089,2002-06-17,3.8688
3090,2002-06-18,3.8688
3091,2002-06-19,3.8688
3092,2002-06-20,3.8688
3093,2002-06-21,3.8688
3094,2002-06-22,3.8688
3095,2002-06-23,3.8688
3096,2002-06-24,3.8688
3097,2002-06-25,3.8688
3098,2002-06-26,3.8688
3099,2002-06-27,3.8688
3100,2002-06-28,3.8688
3101,2002-06-29,3.8688
3102,2002-06-30,3.8688
3103,2002-07-01,3.6448
3104,2002-07-02,3.6448
3105,2002-07-03,3.6448
3106,2002-07-04,3.6448
3107,2002-07-05,3.6448
3108,2002-07-06,3.6448
3109,2002-07-07,3.6448
3110,2002-07-08,3.6448
3111,2002-07-09,3.6448
3112,2002-07-10,3.6448
3113,2002-07-11,3.6448
3114,2002-07-12,3.6448
3115,2002-07-13,3.6448
3116,2002-07-14,3.6448
3117,2002-07-15,3.6448
3118,2002-07-16,3.6448
3119,2002-07-17,3.6448
3120,2002-07-18,3.6448
3121,2002-07-19,3.6448
3122,2002-07-20,3.6448
3123,2002-07-21,3.6448
3124,2002-07-22,3.6448
3125,2002-07-23,3.6448
3126,2002-07-24,3.6448
3127,2002-07-25,3.6448
3128,2002-07-26,3.6448
3129,2002-07-27,3.6448
3130,2002-07-28,3.6448
3131,2002-07-29,3.6448
3132,2002-07-30,3.6448
3133,2002-07-31,3.6448
3134,2002-08-01,3.4404
3135,2002-08-02,3.4404
3136,2002-08-03,3.4404
3137,2002-08-04,3.4404
3138,2002-08-05,3.4404
3139,2002-08-06,3.4404
3140,2002-08-07,3.4404
3141,2002-08-08,3.4404
3142,2002-08-09,3.4404
3143,2002-08-10,3.4404
3144,2002-08-11,3.4404
3145,2002-08-12,3.4404
3146,2002-08-13,3.4404
3147,2002-08-14,3.4404
3148,2002-08-15,3.4404
3149,2002-08-16,3.4404
3150,2002-08-17,3.4404
3151,2002-08-18,3.4404
3152,2002-08-19,3.4404
3153,2002-08-20,3.4404
3154,2002-08-21,3.4404
3155,2002-08-22,3.4404
3156,2002-08-23,3.4404
3157,2002-08-24,3.4404
3158,2002-08-25,3.4404
3159,2002-08-26,3.4404
3160,2002-08-27,3.4404
3161,2002-08-28,3.4404
3162,2002-08-29,3.4404
3163,2002-08-30,3.4404
3164,2002-08-31,3.4404
3165,2002-09-01,3.2364
3166,2002-09-02,3.2364
3167,2002-09-03,3.2364
3168,2002-09-04,3.2364
3169,2002-09-05,3.2364
3170,2002-09-06,3.2364
3171,2002-09-07,3.2364
3172,2002-09-08,3.2364
3173,2002-09-09,3.2364
3174,2002-09-10,3.2364
3175,2002-09-11,3.2364
3176,2002-09-12,3.2364
3177,2002-09-13,3.2364
3178,2002-09-14,3.2364
3179,2002-09-15,3.2364
3180,2002-09-16,3.2364
3181,2002-09-17,3.2364
3182,2002-09-18,3.2364
3183,2002-09-19,3.2364
3184,2002-09-20,3.2364
3185,2002-09-21,3.2364
3186,2002-09-22,3.2364
3187,2002-09-23,3.2364
3188,2002-09-24,3.2364
3189,2002-09-25,3.2364
3190,2002-09-26,3.2364
3191,2002-09-27,3.2364
3192,2002-09-28,3.2364
3193,2002-09-29,3.2364
3194,2002-09-30,3.2364
3195,2002-10-01,3.1259
3196,2002-10-02,3.1259
3197,2002-10-03,3.1259
3198,2002-10-04,3.1259
3199,2002-10-05,3.1259
3200,2002-10-06,3.1259
3201,2002-10-07,3.1259
3202,2002-10-08,3.1259
3203,2002-10-09,3.1259
3204,2002-10-10,3.1259
3205,2002-10-11,3.1259
3206,2002-10-12,3.1259
3207,2002-10-13,3.1259
3208,2002-10-14,3.1259
3209,2002-10-15,3.1259
3210,2002-10-16,3.1259
3211,2002-10-17,3.1259
3212,2002-10-18,3.1259
3213,2002-10-19,3.1259
3214,2002-10-20,3.1259
3215,2002-10-21,3.1259
3216,2002-10-22,3.1259
3217,2002-10-23,3.1259
3218,2002-10-24,3.1259
3219,2002-10-25,3.1259
3220,2002-10-26,3.1259
3221,2002-10-27,3.1259
3222,2002-10-28,3.1259
3223,2002-10-29,3.1259
3224,2002-10-30,3.1259
3225,2002-10-31,3.1259
3226,2002-11-01,3.0174
3227,2002-11-02,3.0174
3228,2002-11-03,3.0174
3229,2002-11-04,3.0174
3230,2002-11-05,3.0174
3231,2002-11-06,3.0174
3232,2002-11-07,3.0174
3233,2002-11-08,3.0174
3234,2002-11-09,3.0174
3235,2002-11-10,3.0174
3236,2002-11-11,3.0174
3237,2002-11-12,3.0174
3238,2002-11-13,3.0174
3239,2002-11-14,3.0174
3240,2002-11-15,3.0174
3241,2002-11-16,3.0174
3242,2002-11-17,3.0174
3243,2002-11-18,3.0174
3244,2002-11-19,3.0174
3245,2002-11-20,3.0174
3246,2002-11-21,3.0174
3247,2002-11-22,3.0174
3248,2002-11-23,3.0174
3249,2002-11-24,3.0174
3250,2002-11-25,3.0174
3251,2002-11-26,3.0174
3252,2002-11-27,3.0174
3253,2002-11-28,3.0174
3254,2002-11-29,3.0174
3255,2002-11-30,3.0174
3256,2002-12-01,2.8716
3257,2002-12-02,2.8716
3258,2002-12-03,2.8716
3259,2002-12-04,2.8716
3260,2002-12-05,2.8716
3261,2002-12-06,2.8716
3262,2002-12-07,2.8716
3263,2002-12-08,2.8716
3264,2002-12-09,2.8716
3265,2002-12-10,2.8716
3266,2002-12-11,2.8716
3267,2002-12-12,2.8716
3268,2002-12-13,2.8716
3269,2002-12-14,2.8716
3270,2002-12-15,2.8716
3271,2002-12-16,2.8716
3272,2002-12-17,2.8716
3273,2002-12-18,2.8716
3274,2002-12-19,2.8716
3275,2002-12-20,2.8716
3276,2002-12-21,2.8716
3277,2002-12-22,2.8716
3278,2002-12-23,2.8716
3279,2002-12-24,2.8716
3280,2002-12-25,2.8716
3281,2002-12-26,2.8716
3282,2002-12-27,2.8716
3283,2002-12-28,2.8716
3284,2002-12-29,2.8716
3285,2002-12-30,2.8716
3286,2002-12-31,2.8716
3287,2003-01-01,2.7045
3288,2003-01-02,2.7045
3289,2003-01-03,2.7045
3290,2003-01-04,2.7045
3291,2003-01-05,2.7045
3292,2003-01-06,2.7045
3293,2003-01-07,2.7045
3294,2003-01-08,2.7045
3295,2003-01-09,2.7045
3296,2003-01-10,2.7045
3297,2003-01-11,2.7045
3298,2003-01-12,2.7045
3299,2003-01-13,2.7045
3300,2003-01-14,2.7045
3301,2003-01-15,2.7045
3302,2003-01-16,2.7045
3303,2003-01-17,2.7045
3304,2003-01-18,2.7045
3305,2003-01-19,2.7045
3306,2003-01-20,2.7045
3307,2003-01-21,2.7045
3308,2003-01-22,2.7045
3309,2003-01-23,2.7045
3310,2003-01-24,2.7045
3311,2003-01-25,2.7045
3312,2003-01-26,2.7045
3313,2003-01-27,2.7045
3314,2003-01-28,2.7045
3315,2003-01-29,2.7045
3316,2003-01-30,2.7045
3317,2003-01-31,2.7045
3318,2003-02-01,2.5036
3319,2003-02-02,2.5036
3320,2003-02-03,2.5036
3321,2003-02-04,2.5036
3322,2003-02-05,2.5036
3323,2003-02-06,2.5036
3324,2003-02-07,2.5036
3325,2003-02-08,2.5036
3326,2003-02-09,2.5036
3327,2003-02-10,2.5036
3328,2003-02-11,2.5036
3329,2003-02-12,2.5036
3330,2003-02-13,2.5036
3331,2003-02-14,2.5036
3332,2003-02-15,2.5036
3333,2003-02-16,2.5036
3334,2003-02-17,2.5036
3335,2003-02-18,2.5036
3336,2003-02-19,2.5036
3337,2003-02-20,2.5036
3338,2003-02-21,2.5036
3339,2003-02-22,2.5036
3340,2003-02-23,2.5036
3341,2003-02-24,2.5036
3342,2003-02-25,2.5036
3343,2003-02-26,2.5036
3344,2003-02-27,2.5036
3345,2003-02-28,2.5036
3346,2003-03-01,2.4112
3347,2003-03-02,2.4112
3348,2003-03-03,2.4112
3349,2003-03-04,2.4112
3350,2003-03-05,2.4112
3351,2003-03-06,2.4112
3352,2003-03-07,2.4112
3353,2003-03-08,2.4112
3354,2003-03-09,2.4112
3355,2003-03-10,2.4112
3356,2003-03-11,2.4112
3357,2003-03-12,2.4112
3358,2003-03-13,2.4112
3359,2003-03-14,2.4112
3360,2003-03-15,2.4112
3361,2003-03-16,2.4112
3362,2003-03-17,2.4112
3363,2003-03-18,2.4112
3364,2003-03-19,2.4112
3365,2003-03-20,2.4112
3366,2003-03-21,2.4112
3367,2003-03-22,2.4112
3368,2003-03-23,2.4112
3369,2003-03-24,2.4112
3370,2003-03-25,2.4112
3371,2003-03-26,2.4112
3372,2003-03-27,2.4112
3373,2003-03-28,2.4112
3374,2003-03-29,2.4112
3375,2003-03-30,2.4112
3376,2003-03-31,2.4112
3377,2003-04-01,2.447
3378,2003-04-02,2.447
3379,2003-04-03,2.447
3380,2003-04-04,2.447
3381,2003-04-05,2.447
3382,2003-04-06,2.447
3383,2003-04-07,2.447
3384,2003-04-08,2.447
3385,2003-04-09,2.447
3386,2003-04-10,2.447
3387,2003-04-11,2.447
3388,2003-04-12,2.447
3389,2003-04-13,2.447
3390,2003-04-14,2.447
3391,2003-04-15,2.447
3392,2003-04-16,2.447
3393,2003-04-17,2.447
3394,2003-04-18,2.447
3395,2003-04-19,2.447
3396,2003-04-20,2.447
3397,2003-04-21,2.447
3398,2003-04-22,2.447
3399,2003-04-23,2.447
3400,2003-04-24,2.447
3401,2003-04-25,2.447
3402,2003-04-26,2.447
3403,2003-04-27,2.447
3404,2003-04-28,2.447
3405,2003-04-29,2.447
3406,2003-04-30,2.447
3407,2003-05-01,2.2521
3408,2003-05-02,2.2521
3409,2003-05-03,2.2521
3410,2003-05-04,2.2521
3411,2003-05-05,2.2521
3412,2003-05-06,2.2521
3413,2003-05-07,2.2521
3414,2003-05-08,2.2521
3415,2003-05-09,2.2521
3416,2003-05-10,2.2521
3417,2003-05-11,2.2521
3418,2003-05-12,2.2521
3419,2003-05-13,2.2521
3420,2003-05-14,2.2521
3421,2003-05-15,2.2521
3422,2003-05-16,2.2521
3423,2003-05-17,2.2521
3424,2003-05-18,2.2521
3425,2003-05-19,2.2521
3426,2003-05-20,2.2521
3427,2003-05-21,2.2521
3428,2003-05-22,2.2521
3429,2003-05-23,2.2521
3430,2003-05-24,2.2521
3431,2003-05-25,2.2521
3432,2003-05-26,2.2521
3433,2003-05-27,2.2521
3434,2003-05-28,2.2521
3435,2003-05-29,2.2521
3436,2003-05-30,2.2521
3437,2003-05-31,2.2521
3438,2003-06-01,2.0137
3439,2003-06-02,2.0137
3440,2003-06-03,2.0137
3441,2003-06-04,2.0137
3442,2003-06-05,2.0137
3443,2003-06-06,2.0137
3444,2003-06-07,2.0137
3445,2003-06-08,2.0137
3446,2003-06-09,2.0137
3447,2003-06-10,2.0137
3448,2003-06-11,2.0137
3449,2003-06-12,2.0137
3450,2003-06-13,2.0137
3451,2003-06-14,2.0137
3452,2003-06-15,2.0137
3453,2003-06-16,2.0137
3454,2003-06-17,2.0137
3455,2003-06-18,2.0137
3456,2003-06-19,2.0137
3457,2003-06-20,2.0137
3458,2003-06-21,2.0137
3459,2003-06-22,2.0137
3460,2003-06-23,2.0137
3461,2003-06-24,2.0137
3462,2003-06-25,2.0137
3463,2003-06-26,2.0137
3464,2003-06-27,2.0137
3465,2003-06-28,2.0137
3466,2003-06-29,2.0137
3467,2003-06-30,2.0137
3468,2003-07-01,2.0761
3469,2003-07-02,2.0761
3470,2003-07-03,2.0761
3471,2003-07-04,2.0761
3472,2003-07-05,2.0761
3473,2003-07-06,2.0761
3474,2003-07-07,2.0761
3475,2003-07-08,2.0761
3476,2003-07-09,2.0761
3477,2003-07-10,2.0761
3478,2003-07-11,2.0761
3479,2003-07-12,2.0761
3480,2003-07-13,2.0761
3481,2003-07-14,2.0761
3482,2003-07-15,2.0761
3483,2003-07-16,2.0761
3484,2003-07-17,2.0761
3485,2003-07-18,2.0761
3486,2003-07-19,2.0761
3487,2003-07-20,2.0761
3488,2003-07-21,2.0761
3489,2003-07-22,2.0761
3490,2003-07-23,2.0761
3491,2003-07-24,2.0761
3492,2003-07-25,2.0761
3493,2003-07-26,2.0761
3494,2003-07-27,2.0761
3495,2003-07-28,2.0761
3496,2003-07-29,2.0761
3497,2003-07-30,2.0761
3498,2003-07-31,2.0761
3499,2003-08-01,2.2786
3500,2003-08-02,2.2786
3501,2003-08-03,2.2786
3502,2003-08-04,2.2786
3503,2003-08-05,2.2786
3504,2003-08-06,2.2786
3505,2003-08-07,2.2786
3506,2003-08-08,2.2786
3507,2003-08-09,2.2786
3508,2003-08-10,2.2786
3509,2003-08-11,2.2786
3510,2003-08-12,2.2786
3511,2003-08-13,2.2786
3512,2003-08-14,2.2786
3513,2003-08-15,2.2786
3514,2003-08-16,2.2786
3515,2003-08-17,2.2786
3516,2003-08-18,2.2786
3517,2003-08-19,2.2786
3518,2003-08-20,2.2786
3519,2003-08-21,2.2786
3520,2003-08-22,2.2786
3521,2003-08-23,2.2786
3522,2003-08-24,2.2786
3523,2003-08-25,2.2786
3524,2003-08-26,2.2786
3525,2003-08-27,2.2786
3526,2003-08-28,2.2786
3527,2003-08-29,2.2786
3528,2003-08-30,2.2786
3529,2003-08-31,2.2786
3530,2003-09-01,2.2576
3531,2003-09-02,2.2576
3532,2003-09-03,2.2576
3533,2003-09-04,2.2576
3534,2003-09-05,2.2576
3535,2003-09-06,2.2576
3536,2003-09-07,2.2576
3537,2003-09-08,2.2576
3538,2003-09-09,2.2576
3539,2003-09-10,2.2576
3540,2003-09-11,2.2576
3541,2003-09-12,2.2576
3542,2003-09-13,2.2576
3543,2003-09-14,2.2576
3544,2003-09-15,2.2576
3545,2003-09-16,2.2576
3546,2003-09-17,2.2576
3547,2003-09-18,2.2576
3548,2003-09-19,2.2576
3549,2003-09-20,2.2576
3550,2003-09-21,2.2576
3551,2003-09-22,2.2576
3552,2003-09-23,2.2576
3553,2003-09-24,2.2576
3554,2003-09-25,2.2576
3555,2003-09-26,2.2576
3556,2003-09-27,2.2576
3557,2003-09-28,2.2576
3558,2003-09-29,2.2576
3559,2003-09-30,2.2576
3560,2003-10-01,2.3025
3561,2003-10-02,2.3025
3562,2003-10-03,2.3025
3563,2003-10-04,2.3025
3564,2003-10-05,2.3025
3565,2003-10-06,2.3025
3566,2003-10-07,2.3025
3567,2003-10-08,2.3025
3568,2003-10-09,2.3025
3569,2003-10-10,2.3025
3570,2003-10-11,2.3025
3571,2003-10-12,2.3025
3572,2003-10-13,2.3025
3573,2003-10-14,2.3025
3574,2003-10-15,2.3025
3575,2003-10-16,2.3025
3576,2003-10-17,2.3025
3577,2003-10-18,2.3025
3578,2003-10-19,2.3025
3579,2003-10-20,2.3025
3580,2003-10-21,2.3025
3581,2003-10-22,2.3025
3582,2003-10-23,2.3025
3583,2003-10-24,2.3025
3584,2003-10-25,2.3025
3585,2003-10-26,2.3025
3586,2003-10-27,2.3025
3587,2003-10-28,2.3025
3588,2003-10-29,2.3025
3589,2003-10-30,2.3025
3590,2003-10-31,2.3025
3591,2003-11-01,2.4103
3592,2003-11-02,2.4103
3593,2003-11-03,2.4103
3594,2003-11-04,2.4103
3595,2003-11-05,2.4103
3596,2003-11-06,2.4103
3597,2003-11-07,2.4103
3598,2003-11-08,2.4103
3599,2003-11-09,2.4103
3600,2003-11-10,2.4103
3601,2003-11-11,2.4103
3602,2003-11-12,2.4103
3603,2003-11-13,2.4103
3604,2003-11-14,2.4103
3605,2003-11-15,2.4103
3606,2003-11-16,2.4103
3607,2003-11-17,2.4103
3608,2003-11-18,2.4103
3609,2003-11-19,2.4103
3610,2003-11-20,2.4103
3611,2003-11-21,2.4103
3612,2003-11-22,2.4103
3613,2003-11-23,2.4103
3614,2003-11-24,2.4103
3615,2003-11-25,2.4103
3616,2003-11-26,2.4103
3617,2003-11-27,2.4103
3618,2003-11-28,2.4103
3619,2003-11-29,2.4103
3620,2003-11-30,2.4103
3621,2003-12-01,2.3808
3622,2003-12-02,2.3808
3623,2003-12-03,2.3808
3624,2003-12-04,2.3808
3625,2003-12-05,2.3808
3626,2003-12-06,2.3808
3627,2003-12-07,2.3808
3628,2003-12-08,2.3808
3629,2003-12-09,2.3808
3630,2003-12-10,2.3808
3631,2003-12-11,2.3808
3632,2003-12-12,2.3808
3633,2003-12-13,2.3808
3634,2003-12-14,2.3808
3635,2003-12-15,2.3808
3636,2003-12-16,2.3808
3637,2003-12-17,2.3808
3638,2003-12-18,2.3808
3639,2003-12-19,2.3808
3640,2003-12-20,2.3808
3641,2003-12-21,2.3808
3642,2003-12-22,2.3808
3643,2003-12-23,2.3808
3644,2003-12-24,2.3808
3645,2003-12-25,2.3808
3646,2003-12-26,2.3808
3647,2003-12-27,2.3808
3648,2003-12-28,2.3808
3649,2003-12-29,2.3808
3650,2003-12-30,2.3808
3651,2003-12-31,2.3808
3652,2004-01-01,2.2163
3653,2004-01-02,2.2163
3654,2004-01-03,2.2163
3655,2004-01-04,2.2163
3656,2004-01-05,2.2163
3657,2004-01-06,2.2163
3658,2004-01-07,2.2163
3659,2004-01-08,2.2163
3660,2004-01-09,2.2163
3661,2004-01-10,2.2163
3662,2004-01-11,2.2163
3663,2004-01-12,2.2163
3664,2004-01-13,2.2163
3665,2004-01-14,2.2163
3666,2004-01-15,2.2163
3667,2004-01-16,2.2163
3668,2004-01-17,2.2163
3669,2004-01-18,2.2163
3670,2004-01-19,2.2163
3671,2004-01-20,2.2163
3672,2004-01-21,2.2163
3673,2004-01-22,2.2163
3674,2004-01-23,2.2163
3675,2004-01-24,2.2163
3676,2004-01-25,2.2163
3677,2004-01-26,2.2163
3678,2004-01-27,2.2163
3679,2004-01-28,2.2163
3680,2004-01-29,2.2163
3681,2004-01-30,2.2163
3682,2004-01-31,2.2163
3683,2004-02-01,2.163
3684,2004-02-02,2.163
3685,2004-02-03,2.163
3686,2004-02-04,2.163
3687,2004-02-05,2.163
3688,2004-02-06,2.163
3689,2004-02-07,2.163
3690,2004-02-08,2.163
3691,2004-02-09,2.163
3692,2004-02-10,2.163
3693,2004-02-11,2.163
3694,2004-02-12,2.163
3695,2004-02-13,2.163
3696,2004-02-14,2.163
3697,2004-02-15,2.163
3698,2004-02-16,2.163
3699,2004-02-17,2.163
3700,2004-02-18,2.163
3701,2004-02-19,2.163
3702,2004-02-20,2.163
3703,2004-02-21,2.163
3704,2004-02-22,2.163
3705,2004-02-23,2.163
3706,2004-02-24,2.163
3707,2004-02-25,2.163
3708,2004-02-26,2.163
3709,2004-02-27,2.163
3710,2004-02-28,2.163
3711,2004-02-29,2.163
3712,2004-03-01,2.055
3713,2004-03-02,2.055
3714,2004-03-03,2.055
3715,2004-03-04,2.055
3716,2004-03-05,2.055
3717,2004-03-06,2.055
3718,2004-03-07,2.055
3719,2004-03-08,2.055
3720,2004-03-09,2.055
3721,2004-03-10,2.055
3722,2004-03-11,2.055
3723,2004-03-12,2.055
3724,2004-03-13,2.055
3725,2004-03-14,2.055
3726,2004-03-15,2.055
3727,2004-03-16,2.055
3728,2004-03-17,2.055
3729,2004-03-18,2.055
3730,2004-03-19,2.055
3731,2004-03-20,2.055
3732,2004-03-21,2.055
3733,2004-03-22,2.055
3734,2004-03-23,2.055
3735,2004-03-24,2.055
3736,2004-03-25,2.055
3737,2004-03-26,2.055
3738,2004-03-27,2.055
3739,2004-03-28,2.055
3740,2004-03-29,2.055
3741,2004-03-30,2.055
3742,2004-03-31,2.055
3743,2004-04-01,2.1626
3744,2004-04-02,2.1626
3745,2004-04-03,2.1626
3746,2004-04-04,2.1626
3747,2004-04-05,2.1626
3748,2004-04-06,2.1626
3749,2004-04-07,2.1626
3750,2004-04-08,2.1626
3751,2004-04-09,2.1626
3752,2004-04-10,2.1626
3753,2004-04-11,2.1626
3754,2004-04-12,2.1626
3755,2004-04-13,2.1626
3756,2004-04-14,2.1626
3757,2004-04-15,2.1626
3758,2004-04-16,2.1626
3759,2004-04-17,2.1626
3760,2004-04-18,2.1626
3761,2004-04-19,2.1626
3762,2004-04-20,2.1626
3763,2004-04-21,2.1626
3764,2004-04-22,2.1626
3765,2004-04-23,2.1626
3766,2004-04-24,2.1626
3767,2004-04-25,2.1626
3768,2004-04-26,2.1626
3769,2004-04-27,2.1626
3770,2004-04-28,2.1626
3771,2004-04-29,2.1626
3772,2004-04-30,2.1626
3773,2004-05-01,2.2974
3774,2004-05-02,2.2974
3775,2004-05-03,2.2974
3776,2004-05-04,2.2974
3777,2004-05-05,2.2974
3778,2004-05-06,2.2974
3779,2004-05-07,2.2974
3780,2004-05-08,2.2974
3781,2004-05-09,2.2974
3782,2004-05-10,2.2974
3783,2004-05-11,2.2974
3784,2004-05-12,2.2974
3785,2004-05-13,2.2974
3786,2004-05-14,2.2974
3787,2004-05-15,2.2974
3788,2004-05-16,2.2974
3789,2004-05-17,2.2974
3790,2004-05-18,2.2974
3791,2004-05-19,2.2974
3792,2004-05-20,2.2974
3793,2004-05-21,2.2974
3794,2004-05-22,2.2974
3795,2004-05-23,2.2974
3796,2004-05-24,2.2974
3797,2004-05-25,2.2974
3798,2004-05-26,2.2974
3799,2004-05-27,2.2974
3800,2004-05-28,2.2974
3801,2004-05-29,2.2974
3802,2004-05-30,2.2974
3803,2004-05-31,2.2974
3804,2004-06-01,2.4044
3805,2004-06-02,2.4044
3806,2004-06-03,2.4044
3807,2004-06-04,2.4044
3808,2004-06-05,2.4044
3809,2004-06-06,2.4044
3810,2004-06-07,2.4044
3811,2004-06-08,2.4044
3812,2004-06-09,2.4044
3813,2004-06-10,2.4044
3814,2004-06-11,2.4044
3815,2004-06-12,2.4044
3816,2004-06-13,2.4044
3817,2004-06-14,2.4044
3818,2004-06-15,2.4044
3819,2004-06-16,2.4044
3820,2004-06-17,2.4044
3821,2004-06-18,2.4044
3822,2004-06-19,2.4044
3823,2004-06-20,2.4044
3824,2004-06-21,2.4044
3825,2004-06-22,2.4044
3826,2004-06-23,2.4044
3827,2004-06-24,2.4044
3828,2004-06-25,2.4044
3829,2004-06-26,2.4044
3830,2004-06-27,2.4044
3831,2004-06-28,2.4044
3832,2004-06-29,2.4044
3833,2004-06-30,2.4044
3834,2004-07-01,2.361
3835,2004-07-02,2.361
3836,2004-07-03,2.361
3837,2004-07-04,2.361
3838,2004-07-05,2.361
3839,2004-07-06,2.361
3840,2004-07-07,2.361
3841,2004-07-08,2.361
3842,2004-07-09,2.361
3843,2004-07-10,2.361
3844,2004-07-11,2.361
3845,2004-07-12,2.361
3846,2004-07-13,2.361
3847,2004-07-14,2.361
3848,2004-07-15,2.361
3849,2004-07-16,2.361
3850,2004-07-17,2.361
3851,2004-07-18,2.361
3852,2004-07-19,2.361
3853,2004-07-20,2.361
3854,2004-07-21,2.361
3855,2004-07-22,2.361
3856,2004-07-23,2.361
3857,2004-07-24,2.361
3858,2004-07-25,2.361
3859,2004-07-26,2.361
3860,2004-07-27,2.361
3861,2004-07-28,2.361
3862,2004-07-29,2.361
3863,2004-07-30,2.361
3864,2004-07-31,2.361
3865,2004-08-01,2.302
3866,2004-08-02,2.302
3867,2004-08-03,2.302
3868,2004-08-04,2.302
3869,2004-08-05,2.302
3870,2004-08-06,2.302
3871,2004-08-07,2.302
3872,2004-08-08,2.302
3873,2004-08-09,2.302
3874,2004-08-10,2.302
3875,2004-08-11,2.302
3876,2004-08-12,2.302
3877,2004-08-13,2.302
3878,2004-08-14,2.302
3879,2004-08-15,2.302
3880,2004-08-16,2.302
3881,2004-08-17,2.302
3882,2004-08-18,2.302
3883,2004-08-19,2.302
3884,2004-08-20,2.302
3885,2004-08-21,2.302
3886,2004-08-22,2.302
3887,2004-08-23,2.302
3888,2004-08-24,2.302
3889,2004-08-25,2.302
3890,2004-08-26,2.302
3891,2004-08-27,2.302
3892,2004-08-28,2.302
3893,2004-08-29,2.302
3894,2004-08-30,2.302
3895,2004-08-31,2.302
3896,2004-09-01,2.377
3897,2004-09-02,2.377
3898,2004-09-03,2.377
3899,2004-09-04,2.377
3900,2004-09-05,2.377
3901,2004-09-06,2.377
3902,2004-09-07,2.377
3903,2004-09-08,2.377
3904,2004-09-09,2.377
3905,2004-09-10,2.377
3906,2004-09-11,2.377
3907,2004-09-12,2.377
3908,2004-09-13,2.377
3909,2004-09-14,2.377
3910,2004-09-15,2.377
3911,2004-09-16,2.377
3912,2004-09-17,2.377
3913,2004-09-18,2.377
3914,2004-09-19,2.377
3915,2004-09-20,2.377
3916,2004-09-21,2.377
3917,2004-09-22,2.377
3918,2004-09-23,2.377
3919,2004-09-24,2.377
3920,2004-09-25,2.377
3921,2004-09-26,2.377
3922,2004-09-27,2.377
3923,2004-09-28,2.377
3924,2004-09-29,2.377
3925,2004-09-30,2.377
3926,2004-10-01,2.3161
3927,2004-10-02,2.3161
3928,2004-10-03,2.3161
3929,2004-10-04,2.3161
3930,2004-10-05,2.3161
3931,2004-10-06,2.3161
3932,2004-10-07,2.3161
3933,2004-10-08,2.3161
3934,2004-10-09,2.3161
3935,2004-10-10,2.3161
3936,2004-10-11,2.3161
3937,2004-10-12,2.3161
3938,2004-10-13,2.3161
3939,2004-10-14,2.3161
3940,2004-10-15,2.3161
3941,2004-10-16,2.3161
3942,2004-10-17,2.3161
3943,2004-10-18,2.3161
3944,2004-10-19,2.3161
3945,2004-10-20,2.3161
3946,2004-10-21,2.3161
3947,2004-10-22,2.3161
3948,2004-10-23,2.3161
3949,2004-10-24,2.3161
3950,2004-10-25,2.3161
3951,2004-10-26,2.3161
3952,2004-10-27,2.3161
3953,2004-10-28,2.3161
3954,2004-10-29,2.3161
3955,2004-10-30,2.3161
3956,2004-10-31,2.3161
3957,2004-11-01,2.3283
3958,2004-11-02,2.3283
3959,2004-11-03,2.3283
3960,2004-11-04,2.3283
3961,2004-11-05,2.3283
3962,2004-11-06,2.3283
3963,2004-11-07,2.3283
3964,2004-11-08,2.3283
3965,2004-11-09,2.3283
3966,2004-11-10,2.3283
3967,2004-11-11,2.3283
3968,2004-11-12,2.3283
3969,2004-11-13,2.3283
3970,2004-11-14,2.3283
3971,2004-11-15,2.3283
3972,2004-11-16,2.3283
3973,2004-11-17,2.3283
3974,2004-11-18,2.3283
3975,2004-11-19,2.3283
3976,2004-11-20,2.3283
3977,2004-11-21,2.3283
3978,2004-11-22,2.3283
3979,2004-11-23,2.3283
3980,2004-11-24,2.3283
3981,2004-11-25,2.3283
3982,2004-11-26,2.3283
3983,2004-11-27,2.3283
3984,2004-11-28,2.3283
3985,2004-11-29,2.3283
3986,2004-11-30,2.3283
3987,2004-12-01,2.301
3988,2004-12-02,2.301
3989,2004-12-03,2.301
3990,2004-12-04,2.301
3991,2004-12-05,2.301
3992,2004-12-06,2.301
3993,2004-12-07,2.301
3994,2004-12-08,2.301
3995,2004-12-09,2.301
3996,2004-12-10,2.301
3997,2004-12-11,2.301
3998,2004-12-12,2.301
3999,2004-12-13,2.301
4000,2004-12-14,2.301
4001,2004-12-15,2.301
4002,2004-12-16,2.301
4003,2004-12-17,2.301
4004,2004-12-18,2.301
4005,2004-12-19,2.301
4006,2004-12-20,2.301
4007,2004-12-21,2.301
4008,2004-12-22,2.301
4009,2004-12-23,2.301
4010,2004-12-24,2.301
4011,2004-12-25,2.301
4012,2004-12-26,2.301
4013,2004-12-27,2.301
4014,2004-12-28,2.301
4015,2004-12-29,2.301
4016,2004-12-30,2.301
4017,2004-12-31,2.301
4018,2005-01-01,2.3121
4019,2005-01-02,2.3121
4020,2005-01-03,2.3121
4021,2005-01-04,2.3121
4022,2005-01-05,2.3121
4023,2005-01-06,2.3121
4024,2005-01-07,2.3121
4025,2005-01-08,2.3121
4026,2005-01-09,2.3121
4027,2005-01-10,2.3121
4028,2005-01-11,2.3121
4029,2005-01-12,2.3121
4030,2005-01-13,2.3121
4031,2005-01-14,2.3121
4032,2005-01-15,2.3121
4033,2005-01-16,2.3121
4034,2005-01-17,2.3121
4035,2005-01-18,2.3121
4036,2005-01-19,2.3121
4037,2005-01-20,2.3121
4038,2005-01-21,2.3121
4039,2005-01-22,2.3121
4040,2005-01-23,2.3121
4041,2005-01-24,2.3121
4042,2005-01-25,2.3121
4043,2005-01-26,2.3121
4044,2005-01-27,2.3121
4045,2005-01-28,2.3121
4046,2005-01-29,2.3121
4047,2005-01-30,2.3121
4048,2005-01-31,2.3121
4049,2005-02-01,2.31
4050,2005-02-02,2.31
4051,2005-02-03,2.31
4052,2005-02-04,2.31
4053,2005-02-05,2.31
4054,2005-02-06,2.31
4055,2005-02-07,2.31
4056,2005-02-08,2.31
4057,2005-02-09,2.31
4058,2005-02-10,2.31
4059,2005-02-11,2.31
4060,2005-02-12,2.31
4061,2005-02-13,2.31
4062,2005-02-14,2.31
4063,2005-02-15,2.31
4064,2005-02-16,2.31
4065,2005-02-17,2.31
4066,2005-02-18,2.31
4067,2005-02-19,2.31
4068,2005-02-20,2.31
4069,2005-02-21,2.31
4070,2005-02-22,2.31
4071,2005-02-23,2.31
4072,2005-02-24,2.31
4073,2005-02-25,2.31
4074,2005-02-26,2.31
4075,2005-02-27,2.31
4076,2005-02-28,2.31
4077,2005-03-01,2.3348
4078,2005-03-02,2.3348
4079,2005-03-03,2.3348
4080,2005-03-04,2.3348
4081,2005-03-05,2.3348
4082,2005-03-06,2.3348
4083,2005-03-07,2.3348
4084,2005-03-08,2.3348
4085,2005-03-09,2.3348
4086,2005-03-10,2.3348
4087,2005-03-11,2.3348
4088,2005-03-12,2.3348
4089,2005-03-13,2.3348
4090,2005-03-14,2.3348
4091,2005-03-15,2.3348
4092,2005-03-16,2.3348
4093,2005-03-17,2.3348
4094,2005-03-18,2.3348
4095,2005-03-19,2.3348
4096,2005-03-20,2.3348
4097,2005-03-21,2.3348
4098,2005-03-22,2.3348
4099,2005-03-23,2.3348
4100,2005-03-24,2.3348
4101,2005-03-25,2.3348
4102,2005-03-26,2.3348
4103,2005-03-27,2.3348
4104,2005-03-28,2.3348
4105,2005-03-29,2.3348
4106,2005-03-30,2.3348
4107,2005-03-31,2.3348
4108,2005-04-01,2.2651
4109,2005-04-02,2.2651
4110,2005-04-03,2.2651
4111,2005-04-04,2.2651
4112,2005-04-05,2.2651
4113,2005-04-06,2.2651
4114,2005-04-07,2.2651
4115,2005-04-08,2.2651
4116,2005-04-09,2.2651
4117,2005-04-10,2.2651
4118,2005-04-11,2.2651
4119,2005-04-12,2.2651
4120,2005-04-13,2.2651
4121,2005-04-14,2.2651
4122,2005-04-15,2.2651
4123,2005-04-16,2.2651
4124,2005-04-17,2.2651
4125,2005-04-18,2.2651
4126,2005-04-19,2.2651
4127,2005-04-20,2.2651
4128,2005-04-21,2.2651
4129,2005-04-22,2.2651
4130,2005-04-23,2.2651
4131,2005-04-24,2.2651
4132,2005-04-25,2.2651
4133,2005-04-26,2.2651
4134,2005-04-27,2.2651
4135,2005-04-28,2.2651
4136,2005-04-29,2.2651
4137,2005-04-30,2.2651
4138,2005-05-01,2.1933
4139,2005-05-02,2.1933
4140,2005-05-03,2.1933
4141,2005-05-04,2.1933
4142,2005-05-05,2.1933
4143,2005-05-06,2.1933
4144,2005-05-07,2.1933
4145,2005-05-08,2.1933
4146,2005-05-09,2.1933
4147,2005-05-10,2.1933
4148,2005-05-11,2.1933
4149,2005-05-12,2.1933
4150,2005-05-13,2.1933
4151,2005-05-14,2.1933
4152,2005-05-15,2.1933
4153,2005-05-16,2.1933
4154,2005-05-17,2.1933
4155,2005-05-18,2.1933
4156,2005-05-19,2.1933
4157,2005-05-20,2.1933
4158,2005-05-21,2.1933
4159,2005-05-22,2.1933
4160,2005-05-23,2.1933
4161,2005-05-24,2.1933
4162,2005-05-25,2.1933
4163,2005-05-26,2.1933
4164,2005-05-27,2.1933
4165,2005-05-28,2.1933
4166,2005-05-29,2.1933
4167,2005-05-30,2.1933
4168,2005-05-31,2.1933
4169,2005-06-01,2.1028
4170,2005-06-02,2.1028
4171,2005-06-03,2.1028
4172,2005-06-04,2.1028
4173,2005-06-05,2.1028
4174,2005-06-06,2.1028
4175,2005-06-07,2.1028
4176,2005-06-08,2.1028
4177,2005-06-09,2.1028
4178,2005-06-10,2.1028
4179,2005-06-11,2.1028
4180,2005-06-12,2.1028
4181,2005-06-13,2.1028
4182,2005-06-14,2.1028
4183,2005-06-15,2.1028
4184,2005-06-16,2.1028
4185,2005-06-17,2.1028
4186,2005-06-18,2.1028
4187,2005-06-19,2.1028
4188,2005-06-20,2.1028
4189,2005-06-21,2.1028
4190,2005-06-22,2.1028
4191,2005-06-23,2.1028
4192,2005-06-24,2.1028
4193,2005-06-25,2.1028
4194,2005-06-26,2.1028
4195,2005-06-27,2.1028
4196,2005-06-28,2.1028
4197,2005-06-29,2.1028
4198,2005-06-30,2.1028
4199,2005-07-01,2.168
4200,2005-07-02,2.168
4201,2005-07-03,2.168
4202,2005-07-04,2.168
4203,2005-07-05,2.168
4204,2005-07-06,2.168
4205,2005-07-07,2.168
4206,2005-07-08,2.168
4207,2005-07-09,2.168
4208,2005-07-10,2.168
4209,2005-07-11,2.168
4210,2005-07-12,2.168
4211,2005-07-13,2.168
4212,2005-07-14,2.168
4213,2005-07-15,2.168
4214,2005-07-16,2.168
4215,2005-07-17,2.168
4216,2005-07-18,2.168
4217,2005-07-19,2.168
4218,2005-07-20,2.168
4219,2005-07-21,2.168
4220,2005-07-22,2.168
4221,2005-07-23,2.168
4222,2005-07-24,2.168
4223,2005-07-25,2.168
4224,2005-07-26,2.168
4225,2005-07-27,2.168
4226,2005-07-28,2.168
4227,2005-07-29,2.168
4228,2005-07-30,2.168
4229,2005-07-31,2.168
4230,2005-08-01,2.2229
4231,2005-08-02,2.2229
4232,2005-08-03,2.2229
4233,2005-08-04,2.2229
4234,2005-08-05,2.2229
4235,2005-08-06,2.2229
4236,2005-08-07,2.2229
4237,2005-08-08,2.2229
4238,2005-08-09,2.2229
4239,2005-08-10,2.2229
4240,2005-08-11,2.2229
4241,2005-08-12,2.2229
4242,2005-08-13,2.2229
4243,2005-08-14,2.2229
4244,2005-08-15,2.2229
4245,2005-08-16,2.2229
4246,2005-08-17,2.2229
4247,2005-08-18,2.2229
4248,2005-08-19,2.2229
4249,2005-08-20,2.2229
4250,2005-08-21,2.2229
4251,2005-08-22,2.2229
4252,2005-08-23,2.2229
4253,2005-08-24,2.2229
4254,2005-08-25,2.2229
4255,2005-08-26,2.2229
4256,2005-08-27,2.2229
4257,2005-08-28,2.2229
4258,2005-08-29,2.2229
4259,2005-08-30,2.2229
4260,2005-08-31,2.2229
4261,2005-09-01,2.2195
4262,2005-09-02,2.2195
4263,2005-09-03,2.2195
4264,2005-09-04,2.2195
4265,2005-09-05,2.2195
4266,2005-09-06,2.2195
4267,2005-09-07,2.2195
4268,2005-09-08,2.2195
4269,2005-09-09,2.2195
4270,2005-09-10,2.2195
4271,2005-09-11,2.2195
4272,2005-09-12,2.2195
4273,2005-09-13,2.2195
4274,2005-09-14,2.2195
4275,2005-09-15,2.2195
4276,2005-09-16,2.2195
4277,2005-09-17,2.2195
4278,2005-09-18,2.2195
4279,2005-09-19,2.2195
4280,2005-09-20,2.2195
4281,2005-09-21,2.2195
4282,2005-09-22,2.2195
4283,2005-09-23,2.2195
4284,2005-09-24,2.2195
4285,2005-09-25,2.2195
4286,2005-09-26,2.2195
4287,2005-09-27,2.2195
4288,2005-09-28,2.2195
4289,2005-09-29,2.2195
4290,2005-09-30,2.2195
4291,2005-10-01,2.4136
4292,2005-10-02,2.4136
4293,2005-10-03,2.4136
4294,2005-10-04,2.4136
4295,2005-10-05,2.4136
4296,2005-10-06,2.4136
4297,2005-10-07,2.4136
4298,2005-10-08,2.4136
4299,2005-10-09,2.4136
4300,2005-10-10,2.4136
4301,2005-10-11,2.4136
4302,2005-10-12,2.4136
4303,2005-10-13,2.4136
4304,2005-10-14,2.4136
4305,2005-10-15,2.4136
4306,2005-10-16,2.4136
4307,2005-10-17,2.4136
4308,2005-10-18,2.4136
4309,2005-10-19,2.4136
4310,2005-10-20,2.4136
4311,2005-10-21,2.4136
4312,2005-10-22,2.4136
4313,2005-10-23,2.4136
4314,2005-10-24,2.4136
4315,2005-10-25,2.4136
4316,2005-10-26,2.4136
4317,2005-10-27,2.4136
4318,2005-10-28,2.4136
4319,2005-10-29,2.4136
4320,2005-10-30,2.4136
4321,2005-10-31,2.4136
4322,2005-11-01,2.6844
4323,2005-11-02,2.6844
4324,2005-11-03,2.6844
4325,2005-11-04,2.6844
4326,2005-11-05,2.6844
4327,2005-11-06,2.6844
4328,2005-11-07,2.6844
4329,2005-11-08,2.6844
4330,2005-11-09,2.6844
4331,2005-11-10,2.6844
4332,2005-11-11,2.6844
4333,2005-11-12,2.6844
4334,2005-11-13,2.6844
4335,2005-11-14,2.6844
4336,2005-11-15,2.6844
4337,2005-11-16,2.6844
4338,2005-11-17,2.6844
4339,2005-11-18,2.6844
4340,2005-11-19,2.6844
4341,2005-11-20,2.6844
4342,2005-11-21,2.6844
4343,2005-11-22,2.6844
4344,2005-11-23,2.6844
4345,2005-11-24,2.6844
4346,2005-11-25,2.6844
4347,2005-11-26,2.6844
4348,2005-11-27,2.6844
4349,2005-11-28,2.6844
4350,2005-11-29,2.6844
4351,2005-11-30,2.6844
4352,2005-12-01,2.7833
4353,2005-12-02,2.7833
4354,2005-12-03,2.7833
4355,2005-12-04,2.7833
4356,2005-12-05,2.7833
4357,2005-12-06,2.7833
4358,2005-12-07,2.7833
4359,2005-12-08,2.7833
4360,2005-12-09,2.7833
4361,2005-12-10,2.7833
4362,2005-12-11,2.7833
4363,2005-12-12,2.7833
4364,2005-12-13,2.7833
4365,2005-12-14,2.7833
4366,2005-12-15,2.7833
4367,2005-12-16,2.7833
4368,2005-12-17,2.7833
4369,2005-12-18,2.7833
4370,2005-12-19,2.7833
4371,2005-12-20,2.7833
4372,2005-12-21,2.7833
4373,2005-12-22,2.7833
4374,2005-12-23,2.7833
4375,2005-12-24,2.7833
4376,2005-12-25,2.7833
4377,2005-12-26,2.7833
4378,2005-12-27,2.7833
4379,2005-12-28,2.7833
4380,2005-12-29,2.7833
4381,2005-12-30,2.7833
4382,2005-12-31,2.7833
4383,2006-01-01,2.8335
4384,2006-01-02,2.8335
4385,2006-01-03,2.8335
4386,2006-01-04,2.8335
4387,2006-01-05,2.8335
4388,2006-01-06,2.8335
4389,2006-01-07,2.8335
4390,2006-01-08,2.8335
4391,2006-01-09,2.8335
4392,2006-01-10,2.8335
4393,2006-01-11,2.8335
4394,2006-01-12,2.8335
4395,2006-01-13,2.8335
4396,2006-01-14,2.8335
4397,2006-01-15,2.8335
4398,2006-01-16,2.8335
4399,2006-01-17,2.8335
4400,2006-01-18,2.8335
4401,2006-01-19,2.8335
4402,2006-01-20,2.8335
4403,2006-01-21,2.8335
4404,2006-01-22,2.8335
4405,2006-01-23,2.8335
4406,2006-01-24,2.8335
4407,2006-01-25,2.8335
4408,2006-01-26,2.8335
4409,2006-01-27,2.8335
4410,2006-01-28,2.8335
4411,2006-01-29,2.8335
4412,2006-01-30,2.8335
4413,2006-01-31,2.8335
4414,2006-02-01,2.9142
4415,2006-02-02,2.9142
4416,2006-02-03,2.9142
4417,2006-02-04,2.9142
4418,2006-02-05,2.9142
4419,2006-02-06,2.9142
4420,2006-02-07,2.9142
4421,2006-02-08,2.9142
4422,2006-02-09,2.9142
4423,2006-02-10,2.9142
4424,2006-02-11,2.9142
4425,2006-02-12,2.9142
4426,2006-02-13,2.9142
4427,2006-02-14,2.9142
4428,2006-02-15,2.9142
4429,2006-02-16,2.9142
4430,2006-02-17,2.9142
4431,2006-02-18,2.9142
4432,2006-02-19,2.9142
4433,2006-02-20,2.9142
4434,2006-02-21,2.9142
4435,2006-02-22,2.9142
4436,2006-02-23,2.9142
4437,2006-02-24,2.9142
4438,2006-02-25,2.9142
4439,2006-02-26,2.9142
4440,2006-02-27,2.9142
4441,2006-02-28,2.9142
4442,2006-03-01,3.1053
4443,2006-03-02,3.1053
4444,2006-03-03,3.1053
4445,2006-03-04,3.1053
4446,2006-03-05,3.1053
4447,2006-03-06,3.1053
4448,2006-03-07,3.1053
4449,2006-03-08,3.1053
4450,2006-03-09,3.1053
4451,2006-03-10,3.1053
4452,2006-03-11,3.1053
4453,2006-03-12,3.1053
4454,2006-03-13,3.1053
4455,2006-03-14,3.1053
4456,2006-03-15,3.1053
4457,2006-03-16,3.1053
4458,2006-03-17,3.1053
4459,2006-03-18,3.1053
4460,2006-03-19,3.1053
4461,2006-03-20,3.1053
4462,2006-03-21,3.1053
4463,2006-03-22,3.1053
4464,2006-03-23,3.1053
4465,2006-03-24,3.1053
4466,2006-03-25,3.1053
4467,2006-03-26,3.1053
4468,2006-03-27,3.1053
4469,2006-03-28,3.1053
4470,2006-03-29,3.1053
4471,2006-03-30,3.1053
4472,2006-03-31,3.1053
4473,2006-04-01,3.2214
4474,2006-04-02,3.2214
4475,2006-04-03,3.2214
4476,2006-04-04,3.2214
4477,2006-04-05,3.2214
4478,2006-04-06,3.2214
4479,2006-04-07,3.2214
4480,2006-04-08,3.2214
4481,2006-04-09,3.2214
4482,2006-04-10,3.2214
4483,2006-04-11,3.2214
4484,2006-04-12,3.2214
4485,2006-04-13,3.2214
4486,2006-04-14,3.2214
4487,2006-04-15,3.2214
4488,2006-04-16,3.2214
4489,2006-04-17,3.2214
4490,2006-04-18,3.2214
4491,2006-04-19,3.2214
4492,2006-04-20,3.2214
4493,2006-04-21,3.2214
4494,2006-04-22,3.2214
4495,2006-04-23,3.2214
4496,2006-04-24,3.2214
4497,2006-04-25,3.2214
4498,2006-04-26,3.2214
4499,2006-04-27,3.2214
4500,2006-04-28,3.2214
4501,2006-04-29,3.2214
4502,2006-04-30,3.2214
4503,2006-05-01,3.3078
4504,2006-05-02,3.3078
4505,2006-05-03,3.3078
4506,2006-05-04,3.3078
4507,2006-05-05,3.3078
4508,2006-05-06,3.3078
4509,2006-05-07,3.3078
4510,2006-05-08,3.3078
4511,2006-05-09,3.3078
4512,2006-05-10,3.3078
4513,2006-05-11,3.3078
4514,2006-05-12,3.3078
4515,2006-05-13,3.3078
4516,2006-05-14,3.3078
4517,2006-05-15,3.3078
4518,2006-05-16,3.3078
4519,2006-05-17,3.3078
4520,2006-05-18,3.3078
4521,2006-05-19,3.3078
4522,2006-05-20,3.3078
4523,2006-05-21,3.3078
4524,2006-05-22,3.3078
4525,2006-05-23,3.3078
4526,2006-05-24,3.3078
4527,2006-05-25,3.3078
4528,2006-05-26,3.3078
4529,2006-05-27,3.3078
4530,2006-05-28,3.3078
4531,2006-05-29,3.3078
4532,2006-05-30,3.3078
4533,2006-05-31,3.3078
4534,2006-06-01,3.4005
4535,2006-06-02,3.4005
4536,2006-06-03,3.4005
4537,2006-06-04,3.4005
4538,2006-06-05,3.4005
4539,2006-06-06,3.4005
4540,2006-06-07,3.4005
4541,2006-06-08,3.4005
4542,2006-06-09,3.4005
4543,2006-06-10,3.4005
4544,2006-06-11,3.4005
4545,2006-06-12,3.4005
4546,2006-06-13,3.4005
4547,2006-06-14,3.4005
4548,2006-06-15,3.4005
4549,2006-06-16,3.4005
4550,2006-06-17,3.4005
4551,2006-06-18,3.4005
4552,2006-06-19,3.4005
4553,2006-06-20,3.4005
4554,2006-06-21,3.4005
4555,2006-06-22,3.4005
4556,2006-06-23,3.4005
4557,2006-06-24,3.4005
4558,2006-06-25,3.4005
4559,2006-06-26,3.4005
4560,2006-06-27,3.4005
4561,2006-06-28,3.4005
4562,2006-06-29,3.4005
4563,2006-06-30,3.4005
4564,2006-07-01,3.5386
4565,2006-07-02,3.5386
4566,2006-07-03,3.5386
4567,2006-07-04,3.5386
4568,2006-07-05,3.5386
4569,2006-07-06,3.5386
4570,2006-07-07,3.5386
4571,2006-07-08,3.5386
4572,2006-07-09,3.5386
4573,2006-07-10,3.5386
4574,2006-07-11,3.5386
4575,2006-07-12,3.5386
4576,2006-07-13,3.5386
4577,2006-07-14,3.5386
4578,2006-07-15,3.5386
4579,2006-07-16,3.5386
4580,2006-07-17,3.5386
4581,2006-07-18,3.5386
4582,2006-07-19,3.5386
4583,2006-07-20,3.5386
4584,2006-07-21,3.5386
4585,2006-07-22,3.5386
4586,2006-07-23,3.5386
4587,2006-07-24,3.5386
4588,2006-07-25,3.5386
4589,2006-07-26,3.5386
4590,2006-07-27,3.5386
4591,2006-07-28,3.5386
4592,2006-07-29,3.5386
4593,2006-07-30,3.5386
4594,2006-07-31,3.5386
4595,2006-08-01,3.6151
4596,2006-08-02,3.6151
4597,2006-08-03,3.6151
4598,2006-08-04,3.6151
4599,2006-08-05,3.6151
4600,2006-08-06,3.6151
4601,2006-08-07,3.6151
4602,2006-08-08,3.6151
4603,2006-08-09,3.6151
4604,2006-08-10,3.6151
4605,2006-08-11,3.6151
4606,2006-08-12,3.6151
4607,2006-08-13,3.6151
4608,2006-08-14,3.6151
4609,2006-08-15,3.6151
4610,2006-08-16,3.6151
4611,2006-08-17,3.6151
4612,2006-08-18,3.6151
4613,2006-08-19,3.6151
4614,2006-08-20,3.6151
4615,2006-08-21,3.6151
4616,2006-08-22,3.6151
4617,2006-08-23,3.6151
4618,2006-08-24,3.6151
4619,2006-08-25,3.6151
4620,2006-08-26,3.6151
4621,2006-08-27,3.6151
4622,2006-08-28,3.6151
4623,2006-08-29,3.6151
4624,2006-08-30,3.6151
4625,2006-08-31,3.6151
4626,2006-09-01,3.7153
4627,2006-09-02,3.7153
4628,2006-09-03,3.7153
4629,2006-09-04,3.7153
4630,2006-09-05,3.7153
4631,2006-09-06,3.7153
4632,2006-09-07,3.7153
4633,2006-09-08,3.7153
4634,2006-09-09,3.7153
4635,2006-09-10,3.7153
4636,2006-09-11,3.7153
4637,2006-09-12,3.7153
4638,2006-09-13,3.7153
4639,2006-09-14,3.7153
4640,2006-09-15,3.7153
4641,2006-09-16,3.7153
4642,2006-09-17,3.7153
4643,2006-09-18,3.7153
4644,2006-09-19,3.7153
4645,2006-09-20,3.7153
4646,2006-09-21,3.7153
4647,2006-09-22,3.7153
4648,2006-09-23,3.7153
4649,2006-09-24,3.7153
4650,2006-09-25,3.7153
4651,2006-09-26,3.7153
4652,2006-09-27,3.7153
4653,2006-09-28,3.7153
4654,2006-09-29,3.7153
4655,2006-09-30,3.7153
4656,2006-10-01,3.7992
4657,2006-10-02,3.7992
4658,2006-10-03,3.7992
4659,2006-10-04,3.7992
4660,2006-10-05,3.7992
4661,2006-10-06,3.7992
4662,2006-10-07,3.7992
4663,2006-10-08,3.7992
4664,2006-10-09,3.7992
4665,2006-10-10,3.7992
4666,2006-10-11,3.7992
4667,2006-10-12,3.7992
4668,2006-10-13,3.7992
4669,2006-10-14,3.7992
4670,2006-10-15,3.7992
4671,2006-10-16,3.7992
4672,2006-10-17,3.7992
4673,2006-10-18,3.7992
4674,2006-10-19,3.7992
4675,2006-10-20,3.7992
4676,2006-10-21,3.7992
4677,2006-10-22,3.7992
4678,2006-10-23,3.7992
4679,2006-10-24,3.7992
4680,2006-10-25,3.7992
4681,2006-10-26,3.7992
4682,2006-10-27,3.7992
4683,2006-10-28,3.7992
4684,2006-10-29,3.7992
4685,2006-10-30,3.7992
4686,2006-10-31,3.7992
4687,2006-11-01,3.8637
4688,2006-11-02,3.8637
4689,2006-11-03,3.8637
4690,2006-11-04,3.8637
4691,2006-11-05,3.8637
4692,2006-11-06,3.8637
4693,2006-11-07,3.8637
4694,2006-11-08,3.8637
4695,2006-11-09,3.8637
4696,2006-11-10,3.8637
4697,2006-11-11,3.8637
4698,2006-11-12,3.8637
4699,2006-11-13,3.8637
4700,2006-11-14,3.8637
4701,2006-11-15,3.8637
4702,2006-11-16,3.8637
4703,2006-11-17,3.8637
4704,2006-11-18,3.8637
4705,2006-11-19,3.8637
4706,2006-11-20,3.8637
4707,2006-11-21,3.8637
4708,2006-11-22,3.8637
4709,2006-11-23,3.8637
4710,2006-11-24,3.8637
4711,2006-11-25,3.8637
4712,2006-11-26,3.8637
4713,2006-11-27,3.8637
4714,2006-11-28,3.8637
4715,2006-11-29,3.8637
4716,2006-11-30,3.8637
4717,2006-12-01,3.9209
4718,2006-12-02,3.9209
4719,2006-12-03,3.9209
4720,2006-12-04,3.9209
4721,2006-12-05,3.9209
4722,2006-12-06,3.9209
4723,2006-12-07,3.9209
4724,2006-12-08,3.9209
4725,2006-12-09,3.9209
4726,2006-12-10,3.9209
4727,2006-12-11,3.9209
4728,2006-12-12,3.9209
4729,2006-12-13,3.9209
4730,2006-12-14,3.9209
4731,2006-12-15,3.9209
4732,2006-12-16,3.9209
4733,2006-12-17,3.9209
4734,2006-12-18,3.9209
4735,2006-12-19,3.9209
4736,2006-12-20,3.9209
4737,2006-12-21,3.9209
4738,2006-12-22,3.9209
4739,2006-12-23,3.9209
4740,2006-12-24,3.9209
4741,2006-12-25,3.9209
4742,2006-12-26,3.9209
4743,2006-12-27,3.9209
4744,2006-12-28,3.9209
4745,2006-12-29,3.9209
4746,2006-12-30,3.9209
4747,2006-12-31,3.9209
4748,2007-01-01,4.0644
4749,2007-01-02,4.0644
4750,2007-01-03,4.0644
4751,2007-01-04,4.0644
4752,2007-01-05,4.0644
4753,2007-01-06,4.0644
4754,2007-01-07,4.0644
4755,2007-01-08,4.0644
4756,2007-01-09,4.0644
4757,2007-01-10,4.0644
4758,2007-01-11,4.0644
4759,2007-01-12,4.0644
4760,2007-01-13,4.0644
4761,2007-01-14,4.0644
4762,2007-01-15,4.0644
4763,2007-01-16,4.0644
4764,2007-01-17,4.0644
4765,2007-01-18,4.0644
4766,2007-01-19,4.0644
4767,2007-01-20,4.0644
4768,2007-01-21,4.0644
4769,2007-01-22,4.0644
4770,2007-01-23,4.0644
4771,2007-01-24,4.0644
4772,2007-01-25,4.0644
4773,2007-01-26,4.0644
4774,2007-01-27,4.0644
4775,2007-01-28,4.0644
4776,2007-01-29,4.0644
4777,2007-01-30,4.0644
4778,2007-01-31,4.0644
4779,2007-02-01,4.0936
4780,2007-02-02,4.0936
4781,2007-02-03,4.0936
4782,2007-02-04,4.0936
4783,2007-02-05,4.0936
4784,2007-02-06,4.0936
4785,2007-02-07,4.0936
4786,2007-02-08,4.0936
4787,2007-02-09,4.0936
4788,2007-02-10,4.0936
4789,2007-02-11,4.0936
4790,2007-02-12,4.0936
4791,2007-02-13,4.0936
4792,2007-02-14,4.0936
4793,2007-02-15,4.0936
4794,2007-02-16,4.0936
4795,2007-02-17,4.0936
4796,2007-02-18,4.0936
4797,2007-02-19,4.0936
4798,2007-02-20,4.0936
4799,2007-02-21,4.0936
4800,2007-02-22,4.0936
4801,2007-02-23,4.0936
4802,2007-02-24,4.0936
4803,2007-02-25,4.0936
4804,2007-02-26,4.0936
4805,2007-02-27,4.0936
4806,2007-02-28,4.0936
4807,2007-03-01,4.1055
4808,2007-03-02,4.1055
4809,2007-03-03,4.1055
4810,2007-03-04,4.1055
4811,2007-03-05,4.1055
4812,2007-03-06,4.1055
4813,2007-03-07,4.1055
4814,2007-03-08,4.1055
4815,2007-03-09,4.1055
4816,2007-03-10,4.1055
4817,2007-03-11,4.1055
4818,2007-03-12,4.1055
4819,2007-03-13,4.1055
4820,2007-03-14,4.1055
4821,2007-03-15,4.1055
4822,2007-03-16,4.1055
4823,2007-03-17,4.1055
4824,2007-03-18,4.1055
4825,2007-03-19,4.1055
4826,2007-03-20,4.1055
4827,2007-03-21,4.1055
4828,2007-03-22,4.1055
4829,2007-03-23,4.1055
4830,2007-03-24,4.1055
4831,2007-03-25,4.1055
4832,2007-03-26,4.1055
4833,2007-03-27,4.1055
4834,2007-03-28,4.1055
4835,2007-03-29,4.1055
4836,2007-03-30,4.1055
4837,2007-03-31,4.1055
4838,2007-04-01,4.2527
4839,2007-04-02,4.2527
4840,2007-04-03,4.2527
4841,2007-04-04,4.2527
4842,2007-04-05,4.2527
4843,2007-04-06,4.2527
4844,2007-04-07,4.2527
4845,2007-04-08,4.2527
4846,2007-04-09,4.2527
4847,2007-04-10,4.2527
4848,2007-04-11,4.2527
4849,2007-04-12,4.2527
4850,2007-04-13,4.2527
4851,2007-04-14,4.2527
4852,2007-04-15,4.2527
4853,2007-04-16,4.2527
4854,2007-04-17,4.2527
4855,2007-04-18,4.2527
4856,2007-04-19,4.2527
4857,2007-04-20,4.2527
4858,2007-04-21,4.2527
4859,2007-04-22,4.2527
4860,2007-04-23,4.2527
4861,2007-04-24,4.2527
4862,2007-04-25,4.2527
4863,2007-04-26,4.2527
4864,2007-04-27,4.2527
4865,2007-04-28,4.2527
4866,2007-04-29,4.2527
4867,2007-04-30,4.2527
4868,2007-05-01,4.3731
4869,2007-05-02,4.3731
4870,2007-05-03,4.3731
4871,2007-05-04,4.3731
4872,2007-05-05,4.3731
4873,2007-05-06,4.3731
4874,2007-05-07,4.3731
4875,2007-05-08,4.3731
4876,2007-05-09,4.3731
4877,2007-05-10,4.3731
4878,2007-05-11,4.3731
4879,2007-05-12,4.3731
4880,2007-05-13,4.3731
4881,2007-05-14,4.3731
4882,2007-05-15,4.3731
4883,2007-05-16,4.3731
4884,2007-05-17,4.3731
4885,2007-05-18,4.3731
4886,2007-05-19,4.3731
4887,2007-05-20,4.3731
4888,2007-05-21,4.3731
4889,2007-05-22,4.3731
4890,2007-05-23,4.3731
4891,2007-05-24,4.3731
4892,2007-05-25,4.3731
4893,2007-05-26,4.3731
4894,2007-05-27,4.3731
4895,2007-05-28,4.3731
4896,2007-05-29,4.3731
4897,2007-05-30,4.3731
4898,2007-05-31,4.3731
4899,2007-06-01,4.5055
4900,2007-06-02,4.5055
4901,2007-06-03,4.5055
4902,2007-06-04,4.5055
4903,2007-06-05,4.5055
4904,2007-06-06,4.5055
4905,2007-06-07,4.5055
4906,2007-06-08,4.5055
4907,2007-06-09,4.5055
4908,2007-06-10,4.5055
4909,2007-06-11,4.5055
4910,2007-06-12,4.5055
4911,2007-06-13,4.5055
4912,2007-06-14,4.5055
4913,2007-06-15,4.5055
4914,2007-06-16,4.5055
4915,2007-06-17,4.5055
4916,2007-06-18,4.5055
4917,2007-06-19,4.5055
4918,2007-06-20,4.5055
4919,2007-06-21,4.5055
4920,2007-06-22,4.5055
4921,2007-06-23,4.5055
4922,2007-06-24,4.5055
4923,2007-06-25,4.5055
4924,2007-06-26,4.5055
4925,2007-06-27,4.5055
4926,2007-06-28,4.5055
4927,2007-06-29,4.5055
4928,2007-06-30,4.5055
4929,2007-07-01,4.5638
4930,2007-07-02,4.5638
4931,2007-07-03,4.5638
4932,2007-07-04,4.5638
4933,2007-07-05,4.5638
4934,2007-07-06,4.5638
4935,2007-07-07,4.5638
4936,2007-07-08,4.5638
4937,2007-07-09,4.5638
4938,2007-07-10,4.5638
4939,2007-07-11,4.5638
4940,2007-07-12,4.5638
4941,2007-07-13,4.5638
4942,2007-07-14,4.5638
4943,2007-07-15,4.5638
4944,2007-07-16,4.5638
4945,2007-07-17,4.5638
4946,2007-07-18,4.5638
4947,2007-07-19,4.5638
4948,2007-07-20,4.5638
4949,2007-07-21,4.5638
4950,2007-07-22,4.5638
4951,2007-07-23,4.5638
4952,2007-07-24,4.5638
4953,2007-07-25,4.5638
4954,2007-07-26,4.5638
4955,2007-07-27,4.5638
4956,2007-07-28,4.5638
4957,2007-07-29,4.5638
4958,2007-07-30,4.5638
4959,2007-07-31,4.5638
4960,2007-08-01,4.6663
4961,2007-08-02,4.6663
4962,2007-08-03,4.6663
4963,2007-08-04,4.6663
4964,2007-08-05,4.6663
4965,2007-08-06,4.6663
4966,2007-08-07,4.6663
4967,2007-08-08,4.6663
4968,2007-08-09,4.6663
4969,2007-08-10,4.6663
4970,2007-08-11,4.6663
4971,2007-08-12,4.6663
4972,2007-08-13,4.6663
4973,2007-08-14,4.6663
4974,2007-08-15,4.6663
4975,2007-08-16,4.6663
4976,2007-08-17,4.6663
4977,2007-08-18,4.6663
4978,2007-08-19,4.6663
4979,2007-08-20,4.6663
4980,2007-08-21,4.6663
4981,2007-08-22,4.6663
4982,2007-08-23,4.6663
4983,2007-08-24,4.6663
4984,2007-08-25,4.6663
4985,2007-08-26,4.6663
4986,2007-08-27,4.6663
4987,2007-08-28,4.6663
4988,2007-08-29,4.6663
4989,2007-08-30,4.6663
4990,2007-08-31,4.6663
4991,2007-09-01,4.7245
4992,2007-09-02,4.7245
4993,2007-09-03,4.7245
4994,2007-09-04,4.7245
4995,2007-09-05,4.7245
4996,2007-09-06,4.7245
4997,2007-09-07,4.7245
4998,2007-09-08,4.7245
4999,2007-09-09,4.7245
5000,2007-09-10,4.7245
5001,2007-09-11,4.7245
5002,2007-09-12,4.7245
5003,2007-09-13,4.7245
5004,2007-09-14,4.7245
5005,2007-09-15,4.7245
5006,2007-09-16,4.7245
5007,2007-09-17,4.7245
5008,2007-09-18,4.7245
5009,2007-09-19,4.7245
5010,2007-09-20,4.7245
5011,2007-09-21,4.7245
5012,2007-09-22,4.7245
5013,2007-09-23,4.7245
5014,2007-09-24,4.7245
5015,2007-09-25,4.7245
5016,2007-09-26,4.7245
5017,2007-09-27,4.7245
5018,2007-09-28,4.7245
5019,2007-09-29,4.7245
5020,2007-09-30,4.7245
5021,2007-10-01,4.6467
5022,2007-10-02,4.6467
5023,2007-10-03,4.6467
5024,2007-10-04,4.6467
5025,2007-10-05,4.6467
5026,2007-10-06,4.6467
5027,2007-10-07,4.6467
5028,2007-10-08,4.6467
5029,2007-10-09,4.6467
5030,2007-10-10,4.6467
5031,2007-10-11,4.6467
5032,2007-10-12,4.6467
5033,2007-10-13,4.6467
5034,2007-10-14,4.6467
5035,2007-10-15,4.6467
5036,2007-10-16,4.6467
5037,2007-10-17,4.6467
5038,2007-10-18,4.6467
5039,2007-10-19,4.6467
5040,2007-10-20,4.6467
5041,2007-10-21,4.6467
5042,2007-10-22,4.6467
5043,2007-10-23,4.6467
5044,2007-10-24,4.6467
5045,2007-10-25,4.6467
5046,2007-10-26,4.6467
5047,2007-10-27,4.6467
5048,2007-10-28,4.6467
5049,2007-10-29,4.6467
5050,2007-10-30,4.6467
5051,2007-10-31,4.6467
5052,2007-11-01,4.6072
5053,2007-11-02,4.6072
5054,2007-11-03,4.6072
5055,2007-11-04,4.6072
5056,2007-11-05,4.6072
5057,2007-11-06,4.6072
5058,2007-11-07,4.6072
5059,2007-11-08,4.6072
5060,2007-11-09,4.6072
5061,2007-11-10,4.6072
5062,2007-11-11,4.6072
5063,2007-11-12,4.6072
5064,2007-11-13,4.6072
5065,2007-11-14,4.6072
5066,2007-11-15,4.6072
5067,2007-11-16,4.6072
5068,2007-11-17,4.6072
5069,2007-11-18,4.6072
5070,2007-11-19,4.6072
5071,2007-11-20,4.6072
5072,2007-11-21,4.6072
5073,2007-11-22,4.6072
5074,2007-11-23,4.6072
5075,2007-11-24,4.6072
5076,2007-11-25,4.6072
5077,2007-11-26,4.6072
5078,2007-11-27,4.6072
5079,2007-11-28,4.6072
5080,2007-11-29,4.6072
5081,2007-11-30,4.6072
5082,2007-12-01,4.7929
5083,2007-12-02,4.7929
5084,2007-12-03,4.7929
5085,2007-12-04,4.7929
5086,2007-12-05,4.7929
5087,2007-12-06,4.7929
5088,2007-12-07,4.7929
5089,2007-12-08,4.7929
5090,2007-12-09,4.7929
5091,2007-12-10,4.7929
5092,2007-12-11,4.7929
5093,2007-12-12,4.7929
5094,2007-12-13,4.7929
5095,2007-12-14,4.7929
5096,2007-12-15,4.7929
5097,2007-12-16,4.7929
5098,2007-12-17,4.7929
5099,2007-12-18,4.7929
5100,2007-12-19,4.7929
5101,2007-12-20,4.7929
5102,2007-12-21,4.7929
5103,2007-12-22,4.7929
5104,2007-12-23,4.7929
5105,2007-12-24,4.7929
5106,2007-12-25,4.7929
5107,2007-12-26,4.7929
5108,2007-12-27,4.7929
5109,2007-12-28,4.7929
5110,2007-12-29,4.7929
5111,2007-12-30,4.7929
5112,2007-12-31,4.7929
5113,2008-01-01,4.498
5114,2008-01-02,4.498
5115,2008-01-03,4.498
5116,2008-01-04,4.498
5117,2008-01-05,4.498
5118,2008-01-06,4.498
5119,2008-01-07,4.498
5120,2008-01-08,4.498
5121,2008-01-09,4.498
5122,2008-01-10,4.498
5123,2008-01-11,4.498
5124,2008-01-12,4.498
5125,2008-01-13,4.498
5126,2008-01-14,4.498
5127,2008-01-15,4.498
5128,2008-01-16,4.498
5129,2008-01-17,4.498
5130,2008-01-18,4.498
5131,2008-01-19,4.498
5132,2008-01-20,4.498
5133,2008-01-21,4.498
5134,2008-01-22,4.498
5135,2008-01-23,4.498
5136,2008-01-24,4.498
5137,2008-01-25,4.498
5138,2008-01-26,4.498
5139,2008-01-27,4.498
5140,2008-01-28,4.498
5141,2008-01-29,4.498
5142,2008-01-30,4.498
5143,2008-01-31,4.498
5144,2008-02-01,4.3489
5145,2008-02-02,4.3489
5146,2008-02-03,4.3489
5147,2008-02-04,4.3489
5148,2008-02-05,4.3489
5149,2008-02-06,4.3489
5150,2008-02-07,4.3489
5151,2008-02-08,4.3489
5152,2008-02-09,4.3489
5153,2008-02-10,4.3489
5154,2008-02-11,4.3489
5155,2008-02-12,4.3489
5156,2008-02-13,4.3489
5157,2008-02-14,4.3489
5158,2008-02-15,4.3489
5159,2008-02-16,4.3489
5160,2008-02-17,4.3489
5161,2008-02-18,4.3489
5162,2008-02-19,4.3489
5163,2008-02-20,4.3489
5164,2008-02-21,4.3489
5165,2008-02-22,4.3489
5166,2008-02-23,4.3489
5167,2008-02-24,4.3489
5168,2008-02-25,4.3489
5169,2008-02-26,4.3489
5170,2008-02-27,4.3489
5171,2008-02-28,4.3489
5172,2008-02-29,4.3489
5173,2008-03-01,4.5901
5174,2008-03-02,4.5901
5175,2008-03-03,4.5901
5176,2008-03-04,4.5901
5177,2008-03-05,4.5901
5178,2008-03-06,4.5901
5179,2008-03-07,4.5901
5180,2008-03-08,4.5901
5181,2008-03-09,4.5901
5182,2008-03-10,4.5901
5183,2008-03-11,4.5901
5184,2008-03-12,4.5901
5185,2008-03-13,4.5901
5186,2008-03-14,4.5901
5187,2008-03-15,4.5901
5188,2008-03-16,4.5901
5189,2008-03-17,4.5901
5190,2008-03-18,4.5901
5191,2008-03-19,4.5901
5192,2008-03-20,4.5901
5193,2008-03-21,4.5901
5194,2008-03-22,4.5901
5195,2008-03-23,4.5901
5196,2008-03-24,4.5901
5197,2008-03-25,4.5901
5198,2008-03-26,4.5901
5199,2008-03-27,4.5901
5200,2008-03-28,4.5901
5201,2008-03-29,4.5901
5202,2008-03-30,4.5901
5203,2008-03-31,4.5901
5204,2008-04-01,4.8199
5205,2008-04-02,4.8199
5206,2008-04-03,4.8199
5207,2008-04-04,4.8199
5208,2008-04-05,4.8199
5209,2008-04-06,4.8199
5210,2008-04-07,4.8199
5211,2008-04-08,4.8199
5212,2008-04-09,4.8199
5213,2008-04-10,4.8199
5214,2008-04-11,4.8199
5215,2008-04-12,4.8199
5216,2008-04-13,4.8199
5217,2008-04-14,4.8199
5218,2008-04-15,4.8199
5219,2008-04-16,4.8199
5220,2008-04-17,4.8199
5221,2008-04-18,4.8199
5222,2008-04-19,4.8199
5223,2008-04-20,4.8199
5224,2008-04-21,4.8199
5225,2008-04-22,4.8199
5226,2008-04-23,4.8199
5227,2008-04-24,4.8199
5228,2008-04-25,4.8199
5229,2008-04-26,4.8199
5230,2008-04-27,4.8199
5231,2008-04-28,4.8199
5232,2008-04-29,4.8199
5233,2008-04-30,4.8199
5234,2008-05-01,4.9938
5235,2008-05-02,4.9938
5236,2008-05-03,4.9938
5237,2008-05-04,4.9938
5238,2008-05-05,4.9938
5239,2008-05-06,4.9938
5240,2008-05-07,4.9938
5241,2008-05-08,4.9938
5242,2008-05-09,4.9938
5243,2008-05-10,4.9938
5244,2008-05-11,4.9938
5245,2008-05-12,4.9938
5246,2008-05-13,4.9938
5247,2008-05-14,4.9938
5248,2008-05-15,4.9938
5249,2008-05-16,4.9938
5250,2008-05-17,4.9938
5251,2008-05-18,4.9938
5252,2008-05-19,4.9938
5253,2008-05-20,4.9938
5254,2008-05-21,4.9938
5255,2008-05-22,4.9938
5256,2008-05-23,4.9938
5257,2008-05-24,4.9938
5258,2008-05-25,4.9938
5259,2008-05-26,4.9938
5260,2008-05-27,4.9938
5261,2008-05-28,4.9938
5262,2008-05-29,4.9938
5263,2008-05-30,4.9938
5264,2008-05-31,4.9938
5265,2008-06-01,5.3608
5266,2008-06-02,5.3608
5267,2008-06-03,5.3608
5268,2008-06-04,5.3608
5269,2008-06-05,5.3608
5270,2008-06-06,5.3608
5271,2008-06-07,5.3608
5272,2008-06-08,5.3608
5273,2008-06-09,5.3608
5274,2008-06-10,5.3608
5275,2008-06-11,5.3608
5276,2008-06-12,5.3608
5277,2008-06-13,5.3608
5278,2008-06-14,5.3608
5279,2008-06-15,5.3608
5280,2008-06-16,5.3608
5281,2008-06-17,5.3608
5282,2008-06-18,5.3608
5283,2008-06-19,5.3608
5284,2008-06-20,5.3608
5285,2008-06-21,5.3608
5286,2008-06-22,5.3608
5287,2008-06-23,5.3608
5288,2008-06-24,5.3608
5289,2008-06-25,5.3608
5290,2008-06-26,5.3608
5291,2008-06-27,5.3608
5292,2008-06-28,5.3608
5293,2008-06-29,5.3608
5294,2008-06-30,5.3608
5295,2008-07-01,5.3932
5296,2008-07-02,5.3932
5297,2008-07-03,5.3932
5298,2008-07-04,5.3932
5299,2008-07-05,5.3932
5300,2008-07-06,5.3932
5301,2008-07-07,5.3932
5302,2008-07-08,5.3932
5303,2008-07-09,5.3932
5304,2008-07-10,5.3932
5305,2008-07-11,5.3932
5306,2008-07-12,5.3932
5307,2008-07-13,5.3932
5308,2008-07-14,5.3932
5309,2008-07-15,5.3932
5310,2008-07-16,5.3932
5311,2008-07-17,5.3932
5312,2008-07-18,5.3932
5313,2008-07-19,5.3932
5314,2008-07-20,5.3932
5315,2008-07-21,5.3932
5316,2008-07-22,5.3932
5317,2008-07-23,5.3932
5318,2008-07-24,5.3932
5319,2008-07-25,5.3932
5320,2008-07-26,5.3932
5321,2008-07-27,5.3932
5322,2008-07-28,5.3932
5323,2008-07-29,5.3932
5324,2008-07-30,5.3932
5325,2008-07-31,5.3932
5326,2008-08-01,5.323
5327,2008-08-02,5.323
5328,2008-08-03,5.323
5329,2008-08-04,5.323
5330,2008-08-05,5.323
5331,2008-08-06,5.323
5332,2008-08-07,5.323
5333,2008-08-08,5.323
5334,2008-08-09,5.323
5335,2008-08-10,5.323
5336,2008-08-11,5.323
5337,2008-08-12,5.323
5338,2008-08-13,5.323
5339,2008-08-14,5.323
5340,2008-08-15,5.323
5341,2008-08-16,5.323
5342,2008-08-17,5.323
5343,2008-08-18,5.323
5344,2008-08-19,5.323
5345,2008-08-20,5.323
5346,2008-08-21,5.323
5347,2008-08-22,5.323
5348,2008-08-23,5.323
5349,2008-08-24,5.323
5350,2008-08-25,5.323
5351,2008-08-26,5.323
5352,2008-08-27,5.323
5353,2008-08-28,5.323
5354,2008-08-29,5.323
5355,2008-08-30,5.323
5356,2008-08-31,5.323
5357,2008-09-01,5.3839
5358,2008-09-02,5.3839
5359,2008-09-03,5.3839
5360,2008-09-04,5.3839
5361,2008-09-05,5.3839
5362,2008-09-06,5.3839
5363,2008-09-07,5.3839
5364,2008-09-08,5.3839
5365,2008-09-09,5.3839
5366,2008-09-10,5.3839
5367,2008-09-11,5.3839
5368,2008-09-12,5.3839
5369,2008-09-13,5.3839
5370,2008-09-14,5.3839
5371,2008-09-15,5.3839
5372,2008-09-16,5.3839
5373,2008-09-17,5.3839
5374,2008-09-18,5.3839
5375,2008-09-19,5.3839
5376,2008-09-20,5.3839
5377,2008-09-21,5.3839
5378,2008-09-22,5.3839
5379,2008-09-23,5.3839
5380,2008-09-24,5.3839
5381,2008-09-25,5.3839
5382,2008-09-26,5.3839
5383,2008-09-27,5.3839
5384,2008-09-28,5.3839
5385,2008-09-29,5.3839
5386,2008-09-30,5.3839
5387,2008-10-01,5.2478
5388,2008-10-02,5.2478
5389,2008-10-03,5.2478
5390,2008-10-04,5.2478
5391,2008-10-05,5.2478
5392,2008-10-06,5.2478
5393,2008-10-07,5.2478
5394,2008-10-08,5.2478
5395,2008-10-09,5.2478
5396,2008-10-10,5.2478
5397,2008-10-11,5.2478
5398,2008-10-12,5.2478
5399,2008-10-13,5.2478
5400,2008-10-14,5.2478
5401,2008-10-15,5.2478
5402,2008-10-16,5.2478
5403,2008-10-17,5.2478
5404,2008-10-18,5.2478
5405,2008-10-19,5.2478
5406,2008-10-20,5.2478
5407,2008-10-21,5.2478
5408,2008-10-22,5.2478
5409,2008-10-23,5.2478
5410,2008-10-24,5.2478
5411,2008-10-25,5.2478
5412,2008-10-26,5.2478
5413,2008-10-27,5.2478
5414,2008-10-28,5.2478
5415,2008-10-29,5.2478
5416,2008-10-30,5.2478
5417,2008-10-31,5.2478
5418,2008-11-01,4.3504
5419,2008-11-02,4.3504
5420,2008-11-03,4.3504
5421,2008-11-04,4.3504
5422,2008-11-05,4.3504
5423,2008-11-06,4.3504
5424,2008-11-07,4.3504
5425,2008-11-08,4.3504
5426,2008-11-09,4.3504
5427,2008-11-10,4.3504
5428,2008-11-11,4.3504
5429,2008-11-12,4.3504
5430,2008-11-13,4.3504
5431,2008-11-14,4.3504
5432,2008-11-15,4.3504
5433,2008-11-16,4.3504
5434,2008-11-17,4.3504
5435,2008-11-18,4.3504
5436,2008-11-19,4.3504
5437,2008-11-20,4.3504
5438,2008-11-21,4.3504
5439,2008-11-22,4.3504
5440,2008-11-23,4.3504
5441,2008-11-24,4.3504
5442,2008-11-25,4.3504
5443,2008-11-26,4.3504
5444,2008-11-27,4.3504
5445,2008-11-28,4.3504
5446,2008-11-29,4.3504
5447,2008-11-30,4.3504
5448,2008-12-01,3.452
5449,2008-12-02,3.452
5450,2008-12-03,3.452
5451,2008-12-04,3.452
5452,2008-12-05,3.452
5453,2008-12-06,3.452
5454,2008-12-07,3.452
5455,2008-12-08,3.452
5456,2008-12-09,3.452
5457,2008-12-10,3.452
5458,2008-12-11,3.452
5459,2008-12-12,3.452
5460,2008-12-13,3.452
5461,2008-12-14,3.452
5462,2008-12-15,3.452
5463,2008-12-16,3.452
5464,2008-12-17,3.452
5465,2008-12-18,3.452
5466,2008-12-19,3.452
5467,2008-12-20,3.452
5468,2008-12-21,3.452
5469,2008-12-22,3.452
5470,2008-12-23,3.452
5471,2008-12-24,3.452
5472,2008-12-25,3.452
5473,2008-12-26,3.452
5474,2008-12-27,3.452
5475,2008-12-28,3.452
5476,2008-12-29,3.452
5477,2008-12-30,3.452
5478,2008-12-31,3.452
5479,2009-01-01,2.6216
5480,2009-01-02,2.6216
5481,2009-01-03,2.6216
5482,2009-01-04,2.6216
5483,2009-01-05,2.6216
5484,2009-01-06,2.6216
5485,2009-01-07,2.6216
5486,2009-01-08,2.6216
5487,2009-01-09,2.6216
5488,2009-01-10,2.6216
5489,2009-01-11,2.6216
5490,2009-01-12,2.6216
5491,2009-01-13,2.6216
5492,2009-01-14,2.6216
5493,2009-01-15,2.6216
5494,2009-01-16,2.6216
5495,2009-01-17,2.6216
5496,2009-01-18,2.6216
5497,2009-01-19,2.6216
5498,2009-01-20,2.6216
5499,2009-01-21,2.6216
5500,2009-01-22,2.6216
5501,2009-01-23,2.6216
5502,2009-01-24,2.6216
5503,2009-01-25,2.6216
5504,2009-01-26,2.6216
5505,2009-01-27,2.6216
5506,2009-01-28,2.6216
5507,2009-01-29,2.6216
5508,2009-01-30,2.6216
5509,2009-01-31,2.6216
5510,2009-02-01,2.1354
5511,2009-02-02,2.1354
5512,2009-02-03,2.1354
5513,2009-02-04,2.1354
5514,2009-02-05,2.1354
5515,2009-02-06,2.1354
5516,2009-02-07,2.1354
5517,2009-02-08,2.1354
5518,2009-02-09,2.1354
5519,2009-02-10,2.1354
5520,2009-02-11,2.1354
5521,2009-02-12,2.1354
5522,2009-02-13,2.1354
5523,2009-02-14,2.1354
5524,2009-02-15,2.1354
5525,2009-02-16,2.1354
5526,2009-02-17,2.1354
5527,2009-02-18,2.1354
5528,2009-02-19,2.1354
5529,2009-02-20,2.1354
5530,2009-02-21,2.1354
5531,2009-02-22,2.1354
5532,2009-02-23,2.1354
5533,2009-02-24,2.1354
5534,2009-02-25,2.1354
5535,2009-02-26,2.1354
5536,2009-02-27,2.1354
5537,2009-02-28,2.1354
5538,2009-03-01,1.9089
5539,2009-03-02,1.9089
5540,2009-03-03,1.9089
5541,2009-03-04,1.9089
5542,2009-03-05,1.9089
5543,2009-03-06,1.9089
5544,2009-03-07,1.9089
5545,2009-03-08,1.9089
5546,2009-03-09,1.9089
5547,2009-03-10,1.9089
5548,2009-03-11,1.9089
5549,2009-03-12,1.9089
5550,2009-03-13,1.9089
5551,2009-03-14,1.9089
5552,2009-03-15,1.9089
5553,2009-03-16,1.9089
5554,2009-03-17,1.9089
5555,2009-03-18,1.9089
5556,2009-03-19,1.9089
5557,2009-03-20,1.9089
5558,2009-03-21,1.9089
5559,2009-03-22,1.9089
5560,2009-03-23,1.9089
5561,2009-03-24,1.9089
5562,2009-03-25,1.9089
5563,2009-03-26,1.9089
5564,2009-03-27,1.9089
5565,2009-03-28,1.9089
5566,2009-03-29,1.9089
5567,2009-03-30,1.9089
5568,2009-03-31,1.9089
5569,2009-04-01,1.771
5570,2009-04-02,1.771
5571,2009-04-03,1.771
5572,2009-04-04,1.771
5573,2009-04-05,1.771
5574,2009-04-06,1.771
5575,2009-04-07,1.771
5576,2009-04-08,1.771
5577,2009-04-09,1.771
5578,2009-04-10,1.771
5579,2009-04-11,1.771
5580,2009-04-12,1.771
5581,2009-04-13,1.771
5582,2009-04-14,1.771
5583,2009-04-15,1.771
5584,2009-04-16,1.771
5585,2009-04-17,1.771
5586,2009-04-18,1.771
5587,2009-04-19,1.771
5588,2009-04-20,1.771
5589,2009-04-21,1.771
5590,2009-04-22,1.771
5591,2009-04-23,1.771
5592,2009-04-24,1.771
5593,2009-04-25,1.771
5594,2009-04-26,1.771
5595,2009-04-27,1.771
5596,2009-04-28,1.771
5597,2009-04-29,1.771
5598,2009-04-30,1.771
5599,2009-05-01,1.6444
5600,2009-05-02,1.6444
5601,2009-05-03,1.6444
5602,2009-05-04,1.6444
5603,2009-05-05,1.6444
5604,2009-05-06,1.6444
5605,2009-05-07,1.6444
5606,2009-05-08,1.6444
5607,2009-05-09,1.6444
5608,2009-05-10,1.6444
5609,2009-05-11,1.6444
5610,2009-05-12,1.6444
5611,2009-05-13,1.6444
5612,2009-05-14,1.6444
5613,2009-05-15,1.6444
5614,2009-05-16,1.6444
5615,2009-05-17,1.6444
5616,2009-05-18,1.6444
5617,2009-05-19,1.6444
5618,2009-05-20,1.6444
5619,2009-05-21,1.6444
5620,2009-05-22,1.6444
5621,2009-05-23,1.6444
5622,2009-05-24,1.6444
5623,2009-05-25,1.6444
5624,2009-05-26,1.6444
5625,2009-05-27,1.6444
5626,2009-05-28,1.6444
5627,2009-05-29,1.6444
5628,2009-05-30,1.6444
5629,2009-05-31,1.6444
5630,2009-06-01,1.6105
5631,2009-06-02,1.6105
5632,2009-06-03,1.6105
5633,2009-06-04,1.6105
5634,2009-06-05,1.6105
5635,2009-06-06,1.6105
5636,2009-06-07,1.6105
5637,2009-06-08,1.6105
5638,2009-06-09,1.6105
5639,2009-06-10,1.6105
5640,2009-06-11,1.6105
5641,2009-06-12,1.6105
5642,2009-06-13,1.6105
5643,2009-06-14,1.6105
5644,2009-06-15,1.6105
5645,2009-06-16,1.6105
5646,2009-06-17,1.6105
5647,2009-06-18,1.6105
5648,2009-06-19,1.6105
5649,2009-06-20,1.6105
5650,2009-06-21,1.6105
5651,2009-06-22,1.6105
5652,2009-06-23,1.6105
5653,2009-06-24,1.6105
5654,2009-06-25,1.6105
5655,2009-06-26,1.6105
5656,2009-06-27,1.6105
5657,2009-06-28,1.6105
5658,2009-06-29,1.6105
5659,2009-06-30,1.6105
5660,2009-07-01,1.412
5661,2009-07-02,1.412
5662,2009-07-03,1.412
5663,2009-07-04,1.412
5664,2009-07-05,1.412
5665,2009-07-06,1.412
5666,2009-07-07,1.412
5667,2009-07-08,1.412
5668,2009-07-09,1.412
5669,2009-07-10,1.412
5670,2009-07-11,1.412
5671,2009-07-12,1.412
5672,2009-07-13,1.412
5673,2009-07-14,1.412
5674,2009-07-15,1.412
5675,2009-07-16,1.412
5676,2009-07-17,1.412
5677,2009-07-18,1.412
5678,2009-07-19,1.412
5679,2009-07-20,1.412
5680,2009-07-21,1.412
5681,2009-07-22,1.412
5682,2009-07-23,1.412
5683,2009-07-24,1.412
5684,2009-07-25,1.412
5685,2009-07-26,1.412
5686,2009-07-27,1.412
5687,2009-07-28,1.412
5688,2009-07-29,1.412
5689,2009-07-30,1.412
5690,2009-07-31,1.412
5691,2009-08-01,1.3343
5692,2009-08-02,1.3343
5693,2009-08-03,1.3343
5694,2009-08-04,1.3343
5695,2009-08-05,1.3343
5696,2009-08-06,1.3343
5697,2009-08-07,1.3343
5698,2009-08-08,1.3343
5699,2009-08-09,1.3343
5700,2009-08-10,1.3343
5701,2009-08-11,1.3343
5702,2009-08-12,1.3343
5703,2009-08-13,1.3343
5704,2009-08-14,1.3343
5705,2009-08-15,1.3343
5706,2009-08-16,1.3343
5707,2009-08-17,1.3343
5708,2009-08-18,1.3343
5709,2009-08-19,1.3343
5710,2009-08-20,1.3343
5711,2009-08-21,1.3343
5712,2009-08-22,1.3343
5713,2009-08-23,1.3343
5714,2009-08-24,1.3343
5715,2009-08-25,1.3343
5716,2009-08-26,1.3343
5717,2009-08-27,1.3343
5718,2009-08-28,1.3343
5719,2009-08-29,1.3343
5720,2009-08-30,1.3343
5721,2009-08-31,1.3343
5722,2009-09-01,1.261
5723,2009-09-02,1.261
5724,2009-09-03,1.261
5725,2009-09-04,1.261
5726,2009-09-05,1.261
5727,2009-09-06,1.261
5728,2009-09-07,1.261
5729,2009-09-08,1.261
5730,2009-09-09,1.261
5731,2009-09-10,1.261
5732,2009-09-11,1.261
5733,2009-09-12,1.261
5734,2009-09-13,1.261
5735,2009-09-14,1.261
5736,2009-09-15,1.261
5737,2009-09-16,1.261
5738,2009-09-17,1.261
5739,2009-09-18,1.261
5740,2009-09-19,1.261
5741,2009-09-20,1.261
5742,2009-09-21,1.261
5743,2009-09-22,1.261
5744,2009-09-23,1.261
5745,2009-09-24,1.261
5746,2009-09-25,1.261
5747,2009-09-26,1.261
5748,2009-09-27,1.261
5749,2009-09-28,1.261
5750,2009-09-29,1.261
5751,2009-09-30,1.261
5752,2009-10-01,1.2426
5753,2009-10-02,1.2426
5754,2009-10-03,1.2426
5755,2009-10-04,1.2426
5756,2009-10-05,1.2426
5757,2009-10-06,1.2426
5758,2009-10-07,1.2426
5759,2009-10-08,1.2426
5760,2009-10-09,1.2426
5761,2009-10-10,1.2426
5762,2009-10-11,1.2426
5763,2009-10-12,1.2426
5764,2009-10-13,1.2426
5765,2009-10-14,1.2426
5766,2009-10-15,1.2426
5767,2009-10-16,1.2426
5768,2009-10-17,1.2426
5769,2009-10-18,1.2426
5770,2009-10-19,1.2426
5771,2009-10-20,1.2426
5772,2009-10-21,1.2426
5773,2009-10-22,1.2426
5774,2009-10-23,1.2426
5775,2009-10-24,1.2426
5776,2009-10-25,1.2426
5777,2009-10-26,1.2426
5778,2009-10-27,1.2426
5779,2009-10-28,1.2426
5780,2009-10-29,1.2426
5781,2009-10-30,1.2426
5782,2009-10-31,1.2426
5783,2009-11-01,1.2306
5784,2009-11-02,1.2306
5785,2009-11-03,1.2306
5786,2009-11-04,1.2306
5787,2009-11-05,1.2306
5788,2009-11-06,1.2306
5789,2009-11-07,1.2306
5790,2009-11-08,1.2306
5791,2009-11-09,1.2306
5792,2009-11-10,1.2306
5793,2009-11-11,1.2306
5794,2009-11-12,1.2306
5795,2009-11-13,1.2306
5796,2009-11-14,1.2306
5797,2009-11-15,1.2306
5798,2009-11-16,1.2306
5799,2009-11-17,1.2306
5800,2009-11-18,1.2306
5801,2009-11-19,1.2306
5802,2009-11-20,1.2306
5803,2009-11-21,1.2306
5804,2009-11-22,1.2306
5805,2009-11-23,1.2306
5806,2009-11-24,1.2306
5807,2009-11-25,1.2306
5808,2009-11-26,1.2306
5809,2009-11-27,1.2306
5810,2009-11-28,1.2306
5811,2009-11-29,1.2306
5812,2009-11-30,1.2306
5813,2009-12-01,1.2424
5814,2009-12-02,1.2424
5815,2009-12-03,1.2424
5816,2009-12-04,1.2424
5817,2009-12-05,1.2424
5818,2009-12-06,1.2424
5819,2009-12-07,1.2424
5820,2009-12-08,1.2424
5821,2009-12-09,1.2424
5822,2009-12-10,1.2424
5823,2009-12-11,1.2424
5824,2009-12-12,1.2424
5825,2009-12-13,1.2424
5826,2009-12-14,1.2424
5827,2009-12-15,1.2424
5828,2009-12-16,1.2424
5829,2009-12-17,1.2424
5830,2009-12-18,1.2424
5831,2009-12-19,1.2424
5832,2009-12-20,1.2424
5833,2009-12-21,1.2424
5834,2009-12-22,1.2424
5835,2009-12-23,1.2424
5836,2009-12-24,1.2424
5837,2009-12-25,1.2424
5838,2009-12-26,1.2424
5839,2009-12-27,1.2424
5840,2009-12-28,1.2424
5841,2009-12-29,1.2424
5842,2009-12-30,1.2424
5843,2009-12-31,1.2424
5844,2010-01-01,1.2322
5845,2010-01-02,1.2322
5846,2010-01-03,1.2322
5847,2010-01-04,1.2322
5848,2010-01-05,1.2322
5849,2010-01-06,1.2322
5850,2010-01-07,1.2322
5851,2010-01-08,1.2322
5852,2010-01-09,1.2322
5853,2010-01-10,1.2322
5854,2010-01-11,1.2322
5855,2010-01-12,1.2322
5856,2010-01-13,1.2322
5857,2010-01-14,1.2322
5858,2010-01-15,1.2322
5859,2010-01-16,1.2322
5860,2010-01-17,1.2322
5861,2010-01-18,1.2322
5862,2010-01-19,1.2322
5863,2010-01-20,1.2322
5864,2010-01-21,1.2322
5865,2010-01-22,1.2322
5866,2010-01-23,1.2322
5867,2010-01-24,1.2322
5868,2010-01-25,1.2322
5869,2010-01-26,1.2322
5870,2010-01-27,1.2322
5871,2010-01-28,1.2322
5872,2010-01-29,1.2322
5873,2010-01-30,1.2322
5874,2010-01-31,1.2322
5875,2010-02-01,1.2252
5876,2010-02-02,1.2252
5877,2010-02-03,1.2252
5878,2010-02-04,1.2252
5879,2010-02-05,1.2252
5880,2010-02-06,1.2252
5881,2010-02-07,1.2252
5882,2010-02-08,1.2252
5883,2010-02-09,1.2252
5884,2010-02-10,1.2252
5885,2010-02-11,1.2252
5886,2010-02-12,1.2252
5887,2010-02-13,1.2252
5888,2010-02-14,1.2252
5889,2010-02-15,1.2252
5890,2010-02-16,1.2252
5891,2010-02-17,1.2252
5892,2010-02-18,1.2252
5893,2010-02-19,1.2252
5894,2010-02-20,1.2252
5895,2010-02-21,1.2252
5896,2010-02-22,1.2252
5897,2010-02-23,1.2252
5898,2010-02-24,1.2252
5899,2010-02-25,1.2252
5900,2010-02-26,1.2252
5901,2010-02-27,1.2252
5902,2010-02-28,1.2252
5903,2010-03-01,1.2151
5904,2010-03-02,1.2151
5905,2010-03-03,1.2151
5906,2010-03-04,1.2151
5907,2010-03-05,1.2151
5908,2010-03-06,1.2151
5909,2010-03-07,1.2151
5910,2010-03-08,1.2151
5911,2010-03-09,1.2151
5912,2010-03-10,1.2151
5913,2010-03-11,1.2151
5914,2010-03-12,1.2151
5915,2010-03-13,1.2151
5916,2010-03-14,1.2151
5917,2010-03-15,1.2151
5918,2010-03-16,1.2151
5919,2010-03-17,1.2151
5920,2010-03-18,1.2151
5921,2010-03-19,1.2151
5922,2010-03-20,1.2151
5923,2010-03-21,1.2151
5924,2010-03-22,1.2151
5925,2010-03-23,1.2151
5926,2010-03-24,1.2151
5927,2010-03-25,1.2151
5928,2010-03-26,1.2151
5929,2010-03-27,1.2151
5930,2010-03-28,1.2151
5931,2010-03-29,1.2151
5932,2010-03-30,1.2151
5933,2010-03-31,1.2151
5934,2010-04-01,1.2252
5935,2010-04-02,1.2252
5936,2010-04-03,1.2252
5937,2010-04-04,1.2252
5938,2010-04-05,1.2252
5939,2010-04-06,1.2252
5940,2010-04-07,1.2252
5941,2010-04-08,1.2252
5942,2010-04-09,1.2252
5943,2010-04-10,1.2252
5944,2010-04-11,1.2252
5945,2010-04-12,1.2252
5946,2010-04-13,1.2252
5947,2010-04-14,1.2252
5948,2010-04-15,1.2252
5949,2010-04-16,1.2252
5950,2010-04-17,1.2252
5951,2010-04-18,1.2252
5952,2010-04-19,1.2252
5953,2010-04-20,1.2252
5954,2010-04-21,1.2252
5955,2010-04-22,1.2252
5956,2010-04-23,1.2252
5957,2010-04-24,1.2252
5958,2010-04-25,1.2252
5959,2010-04-26,1.2252
5960,2010-04-27,1.2252
5961,2010-04-28,1.2252
5962,2010-04-29,1.2252
5963,2010-04-30,1.2252
5964,2010-05-01,1.2493
5965,2010-05-02,1.2493
5966,2010-05-03,1.2493
5967,2010-05-04,1.2493
5968,2010-05-05,1.2493
5969,2010-05-06,1.2493
5970,2010-05-07,1.2493
5971,2010-05-08,1.2493
5972,2010-05-09,1.2493
5973,2010-05-10,1.2493
5974,2010-05-11,1.2493
5975,2010-05-12,1.2493
5976,2010-05-13,1.2493
5977,2010-05-14,1.2493
5978,2010-05-15,1.2493
5979,2010-05-16,1.2493
5980,2010-05-17,1.2493
5981,2010-05-18,1.2493
5982,2010-05-19,1.2493
5983,2010-05-20,1.2493
5984,2010-05-21,1.2493
5985,2010-05-22,1.2493
5986,2010-05-23,1.2493
5987,2010-05-24,1.2493
5988,2010-05-25,1.2493
5989,2010-05-26,1.2493
5990,2010-05-27,1.2493
5991,2010-05-28,1.2493
5992,2010-05-29,1.2493
5993,2010-05-30,1.2493
5994,2010-05-31,1.2493
5995,2010-06-01,1.2813
5996,2010-06-02,1.2813
5997,2010-06-03,1.2813
5998,2010-06-04,1.2813
5999,2010-06-05,1.2813
6000,2010-06-06,1.2813
6001,2010-06-07,1.2813
6002,2010-06-08,1.2813
6003,2010-06-09,1.2813
6004,2010-06-10,1.2813
6005,2010-06-11,1.2813
6006,2010-06-12,1.2813
6007,2010-06-13,1.2813
6008,2010-06-14,1.2813
6009,2010-06-15,1.2813
6010,2010-06-16,1.2813
6011,2010-06-17,1.2813
6012,2010-06-18,1.2813
6013,2010-06-19,1.2813
6014,2010-06-20,1.2813
6015,2010-06-21,1.2813
6016,2010-06-22,1.2813
6017,2010-06-23,1.2813
6018,2010-06-24,1.2813
6019,2010-06-25,1.2813
6020,2010-06-26,1.2813
6021,2010-06-27,1.2813
6022,2010-06-28,1.2813
6023,2010-06-29,1.2813
6024,2010-06-30,1.2813
6025,2010-07-01,1.3734
6026,2010-07-02,1.3734
6027,2010-07-03,1.3734
6028,2010-07-04,1.3734
6029,2010-07-05,1.3734
6030,2010-07-06,1.3734
6031,2010-07-07,1.3734
6032,2010-07-08,1.3734
6033,2010-07-09,1.3734
6034,2010-07-10,1.3734
6035,2010-07-11,1.3734
6036,2010-07-12,1.3734
6037,2010-07-13,1.3734
6038,2010-07-14,1.3734
6039,2010-07-15,1.3734
6040,2010-07-16,1.3734
6041,2010-07-17,1.3734
6042,2010-07-18,1.3734
6043,2010-07-19,1.3734
6044,2010-07-20,1.3734
6045,2010-07-21,1.3734
6046,2010-07-22,1.3734
6047,2010-07-23,1.3734
6048,2010-07-24,1.3734
6049,2010-07-25,1.3734
6050,2010-07-26,1.3734
6051,2010-07-27,1.3734
6052,2010-07-28,1.3734
6053,2010-07-29,1.3734
6054,2010-07-30,1.3734
6055,2010-07-31,1.3734
6056,2010-08-01,1.421
6057,2010-08-02,1.421
6058,2010-08-03,1.421
6059,2010-08-04,1.421
6060,2010-08-05,1.421
6061,2010-08-06,1.421
6062,2010-08-07,1.421
6063,2010-08-08,1.421
6064,2010-08-09,1.421
6065,2010-08-10,1.421
6066,2010-08-11,1.421
6067,2010-08-12,1.421
6068,2010-08-13,1.421
6069,2010-08-14,1.421
6070,2010-08-15,1.421
6071,2010-08-16,1.421
6072,2010-08-17,1.421
6073,2010-08-18,1.421
6074,2010-08-19,1.421
6075,2010-08-20,1.421
6076,2010-08-21,1.421
6077,2010-08-22,1.421
6078,2010-08-23,1.421
6079,2010-08-24,1.421
6080,2010-08-25,1.421
6081,2010-08-26,1.421
6082,2010-08-27,1.421
6083,2010-08-28,1.421
6084,2010-08-29,1.421
6085,2010-08-30,1.421
6086,2010-08-31,1.421
6087,2010-09-01,1.4205
6088,2010-09-02,1.4205
6089,2010-09-03,1.4205
6090,2010-09-04,1.4205
6091,2010-09-05,1.4205
6092,2010-09-06,1.4205
6093,2010-09-07,1.4205
6094,2010-09-08,1.4205
6095,2010-09-09,1.4205
6096,2010-09-10,1.4205
6097,2010-09-11,1.4205
6098,2010-09-12,1.4205
6099,2010-09-13,1.4205
6100,2010-09-14,1.4205
6101,2010-09-15,1.4205
6102,2010-09-16,1.4205
6103,2010-09-17,1.4205
6104,2010-09-18,1.4205
6105,2010-09-19,1.4205
6106,2010-09-20,1.4205
6107,2010-09-21,1.4205
6108,2010-09-22,1.4205
6109,2010-09-23,1.4205
6110,2010-09-24,1.4205
6111,2010-09-25,1.4205
6112,2010-09-26,1.4205
6113,2010-09-27,1.4205
6114,2010-09-28,1.4205
6115,2010-09-29,1.4205
6116,2010-09-30,1.4205
6117,2010-10-01,1.4954
6118,2010-10-02,1.4954
6119,2010-10-03,1.4954
6120,2010-10-04,1.4954
6121,2010-10-05,1.4954
6122,2010-10-06,1.4954
6123,2010-10-07,1.4954
6124,2010-10-08,1.4954
6125,2010-10-09,1.4954
6126,2010-10-10,1.4954
6127,2010-10-11,1.4954
6128,2010-10-12,1.4954
6129,2010-10-13,1.4954
6130,2010-10-14,1.4954
6131,2010-10-15,1.4954
6132,2010-10-16,1.4954
6133,2010-10-17,1.4954
6134,2010-10-18,1.4954
6135,2010-10-19,1.4954
6136,2010-10-20,1.4954
6137,2010-10-21,1.4954
6138,2010-10-22,1.4954
6139,2010-10-23,1.4954
6140,2010-10-24,1.4954
6141,2010-10-25,1.4954
6142,2010-10-26,1.4954
6143,2010-10-27,1.4954
6144,2010-10-28,1.4954
6145,2010-10-29,1.4954
6146,2010-10-30,1.4954
6147,2010-10-31,1.4954
6148,2010-11-01,1.5405
6149,2010-11-02,1.5405
6150,2010-11-03,1.5405
6151,2010-11-04,1.5405
6152,2010-11-05,1.5405
6153,2010-11-06,1.5405
6154,2010-11-07,1.5405
6155,2010-11-08,1.5405
6156,2010-11-09,1.5405
6157,2010-11-10,1.5405
6158,2010-11-11,1.5405
6159,2010-11-12,1.5405
6160,2010-11-13,1.5405
6161,2010-11-14,1.5405
6162,2010-11-15,1.5405
6163,2010-11-16,1.5405
6164,2010-11-17,1.5405
6165,2010-11-18,1.5405
6166,2010-11-19,1.5405
6167,2010-11-20,1.5405
6168,2010-11-21,1.5405
6169,2010-11-22,1.5405
6170,2010-11-23,1.5405
6171,2010-11-24,1.5405
6172,2010-11-25,1.5405
6173,2010-11-26,1.5405
6174,2010-11-27,1.5405
6175,2010-11-28,1.5405
6176,2010-11-29,1.5405
6177,2010-11-30,1.5405
6178,2010-12-01,1.5261
6179,2010-12-02,1.5261
6180,2010-12-03,1.5261
6181,2010-12-04,1.5261
6182,2010-12-05,1.5261
6183,2010-12-06,1.5261
6184,2010-12-07,1.5261
6185,2010-12-08,1.5261
6186,2010-12-09,1.5261
6187,2010-12-10,1.5261
6188,2010-12-11,1.5261
6189,2010-12-12,1.5261
6190,2010-12-13,1.5261
6191,2010-12-14,1.5261
6192,2010-12-15,1.5261
6193,2010-12-16,1.5261
6194,2010-12-17,1.5261
6195,2010-12-18,1.5261
6196,2010-12-19,1.5261
6197,2010-12-20,1.5261
6198,2010-12-21,1.5261
6199,2010-12-22,1.5261
6200,2010-12-23,1.5261
6201,2010-12-24,1.5261
6202,2010-12-25,1.5261
6203,2010-12-26,1.5261
6204,2010-12-27,1.5261
6205,2010-12-28,1.5261
6206,2010-12-29,1.5261
6207,2010-12-30,1.5261
6208,2010-12-31,1.5261
6209,2011-01-01,1.55
6210,2011-01-02,1.55
6211,2011-01-03,1.55
6212,2011-01-04,1.55
6213,2011-01-05,1.55
6214,2011-01-06,1.55
6215,2011-01-07,1.55
6216,2011-01-08,1.55
6217,2011-01-09,1.55
6218,2011-01-10,1.55
6219,2011-01-11,1.55
6220,2011-01-12,1.55
6221,2011-01-13,1.55
6222,2011-01-14,1.55
6223,2011-01-15,1.55
6224,2011-01-16,1.55
6225,2011-01-17,1.55
6226,2011-01-18,1.55
6227,2011-01-19,1.55
6228,2011-01-20,1.55
6229,2011-01-21,1.55
6230,2011-01-22,1.55
6231,2011-01-23,1.55
6232,2011-01-24,1.55
6233,2011-01-25,1.55
6234,2011-01-26,1.55
6235,2011-01-27,1.55
6236,2011-01-28,1.55
6237,2011-01-29,1.55
6238,2011-01-30,1.55
6239,2011-01-31,1.55
6240,2011-02-01,1.714
6241,2011-02-02,1.714
6242,2011-02-03,1.714
6243,2011-02-04,1.714
6244,2011-02-05,1.714
6245,2011-02-06,1.714
6246,2011-02-07,1.714
6247,2011-02-08,1.714
6248,2011-02-09,1.714
6249,2011-02-10,1.714
6250,2011-02-11,1.714
6251,2011-02-12,1.714
6252,2011-02-13,1.714
6253,2011-02-14,1.714
6254,2011-02-15,1.714
6255,2011-02-16,1.714
6256,2011-02-17,1.714
6257,2011-02-18,1.714
6258,2011-02-19,1.714
6259,2011-02-20,1.714
6260,2011-02-21,1.714
6261,2011-02-22,1.714
6262,2011-02-23,1.714
6263,2011-02-24,1.714
6264,2011-02-25,1.714
6265,2011-02-26,1.714
6266,2011-02-27,1.714
6267,2011-02-28,1.714
6268,2011-03-01,1.9241
6269,2011-03-02,1.9241
6270,2011-03-03,1.9241
6271,2011-03-04,1.9241
6272,2011-03-05,1.9241
6273,2011-03-06,1.9241
6274,2011-03-07,1.9241
6275,2011-03-08,1.9241
6276,2011-03-09,1.9241
6277,2011-03-10,1.9241
6278,2011-03-11,1.9241
6279,2011-03-12,1.9241
6280,2011-03-13,1.9241
6281,2011-03-14,1.9241
6282,2011-03-15,1.9241
6283,2011-03-16,1.9241
6284,2011-03-17,1.9241
6285,2011-03-18,1.9241
6286,2011-03-19,1.9241
6287,2011-03-20,1.9241
6288,2011-03-21,1.9241
6289,2011-03-22,1.9241
6290,2011-03-23,1.9241
6291,2011-03-24,1.9241
6292,2011-03-25,1.9241
6293,2011-03-26,1.9241
6294,2011-03-27,1.9241
6295,2011-03-28,1.9241
6296,2011-03-29,1.9241
6297,2011-03-30,1.9241
6298,2011-03-31,1.9241
6299,2011-04-01,2.0856
6300,2011-04-02,2.0856
6301,2011-04-03,2.0856
6302,2011-04-04,2.0856
6303,2011-04-05,2.0856
6304,2011-04-06,2.0856
6305,2011-04-07,2.0856
6306,2011-04-08,2.0856
6307,2011-04-09,2.0856
6308,2011-04-10,2.0856
6309,2011-04-11,2.0856
6310,2011-04-12,2.0856
6311,2011-04-13,2.0856
6312,2011-04-14,2.0856
6313,2011-04-15,2.0856
6314,2011-04-16,2.0856
6315,2011-04-17,2.0856
6316,2011-04-18,2.0856
6317,2011-04-19,2.0856
6318,2011-04-20,2.0856
6319,2011-04-21,2.0856
6320,2011-04-22,2.0856
6321,2011-04-23,2.0856
6322,2011-04-24,2.0856
6323,2011-04-25,2.0856
6324,2011-04-26,2.0856
6325,2011-04-27,2.0856
6326,2011-04-28,2.0856
6327,2011-04-29,2.0856
6328,2011-04-30,2.0856
6329,2011-05-01,2.1471
6330,2011-05-02,2.1471
6331,2011-05-03,2.1471
6332,2011-05-04,2.1471
6333,2011-05-05,2.1471
6334,2011-05-06,2.1471
6335,2011-05-07,2.1471
6336,2011-05-08,2.1471
6337,2011-05-09,2.1471
6338,2011-05-10,2.1471
6339,2011-05-11,2.1471
6340,2011-05-12,2.1471
6341,2011-05-13,2.1471
6342,2011-05-14,2.1471
6343,2011-05-15,2.1471
6344,2011-05-16,2.1471
6345,2011-05-17,2.1471
6346,2011-05-18,2.1471
6347,2011-05-19,2.1471
6348,2011-05-20,2.1471
6349,2011-05-21,2.1471
6350,2011-05-22,2.1471
6351,2011-05-23,2.1471
6352,2011-05-24,2.1471
6353,2011-05-25,2.1471
6354,2011-05-26,2.1471
6355,2011-05-27,2.1471
6356,2011-05-28,2.1471
6357,2011-05-29,2.1471
6358,2011-05-30,2.1471
6359,2011-05-31,2.1471
6360,2011-06-01,2.1441
6361,2011-06-02,2.1441
6362,2011-06-03,2.1441
6363,2011-06-04,2.1441
6364,2011-06-05,2.1441
6365,2011-06-06,2.1441
6366,2011-06-07,2.1441
6367,2011-06-08,2.1441
6368,2011-06-09,2.1441
6369,2011-06-10,2.1441
6370,2011-06-11,2.1441
6371,2011-06-12,2.1441
6372,2011-06-13,2.1441
6373,2011-06-14,2.1441
6374,2011-06-15,2.1441
6375,2011-06-16,2.1441
6376,2011-06-17,2.1441
6377,2011-06-18,2.1441
6378,2011-06-19,2.1441
6379,2011-06-20,2.1441
6380,2011-06-21,2.1441
6381,2011-06-22,2.1441
6382,2011-06-23,2.1441
6383,2011-06-24,2.1441
6384,2011-06-25,2.1441
6385,2011-06-26,2.1441
6386,2011-06-27,2.1441
6387,2011-06-28,2.1441
6388,2011-06-29,2.1441
6389,2011-06-30,2.1441
6390,2011-07-01,2.1827
6391,2011-07-02,2.1827
6392,2011-07-03,2.1827
6393,2011-07-04,2.1827
6394,2011-07-05,2.1827
6395,2011-07-06,2.1827
6396,2011-07-07,2.1827
6397,2011-07-08,2.1827
6398,2011-07-09,2.1827
6399,2011-07-10,2.1827
6400,2011-07-11,2.1827
6401,2011-07-12,2.1827
6402,2011-07-13,2.1827
6403,2011-07-14,2.1827
6404,2011-07-15,2.1827
6405,2011-07-16,2.1827
6406,2011-07-17,2.1827
6407,2011-07-18,2.1827
6408,2011-07-19,2.1827
6409,2011-07-20,2.1827
6410,2011-07-21,2.1827
6411,2011-07-22,2.1827
6412,2011-07-23,2.1827
6413,2011-07-24,2.1827
6414,2011-07-25,2.1827
6415,2011-07-26,2.1827
6416,2011-07-27,2.1827
6417,2011-07-28,2.1827
6418,2011-07-29,2.1827
6419,2011-07-30,2.1827
6420,2011-07-31,2.1827
6421,2011-08-01,2.0969
6422,2011-08-02,2.0969
6423,2011-08-03,2.0969
6424,2011-08-04,2.0969
6425,2011-08-05,2.0969
6426,2011-08-06,2.0969
6427,2011-08-07,2.0969
6428,2011-08-08,2.0969
6429,2011-08-09,2.0969
6430,2011-08-10,2.0969
6431,2011-08-11,2.0969
6432,2011-08-12,2.0969
6433,2011-08-13,2.0969
6434,2011-08-14,2.0969
6435,2011-08-15,2.0969
6436,2011-08-16,2.0969
6437,2011-08-17,2.0969
6438,2011-08-18,2.0969
6439,2011-08-19,2.0969
6440,2011-08-20,2.0969
6441,2011-08-21,2.0969
6442,2011-08-22,2.0969
6443,2011-08-23,2.0969
6444,2011-08-24,2.0969
6445,2011-08-25,2.0969
6446,2011-08-26,2.0969
6447,2011-08-27,2.0969
6448,2011-08-28,2.0969
6449,2011-08-29,2.0969
6450,2011-08-30,2.0969
6451,2011-08-31,2.0969
6452,2011-09-01,2.0669
6453,2011-09-02,2.0669
6454,2011-09-03,2.0669
6455,2011-09-04,2.0669
6456,2011-09-05,2.0669
6457,2011-09-06,2.0669
6458,2011-09-07,2.0669
6459,2011-09-08,2.0669
6460,2011-09-09,2.0669
6461,2011-09-10,2.0669
6462,2011-09-11,2.0669
6463,2011-09-12,2.0669
6464,2011-09-13,2.0669
6465,2011-09-14,2.0669
6466,2011-09-15,2.0669
6467,2011-09-16,2.0669
6468,2011-09-17,2.0669
6469,2011-09-18,2.0669
6470,2011-09-19,2.0669
6471,2011-09-20,2.0669
6472,2011-09-21,2.0669
6473,2011-09-22,2.0669
6474,2011-09-23,2.0669
6475,2011-09-24,2.0669
6476,2011-09-25,2.0669
6477,2011-09-26,2.0669
6478,2011-09-27,2.0669
6479,2011-09-28,2.0669
6480,2011-09-29,2.0669
6481,2011-09-30,2.0669
6482,2011-10-01,2.1101
6483,2011-10-02,2.1101
6484,2011-10-03,2.1101
6485,2011-10-04,2.1101
6486,2011-10-05,2.1101
6487,2011-10-06,2.1101
6488,2011-10-07,2.1101
6489,2011-10-08,2.1101
6490,2011-10-09,2.1101
6491,2011-10-10,2.1101
6492,2011-10-11,2.1101
6493,2011-10-12,2.1101
6494,2011-10-13,2.1101
6495,2011-10-14,2.1101
6496,2011-10-15,2.1101
6497,2011-10-16,2.1101
6498,2011-10-17,2.1101
6499,2011-10-18,2.1101
6500,2011-10-19,2.1101
6501,2011-10-20,2.1101
6502,2011-10-21,2.1101
6503,2011-10-22,2.1101
6504,2011-10-23,2.1101
6505,2011-10-24,2.1101
6506,2011-10-25,2.1101
6507,2011-10-26,2.1101
6508,2011-10-27,2.1101
6509,2011-10-28,2.1101
6510,2011-10-29,2.1101
6511,2011-10-30,2.1101
6512,2011-10-31,2.1101
6513,2011-11-01,2.0439
6514,2011-11-02,2.0439
6515,2011-11-03,2.0439
6516,2011-11-04,2.0439
6517,2011-11-05,2.0439
6518,2011-11-06,2.0439
6519,2011-11-07,2.0439
6520,2011-11-08,2.0439
6521,2011-11-09,2.0439
6522,2011-11-10,2.0439
6523,2011-11-11,2.0439
6524,2011-11-12,2.0439
6525,2011-11-13,2.0439
6526,2011-11-14,2.0439
6527,2011-11-15,2.0439
6528,2011-11-16,2.0439
6529,2011-11-17,2.0439
6530,2011-11-18,2.0439
6531,2011-11-19,2.0439
6532,2011-11-20,2.0439
6533,2011-11-21,2.0439
6534,2011-11-22,2.0439
6535,2011-11-23,2.0439
6536,2011-11-24,2.0439
6537,2011-11-25,2.0439
6538,2011-11-26,2.0439
6539,2011-11-27,2.0439
6540,2011-11-28,2.0439
6541,2011-11-29,2.0439
6542,2011-11-30,2.0439
6543,2011-12-01,2.0035
6544,2011-12-02,2.0035
6545,2011-12-03,2.0035
6546,2011-12-04,2.0035
6547,2011-12-05,2.0035
6548,2011-12-06,2.0035
6549,2011-12-07,2.0035
6550,2011-12-08,2.0035
6551,2011-12-09,2.0035
6552,2011-12-10,2.0035
6553,2011-12-11,2.0035
6554,2011-12-12,2.0035
6555,2011-12-13,2.0035
6556,2011-12-14,2.0035
6557,2011-12-15,2.0035
6558,2011-12-16,2.0035
6559,2011-12-17,2.0035
6560,2011-12-18,2.0035
6561,2011-12-19,2.0035
6562,2011-12-20,2.0035
6563,2011-12-21,2.0035
6564,2011-12-22,2.0035
6565,2011-12-23,2.0035
6566,2011-12-24,2.0035
6567,2011-12-25,2.0035
6568,2011-12-26,2.0035
6569,2011-12-27,2.0035
6570,2011-12-28,2.0035
6571,2011-12-29,2.0035
6572,2011-12-30,2.0035
6573,2011-12-31,2.0035
6574,2012-01-01,1.8366
6575,2012-01-02,1.8366
6576,2012-01-03,1.8366
6577,2012-01-04,1.8366
6578,2012-01-05,1.8366
6579,2012-01-06,1.8366
6580,2012-01-07,1.8366
6581,2012-01-08,1.8366
6582,2012-01-09,1.8366
6583,2012-01-10,1.8366
6584,2012-01-11,1.8366
6585,2012-01-12,1.8366
6586,2012-01-13,1.8366
6587,2012-01-14,1.8366
6588,2012-01-15,1.8366
6589,2012-01-16,1.8366
6590,2012-01-17,1.8366
6591,2012-01-18,1.8366
6592,2012-01-19,1.8366
6593,2012-01-20,1.8366
6594,2012-01-21,1.8366
6595,2012-01-22,1.8366
6596,2012-01-23,1.8366
6597,2012-01-24,1.8366
6598,2012-01-25,1.8366
6599,2012-01-26,1.8366
6600,2012-01-27,1.8366
6601,2012-01-28,1.8366
6602,2012-01-29,1.8366
6603,2012-01-30,1.8366
6604,2012-01-31,1.8366
6605,2012-02-01,1.6783
6606,2012-02-02,1.6783
6607,2012-02-03,1.6783
6608,2012-02-04,1.6783
6609,2012-02-05,1.6783
6610,2012-02-06,1.6783
6611,2012-02-07,1.6783
6612,2012-02-08,1.6783
6613,2012-02-09,1.6783
6614,2012-02-10,1.6783
6615,2012-02-11,1.6783
6616,2012-02-12,1.6783
6617,2012-02-13,1.6783
6618,2012-02-14,1.6783
6619,2012-02-15,1.6783
6620,2012-02-16,1.6783
6621,2012-02-17,1.6783
6622,2012-02-18,1.6783
6623,2012-02-19,1.6783
6624,2012-02-20,1.6783
6625,2012-02-21,1.6783
6626,2012-02-22,1.6783
6627,2012-02-23,1.6783
6628,2012-02-24,1.6783
6629,2012-02-25,1.6783
6630,2012-02-26,1.6783
6631,2012-02-27,1.6783
6632,2012-02-28,1.6783
6633,2012-02-29,1.6783
6634,2012-03-01,1.4985
6635,2012-03-02,1.4985
6636,2012-03-03,1.4985
6637,2012-03-04,1.4985
6638,2012-03-05,1.4985
6639,2012-03-06,1.4985
6640,2012-03-07,1.4985
6641,2012-03-08,1.4985
6642,2012-03-09,1.4985
6643,2012-03-10,1.4985
6644,2012-03-11,1.4985
6645,2012-03-12,1.4985
6646,2012-03-13,1.4985
6647,2012-03-14,1.4985
6648,2012-03-15,1.4985
6649,2012-03-16,1.4985
6650,2012-03-17,1.4985
6651,2012-03-18,1.4985
6652,2012-03-19,1.4985
6653,2012-03-20,1.4985
6654,2012-03-21,1.4985
6655,2012-03-22,1.4985
6656,2012-03-23,1.4985
6657,2012-03-24,1.4985
6658,2012-03-25,1.4985
6659,2012-03-26,1.4985
6660,2012-03-27,1.4985
6661,2012-03-28,1.4985
6662,2012-03-29,1.4985
6663,2012-03-30,1.4985
6664,2012-03-31,1.4985
6665,2012-04-01,1.3678
6666,2012-04-02,1.3678
6667,2012-04-03,1.3678
6668,2012-04-04,1.3678
6669,2012-04-05,1.3678
6670,2012-04-06,1.3678
6671,2012-04-07,1.3678
6672,2012-04-08,1.3678
6673,2012-04-09,1.3678
6674,2012-04-10,1.3678
6675,2012-04-11,1.3678
6676,2012-04-12,1.3678
6677,2012-04-13,1.3678
6678,2012-04-14,1.3678
6679,2012-04-15,1.3678
6680,2012-04-16,1.3678
6681,2012-04-17,1.3678
6682,2012-04-18,1.3678
6683,2012-04-19,1.3678
6684,2012-04-20,1.3678
6685,2012-04-21,1.3678
6686,2012-04-22,1.3678
6687,2012-04-23,1.3678
6688,2012-04-24,1.3678
6689,2012-04-25,1.3678
6690,2012-04-26,1.3678
6691,2012-04-27,1.3678
6692,2012-04-28,1.3678
6693,2012-04-29,1.3678
6694,2012-04-30,1.3678
6695,2012-05-01,1.266
6696,2012-05-02,1.266
6697,2012-05-03,1.266
6698,2012-05-04,1.266
6699,2012-05-05,1.266
6700,2012-05-06,1.266
6701,2012-05-07,1.266
6702,2012-05-08,1.266
6703,2012-05-09,1.266
6704,2012-05-10,1.266
6705,2012-05-11,1.266
6706,2012-05-12,1.266
6707,2012-05-13,1.266
6708,2012-05-14,1.266
6709,2012-05-15,1.266
6710,2012-05-16,1.266
6711,2012-05-17,1.266
6712,2012-05-18,1.266
6713,2012-05-19,1.266
6714,2012-05-20,1.266
6715,2012-05-21,1.266
6716,2012-05-22,1.266
6717,2012-05-23,1.266
6718,2012-05-24,1.266
6719,2012-05-25,1.266
6720,2012-05-26,1.266
6721,2012-05-27,1.266
6722,2012-05-28,1.266
6723,2012-05-29,1.266
6724,2012-05-30,1.266
6725,2012-05-31,1.266
6726,2012-06-01,1.219
6727,2012-06-02,1.219
6728,2012-06-03,1.219
6729,2012-06-04,1.219
6730,2012-06-05,1.219
6731,2012-06-06,1.219
6732,2012-06-07,1.219
6733,2012-06-08,1.219
6734,2012-06-09,1.219
6735,2012-06-10,1.219
6736,2012-06-11,1.219
6737,2012-06-12,1.219
6738,2012-06-13,1.219
6739,2012-06-14,1.219
6740,2012-06-15,1.219
6741,2012-06-16,1.219
6742,2012-06-17,1.219
6743,2012-06-18,1.219
6744,2012-06-19,1.219
6745,2012-06-20,1.219
6746,2012-06-21,1.219
6747,2012-06-22,1.219
6748,2012-06-23,1.219
6749,2012-06-24,1.219
6750,2012-06-25,1.219
6751,2012-06-26,1.219
6752,2012-06-27,1.219
6753,2012-06-28,1.219
6754,2012-06-29,1.219
6755,2012-06-30,1.219
6756,2012-07-01,1.0608
6757,2012-07-02,1.0608
6758,2012-07-03,1.0608
6759,2012-07-04,1.0608
6760,2012-07-05,1.0608
6761,2012-07-06,1.0608
6762,2012-07-07,1.0608
6763,2012-07-08,1.0608
6764,2012-07-09,1.0608
6765,2012-07-10,1.0608
6766,2012-07-11,1.0608
6767,2012-07-12,1.0608
6768,2012-07-13,1.0608
6769,2012-07-14,1.0608
6770,2012-07-15,1.0608
6771,2012-07-16,1.0608
6772,2012-07-17,1.0608
6773,2012-07-18,1.0608
6774,2012-07-19,1.0608
6775,2012-07-20,1.0608
6776,2012-07-21,1.0608
6777,2012-07-22,1.0608
6778,2012-07-23,1.0608
6779,2012-07-24,1.0608
6780,2012-07-25,1.0608
6781,2012-07-26,1.0608
6782,2012-07-27,1.0608
6783,2012-07-28,1.0608
6784,2012-07-29,1.0608
6785,2012-07-30,1.0608
6786,2012-07-31,1.0608
6787,2012-08-01,0.8766
6788,2012-08-02,0.8766
6789,2012-08-03,0.8766
6790,2012-08-04,0.8766
6791,2012-08-05,0.8766
6792,2012-08-06,0.8766
6793,2012-08-07,0.8766
6794,2012-08-08,0.8766
6795,2012-08-09,0.8766
6796,2012-08-10,0.8766
6797,2012-08-11,0.8766
6798,2012-08-12,0.8766
6799,2012-08-13,0.8766
6800,2012-08-14,0.8766
6801,2012-08-15,0.8766
6802,2012-08-16,0.8766
6803,2012-08-17,0.8766
6804,2012-08-18,0.8766
6805,2012-08-19,0.8766
6806,2012-08-20,0.8766
6807,2012-08-21,0.8766
6808,2012-08-22,0.8766
6809,2012-08-23,0.8766
6810,2012-08-24,0.8766
6811,2012-08-25,0.8766
6812,2012-08-26,0.8766
6813,2012-08-27,0.8766
6814,2012-08-28,0.8766
6815,2012-08-29,0.8766
6816,2012-08-30,0.8766
6817,2012-08-31,0.8766
6818,2012-09-01,0.7398
6819,2012-09-02,0.7398
6820,2012-09-03,0.7398
6821,2012-09-04,0.7398
6822,2012-09-05,0.7398
6823,2012-09-06,0.7398
6824,2012-09-07,0.7398
6825,2012-09-08,0.7398
6826,2012-09-09,0.7398
6827,2012-09-10,0.7398
6828,2012-09-11,0.7398
6829,2012-09-12,0.7398
6830,2012-09-13,0.7398
6831,2012-09-14,0.7398
6832,2012-09-15,0.7398
6833,2012-09-16,0.7398
6834,2012-09-17,0.7398
6835,2012-09-18,0.7398
6836,2012-09-19,0.7398
6837,2012-09-20,0.7398
6838,2012-09-21,0.7398
6839,2012-09-22,0.7398
6840,2012-09-23,0.7398
6841,2012-09-24,0.7398
6842,2012-09-25,0.7398
6843,2012-09-26,0.7398
6844,2012-09-27,0.7398
6845,2012-09-28,0.7398
6846,2012-09-29,0.7398
6847,2012-09-30,0.7398
6848,2012-10-01,0.6501
6849,2012-10-02,0.6501
6850,2012-10-03,0.6501
6851,2012-10-04,0.6501
6852,2012-10-05,0.6501
6853,2012-10-06,0.6501
6854,2012-10-07,0.6501
6855,2012-10-08,0.6501
6856,2012-10-09,0.6501
6857,2012-10-10,0.6501
6858,2012-10-11,0.6501
6859,2012-10-12,0.6501
6860,2012-10-13,0.6501
6861,2012-10-14,0.6501
6862,2012-10-15,0.6501
6863,2012-10-16,0.6501
6864,2012-10-17,0.6501
6865,2012-10-18,0.6501
6866,2012-10-19,0.6501
6867,2012-10-20,0.6501
6868,2012-10-21,0.6501
6869,2012-10-22,0.6501
6870,2012-10-23,0.6501
6871,2012-10-24,0.6501
6872,2012-10-25,0.6501
6873,2012-10-26,0.6501
6874,2012-10-27,0.6501
6875,2012-10-28,0.6501
6876,2012-10-29,0.6501
6877,2012-10-30,0.6501
6878,2012-10-31,0.6501
6879,2012-11-01,0.5879
6880,2012-11-02,0.5879
6881,2012-11-03,0.5879
6882,2012-11-04,0.5879
6883,2012-11-05,0.5879
6884,2012-11-06,0.5879
6885,2012-11-07,0.5879
6886,2012-11-08,0.5879
6887,2012-11-09,0.5879
6888,2012-11-10,0.5879
6889,2012-11-11,0.5879
6890,2012-11-12,0.5879
6891,2012-11-13,0.5879
6892,2012-11-14,0.5879
6893,2012-11-15,0.5879
6894,2012-11-16,0.5879
6895,2012-11-17,0.5879
6896,2012-11-18,0.5879
6897,2012-11-19,0.5879
6898,2012-11-20,0.5879
6899,2012-11-21,0.5879
6900,2012-11-22,0.5879
6901,2012-11-23,0.5879
6902,2012-11-24,0.5879
6903,2012-11-25,0.5879
6904,2012-11-26,0.5879
6905,2012-11-27,0.5879
6906,2012-11-28,0.5879
6907,2012-11-29,0.5879
6908,2012-11-30,0.5879
6909,2012-12-01,0.5493
6910,2012-12-02,0.5493
6911,2012-12-03,0.5493
6912,2012-12-04,0.5493
6913,2012-12-05,0.5493
6914,2012-12-06,0.5493
6915,2012-12-07,0.5493
6916,2012-12-08,0.5493
6917,2012-12-09,0.5493
6918,2012-12-10,0.5493
6919,2012-12-11,0.5493
6920,2012-12-12,0.5493
6921,2012-12-13,0.5493
6922,2012-12-14,0.5493
6923,2012-12-15,0.5493
6924,2012-12-16,0.5493
6925,2012-12-17,0.5493
6926,2012-12-18,0.5493
6927,2012-12-19,0.5493
6928,2012-12-20,0.5493
6929,2012-12-21,0.5493
6930,2012-12-22,0.5493
6931,2012-12-23,0.5493
6932,2012-12-24,0.5493
6933,2012-12-25,0.5493
6934,2012-12-26,0.5493
6935,2012-12-27,0.5493
6936,2012-12-28,0.5493
6937,2012-12-29,0.5493
6938,2012-12-30,0.5493
6939,2012-12-31,0.5493
6940,2013-01-01,0.5753
6941,2013-01-02,0.5753
6942,2013-01-03,0.5753
6943,2013-01-04,0.5753
6944,2013-01-05,0.5753
6945,2013-01-06,0.5753
6946,2013-01-07,0.5753
6947,2013-01-08,0.5753
6948,2013-01-09,0.5753
6949,2013-01-10,0.5753
6950,2013-01-11,0.5753
6951,2013-01-12,0.5753
6952,2013-01-13,0.5753
6953,2013-01-14,0.5753
6954,2013-01-15,0.5753
6955,2013-01-16,0.5753
6956,2013-01-17,0.5753
6957,2013-01-18,0.5753
6958,2013-01-19,0.5753
6959,2013-01-20,0.5753
6960,2013-01-21,0.5753
6961,2013-01-22,0.5753
6962,2013-01-23,0.5753
6963,2013-01-24,0.5753
6964,2013-01-25,0.5753
6965,2013-01-26,0.5753
6966,2013-01-27,0.5753
6967,2013-01-28,0.5753
6968,2013-01-29,0.5753
6969,2013-01-30,0.5753
6970,2013-01-31,0.5753
6971,2013-02-01,0.5942
6972,2013-02-02,0.5942
6973,2013-02-03,0.5942
6974,2013-02-04,0.5942
6975,2013-02-05,0.5942
6976,2013-02-06,0.5942
6977,2013-02-07,0.5942
6978,2013-02-08,0.5942
6979,2013-02-09,0.5942
6980,2013-02-10,0.5942
6981,2013-02-11,0.5942
6982,2013-02-12,0.5942
6983,2013-02-13,0.5942
6984,2013-02-14,0.5942
6985,2013-02-15,0.5942
6986,2013-02-16,0.5942
6987,2013-02-17,0.5942
6988,2013-02-18,0.5942
6989,2013-02-19,0.5942
6990,2013-02-20,0.5942
6991,2013-02-21,0.5942
6992,2013-02-22,0.5942
6993,2013-02-23,0.5942
6994,2013-02-24,0.5942
6995,2013-02-25,0.5942
6996,2013-02-26,0.5942
6997,2013-02-27,0.5942
6998,2013-02-28,0.5942
6999,2013-03-01,0.545
7000,2013-03-02,0.545
7001,2013-03-03,0.545
7002,2013-03-04,0.545
7003,2013-03-05,0.545
7004,2013-03-06,0.545
7005,2013-03-07,0.545
7006,2013-03-08,0.545
7007,2013-03-09,0.545
7008,2013-03-10,0.545
7009,2013-03-11,0.545
7010,2013-03-12,0.545
7011,2013-03-13,0.545
7012,2013-03-14,0.545
7013,2013-03-15,0.545
7014,2013-03-16,0.545
7015,2013-03-17,0.545
7016,2013-03-18,0.545
7017,2013-03-19,0.545
7018,2013-03-20,0.545
7019,2013-03-21,0.545
7020,2013-03-22,0.545
7021,2013-03-23,0.545
7022,2013-03-24,0.545
7023,2013-03-25,0.545
7024,2013-03-26,0.545
7025,2013-03-27,0.545
7026,2013-03-28,0.545
7027,2013-03-29,0.545
7028,2013-03-30,0.545
7029,2013-03-31,0.545
7030,2013-04-01,0.5284
7031,2013-04-02,0.5284
7032,2013-04-03,0.5284
7033,2013-04-04,0.5284
7034,2013-04-05,0.5284
7035,2013-04-06,0.5284
7036,2013-04-07,0.5284
7037,2013-04-08,0.5284
7038,2013-04-09,0.5284
7039,2013-04-10,0.5284
7040,2013-04-11,0.5284
7041,2013-04-12,0.5284
7042,2013-04-13,0.5284
7043,2013-04-14,0.5284
7044,2013-04-15,0.5284
7045,2013-04-16,0.5284
7046,2013-04-17,0.5284
7047,2013-04-18,0.5284
7048,2013-04-19,0.5284
7049,2013-04-20,0.5284
7050,2013-04-21,0.5284
7051,2013-04-22,0.5284
7052,2013-04-23,0.5284
7053,2013-04-24,0.5284
7054,2013-04-25,0.5284
7055,2013-04-26,0.5284
7056,2013-04-27,0.5284
7057,2013-04-28,0.5284
7058,2013-04-29,0.5284
7059,2013-04-30,0.5284
7060,2013-05-01,0.4838
7061,2013-05-02,0.4838
7062,2013-05-03,0.4838
7063,2013-05-04,0.4838
7064,2013-05-05,0.4838
7065,2013-05-06,0.4838
7066,2013-05-07,0.4838
7067,2013-05-08,0.4838
7068,2013-05-09,0.4838
7069,2013-05-10,0.4838
7070,2013-05-11,0.4838
7071,2013-05-12,0.4838
7072,2013-05-13,0.4838
7073,2013-05-14,0.4838
7074,2013-05-15,0.4838
7075,2013-05-16,0.4838
7076,2013-05-17,0.4838
7077,2013-05-18,0.4838
7078,2013-05-19,0.4838
7079,2013-05-20,0.4838
7080,2013-05-21,0.4838
7081,2013-05-22,0.4838
7082,2013-05-23,0.4838
7083,2013-05-24,0.4838
7084,2013-05-25,0.4838
7085,2013-05-26,0.4838
7086,2013-05-27,0.4838
7087,2013-05-28,0.4838
7088,2013-05-29,0.4838
7089,2013-05-30,0.4838
7090,2013-05-31,0.4838
7091,2013-06-01,0.5071
7092,2013-06-02,0.5071
7093,2013-06-03,0.5071
7094,2013-06-04,0.5071
7095,2013-06-05,0.5071
7096,2013-06-06,0.5071
7097,2013-06-07,0.5071
7098,2013-06-08,0.5071
7099,2013-06-09,0.5071
7100,2013-06-10,0.5071
7101,2013-06-11,0.5071
7102,2013-06-12,0.5071
7103,2013-06-13,0.5071
7104,2013-06-14,0.5071
7105,2013-06-15,0.5071
7106,2013-06-16,0.5071
7107,2013-06-17,0.5071
7108,2013-06-18,0.5071
7109,2013-06-19,0.5071
7110,2013-06-20,0.5071
7111,2013-06-21,0.5071
7112,2013-06-22,0.5071
7113,2013-06-23,0.5071
7114,2013-06-24,0.5071
7115,2013-06-25,0.5071
7116,2013-06-26,0.5071
7117,2013-06-27,0.5071
7118,2013-06-28,0.5071
7119,2013-06-29,0.5071
7120,2013-06-30,0.5071
7121,2013-07-01,0.5254
7122,2013-07-02,0.5254
7123,2013-07-03,0.5254
7124,2013-07-04,0.5254
7125,2013-07-05,0.5254
7126,2013-07-06,0.5254
7127,2013-07-07,0.5254
7128,2013-07-08,0.5254
7129,2013-07-09,0.5254
7130,2013-07-10,0.5254
7131,2013-07-11,0.5254
7132,2013-07-12,0.5254
7133,2013-07-13,0.5254
7134,2013-07-14,0.5254
7135,2013-07-15,0.5254
7136,2013-07-16,0.5254
7137,2013-07-17,0.5254
7138,2013-07-18,0.5254
7139,2013-07-19,0.5254
7140,2013-07-20,0.5254
7141,2013-07-21,0.5254
7142,2013-07-22,0.5254
7143,2013-07-23,0.5254
7144,2013-07-24,0.5254
7145,2013-07-25,0.5254
7146,2013-07-26,0.5254
7147,2013-07-27,0.5254
7148,2013-07-28,0.5254
7149,2013-07-29,0.5254
7150,2013-07-30,0.5254
7151,2013-07-31,0.5254
7152,2013-08-01,0.5423
7153,2013-08-02,0.5423
7154,2013-08-03,0.5423
7155,2013-08-04,0.5423
7156,2013-08-05,0.5423
7157,2013-08-06,0.5423
7158,2013-08-07,0.5423
7159,2013-08-08,0.5423
7160,2013-08-09,0.5423
7161,2013-08-10,0.5423
7162,2013-08-11,0.5423
7163,2013-08-12,0.5423
7164,2013-08-13,0.5423
7165,2013-08-14,0.5423
7166,2013-08-15,0.5423
7167,2013-08-16,0.5423
7168,2013-08-17,0.5423
7169,2013-08-18,0.5423
7170,2013-08-19,0.5423
7171,2013-08-20,0.5423
7172,2013-08-21,0.5423
7173,2013-08-22,0.5423
7174,2013-08-23,0.5423
7175,2013-08-24,0.5423
7176,2013-08-25,0.5423
7177,2013-08-26,0.5423
7178,2013-08-27,0.5423
7179,2013-08-28,0.5423
7180,2013-08-29,0.5423
7181,2013-08-30,0.5423
7182,2013-08-31,0.5423
7183,2013-09-01,0.5434
7184,2013-09-02,0.5434
7185,2013-09-03,0.5434
7186,2013-09-04,0.5434
7187,2013-09-05,0.5434
7188,2013-09-06,0.5434
7189,2013-09-07,0.5434
7190,2013-09-08,0.5434
7191,2013-09-09,0.5434
7192,2013-09-10,0.5434
7193,2013-09-11,0.5434
7194,2013-09-12,0.5434
7195,2013-09-13,0.5434
7196,2013-09-14,0.5434
7197,2013-09-15,0.5434
7198,2013-09-16,0.5434
7199,2013-09-17,0.5434
7200,2013-09-18,0.5434
7201,2013-09-19,0.5434
7202,2013-09-20,0.5434
7203,2013-09-21,0.5434
7204,2013-09-22,0.5434
7205,2013-09-23,0.5434
7206,2013-09-24,0.5434
7207,2013-09-25,0.5434
7208,2013-09-26,0.5434
7209,2013-09-27,0.5434
7210,2013-09-28,0.5434
7211,2013-09-29,0.5434
7212,2013-09-30,0.5434
7213,2013-10-01,0.541
7214,2013-10-02,0.541
7215,2013-10-03,0.541
7216,2013-10-04,0.541
7217,2013-10-05,0.541
7218,2013-10-06,0.541
7219,2013-10-07,0.541
7220,2013-10-08,0.541
7221,2013-10-09,0.541
7222,2013-10-10,0.541
7223,2013-10-11,0.541
7224,2013-10-12,0.541
7225,2013-10-13,0.541
7226,2013-10-14,0.541
7227,2013-10-15,0.541
7228,2013-10-16,0.541
7229,2013-10-17,0.541
7230,2013-10-18,0.541
7231,2013-10-19,0.541
7232,2013-10-20,0.541
7233,2013-10-21,0.541
7234,2013-10-22,0.541
7235,2013-10-23,0.541
7236,2013-10-24,0.541
7237,2013-10-25,0.541
7238,2013-10-26,0.541
7239,2013-10-27,0.541
7240,2013-10-28,0.541
7241,2013-10-29,0.541
7242,2013-10-30,0.541
7243,2013-10-31,0.541
7244,2013-11-01,0.5064
7245,2013-11-02,0.5064
7246,2013-11-03,0.5064
7247,2013-11-04,0.5064
7248,2013-11-05,0.5064
7249,2013-11-06,0.5064
7250,2013-11-07,0.5064
7251,2013-11-08,0.5064
7252,2013-11-09,0.5064
7253,2013-11-10,0.5064
7254,2013-11-11,0.5064
7255,2013-11-12,0.5064
7256,2013-11-13,0.5064
7257,2013-11-14,0.5064
7258,2013-11-15,0.5064
7259,2013-11-16,0.5064
7260,2013-11-17,0.5064
7261,2013-11-18,0.5064
7262,2013-11-19,0.5064
7263,2013-11-20,0.5064
7264,2013-11-21,0.5064
7265,2013-11-22,0.5064
7266,2013-11-23,0.5064
7267,2013-11-24,0.5064
7268,2013-11-25,0.5064
7269,2013-11-26,0.5064
7270,2013-11-27,0.5064
7271,2013-11-28,0.5064
7272,2013-11-29,0.5064
7273,2013-11-30,0.5064
7274,2013-12-01,0.5425
7275,2013-12-02,0.5425
7276,2013-12-03,0.5425
7277,2013-12-04,0.5425
7278,2013-12-05,0.5425
7279,2013-12-06,0.5425
7280,2013-12-07,0.5425
7281,2013-12-08,0.5425
7282,2013-12-09,0.5425
7283,2013-12-10,0.5425
7284,2013-12-11,0.5425
7285,2013-12-12,0.5425
7286,2013-12-13,0.5425
7287,2013-12-14,0.5425
7288,2013-12-15,0.5425
7289,2013-12-16,0.5425
7290,2013-12-17,0.5425
7291,2013-12-18,0.5425
7292,2013-12-19,0.5425
7293,2013-12-20,0.5425
7294,2013-12-21,0.5425
7295,2013-12-22,0.5425
7296,2013-12-23,0.5425
7297,2013-12-24,0.5425
7298,2013-12-25,0.5425
7299,2013-12-26,0.5425
7300,2013-12-27,0.5425
7301,2013-12-28,0.5425
7302,2013-12-29,0.5425
7303,2013-12-30,0.5425
7304,2013-12-31,0.5425
7305,2014-01-01,0.5621
7306,2014-01-02,0.5621
7307,2014-01-03,0.5621
7308,2014-01-04,0.5621
7309,2014-01-05,0.5621
7310,2014-01-06,0.5621
7311,2014-01-07,0.5621
7312,2014-01-08,0.5621
7313,2014-01-09,0.5621
7314,2014-01-10,0.5621
7315,2014-01-11,0.5621
7316,2014-01-12,0.5621
7317,2014-01-13,0.5621
7318,2014-01-14,0.5621
7319,2014-01-15,0.5621
7320,2014-01-16,0.5621
7321,2014-01-17,0.5621
7322,2014-01-18,0.5621
7323,2014-01-19,0.5621
7324,2014-01-20,0.5621
7325,2014-01-21,0.5621
7326,2014-01-22,0.5621
7327,2014-01-23,0.5621
7328,2014-01-24,0.5621
7329,2014-01-25,0.5621
7330,2014-01-26,0.5621
7331,2014-01-27,0.5621
7332,2014-01-28,0.5621
7333,2014-01-29,0.5621
7334,2014-01-30,0.5621
7335,2014-01-31,0.5621
7336,2014-02-01,0.549
7337,2014-02-02,0.549
7338,2014-02-03,0.549
7339,2014-02-04,0.549
7340,2014-02-05,0.549
7341,2014-02-06,0.549
7342,2014-02-07,0.549
7343,2014-02-08,0.549
7344,2014-02-09,0.549
7345,2014-02-10,0.549
7346,2014-02-11,0.549
7347,2014-02-12,0.549
7348,2014-02-13,0.549
7349,2014-02-14,0.549
7350,2014-02-15,0.549
7351,2014-02-16,0.549
7352,2014-02-17,0.549
7353,2014-02-18,0.549
7354,2014-02-19,0.549
7355,2014-02-20,0.549
7356,2014-02-21,0.549
7357,2014-02-22,0.549
7358,2014-02-23,0.549
7359,2014-02-24,0.549
7360,2014-02-25,0.549
7361,2014-02-26,0.549
7362,2014-02-27,0.549
7363,2014-02-28,0.549
7364,2014-03-01,0.5773
7365,2014-03-02,0.5773
7366,2014-03-03,0.5773
7367,2014-03-04,0.5773
7368,2014-03-05,0.5773
7369,2014-03-06,0.5773
7370,2014-03-07,0.5773
7371,2014-03-08,0.5773
7372,2014-03-09,0.5773
7373,2014-03-10,0.5773
7374,2014-03-11,0.5773
7375,2014-03-12,0.5773
7376,2014-03-13,0.5773
7377,2014-03-14,0.5773
7378,2014-03-15,0.5773
7379,2014-03-16,0.5773
7380,2014-03-17,0.5773
7381,2014-03-18,0.5773
7382,2014-03-19,0.5773
7383,2014-03-20,0.5773
7384,2014-03-21,0.5773
7385,2014-03-22,0.5773
7386,2014-03-23,0.5773
7387,2014-03-24,0.5773
7388,2014-03-25,0.5773
7389,2014-03-26,0.5773
7390,2014-03-27,0.5773
7391,2014-03-28,0.5773
7392,2014-03-29,0.5773
7393,2014-03-30,0.5773
7394,2014-03-31,0.5773
7395,2014-04-01,0.604
7396,2014-04-02,0.604
7397,2014-04-03,0.604
7398,2014-04-04,0.604
7399,2014-04-05,0.604
7400,2014-04-06,0.604
7401,2014-04-07,0.604
7402,2014-04-08,0.604
7403,2014-04-09,0.604
7404,2014-04-10,0.604
7405,2014-04-11,0.604
7406,2014-04-12,0.604
7407,2014-04-13,0.604
7408,2014-04-14,0.604
7409,2014-04-15,0.604
7410,2014-04-16,0.604
7411,2014-04-17,0.604
7412,2014-04-18,0.604
7413,2014-04-19,0.604
7414,2014-04-20,0.604
7415,2014-04-21,0.604
7416,2014-04-22,0.604
7417,2014-04-23,0.604
7418,2014-04-24,0.604
7419,2014-04-25,0.604
7420,2014-04-26,0.604
7421,2014-04-27,0.604
7422,2014-04-28,0.604
7423,2014-04-29,0.604
7424,2014-04-30,0.604
7425,2014-05-01,0.5923
7426,2014-05-02,0.5923
7427,2014-05-03,0.5923
7428,2014-05-04,0.5923
7429,2014-05-05,0.5923
7430,2014-05-06,0.5923
7431,2014-05-07,0.5923
7432,2014-05-08,0.5923
7433,2014-05-09,0.5923
7434,2014-05-10,0.5923
7435,2014-05-11,0.5923
7436,2014-05-12,0.5923
7437,2014-05-13,0.5923
7438,2014-05-14,0.5923
7439,2014-05-15,0.5923
7440,2014-05-16,0.5923
7441,2014-05-17,0.5923
7442,2014-05-18,0.5923
7443,2014-05-19,0.5923
7444,2014-05-20,0.5923
7445,2014-05-21,0.5923
7446,2014-05-22,0.5923
7447,2014-05-23,0.5923
7448,2014-05-24,0.5923
7449,2014-05-25,0.5923
7450,2014-05-26,0.5923
7451,2014-05-27,0.5923
7452,2014-05-28,0.5923
7453,2014-05-29,0.5923
7454,2014-05-30,0.5923
7455,2014-05-31,0.5923
7456,2014-06-01,0.5127
7457,2014-06-02,0.5127
7458,2014-06-03,0.5127
7459,2014-06-04,0.5127
7460,2014-06-05,0.5127
7461,2014-06-06,0.5127
7462,2014-06-07,0.5127
7463,2014-06-08,0.5127
7464,2014-06-09,0.5127
7465,2014-06-10,0.5127
7466,2014-06-11,0.5127
7467,2014-06-12,0.5127
7468,2014-06-13,0.5127
7469,2014-06-14,0.5127
7470,2014-06-15,0.5127
7471,2014-06-16,0.5127
7472,2014-06-17,0.5127
7473,2014-06-18,0.5127
7474,2014-06-19,0.5127
7475,2014-06-20,0.5127
7476,2014-06-21,0.5127
7477,2014-06-22,0.5127
7478,2014-06-23,0.5127
7479,2014-06-24,0.5127
7480,2014-06-25,0.5127
7481,2014-06-26,0.5127
7482,2014-06-27,0.5127
7483,2014-06-28,0.5127
7484,2014-06-29,0.5127
7485,2014-06-30,0.5127
7486,2014-07-01,0.4875
7487,2014-07-02,0.4875
7488,2014-07-03,0.4875
7489,2014-07-04,0.4875
7490,2014-07-05,0.4875
7491,2014-07-06,0.4875
7492,2014-07-07,0.4875
7493,2014-07-08,0.4875
7494,2014-07-09,0.4875
7495,2014-07-10,0.4875
7496,2014-07-11,0.4875
7497,2014-07-12,0.4875
7498,2014-07-13,0.4875
7499,2014-07-14,0.4875
7500,2014-07-15,0.4875
7501,2014-07-16,0.4875
7502,2014-07-17,0.4875
7503,2014-07-18,0.4875
7504,2014-07-19,0.4875
7505,2014-07-20,0.4875
7506,2014-07-21,0.4875
7507,2014-07-22,0.4875
7508,2014-07-23,0.4875
7509,2014-07-24,0.4875
7510,2014-07-25,0.4875
7511,2014-07-26,0.4875
7512,2014-07-27,0.4875
7513,2014-07-28,0.4875
7514,2014-07-29,0.4875
7515,2014-07-30,0.4875
7516,2014-07-31,0.4875
7517,2014-08-01,0.4691
7518,2014-08-02,0.4691
7519,2014-08-03,0.4691
7520,2014-08-04,0.4691
7521,2014-08-05,0.4691
7522,2014-08-06,0.4691
7523,2014-08-07,0.4691
7524,2014-08-08,0.4691
7525,2014-08-09,0.4691
7526,2014-08-10,0.4691
7527,2014-08-11,0.4691
7528,2014-08-12,0.4691
7529,2014-08-13,0.4691
7530,2014-08-14,0.4691
7531,2014-08-15,0.4691
7532,2014-08-16,0.4691
7533,2014-08-17,0.4691
7534,2014-08-18,0.4691
7535,2014-08-19,0.4691
7536,2014-08-20,0.4691
7537,2014-08-21,0.4691
7538,2014-08-22,0.4691
7539,2014-08-23,0.4691
7540,2014-08-24,0.4691
7541,2014-08-25,0.4691
7542,2014-08-26,0.4691
7543,2014-08-27,0.4691
7544,2014-08-28,0.4691
7545,2014-08-29,0.4691
7546,2014-08-30,0.4691
7547,2014-08-31,0.4691
7548,2014-09-01,0.3623
7549,2014-09-02,0.3623
7550,2014-09-03,0.3623
7551,2014-09-04,0.3623
7552,2014-09-05,0.3623
7553,2014-09-06,0.3623
7554,2014-09-07,0.3623
7555,2014-09-08,0.3623
7556,2014-09-09,0.3623
7557,2014-09-10,0.3623
7558,2014-09-11,0.3623
7559,2014-09-12,0.3623
7560,2014-09-13,0.3623
7561,2014-09-14,0.3623
7562,2014-09-15,0.3623
7563,2014-09-16,0.3623
7564,2014-09-17,0.3623
7565,2014-09-18,0.3623
7566,2014-09-19,0.3623
7567,2014-09-20,0.3623
7568,2014-09-21,0.3623
7569,2014-09-22,0.3623
7570,2014-09-23,0.3623
7571,2014-09-24,0.3623
7572,2014-09-25,0.3623
7573,2014-09-26,0.3623
7574,2014-09-27,0.3623
7575,2014-09-28,0.3623
7576,2014-09-29,0.3623
7577,2014-09-30,0.3623
7578,2014-10-01,0.3376
7579,2014-10-02,0.3376
7580,2014-10-03,0.3376
7581,2014-10-04,0.3376
7582,2014-10-05,0.3376
7583,2014-10-06,0.3376
7584,2014-10-07,0.3376
7585,2014-10-08,0.3376
7586,2014-10-09,0.3376
7587,2014-10-10,0.3376
7588,2014-10-11,0.3376
7589,2014-10-12,0.3376
7590,2014-10-13,0.3376
7591,2014-10-14,0.3376
7592,2014-10-15,0.3376
7593,2014-10-16,0.3376
7594,2014-10-17,0.3376
7595,2014-10-18,0.3376
7596,2014-10-19,0.3376
7597,2014-10-20,0.3376
7598,2014-10-21,0.3376
7599,2014-10-22,0.3376
7600,2014-10-23,0.3376
7601,2014-10-24,0.3376
7602,2014-10-25,0.3376
7603,2014-10-26,0.3376
7604,2014-10-27,0.3376
7605,2014-10-28,0.3376
7606,2014-10-29,0.3376
7607,2014-10-30,0.3376
7608,2014-10-31,0.3376
7609,2014-11-01,0.3347
7610,2014-11-02,0.3347
7611,2014-11-03,0.3347
7612,2014-11-04,0.3347
7613,2014-11-05,0.3347
7614,2014-11-06,0.3347
7615,2014-11-07,0.3347
7616,2014-11-08,0.3347
7617,2014-11-09,0.3347
7618,2014-11-10,0.3347
7619,2014-11-11,0.3347
7620,2014-11-12,0.3347
7621,2014-11-13,0.3347
7622,2014-11-14,0.3347
7623,2014-11-15,0.3347
7624,2014-11-16,0.3347
7625,2014-11-17,0.3347
7626,2014-11-18,0.3347
7627,2014-11-19,0.3347
7628,2014-11-20,0.3347
7629,2014-11-21,0.3347
7630,2014-11-22,0.3347
7631,2014-11-23,0.3347
7632,2014-11-24,0.3347
7633,2014-11-25,0.3347
7634,2014-11-26,0.3347
7635,2014-11-27,0.3347
7636,2014-11-28,0.3347
7637,2014-11-29,0.3347
7638,2014-11-30,0.3347
7639,2014-12-01,0.3285
7640,2014-12-02,0.3285
7641,2014-12-03,0.3285
7642,2014-12-04,0.3285
7643,2014-12-05,0.3285
7644,2014-12-06,0.3285
7645,2014-12-07,0.3285
7646,2014-12-08,0.3285
7647,2014-12-09,0.3285
7648,2014-12-10,0.3285
7649,2014-12-11,0.3285
7650,2014-12-12,0.3285
7651,2014-12-13,0.3285
7652,2014-12-14,0.3285
7653,2014-12-15,0.3285
7654,2014-12-16,0.3285
7655,2014-12-17,0.3285
7656,2014-12-18,0.3285
7657,2014-12-19,0.3285
7658,2014-12-20,0.3285
7659,2014-12-21,0.3285
7660,2014-12-22,0.3285
7661,2014-12-23,0.3285
7662,2014-12-24,0.3285
7663,2014-12-25,0.3285
7664,2014-12-26,0.3285
7665,2014-12-27,0.3285
7666,2014-12-28,0.3285
7667,2014-12-29,0.3285
7668,2014-12-30,0.3285
7669,2014-12-31,0.3285
7670,2015-01-01,0.2982
7671,2015-01-02,0.2982
7672,2015-01-03,0.2982
7673,2015-01-04,0.2982
7674,2015-01-05,0.2982
7675,2015-01-06,0.2982
7676,2015-01-07,0.2982
7677,2015-01-08,0.2982
7678,2015-01-09,0.2982
7679,2015-01-10,0.2982
7680,2015-01-11,0.2982
7681,2015-01-12,0.2982
7682,2015-01-13,0.2982
7683,2015-01-14,0.2982
7684,2015-01-15,0.2982
7685,2015-01-16,0.2982
7686,2015-01-17,0.2982
7687,2015-01-18,0.2982
7688,2015-01-19,0.2982
7689,2015-01-20,0.2982
7690,2015-01-21,0.2982
7691,2015-01-22,0.2982
7692,2015-01-23,0.2982
7693,2015-01-24,0.2982
7694,2015-01-25,0.2982
7695,2015-01-26,0.2982
7696,2015-01-27,0.2982
7697,2015-01-28,0.2982
7698,2015-01-29,0.2982
7699,2015-01-30,0.2982
7700,2015-01-31,0.2982
7701,2015-02-01,0.2551
7702,2015-02-02,0.2551
7703,2015-02-03,0.2551
7704,2015-02-04,0.2551
7705,2015-02-05,0.2551
7706,2015-02-06,0.2551
7707,2015-02-07,0.2551
7708,2015-02-08,0.2551
7709,2015-02-09,0.2551
7710,2015-02-10,0.2551
7711,2015-02-11,0.2551
7712,2015-02-12,0.2551
7713,2015-02-13,0.2551
7714,2015-02-14,0.2551
7715,2015-02-15,0.2551
7716,2015-02-16,0.2551
7717,2015-02-17,0.2551
7718,2015-02-18,0.2551
7719,2015-02-19,0.2551
7720,2015-02-20,0.2551
7721,2015-02-21,0.2551
7722,2015-02-22,0.2551
7723,2015-02-23,0.2551
7724,2015-02-24,0.2551
7725,2015-02-25,0.2551
7726,2015-02-26,0.2551
7727,2015-02-27,0.2551
7728,2015-02-28,0.2551
7729,2015-03-01,0.2124
7730,2015-03-02,0.2124
7731,2015-03-03,0.2124
7732,2015-03-04,0.2124
7733,2015-03-05,0.2124
7734,2015-03-06,0.2124
7735,2015-03-07,0.2124
7736,2015-03-08,0.2124
7737,2015-03-09,0.2124
7738,2015-03-10,0.2124
7739,2015-03-11,0.2124
7740,2015-03-12,0.2124
7741,2015-03-13,0.2124
7742,2015-03-14,0.2124
7743,2015-03-15,0.2124
7744,2015-03-16,0.2124
7745,2015-03-17,0.2124
7746,2015-03-18,0.2124
7747,2015-03-19,0.2124
7748,2015-03-20,0.2124
7749,2015-03-21,0.2124
7750,2015-03-22,0.2124
7751,2015-03-23,0.2124
7752,2015-03-24,0.2124
7753,2015-03-25,0.2124
7754,2015-03-26,0.2124
7755,2015-03-27,0.2124
7756,2015-03-28,0.2124
7757,2015-03-29,0.2124
7758,2015-03-30,0.2124
7759,2015-03-31,0.2124
7760,2015-04-01,0.1805
7761,2015-04-02,0.1805
7762,2015-04-03,0.1805
7763,2015-04-04,0.1805
7764,2015-04-05,0.1805
7765,2015-04-06,0.1805
7766,2015-04-07,0.1805
7767,2015-04-08,0.1805
7768,2015-04-09,0.1805
7769,2015-04-10,0.1805
7770,2015-04-11,0.1805
7771,2015-04-12,0.1805
7772,2015-04-13,0.1805
7773,2015-04-14,0.1805
7774,2015-04-15,0.1805
7775,2015-04-16,0.1805
7776,2015-04-17,0.1805
7777,2015-04-18,0.1805
7778,2015-04-19,0.1805
7779,2015-04-20,0.1805
7780,2015-04-21,0.1805
7781,2015-04-22,0.1805
7782,2015-04-23,0.1805
7783,2015-04-24,0.1805
7784,2015-04-25,0.1805
7785,2015-04-26,0.1805
7786,2015-04-27,0.1805
7787,2015-04-28,0.1805
7788,2015-04-29,0.1805
7789,2015-04-30,0.1805
7790,2015-05-01,0.1654
7791,2015-05-02,0.1654
7792,2015-05-03,0.1654
7793,2015-05-04,0.1654
7794,2015-05-05,0.1654
7795,2015-05-06,0.1654
7796,2015-05-07,0.1654
7797,2015-05-08,0.1654
7798,2015-05-09,0.1654
7799,2015-05-10,0.1654
7800,2015-05-11,0.1654
7801,2015-05-12,0.1654
7802,2015-05-13,0.1654
7803,2015-05-14,0.1654
7804,2015-05-15,0.1654
7805,2015-05-16,0.1654
7806,2015-05-17,0.1654
7807,2015-05-18,0.1654
7808,2015-05-19,0.1654
7809,2015-05-20,0.1654
7810,2015-05-21,0.1654
7811,2015-05-22,0.1654
7812,2015-05-23,0.1654
7813,2015-05-24,0.1654
7814,2015-05-25,0.1654
7815,2015-05-26,0.1654
7816,2015-05-27,0.1654
7817,2015-05-28,0.1654
7818,2015-05-29,0.1654
7819,2015-05-30,0.1654
7820,2015-05-31,0.1654
7821,2015-06-01,0.163
7822,2015-06-02,0.163
7823,2015-06-03,0.163
7824,2015-06-04,0.163
7825,2015-06-05,0.163
7826,2015-06-06,0.163
7827,2015-06-07,0.163
7828,2015-06-08,0.163
7829,2015-06-09,0.163
7830,2015-06-10,0.163
7831,2015-06-11,0.163
7832,2015-06-12,0.163
7833,2015-06-13,0.163
7834,2015-06-14,0.163
7835,2015-06-15,0.163
7836,2015-06-16,0.163
7837,2015-06-17,0.163
7838,2015-06-18,0.163
7839,2015-06-19,0.163
7840,2015-06-20,0.163
7841,2015-06-21,0.163
7842,2015-06-22,0.163
7843,2015-06-23,0.163
7844,2015-06-24,0.163
7845,2015-06-25,0.163
7846,2015-06-26,0.163
7847,2015-06-27,0.163
7848,2015-06-28,0.163
7849,2015-06-29,0.163
7850,2015-06-30,0.163
7851,2015-07-01,0.1673
7852,2015-07-02,0.1673
7853,2015-07-03,0.1673
7854,2015-07-04,0.1673
7855,2015-07-05,0.1673
7856,2015-07-06,0.1673
7857,2015-07-07,0.1673
7858,2015-07-08,0.1673
7859,2015-07-09,0.1673
7860,2015-07-10,0.1673
7861,2015-07-11,0.1673
7862,2015-07-12,0.1673
7863,2015-07-13,0.1673
7864,2015-07-14,0.1673
7865,2015-07-15,0.1673
7866,2015-07-16,0.1673
7867,2015-07-17,0.1673
7868,2015-07-18,0.1673
7869,2015-07-19,0.1673
7870,2015-07-20,0.1673
7871,2015-07-21,0.1673
7872,2015-07-22,0.1673
7873,2015-07-23,0.1673
7874,2015-07-24,0.1673
7875,2015-07-25,0.1673
7876,2015-07-26,0.1673
7877,2015-07-27,0.1673
7878,2015-07-28,0.1673
7879,2015-07-29,0.1673
7880,2015-07-30,0.1673
7881,2015-07-31,0.1673
7882,2015-08-01,0.1613
7883,2015-08-02,0.1613
7884,2015-08-03,0.1613
7885,2015-08-04,0.1613
7886,2015-08-05,0.1613
7887,2015-08-06,0.1613
7888,2015-08-07,0.1613
7889,2015-08-08,0.1613
7890,2015-08-09,0.1613
7891,2015-08-10,0.1613
7892,2015-08-11,0.1613
7893,2015-08-12,0.1613
7894,2015-08-13,0.1613
7895,2015-08-14,0.1613
7896,2015-08-15,0.1613
7897,2015-08-16,0.1613
7898,2015-08-17,0.1613
7899,2015-08-18,0.1613
7900,2015-08-19,0.1613
7901,2015-08-20,0.1613
7902,2015-08-21,0.1613
7903,2015-08-22,0.1613
7904,2015-08-23,0.1613
7905,2015-08-24,0.1613
7906,2015-08-25,0.1613
7907,2015-08-26,0.1613
7908,2015-08-27,0.1613
7909,2015-08-28,0.1613
7910,2015-08-29,0.1613
7911,2015-08-30,0.1613
7912,2015-08-31,0.1613
7913,2015-09-01,0.1536
7914,2015-09-02,0.1536
7915,2015-09-03,0.1536
7916,2015-09-04,0.1536
7917,2015-09-05,0.1536
7918,2015-09-06,0.1536
7919,2015-09-07,0.1536
7920,2015-09-08,0.1536
7921,2015-09-09,0.1536
7922,2015-09-10,0.1536
7923,2015-09-11,0.1536
7924,2015-09-12,0.1536
7925,2015-09-13,0.1536
7926,2015-09-14,0.1536
7927,2015-09-15,0.1536
7928,2015-09-16,0.1536
7929,2015-09-17,0.1536
7930,2015-09-18,0.1536
7931,2015-09-19,0.1536
7932,2015-09-20,0.1536
7933,2015-09-21,0.1536
7934,2015-09-22,0.1536
7935,2015-09-23,0.1536
7936,2015-09-24,0.1536
7937,2015-09-25,0.1536
7938,2015-09-26,0.1536
7939,2015-09-27,0.1536
7940,2015-09-28,0.1536
7941,2015-09-29,0.1536
7942,2015-09-30,0.1536
7943,2015-10-01,0.1279
7944,2015-10-02,0.1279
7945,2015-10-03,0.1279
7946,2015-10-04,0.1279
7947,2015-10-05,0.1279
7948,2015-10-06,0.1279
7949,2015-10-07,0.1279
7950,2015-10-08,0.1279
7951,2015-10-09,0.1279
7952,2015-10-10,0.1279
7953,2015-10-11,0.1279
7954,2015-10-12,0.1279
7955,2015-10-13,0.1279
7956,2015-10-14,0.1279
7957,2015-10-15,0.1279
7958,2015-10-16,0.1279
7959,2015-10-17,0.1279
7960,2015-10-18,0.1279
7961,2015-10-19,0.1279
7962,2015-10-20,0.1279
7963,2015-10-21,0.1279
7964,2015-10-22,0.1279
7965,2015-10-23,0.1279
7966,2015-10-24,0.1279
7967,2015-10-25,0.1279
7968,2015-10-26,0.1279
7969,2015-10-27,0.1279
7970,2015-10-28,0.1279
7971,2015-10-29,0.1279
7972,2015-10-30,0.1279
7973,2015-10-31,0.1279
7974,2015-11-01,0.0789
7975,2015-11-02,0.0789
7976,2015-11-03,0.0789
7977,2015-11-04,0.0789
7978,2015-11-05,0.0789
7979,2015-11-06,0.0789
7980,2015-11-07,0.0789
7981,2015-11-08,0.0789
7982,2015-11-09,0.0789
7983,2015-11-10,0.0789
7984,2015-11-11,0.0789
7985,2015-11-12,0.0789
7986,2015-11-13,0.0789
7987,2015-11-14,0.0789
7988,2015-11-15,0.0789
7989,2015-11-16,0.0789
7990,2015-11-17,0.0789
7991,2015-11-18,0.0789
7992,2015-11-19,0.0789
7993,2015-11-20,0.0789
7994,2015-11-21,0.0789
7995,2015-11-22,0.0789
7996,2015-11-23,0.0789
7997,2015-11-24,0.0789
7998,2015-11-25,0.0789
7999,2015-11-26,0.0789
8000,2015-11-27,0.0789
8001,2015-11-28,0.0789
8002,2015-11-29,0.0789
8003,2015-11-30,0.0789
8004,2015-12-01,0.0589
8005,2015-12-02,0.0589
8006,2015-12-03,0.0589
8007,2015-12-04,0.0589
8008,2015-12-05,0.0589
8009,2015-12-06,0.0589
8010,2015-12-07,0.0589
8011,2015-12-08,0.0589
8012,2015-12-09,0.0589
8013,2015-12-10,0.0589
8014,2015-12-11,0.0589
8015,2015-12-12,0.0589
8016,2015-12-13,0.0589
8017,2015-12-14,0.0589
8018,2015-12-15,0.0589
8019,2015-12-16,0.0589
8020,2015-12-17,0.0589
8021,2015-12-18,0.0589
8022,2015-12-19,0.0589
8023,2015-12-20,0.0589
8024,2015-12-21,0.0589
8025,2015-12-22,0.0589
8026,2015-12-23,0.0589
8027,2015-12-24,0.0589
8028,2015-12-25,0.0589
8029,2015-12-26,0.0589
8030,2015-12-27,0.0589
8031,2015-12-28,0.0589
8032,2015-12-29,0.0589
8033,2015-12-30,0.0589
8034,2015-12-31,0.0589
8035,2016-01-01,0.0424
8036,2016-01-02,0.0424
8037,2016-01-03,0.0424
8038,2016-01-04,0.0424
8039,2016-01-05,0.0424
8040,2016-01-06,0.0424
8041,2016-01-07,0.0424
8042,2016-01-08,0.0424
8043,2016-01-09,0.0424
8044,2016-01-10,0.0424
8045,2016-01-11,0.0424
8046,2016-01-12,0.0424
8047,2016-01-13,0.0424
8048,2016-01-14,0.0424
8049,2016-01-15,0.0424
8050,2016-01-16,0.0424
8051,2016-01-17,0.0424
8052,2016-01-18,0.0424
8053,2016-01-19,0.0424
8054,2016-01-20,0.0424
8055,2016-01-21,0.0424
8056,2016-01-22,0.0424
8057,2016-01-23,0.0424
8058,2016-01-24,0.0424
8059,2016-01-25,0.0424
8060,2016-01-26,0.0424
8061,2016-01-27,0.0424
8062,2016-01-28,0.0424
8063,2016-01-29,0.0424
8064,2016-01-30,0.0424
8065,2016-01-31,0.0424
8066,2016-02-01,-0.0079
8067,2016-02-02,-0.0079
8068,2016-02-03,-0.0079
8069,2016-02-04,-0.0079
8070,2016-02-05,-0.0079
8071,2016-02-06,-0.0079
8072,2016-02-07,-0.0079
8073,2016-02-08,-0.0079
8074,2016-02-09,-0.0079
8075,2016-02-10,-0.0079
8076,2016-02-11,-0.0079
8077,2016-02-12,-0.0079
8078,2016-02-13,-0.0079
8079,2016-02-14,-0.0079
8080,2016-02-15,-0.0079
8081,2016-02-16,-0.0079
8082,2016-02-17,-0.0079
8083,2016-02-18,-0.0079
8084,2016-02-19,-0.0079
8085,2016-02-20,-0.0079
8086,2016-02-21,-0.0079
8087,2016-02-22,-0.0079
8088,2016-02-23,-0.0079
8089,2016-02-24,-0.0079
8090,2016-02-25,-0.0079
8091,2016-02-26,-0.0079
8092,2016-02-27,-0.0079
8093,2016-02-28,-0.0079
8094,2016-02-29,-0.0079
8095,2016-03-01,-0.0124
8096,2016-03-02,-0.0124
8097,2016-03-03,-0.0124
8098,2016-03-04,-0.0124
8099,2016-03-05,-0.0124
8100,2016-03-06,-0.0124
8101,2016-03-07,-0.0124
8102,2016-03-08,-0.0124
8103,2016-03-09,-0.0124
8104,2016-03-10,-0.0124
8105,2016-03-11,-0.0124
8106,2016-03-12,-0.0124
8107,2016-03-13,-0.0124
8108,2016-03-14,-0.0124
8109,2016-03-15,-0.0124
8110,2016-03-16,-0.0124
8111,2016-03-17,-0.0124
8112,2016-03-18,-0.0124
8113,2016-03-19,-0.0124
8114,2016-03-20,-0.0124
8115,2016-03-21,-0.0124
8116,2016-03-22,-0.0124
8117,2016-03-23,-0.0124
8118,2016-03-24,-0.0124
8119,2016-03-25,-0.0124
8120,2016-03-26,-0.0124
8121,2016-03-27,-0.0124
8122,2016-03-28,-0.0124
8123,2016-03-29,-0.0124
8124,2016-03-30,-0.0124
8125,2016-03-31,-0.0124
8126,2016-04-01,-0.0098
8127,2016-04-02,-0.0098
8128,2016-04-03,-0.0098
8129,2016-04-04,-0.0098
8130,2016-04-05,-0.0098
8131,2016-04-06,-0.0098
8132,2016-04-07,-0.0098
8133,2016-04-08,-0.0098
8134,2016-04-09,-0.0098
8135,2016-04-10,-0.0098
8136,2016-04-11,-0.0098
8137,2016-04-12,-0.0098
8138,2016-04-13,-0.0098
8139,2016-04-14,-0.0098
8140,2016-04-15,-0.0098
8141,2016-04-16,-0.0098
8142,2016-04-17,-0.0098
8143,2016-04-18,-0.0098
8144,2016-04-19,-0.0098
8145,2016-04-20,-0.0098
8146,2016-04-21,-0.0098
8147,2016-04-22,-0.0098
8148,2016-04-23,-0.0098
8149,2016-04-24,-0.0098
8150,2016-04-25,-0.0098
8151,2016-04-26,-0.0098
8152,2016-04-27,-0.0098
8153,2016-04-28,-0.0098
8154,2016-04-29,-0.0098
8155,2016-04-30,-0.0098
8156,2016-05-01,-0.0126
8157,2016-05-02,-0.0126
8158,2016-05-03,-0.0126
8159,2016-05-04,-0.0126
8160,2016-05-05,-0.0126
8161,2016-05-06,-0.0126
8162,2016-05-07,-0.0126
8163,2016-05-08,-0.0126
8164,2016-05-09,-0.0126
8165,2016-05-10,-0.0126
8166,2016-05-11,-0.0126
8167,2016-05-12,-0.0126
8168,2016-05-13,-0.0126
8169,2016-05-14,-0.0126
8170,2016-05-15,-0.0126
8171,2016-05-16,-0.0126
8172,2016-05-17,-0.0126
8173,2016-05-18,-0.0126
8174,2016-05-19,-0.0126
8175,2016-05-20,-0.0126
8176,2016-05-21,-0.0126
8177,2016-05-22,-0.0126
8178,2016-05-23,-0.0126
8179,2016-05-24,-0.0126
8180,2016-05-25,-0.0126
8181,2016-05-26,-0.0126
8182,2016-05-27,-0.0126
8183,2016-05-28,-0.0126
8184,2016-05-29,-0.0126
8185,2016-05-30,-0.0126
8186,2016-05-31,-0.0126
8187,2016-06-01,-0.028
8188,2016-06-02,-0.028
8189,2016-06-03,-0.028
8190,2016-06-04,-0.028
8191,2016-06-05,-0.028
8192,2016-06-06,-0.028
8193,2016-06-07,-0.028
8194,2016-06-08,-0.028
8195,2016-06-09,-0.028
8196,2016-06-10,-0.028
8197,2016-06-11,-0.028
8198,2016-06-12,-0.028
8199,2016-06-13,-0.028
8200,2016-06-14,-0.028
8201,2016-06-15,-0.028
8202,2016-06-16,-0.028
8203,2016-06-17,-0.028
8204,2016-06-18,-0.028
8205,2016-06-19,-0.028
8206,2016-06-20,-0.028
8207,2016-06-21,-0.028
8208,2016-06-22,-0.028
8209,2016-06-23,-0.028
8210,2016-06-24,-0.028
8211,2016-06-25,-0.028
8212,2016-06-26,-0.028
8213,2016-06-27,-0.028
8214,2016-06-28,-0.028
8215,2016-06-29,-0.028
8216,2016-06-30,-0.028
8217,2016-07-01,-0.056
8218,2016-07-02,-0.056
8219,2016-07-03,-0.056
8220,2016-07-04,-0.056
8221,2016-07-05,-0.056
8222,2016-07-06,-0.056
8223,2016-07-07,-0.056
8224,2016-07-08,-0.056
8225,2016-07-09,-0.056
8226,2016-07-10,-0.056
8227,2016-07-11,-0.056
8228,2016-07-12,-0.056
8229,2016-07-13,-0.056
8230,2016-07-14,-0.056
8231,2016-07-15,-0.056
8232,2016-07-16,-0.056
8233,2016-07-17,-0.056
8234,2016-07-18,-0.056
8235,2016-07-19,-0.056
8236,2016-07-20,-0.056
8237,2016-07-21,-0.056
8238,2016-07-22,-0.056
8239,2016-07-23,-0.056
8240,2016-07-24,-0.056
8241,2016-07-25,-0.056
8242,2016-07-26,-0.056
8243,2016-07-27,-0.056
8244,2016-07-28,-0.056
8245,2016-07-29,-0.056
8246,2016-07-30,-0.056
8247,2016-07-31,-0.056
8248,2016-08-01,-0.0483
8249,2016-08-02,-0.0483
8250,2016-08-03,-0.0483
8251,2016-08-04,-0.0483
8252,2016-08-05,-0.0483
8253,2016-08-06,-0.0483
8254,2016-08-07,-0.0483
8255,2016-08-08,-0.0483
8256,2016-08-09,-0.0483
8257,2016-08-10,-0.0483
8258,2016-08-11,-0.0483
8259,2016-08-12,-0.0483
8260,2016-08-13,-0.0483
8261,2016-08-14,-0.0483
8262,2016-08-15,-0.0483
8263,2016-08-16,-0.0483
8264,2016-08-17,-0.0483
8265,2016-08-18,-0.0483
8266,2016-08-19,-0.0483
8267,2016-08-20,-0.0483
8268,2016-08-21,-0.0483
8269,2016-08-22,-0.0483
8270,2016-08-23,-0.0483
8271,2016-08-24,-0.0483
8272,2016-08-25,-0.0483
8273,2016-08-26,-0.0483
8274,2016-08-27,-0.0483
8275,2016-08-28,-0.0483
8276,2016-08-29,-0.0483
8277,2016-08-30,-0.0483
8278,2016-08-31,-0.0483
8279,2016-09-01,-0.0571
8280,2016-09-02,-0.0571
8281,2016-09-03,-0.0571
8282,2016-09-04,-0.0571
8283,2016-09-05,-0.0571
8284,2016-09-06,-0.0571
8285,2016-09-07,-0.0571
8286,2016-09-08,-0.0571
8287,2016-09-09,-0.0571
8288,2016-09-10,-0.0571
8289,2016-09-11,-0.0571
8290,2016-09-12,-0.0571
8291,2016-09-13,-0.0571
8292,2016-09-14,-0.0571
8293,2016-09-15,-0.0571
8294,2016-09-16,-0.0571
8295,2016-09-17,-0.0571
8296,2016-09-18,-0.0571
8297,2016-09-19,-0.0571
8298,2016-09-20,-0.0571
8299,2016-09-21,-0.0571
8300,2016-09-22,-0.0571
8301,2016-09-23,-0.0571
8302,2016-09-24,-0.0571
8303,2016-09-25,-0.0571
8304,2016-09-26,-0.0571
8305,2016-09-27,-0.0571
8306,2016-09-28,-0.0571
8307,2016-09-29,-0.0571
8308,2016-09-30,-0.0571
8309,2016-10-01,-0.0688
8310,2016-10-02,-0.0688
8311,2016-10-03,-0.0688
8312,2016-10-04,-0.0688
8313,2016-10-05,-0.0688
8314,2016-10-06,-0.0688
8315,2016-10-07,-0.0688
8316,2016-10-08,-0.0688
8317,2016-10-09,-0.0688
8318,2016-10-10,-0.0688
8319,2016-10-11,-0.0688
8320,2016-10-12,-0.0688
8321,2016-10-13,-0.0688
8322,2016-10-14,-0.0688
8323,2016-10-15,-0.0688
8324,2016-10-16,-0.0688
8325,2016-10-17,-0.0688
8326,2016-10-18,-0.0688
8327,2016-10-19,-0.0688
8328,2016-10-20,-0.0688
8329,2016-10-21,-0.0688
8330,2016-10-22,-0.0688
8331,2016-10-23,-0.0688
8332,2016-10-24,-0.0688
8333,2016-10-25,-0.0688
8334,2016-10-26,-0.0688
8335,2016-10-27,-0.0688
8336,2016-10-28,-0.0688
8337,2016-10-29,-0.0688
8338,2016-10-30,-0.0688
8339,2016-10-31,-0.0688
8340,2016-11-01,-0.074
8341,2016-11-02,-0.074
8342,2016-11-03,-0.074
8343,2016-11-04,-0.074
8344,2016-11-05,-0.074
8345,2016-11-06,-0.074
8346,2016-11-07,-0.074
8347,2016-11-08,-0.074
8348,2016-11-09,-0.074
8349,2016-11-10,-0.074
8350,2016-11-11,-0.074
8351,2016-11-12,-0.074
8352,2016-11-13,-0.074
8353,2016-11-14,-0.074
8354,2016-11-15,-0.074
8355,2016-11-16,-0.074
8356,2016-11-17,-0.074
8357,2016-11-18,-0.074
8358,2016-11-19,-0.074
8359,2016-11-20,-0.074
8360,2016-11-21,-0.074
8361,2016-11-22,-0.074
8362,2016-11-23,-0.074
8363,2016-11-24,-0.074
8364,2016-11-25,-0.074
8365,2016-11-26,-0.074
8366,2016-11-27,-0.074
8367,2016-11-28,-0.074
8368,2016-11-29,-0.074
8369,2016-11-30,-0.074
8370,2016-12-01,-0.0804
8371,2016-12-02,-0.0804
8372,2016-12-03,-0.0804
8373,2016-12-04,-0.0804
8374,2016-12-05,-0.0804
8375,2016-12-06,-0.0804
8376,2016-12-07,-0.0804
8377,2016-12-08,-0.0804
8378,2016-12-09,-0.0804
8379,2016-12-10,-0.0804
8380,2016-12-11,-0.0804
8381,2016-12-12,-0.0804
8382,2016-12-13,-0.0804
8383,2016-12-14,-0.0804
8384,2016-12-15,-0.0804
8385,2016-12-16,-0.0804
8386,2016-12-17,-0.0804
8387,2016-12-18,-0.0804
8388,2016-12-19,-0.0804
8389,2016-12-20,-0.0804
8390,2016-12-21,-0.0804
8391,2016-12-22,-0.0804
8392,2016-12-23,-0.0804
8393,2016-12-24,-0.0804
8394,2016-12-25,-0.0804
8395,2016-12-26,-0.0804
8396,2016-12-27,-0.0804
8397,2016-12-28,-0.0804
8398,2016-12-29,-0.0804
8399,2016-12-30,-0.0804
8400,2016-12-31,-0.0804
8401,2017-01-01,-0.0945
8402,2017-01-02,-0.0945
8403,2017-01-03,-0.0945
8404,2017-01-04,-0.0945
8405,2017-01-05,-0.0945
8406,2017-01-06,-0.0945
8407,2017-01-07,-0.0945
8408,2017-01-08,-0.0945
8409,2017-01-09,-0.0945
8410,2017-01-10,-0.0945
8411,2017-01-11,-0.0945
8412,2017-01-12,-0.0945
8413,2017-01-13,-0.0945
8414,2017-01-14,-0.0945
8415,2017-01-15,-0.0945
8416,2017-01-16,-0.0945
8417,2017-01-17,-0.0945
8418,2017-01-18,-0.0945
8419,2017-01-19,-0.0945
8420,2017-01-20,-0.0945
8421,2017-01-21,-0.0945
8422,2017-01-22,-0.0945
8423,2017-01-23,-0.0945
8424,2017-01-24,-0.0945
8425,2017-01-25,-0.0945
8426,2017-01-26,-0.0945
8427,2017-01-27,-0.0945
8428,2017-01-28,-0.0945
8429,2017-01-29,-0.0945
8430,2017-01-30,-0.0945
8431,2017-01-31,-0.0945
8432,2017-02-01,-0.1059
8433,2017-02-02,-0.1059
8434,2017-02-03,-0.1059
8435,2017-02-04,-0.1059
8436,2017-02-05,-0.1059
8437,2017-02-06,-0.1059
8438,2017-02-07,-0.1059
8439,2017-02-08,-0.1059
8440,2017-02-09,-0.1059
8441,2017-02-10,-0.1059
8442,2017-02-11,-0.1059
8443,2017-02-12,-0.1059
8444,2017-02-13,-0.1059
8445,2017-02-14,-0.1059
8446,2017-02-15,-0.1059
8447,2017-02-16,-0.1059
8448,2017-02-17,-0.1059
8449,2017-02-18,-0.1059
8450,2017-02-19,-0.1059
8451,2017-02-20,-0.1059
8452,2017-02-21,-0.1059
8453,2017-02-22,-0.1059
8454,2017-02-23,-0.1059
8455,2017-02-24,-0.1059
8456,2017-02-25,-0.1059
8457,2017-02-26,-0.1059
8458,2017-02-27,-0.1059
8459,2017-02-28,-0.1059
8460,2017-03-01,-0.1096
8461,2017-03-02,-0.1096
8462,2017-03-03,-0.1096
8463,2017-03-04,-0.1096
8464,2017-03-05,-0.1096
8465,2017-03-06,-0.1096
8466,2017-03-07,-0.1096
8467,2017-03-08,-0.1096
8468,2017-03-09,-0.1096
8469,2017-03-10,-0.1096
8470,2017-03-11,-0.1096
8471,2017-03-12,-0.1096
8472,2017-03-13,-0.1096
8473,2017-03-14,-0.1096
8474,2017-03-15,-0.1096
8475,2017-03-16,-0.1096
8476,2017-03-17,-0.1096
8477,2017-03-18,-0.1096
8478,2017-03-19,-0.1096
8479,2017-03-20,-0.1096
8480,2017-03-21,-0.1096
8481,2017-03-22,-0.1096
8482,2017-03-23,-0.1096
8483,2017-03-24,-0.1096
8484,2017-03-25,-0.1096
8485,2017-03-26,-0.1096
8486,2017-03-27,-0.1096
8487,2017-03-28,-0.1096
8488,2017-03-29,-0.1096
8489,2017-03-30,-0.1096
8490,2017-03-31,-0.1096
8491,2017-04-01,-0.119
8492,2017-04-02,-0.119
8493,2017-04-03,-0.119
8494,2017-04-04,-0.119
8495,2017-04-05,-0.119
8496,2017-04-06,-0.119
8497,2017-04-07,-0.119
8498,2017-04-08,-0.119
8499,2017-04-09,-0.119
8500,2017-04-10,-0.119
8501,2017-04-11,-0.119
8502,2017-04-12,-0.119
8503,2017-04-13,-0.119
8504,2017-04-14,-0.119
8505,2017-04-15,-0.119
8506,2017-04-16,-0.119
8507,2017-04-17,-0.119
8508,2017-04-18,-0.119
8509,2017-04-19,-0.119
8510,2017-04-20,-0.119
8511,2017-04-21,-0.119
8512,2017-04-22,-0.119
8513,2017-04-23,-0.119
8514,2017-04-24,-0.119
8515,2017-04-25,-0.119
8516,2017-04-26,-0.119
8517,2017-04-27,-0.119
8518,2017-04-28,-0.119
8519,2017-04-29,-0.119
8520,2017-04-30,-0.119
8521,2017-05-01,-0.1272
8522,2017-05-02,-0.1272
8523,2017-05-03,-0.1272
8524,2017-05-04,-0.1272
8525,2017-05-05,-0.1272
8526,2017-05-06,-0.1272
8527,2017-05-07,-0.1272
8528,2017-05-08,-0.1272
8529,2017-05-09,-0.1272
8530,2017-05-10,-0.1272
8531,2017-05-11,-0.1272
8532,2017-05-12,-0.1272
8533,2017-05-13,-0.1272
8534,2017-05-14,-0.1272
8535,2017-05-15,-0.1272
8536,2017-05-16,-0.1272
8537,2017-05-17,-0.1272
8538,2017-05-18,-0.1272
8539,2017-05-19,-0.1272
8540,2017-05-20,-0.1272
8541,2017-05-21,-0.1272
8542,2017-05-22,-0.1272
8543,2017-05-23,-0.1272
8544,2017-05-24,-0.1272
8545,2017-05-25,-0.1272
8546,2017-05-26,-0.1272
8547,2017-05-27,-0.1272
8548,2017-05-28,-0.1272
8549,2017-05-29,-0.1272
8550,2017-05-30,-0.1272
8551,2017-05-31,-0.1272
8552,2017-06-01,-0.1491
8553,2017-06-02,-0.1491
8554,2017-06-03,-0.1491
8555,2017-06-04,-0.1491
8556,2017-06-05,-0.1491
8557,2017-06-06,-0.1491
8558,2017-06-07,-0.1491
8559,2017-06-08,-0.1491
8560,2017-06-09,-0.1491
8561,2017-06-10,-0.1491
8562,2017-06-11,-0.1491
8563,2017-06-12,-0.1491
8564,2017-06-13,-0.1491
8565,2017-06-14,-0.1491
8566,2017-06-15,-0.1491
8567,2017-06-16,-0.1491
8568,2017-06-17,-0.1491
8569,2017-06-18,-0.1491
8570,2017-06-19,-0.1491
8571,2017-06-20,-0.1491
8572,2017-06-21,-0.1491
8573,2017-06-22,-0.1491
8574,2017-06-23,-0.1491
8575,2017-06-24,-0.1491
8576,2017-06-25,-0.1491
8577,2017-06-26,-0.1491
8578,2017-06-27,-0.1491
8579,2017-06-28,-0.1491
8580,2017-06-29,-0.1491
8581,2017-06-30,-0.1491
8582,2017-07-01,-0.1541
8583,2017-07-02,-0.1541
8584,2017-07-03,-0.1541
8585,2017-07-04,-0.1541
8586,2017-07-05,-0.1541
8587,2017-07-06,-0.1541
8588,2017-07-07,-0.1541
8589,2017-07-08,-0.1541
8590,2017-07-09,-0.1541
8591,2017-07-10,-0.1541
8592,2017-07-11,-0.1541
8593,2017-07-12,-0.1541
8594,2017-07-13,-0.1541
8595,2017-07-14,-0.1541
8596,2017-07-15,-0.1541
8597,2017-07-16,-0.1541
8598,2017-07-17,-0.1541
8599,2017-07-18,-0.1541
8600,2017-07-19,-0.1541
8601,2017-07-20,-0.1541
8602,2017-07-21,-0.1541
8603,2017-07-22,-0.1541
8604,2017-07-23,-0.1541
8605,2017-07-24,-0.1541
8606,2017-07-25,-0.1541
8607,2017-07-26,-0.1541
8608,2017-07-27,-0.1541
8609,2017-07-28,-0.1541
8610,2017-07-29,-0.1541
8611,2017-07-30,-0.1541
8612,2017-07-31,-0.1541
8613,2017-08-01,-0.1563
8614,2017-08-02,-0.1563
8615,2017-08-03,-0.1563
8616,2017-08-04,-0.1563
8617,2017-08-05,-0.1563
8618,2017-08-06,-0.1563
8619,2017-08-07,-0.1563
8620,2017-08-08,-0.1563
8621,2017-08-09,-0.1563
8622,2017-08-10,-0.1563
8623,2017-08-11,-0.1563
8624,2017-08-12,-0.1563
8625,2017-08-13,-0.1563
8626,2017-08-14,-0.1563
8627,2017-08-15,-0.1563
8628,2017-08-16,-0.1563
8629,2017-08-17,-0.1563
8630,2017-08-18,-0.1563
8631,2017-08-19,-0.1563
8632,2017-08-20,-0.1563
8633,2017-08-21,-0.1563
8634,2017-08-22,-0.1563
8635,2017-08-23,-0.1563
8636,2017-08-24,-0.1563
8637,2017-08-25,-0.1563
8638,2017-08-26,-0.1563
8639,2017-08-27,-0.1563
8640,2017-08-28,-0.1563
8641,2017-08-29,-0.1563
8642,2017-08-30,-0.1563
8643,2017-08-31,-0.1563
8644,2017-09-01,-0.1683
8645,2017-09-02,-0.1683
8646,2017-09-03,-0.1683
8647,2017-09-04,-0.1683
8648,2017-09-05,-0.1683
8649,2017-09-06,-0.1683
8650,2017-09-07,-0.1683
8651,2017-09-08,-0.1683
8652,2017-09-09,-0.1683
8653,2017-09-10,-0.1683
8654,2017-09-11,-0.1683
8655,2017-09-12,-0.1683
8656,2017-09-13,-0.1683
8657,2017-09-14,-0.1683
8658,2017-09-15,-0.1683
8659,2017-09-16,-0.1683
8660,2017-09-17,-0.1683
8661,2017-09-18,-0.1683
8662,2017-09-19,-0.1683
8663,2017-09-20,-0.1683
8664,2017-09-21,-0.1683
8665,2017-09-22,-0.1683
8666,2017-09-23,-0.1683
8667,2017-09-24,-0.1683
8668,2017-09-25,-0.1683
8669,2017-09-26,-0.1683
8670,2017-09-27,-0.1683
8671,2017-09-28,-0.1683
8672,2017-09-29,-0.1683
8673,2017-09-30,-0.1683
8674,2017-10-01,-0.1798
8675,2017-10-02,-0.1798
8676,2017-10-03,-0.1798
8677,2017-10-04,-0.1798
8678,2017-10-05,-0.1798
8679,2017-10-06,-0.1798
8680,2017-10-07,-0.1798
8681,2017-10-08,-0.1798
8682,2017-10-09,-0.1798
8683,2017-10-10,-0.1798
8684,2017-10-11,-0.1798
8685,2017-10-12,-0.1798
8686,2017-10-13,-0.1798
8687,2017-10-14,-0.1798
8688,2017-10-15,-0.1798
8689,2017-10-16,-0.1798
8690,2017-10-17,-0.1798
8691,2017-10-18,-0.1798
8692,2017-10-19,-0.1798
8693,2017-10-20,-0.1798
8694,2017-10-21,-0.1798
8695,2017-10-22,-0.1798
8696,2017-10-23,-0.1798
8697,2017-10-24,-0.1798
8698,2017-10-25,-0.1798
8699,2017-10-26,-0.1798
8700,2017-10-27,-0.1798
8701,2017-10-28,-0.1798
8702,2017-10-29,-0.1798
8703,2017-10-30,-0.1798
8704,2017-10-31,-0.1798
8705,2017-11-01,-0.189
8706,2017-11-02,-0.189
8707,2017-11-03,-0.189
8708,2017-11-04,-0.189
8709,2017-11-05,-0.189
8710,2017-11-06,-0.189
8711,2017-11-07,-0.189
8712,2017-11-08,-0.189
8713,2017-11-09,-0.189
8714,2017-11-10,-0.189
8715,2017-11-11,-0.189
8716,2017-11-12,-0.189
8717,2017-11-13,-0.189
8718,2017-11-14,-0.189
8719,2017-11-15,-0.189
8720,2017-11-16,-0.189
8721,2017-11-17,-0.189
8722,2017-11-18,-0.189
8723,2017-11-19,-0.189
8724,2017-11-20,-0.189
8725,2017-11-21,-0.189
8726,2017-11-22,-0.189
8727,2017-11-23,-0.189
8728,2017-11-24,-0.189
8729,2017-11-25,-0.189
8730,2017-11-26,-0.189
8731,2017-11-27,-0.189
8732,2017-11-28,-0.189
8733,2017-11-29,-0.189
8734,2017-11-30,-0.189
8735,2017-12-01,-0.1897
8736,2017-12-02,-0.1897
8737,2017-12-03,-0.1897
8738,2017-12-04,-0.1897
8739,2017-12-05,-0.1897
8740,2017-12-06,-0.1897
8741,2017-12-07,-0.1897
8742,2017-12-08,-0.1897
8743,2017-12-09,-0.1897
8744,2017-12-10,-0.1897
8745,2017-12-11,-0.1897
8746,2017-12-12,-0.1897
8747,2017-12-13,-0.1897
8748,2017-12-14,-0.1897
8749,2017-12-15,-0.1897
8750,2017-12-16,-0.1897
8751,2017-12-17,-0.1897
8752,2017-12-18,-0.1897
8753,2017-12-19,-0.1897
8754,2017-12-20,-0.1897
8755,2017-12-21,-0.1897
8756,2017-12-22,-0.1897
8757,2017-12-23,-0.1897
8758,2017-12-24,-0.1897
8759,2017-12-25,-0.1897
8760,2017-12-26,-0.1897
8761,2017-12-27,-0.1897
8762,2017-12-28,-0.1897
8763,2017-12-29,-0.1897
8764,2017-12-30,-0.1897
8765,2017-12-31,-0.1897
8766,2018-01-01,-0.1887
8767,2018-01-02,-0.1887
8768,2018-01-03,-0.1887
8769,2018-01-04,-0.1887
8770,2018-01-05,-0.1887
8771,2018-01-06,-0.1887
8772,2018-01-07,-0.1887
8773,2018-01-08,-0.1887
8774,2018-01-09,-0.1887
8775,2018-01-10,-0.1887
8776,2018-01-11,-0.1887
8777,2018-01-12,-0.1887
8778,2018-01-13,-0.1887
8779,2018-01-14,-0.1887
8780,2018-01-15,-0.1887
8781,2018-01-16,-0.1887
8782,2018-01-17,-0.1887
8783,2018-01-18,-0.1887
8784,2018-01-19,-0.1887
8785,2018-01-20,-0.1887
8786,2018-01-21,-0.1887
8787,2018-01-22,-0.1887
8788,2018-01-23,-0.1887
8789,2018-01-24,-0.1887
8790,2018-01-25,-0.1887
8791,2018-01-26,-0.1887
8792,2018-01-27,-0.1887
8793,2018-01-28,-0.1887
8794,2018-01-29,-0.1887
8795,2018-01-30,-0.1887
8796,2018-01-31,-0.1887
8797,2018-02-01,-0.1912
8798,2018-02-02,-0.1912
8799,2018-02-03,-0.1912
8800,2018-02-04,-0.1912
8801,2018-02-05,-0.1912
8802,2018-02-06,-0.1912
8803,2018-02-07,-0.1912
8804,2018-02-08,-0.1912
8805,2018-02-09,-0.1912
8806,2018-02-10,-0.1912
8807,2018-02-11,-0.1912
8808,2018-02-12,-0.1912
8809,2018-02-13,-0.1912
8810,2018-02-14,-0.1912
8811,2018-02-15,-0.1912
8812,2018-02-16,-0.1912
8813,2018-02-17,-0.1912
8814,2018-02-18,-0.1912
8815,2018-02-19,-0.1912
8816,2018-02-20,-0.1912
8817,2018-02-21,-0.1912
8818,2018-02-22,-0.1912
8819,2018-02-23,-0.1912
8820,2018-02-24,-0.1912
8821,2018-02-25,-0.1912
8822,2018-02-26,-0.1912
8823,2018-02-27,-0.1912
8824,2018-02-28,-0.1912
8825,2018-03-01,-0.191
8826,2018-03-02,-0.191
8827,2018-03-03,-0.191
8828,2018-03-04,-0.191
8829,2018-03-05,-0.191
8830,2018-03-06,-0.191
8831,2018-03-07,-0.191
8832,2018-03-08,-0.191
8833,2018-03-09,-0.191
8834,2018-03-10,-0.191
8835,2018-03-11,-0.191
8836,2018-03-12,-0.191
8837,2018-03-13,-0.191
8838,2018-03-14,-0.191
8839,2018-03-15,-0.191
8840,2018-03-16,-0.191
8841,2018-03-17,-0.191
8842,2018-03-18,-0.191
8843,2018-03-19,-0.191
8844,2018-03-20,-0.191
8845,2018-03-21,-0.191
8846,2018-03-22,-0.191
8847,2018-03-23,-0.191
8848,2018-03-24,-0.191
8849,2018-03-25,-0.191
8850,2018-03-26,-0.191
8851,2018-03-27,-0.191
8852,2018-03-28,-0.191
8853,2018-03-29,-0.191
8854,2018-03-30,-0.191
8855,2018-03-31,-0.191
8856,2018-04-01,-0.1897
8857,2018-04-02,-0.1897
8858,2018-04-03,-0.1897
8859,2018-04-04,-0.1897
8860,2018-04-05,-0.1897
8861,2018-04-06,-0.1897
8862,2018-04-07,-0.1897
8863,2018-04-08,-0.1897
8864,2018-04-09,-0.1897
8865,2018-04-10,-0.1897
8866,2018-04-11,-0.1897
8867,2018-04-12,-0.1897
8868,2018-04-13,-0.1897
8869,2018-04-14,-0.1897
8870,2018-04-15,-0.1897
8871,2018-04-16,-0.1897
8872,2018-04-17,-0.1897
8873,2018-04-18,-0.1897
8874,2018-04-19,-0.1897
8875,2018-04-20,-0.1897
8876,2018-04-21,-0.1897
8877,2018-04-22,-0.1897
8878,2018-04-23,-0.1897
8879,2018-04-24,-0.1897
8880,2018-04-25,-0.1897
8881,2018-04-26,-0.1897
8882,2018-04-27,-0.1897
8883,2018-04-28,-0.1897
8884,2018-04-29,-0.1897
8885,2018-04-30,-0.1897
8886,2018-05-01,-0.188
8887,2018-05-02,-0.188
8888,2018-05-03,-0.188
8889,2018-05-04,-0.188
8890,2018-05-05,-0.188
8891,2018-05-06,-0.188
8892,2018-05-07,-0.188
8893,2018-05-08,-0.188
8894,2018-05-09,-0.188
8895,2018-05-10,-0.188
8896,2018-05-11,-0.188
8897,2018-05-12,-0.188
8898,2018-05-13,-0.188
8899,2018-05-14,-0.188
8900,2018-05-15,-0.188
8901,2018-05-16,-0.188
8902,2018-05-17,-0.188
8903,2018-05-18,-0.188
8904,2018-05-19,-0.188
8905,2018-05-20,-0.188
8906,2018-05-21,-0.188
8907,2018-05-22,-0.188
8908,2018-05-23,-0.188
8909,2018-05-24,-0.188
8910,2018-05-25,-0.188
8911,2018-05-26,-0.188
8912,2018-05-27,-0.188
8913,2018-05-28,-0.188
8914,2018-05-29,-0.188
8915,2018-05-30,-0.188
8916,2018-05-31,-0.188
8917,2018-06-01,-0.1815
8918,2018-06-02,-0.1815
8919,2018-06-03,-0.1815
8920,2018-06-04,-0.1815
8921,2018-06-05,-0.1815
8922,2018-06-06,-0.1815
8923,2018-06-07,-0.1815
8924,2018-06-08,-0.1815
8925,2018-06-09,-0.1815
8926,2018-06-10,-0.1815
8927,2018-06-11,-0.1815
8928,2018-06-12,-0.1815
8929,2018-06-13,-0.1815
8930,2018-06-14,-0.1815
8931,2018-06-15,-0.1815
8932,2018-06-16,-0.1815
8933,2018-06-17,-0.1815
8934,2018-06-18,-0.1815
8935,2018-06-19,-0.1815
8936,2018-06-20,-0.1815
8937,2018-06-21,-0.1815
8938,2018-06-22,-0.1815
8939,2018-06-23,-0.1815
8940,2018-06-24,-0.1815
8941,2018-06-25,-0.1815
8942,2018-06-26,-0.1815
8943,2018-06-27,-0.1815
8944,2018-06-28,-0.1815
8945,2018-06-29,-0.1815
8946,2018-06-30,-0.1815
8947,2018-07-01,-0.1795
8948,2018-07-02,-0.1795
8949,2018-07-03,-0.1795
8950,2018-07-04,-0.1795
8951,2018-07-05,-0.1795
8952,2018-07-06,-0.1795
8953,2018-07-07,-0.1795
8954,2018-07-08,-0.1795
8955,2018-07-09,-0.1795
8956,2018-07-10,-0.1795
8957,2018-07-11,-0.1795
8958,2018-07-12,-0.1795
8959,2018-07-13,-0.1795
8960,2018-07-14,-0.1795
8961,2018-07-15,-0.1795
8962,2018-07-16,-0.1795
8963,2018-07-17,-0.1795
8964,2018-07-18,-0.1795
8965,2018-07-19,-0.1795
8966,2018-07-20,-0.1795
8967,2018-07-21,-0.1795
8968,2018-07-22,-0.1795
8969,2018-07-23,-0.1795
8970,2018-07-24,-0.1795
8971,2018-07-25,-0.1795
8972,2018-07-26,-0.1795
8973,2018-07-27,-0.1795
8974,2018-07-28,-0.1795
8975,2018-07-29,-0.1795
8976,2018-07-30,-0.1795
8977,2018-07-31,-0.1795
8978,2018-08-01,-0.1693
8979,2018-08-02,-0.1693
8980,2018-08-03,-0.1693
8981,2018-08-04,-0.1693
8982,2018-08-05,-0.1693
8983,2018-08-06,-0.1693
8984,2018-08-07,-0.1693
8985,2018-08-08,-0.1693
8986,2018-08-09,-0.1693
8987,2018-08-10,-0.1693
8988,2018-08-11,-0.1693
8989,2018-08-12,-0.1693
8990,2018-08-13,-0.1693
8991,2018-08-14,-0.1693
8992,2018-08-15,-0.1693
8993,2018-08-16,-0.1693
8994,2018-08-17,-0.1693
8995,2018-08-18,-0.1693
8996,2018-08-19,-0.1693
8997,2018-08-20,-0.1693
8998,2018-08-21,-0.1693
8999,2018-08-22,-0.1693
9000,2018-08-23,-0.1693
9001,2018-08-24,-0.1693
9002,2018-08-25,-0.1693
9003,2018-08-26,-0.1693
9004,2018-08-27,-0.1693
9005,2018-08-28,-0.1693
9006,2018-08-29,-0.1693
9007,2018-08-30,-0.1693
9008,2018-08-31,-0.1693
9009,2018-09-01,-0.1662
9010,2018-09-02,-0.1662
9011,2018-09-03,-0.1662
9012,2018-09-04,-0.1662
9013,2018-09-05,-0.1662
9014,2018-09-06,-0.1662
9015,2018-09-07,-0.1662
9016,2018-09-08,-0.1662
9017,2018-09-09,-0.1662
9018,2018-09-10,-0.1662
9019,2018-09-11,-0.1662
9020,2018-09-12,-0.1662
9021,2018-09-13,-0.1662
9022,2018-09-14,-0.1662
9023,2018-09-15,-0.1662
9024,2018-09-16,-0.1662
9025,2018-09-17,-0.1662
9026,2018-09-18,-0.1662
9027,2018-09-19,-0.1662
9028,2018-09-20,-0.1662
9029,2018-09-21,-0.1662
9030,2018-09-22,-0.1662
9031,2018-09-23,-0.1662
9032,2018-09-24,-0.1662
9033,2018-09-25,-0.1662
9034,2018-09-26,-0.1662
9035,2018-09-27,-0.1662
9036,2018-09-28,-0.1662
9037,2018-09-29,-0.1662
9038,2018-09-30,-0.1662
9039,2018-10-01,-0.1538
9040,2018-10-02,-0.1538
9041,2018-10-03,-0.1538
9042,2018-10-04,-0.1538
9043,2018-10-05,-0.1538
9044,2018-10-06,-0.1538
9045,2018-10-07,-0.1538
9046,2018-10-08,-0.1538
9047,2018-10-09,-0.1538
9048,2018-10-10,-0.1538
9049,2018-10-11,-0.1538
9050,2018-10-12,-0.1538
9051,2018-10-13,-0.1538
9052,2018-10-14,-0.1538
9053,2018-10-15,-0.1538
9054,2018-10-16,-0.1538
9055,2018-10-17,-0.1538
9056,2018-10-18,-0.1538
9057,2018-10-19,-0.1538
9058,2018-10-20,-0.1538
9059,2018-10-21,-0.1538
9060,2018-10-22,-0.1538
9061,2018-10-23,-0.1538
9062,2018-10-24,-0.1538
9063,2018-10-25,-0.1538
9064,2018-10-26,-0.1538
9065,2018-10-27,-0.1538
9066,2018-10-28,-0.1538
9067,2018-10-29,-0.1538
9068,2018-10-30,-0.1538
9069,2018-10-31,-0.1538
9070,2018-11-01,-0.1474
9071,2018-11-02,-0.1474
9072,2018-11-03,-0.1474
9073,2018-11-04,-0.1474
9074,2018-11-05,-0.1474
9075,2018-11-06,-0.1474
9076,2018-11-07,-0.1474
9077,2018-11-08,-0.1474
9078,2018-11-09,-0.1474
9079,2018-11-10,-0.1474
9080,2018-11-11,-0.1474
9081,2018-11-12,-0.1474
9082,2018-11-13,-0.1474
9083,2018-11-14,-0.1474
9084,2018-11-15,-0.1474
9085,2018-11-16,-0.1474
9086,2018-11-17,-0.1474
9087,2018-11-18,-0.1474
9088,2018-11-19,-0.1474
9089,2018-11-20,-0.1474
9090,2018-11-21,-0.1474
9091,2018-11-22,-0.1474
9092,2018-11-23,-0.1474
9093,2018-11-24,-0.1474
9094,2018-11-25,-0.1474
9095,2018-11-26,-0.1474
9096,2018-11-27,-0.1474
9097,2018-11-28,-0.1474
9098,2018-11-29,-0.1474
9099,2018-11-30,-0.1474
9100,2018-12-01,-0.1287
9101,2018-12-02,-0.1287
9102,2018-12-03,-0.1287
9103,2018-12-04,-0.1287
9104,2018-12-05,-0.1287
9105,2018-12-06,-0.1287
9106,2018-12-07,-0.1287
9107,2018-12-08,-0.1287
9108,2018-12-09,-0.1287
9109,2018-12-10,-0.1287
9110,2018-12-11,-0.1287
9111,2018-12-12,-0.1287
9112,2018-12-13,-0.1287
9113,2018-12-14,-0.1287
9114,2018-12-15,-0.1287
9115,2018-12-16,-0.1287
9116,2018-12-17,-0.1287
9117,2018-12-18,-0.1287
9118,2018-12-19,-0.1287
9119,2018-12-20,-0.1287
9120,2018-12-21,-0.1287
9121,2018-12-22,-0.1287
9122,2018-12-23,-0.1287
9123,2018-12-24,-0.1287
9124,2018-12-25,-0.1287
9125,2018-12-26,-0.1287
9126,2018-12-27,-0.1287
9127,2018-12-28,-0.1287
9128,2018-12-29,-0.1287
9129,2018-12-30,-0.1287
9130,2018-12-31,-0.1287
9131,2019-01-01,-0.1159
9132,2019-01-02,-0.1159
9133,2019-01-03,-0.1159
9134,2019-01-04,-0.1159
9135,2019-01-05,-0.1159
9136,2019-01-06,-0.1159
9137,2019-01-07,-0.1159
9138,2019-01-08,-0.1159
9139,2019-01-09,-0.1159
9140,2019-01-10,-0.1159
9141,2019-01-11,-0.1159
9142,2019-01-12,-0.1159
9143,2019-01-13,-0.1159
9144,2019-01-14,-0.1159
9145,2019-01-15,-0.1159
9146,2019-01-16,-0.1159
9147,2019-01-17,-0.1159
9148,2019-01-18,-0.1159
9149,2019-01-19,-0.1159
9150,2019-01-20,-0.1159
9151,2019-01-21,-0.1159
9152,2019-01-22,-0.1159
9153,2019-01-23,-0.1159
9154,2019-01-24,-0.1159
9155,2019-01-25,-0.1159
9156,2019-01-26,-0.1159
9157,2019-01-27,-0.1159
9158,2019-01-28,-0.1159
9159,2019-01-29,-0.1159
9160,2019-01-30,-0.1159
9161,2019-01-31,-0.1159
9162,2019-02-01,-0.1084
9163,2019-02-02,-0.1084
9164,2019-02-03,-0.1084
9165,2019-02-04,-0.1084
9166,2019-02-05,-0.1084
9167,2019-02-06,-0.1084
9168,2019-02-07,-0.1084
9169,2019-02-08,-0.1084
9170,2019-02-09,-0.1084
9171,2019-02-10,-0.1084
9172,2019-02-11,-0.1084
9173,2019-02-12,-0.1084
9174,2019-02-13,-0.1084
9175,2019-02-14,-0.1084
9176,2019-02-15,-0.1084
9177,2019-02-16,-0.1084
9178,2019-02-17,-0.1084
9179,2019-02-18,-0.1084
9180,2019-02-19,-0.1084
9181,2019-02-20,-0.1084
9182,2019-02-21,-0.1084
9183,2019-02-22,-0.1084
9184,2019-02-23,-0.1084
9185,2019-02-24,-0.1084
9186,2019-02-25,-0.1084
9187,2019-02-26,-0.1084
9188,2019-02-27,-0.1084
9189,2019-02-28,-0.1084
9190,2019-03-01,-0.1088
9191,2019-03-02,-0.1088
9192,2019-03-03,-0.1088
9193,2019-03-04,-0.1088
9194,2019-03-05,-0.1088
9195,2019-03-06,-0.1088
9196,2019-03-07,-0.1088
9197,2019-03-08,-0.1088
9198,2019-03-09,-0.1088
9199,2019-03-10,-0.1088
9200,2019-03-11,-0.1088
9201,2019-03-12,-0.1088
9202,2019-03-13,-0.1088
9203,2019-03-14,-0.1088
9204,2019-03-15,-0.1088
9205,2019-03-16,-0.1088
9206,2019-03-17,-0.1088
9207,2019-03-18,-0.1088
9208,2019-03-19,-0.1088
9209,2019-03-20,-0.1088
9210,2019-03-21,-0.1088
9211,2019-03-22,-0.1088
9212,2019-03-23,-0.1088
9213,2019-03-24,-0.1088
9214,2019-03-25,-0.1088
9215,2019-03-26,-0.1088
9216,2019-03-27,-0.1088
9217,2019-03-28,-0.1088
9218,2019-03-29,-0.1088
9219,2019-03-30,-0.1088
9220,2019-03-31,-0.1088
9221,2019-04-01,-0.1122
9222,2019-04-02,-0.1122
9223,2019-04-03,-0.1122
9224,2019-04-04,-0.1122
9225,2019-04-05,-0.1122
9226,2019-04-06,-0.1122
9227,2019-04-07,-0.1122
9228,2019-04-08,-0.1122
9229,2019-04-09,-0.1122
9230,2019-04-10,-0.1122
9231,2019-04-11,-0.1122
9232,2019-04-12,-0.1122
9233,2019-04-13,-0.1122
9234,2019-04-14,-0.1122
9235,2019-04-15,-0.1122
9236,2019-04-16,-0.1122
9237,2019-04-17,-0.1122
9238,2019-04-18,-0.1122
9239,2019-04-19,-0.1122
9240,2019-04-20,-0.1122
9241,2019-04-21,-0.1122
9242,2019-04-22,-0.1122
9243,2019-04-23,-0.1122
9244,2019-04-24,-0.1122
9245,2019-04-25,-0.1122
9246,2019-04-26,-0.1122
9247,2019-04-27,-0.1122
9248,2019-04-28,-0.1122
9249,2019-04-29,-0.1122
9250,2019-04-30,-0.1122
9251,2019-05-01,-0.1339
9252,2019-05-02,-0.1339
9253,2019-05-03,-0.1339
9254,2019-05-04,-0.1339
9255,2019-05-05,-0.1339
9256,2019-05-06,-0.1339
9257,2019-05-07,-0.1339
9258,2019-05-08,-0.1339
9259,2019-05-09,-0.1339
9260,2019-05-10,-0.1339
9261,2019-05-11,-0.1339
9262,2019-05-12,-0.1339
9263,2019-05-13,-0.1339
9264,2019-05-14,-0.1339
9265,2019-05-15,-0.1339
9266,2019-05-16,-0.1339
9267,2019-05-17,-0.1339
9268,2019-05-18,-0.1339
9269,2019-05-19,-0.1339
9270,2019-05-20,-0.1339
9271,2019-05-21,-0.1339
9272,2019-05-22,-0.1339
9273,2019-05-23,-0.1339
9274,2019-05-24,-0.1339
9275,2019-05-25,-0.1339
9276,2019-05-26,-0.1339
9277,2019-05-27,-0.1339
9278,2019-05-28,-0.1339
9279,2019-05-29,-0.1339
9280,2019-05-30,-0.1339
9281,2019-05-31,-0.1339
9282,2019-06-01,-0.1903
9283,2019-06-02,-0.1903
9284,2019-06-03,-0.1903
9285,2019-06-04,-0.1903
9286,2019-06-05,-0.1903
9287,2019-06-06,-0.1903
9288,2019-06-07,-0.1903
9289,2019-06-08,-0.1903
9290,2019-06-09,-0.1903
9291,2019-06-10,-0.1903
9292,2019-06-11,-0.1903
9293,2019-06-12,-0.1903
9294,2019-06-13,-0.1903
9295,2019-06-14,-0.1903
9296,2019-06-15,-0.1903
9297,2019-06-16,-0.1903
9298,2019-06-17,-0.1903
9299,2019-06-18,-0.1903
9300,2019-06-19,-0.1903
9301,2019-06-20,-0.1903
9302,2019-06-21,-0.1903
9303,2019-06-22,-0.1903
9304,2019-06-23,-0.1903
9305,2019-06-24,-0.1903
9306,2019-06-25,-0.1903
9307,2019-06-26,-0.1903
9308,2019-06-27,-0.1903
9309,2019-06-28,-0.1903
9310,2019-06-29,-0.1903
9311,2019-06-30,-0.1903
9312,2019-07-01,-0.2833
9313,2019-07-02,-0.2833
9314,2019-07-03,-0.2833
9315,2019-07-04,-0.2833
9316,2019-07-05,-0.2833
9317,2019-07-06,-0.2833
9318,2019-07-07,-0.2833
9319,2019-07-08,-0.2833
9320,2019-07-09,-0.2833
9321,2019-07-10,-0.2833
9322,2019-07-11,-0.2833
9323,2019-07-12,-0.2833
9324,2019-07-13,-0.2833
9325,2019-07-14,-0.2833
9326,2019-07-15,-0.2833
9327,2019-07-16,-0.2833
9328,2019-07-17,-0.2833
9329,2019-07-18,-0.2833
9330,2019-07-19,-0.2833
9331,2019-07-20,-0.2833
9332,2019-07-21,-0.2833
9333,2019-07-22,-0.2833
9334,2019-07-23,-0.2833
9335,2019-07-24,-0.2833
9336,2019-07-25,-0.2833
9337,2019-07-26,-0.2833
9338,2019-07-27,-0.2833
9339,2019-07-28,-0.2833
9340,2019-07-29,-0.2833
9341,2019-07-30,-0.2833
9342,2019-07-31,-0.2833
9343,2019-08-01,-0.3563
9344,2019-08-02,-0.3563
9345,2019-08-03,-0.3563
9346,2019-08-04,-0.3563
9347,2019-08-05,-0.3563
9348,2019-08-06,-0.3563
9349,2019-08-07,-0.3563
9350,2019-08-08,-0.3563
9351,2019-08-09,-0.3563
9352,2019-08-10,-0.3563
9353,2019-08-11,-0.3563
9354,2019-08-12,-0.3563
9355,2019-08-13,-0.3563
9356,2019-08-14,-0.3563
9357,2019-08-15,-0.3563
9358,2019-08-16,-0.3563
9359,2019-08-17,-0.3563
9360,2019-08-18,-0.3563
9361,2019-08-19,-0.3563
9362,2019-08-20,-0.3563
9363,2019-08-21,-0.3563
9364,2019-08-22,-0.3563
9365,2019-08-23,-0.3563
9366,2019-08-24,-0.3563
9367,2019-08-25,-0.3563
9368,2019-08-26,-0.3563
9369,2019-08-27,-0.3563
9370,2019-08-28,-0.3563
9371,2019-08-29,-0.3563
9372,2019-08-30,-0.3563
9373,2019-08-31,-0.3563
9374,2019-09-01,-0.3391
9375,2019-09-02,-0.3391
9376,2019-09-03,-0.3391
9377,2019-09-04,-0.3391
9378,2019-09-05,-0.3391
9379,2019-09-06,-0.3391
9380,2019-09-07,-0.3391
9381,2019-09-08,-0.3391
9382,2019-09-09,-0.3391
9383,2019-09-10,-0.3391
9384,2019-09-11,-0.3391
9385,2019-09-12,-0.3391
9386,2019-09-13,-0.3391
9387,2019-09-14,-0.3391
9388,2019-09-15,-0.3391
9389,2019-09-16,-0.3391
9390,2019-09-17,-0.3391
9391,2019-09-18,-0.3391
9392,2019-09-19,-0.3391
9393,2019-09-20,-0.3391
9394,2019-09-21,-0.3391
9395,2019-09-22,-0.3391
9396,2019-09-23,-0.3391
9397,2019-09-24,-0.3391
9398,2019-09-25,-0.3391
9399,2019-09-26,-0.3391
9400,2019-09-27,-0.3391
9401,2019-09-28,-0.3391
9402,2019-09-29,-0.3391
9403,2019-09-30,-0.3391
9404,2019-10-01,-0.3042
9405,2019-10-02,-0.3042
9406,2019-10-03,-0.3042
9407,2019-10-04,-0.3042
9408,2019-10-05,-0.3042
9409,2019-10-06,-0.3042
9410,2019-10-07,-0.3042
9411,2019-10-08,-0.3042
9412,2019-10-09,-0.3042
9413,2019-10-10,-0.3042
9414,2019-10-11,-0.3042
9415,2019-10-12,-0.3042
9416,2019-10-13,-0.3042
9417,2019-10-14,-0.3042
9418,2019-10-15,-0.3042
9419,2019-10-16,-0.3042
9420,2019-10-17,-0.3042
9421,2019-10-18,-0.3042
9422,2019-10-19,-0.3042
9423,2019-10-20,-0.3042
9424,2019-10-21,-0.3042
9425,2019-10-22,-0.3042
9426,2019-10-23,-0.3042
9427,2019-10-24,-0.3042
9428,2019-10-25,-0.3042
9429,2019-10-26,-0.3042
9430,2019-10-27,-0.3042
9431,2019-10-28,-0.3042
9432,2019-10-29,-0.3042
9433,2019-10-30,-0.3042
9434,2019-10-31,-0.3042
9435,2019-11-01,-0.272
9436,2019-11-02,-0.272
9437,2019-11-03,-0.272
9438,2019-11-04,-0.272
9439,2019-11-05,-0.272
9440,2019-11-06,-0.272
9441,2019-11-07,-0.272
9442,2019-11-08,-0.272
9443,2019-11-09,-0.272
9444,2019-11-10,-0.272
9445,2019-11-11,-0.272
9446,2019-11-12,-0.272
9447,2019-11-13,-0.272
9448,2019-11-14,-0.272
9449,2019-11-15,-0.272
9450,2019-11-16,-0.272
9451,2019-11-17,-0.272
9452,2019-11-18,-0.272
9453,2019-11-19,-0.272
9454,2019-11-20,-0.272
9455,2019-11-21,-0.272
9456,2019-11-22,-0.272
9457,2019-11-23,-0.272
9458,2019-11-24,-0.272
9459,2019-11-25,-0.272
9460,2019-11-26,-0.272
9461,2019-11-27,-0.272
9462,2019-11-28,-0.272
9463,2019-11-29,-0.272
9464,2019-11-30,-0.272
9465,2019-12-01,-0.2614
9466,2019-12-02,-0.2614
9467,2019-12-03,-0.2614
9468,2019-12-04,-0.2614
9469,2019-12-05,-0.2614
9470,2019-12-06,-0.2614
9471,2019-12-07,-0.2614
9472,2019-12-08,-0.2614
9473,2019-12-09,-0.2614
9474,2019-12-10,-0.2614
9475,2019-12-11,-0.2614
9476,2019-12-12,-0.2614
9477,2019-12-13,-0.2614
9478,2019-12-14,-0.2614
9479,2019-12-15,-0.2614
9480,2019-12-16,-0.2614
9481,2019-12-17,-0.2614
9482,2019-12-18,-0.2614
9483,2019-12-19,-0.2614
9484,2019-12-20,-0.2614
9485,2019-12-21,-0.2614
9486,2019-12-22,-0.2614
9487,2019-12-23,-0.2614
9488,2019-12-24,-0.2614
9489,2019-12-25,-0.2614
9490,2019-12-26,-0.2614
9491,2019-12-27,-0.2614
9492,2019-12-28,-0.2614
9493,2019-12-29,-0.2614
9494,2019-12-30,-0.2614
9495,2019-12-31,-0.2614
9496,2020-01-01,-0.2534
9497,2020-01-02,-0.2534
9498,2020-01-03,-0.2534
9499,2020-01-04,-0.2534
9500,2020-01-05,-0.2534
9501,2020-01-06,-0.2534
9502,2020-01-07,-0.2534
9503,2020-01-08,-0.2534
9504,2020-01-09,-0.2534
9505,2020-01-10,-0.2534
9506,2020-01-11,-0.2534
9507,2020-01-12,-0.2534
9508,2020-01-13,-0.2534
9509,2020-01-14,-0.2534
9510,2020-01-15,-0.2534
9511,2020-01-16,-0.2534
9512,2020-01-17,-0.2534
9513,2020-01-18,-0.2534
9514,2020-01-19,-0.2534
9515,2020-01-20,-0.2534
9516,2020-01-21,-0.2534
9517,2020-01-22,-0.2534
9518,2020-01-23,-0.2534
9519,2020-01-24,-0.2534
9520,2020-01-25,-0.2534
9521,2020-01-26,-0.2534
9522,2020-01-27,-0.2534
9523,2020-01-28,-0.2534
9524,2020-01-29,-0.2534
9525,2020-01-30,-0.2534
9526,2020-01-31,-0.2534
9527,2020-02-01,-0.2881
9528,2020-02-02,-0.2881
9529,2020-02-03,-0.2881
9530,2020-02-04,-0.2881
9531,2020-02-05,-0.2881
9532,2020-02-06,-0.2881
9533,2020-02-07,-0.2881
9534,2020-02-08,-0.2881
9535,2020-02-09,-0.2881
9536,2020-02-10,-0.2881
9537,2020-02-11,-0.2881
9538,2020-02-12,-0.2881
9539,2020-02-13,-0.2881
9540,2020-02-14,-0.2881
9541,2020-02-15,-0.2881
9542,2020-02-16,-0.2881
9543,2020-02-17,-0.2881
9544,2020-02-18,-0.2881
9545,2020-02-19,-0.2881
9546,2020-02-20,-0.2881
9547,2020-02-21,-0.2881
9548,2020-02-22,-0.2881
9549,2020-02-23,-0.2881
9550,2020-02-24,-0.2881
9551,2020-02-25,-0.2881
9552,2020-02-26,-0.2881
9553,2020-02-27,-0.2881
9554,2020-02-28,-0.2881
9555,2020-02-29,-0.2881
9556,2020-03-01,-0.2656
9557,2020-03-02,-0.2656
9558,2020-03-03,-0.2656
9559,2020-03-04,-0.2656
9560,2020-03-05,-0.2656
9561,2020-03-06,-0.2656
9562,2020-03-07,-0.2656
9563,2020-03-08,-0.2656
9564,2020-03-09,-0.2656
9565,2020-03-10,-0.2656
9566,2020-03-11,-0.2656
9567,2020-03-12,-0.2656
9568,2020-03-13,-0.2656
9569,2020-03-14,-0.2656
9570,2020-03-15,-0.2656
9571,2020-03-16,-0.2656
9572,2020-03-17,-0.2656
9573,2020-03-18,-0.2656
9574,2020-03-19,-0.2656
9575,2020-03-20,-0.2656
9576,2020-03-21,-0.2656
9577,2020-03-22,-0.2656
9578,2020-03-23,-0.2656
9579,2020-03-24,-0.2656
9580,2020-03-25,-0.2656
9581,2020-03-26,-0.2656
9582,2020-03-27,-0.2656
9583,2020-03-28,-0.2656
9584,2020-03-29,-0.2656
9585,2020-03-30,-0.2656
9586,2020-03-31,-0.2656
9587,2020-04-01,-0.1082
9588,2020-04-02,-0.1082
9589,2020-04-03,-0.1082
9590,2020-04-04,-0.1082
9591,2020-04-05,-0.1082
9592,2020-04-06,-0.1082
9593,2020-04-07,-0.1082
9594,2020-04-08,-0.1082
9595,2020-04-09,-0.1082
9596,2020-04-10,-0.1082
9597,2020-04-11,-0.1082
9598,2020-04-12,-0.1082
9599,2020-04-13,-0.1082
9600,2020-04-14,-0.1082
9601,2020-04-15,-0.1082
9602,2020-04-16,-0.1082
9603,2020-04-17,-0.1082
9604,2020-04-18,-0.1082
9605,2020-04-19,-0.1082
9606,2020-04-20,-0.1082
9607,2020-04-21,-0.1082
9608,2020-04-22,-0.1082
9609,2020-04-23,-0.1082
9610,2020-04-24,-0.1082
9611,2020-04-25,-0.1082
9612,2020-04-26,-0.1082
9613,2020-04-27,-0.1082
9614,2020-04-28,-0.1082
9615,2020-04-29,-0.1082
9616,2020-04-30,-0.1082
9617,2020-05-01,-0.0814
9618,2020-05-02,-0.0814
9619,2020-05-03,-0.0814
9620,2020-05-04,-0.0814
9621,2020-05-05,-0.0814
9622,2020-05-06,-0.0814
9623,2020-05-07,-0.0814
9624,2020-05-08,-0.0814
9625,2020-05-09,-0.0814
9626,2020-05-10,-0.0814
9627,2020-05-11,-0.0814
9628,2020-05-12,-0.0814
9629,2020-05-13,-0.0814
9630,2020-05-14,-0.0814
9631,2020-05-15,-0.0814
9632,2020-05-16,-0.0814
9633,2020-05-17,-0.0814
9634,2020-05-18,-0.0814
9635,2020-05-19,-0.0814
9636,2020-05-20,-0.0814
9637,2020-05-21,-0.0814
9638,2020-05-22,-0.0814
9639,2020-05-23,-0.0814
9640,2020-05-24,-0.0814
9641,2020-05-25,-0.0814
9642,2020-05-26,-0.0814
9643,2020-05-27,-0.0814
9644,2020-05-28,-0.0814
9645,2020-05-29,-0.0814
9646,2020-05-30,-0.0814
9647,2020-05-31,-0.0814
9648,2020-06-01,-0.1475
9649,2020-06-02,-0.1475
9650,2020-06-03,-0.1475
9651,2020-06-04,-0.1475
9652,2020-06-05,-0.1475
9653,2020-06-06,-0.1475
9654,2020-06-07,-0.1475
9655,2020-06-08,-0.1475
9656,2020-06-09,-0.1475
9657,2020-06-10,-0.1475
9658,2020-06-11,-0.1475
9659,2020-06-12,-0.1475
9660,2020-06-13,-0.1475
9661,2020-06-14,-0.1475
9662,2020-06-15,-0.1475
9663,2020-06-16,-0.1475
9664,2020-06-17,-0.1475
9665,2020-06-18,-0.1475
9666,2020-06-19,-0.1475
9667,2020-06-20,-0.1475
9668,2020-06-21,-0.1475
9669,2020-06-22,-0.1475
9670,2020-06-23,-0.1475
9671,2020-06-24,-0.1475
9672,2020-06-25,-0.1475
9673,2020-06-26,-0.1475
9674,2020-06-27,-0.1475
9675,2020-06-28,-0.1475
9676,2020-06-29,-0.1475
9677,2020-06-30,-0.1475
9678,2020-07-01,-0.2789
9679,2020-07-02,-0.2789
9680,2020-07-03,-0.2789
9681,2020-07-04,-0.2789
9682,2020-07-05,-0.2789
9683,2020-07-06,-0.2789
9684,2020-07-07,-0.2789
9685,2020-07-08,-0.2789
9686,2020-07-09,-0.2789
9687,2020-07-10,-0.2789
9688,2020-07-11,-0.2789
9689,2020-07-12,-0.2789
9690,2020-07-13,-0.2789
9691,2020-07-14,-0.2789
9692,2020-07-15,-0.2789
9693,2020-07-16,-0.2789
9694,2020-07-17,-0.2789
9695,2020-07-18,-0.2789
9696,2020-07-19,-0.2789
9697,2020-07-20,-0.2789
9698,2020-07-21,-0.2789
9699,2020-07-22,-0.2789
9700,2020-07-23,-0.2789
9701,2020-07-24,-0.2789
9702,2020-07-25,-0.2789
9703,2020-07-26,-0.2789
9704,2020-07-27,-0.2789
9705,2020-07-28,-0.2789
9706,2020-07-29,-0.2789
9707,2020-07-30,-0.2789
9708,2020-07-31,-0.2789
9709,2020-08-01,-0.3589
9710,2020-08-02,-0.3589
9711,2020-08-03,-0.3589
9712,2020-08-04,-0.3589
9713,2020-08-05,-0.3589
9714,2020-08-06,-0.3589
9715,2020-08-07,-0.3589
9716,2020-08-08,-0.3589
9717,2020-08-09,-0.3589
9718,2020-08-10,-0.3589
9719,2020-08-11,-0.3589
9720,2020-08-12,-0.3589
9721,2020-08-13,-0.3589
9722,2020-08-14,-0.3589
9723,2020-08-15,-0.3589
9724,2020-08-16,-0.3589
9725,2020-08-17,-0.3589
9726,2020-08-18,-0.3589
9727,2020-08-19,-0.3589
9728,2020-08-20,-0.3589
9729,2020-08-21,-0.3589
9730,2020-08-22,-0.3589
9731,2020-08-23,-0.3589
9732,2020-08-24,-0.3589
9733,2020-08-25,-0.3589
9734,2020-08-26,-0.3589
9735,2020-08-27,-0.3589
9736,2020-08-28,-0.3589
9737,2020-08-29,-0.3589
9738,2020-08-30,-0.3589
9739,2020-08-31,-0.3589
9740,2020-09-01,-0.4146
9741,2020-09-02,-0.4146
9742,2020-09-03,-0.4146
9743,2020-09-04,-0.4146
9744,2020-09-05,-0.4146
9745,2020-09-06,-0.4146
9746,2020-09-07,-0.4146
9747,2020-09-08,-0.4146
9748,2020-09-09,-0.4146
9749,2020-09-10,-0.4146
9750,2020-09-11,-0.4146
9751,2020-09-12,-0.4146
9752,2020-09-13,-0.4146
9753,2020-09-14,-0.4146
9754,2020-09-15,-0.4146
9755,2020-09-16,-0.4146
9756,2020-09-17,-0.4146
9757,2020-09-18,-0.4146
9758,2020-09-19,-0.4146
9759,2020-09-20,-0.4146
9760,2020-09-21,-0.4146
9761,2020-09-22,-0.4146
9762,2020-09-23,-0.4146
9763,2020-09-24,-0.4146
9764,2020-09-25,-0.4146
9765,2020-09-26,-0.4146
9766,2020-09-27,-0.4146
9767,2020-09-28,-0.4146
9768,2020-09-29,-0.4146
9769,2020-09-30,-0.4146
9770,2020-10-01,-0.466
9771,2020-10-02,-0.466
9772,2020-10-03,-0.466
9773,2020-10-04,-0.466
9774,2020-10-05,-0.466
9775,2020-10-06,-0.466
9776,2020-10-07,-0.466
9777,2020-10-08,-0.466
9778,2020-10-09,-0.466
9779,2020-10-10,-0.466
9780,2020-10-11,-0.466
9781,2020-10-12,-0.466
9782,2020-10-13,-0.466
9783,2020-10-14,-0.466
9784,2020-10-15,-0.466
9785,2020-10-16,-0.466
9786,2020-10-17,-0.466
9787,2020-10-18,-0.466
9788,2020-10-19,-0.466
9789,2020-10-20,-0.466
9790,2020-10-21,-0.466
9791,2020-10-22,-0.466
9792,2020-10-23,-0.466
9793,2020-10-24,-0.466
9794,2020-10-25,-0.466
9795,2020-10-26,-0.466
9796,2020-10-27,-0.466
9797,2020-10-28,-0.466
9798,2020-10-29,-0.466
9799,2020-10-30,-0.466
9800,2020-10-31,-0.466
9801,2020-11-01,-0.4806
9802,2020-11-02,-0.4806
9803,2020-11-03,-0.4806
9804,2020-11-04,-0.4806
9805,2020-11-05,-0.4806
9806,2020-11-06,-0.4806
9807,2020-11-07,-0.4806
9808,2020-11-08,-0.4806
9809,2020-11-09,-0.4806
9810,2020-11-10,-0.4806
9811,2020-11-11,-0.4806
9812,2020-11-12,-0.4806
9813,2020-11-13,-0.4806
9814,2020-11-14,-0.4806
9815,2020-11-15,-0.4806
9816,2020-11-16,-0.4806
9817,2020-11-17,-0.4806
9818,2020-11-18,-0.4806
9819,2020-11-19,-0.4806
9820,2020-11-20,-0.4806
9821,2020-11-21,-0.4806
9822,2020-11-22,-0.4806
9823,2020-11-23,-0.4806
9824,2020-11-24,-0.4806
9825,2020-11-25,-0.4806
9826,2020-11-26,-0.4806
9827,2020-11-27,-0.4806
9828,2020-11-28,-0.4806
9829,2020-11-29,-0.4806
9830,2020-11-30,-0.4806
9831,2020-12-01,-0.4966
9832,2020-12-02,-0.4966
9833,2020-12-03,-0.4966
9834,2020-12-04,-0.4966
9835,2020-12-05,-0.4966
9836,2020-12-06,-0.4966
9837,2020-12-07,-0.4966
9838,2020-12-08,-0.4966
9839,2020-12-09,-0.4966
9840,2020-12-10,-0.4966
9841,2020-12-11,-0.4966
9842,2020-12-12,-0.4966
9843,2020-12-13,-0.4966
9844,2020-12-14,-0.4966
9845,2020-12-15,-0.4966
9846,2020-12-16,-0.4966
9847,2020-12-17,-0.4966
9848,2020-12-18,-0.4966
9849,2020-12-19,-0.4966
9850,2020-12-20,-0.4966
9851,2020-12-21,-0.4966
9852,2020-12-22,-0.4966
9853,2020-12-23,-0.4966
9854,2020-12-24,-0.4966
9855,2020-12-25,-0.4966
9856,2020-12-26,-0.4966
9857,2020-12-27,-0.4966
9858,2020-12-28,-0.4966
9859,2020-12-29,-0.4966
9860,2020-12-30,-0.4966
9861,2020-12-31,-0.4966
9862,2021-01-01,-0.5047
9863,2021-01-02,-0.5047
9864,2021-01-03,-0.5047
9865,2021-01-04,-0.5047
9866,2021-01-05,-0.5047
9867,2021-01-06,-0.5047
9868,2021-01-07,-0.5047
9869,2021-01-08,-0.5047
9870,2021-01-09,-0.5047
9871,2021-01-10,-0.5047
9872,2021-01-11,-0.5047
9873,2021-01-12,-0.5047
9874,2021-01-13,-0.5047
9875,2021-01-14,-0.5047
9876,2021-01-15,-0.5047
9877,2021-01-16,-0.5047
9878,2021-01-17,-0.5047
9879,2021-01-18,-0.5047
9880,2021-01-19,-0.5047
9881,2021-01-20,-0.5047
9882,2021-01-21,-0.5047
9883,2021-01-22,-0.5047
9884,2021-01-23,-0.5047
9885,2021-01-24,-0.5047
9886,2021-01-25,-0.5047
9887,2021-01-26,-0.5047
9888,2021-01-27,-0.5047
9889,2021-01-28,-0.5047
9890,2021-01-29,-0.5047
9891,2021-01-30,-0.5047
9892,2021-01-31,-0.5047
9893,2021-02-01,-0.5009
9894,2021-02-02,-0.5009
9895,2021-02-03,-0.5009
9896,2021-02-04,-0.5009
9897,2021-02-05,-0.5009
9898,2021-02-06,-0.5009
9899,2021-02-07,-0.5009
9900,2021-02-08,-0.5009
9901,2021-02-09,-0.5009
9902,2021-02-10,-0.5009
9903,2021-02-11,-0.5009
9904,2021-02-12,-0.5009
9905,2021-02-13,-0.5009
9906,2021-02-14,-0.5009
9907,2021-02-15,-0.5009
9908,2021-02-16,-0.5009
9909,2021-02-17,-0.5009
9910,2021-02-18,-0.5009
9911,2021-02-19,-0.5009
9912,2021-02-20,-0.5009
9913,2021-02-21,-0.5009
9914,2021-02-22,-0.5009
9915,2021-02-23,-0.5009
9916,2021-02-24,-0.5009
9917,2021-02-25,-0.5009
9918,2021-02-26,-0.5009
9919,2021-02-27,-0.5009
9920,2021-02-28,-0.5009
9921,2021-03-01,-0.4867
9922,2021-03-02,-0.4867
9923,2021-03-03,-0.4867
9924,2021-03-04,-0.4867
9925,2021-03-05,-0.4867
9926,2021-03-06,-0.4867
9927,2021-03-07,-0.4867
9928,2021-03-08,-0.4867
9929,2021-03-09,-0.4867
9930,2021-03-10,-0.4867
9931,2021-03-11,-0.4867
9932,2021-03-12,-0.4867
9933,2021-03-13,-0.4867
9934,2021-03-14,-0.4867
9935,2021-03-15,-0.4867
9936,2021-03-16,-0.4867
9937,2021-03-17,-0.4867
9938,2021-03-18,-0.4867
9939,2021-03-19,-0.4867
9940,2021-03-20,-0.4867
9941,2021-03-21,-0.4867
9942,2021-03-22,-0.4867
9943,2021-03-23,-0.4867
9944,2021-03-24,-0.4867
9945,2021-03-25,-0.4867
9946,2021-03-26,-0.4867
9947,2021-03-27,-0.4867
9948,2021-03-28,-0.4867
9949,2021-03-29,-0.4867
9950,2021-03-30,-0.4867
9951,2021-03-31,-0.4867
9952,2021-04-01,-0.4835
9953,2021-04-02,-0.4835
9954,2021-04-03,-0.4835
9955,2021-04-04,-0.4835
9956,2021-04-05,-0.4835
9957,2021-04-06,-0.4835
9958,2021-04-07,-0.4835
9959,2021-04-08,-0.4835
9960,2021-04-09,-0.4835
9961,2021-04-10,-0.4835
9962,2021-04-11,-0.4835
9963,2021-04-12,-0.4835
9964,2021-04-13,-0.4835
9965,2021-04-14,-0.4835
9966,2021-04-15,-0.4835
9967,2021-04-16,-0.4835
9968,2021-04-17,-0.4835
9969,2021-04-18,-0.4835
9970,2021-04-19,-0.4835
9971,2021-04-20,-0.4835
9972,2021-04-21,-0.4835
9973,2021-04-22,-0.4835
9974,2021-04-23,-0.4835
9975,2021-04-24,-0.4835
9976,2021-04-25,-0.4835
9977,2021-04-26,-0.4835
9978,2021-04-27,-0.4835
9979,2021-04-28,-0.4835
9980,2021-04-29,-0.4835
9981,2021-04-30,-0.4835
9982,2021-05-01,-0.4806
9983,2021-05-02,-0.4806
9984,2021-05-03,-0.4806
9985,2021-05-04,-0.4806
9986,2021-05-05,-0.4806
9987,2021-05-06,-0.4806
9988,2021-05-07,-0.4806
9989,2021-05-08,-0.4806
9990,2021-05-09,-0.4806
9991,2021-05-10,-0.4806
9992,2021-05-11,-0.4806
9993,2021-05-12,-0.4806
9994,2021-05-13,-0.4806
9995,2021-05-14,-0.4806
9996,2021-05-15,-0.4806
9997,2021-05-16,-0.4806
9998,2021-05-17,-0.4806
9999,2021-05-18,-0.4806
10000,2021-05-19,-0.4806
10001,2021-05-20,-0.4806
10002,2021-05-21,-0.4806
10003,2021-05-22,-0.4806
10004,2021-05-23,-0.4806
10005,2021-05-24,-0.4806
10006,2021-05-25,-0.4806
10007,2021-05-26,-0.4806
10008,2021-05-27,-0.4806
10009,2021-05-28,-0.4806
10010,2021-05-29,-0.4806
10011,2021-05-30,-0.4806
10012,2021-05-31,-0.4806
10013,2021-06-01,-0.4839
10014,2021-06-02,-0.4839
10015,2021-06-03,-0.4839
10016,2021-06-04,-0.4839
10017,2021-06-05,-0.4839
10018,2021-06-06,-0.4839
10019,2021-06-07,-0.4839
10020,2021-06-08,-0.4839
10021,2021-06-09,-0.4839
10022,2021-06-10,-0.4839
10023,2021-06-11,-0.4839
10024,2021-06-12,-0.4839
10025,2021-06-13,-0.4839
10026,2021-06-14,-0.4839
10027,2021-06-15,-0.4839
10028,2021-06-16,-0.4839
10029,2021-06-17,-0.4839
10030,2021-06-18,-0.4839
10031,2021-06-19,-0.4839
10032,2021-06-20,-0.4839
10033,2021-06-21,-0.4839
10034,2021-06-22,-0.4839
10035,2021-06-23,-0.4839
10036,2021-06-24,-0.4839
10037,2021-06-25,-0.4839
10038,2021-06-26,-0.4839
10039,2021-06-27,-0.4839
10040,2021-06-28,-0.4839
10041,2021-06-29,-0.4839
10042,2021-06-30,-0.4839
10043,2021-07-01,-0.4907
10044,2021-07-02,-0.4907
10045,2021-07-03,-0.4907
10046,2021-07-04,-0.4907
10047,2021-07-05,-0.4907
10048,2021-07-06,-0.4907
10049,2021-07-07,-0.4907
10050,2021-07-08,-0.4907
10051,2021-07-09,-0.4907
10052,2021-07-10,-0.4907
10053,2021-07-11,-0.4907
10054,2021-07-12,-0.4907
10055,2021-07-13,-0.4907
10056,2021-07-14,-0.4907
10057,2021-07-15,-0.4907
10058,2021-07-16,-0.4907
10059,2021-07-17,-0.4907
10060,2021-07-18,-0.4907
10061,2021-07-19,-0.4907
10062,2021-07-20,-0.4907
10063,2021-07-21,-0.4907
10064,2021-07-22,-0.4907
10065,2021-07-23,-0.4907
10066,2021-07-24,-0.4907
10067,2021-07-25,-0.4907
10068,2021-07-26,-0.4907
10069,2021-07-27,-0.4907
10070,2021-07-28,-0.4907
10071,2021-07-29,-0.4907
10072,2021-07-30,-0.4907
10073,2021-07-31,-0.4907
10074,2021-08-01,-0.4982
10075,2021-08-02,-0.4982
10076,2021-08-03,-0.4982
10077,2021-08-04,-0.4982
10078,2021-08-05,-0.4982
10079,2021-08-06,-0.4982
10080,2021-08-07,-0.4982
10081,2021-08-08,-0.4982
10082,2021-08-09,-0.4982
10083,2021-08-10,-0.4982
10084,2021-08-11,-0.4982
10085,2021-08-12,-0.4982
10086,2021-08-13,-0.4982
10087,2021-08-14,-0.4982
10088,2021-08-15,-0.4982
10089,2021-08-16,-0.4982
10090,2021-08-17,-0.4982
10091,2021-08-18,-0.4982
10092,2021-08-19,-0.4982
10093,2021-08-20,-0.4982
10094,2021-08-21,-0.4982
10095,2021-08-22,-0.4982
10096,2021-08-23,-0.4982
10097,2021-08-24,-0.4982
10098,2021-08-25,-0.4982
10099,2021-08-26,-0.4982
10100,2021-08-27,-0.4982
10101,2021-08-28,-0.4982
10102,2021-08-29,-0.4982
10103,2021-08-30,-0.4982
10104,2021-08-31,-0.4982
10105,2021-09-01,-0.4923
10106,2021-09-02,-0.4923
10107,2021-09-03,-0.4923
10108,2021-09-04,-0.4923
10109,2021-09-05,-0.4923
10110,2021-09-06,-0.4923
10111,2021-09-07,-0.4923
10112,2021-09-08,-0.4923
10113,2021-09-09,-0.4923
10114,2021-09-10,-0.4923
10115,2021-09-11,-0.4923
10116,2021-09-12,-0.4923
10117,2021-09-13,-0.4923
10118,2021-09-14,-0.4923
10119,2021-09-15,-0.4923
10120,2021-09-16,-0.4923
10121,2021-09-17,-0.4923
10122,2021-09-18,-0.4923
10123,2021-09-19,-0.4923
10124,2021-09-20,-0.4923
10125,2021-09-21,-0.4923
10126,2021-09-22,-0.4923
10127,2021-09-23,-0.4923
10128,2021-09-24,-0.4923
10129,2021-09-25,-0.4923
10130,2021-09-26,-0.4923
10131,2021-09-27,-0.4923
10132,2021-09-28,-0.4923
10133,2021-09-29,-0.4923
10134,2021-09-30,-0.4923
10135,2021-10-01,-0.4768
10136,2021-10-02,-0.4768
10137,2021-10-03,-0.4768
10138,2021-10-04,-0.4768
10139,2021-10-05,-0.4768
10140,2021-10-06,-0.4768
10141,2021-10-07,-0.4768
10142,2021-10-08,-0.4768
10143,2021-10-09,-0.4768
10144,2021-10-10,-0.4768
10145,2021-10-11,-0.4768
10146,2021-10-12,-0.4768
10147,2021-10-13,-0.4768
10148,2021-10-14,-0.4768
10149,2021-10-15,-0.4768
10150,2021-10-16,-0.4768
10151,2021-10-17,-0.4768
10152,2021-10-18,-0.4768
10153,2021-10-19,-0.4768
10154,2021-10-20,-0.4768
10155,2021-10-21,-0.4768
10156,2021-10-22,-0.4768
10157,2021-10-23,-0.4768
10158,2021-10-24,-0.4768
10159,2021-10-25,-0.4768
10160,2021-10-26,-0.4768
10161,2021-10-27,-0.4768
10162,2021-10-28,-0.4768
10163,2021-10-29,-0.4768
10164,2021-10-30,-0.4768
10165,2021-10-31,-0.4768
10166,2021-11-01,-0.487
10167,2021-11-02,-0.487
10168,2021-11-03,-0.487
10169,2021-11-04,-0.487
10170,2021-11-05,-0.487
10171,2021-11-06,-0.487
10172,2021-11-07,-0.487
10173,2021-11-08,-0.487
10174,2021-11-09,-0.487
10175,2021-11-10,-0.487
10176,2021-11-11,-0.487
10177,2021-11-12,-0.487
10178,2021-11-13,-0.487
10179,2021-11-14,-0.487
10180,2021-11-15,-0.487
10181,2021-11-16,-0.487
10182,2021-11-17,-0.487
10183,2021-11-18,-0.487
10184,2021-11-19,-0.487
10185,2021-11-20,-0.487
10186,2021-11-21,-0.487
10187,2021-11-22,-0.487
10188,2021-11-23,-0.487
10189,2021-11-24,-0.487
10190,2021-11-25,-0.487
10191,2021-11-26,-0.487
10192,2021-11-27,-0.487
10193,2021-11-28,-0.487
10194,2021-11-29,-0.487
10195,2021-11-30,-0.487
10196,2021-12-01,-0.502
10197,2021-12-02,-0.502
10198,2021-12-03,-0.502
10199,2021-12-04,-0.502
10200,2021-12-05,-0.502
10201,2021-12-06,-0.502
10202,2021-12-07,-0.502
10203,2021-12-08,-0.502
10204,2021-12-09,-0.502
10205,2021-12-10,-0.502
10206,2021-12-11,-0.502
10207,2021-12-12,-0.502
10208,2021-12-13,-0.502
10209,2021-12-14,-0.502
10210,2021-12-15,-0.502
10211,2021-12-16,-0.502
10212,2021-12-17,-0.502
10213,2021-12-18,-0.502
10214,2021-12-19,-0.502
10215,2021-12-20,-0.502
10216,2021-12-21,-0.502
10217,2021-12-22,-0.502
10218,2021-12-23,-0.502
10219,2021-12-24,-0.502
10220,2021-12-25,-0.502
10221,2021-12-26,-0.502
10222,2021-12-27,-0.502
10223,2021-12-28,-0.502
10224,2021-12-29,-0.502
10225,2021-12-30,-0.502
10226,2021-12-31,-0.502
10227,2022-01-01,-0.4767
10228,2022-01-02,-0.4767
10229,2022-01-03,-0.4767
10230,2022-01-04,-0.4767
10231,2022-01-05,-0.4767
10232,2022-01-06,-0.4767
10233,2022-01-07,-0.4767
10234,2022-01-08,-0.4767
10235,2022-01-09,-0.4767
10236,2022-01-10,-0.4767
10237,2022-01-11,-0.4767
10238,2022-01-12,-0.4767
10239,2022-01-13,-0.4767
10240,2022-01-14,-0.4767
10241,2022-01-15,-0.4767
10242,2022-01-16,-0.4767
10243,2022-01-17,-0.4767
10244,2022-01-18,-0.4767
10245,2022-01-19,-0.4767
10246,2022-01-20,-0.4767
10247,2022-01-21,-0.4767
10248,2022-01-22,-0.4767
10249,2022-01-23,-0.4767
10250,2022-01-24,-0.4767
10251,2022-01-25,-0.4767
10252,2022-01-26,-0.4767
10253,2022-01-27,-0.4767
10254,2022-01-28,-0.4767
10255,2022-01-29,-0.4767
10256,2022-01-30,-0.4767
10257,2022-01-31,-0.4767
10258,2022-02-01,-0.3353
10259,2022-02-02,-0.3353
10260,2022-02-03,-0.3353
10261,2022-02-04,-0.3353
10262,2022-02-05,-0.3353
10263,2022-02-06,-0.3353
10264,2022-02-07,-0.3353
10265,2022-02-08,-0.3353
10266,2022-02-09,-0.3353
10267,2022-02-10,-0.3353
10268,2022-02-11,-0.3353
10269,2022-02-12,-0.3353
10270,2022-02-13,-0.3353
10271,2022-02-14,-0.3353
10272,2022-02-15,-0.3353
10273,2022-02-16,-0.3353
10274,2022-02-17,-0.3353
10275,2022-02-18,-0.3353
10276,2022-02-19,-0.3353
10277,2022-02-20,-0.3353
10278,2022-02-21,-0.3353
10279,2022-02-22,-0.3353
10280,2022-02-23,-0.3353
10281,2022-02-24,-0.3353
10282,2022-02-25,-0.3353
10283,2022-02-26,-0.3353
10284,2022-02-27,-0.3353
10285,2022-02-28,-0.3353
10286,2022-03-01,-0.2374
10287,2022-03-02,-0.2374
10288,2022-03-03,-0.2374
10289,2022-03-04,-0.2374
10290,2022-03-05,-0.2374
10291,2022-03-06,-0.2374
10292,2022-03-07,-0.2374
10293,2022-03-08,-0.2374
10294,2022-03-09,-0.2374
10295,2022-03-10,-0.2374
10296,2022-03-11,-0.2374
10297,2022-03-12,-0.2374
10298,2022-03-13,-0.2374
10299,2022-03-14,-0.2374
10300,2022-03-15,-0.2374
10301,2022-03-16,-0.2374
10302,2022-03-17,-0.2374
10303,2022-03-18,-0.2374
10304,2022-03-19,-0.2374
10305,2022-03-20,-0.2374
10306,2022-03-21,-0.2374
10307,2022-03-22,-0.2374
10308,2022-03-23,-0.2374
10309,2022-03-24,-0.2374
10310,2022-03-25,-0.2374
10311,2022-03-26,-0.2374
10312,2022-03-27,-0.2374
10313,2022-03-28,-0.2374
10314,2022-03-29,-0.2374
10315,2022-03-30,-0.2374
10316,2022-03-31,-0.2374
10317,2022-04-01,0.0131
10318,2022-04-02,0.0131
10319,2022-04-03,0.0131
10320,2022-04-04,0.0131
10321,2022-04-05,0.0131
10322,2022-04-06,0.0131
10323,2022-04-07,0.0131
10324,2022-04-08,0.0131
10325,2022-04-09,0.0131
10326,2022-04-10,0.0131
10327,2022-04-11,0.0131
10328,2022-04-12,0.0131
10329,2022-04-13,0.0131
10330,2022-04-14,0.0131
10331,2022-04-15,0.0131
10332,2022-04-16,0.0131
10333,2022-04-17,0.0131
10334,2022-04-18,0.0131
10335,2022-04-19,0.0131
10336,2022-04-20,0.0131
10337,2022-04-21,0.0131
10338,2022-04-22,0.0131
10339,2022-04-23,0.0131
10340,2022-04-24,0.0131
10341,2022-04-25,0.0131
10342,2022-04-26,0.0131
10343,2022-04-27,0.0131
10344,2022-04-28,0.0131
10345,2022-04-29,0.0131
10346,2022-04-30,0.0131
10347,2022-05-01,0.2866
10348,2022-05-02,0.2866
10349,2022-05-03,0.2866
10350,2022-05-04,0.2866
10351,2022-05-05,0.2866
10352,2022-05-06,0.2866
10353,2022-05-07,0.2866
10354,2022-05-08,0.2866
10355,2022-05-09,0.2866
10356,2022-05-10,0.2866
10357,2022-05-11,0.2866
10358,2022-05-12,0.2866
10359,2022-05-13,0.2866
10360,2022-05-14,0.2866
10361,2022-05-15,0.2866
10362,2022-05-16,0.2866
10363,2022-05-17,0.2866
10364,2022-05-18,0.2866
10365,2022-05-19,0.2866
10366,2022-05-20,0.2866
10367,2022-05-21,0.2866
10368,2022-05-22,0.2866
10369,2022-05-23,0.2866
10370,2022-05-24,0.2866
10371,2022-05-25,0.2866
10372,2022-05-26,0.2866
10373,2022-05-27,0.2866
10374,2022-05-28,0.2866
10375,2022-05-29,0.2866
10376,2022-05-30,0.2866
10377,2022-05-31,0.2866
10378,2022-06-01,0.8522
10379,2022-06-02,0.8522
10380,2022-06-03,0.8522
10381,2022-06-04,0.8522
10382,2022-06-05,0.8522
10383,2022-06-06,0.8522
10384,2022-06-07,0.8522
10385,2022-06-08,0.8522
10386,2022-06-09,0.8522
10387,2022-06-10,0.8522
10388,2022-06-11,0.8522
10389,2022-06-12,0.8522
10390,2022-06-13,0.8522
10391,2022-06-14,0.8522
10392,2022-06-15,0.8522
10393,2022-06-16,0.8522
10394,2022-06-17,0.8522
10395,2022-06-18,0.8522
10396,2022-06-19,0.8522
10397,2022-06-20,0.8522
10398,2022-06-21,0.8522
10399,2022-06-22,0.8522
10400,2022-06-23,0.8522
10401,2022-06-24,0.8522
10402,2022-06-25,0.8522
10403,2022-06-26,0.8522
10404,2022-06-27,0.8522
10405,2022-06-28,0.8522
10406,2022-06-29,0.8522
10407,2022-06-30,0.8522
10408,2022-07-01,0.9915
10409,2022-07-02,0.9915
10410,2022-07-03,0.9915
10411,2022-07-04,0.9915
10412,2022-07-05,0.9915
10413,2022-07-06,0.9915
10414,2022-07-07,0.9915
10415,2022-07-08,0.9915
10416,2022-07-09,0.9915
10417,2022-07-10,0.9915
10418,2022-07-11,0.9915
10419,2022-07-12,0.9915
10420,2022-07-13,0.9915
10421,2022-07-14,0.9915
10422,2022-07-15,0.9915
10423,2022-07-16,0.9915
10424,2022-07-17,0.9915
10425,2022-07-18,0.9915
10426,2022-07-19,0.9915
10427,2022-07-20,0.9915
10428,2022-07-21,0.9915
10429,2022-07-22,0.9915
10430,2022-07-23,0.9915
10431,2022-07-24,0.9915
10432,2022-07-25,0.9915
10433,2022-07-26,0.9915
10434,2022-07-27,0.9915
10435,2022-07-28,0.9915
10436,2022-07-29,0.9915
10437,2022-07-30,0.9915
10438,2022-07-31,0.9915
10439,2022-08-01,1.2495
10440,2022-08-02,1.2495
10441,2022-08-03,1.2495
10442,2022-08-04,1.2495
10443,2022-08-05,1.2495
10444,2022-08-06,1.2495
10445,2022-08-07,1.2495
10446,2022-08-08,1.2495
10447,2022-08-09,1.2495
10448,2022-08-10,1.2495
10449,2022-08-11,1.2495
10450,2022-08-12,1.2495
10451,2022-08-13,1.2495
10452,2022-08-14,1.2495
10453,2022-08-15,1.2495
10454,2022-08-16,1.2495
10455,2022-08-17,1.2495
10456,2022-08-18,1.2495
10457,2022-08-19,1.2495
10458,2022-08-20,1.2495
10459,2022-08-21,1.2495
10460,2022-08-22,1.2495
10461,2022-08-23,1.2495
10462,2022-08-24,1.2495
10463,2022-08-25,1.2495
10464,2022-08-26,1.2495
10465,2022-08-27,1.2495
10466,2022-08-28,1.2495
10467,2022-08-29,1.2495
10468,2022-08-30,1.2495
10469,2022-08-31,1.2495
10470,2022-09-01,2.233
10471,2022-09-02,2.233
10472,2022-09-03,2.233
10473,2022-09-04,2.233
10474,2022-09-05,2.233
10475,2022-09-06,2.233
10476,2022-09-07,2.233
10477,2022-09-08,2.233
10478,2022-09-09,2.233
10479,2022-09-10,2.233
10480,2022-09-11,2.233
10481,2022-09-12,2.233
10482,2022-09-13,2.233
10483,2022-09-14,2.233
10484,2022-09-15,2.233
10485,2022-09-16,2.233
10486,2022-09-17,2.233
10487,2022-09-18,2.233
10488,2022-09-19,2.233
10489,2022-09-20,2.233
10490,2022-09-21,2.233
10491,2022-09-22,2.233
10492,2022-09-23,2.233
10493,2022-09-24,2.233
10494,2022-09-25,2.233
10495,2022-09-26,2.233
10496,2022-09-27,2.233
10497,2022-09-28,2.233
10498,2022-09-29,2.233
10499,2022-09-30,2.233
10500,2022-10-01,2.6294
10501,2022-10-02,2.6294
10502,2022-10-03,2.6294
10503,2022-10-04,2.6294
10504,2022-10-05,2.6294
10505,2022-10-06,2.6294
10506,2022-10-07,2.6294
10507,2022-10-08,2.6294
10508,2022-10-09,2.6294
10509,2022-10-10,2.6294
10510,2022-10-11,2.6294
10511,2022-10-12,2.6294
10512,2022-10-13,2.6294
10513,2022-10-14,2.6294
10514,2022-10-15,2.6294
10515,2022-10-16,2.6294
10516,2022-10-17,2.6294
10517,2022-10-18,2.6294
10518,2022-10-19,2.6294
10519,2022-10-20,2.6294
10520,2022-10-21,2.6294
10521,2022-10-22,2.6294
10522,2022-10-23,2.6294
10523,2022-10-24,2.6294
10524,2022-10-25,2.6294
10525,2022-10-26,2.6294
10526,2022-10-27,2.6294
10527,2022-10-28,2.6294
10528,2022-10-29,2.6294
10529,2022-10-30,2.6294
10530,2022-10-31,2.6294
10531,2022-11-01,2.8283
10532,2022-11-02,2.8283
10533,2022-11-03,2.8283
10534,2022-11-04,2.8283
10535,2022-11-05,2.8283
10536,2022-11-06,2.8283
10537,2022-11-07,2.8283
10538,2022-11-08,2.8283
10539,2022-11-09,2.8283
10540,2022-11-10,2.8283
10541,2022-11-11,2.8283
10542,2022-11-12,2.8283
10543,2022-11-13,2.8283
10544,2022-11-14,2.8283
10545,2022-11-15,2.8283
10546,2022-11-16,2.8283
10547,2022-11-17,2.8283
10548,2022-11-18,2.8283
10549,2022-11-19,2.8283
10550,2022-11-20,2.8283
10551,2022-11-21,2.8283
10552,2022-11-22,2.8283
10553,2022-11-23,2.8283
10554,2022-11-24,2.8283
10555,2022-11-25,2.8283
10556,2022-11-26,2.8283
10557,2022-11-27,2.8283
10558,2022-11-28,2.8283
10559,2022-11-29,2.8283
10560,2022-11-30,2.8283
10561,2022-12-01,3.0181
10562,2022-12-02,3.0181
10563,2022-12-03,3.0181
10564,2022-12-04,3.0181
10565,2022-12-05,3.0181
10566,2022-12-06,3.0181
10567,2022-12-07,3.0181
10568,2022-12-08,3.0181
10569,2022-12-09,3.0181
10570,2022-12-10,3.0181
10571,2022-12-11,3.0181
10572,2022-12-12,3.0181
10573,2022-12-13,3.0181
10574,2022-12-14,3.0181
10575,2022-12-15,3.0181
10576,2022-12-16,3.0181
10577,2022-12-17,3.0181
10578,2022-12-18,3.0181
10579,2022-12-19,3.0181
10580,2022-12-20,3.0181
10581,2022-12-21,3.0181
10582,2022-12-22,3.0181
10583,2022-12-23,3.0181
10584,2022-12-24,3.0181
10585,2022-12-25,3.0181
10586,2022-12-26,3.0181
10587,2022-12-27,3.0181
10588,2022-12-28,3.0181
10589,2022-12-29,3.0181
10590,2022-12-30,3.0181
10591,2022-12-31,3.0181
10592,2023-01-01,3.337
10593,2023-01-02,3.337
10594,2023-01-03,3.337
10595,2023-01-04,3.337
10596,2023-01-05,3.337
10597,2023-01-06,3.337
10598,2023-01-07,3.337
10599,2023-01-08,3.337
10600,2023-01-09,3.337
10601,2023-01-10,3.337
10602,2023-01-11,3.337
10603,2023-01-12,3.337
10604,2023-01-13,3.337
10605,2023-01-14,3.337
10606,2023-01-15,3.337
10607,2023-01-16,3.337
10608,2023-01-17,3.337
10609,2023-01-18,3.337
10610,2023-01-19,3.337
10611,2023-01-20,3.337
10612,2023-01-21,3.337
10613,2023-01-22,3.337
10614,2023-01-23,3.337
10615,2023-01-24,3.337
10616,2023-01-25,3.337
10617,2023-01-26,3.337
10618,2023-01-27,3.337
10619,2023-01-28,3.337
10620,2023-01-29,3.337
10621,2023-01-30,3.337
10622,2023-01-31,3.337
10623,2023-02-01,3.5336
10624,2023-02-02,3.5336
10625,2023-02-03,3.5336
10626,2023-02-04,3.5336
10627,2023-02-05,3.5336
10628,2023-02-06,3.5336
10629,2023-02-07,3.5336
10630,2023-02-08,3.5336
10631,2023-02-09,3.5336
10632,2023-02-10,3.5336
10633,2023-02-11,3.5336
10634,2023-02-12,3.5336
10635,2023-02-13,3.5336
10636,2023-02-14,3.5336
10637,2023-02-15,3.5336
10638,2023-02-16,3.5336
10639,2023-02-17,3.5336
10640,2023-02-18,3.5336
10641,2023-02-19,3.5336
10642,2023-02-20,3.5336
10643,2023-02-21,3.5336
10644,2023-02-22,3.5336
10645,2023-02-23,3.5336
10646,2023-02-24,3.5336
10647,2023-02-25,3.5336
10648,2023-02-26,3.5336
10649,2023-02-27,3.5336
10650,2023-02-28,3.5336
10651,2023-03-01,3.6466
10652,2023-03-02,3.6466
10653,2023-03-03,3.6466
10654,2023-03-04,3.6466
10655,2023-03-05,3.6466
10656,2023-03-06,3.6466
10657,2023-03-07,3.6466
10658,2023-03-08,3.6466
10659,2023-03-09,3.6466
10660,2023-03-10,3.6466
10661,2023-03-11,3.6466
10662,2023-03-12,3.6466
10663,2023-03-13,3.6466
10664,2023-03-14,3.6466
10665,2023-03-15,3.6466
10666,2023-03-16,3.6466
10667,2023-03-17,3.6466
10668,2023-03-18,3.6466
10669,2023-03-19,3.6466
10670,2023-03-20,3.6466
10671,2023-03-21,3.6466
10672,2023-03-22,3.6466
10673,2023-03-23,3.6466
10674,2023-03-24,3.6466
10675,2023-03-25,3.6466
10676,2023-03-26,3.6466
10677,2023-03-27,3.6466
10678,2023-03-28,3.6466
10679,2023-03-29,3.6466
10680,2023-03-30,3.6466
10681,2023-03-31,3.6466
10682,2023-04-01,3.7437
10683,2023-04-02,3.7437
10684,2023-04-03,3.7437
10685,2023-04-04,3.7437
10686,2023-04-05,3.7437
10687,2023-04-06,3.7437
10688,2023-04-07,3.7437
10689,2023-04-08,3.7437
10690,2023-04-09,3.7437
10691,2023-04-10,3.7437
10692,2023-04-11,3.7437
10693,2023-04-12,3.7437
10694,2023-04-13,3.7437
10695,2023-04-14,3.7437
10696,2023-04-15,3.7437
10697,2023-04-16,3.7437
10698,2023-04-17,3.7437
10699,2023-04-18,3.7437
10700,2023-04-19,3.7437
10701,2023-04-20,3.7437
10702,2023-04-21,3.7437
10703,2023-04-22,3.7437
10704,2023-04-23,3.7437
10705,2023-04-24,3.7437
10706,2023-04-25,3.7437
10707,2023-04-26,3.7437
10708,2023-04-27,3.7437
10709,2023-04-28,3.7437
10710,2023-04-29,3.7437
10711,2023-04-30,3.7437
10712,2023-05-01,3.8618
10713,2023-05-02,3.8618
10714,2023-05-03,3.8618
10715,2023-05-04,3.8618
10716,2023-05-05,3.8618
10717,2023-05-06,3.8618
10718,2023-05-07,3.8618
10719,2023-05-08,3.8618
10720,2023-05-09,3.8618
10721,2023-05-10,3.8618
10722,2023-05-11,3.8618
10723,2023-05-12,3.8618
10724,2023-05-13,3.8618
10725,2023-05-14,3.8618
10726,2023-05-15,3.8618
10727,2023-05-16,3.8618
10728,2023-05-17,3.8618
10729,2023-05-18,3.8618
10730,2023-05-19,3.8618
10731,2023-05-20,3.8618
10732,2023-05-21,3.8618
10733,2023-05-22,3.8618
10734,2023-05-23,3.8618
10735,2023-05-24,3.8618
10736,2023-05-25,3.8618
10737,2023-05-26,3.8618
10738,2023-05-27,3.8618
10739,2023-05-28,3.8618
10740,2023-05-29,3.8618
10741,2023-05-30,3.8618
10742,2023-05-31,3.8618
10743,2023-06-01,4.0073
10744,2023-06-02,4.0073
10745,2023-06-03,4.0073
10746,2023-06-04,4.0073
10747,2023-06-05,4.0073
10748,2023-06-06,4.0073
10749,2023-06-07,4.0073
10750,2023-06-08,4.0073
10751,2023-06-09,4.0073
10752,2023-06-10,4.0073
10753,2023-06-11,4.0073
10754,2023-06-12,4.0073
10755,2023-06-13,4.0073
10756,2023-06-14,4.0073
10757,2023-06-15,4.0073
10758,2023-06-16,4.0073
10759,2023-06-17,4.0073
10760,2023-06-18,4.0073
10761,2023-06-19,4.0073
10762,2023-06-20,4.0073
10763,2023-06-21,4.0073
10764,2023-06-22,4.0073
10765,2023-06-23,4.0073
10766,2023-06-24,4.0073
10767,2023-06-25,4.0073
10768,2023-06-26,4.0073
10769,2023-06-27,4.0073
10770,2023-06-28,4.0073
10771,2023-06-29,4.0073
10772,2023-06-30,4.0073
10773,2023-07-01,4.149
10774,2023-07-02,4.149
10775,2023-07-03,4.149
10776,2023-07-04,4.149
10777,2023-07-05,4.149
10778,2023-07-06,4.149
10779,2023-07-07,4.149
10780,2023-07-08,4.149
10781,2023-07-09,4.149
10782,2023-07-10,4.149
10783,2023-07-11,4.149
10784,2023-07-12,4.149
10785,2023-07-13,4.149
10786,2023-07-14,4.149
10787,2023-07-15,4.149
10788,2023-07-16,4.149
10789,2023-07-17,4.149
10790,2023-07-18,4.149
10791,2023-07-19,4.149
10792,2023-07-20,4.149
10793,2023-07-21,4.149
10794,2023-07-22,4.149
10795,2023-07-23,4.149
10796,2023-07-24,4.149
10797,2023-07-25,4.149
10798,2023-07-26,4.149
10799,2023-07-27,4.149
10800,2023-07-28,4.149
10801,2023-07-29,4.149
10802,2023-07-30,4.149
10803,2023-07-31,4.149
10804,2023-08-01,4.073
10805,2023-08-02,4.073
10806,2023-08-03,4.073
10807,2023-08-04,4.073
10808,2023-08-05,4.073
10809,2023-08-06,4.073
10810,2023-08-07,4.073
10811,2023-08-08,4.073
10812,2023-08-09,4.073
10813,2023-08-10,4.073
10814,2023-08-11,4.073
10815,2023-08-12,4.073
10816,2023-08-13,4.073
10817,2023-08-14,4.073
10818,2023-08-15,4.073
10819,2023-08-16,4.073
10820,2023-08-17,4.073
10821,2023-08-18,4.073
10822,2023-08-19,4.073
10823,2023-08-20,4.073
10824,2023-08-21,4.073
10825,2023-08-22,4.073
10826,2023-08-23,4.073
10827,2023-08-24,4.073
10828,2023-08-25,4.073
10829,2023-08-26,4.073
10830,2023-08-27,4.073
10831,2023-08-28,4.073
10832,2023-08-29,4.073
10833,2023-08-30,4.073
10834,2023-08-31,4.073
10835,2023-09-01,4.1492
10836,2023-09-02,4.1492
10837,2023-09-03,4.1492
10838,2023-09-04,4.1492
10839,2023-09-05,4.1492
10840,2023-09-06,4.1492
10841,2023-09-07,4.1492
10842,2023-09-08,4.1492
10843,2023-09-09,4.1492
10844,2023-09-10,4.1492
10845,2023-09-11,4.1492
10846,2023-09-12,4.1492
10847,2023-09-13,4.1492
10848,2023-09-14,4.1492
10849,2023-09-15,4.1492
10850,2023-09-16,4.1492
10851,2023-09-17,4.1492
10852,2023-09-18,4.1492
10853,2023-09-19,4.1492
10854,2023-09-20,4.1492
10855,2023-09-21,4.1492
10856,2023-09-22,4.1492
10857,2023-09-23,4.1492
10858,2023-09-24,4.1492
10859,2023-09-25,4.1492
10860,2023-09-26,4.1492
10861,2023-09-27,4.1492
10862,2023-09-28,4.1492
10863,2023-09-29,4.1492
10864,2023-09-30,4.1492
10865,2023-10-01,4.16
10866,2023-10-02,4.16
10867,2023-10-03,4.16
10868,2023-10-04,4.16
10869,2023-10-05,4.16
10870,2023-10-06,4.16
10871,2023-10-07,4.16
10872,2023-10-08,4.16
10873,2023-10-09,4.16
10874,2023-10-10,4.16
10875,2023-10-11,4.16
10876,2023-10-12,4.16
10877,2023-10-13,4.16
10878,2023-10-14,4.16
10879,2023-10-15,4.16
10880,2023-10-16,4.16
10881,2023-10-17,4.16
10882,2023-10-18,4.16
10883,2023-10-19,4.16
10884,2023-10-20,4.16
10885,2023-10-21,4.16
10886,2023-10-22,4.16
10887,2023-10-23,4.16
10888,2023-10-24,4.16
10889,2023-10-25,4.16
10890,2023-10-26,4.16
10891,2023-10-27,4.16
10892,2023-10-28,4.16
10893,2023-10-29,4.16
10894,2023-10-30,4.16
10895,2023-10-31,4.16
10896,2023-11-01,4.0221
10897,2023-11-02,4.0221
10898,2023-11-03,4.0221
10899,2023-11-04,4.0221
10900,2023-11-05,4.0221
10901,2023-11-06,4.0221
10902,2023-11-07,4.0221
10903,2023-11-08,4.0221
10904,2023-11-09,4.0221
10905,2023-11-10,4.0221
10906,2023-11-11,4.0221
10907,2023-11-12,4.0221
10908,2023-11-13,4.0221
10909,2023-11-14,4.0221
10910,2023-11-15,4.0221
10911,2023-11-16,4.0221
10912,2023-11-17,4.0221
10913,2023-11-18,4.0221
10914,2023-11-19,4.0221
10915,2023-11-20,4.0221
10916,2023-11-21,4.0221
10917,2023-11-22,4.0221
10918,2023-11-23,4.0221
10919,2023-11-24,4.0221
10920,2023-11-25,4.0221
10921,2023-11-26,4.0221
10922,2023-11-27,4.0221
10923,2023-11-28,4.0221
10924,2023-11-29,4.0221
10925,2023-11-30,4.0221
10926,2023-12-01,3.6699
10927,2023-12-02,3.6699
10928,2023-12-03,3.6699
10929,2023-12-04,3.6699
10930,2023-12-05,3.6699
10931,2023-12-06,3.6699
10932,2023-12-07,3.6699
10933,2023-12-08,3.6699
10934,2023-12-09,3.6699
10935,2023-12-10,3.6699
10936,2023-12-11,3.6699
10937,2023-12-12,3.6699
10938,2023-12-13,3.6699
10939,2023-12-14,3.6699
10940,2023-12-15,3.6699
10941,2023-12-16,3.6699
10942,2023-12-17,3.6699
10943,2023-12-18,3.6699
10944,2023-12-19,3.6699
10945,2023-12-20,3.6699
10946,2023-12-21,3.6699
10947,2023-12-22,3.6699
10948,2023-12-23,3.6699
10949,2023-12-24,3.6699
10950,2023-12-25,3.6699
10951,2023-12-26,3.6699
10952,2023-12-27,3.6699
10953,2023-12-28,3.6699
10954,2023-12-29,3.6699
10955,2023-12-30,3.6699
10956,2023-12-31,3.6699
