,Date,IPC
0,2023-12-01,0.0
1,2023-12-02,0.0
2,2023-12-03,0.0
3,2023-12-04,0.0
4,2023-12-05,0.0
5,2023-12-06,0.0
6,2023-12-07,0.0
7,2023-12-08,0.0
8,2023-12-09,0.0
9,2023-12-10,0.0
10,2023-12-11,0.0
11,2023-12-12,0.0
12,2023-12-13,0.0
13,2023-12-14,0.0
14,2023-12-15,0.0
15,2023-12-16,0.0
16,2023-12-17,0.0
17,2023-12-18,0.0
18,2023-12-19,0.0
19,2023-12-20,0.0
20,2023-12-21,0.0
21,2023-12-22,0.0
22,2023-12-23,0.0
23,2023-12-24,0.0
24,2023-12-25,0.0
25,2023-12-26,0.0
26,2023-12-27,0.0
27,2023-12-28,0.0
28,2023-12-29,0.0
29,2023-12-30,0.0
30,2023-12-31,0.0
31,2023-11-01,-0.3
32,2023-11-02,-0.3
33,2023-11-03,-0.3
34,2023-11-04,-0.3
35,2023-11-05,-0.3
36,2023-11-06,-0.3
37,2023-11-07,-0.3
38,2023-11-08,-0.3
39,2023-11-09,-0.3
40,2023-11-10,-0.3
41,2023-11-11,-0.3
42,2023-11-12,-0.3
43,2023-11-13,-0.3
44,2023-11-14,-0.3
45,2023-11-15,-0.3
46,2023-11-16,-0.3
47,2023-11-17,-0.3
48,2023-11-18,-0.3
49,2023-11-19,-0.3
50,2023-11-20,-0.3
51,2023-11-21,-0.3
52,2023-11-22,-0.3
53,2023-11-23,-0.3
54,2023-11-24,-0.3
55,2023-11-25,-0.3
56,2023-11-26,-0.3
57,2023-11-27,-0.3
58,2023-11-28,-0.3
59,2023-11-29,-0.3
60,2023-11-30,-0.3
61,2023-10-01,0.3
62,2023-10-02,0.3
63,2023-10-03,0.3
64,2023-10-04,0.3
65,2023-10-05,0.3
66,2023-10-06,0.3
67,2023-10-07,0.3
68,2023-10-08,0.3
69,2023-10-09,0.3
70,2023-10-10,0.3
71,2023-10-11,0.3
72,2023-10-12,0.3
73,2023-10-13,0.3
74,2023-10-14,0.3
75,2023-10-15,0.3
76,2023-10-16,0.3
77,2023-10-17,0.3
78,2023-10-18,0.3
79,2023-10-19,0.3
80,2023-10-20,0.3
81,2023-10-21,0.3
82,2023-10-22,0.3
83,2023-10-23,0.3
84,2023-10-24,0.3
85,2023-10-25,0.3
86,2023-10-26,0.3
87,2023-10-27,0.3
88,2023-10-28,0.3
89,2023-10-29,0.3
90,2023-10-30,0.3
91,2023-10-31,0.3
92,2023-09-01,0.2
93,2023-09-02,0.2
94,2023-09-03,0.2
95,2023-09-04,0.2
96,2023-09-05,0.2
97,2023-09-06,0.2
98,2023-09-07,0.2
99,2023-09-08,0.2
100,2023-09-09,0.2
101,2023-09-10,0.2
102,2023-09-11,0.2
103,2023-09-12,0.2
104,2023-09-13,0.2
105,2023-09-14,0.2
106,2023-09-15,0.2
107,2023-09-16,0.2
108,2023-09-17,0.2
109,2023-09-18,0.2
110,2023-09-19,0.2
111,2023-09-20,0.2
112,2023-09-21,0.2
113,2023-09-22,0.2
114,2023-09-23,0.2
115,2023-09-24,0.2
116,2023-09-25,0.2
117,2023-09-26,0.2
118,2023-09-27,0.2
119,2023-09-28,0.2
120,2023-09-29,0.2
121,2023-09-30,0.2
122,2023-08-01,0.5
123,2023-08-02,0.5
124,2023-08-03,0.5
125,2023-08-04,0.5
126,2023-08-05,0.5
127,2023-08-06,0.5
128,2023-08-07,0.5
129,2023-08-08,0.5
130,2023-08-09,0.5
131,2023-08-10,0.5
132,2023-08-11,0.5
133,2023-08-12,0.5
134,2023-08-13,0.5
135,2023-08-14,0.5
136,2023-08-15,0.5
137,2023-08-16,0.5
138,2023-08-17,0.5
139,2023-08-18,0.5
140,2023-08-19,0.5
141,2023-08-20,0.5
142,2023-08-21,0.5
143,2023-08-22,0.5
144,2023-08-23,0.5
145,2023-08-24,0.5
146,2023-08-25,0.5
147,2023-08-26,0.5
148,2023-08-27,0.5
149,2023-08-28,0.5
150,2023-08-29,0.5
151,2023-08-30,0.5
152,2023-08-31,0.5
153,2023-07-01,0.2
154,2023-07-02,0.2
155,2023-07-03,0.2
156,2023-07-04,0.2
157,2023-07-05,0.2
158,2023-07-06,0.2
159,2023-07-07,0.2
160,2023-07-08,0.2
161,2023-07-09,0.2
162,2023-07-10,0.2
163,2023-07-11,0.2
164,2023-07-12,0.2
165,2023-07-13,0.2
166,2023-07-14,0.2
167,2023-07-15,0.2
168,2023-07-16,0.2
169,2023-07-17,0.2
170,2023-07-18,0.2
171,2023-07-19,0.2
172,2023-07-20,0.2
173,2023-07-21,0.2
174,2023-07-22,0.2
175,2023-07-23,0.2
176,2023-07-24,0.2
177,2023-07-25,0.2
178,2023-07-26,0.2
179,2023-07-27,0.2
180,2023-07-28,0.2
181,2023-07-29,0.2
182,2023-07-30,0.2
183,2023-07-31,0.2
184,2023-06-01,0.6
185,2023-06-02,0.6
186,2023-06-03,0.6
187,2023-06-04,0.6
188,2023-06-05,0.6
189,2023-06-06,0.6
190,2023-06-07,0.6
191,2023-06-08,0.6
192,2023-06-09,0.6
193,2023-06-10,0.6
194,2023-06-11,0.6
195,2023-06-12,0.6
196,2023-06-13,0.6
197,2023-06-14,0.6
198,2023-06-15,0.6
199,2023-06-16,0.6
200,2023-06-17,0.6
201,2023-06-18,0.6
202,2023-06-19,0.6
203,2023-06-20,0.6
204,2023-06-21,0.6
205,2023-06-22,0.6
206,2023-06-23,0.6
207,2023-06-24,0.6
208,2023-06-25,0.6
209,2023-06-26,0.6
210,2023-06-27,0.6
211,2023-06-28,0.6
212,2023-06-29,0.6
213,2023-06-30,0.6
214,2023-05-01,0.0
215,2023-05-02,0.0
216,2023-05-03,0.0
217,2023-05-04,0.0
218,2023-05-05,0.0
219,2023-05-06,0.0
220,2023-05-07,0.0
221,2023-05-08,0.0
222,2023-05-09,0.0
223,2023-05-10,0.0
224,2023-05-11,0.0
225,2023-05-12,0.0
226,2023-05-13,0.0
227,2023-05-14,0.0
228,2023-05-15,0.0
229,2023-05-16,0.0
230,2023-05-17,0.0
231,2023-05-18,0.0
232,2023-05-19,0.0
233,2023-05-20,0.0
234,2023-05-21,0.0
235,2023-05-22,0.0
236,2023-05-23,0.0
237,2023-05-24,0.0
238,2023-05-25,0.0
239,2023-05-26,0.0
240,2023-05-27,0.0
241,2023-05-28,0.0
242,2023-05-29,0.0
243,2023-05-30,0.0
244,2023-05-31,0.0
245,2023-04-01,0.6
246,2023-04-02,0.6
247,2023-04-03,0.6
248,2023-04-04,0.6
249,2023-04-05,0.6
250,2023-04-06,0.6
251,2023-04-07,0.6
252,2023-04-08,0.6
253,2023-04-09,0.6
254,2023-04-10,0.6
255,2023-04-11,0.6
256,2023-04-12,0.6
257,2023-04-13,0.6
258,2023-04-14,0.6
259,2023-04-15,0.6
260,2023-04-16,0.6
261,2023-04-17,0.6
262,2023-04-18,0.6
263,2023-04-19,0.6
264,2023-04-20,0.6
265,2023-04-21,0.6
266,2023-04-22,0.6
267,2023-04-23,0.6
268,2023-04-24,0.6
269,2023-04-25,0.6
270,2023-04-26,0.6
271,2023-04-27,0.6
272,2023-04-28,0.6
273,2023-04-29,0.6
274,2023-04-30,0.6
275,2023-03-01,0.4
276,2023-03-02,0.4
277,2023-03-03,0.4
278,2023-03-04,0.4
279,2023-03-05,0.4
280,2023-03-06,0.4
281,2023-03-07,0.4
282,2023-03-08,0.4
283,2023-03-09,0.4
284,2023-03-10,0.4
285,2023-03-11,0.4
286,2023-03-12,0.4
287,2023-03-13,0.4
288,2023-03-14,0.4
289,2023-03-15,0.4
290,2023-03-16,0.4
291,2023-03-17,0.4
292,2023-03-18,0.4
293,2023-03-19,0.4
294,2023-03-20,0.4
295,2023-03-21,0.4
296,2023-03-22,0.4
297,2023-03-23,0.4
298,2023-03-24,0.4
299,2023-03-25,0.4
300,2023-03-26,0.4
301,2023-03-27,0.4
302,2023-03-28,0.4
303,2023-03-29,0.4
304,2023-03-30,0.4
305,2023-03-31,0.4
306,2023-02-01,0.9
307,2023-02-02,0.9
308,2023-02-03,0.9
309,2023-02-04,0.9
310,2023-02-05,0.9
311,2023-02-06,0.9
312,2023-02-07,0.9
313,2023-02-08,0.9
314,2023-02-09,0.9
315,2023-02-10,0.9
316,2023-02-11,0.9
317,2023-02-12,0.9
318,2023-02-13,0.9
319,2023-02-14,0.9
320,2023-02-15,0.9
321,2023-02-16,0.9
322,2023-02-17,0.9
323,2023-02-18,0.9
324,2023-02-19,0.9
325,2023-02-20,0.9
326,2023-02-21,0.9
327,2023-02-22,0.9
328,2023-02-23,0.9
329,2023-02-24,0.9
330,2023-02-25,0.9
331,2023-02-26,0.9
332,2023-02-27,0.9
333,2023-02-28,0.9
334,2023-01-01,-0.2
335,2023-01-02,-0.2
336,2023-01-03,-0.2
337,2023-01-04,-0.2
338,2023-01-05,-0.2
339,2023-01-06,-0.2
340,2023-01-07,-0.2
341,2023-01-08,-0.2
342,2023-01-09,-0.2
343,2023-01-10,-0.2
344,2023-01-11,-0.2
345,2023-01-12,-0.2
346,2023-01-13,-0.2
347,2023-01-14,-0.2
348,2023-01-15,-0.2
349,2023-01-16,-0.2
350,2023-01-17,-0.2
351,2023-01-18,-0.2
352,2023-01-19,-0.2
353,2023-01-20,-0.2
354,2023-01-21,-0.2
355,2023-01-22,-0.2
356,2023-01-23,-0.2
357,2023-01-24,-0.2
358,2023-01-25,-0.2
359,2023-01-26,-0.2
360,2023-01-27,-0.2
361,2023-01-28,-0.2
362,2023-01-29,-0.2
363,2023-01-30,-0.2
364,2023-01-31,-0.2
365,2022-12-01,0.2
366,2022-12-02,0.2
367,2022-12-03,0.2
368,2022-12-04,0.2
369,2022-12-05,0.2
370,2022-12-06,0.2
371,2022-12-07,0.2
372,2022-12-08,0.2
373,2022-12-09,0.2
374,2022-12-10,0.2
375,2022-12-11,0.2
376,2022-12-12,0.2
377,2022-12-13,0.2
378,2022-12-14,0.2
379,2022-12-15,0.2
380,2022-12-16,0.2
381,2022-12-17,0.2
382,2022-12-18,0.2
383,2022-12-19,0.2
384,2022-12-20,0.2
385,2022-12-21,0.2
386,2022-12-22,0.2
387,2022-12-23,0.2
388,2022-12-24,0.2
389,2022-12-25,0.2
390,2022-12-26,0.2
391,2022-12-27,0.2
392,2022-12-28,0.2
393,2022-12-29,0.2
394,2022-12-30,0.2
395,2022-12-31,0.2
396,2022-11-01,-0.1
397,2022-11-02,-0.1
398,2022-11-03,-0.1
399,2022-11-04,-0.1
400,2022-11-05,-0.1
401,2022-11-06,-0.1
402,2022-11-07,-0.1
403,2022-11-08,-0.1
404,2022-11-09,-0.1
405,2022-11-10,-0.1
406,2022-11-11,-0.1
407,2022-11-12,-0.1
408,2022-11-13,-0.1
409,2022-11-14,-0.1
410,2022-11-15,-0.1
411,2022-11-16,-0.1
412,2022-11-17,-0.1
413,2022-11-18,-0.1
414,2022-11-19,-0.1
415,2022-11-20,-0.1
416,2022-11-21,-0.1
417,2022-11-22,-0.1
418,2022-11-23,-0.1
419,2022-11-24,-0.1
420,2022-11-25,-0.1
421,2022-11-26,-0.1
422,2022-11-27,-0.1
423,2022-11-28,-0.1
424,2022-11-29,-0.1
425,2022-11-30,-0.1
426,2022-10-01,0.3
427,2022-10-02,0.3
428,2022-10-03,0.3
429,2022-10-04,0.3
430,2022-10-05,0.3
431,2022-10-06,0.3
432,2022-10-07,0.3
433,2022-10-08,0.3
434,2022-10-09,0.3
435,2022-10-10,0.3
436,2022-10-11,0.3
437,2022-10-12,0.3
438,2022-10-13,0.3
439,2022-10-14,0.3
440,2022-10-15,0.3
441,2022-10-16,0.3
442,2022-10-17,0.3
443,2022-10-18,0.3
444,2022-10-19,0.3
445,2022-10-20,0.3
446,2022-10-21,0.3
447,2022-10-22,0.3
448,2022-10-23,0.3
449,2022-10-24,0.3
450,2022-10-25,0.3
451,2022-10-26,0.3
452,2022-10-27,0.3
453,2022-10-28,0.3
454,2022-10-29,0.3
455,2022-10-30,0.3
456,2022-10-31,0.3
457,2022-09-01,-0.7
458,2022-09-02,-0.7
459,2022-09-03,-0.7
460,2022-09-04,-0.7
461,2022-09-05,-0.7
462,2022-09-06,-0.7
463,2022-09-07,-0.7
464,2022-09-08,-0.7
465,2022-09-09,-0.7
466,2022-09-10,-0.7
467,2022-09-11,-0.7
468,2022-09-12,-0.7
469,2022-09-13,-0.7
470,2022-09-14,-0.7
471,2022-09-15,-0.7
472,2022-09-16,-0.7
473,2022-09-17,-0.7
474,2022-09-18,-0.7
475,2022-09-19,-0.7
476,2022-09-20,-0.7
477,2022-09-21,-0.7
478,2022-09-22,-0.7
479,2022-09-23,-0.7
480,2022-09-24,-0.7
481,2022-09-25,-0.7
482,2022-09-26,-0.7
483,2022-09-27,-0.7
484,2022-09-28,-0.7
485,2022-09-29,-0.7
486,2022-09-30,-0.7
487,2022-08-01,0.3
488,2022-08-02,0.3
489,2022-08-03,0.3
490,2022-08-04,0.3
491,2022-08-05,0.3
492,2022-08-06,0.3
493,2022-08-07,0.3
494,2022-08-08,0.3
495,2022-08-09,0.3
496,2022-08-10,0.3
497,2022-08-11,0.3
498,2022-08-12,0.3
499,2022-08-13,0.3
500,2022-08-14,0.3
501,2022-08-15,0.3
502,2022-08-16,0.3
503,2022-08-17,0.3
504,2022-08-18,0.3
505,2022-08-19,0.3
506,2022-08-20,0.3
507,2022-08-21,0.3
508,2022-08-22,0.3
509,2022-08-23,0.3
510,2022-08-24,0.3
511,2022-08-25,0.3
512,2022-08-26,0.3
513,2022-08-27,0.3
514,2022-08-28,0.3
515,2022-08-29,0.3
516,2022-08-30,0.3
517,2022-08-31,0.3
518,2022-07-01,-0.3
519,2022-07-02,-0.3
520,2022-07-03,-0.3
521,2022-07-04,-0.3
522,2022-07-05,-0.3
523,2022-07-06,-0.3
524,2022-07-07,-0.3
525,2022-07-08,-0.3
526,2022-07-09,-0.3
527,2022-07-10,-0.3
528,2022-07-11,-0.3
529,2022-07-12,-0.3
530,2022-07-13,-0.3
531,2022-07-14,-0.3
532,2022-07-15,-0.3
533,2022-07-16,-0.3
534,2022-07-17,-0.3
535,2022-07-18,-0.3
536,2022-07-19,-0.3
537,2022-07-20,-0.3
538,2022-07-21,-0.3
539,2022-07-22,-0.3
540,2022-07-23,-0.3
541,2022-07-24,-0.3
542,2022-07-25,-0.3
543,2022-07-26,-0.3
544,2022-07-27,-0.3
545,2022-07-28,-0.3
546,2022-07-29,-0.3
547,2022-07-30,-0.3
548,2022-07-31,-0.3
549,2022-06-01,1.9
550,2022-06-02,1.9
551,2022-06-03,1.9
552,2022-06-04,1.9
553,2022-06-05,1.9
554,2022-06-06,1.9
555,2022-06-07,1.9
556,2022-06-08,1.9
557,2022-06-09,1.9
558,2022-06-10,1.9
559,2022-06-11,1.9
560,2022-06-12,1.9
561,2022-06-13,1.9
562,2022-06-14,1.9
563,2022-06-15,1.9
564,2022-06-16,1.9
565,2022-06-17,1.9
566,2022-06-18,1.9
567,2022-06-19,1.9
568,2022-06-20,1.9
569,2022-06-21,1.9
570,2022-06-22,1.9
571,2022-06-23,1.9
572,2022-06-24,1.9
573,2022-06-25,1.9
574,2022-06-26,1.9
575,2022-06-27,1.9
576,2022-06-28,1.9
577,2022-06-29,1.9
578,2022-06-30,1.9
579,2022-05-01,0.8
580,2022-05-02,0.8
581,2022-05-03,0.8
582,2022-05-04,0.8
583,2022-05-05,0.8
584,2022-05-06,0.8
585,2022-05-07,0.8
586,2022-05-08,0.8
587,2022-05-09,0.8
588,2022-05-10,0.8
589,2022-05-11,0.8
590,2022-05-12,0.8
591,2022-05-13,0.8
592,2022-05-14,0.8
593,2022-05-15,0.8
594,2022-05-16,0.8
595,2022-05-17,0.8
596,2022-05-18,0.8
597,2022-05-19,0.8
598,2022-05-20,0.8
599,2022-05-21,0.8
600,2022-05-22,0.8
601,2022-05-23,0.8
602,2022-05-24,0.8
603,2022-05-25,0.8
604,2022-05-26,0.8
605,2022-05-27,0.8
606,2022-05-28,0.8
607,2022-05-29,0.8
608,2022-05-30,0.8
609,2022-05-31,0.8
610,2022-04-01,-0.2
611,2022-04-02,-0.2
612,2022-04-03,-0.2
613,2022-04-04,-0.2
614,2022-04-05,-0.2
615,2022-04-06,-0.2
616,2022-04-07,-0.2
617,2022-04-08,-0.2
618,2022-04-09,-0.2
619,2022-04-10,-0.2
620,2022-04-11,-0.2
621,2022-04-12,-0.2
622,2022-04-13,-0.2
623,2022-04-14,-0.2
624,2022-04-15,-0.2
625,2022-04-16,-0.2
626,2022-04-17,-0.2
627,2022-04-18,-0.2
628,2022-04-19,-0.2
629,2022-04-20,-0.2
630,2022-04-21,-0.2
631,2022-04-22,-0.2
632,2022-04-23,-0.2
633,2022-04-24,-0.2
634,2022-04-25,-0.2
635,2022-04-26,-0.2
636,2022-04-27,-0.2
637,2022-04-28,-0.2
638,2022-04-29,-0.2
639,2022-04-30,-0.2
640,2022-03-01,3.0
641,2022-03-02,3.0
642,2022-03-03,3.0
643,2022-03-04,3.0
644,2022-03-05,3.0
645,2022-03-06,3.0
646,2022-03-07,3.0
647,2022-03-08,3.0
648,2022-03-09,3.0
649,2022-03-10,3.0
650,2022-03-11,3.0
651,2022-03-12,3.0
652,2022-03-13,3.0
653,2022-03-14,3.0
654,2022-03-15,3.0
655,2022-03-16,3.0
656,2022-03-17,3.0
657,2022-03-18,3.0
658,2022-03-19,3.0
659,2022-03-20,3.0
660,2022-03-21,3.0
661,2022-03-22,3.0
662,2022-03-23,3.0
663,2022-03-24,3.0
664,2022-03-25,3.0
665,2022-03-26,3.0
666,2022-03-27,3.0
667,2022-03-28,3.0
668,2022-03-29,3.0
669,2022-03-30,3.0
670,2022-03-31,3.0
671,2022-02-01,0.8
672,2022-02-02,0.8
673,2022-02-03,0.8
674,2022-02-04,0.8
675,2022-02-05,0.8
676,2022-02-06,0.8
677,2022-02-07,0.8
678,2022-02-08,0.8
679,2022-02-09,0.8
680,2022-02-10,0.8
681,2022-02-11,0.8
682,2022-02-12,0.8
683,2022-02-13,0.8
684,2022-02-14,0.8
685,2022-02-15,0.8
686,2022-02-16,0.8
687,2022-02-17,0.8
688,2022-02-18,0.8
689,2022-02-19,0.8
690,2022-02-20,0.8
691,2022-02-21,0.8
692,2022-02-22,0.8
693,2022-02-23,0.8
694,2022-02-24,0.8
695,2022-02-25,0.8
696,2022-02-26,0.8
697,2022-02-27,0.8
698,2022-02-28,0.8
699,2022-01-01,-0.4
700,2022-01-02,-0.4
701,2022-01-03,-0.4
702,2022-01-04,-0.4
703,2022-01-05,-0.4
704,2022-01-06,-0.4
705,2022-01-07,-0.4
706,2022-01-08,-0.4
707,2022-01-09,-0.4
708,2022-01-10,-0.4
709,2022-01-11,-0.4
710,2022-01-12,-0.4
711,2022-01-13,-0.4
712,2022-01-14,-0.4
713,2022-01-15,-0.4
714,2022-01-16,-0.4
715,2022-01-17,-0.4
716,2022-01-18,-0.4
717,2022-01-19,-0.4
718,2022-01-20,-0.4
719,2022-01-21,-0.4
720,2022-01-22,-0.4
721,2022-01-23,-0.4
722,2022-01-24,-0.4
723,2022-01-25,-0.4
724,2022-01-26,-0.4
725,2022-01-27,-0.4
726,2022-01-28,-0.4
727,2022-01-29,-0.4
728,2022-01-30,-0.4
729,2022-01-31,-0.4
730,2021-12-01,1.2
731,2021-12-02,1.2
732,2021-12-03,1.2
733,2021-12-04,1.2
734,2021-12-05,1.2
735,2021-12-06,1.2
736,2021-12-07,1.2
737,2021-12-08,1.2
738,2021-12-09,1.2
739,2021-12-10,1.2
740,2021-12-11,1.2
741,2021-12-12,1.2
742,2021-12-13,1.2
743,2021-12-14,1.2
744,2021-12-15,1.2
745,2021-12-16,1.2
746,2021-12-17,1.2
747,2021-12-18,1.2
748,2021-12-19,1.2
749,2021-12-20,1.2
750,2021-12-21,1.2
751,2021-12-22,1.2
752,2021-12-23,1.2
753,2021-12-24,1.2
754,2021-12-25,1.2
755,2021-12-26,1.2
756,2021-12-27,1.2
757,2021-12-28,1.2
758,2021-12-29,1.2
759,2021-12-30,1.2
760,2021-12-31,1.2
761,2021-11-01,0.3
762,2021-11-02,0.3
763,2021-11-03,0.3
764,2021-11-04,0.3
765,2021-11-05,0.3
766,2021-11-06,0.3
767,2021-11-07,0.3
768,2021-11-08,0.3
769,2021-11-09,0.3
770,2021-11-10,0.3
771,2021-11-11,0.3
772,2021-11-12,0.3
773,2021-11-13,0.3
774,2021-11-14,0.3
775,2021-11-15,0.3
776,2021-11-16,0.3
777,2021-11-17,0.3
778,2021-11-18,0.3
779,2021-11-19,0.3
780,2021-11-20,0.3
781,2021-11-21,0.3
782,2021-11-22,0.3
783,2021-11-23,0.3
784,2021-11-24,0.3
785,2021-11-25,0.3
786,2021-11-26,0.3
787,2021-11-27,0.3
788,2021-11-28,0.3
789,2021-11-29,0.3
790,2021-11-30,0.3
791,2021-10-01,1.8
792,2021-10-02,1.8
793,2021-10-03,1.8
794,2021-10-04,1.8
795,2021-10-05,1.8
796,2021-10-06,1.8
797,2021-10-07,1.8
798,2021-10-08,1.8
799,2021-10-09,1.8
800,2021-10-10,1.8
801,2021-10-11,1.8
802,2021-10-12,1.8
803,2021-10-13,1.8
804,2021-10-14,1.8
805,2021-10-15,1.8
806,2021-10-16,1.8
807,2021-10-17,1.8
808,2021-10-18,1.8
809,2021-10-19,1.8
810,2021-10-20,1.8
811,2021-10-21,1.8
812,2021-10-22,1.8
813,2021-10-23,1.8
814,2021-10-24,1.8
815,2021-10-25,1.8
816,2021-10-26,1.8
817,2021-10-27,1.8
818,2021-10-28,1.8
819,2021-10-29,1.8
820,2021-10-30,1.8
821,2021-10-31,1.8
822,2021-09-01,0.8
823,2021-09-02,0.8
824,2021-09-03,0.8
825,2021-09-04,0.8
826,2021-09-05,0.8
827,2021-09-06,0.8
828,2021-09-07,0.8
829,2021-09-08,0.8
830,2021-09-09,0.8
831,2021-09-10,0.8
832,2021-09-11,0.8
833,2021-09-12,0.8
834,2021-09-13,0.8
835,2021-09-14,0.8
836,2021-09-15,0.8
837,2021-09-16,0.8
838,2021-09-17,0.8
839,2021-09-18,0.8
840,2021-09-19,0.8
841,2021-09-20,0.8
842,2021-09-21,0.8
843,2021-09-22,0.8
844,2021-09-23,0.8
845,2021-09-24,0.8
846,2021-09-25,0.8
847,2021-09-26,0.8
848,2021-09-27,0.8
849,2021-09-28,0.8
850,2021-09-29,0.8
851,2021-09-30,0.8
852,2021-08-01,0.5
853,2021-08-02,0.5
854,2021-08-03,0.5
855,2021-08-04,0.5
856,2021-08-05,0.5
857,2021-08-06,0.5
858,2021-08-07,0.5
859,2021-08-08,0.5
860,2021-08-09,0.5
861,2021-08-10,0.5
862,2021-08-11,0.5
863,2021-08-12,0.5
864,2021-08-13,0.5
865,2021-08-14,0.5
866,2021-08-15,0.5
867,2021-08-16,0.5
868,2021-08-17,0.5
869,2021-08-18,0.5
870,2021-08-19,0.5
871,2021-08-20,0.5
872,2021-08-21,0.5
873,2021-08-22,0.5
874,2021-08-23,0.5
875,2021-08-24,0.5
876,2021-08-25,0.5
877,2021-08-26,0.5
878,2021-08-27,0.5
879,2021-08-28,0.5
880,2021-08-29,0.5
881,2021-08-30,0.5
882,2021-08-31,0.5
883,2021-07-01,-0.8
884,2021-07-02,-0.8
885,2021-07-03,-0.8
886,2021-07-04,-0.8
887,2021-07-05,-0.8
888,2021-07-06,-0.8
889,2021-07-07,-0.8
890,2021-07-08,-0.8
891,2021-07-09,-0.8
892,2021-07-10,-0.8
893,2021-07-11,-0.8
894,2021-07-12,-0.8
895,2021-07-13,-0.8
896,2021-07-14,-0.8
897,2021-07-15,-0.8
898,2021-07-16,-0.8
899,2021-07-17,-0.8
900,2021-07-18,-0.8
901,2021-07-19,-0.8
902,2021-07-20,-0.8
903,2021-07-21,-0.8
904,2021-07-22,-0.8
905,2021-07-23,-0.8
906,2021-07-24,-0.8
907,2021-07-25,-0.8
908,2021-07-26,-0.8
909,2021-07-27,-0.8
910,2021-07-28,-0.8
911,2021-07-29,-0.8
912,2021-07-30,-0.8
913,2021-07-31,-0.8
914,2021-06-01,0.5
915,2021-06-02,0.5
916,2021-06-03,0.5
917,2021-06-04,0.5
918,2021-06-05,0.5
919,2021-06-06,0.5
920,2021-06-07,0.5
921,2021-06-08,0.5
922,2021-06-09,0.5
923,2021-06-10,0.5
924,2021-06-11,0.5
925,2021-06-12,0.5
926,2021-06-13,0.5
927,2021-06-14,0.5
928,2021-06-15,0.5
929,2021-06-16,0.5
930,2021-06-17,0.5
931,2021-06-18,0.5
932,2021-06-19,0.5
933,2021-06-20,0.5
934,2021-06-21,0.5
935,2021-06-22,0.5
936,2021-06-23,0.5
937,2021-06-24,0.5
938,2021-06-25,0.5
939,2021-06-26,0.5
940,2021-06-27,0.5
941,2021-06-28,0.5
942,2021-06-29,0.5
943,2021-06-30,0.5
944,2021-05-01,0.5
945,2021-05-02,0.5
946,2021-05-03,0.5
947,2021-05-04,0.5
948,2021-05-05,0.5
949,2021-05-06,0.5
950,2021-05-07,0.5
951,2021-05-08,0.5
952,2021-05-09,0.5
953,2021-05-10,0.5
954,2021-05-11,0.5
955,2021-05-12,0.5
956,2021-05-13,0.5
957,2021-05-14,0.5
958,2021-05-15,0.5
959,2021-05-16,0.5
960,2021-05-17,0.5
961,2021-05-18,0.5
962,2021-05-19,0.5
963,2021-05-20,0.5
964,2021-05-21,0.5
965,2021-05-22,0.5
966,2021-05-23,0.5
967,2021-05-24,0.5
968,2021-05-25,0.5
969,2021-05-26,0.5
970,2021-05-27,0.5
971,2021-05-28,0.5
972,2021-05-29,0.5
973,2021-05-30,0.5
974,2021-05-31,0.5
975,2021-04-01,1.2
976,2021-04-02,1.2
977,2021-04-03,1.2
978,2021-04-04,1.2
979,2021-04-05,1.2
980,2021-04-06,1.2
981,2021-04-07,1.2
982,2021-04-08,1.2
983,2021-04-09,1.2
984,2021-04-10,1.2
985,2021-04-11,1.2
986,2021-04-12,1.2
987,2021-04-13,1.2
988,2021-04-14,1.2
989,2021-04-15,1.2
990,2021-04-16,1.2
991,2021-04-17,1.2
992,2021-04-18,1.2
993,2021-04-19,1.2
994,2021-04-20,1.2
995,2021-04-21,1.2
996,2021-04-22,1.2
997,2021-04-23,1.2
998,2021-04-24,1.2
999,2021-04-25,1.2
1000,2021-04-26,1.2
1001,2021-04-27,1.2
1002,2021-04-28,1.2
1003,2021-04-29,1.2
1004,2021-04-30,1.2
1005,2021-03-01,1.0
1006,2021-03-02,1.0
1007,2021-03-03,1.0
1008,2021-03-04,1.0
1009,2021-03-05,1.0
1010,2021-03-06,1.0
1011,2021-03-07,1.0
1012,2021-03-08,1.0
1013,2021-03-09,1.0
1014,2021-03-10,1.0
1015,2021-03-11,1.0
1016,2021-03-12,1.0
1017,2021-03-13,1.0
1018,2021-03-14,1.0
1019,2021-03-15,1.0
1020,2021-03-16,1.0
1021,2021-03-17,1.0
1022,2021-03-18,1.0
1023,2021-03-19,1.0
1024,2021-03-20,1.0
1025,2021-03-21,1.0
1026,2021-03-22,1.0
1027,2021-03-23,1.0
1028,2021-03-24,1.0
1029,2021-03-25,1.0
1030,2021-03-26,1.0
1031,2021-03-27,1.0
1032,2021-03-28,1.0
1033,2021-03-29,1.0
1034,2021-03-30,1.0
1035,2021-03-31,1.0
1036,2021-02-01,-0.6
1037,2021-02-02,-0.6
1038,2021-02-03,-0.6
1039,2021-02-04,-0.6
1040,2021-02-05,-0.6
1041,2021-02-06,-0.6
1042,2021-02-07,-0.6
1043,2021-02-08,-0.6
1044,2021-02-09,-0.6
1045,2021-02-10,-0.6
1046,2021-02-11,-0.6
1047,2021-02-12,-0.6
1048,2021-02-13,-0.6
1049,2021-02-14,-0.6
1050,2021-02-15,-0.6
1051,2021-02-16,-0.6
1052,2021-02-17,-0.6
1053,2021-02-18,-0.6
1054,2021-02-19,-0.6
1055,2021-02-20,-0.6
1056,2021-02-21,-0.6
1057,2021-02-22,-0.6
1058,2021-02-23,-0.6
1059,2021-02-24,-0.6
1060,2021-02-25,-0.6
1061,2021-02-26,-0.6
1062,2021-02-27,-0.6
1063,2021-02-28,-0.6
1064,2021-01-01,0.0
1065,2021-01-02,0.0
1066,2021-01-03,0.0
1067,2021-01-04,0.0
1068,2021-01-05,0.0
1069,2021-01-06,0.0
1070,2021-01-07,0.0
1071,2021-01-08,0.0
1072,2021-01-09,0.0
1073,2021-01-10,0.0
1074,2021-01-11,0.0
1075,2021-01-12,0.0
1076,2021-01-13,0.0
1077,2021-01-14,0.0
1078,2021-01-15,0.0
1079,2021-01-16,0.0
1080,2021-01-17,0.0
1081,2021-01-18,0.0
1082,2021-01-19,0.0
1083,2021-01-20,0.0
1084,2021-01-21,0.0
1085,2021-01-22,0.0
1086,2021-01-23,0.0
1087,2021-01-24,0.0
1088,2021-01-25,0.0
1089,2021-01-26,0.0
1090,2021-01-27,0.0
1091,2021-01-28,0.0
1092,2021-01-29,0.0
1093,2021-01-30,0.0
1094,2021-01-31,0.0
1095,2020-12-01,0.2
1096,2020-12-02,0.2
1097,2020-12-03,0.2
1098,2020-12-04,0.2
1099,2020-12-05,0.2
1100,2020-12-06,0.2
1101,2020-12-07,0.2
1102,2020-12-08,0.2
1103,2020-12-09,0.2
1104,2020-12-10,0.2
1105,2020-12-11,0.2
1106,2020-12-12,0.2
1107,2020-12-13,0.2
1108,2020-12-14,0.2
1109,2020-12-15,0.2
1110,2020-12-16,0.2
1111,2020-12-17,0.2
1112,2020-12-18,0.2
1113,2020-12-19,0.2
1114,2020-12-20,0.2
1115,2020-12-21,0.2
1116,2020-12-22,0.2
1117,2020-12-23,0.2
1118,2020-12-24,0.2
1119,2020-12-25,0.2
1120,2020-12-26,0.2
1121,2020-12-27,0.2
1122,2020-12-28,0.2
1123,2020-12-29,0.2
1124,2020-12-30,0.2
1125,2020-12-31,0.2
1126,2020-11-01,0.2
1127,2020-11-02,0.2
1128,2020-11-03,0.2
1129,2020-11-04,0.2
1130,2020-11-05,0.2
1131,2020-11-06,0.2
1132,2020-11-07,0.2
1133,2020-11-08,0.2
1134,2020-11-09,0.2
1135,2020-11-10,0.2
1136,2020-11-11,0.2
1137,2020-11-12,0.2
1138,2020-11-13,0.2
1139,2020-11-14,0.2
1140,2020-11-15,0.2
1141,2020-11-16,0.2
1142,2020-11-17,0.2
1143,2020-11-18,0.2
1144,2020-11-19,0.2
1145,2020-11-20,0.2
1146,2020-11-21,0.2
1147,2020-11-22,0.2
1148,2020-11-23,0.2
1149,2020-11-24,0.2
1150,2020-11-25,0.2
1151,2020-11-26,0.2
1152,2020-11-27,0.2
1153,2020-11-28,0.2
1154,2020-11-29,0.2
1155,2020-11-30,0.2
1156,2020-10-01,0.5
1157,2020-10-02,0.5
1158,2020-10-03,0.5
1159,2020-10-04,0.5
1160,2020-10-05,0.5
1161,2020-10-06,0.5
1162,2020-10-07,0.5
1163,2020-10-08,0.5
1164,2020-10-09,0.5
1165,2020-10-10,0.5
1166,2020-10-11,0.5
1167,2020-10-12,0.5
1168,2020-10-13,0.5
1169,2020-10-14,0.5
1170,2020-10-15,0.5
1171,2020-10-16,0.5
1172,2020-10-17,0.5
1173,2020-10-18,0.5
1174,2020-10-19,0.5
1175,2020-10-20,0.5
1176,2020-10-21,0.5
1177,2020-10-22,0.5
1178,2020-10-23,0.5
1179,2020-10-24,0.5
1180,2020-10-25,0.5
1181,2020-10-26,0.5
1182,2020-10-27,0.5
1183,2020-10-28,0.5
1184,2020-10-29,0.5
1185,2020-10-30,0.5
1186,2020-10-31,0.5
1187,2020-09-01,0.2
1188,2020-09-02,0.2
1189,2020-09-03,0.2
1190,2020-09-04,0.2
1191,2020-09-05,0.2
1192,2020-09-06,0.2
1193,2020-09-07,0.2
1194,2020-09-08,0.2
1195,2020-09-09,0.2
1196,2020-09-10,0.2
1197,2020-09-11,0.2
1198,2020-09-12,0.2
1199,2020-09-13,0.2
1200,2020-09-14,0.2
1201,2020-09-15,0.2
1202,2020-09-16,0.2
1203,2020-09-17,0.2
1204,2020-09-18,0.2
1205,2020-09-19,0.2
1206,2020-09-20,0.2
1207,2020-09-21,0.2
1208,2020-09-22,0.2
1209,2020-09-23,0.2
1210,2020-09-24,0.2
1211,2020-09-25,0.2
1212,2020-09-26,0.2
1213,2020-09-27,0.2
1214,2020-09-28,0.2
1215,2020-09-29,0.2
1216,2020-09-30,0.2
1217,2020-08-01,0.0
1218,2020-08-02,0.0
1219,2020-08-03,0.0
1220,2020-08-04,0.0
1221,2020-08-05,0.0
1222,2020-08-06,0.0
1223,2020-08-07,0.0
1224,2020-08-08,0.0
1225,2020-08-09,0.0
1226,2020-08-10,0.0
1227,2020-08-11,0.0
1228,2020-08-12,0.0
1229,2020-08-13,0.0
1230,2020-08-14,0.0
1231,2020-08-15,0.0
1232,2020-08-16,0.0
1233,2020-08-17,0.0
1234,2020-08-18,0.0
1235,2020-08-19,0.0
1236,2020-08-20,0.0
1237,2020-08-21,0.0
1238,2020-08-22,0.0
1239,2020-08-23,0.0
1240,2020-08-24,0.0
1241,2020-08-25,0.0
1242,2020-08-26,0.0
1243,2020-08-27,0.0
1244,2020-08-28,0.0
1245,2020-08-29,0.0
1246,2020-08-30,0.0
1247,2020-08-31,0.0
1248,2020-07-01,-0.9
1249,2020-07-02,-0.9
1250,2020-07-03,-0.9
1251,2020-07-04,-0.9
1252,2020-07-05,-0.9
1253,2020-07-06,-0.9
1254,2020-07-07,-0.9
1255,2020-07-08,-0.9
1256,2020-07-09,-0.9
1257,2020-07-10,-0.9
1258,2020-07-11,-0.9
1259,2020-07-12,-0.9
1260,2020-07-13,-0.9
1261,2020-07-14,-0.9
1262,2020-07-15,-0.9
1263,2020-07-16,-0.9
1264,2020-07-17,-0.9
1265,2020-07-18,-0.9
1266,2020-07-19,-0.9
1267,2020-07-20,-0.9
1268,2020-07-21,-0.9
1269,2020-07-22,-0.9
1270,2020-07-23,-0.9
1271,2020-07-24,-0.9
1272,2020-07-25,-0.9
1273,2020-07-26,-0.9
1274,2020-07-27,-0.9
1275,2020-07-28,-0.9
1276,2020-07-29,-0.9
1277,2020-07-30,-0.9
1278,2020-07-31,-0.9
1279,2020-06-01,0.5
1280,2020-06-02,0.5
1281,2020-06-03,0.5
1282,2020-06-04,0.5
1283,2020-06-05,0.5
1284,2020-06-06,0.5
1285,2020-06-07,0.5
1286,2020-06-08,0.5
1287,2020-06-09,0.5
1288,2020-06-10,0.5
1289,2020-06-11,0.5
1290,2020-06-12,0.5
1291,2020-06-13,0.5
1292,2020-06-14,0.5
1293,2020-06-15,0.5
1294,2020-06-16,0.5
1295,2020-06-17,0.5
1296,2020-06-18,0.5
1297,2020-06-19,0.5
1298,2020-06-20,0.5
1299,2020-06-21,0.5
1300,2020-06-22,0.5
1301,2020-06-23,0.5
1302,2020-06-24,0.5
1303,2020-06-25,0.5
1304,2020-06-26,0.5
1305,2020-06-27,0.5
1306,2020-06-28,0.5
1307,2020-06-29,0.5
1308,2020-06-30,0.5
1309,2020-05-01,0.0
1310,2020-05-02,0.0
1311,2020-05-03,0.0
1312,2020-05-04,0.0
1313,2020-05-05,0.0
1314,2020-05-06,0.0
1315,2020-05-07,0.0
1316,2020-05-08,0.0
1317,2020-05-09,0.0
1318,2020-05-10,0.0
1319,2020-05-11,0.0
1320,2020-05-12,0.0
1321,2020-05-13,0.0
1322,2020-05-14,0.0
1323,2020-05-15,0.0
1324,2020-05-16,0.0
1325,2020-05-17,0.0
1326,2020-05-18,0.0
1327,2020-05-19,0.0
1328,2020-05-20,0.0
1329,2020-05-21,0.0
1330,2020-05-22,0.0
1331,2020-05-23,0.0
1332,2020-05-24,0.0
1333,2020-05-25,0.0
1334,2020-05-26,0.0
1335,2020-05-27,0.0
1336,2020-05-28,0.0
1337,2020-05-29,0.0
1338,2020-05-30,0.0
1339,2020-05-31,0.0
1340,2020-04-01,0.3
1341,2020-04-02,0.3
1342,2020-04-03,0.3
1343,2020-04-04,0.3
1344,2020-04-05,0.3
1345,2020-04-06,0.3
1346,2020-04-07,0.3
1347,2020-04-08,0.3
1348,2020-04-09,0.3
1349,2020-04-10,0.3
1350,2020-04-11,0.3
1351,2020-04-12,0.3
1352,2020-04-13,0.3
1353,2020-04-14,0.3
1354,2020-04-15,0.3
1355,2020-04-16,0.3
1356,2020-04-17,0.3
1357,2020-04-18,0.3
1358,2020-04-19,0.3
1359,2020-04-20,0.3
1360,2020-04-21,0.3
1361,2020-04-22,0.3
1362,2020-04-23,0.3
1363,2020-04-24,0.3
1364,2020-04-25,0.3
1365,2020-04-26,0.3
1366,2020-04-27,0.3
1367,2020-04-28,0.3
1368,2020-04-29,0.3
1369,2020-04-30,0.3
1370,2020-03-01,-0.4
1371,2020-03-02,-0.4
1372,2020-03-03,-0.4
1373,2020-03-04,-0.4
1374,2020-03-05,-0.4
1375,2020-03-06,-0.4
1376,2020-03-07,-0.4
1377,2020-03-08,-0.4
1378,2020-03-09,-0.4
1379,2020-03-10,-0.4
1380,2020-03-11,-0.4
1381,2020-03-12,-0.4
1382,2020-03-13,-0.4
1383,2020-03-14,-0.4
1384,2020-03-15,-0.4
1385,2020-03-16,-0.4
1386,2020-03-17,-0.4
1387,2020-03-18,-0.4
1388,2020-03-19,-0.4
1389,2020-03-20,-0.4
1390,2020-03-21,-0.4
1391,2020-03-22,-0.4
1392,2020-03-23,-0.4
1393,2020-03-24,-0.4
1394,2020-03-25,-0.4
1395,2020-03-26,-0.4
1396,2020-03-27,-0.4
1397,2020-03-28,-0.4
1398,2020-03-29,-0.4
1399,2020-03-30,-0.4
1400,2020-03-31,-0.4
1401,2020-02-01,-0.1
1402,2020-02-02,-0.1
1403,2020-02-03,-0.1
1404,2020-02-04,-0.1
1405,2020-02-05,-0.1
1406,2020-02-06,-0.1
1407,2020-02-07,-0.1
1408,2020-02-08,-0.1
1409,2020-02-09,-0.1
1410,2020-02-10,-0.1
1411,2020-02-11,-0.1
1412,2020-02-12,-0.1
1413,2020-02-13,-0.1
1414,2020-02-14,-0.1
1415,2020-02-15,-0.1
1416,2020-02-16,-0.1
1417,2020-02-17,-0.1
1418,2020-02-18,-0.1
1419,2020-02-19,-0.1
1420,2020-02-20,-0.1
1421,2020-02-21,-0.1
1422,2020-02-22,-0.1
1423,2020-02-23,-0.1
1424,2020-02-24,-0.1
1425,2020-02-25,-0.1
1426,2020-02-26,-0.1
1427,2020-02-27,-0.1
1428,2020-02-28,-0.1
1429,2020-02-29,-0.1
1430,2020-01-01,-1.0
1431,2020-01-02,-1.0
1432,2020-01-03,-1.0
1433,2020-01-04,-1.0
1434,2020-01-05,-1.0
1435,2020-01-06,-1.0
1436,2020-01-07,-1.0
1437,2020-01-08,-1.0
1438,2020-01-09,-1.0
1439,2020-01-10,-1.0
1440,2020-01-11,-1.0
1441,2020-01-12,-1.0
1442,2020-01-13,-1.0
1443,2020-01-14,-1.0
1444,2020-01-15,-1.0
1445,2020-01-16,-1.0
1446,2020-01-17,-1.0
1447,2020-01-18,-1.0
1448,2020-01-19,-1.0
1449,2020-01-20,-1.0
1450,2020-01-21,-1.0
1451,2020-01-22,-1.0
1452,2020-01-23,-1.0
1453,2020-01-24,-1.0
1454,2020-01-25,-1.0
1455,2020-01-26,-1.0
1456,2020-01-27,-1.0
1457,2020-01-28,-1.0
1458,2020-01-29,-1.0
1459,2020-01-30,-1.0
1460,2020-01-31,-1.0
1461,2019-12-01,-0.1
1462,2019-12-02,-0.1
1463,2019-12-03,-0.1
1464,2019-12-04,-0.1
1465,2019-12-05,-0.1
1466,2019-12-06,-0.1
1467,2019-12-07,-0.1
1468,2019-12-08,-0.1
1469,2019-12-09,-0.1
1470,2019-12-10,-0.1
1471,2019-12-11,-0.1
1472,2019-12-12,-0.1
1473,2019-12-13,-0.1
1474,2019-12-14,-0.1
1475,2019-12-15,-0.1
1476,2019-12-16,-0.1
1477,2019-12-17,-0.1
1478,2019-12-18,-0.1
1479,2019-12-19,-0.1
1480,2019-12-20,-0.1
1481,2019-12-21,-0.1
1482,2019-12-22,-0.1
1483,2019-12-23,-0.1
1484,2019-12-24,-0.1
1485,2019-12-25,-0.1
1486,2019-12-26,-0.1
1487,2019-12-27,-0.1
1488,2019-12-28,-0.1
1489,2019-12-29,-0.1
1490,2019-12-30,-0.1
1491,2019-12-31,-0.1
1492,2019-11-01,0.2
1493,2019-11-02,0.2
1494,2019-11-03,0.2
1495,2019-11-04,0.2
1496,2019-11-05,0.2
1497,2019-11-06,0.2
1498,2019-11-07,0.2
1499,2019-11-08,0.2
1500,2019-11-09,0.2
1501,2019-11-10,0.2
1502,2019-11-11,0.2
1503,2019-11-12,0.2
1504,2019-11-13,0.2
1505,2019-11-14,0.2
1506,2019-11-15,0.2
1507,2019-11-16,0.2
1508,2019-11-17,0.2
1509,2019-11-18,0.2
1510,2019-11-19,0.2
1511,2019-11-20,0.2
1512,2019-11-21,0.2
1513,2019-11-22,0.2
1514,2019-11-23,0.2
1515,2019-11-24,0.2
1516,2019-11-25,0.2
1517,2019-11-26,0.2
1518,2019-11-27,0.2
1519,2019-11-28,0.2
1520,2019-11-29,0.2
1521,2019-11-30,0.2
1522,2019-10-01,1.0
1523,2019-10-02,1.0
1524,2019-10-03,1.0
1525,2019-10-04,1.0
1526,2019-10-05,1.0
1527,2019-10-06,1.0
1528,2019-10-07,1.0
1529,2019-10-08,1.0
1530,2019-10-09,1.0
1531,2019-10-10,1.0
1532,2019-10-11,1.0
1533,2019-10-12,1.0
1534,2019-10-13,1.0
1535,2019-10-14,1.0
1536,2019-10-15,1.0
1537,2019-10-16,1.0
1538,2019-10-17,1.0
1539,2019-10-18,1.0
1540,2019-10-19,1.0
1541,2019-10-20,1.0
1542,2019-10-21,1.0
1543,2019-10-22,1.0
1544,2019-10-23,1.0
1545,2019-10-24,1.0
1546,2019-10-25,1.0
1547,2019-10-26,1.0
1548,2019-10-27,1.0
1549,2019-10-28,1.0
1550,2019-10-29,1.0
1551,2019-10-30,1.0
1552,2019-10-31,1.0
1553,2019-09-01,0.0
1554,2019-09-02,0.0
1555,2019-09-03,0.0
1556,2019-09-04,0.0
1557,2019-09-05,0.0
1558,2019-09-06,0.0
1559,2019-09-07,0.0
1560,2019-09-08,0.0
1561,2019-09-09,0.0
1562,2019-09-10,0.0
1563,2019-09-11,0.0
1564,2019-09-12,0.0
1565,2019-09-13,0.0
1566,2019-09-14,0.0
1567,2019-09-15,0.0
1568,2019-09-16,0.0
1569,2019-09-17,0.0
1570,2019-09-18,0.0
1571,2019-09-19,0.0
1572,2019-09-20,0.0
1573,2019-09-21,0.0
1574,2019-09-22,0.0
1575,2019-09-23,0.0
1576,2019-09-24,0.0
1577,2019-09-25,0.0
1578,2019-09-26,0.0
1579,2019-09-27,0.0
1580,2019-09-28,0.0
1581,2019-09-29,0.0
1582,2019-09-30,0.0
1583,2019-08-01,-0.1
1584,2019-08-02,-0.1
1585,2019-08-03,-0.1
1586,2019-08-04,-0.1
1587,2019-08-05,-0.1
1588,2019-08-06,-0.1
1589,2019-08-07,-0.1
1590,2019-08-08,-0.1
1591,2019-08-09,-0.1
1592,2019-08-10,-0.1
1593,2019-08-11,-0.1
1594,2019-08-12,-0.1
1595,2019-08-13,-0.1
1596,2019-08-14,-0.1
1597,2019-08-15,-0.1
1598,2019-08-16,-0.1
1599,2019-08-17,-0.1
1600,2019-08-18,-0.1
1601,2019-08-19,-0.1
1602,2019-08-20,-0.1
1603,2019-08-21,-0.1
1604,2019-08-22,-0.1
1605,2019-08-23,-0.1
1606,2019-08-24,-0.1
1607,2019-08-25,-0.1
1608,2019-08-26,-0.1
1609,2019-08-27,-0.1
1610,2019-08-28,-0.1
1611,2019-08-29,-0.1
1612,2019-08-30,-0.1
1613,2019-08-31,-0.1
1614,2019-07-01,-0.6
1615,2019-07-02,-0.6
1616,2019-07-03,-0.6
1617,2019-07-04,-0.6
1618,2019-07-05,-0.6
1619,2019-07-06,-0.6
1620,2019-07-07,-0.6
1621,2019-07-08,-0.6
1622,2019-07-09,-0.6
1623,2019-07-10,-0.6
1624,2019-07-11,-0.6
1625,2019-07-12,-0.6
1626,2019-07-13,-0.6
1627,2019-07-14,-0.6
1628,2019-07-15,-0.6
1629,2019-07-16,-0.6
1630,2019-07-17,-0.6
1631,2019-07-18,-0.6
1632,2019-07-19,-0.6
1633,2019-07-20,-0.6
1634,2019-07-21,-0.6
1635,2019-07-22,-0.6
1636,2019-07-23,-0.6
1637,2019-07-24,-0.6
1638,2019-07-25,-0.6
1639,2019-07-26,-0.6
1640,2019-07-27,-0.6
1641,2019-07-28,-0.6
1642,2019-07-29,-0.6
1643,2019-07-30,-0.6
1644,2019-07-31,-0.6
1645,2019-06-01,-0.1
1646,2019-06-02,-0.1
1647,2019-06-03,-0.1
1648,2019-06-04,-0.1
1649,2019-06-05,-0.1
1650,2019-06-06,-0.1
1651,2019-06-07,-0.1
1652,2019-06-08,-0.1
1653,2019-06-09,-0.1
1654,2019-06-10,-0.1
1655,2019-06-11,-0.1
1656,2019-06-12,-0.1
1657,2019-06-13,-0.1
1658,2019-06-14,-0.1
1659,2019-06-15,-0.1
1660,2019-06-16,-0.1
1661,2019-06-17,-0.1
1662,2019-06-18,-0.1
1663,2019-06-19,-0.1
1664,2019-06-20,-0.1
1665,2019-06-21,-0.1
1666,2019-06-22,-0.1
1667,2019-06-23,-0.1
1668,2019-06-24,-0.1
1669,2019-06-25,-0.1
1670,2019-06-26,-0.1
1671,2019-06-27,-0.1
1672,2019-06-28,-0.1
1673,2019-06-29,-0.1
1674,2019-06-30,-0.1
1675,2019-05-01,0.2
1676,2019-05-02,0.2
1677,2019-05-03,0.2
1678,2019-05-04,0.2
1679,2019-05-05,0.2
1680,2019-05-06,0.2
1681,2019-05-07,0.2
1682,2019-05-08,0.2
1683,2019-05-09,0.2
1684,2019-05-10,0.2
1685,2019-05-11,0.2
1686,2019-05-12,0.2
1687,2019-05-13,0.2
1688,2019-05-14,0.2
1689,2019-05-15,0.2
1690,2019-05-16,0.2
1691,2019-05-17,0.2
1692,2019-05-18,0.2
1693,2019-05-19,0.2
1694,2019-05-20,0.2
1695,2019-05-21,0.2
1696,2019-05-22,0.2
1697,2019-05-23,0.2
1698,2019-05-24,0.2
1699,2019-05-25,0.2
1700,2019-05-26,0.2
1701,2019-05-27,0.2
1702,2019-05-28,0.2
1703,2019-05-29,0.2
1704,2019-05-30,0.2
1705,2019-05-31,0.2
1706,2019-04-01,1.0
1707,2019-04-02,1.0
1708,2019-04-03,1.0
1709,2019-04-04,1.0
1710,2019-04-05,1.0
1711,2019-04-06,1.0
1712,2019-04-07,1.0
1713,2019-04-08,1.0
1714,2019-04-09,1.0
1715,2019-04-10,1.0
1716,2019-04-11,1.0
1717,2019-04-12,1.0
1718,2019-04-13,1.0
1719,2019-04-14,1.0
1720,2019-04-15,1.0
1721,2019-04-16,1.0
1722,2019-04-17,1.0
1723,2019-04-18,1.0
1724,2019-04-19,1.0
1725,2019-04-20,1.0
1726,2019-04-21,1.0
1727,2019-04-22,1.0
1728,2019-04-23,1.0
1729,2019-04-24,1.0
1730,2019-04-25,1.0
1731,2019-04-26,1.0
1732,2019-04-27,1.0
1733,2019-04-28,1.0
1734,2019-04-29,1.0
1735,2019-04-30,1.0
1736,2019-03-01,0.4
1737,2019-03-02,0.4
1738,2019-03-03,0.4
1739,2019-03-04,0.4
1740,2019-03-05,0.4
1741,2019-03-06,0.4
1742,2019-03-07,0.4
1743,2019-03-08,0.4
1744,2019-03-09,0.4
1745,2019-03-10,0.4
1746,2019-03-11,0.4
1747,2019-03-12,0.4
1748,2019-03-13,0.4
1749,2019-03-14,0.4
1750,2019-03-15,0.4
1751,2019-03-16,0.4
1752,2019-03-17,0.4
1753,2019-03-18,0.4
1754,2019-03-19,0.4
1755,2019-03-20,0.4
1756,2019-03-21,0.4
1757,2019-03-22,0.4
1758,2019-03-23,0.4
1759,2019-03-24,0.4
1760,2019-03-25,0.4
1761,2019-03-26,0.4
1762,2019-03-27,0.4
1763,2019-03-28,0.4
1764,2019-03-29,0.4
1765,2019-03-30,0.4
1766,2019-03-31,0.4
1767,2019-02-01,0.2
1768,2019-02-02,0.2
1769,2019-02-03,0.2
1770,2019-02-04,0.2
1771,2019-02-05,0.2
1772,2019-02-06,0.2
1773,2019-02-07,0.2
1774,2019-02-08,0.2
1775,2019-02-09,0.2
1776,2019-02-10,0.2
1777,2019-02-11,0.2
1778,2019-02-12,0.2
1779,2019-02-13,0.2
1780,2019-02-14,0.2
1781,2019-02-15,0.2
1782,2019-02-16,0.2
1783,2019-02-17,0.2
1784,2019-02-18,0.2
1785,2019-02-19,0.2
1786,2019-02-20,0.2
1787,2019-02-21,0.2
1788,2019-02-22,0.2
1789,2019-02-23,0.2
1790,2019-02-24,0.2
1791,2019-02-25,0.2
1792,2019-02-26,0.2
1793,2019-02-27,0.2
1794,2019-02-28,0.2
1795,2019-01-01,-1.3
1796,2019-01-02,-1.3
1797,2019-01-03,-1.3
1798,2019-01-04,-1.3
1799,2019-01-05,-1.3
1800,2019-01-06,-1.3
1801,2019-01-07,-1.3
1802,2019-01-08,-1.3
1803,2019-01-09,-1.3
1804,2019-01-10,-1.3
1805,2019-01-11,-1.3
1806,2019-01-12,-1.3
1807,2019-01-13,-1.3
1808,2019-01-14,-1.3
1809,2019-01-15,-1.3
1810,2019-01-16,-1.3
1811,2019-01-17,-1.3
1812,2019-01-18,-1.3
1813,2019-01-19,-1.3
1814,2019-01-20,-1.3
1815,2019-01-21,-1.3
1816,2019-01-22,-1.3
1817,2019-01-23,-1.3
1818,2019-01-24,-1.3
1819,2019-01-25,-1.3
1820,2019-01-26,-1.3
1821,2019-01-27,-1.3
1822,2019-01-28,-1.3
1823,2019-01-29,-1.3
1824,2019-01-30,-1.3
1825,2019-01-31,-1.3
1826,2018-12-01,-0.4
1827,2018-12-02,-0.4
1828,2018-12-03,-0.4
1829,2018-12-04,-0.4
1830,2018-12-05,-0.4
1831,2018-12-06,-0.4
1832,2018-12-07,-0.4
1833,2018-12-08,-0.4
1834,2018-12-09,-0.4
1835,2018-12-10,-0.4
1836,2018-12-11,-0.4
1837,2018-12-12,-0.4
1838,2018-12-13,-0.4
1839,2018-12-14,-0.4
1840,2018-12-15,-0.4
1841,2018-12-16,-0.4
1842,2018-12-17,-0.4
1843,2018-12-18,-0.4
1844,2018-12-19,-0.4
1845,2018-12-20,-0.4
1846,2018-12-21,-0.4
1847,2018-12-22,-0.4
1848,2018-12-23,-0.4
1849,2018-12-24,-0.4
1850,2018-12-25,-0.4
1851,2018-12-26,-0.4
1852,2018-12-27,-0.4
1853,2018-12-28,-0.4
1854,2018-12-29,-0.4
1855,2018-12-30,-0.4
1856,2018-12-31,-0.4
1857,2018-11-01,-0.1
1858,2018-11-02,-0.1
1859,2018-11-03,-0.1
1860,2018-11-04,-0.1
1861,2018-11-05,-0.1
1862,2018-11-06,-0.1
1863,2018-11-07,-0.1
1864,2018-11-08,-0.1
1865,2018-11-09,-0.1
1866,2018-11-10,-0.1
1867,2018-11-11,-0.1
1868,2018-11-12,-0.1
1869,2018-11-13,-0.1
1870,2018-11-14,-0.1
1871,2018-11-15,-0.1
1872,2018-11-16,-0.1
1873,2018-11-17,-0.1
1874,2018-11-18,-0.1
1875,2018-11-19,-0.1
1876,2018-11-20,-0.1
1877,2018-11-21,-0.1
1878,2018-11-22,-0.1
1879,2018-11-23,-0.1
1880,2018-11-24,-0.1
1881,2018-11-25,-0.1
1882,2018-11-26,-0.1
1883,2018-11-27,-0.1
1884,2018-11-28,-0.1
1885,2018-11-29,-0.1
1886,2018-11-30,-0.1
1887,2018-10-01,0.9
1888,2018-10-02,0.9
1889,2018-10-03,0.9
1890,2018-10-04,0.9
1891,2018-10-05,0.9
1892,2018-10-06,0.9
1893,2018-10-07,0.9
1894,2018-10-08,0.9
1895,2018-10-09,0.9
1896,2018-10-10,0.9
1897,2018-10-11,0.9
1898,2018-10-12,0.9
1899,2018-10-13,0.9
1900,2018-10-14,0.9
1901,2018-10-15,0.9
1902,2018-10-16,0.9
1903,2018-10-17,0.9
1904,2018-10-18,0.9
1905,2018-10-19,0.9
1906,2018-10-20,0.9
1907,2018-10-21,0.9
1908,2018-10-22,0.9
1909,2018-10-23,0.9
1910,2018-10-24,0.9
1911,2018-10-25,0.9
1912,2018-10-26,0.9
1913,2018-10-27,0.9
1914,2018-10-28,0.9
1915,2018-10-29,0.9
1916,2018-10-30,0.9
1917,2018-10-31,0.9
1918,2018-09-01,0.2
1919,2018-09-02,0.2
1920,2018-09-03,0.2
1921,2018-09-04,0.2
1922,2018-09-05,0.2
1923,2018-09-06,0.2
1924,2018-09-07,0.2
1925,2018-09-08,0.2
1926,2018-09-09,0.2
1927,2018-09-10,0.2
1928,2018-09-11,0.2
1929,2018-09-12,0.2
1930,2018-09-13,0.2
1931,2018-09-14,0.2
1932,2018-09-15,0.2
1933,2018-09-16,0.2
1934,2018-09-17,0.2
1935,2018-09-18,0.2
1936,2018-09-19,0.2
1937,2018-09-20,0.2
1938,2018-09-21,0.2
1939,2018-09-22,0.2
1940,2018-09-23,0.2
1941,2018-09-24,0.2
1942,2018-09-25,0.2
1943,2018-09-26,0.2
1944,2018-09-27,0.2
1945,2018-09-28,0.2
1946,2018-09-29,0.2
1947,2018-09-30,0.2
1948,2018-08-01,0.1
1949,2018-08-02,0.1
1950,2018-08-03,0.1
1951,2018-08-04,0.1
1952,2018-08-05,0.1
1953,2018-08-06,0.1
1954,2018-08-07,0.1
1955,2018-08-08,0.1
1956,2018-08-09,0.1
1957,2018-08-10,0.1
1958,2018-08-11,0.1
1959,2018-08-12,0.1
1960,2018-08-13,0.1
1961,2018-08-14,0.1
1962,2018-08-15,0.1
1963,2018-08-16,0.1
1964,2018-08-17,0.1
1965,2018-08-18,0.1
1966,2018-08-19,0.1
1967,2018-08-20,0.1
1968,2018-08-21,0.1
1969,2018-08-22,0.1
1970,2018-08-23,0.1
1971,2018-08-24,0.1
1972,2018-08-25,0.1
1973,2018-08-26,0.1
1974,2018-08-27,0.1
1975,2018-08-28,0.1
1976,2018-08-29,0.1
1977,2018-08-30,0.1
1978,2018-08-31,0.1
1979,2018-07-01,-0.7
1980,2018-07-02,-0.7
1981,2018-07-03,-0.7
1982,2018-07-04,-0.7
1983,2018-07-05,-0.7
1984,2018-07-06,-0.7
1985,2018-07-07,-0.7
1986,2018-07-08,-0.7
1987,2018-07-09,-0.7
1988,2018-07-10,-0.7
1989,2018-07-11,-0.7
1990,2018-07-12,-0.7
1991,2018-07-13,-0.7
1992,2018-07-14,-0.7
1993,2018-07-15,-0.7
1994,2018-07-16,-0.7
1995,2018-07-17,-0.7
1996,2018-07-18,-0.7
1997,2018-07-19,-0.7
1998,2018-07-20,-0.7
1999,2018-07-21,-0.7
2000,2018-07-22,-0.7
2001,2018-07-23,-0.7
2002,2018-07-24,-0.7
2003,2018-07-25,-0.7
2004,2018-07-26,-0.7
2005,2018-07-27,-0.7
2006,2018-07-28,-0.7
2007,2018-07-29,-0.7
2008,2018-07-30,-0.7
2009,2018-07-31,-0.7
2010,2018-06-01,0.3
2011,2018-06-02,0.3
2012,2018-06-03,0.3
2013,2018-06-04,0.3
2014,2018-06-05,0.3
2015,2018-06-06,0.3
2016,2018-06-07,0.3
2017,2018-06-08,0.3
2018,2018-06-09,0.3
2019,2018-06-10,0.3
2020,2018-06-11,0.3
2021,2018-06-12,0.3
2022,2018-06-13,0.3
2023,2018-06-14,0.3
2024,2018-06-15,0.3
2025,2018-06-16,0.3
2026,2018-06-17,0.3
2027,2018-06-18,0.3
2028,2018-06-19,0.3
2029,2018-06-20,0.3
2030,2018-06-21,0.3
2031,2018-06-22,0.3
2032,2018-06-23,0.3
2033,2018-06-24,0.3
2034,2018-06-25,0.3
2035,2018-06-26,0.3
2036,2018-06-27,0.3
2037,2018-06-28,0.3
2038,2018-06-29,0.3
2039,2018-06-30,0.3
2040,2018-05-01,0.9
2041,2018-05-02,0.9
2042,2018-05-03,0.9
2043,2018-05-04,0.9
2044,2018-05-05,0.9
2045,2018-05-06,0.9
2046,2018-05-07,0.9
2047,2018-05-08,0.9
2048,2018-05-09,0.9
2049,2018-05-10,0.9
2050,2018-05-11,0.9
2051,2018-05-12,0.9
2052,2018-05-13,0.9
2053,2018-05-14,0.9
2054,2018-05-15,0.9
2055,2018-05-16,0.9
2056,2018-05-17,0.9
2057,2018-05-18,0.9
2058,2018-05-19,0.9
2059,2018-05-20,0.9
2060,2018-05-21,0.9
2061,2018-05-22,0.9
2062,2018-05-23,0.9
2063,2018-05-24,0.9
2064,2018-05-25,0.9
2065,2018-05-26,0.9
2066,2018-05-27,0.9
2067,2018-05-28,0.9
2068,2018-05-29,0.9
2069,2018-05-30,0.9
2070,2018-05-31,0.9
2071,2018-04-01,0.8
2072,2018-04-02,0.8
2073,2018-04-03,0.8
2074,2018-04-04,0.8
2075,2018-04-05,0.8
2076,2018-04-06,0.8
2077,2018-04-07,0.8
2078,2018-04-08,0.8
2079,2018-04-09,0.8
2080,2018-04-10,0.8
2081,2018-04-11,0.8
2082,2018-04-12,0.8
2083,2018-04-13,0.8
2084,2018-04-14,0.8
2085,2018-04-15,0.8
2086,2018-04-16,0.8
2087,2018-04-17,0.8
2088,2018-04-18,0.8
2089,2018-04-19,0.8
2090,2018-04-20,0.8
2091,2018-04-21,0.8
2092,2018-04-22,0.8
2093,2018-04-23,0.8
2094,2018-04-24,0.8
2095,2018-04-25,0.8
2096,2018-04-26,0.8
2097,2018-04-27,0.8
2098,2018-04-28,0.8
2099,2018-04-29,0.8
2100,2018-04-30,0.8
2101,2018-03-01,0.1
2102,2018-03-02,0.1
2103,2018-03-03,0.1
2104,2018-03-04,0.1
2105,2018-03-05,0.1
2106,2018-03-06,0.1
2107,2018-03-07,0.1
2108,2018-03-08,0.1
2109,2018-03-09,0.1
2110,2018-03-10,0.1
2111,2018-03-11,0.1
2112,2018-03-12,0.1
2113,2018-03-13,0.1
2114,2018-03-14,0.1
2115,2018-03-15,0.1
2116,2018-03-16,0.1
2117,2018-03-17,0.1
2118,2018-03-18,0.1
2119,2018-03-19,0.1
2120,2018-03-20,0.1
2121,2018-03-21,0.1
2122,2018-03-22,0.1
2123,2018-03-23,0.1
2124,2018-03-24,0.1
2125,2018-03-25,0.1
2126,2018-03-26,0.1
2127,2018-03-27,0.1
2128,2018-03-28,0.1
2129,2018-03-29,0.1
2130,2018-03-30,0.1
2131,2018-03-31,0.1
2132,2018-02-01,0.1
2133,2018-02-02,0.1
2134,2018-02-03,0.1
2135,2018-02-04,0.1
2136,2018-02-05,0.1
2137,2018-02-06,0.1
2138,2018-02-07,0.1
2139,2018-02-08,0.1
2140,2018-02-09,0.1
2141,2018-02-10,0.1
2142,2018-02-11,0.1
2143,2018-02-12,0.1
2144,2018-02-13,0.1
2145,2018-02-14,0.1
2146,2018-02-15,0.1
2147,2018-02-16,0.1
2148,2018-02-17,0.1
2149,2018-02-18,0.1
2150,2018-02-19,0.1
2151,2018-02-20,0.1
2152,2018-02-21,0.1
2153,2018-02-22,0.1
2154,2018-02-23,0.1
2155,2018-02-24,0.1
2156,2018-02-25,0.1
2157,2018-02-26,0.1
2158,2018-02-27,0.1
2159,2018-02-28,0.1
2160,2018-01-01,-1.1
2161,2018-01-02,-1.1
2162,2018-01-03,-1.1
2163,2018-01-04,-1.1
2164,2018-01-05,-1.1
2165,2018-01-06,-1.1
2166,2018-01-07,-1.1
2167,2018-01-08,-1.1
2168,2018-01-09,-1.1
2169,2018-01-10,-1.1
2170,2018-01-11,-1.1
2171,2018-01-12,-1.1
2172,2018-01-13,-1.1
2173,2018-01-14,-1.1
2174,2018-01-15,-1.1
2175,2018-01-16,-1.1
2176,2018-01-17,-1.1
2177,2018-01-18,-1.1
2178,2018-01-19,-1.1
2179,2018-01-20,-1.1
2180,2018-01-21,-1.1
2181,2018-01-22,-1.1
2182,2018-01-23,-1.1
2183,2018-01-24,-1.1
2184,2018-01-25,-1.1
2185,2018-01-26,-1.1
2186,2018-01-27,-1.1
2187,2018-01-28,-1.1
2188,2018-01-29,-1.1
2189,2018-01-30,-1.1
2190,2018-01-31,-1.1
2191,2017-12-01,0.0
2192,2017-12-02,0.0
2193,2017-12-03,0.0
2194,2017-12-04,0.0
2195,2017-12-05,0.0
2196,2017-12-06,0.0
2197,2017-12-07,0.0
2198,2017-12-08,0.0
2199,2017-12-09,0.0
2200,2017-12-10,0.0
2201,2017-12-11,0.0
2202,2017-12-12,0.0
2203,2017-12-13,0.0
2204,2017-12-14,0.0
2205,2017-12-15,0.0
2206,2017-12-16,0.0
2207,2017-12-17,0.0
2208,2017-12-18,0.0
2209,2017-12-19,0.0
2210,2017-12-20,0.0
2211,2017-12-21,0.0
2212,2017-12-22,0.0
2213,2017-12-23,0.0
2214,2017-12-24,0.0
2215,2017-12-25,0.0
2216,2017-12-26,0.0
2217,2017-12-27,0.0
2218,2017-12-28,0.0
2219,2017-12-29,0.0
2220,2017-12-30,0.0
2221,2017-12-31,0.0
2222,2017-11-01,0.5
2223,2017-11-02,0.5
2224,2017-11-03,0.5
2225,2017-11-04,0.5
2226,2017-11-05,0.5
2227,2017-11-06,0.5
2228,2017-11-07,0.5
2229,2017-11-08,0.5
2230,2017-11-09,0.5
2231,2017-11-10,0.5
2232,2017-11-11,0.5
2233,2017-11-12,0.5
2234,2017-11-13,0.5
2235,2017-11-14,0.5
2236,2017-11-15,0.5
2237,2017-11-16,0.5
2238,2017-11-17,0.5
2239,2017-11-18,0.5
2240,2017-11-19,0.5
2241,2017-11-20,0.5
2242,2017-11-21,0.5
2243,2017-11-22,0.5
2244,2017-11-23,0.5
2245,2017-11-24,0.5
2246,2017-11-25,0.5
2247,2017-11-26,0.5
2248,2017-11-27,0.5
2249,2017-11-28,0.5
2250,2017-11-29,0.5
2251,2017-11-30,0.5
2252,2017-10-01,0.9
2253,2017-10-02,0.9
2254,2017-10-03,0.9
2255,2017-10-04,0.9
2256,2017-10-05,0.9
2257,2017-10-06,0.9
2258,2017-10-07,0.9
2259,2017-10-08,0.9
2260,2017-10-09,0.9
2261,2017-10-10,0.9
2262,2017-10-11,0.9
2263,2017-10-12,0.9
2264,2017-10-13,0.9
2265,2017-10-14,0.9
2266,2017-10-15,0.9
2267,2017-10-16,0.9
2268,2017-10-17,0.9
2269,2017-10-18,0.9
2270,2017-10-19,0.9
2271,2017-10-20,0.9
2272,2017-10-21,0.9
2273,2017-10-22,0.9
2274,2017-10-23,0.9
2275,2017-10-24,0.9
2276,2017-10-25,0.9
2277,2017-10-26,0.9
2278,2017-10-27,0.9
2279,2017-10-28,0.9
2280,2017-10-29,0.9
2281,2017-10-30,0.9
2282,2017-10-31,0.9
2283,2017-09-01,0.2
2284,2017-09-02,0.2
2285,2017-09-03,0.2
2286,2017-09-04,0.2
2287,2017-09-05,0.2
2288,2017-09-06,0.2
2289,2017-09-07,0.2
2290,2017-09-08,0.2
2291,2017-09-09,0.2
2292,2017-09-10,0.2
2293,2017-09-11,0.2
2294,2017-09-12,0.2
2295,2017-09-13,0.2
2296,2017-09-14,0.2
2297,2017-09-15,0.2
2298,2017-09-16,0.2
2299,2017-09-17,0.2
2300,2017-09-18,0.2
2301,2017-09-19,0.2
2302,2017-09-20,0.2
2303,2017-09-21,0.2
2304,2017-09-22,0.2
2305,2017-09-23,0.2
2306,2017-09-24,0.2
2307,2017-09-25,0.2
2308,2017-09-26,0.2
2309,2017-09-27,0.2
2310,2017-09-28,0.2
2311,2017-09-29,0.2
2312,2017-09-30,0.2
2313,2017-08-01,0.2
2314,2017-08-02,0.2
2315,2017-08-03,0.2
2316,2017-08-04,0.2
2317,2017-08-05,0.2
2318,2017-08-06,0.2
2319,2017-08-07,0.2
2320,2017-08-08,0.2
2321,2017-08-09,0.2
2322,2017-08-10,0.2
2323,2017-08-11,0.2
2324,2017-08-12,0.2
2325,2017-08-13,0.2
2326,2017-08-14,0.2
2327,2017-08-15,0.2
2328,2017-08-16,0.2
2329,2017-08-17,0.2
2330,2017-08-18,0.2
2331,2017-08-19,0.2
2332,2017-08-20,0.2
2333,2017-08-21,0.2
2334,2017-08-22,0.2
2335,2017-08-23,0.2
2336,2017-08-24,0.2
2337,2017-08-25,0.2
2338,2017-08-26,0.2
2339,2017-08-27,0.2
2340,2017-08-28,0.2
2341,2017-08-29,0.2
2342,2017-08-30,0.2
2343,2017-08-31,0.2
2344,2017-07-01,-0.7
2345,2017-07-02,-0.7
2346,2017-07-03,-0.7
2347,2017-07-04,-0.7
2348,2017-07-05,-0.7
2349,2017-07-06,-0.7
2350,2017-07-07,-0.7
2351,2017-07-08,-0.7
2352,2017-07-09,-0.7
2353,2017-07-10,-0.7
2354,2017-07-11,-0.7
2355,2017-07-12,-0.7
2356,2017-07-13,-0.7
2357,2017-07-14,-0.7
2358,2017-07-15,-0.7
2359,2017-07-16,-0.7
2360,2017-07-17,-0.7
2361,2017-07-18,-0.7
2362,2017-07-19,-0.7
2363,2017-07-20,-0.7
2364,2017-07-21,-0.7
2365,2017-07-22,-0.7
2366,2017-07-23,-0.7
2367,2017-07-24,-0.7
2368,2017-07-25,-0.7
2369,2017-07-26,-0.7
2370,2017-07-27,-0.7
2371,2017-07-28,-0.7
2372,2017-07-29,-0.7
2373,2017-07-30,-0.7
2374,2017-07-31,-0.7
2375,2017-06-01,0.0
2376,2017-06-02,0.0
2377,2017-06-03,0.0
2378,2017-06-04,0.0
2379,2017-06-05,0.0
2380,2017-06-06,0.0
2381,2017-06-07,0.0
2382,2017-06-08,0.0
2383,2017-06-09,0.0
2384,2017-06-10,0.0
2385,2017-06-11,0.0
2386,2017-06-12,0.0
2387,2017-06-13,0.0
2388,2017-06-14,0.0
2389,2017-06-15,0.0
2390,2017-06-16,0.0
2391,2017-06-17,0.0
2392,2017-06-18,0.0
2393,2017-06-19,0.0
2394,2017-06-20,0.0
2395,2017-06-21,0.0
2396,2017-06-22,0.0
2397,2017-06-23,0.0
2398,2017-06-24,0.0
2399,2017-06-25,0.0
2400,2017-06-26,0.0
2401,2017-06-27,0.0
2402,2017-06-28,0.0
2403,2017-06-29,0.0
2404,2017-06-30,0.0
2405,2017-05-01,-0.1
2406,2017-05-02,-0.1
2407,2017-05-03,-0.1
2408,2017-05-04,-0.1
2409,2017-05-05,-0.1
2410,2017-05-06,-0.1
2411,2017-05-07,-0.1
2412,2017-05-08,-0.1
2413,2017-05-09,-0.1
2414,2017-05-10,-0.1
2415,2017-05-11,-0.1
2416,2017-05-12,-0.1
2417,2017-05-13,-0.1
2418,2017-05-14,-0.1
2419,2017-05-15,-0.1
2420,2017-05-16,-0.1
2421,2017-05-17,-0.1
2422,2017-05-18,-0.1
2423,2017-05-19,-0.1
2424,2017-05-20,-0.1
2425,2017-05-21,-0.1
2426,2017-05-22,-0.1
2427,2017-05-23,-0.1
2428,2017-05-24,-0.1
2429,2017-05-25,-0.1
2430,2017-05-26,-0.1
2431,2017-05-27,-0.1
2432,2017-05-28,-0.1
2433,2017-05-29,-0.1
2434,2017-05-30,-0.1
2435,2017-05-31,-0.1
2436,2017-04-01,1.0
2437,2017-04-02,1.0
2438,2017-04-03,1.0
2439,2017-04-04,1.0
2440,2017-04-05,1.0
2441,2017-04-06,1.0
2442,2017-04-07,1.0
2443,2017-04-08,1.0
2444,2017-04-09,1.0
2445,2017-04-10,1.0
2446,2017-04-11,1.0
2447,2017-04-12,1.0
2448,2017-04-13,1.0
2449,2017-04-14,1.0
2450,2017-04-15,1.0
2451,2017-04-16,1.0
2452,2017-04-17,1.0
2453,2017-04-18,1.0
2454,2017-04-19,1.0
2455,2017-04-20,1.0
2456,2017-04-21,1.0
2457,2017-04-22,1.0
2458,2017-04-23,1.0
2459,2017-04-24,1.0
2460,2017-04-25,1.0
2461,2017-04-26,1.0
2462,2017-04-27,1.0
2463,2017-04-28,1.0
2464,2017-04-29,1.0
2465,2017-04-30,1.0
2466,2017-03-01,0.0
2467,2017-03-02,0.0
2468,2017-03-03,0.0
2469,2017-03-04,0.0
2470,2017-03-05,0.0
2471,2017-03-06,0.0
2472,2017-03-07,0.0
2473,2017-03-08,0.0
2474,2017-03-09,0.0
2475,2017-03-10,0.0
2476,2017-03-11,0.0
2477,2017-03-12,0.0
2478,2017-03-13,0.0
2479,2017-03-14,0.0
2480,2017-03-15,0.0
2481,2017-03-16,0.0
2482,2017-03-17,0.0
2483,2017-03-18,0.0
2484,2017-03-19,0.0
2485,2017-03-20,0.0
2486,2017-03-21,0.0
2487,2017-03-22,0.0
2488,2017-03-23,0.0
2489,2017-03-24,0.0
2490,2017-03-25,0.0
2491,2017-03-26,0.0
2492,2017-03-27,0.0
2493,2017-03-28,0.0
2494,2017-03-29,0.0
2495,2017-03-30,0.0
2496,2017-03-31,0.0
2497,2017-02-01,-0.4
2498,2017-02-02,-0.4
2499,2017-02-03,-0.4
2500,2017-02-04,-0.4
2501,2017-02-05,-0.4
2502,2017-02-06,-0.4
2503,2017-02-07,-0.4
2504,2017-02-08,-0.4
2505,2017-02-09,-0.4
2506,2017-02-10,-0.4
2507,2017-02-11,-0.4
2508,2017-02-12,-0.4
2509,2017-02-13,-0.4
2510,2017-02-14,-0.4
2511,2017-02-15,-0.4
2512,2017-02-16,-0.4
2513,2017-02-17,-0.4
2514,2017-02-18,-0.4
2515,2017-02-19,-0.4
2516,2017-02-20,-0.4
2517,2017-02-21,-0.4
2518,2017-02-22,-0.4
2519,2017-02-23,-0.4
2520,2017-02-24,-0.4
2521,2017-02-25,-0.4
2522,2017-02-26,-0.4
2523,2017-02-27,-0.4
2524,2017-02-28,-0.4
2525,2017-01-01,-0.5
2526,2017-01-02,-0.5
2527,2017-01-03,-0.5
2528,2017-01-04,-0.5
2529,2017-01-05,-0.5
2530,2017-01-06,-0.5
2531,2017-01-07,-0.5
2532,2017-01-08,-0.5
2533,2017-01-09,-0.5
2534,2017-01-10,-0.5
2535,2017-01-11,-0.5
2536,2017-01-12,-0.5
2537,2017-01-13,-0.5
2538,2017-01-14,-0.5
2539,2017-01-15,-0.5
2540,2017-01-16,-0.5
2541,2017-01-17,-0.5
2542,2017-01-18,-0.5
2543,2017-01-19,-0.5
2544,2017-01-20,-0.5
2545,2017-01-21,-0.5
2546,2017-01-22,-0.5
2547,2017-01-23,-0.5
2548,2017-01-24,-0.5
2549,2017-01-25,-0.5
2550,2017-01-26,-0.5
2551,2017-01-27,-0.5
2552,2017-01-28,-0.5
2553,2017-01-29,-0.5
2554,2017-01-30,-0.5
2555,2017-01-31,-0.5
2556,2016-12-01,0.6
2557,2016-12-02,0.6
2558,2016-12-03,0.6
2559,2016-12-04,0.6
2560,2016-12-05,0.6
2561,2016-12-06,0.6
2562,2016-12-07,0.6
2563,2016-12-08,0.6
2564,2016-12-09,0.6
2565,2016-12-10,0.6
2566,2016-12-11,0.6
2567,2016-12-12,0.6
2568,2016-12-13,0.6
2569,2016-12-14,0.6
2570,2016-12-15,0.6
2571,2016-12-16,0.6
2572,2016-12-17,0.6
2573,2016-12-18,0.6
2574,2016-12-19,0.6
2575,2016-12-20,0.6
2576,2016-12-21,0.6
2577,2016-12-22,0.6
2578,2016-12-23,0.6
2579,2016-12-24,0.6
2580,2016-12-25,0.6
2581,2016-12-26,0.6
2582,2016-12-27,0.6
2583,2016-12-28,0.6
2584,2016-12-29,0.6
2585,2016-12-30,0.6
2586,2016-12-31,0.6
2587,2016-11-01,0.4
2588,2016-11-02,0.4
2589,2016-11-03,0.4
2590,2016-11-04,0.4
2591,2016-11-05,0.4
2592,2016-11-06,0.4
2593,2016-11-07,0.4
2594,2016-11-08,0.4
2595,2016-11-09,0.4
2596,2016-11-10,0.4
2597,2016-11-11,0.4
2598,2016-11-12,0.4
2599,2016-11-13,0.4
2600,2016-11-14,0.4
2601,2016-11-15,0.4
2602,2016-11-16,0.4
2603,2016-11-17,0.4
2604,2016-11-18,0.4
2605,2016-11-19,0.4
2606,2016-11-20,0.4
2607,2016-11-21,0.4
2608,2016-11-22,0.4
2609,2016-11-23,0.4
2610,2016-11-24,0.4
2611,2016-11-25,0.4
2612,2016-11-26,0.4
2613,2016-11-27,0.4
2614,2016-11-28,0.4
2615,2016-11-29,0.4
2616,2016-11-30,0.4
2617,2016-10-01,1.1
2618,2016-10-02,1.1
2619,2016-10-03,1.1
2620,2016-10-04,1.1
2621,2016-10-05,1.1
2622,2016-10-06,1.1
2623,2016-10-07,1.1
2624,2016-10-08,1.1
2625,2016-10-09,1.1
2626,2016-10-10,1.1
2627,2016-10-11,1.1
2628,2016-10-12,1.1
2629,2016-10-13,1.1
2630,2016-10-14,1.1
2631,2016-10-15,1.1
2632,2016-10-16,1.1
2633,2016-10-17,1.1
2634,2016-10-18,1.1
2635,2016-10-19,1.1
2636,2016-10-20,1.1
2637,2016-10-21,1.1
2638,2016-10-22,1.1
2639,2016-10-23,1.1
2640,2016-10-24,1.1
2641,2016-10-25,1.1
2642,2016-10-26,1.1
2643,2016-10-27,1.1
2644,2016-10-28,1.1
2645,2016-10-29,1.1
2646,2016-10-30,1.1
2647,2016-10-31,1.1
2648,2016-09-01,0.0
2649,2016-09-02,0.0
2650,2016-09-03,0.0
2651,2016-09-04,0.0
2652,2016-09-05,0.0
2653,2016-09-06,0.0
2654,2016-09-07,0.0
2655,2016-09-08,0.0
2656,2016-09-09,0.0
2657,2016-09-10,0.0
2658,2016-09-11,0.0
2659,2016-09-12,0.0
2660,2016-09-13,0.0
2661,2016-09-14,0.0
2662,2016-09-15,0.0
2663,2016-09-16,0.0
2664,2016-09-17,0.0
2665,2016-09-18,0.0
2666,2016-09-19,0.0
2667,2016-09-20,0.0
2668,2016-09-21,0.0
2669,2016-09-22,0.0
2670,2016-09-23,0.0
2671,2016-09-24,0.0
2672,2016-09-25,0.0
2673,2016-09-26,0.0
2674,2016-09-27,0.0
2675,2016-09-28,0.0
2676,2016-09-29,0.0
2677,2016-09-30,0.0
2678,2016-08-01,0.1
2679,2016-08-02,0.1
2680,2016-08-03,0.1
2681,2016-08-04,0.1
2682,2016-08-05,0.1
2683,2016-08-06,0.1
2684,2016-08-07,0.1
2685,2016-08-08,0.1
2686,2016-08-09,0.1
2687,2016-08-10,0.1
2688,2016-08-11,0.1
2689,2016-08-12,0.1
2690,2016-08-13,0.1
2691,2016-08-14,0.1
2692,2016-08-15,0.1
2693,2016-08-16,0.1
2694,2016-08-17,0.1
2695,2016-08-18,0.1
2696,2016-08-19,0.1
2697,2016-08-20,0.1
2698,2016-08-21,0.1
2699,2016-08-22,0.1
2700,2016-08-23,0.1
2701,2016-08-24,0.1
2702,2016-08-25,0.1
2703,2016-08-26,0.1
2704,2016-08-27,0.1
2705,2016-08-28,0.1
2706,2016-08-29,0.1
2707,2016-08-30,0.1
2708,2016-08-31,0.1
2709,2016-07-01,-0.7
2710,2016-07-02,-0.7
2711,2016-07-03,-0.7
2712,2016-07-04,-0.7
2713,2016-07-05,-0.7
2714,2016-07-06,-0.7
2715,2016-07-07,-0.7
2716,2016-07-08,-0.7
2717,2016-07-09,-0.7
2718,2016-07-10,-0.7
2719,2016-07-11,-0.7
2720,2016-07-12,-0.7
2721,2016-07-13,-0.7
2722,2016-07-14,-0.7
2723,2016-07-15,-0.7
2724,2016-07-16,-0.7
2725,2016-07-17,-0.7
2726,2016-07-18,-0.7
2727,2016-07-19,-0.7
2728,2016-07-20,-0.7
2729,2016-07-21,-0.7
2730,2016-07-22,-0.7
2731,2016-07-23,-0.7
2732,2016-07-24,-0.7
2733,2016-07-25,-0.7
2734,2016-07-26,-0.7
2735,2016-07-27,-0.7
2736,2016-07-28,-0.7
2737,2016-07-29,-0.7
2738,2016-07-30,-0.7
2739,2016-07-31,-0.7
2740,2016-06-01,0.5
2741,2016-06-02,0.5
2742,2016-06-03,0.5
2743,2016-06-04,0.5
2744,2016-06-05,0.5
2745,2016-06-06,0.5
2746,2016-06-07,0.5
2747,2016-06-08,0.5
2748,2016-06-09,0.5
2749,2016-06-10,0.5
2750,2016-06-11,0.5
2751,2016-06-12,0.5
2752,2016-06-13,0.5
2753,2016-06-14,0.5
2754,2016-06-15,0.5
2755,2016-06-16,0.5
2756,2016-06-17,0.5
2757,2016-06-18,0.5
2758,2016-06-19,0.5
2759,2016-06-20,0.5
2760,2016-06-21,0.5
2761,2016-06-22,0.5
2762,2016-06-23,0.5
2763,2016-06-24,0.5
2764,2016-06-25,0.5
2765,2016-06-26,0.5
2766,2016-06-27,0.5
2767,2016-06-28,0.5
2768,2016-06-29,0.5
2769,2016-06-30,0.5
2770,2016-05-01,0.5
2771,2016-05-02,0.5
2772,2016-05-03,0.5
2773,2016-05-04,0.5
2774,2016-05-05,0.5
2775,2016-05-06,0.5
2776,2016-05-07,0.5
2777,2016-05-08,0.5
2778,2016-05-09,0.5
2779,2016-05-10,0.5
2780,2016-05-11,0.5
2781,2016-05-12,0.5
2782,2016-05-13,0.5
2783,2016-05-14,0.5
2784,2016-05-15,0.5
2785,2016-05-16,0.5
2786,2016-05-17,0.5
2787,2016-05-18,0.5
2788,2016-05-19,0.5
2789,2016-05-20,0.5
2790,2016-05-21,0.5
2791,2016-05-22,0.5
2792,2016-05-23,0.5
2793,2016-05-24,0.5
2794,2016-05-25,0.5
2795,2016-05-26,0.5
2796,2016-05-27,0.5
2797,2016-05-28,0.5
2798,2016-05-29,0.5
2799,2016-05-30,0.5
2800,2016-05-31,0.5
2801,2016-04-01,0.7
2802,2016-04-02,0.7
2803,2016-04-03,0.7
2804,2016-04-04,0.7
2805,2016-04-05,0.7
2806,2016-04-06,0.7
2807,2016-04-07,0.7
2808,2016-04-08,0.7
2809,2016-04-09,0.7
2810,2016-04-10,0.7
2811,2016-04-11,0.7
2812,2016-04-12,0.7
2813,2016-04-13,0.7
2814,2016-04-14,0.7
2815,2016-04-15,0.7
2816,2016-04-16,0.7
2817,2016-04-17,0.7
2818,2016-04-18,0.7
2819,2016-04-19,0.7
2820,2016-04-20,0.7
2821,2016-04-21,0.7
2822,2016-04-22,0.7
2823,2016-04-23,0.7
2824,2016-04-24,0.7
2825,2016-04-25,0.7
2826,2016-04-26,0.7
2827,2016-04-27,0.7
2828,2016-04-28,0.7
2829,2016-04-29,0.7
2830,2016-04-30,0.7
2831,2016-03-01,0.6
2832,2016-03-02,0.6
2833,2016-03-03,0.6
2834,2016-03-04,0.6
2835,2016-03-05,0.6
2836,2016-03-06,0.6
2837,2016-03-07,0.6
2838,2016-03-08,0.6
2839,2016-03-09,0.6
2840,2016-03-10,0.6
2841,2016-03-11,0.6
2842,2016-03-12,0.6
2843,2016-03-13,0.6
2844,2016-03-14,0.6
2845,2016-03-15,0.6
2846,2016-03-16,0.6
2847,2016-03-17,0.6
2848,2016-03-18,0.6
2849,2016-03-19,0.6
2850,2016-03-20,0.6
2851,2016-03-21,0.6
2852,2016-03-22,0.6
2853,2016-03-23,0.6
2854,2016-03-24,0.6
2855,2016-03-25,0.6
2856,2016-03-26,0.6
2857,2016-03-27,0.6
2858,2016-03-28,0.6
2859,2016-03-29,0.6
2860,2016-03-30,0.6
2861,2016-03-31,0.6
2862,2016-02-01,-0.4
2863,2016-02-02,-0.4
2864,2016-02-03,-0.4
2865,2016-02-04,-0.4
2866,2016-02-05,-0.4
2867,2016-02-06,-0.4
2868,2016-02-07,-0.4
2869,2016-02-08,-0.4
2870,2016-02-09,-0.4
2871,2016-02-10,-0.4
2872,2016-02-11,-0.4
2873,2016-02-12,-0.4
2874,2016-02-13,-0.4
2875,2016-02-14,-0.4
2876,2016-02-15,-0.4
2877,2016-02-16,-0.4
2878,2016-02-17,-0.4
2879,2016-02-18,-0.4
2880,2016-02-19,-0.4
2881,2016-02-20,-0.4
2882,2016-02-21,-0.4
2883,2016-02-22,-0.4
2884,2016-02-23,-0.4
2885,2016-02-24,-0.4
2886,2016-02-25,-0.4
2887,2016-02-26,-0.4
2888,2016-02-27,-0.4
2889,2016-02-28,-0.4
2890,2016-02-29,-0.4
2891,2016-01-01,-1.9
2892,2016-01-02,-1.9
2893,2016-01-03,-1.9
2894,2016-01-04,-1.9
2895,2016-01-05,-1.9
2896,2016-01-06,-1.9
2897,2016-01-07,-1.9
2898,2016-01-08,-1.9
2899,2016-01-09,-1.9
2900,2016-01-10,-1.9
2901,2016-01-11,-1.9
2902,2016-01-12,-1.9
2903,2016-01-13,-1.9
2904,2016-01-14,-1.9
2905,2016-01-15,-1.9
2906,2016-01-16,-1.9
2907,2016-01-17,-1.9
2908,2016-01-18,-1.9
2909,2016-01-19,-1.9
2910,2016-01-20,-1.9
2911,2016-01-21,-1.9
2912,2016-01-22,-1.9
2913,2016-01-23,-1.9
2914,2016-01-24,-1.9
2915,2016-01-25,-1.9
2916,2016-01-26,-1.9
2917,2016-01-27,-1.9
2918,2016-01-28,-1.9
2919,2016-01-29,-1.9
2920,2016-01-30,-1.9
2921,2016-01-31,-1.9
2922,2015-12-01,-0.3
2923,2015-12-02,-0.3
2924,2015-12-03,-0.3
2925,2015-12-04,-0.3
2926,2015-12-05,-0.3
2927,2015-12-06,-0.3
2928,2015-12-07,-0.3
2929,2015-12-08,-0.3
2930,2015-12-09,-0.3
2931,2015-12-10,-0.3
2932,2015-12-11,-0.3
2933,2015-12-12,-0.3
2934,2015-12-13,-0.3
2935,2015-12-14,-0.3
2936,2015-12-15,-0.3
2937,2015-12-16,-0.3
2938,2015-12-17,-0.3
2939,2015-12-18,-0.3
2940,2015-12-19,-0.3
2941,2015-12-20,-0.3
2942,2015-12-21,-0.3
2943,2015-12-22,-0.3
2944,2015-12-23,-0.3
2945,2015-12-24,-0.3
2946,2015-12-25,-0.3
2947,2015-12-26,-0.3
2948,2015-12-27,-0.3
2949,2015-12-28,-0.3
2950,2015-12-29,-0.3
2951,2015-12-30,-0.3
2952,2015-12-31,-0.3
2953,2015-11-01,0.4
2954,2015-11-02,0.4
2955,2015-11-03,0.4
2956,2015-11-04,0.4
2957,2015-11-05,0.4
2958,2015-11-06,0.4
2959,2015-11-07,0.4
2960,2015-11-08,0.4
2961,2015-11-09,0.4
2962,2015-11-10,0.4
2963,2015-11-11,0.4
2964,2015-11-12,0.4
2965,2015-11-13,0.4
2966,2015-11-14,0.4
2967,2015-11-15,0.4
2968,2015-11-16,0.4
2969,2015-11-17,0.4
2970,2015-11-18,0.4
2971,2015-11-19,0.4
2972,2015-11-20,0.4
2973,2015-11-21,0.4
2974,2015-11-22,0.4
2975,2015-11-23,0.4
2976,2015-11-24,0.4
2977,2015-11-25,0.4
2978,2015-11-26,0.4
2979,2015-11-27,0.4
2980,2015-11-28,0.4
2981,2015-11-29,0.4
2982,2015-11-30,0.4
2983,2015-10-01,0.6
2984,2015-10-02,0.6
2985,2015-10-03,0.6
2986,2015-10-04,0.6
2987,2015-10-05,0.6
2988,2015-10-06,0.6
2989,2015-10-07,0.6
2990,2015-10-08,0.6
2991,2015-10-09,0.6
2992,2015-10-10,0.6
2993,2015-10-11,0.6
2994,2015-10-12,0.6
2995,2015-10-13,0.6
2996,2015-10-14,0.6
2997,2015-10-15,0.6
2998,2015-10-16,0.6
2999,2015-10-17,0.6
3000,2015-10-18,0.6
3001,2015-10-19,0.6
3002,2015-10-20,0.6
3003,2015-10-21,0.6
3004,2015-10-22,0.6
3005,2015-10-23,0.6
3006,2015-10-24,0.6
3007,2015-10-25,0.6
3008,2015-10-26,0.6
3009,2015-10-27,0.6
3010,2015-10-28,0.6
3011,2015-10-29,0.6
3012,2015-10-30,0.6
3013,2015-10-31,0.6
3014,2015-09-01,-0.3
3015,2015-09-02,-0.3
3016,2015-09-03,-0.3
3017,2015-09-04,-0.3
3018,2015-09-05,-0.3
3019,2015-09-06,-0.3
3020,2015-09-07,-0.3
3021,2015-09-08,-0.3
3022,2015-09-09,-0.3
3023,2015-09-10,-0.3
3024,2015-09-11,-0.3
3025,2015-09-12,-0.3
3026,2015-09-13,-0.3
3027,2015-09-14,-0.3
3028,2015-09-15,-0.3
3029,2015-09-16,-0.3
3030,2015-09-17,-0.3
3031,2015-09-18,-0.3
3032,2015-09-19,-0.3
3033,2015-09-20,-0.3
3034,2015-09-21,-0.3
3035,2015-09-22,-0.3
3036,2015-09-23,-0.3
3037,2015-09-24,-0.3
3038,2015-09-25,-0.3
3039,2015-09-26,-0.3
3040,2015-09-27,-0.3
3041,2015-09-28,-0.3
3042,2015-09-29,-0.3
3043,2015-09-30,-0.3
3044,2015-08-01,-0.3
3045,2015-08-02,-0.3
3046,2015-08-03,-0.3
3047,2015-08-04,-0.3
3048,2015-08-05,-0.3
3049,2015-08-06,-0.3
3050,2015-08-07,-0.3
3051,2015-08-08,-0.3
3052,2015-08-09,-0.3
3053,2015-08-10,-0.3
3054,2015-08-11,-0.3
3055,2015-08-12,-0.3
3056,2015-08-13,-0.3
3057,2015-08-14,-0.3
3058,2015-08-15,-0.3
3059,2015-08-16,-0.3
3060,2015-08-17,-0.3
3061,2015-08-18,-0.3
3062,2015-08-19,-0.3
3063,2015-08-20,-0.3
3064,2015-08-21,-0.3
3065,2015-08-22,-0.3
3066,2015-08-23,-0.3
3067,2015-08-24,-0.3
3068,2015-08-25,-0.3
3069,2015-08-26,-0.3
3070,2015-08-27,-0.3
3071,2015-08-28,-0.3
3072,2015-08-29,-0.3
3073,2015-08-30,-0.3
3074,2015-08-31,-0.3
3075,2015-07-01,-0.9
3076,2015-07-02,-0.9
3077,2015-07-03,-0.9
3078,2015-07-04,-0.9
3079,2015-07-05,-0.9
3080,2015-07-06,-0.9
3081,2015-07-07,-0.9
3082,2015-07-08,-0.9
3083,2015-07-09,-0.9
3084,2015-07-10,-0.9
3085,2015-07-11,-0.9
3086,2015-07-12,-0.9
3087,2015-07-13,-0.9
3088,2015-07-14,-0.9
3089,2015-07-15,-0.9
3090,2015-07-16,-0.9
3091,2015-07-17,-0.9
3092,2015-07-18,-0.9
3093,2015-07-19,-0.9
3094,2015-07-20,-0.9
3095,2015-07-21,-0.9
3096,2015-07-22,-0.9
3097,2015-07-23,-0.9
3098,2015-07-24,-0.9
3099,2015-07-25,-0.9
3100,2015-07-26,-0.9
3101,2015-07-27,-0.9
3102,2015-07-28,-0.9
3103,2015-07-29,-0.9
3104,2015-07-30,-0.9
3105,2015-07-31,-0.9
3106,2015-06-01,0.3
3107,2015-06-02,0.3
3108,2015-06-03,0.3
3109,2015-06-04,0.3
3110,2015-06-05,0.3
3111,2015-06-06,0.3
3112,2015-06-07,0.3
3113,2015-06-08,0.3
3114,2015-06-09,0.3
3115,2015-06-10,0.3
3116,2015-06-11,0.3
3117,2015-06-12,0.3
3118,2015-06-13,0.3
3119,2015-06-14,0.3
3120,2015-06-15,0.3
3121,2015-06-16,0.3
3122,2015-06-17,0.3
3123,2015-06-18,0.3
3124,2015-06-19,0.3
3125,2015-06-20,0.3
3126,2015-06-21,0.3
3127,2015-06-22,0.3
3128,2015-06-23,0.3
3129,2015-06-24,0.3
3130,2015-06-25,0.3
3131,2015-06-26,0.3
3132,2015-06-27,0.3
3133,2015-06-28,0.3
3134,2015-06-29,0.3
3135,2015-06-30,0.3
3136,2015-05-01,0.5
3137,2015-05-02,0.5
3138,2015-05-03,0.5
3139,2015-05-04,0.5
3140,2015-05-05,0.5
3141,2015-05-06,0.5
3142,2015-05-07,0.5
3143,2015-05-08,0.5
3144,2015-05-09,0.5
3145,2015-05-10,0.5
3146,2015-05-11,0.5
3147,2015-05-12,0.5
3148,2015-05-13,0.5
3149,2015-05-14,0.5
3150,2015-05-15,0.5
3151,2015-05-16,0.5
3152,2015-05-17,0.5
3153,2015-05-18,0.5
3154,2015-05-19,0.5
3155,2015-05-20,0.5
3156,2015-05-21,0.5
3157,2015-05-22,0.5
3158,2015-05-23,0.5
3159,2015-05-24,0.5
3160,2015-05-25,0.5
3161,2015-05-26,0.5
3162,2015-05-27,0.5
3163,2015-05-28,0.5
3164,2015-05-29,0.5
3165,2015-05-30,0.5
3166,2015-05-31,0.5
3167,2015-04-01,0.9
3168,2015-04-02,0.9
3169,2015-04-03,0.9
3170,2015-04-04,0.9
3171,2015-04-05,0.9
3172,2015-04-06,0.9
3173,2015-04-07,0.9
3174,2015-04-08,0.9
3175,2015-04-09,0.9
3176,2015-04-10,0.9
3177,2015-04-11,0.9
3178,2015-04-12,0.9
3179,2015-04-13,0.9
3180,2015-04-14,0.9
3181,2015-04-15,0.9
3182,2015-04-16,0.9
3183,2015-04-17,0.9
3184,2015-04-18,0.9
3185,2015-04-19,0.9
3186,2015-04-20,0.9
3187,2015-04-21,0.9
3188,2015-04-22,0.9
3189,2015-04-23,0.9
3190,2015-04-24,0.9
3191,2015-04-25,0.9
3192,2015-04-26,0.9
3193,2015-04-27,0.9
3194,2015-04-28,0.9
3195,2015-04-29,0.9
3196,2015-04-30,0.9
3197,2015-03-01,0.6
3198,2015-03-02,0.6
3199,2015-03-03,0.6
3200,2015-03-04,0.6
3201,2015-03-05,0.6
3202,2015-03-06,0.6
3203,2015-03-07,0.6
3204,2015-03-08,0.6
3205,2015-03-09,0.6
3206,2015-03-10,0.6
3207,2015-03-11,0.6
3208,2015-03-12,0.6
3209,2015-03-13,0.6
3210,2015-03-14,0.6
3211,2015-03-15,0.6
3212,2015-03-16,0.6
3213,2015-03-17,0.6
3214,2015-03-18,0.6
3215,2015-03-19,0.6
3216,2015-03-20,0.6
3217,2015-03-21,0.6
3218,2015-03-22,0.6
3219,2015-03-23,0.6
3220,2015-03-24,0.6
3221,2015-03-25,0.6
3222,2015-03-26,0.6
3223,2015-03-27,0.6
3224,2015-03-28,0.6
3225,2015-03-29,0.6
3226,2015-03-30,0.6
3227,2015-03-31,0.6
3228,2015-02-01,0.2
3229,2015-02-02,0.2
3230,2015-02-03,0.2
3231,2015-02-04,0.2
3232,2015-02-05,0.2
3233,2015-02-06,0.2
3234,2015-02-07,0.2
3235,2015-02-08,0.2
3236,2015-02-09,0.2
3237,2015-02-10,0.2
3238,2015-02-11,0.2
3239,2015-02-12,0.2
3240,2015-02-13,0.2
3241,2015-02-14,0.2
3242,2015-02-15,0.2
3243,2015-02-16,0.2
3244,2015-02-17,0.2
3245,2015-02-18,0.2
3246,2015-02-19,0.2
3247,2015-02-20,0.2
3248,2015-02-21,0.2
3249,2015-02-22,0.2
3250,2015-02-23,0.2
3251,2015-02-24,0.2
3252,2015-02-25,0.2
3253,2015-02-26,0.2
3254,2015-02-27,0.2
3255,2015-02-28,0.2
3256,2015-01-01,-1.6
3257,2015-01-02,-1.6
3258,2015-01-03,-1.6
3259,2015-01-04,-1.6
3260,2015-01-05,-1.6
3261,2015-01-06,-1.6
3262,2015-01-07,-1.6
3263,2015-01-08,-1.6
3264,2015-01-09,-1.6
3265,2015-01-10,-1.6
3266,2015-01-11,-1.6
3267,2015-01-12,-1.6
3268,2015-01-13,-1.6
3269,2015-01-14,-1.6
3270,2015-01-15,-1.6
3271,2015-01-16,-1.6
3272,2015-01-17,-1.6
3273,2015-01-18,-1.6
3274,2015-01-19,-1.6
3275,2015-01-20,-1.6
3276,2015-01-21,-1.6
3277,2015-01-22,-1.6
3278,2015-01-23,-1.6
3279,2015-01-24,-1.6
3280,2015-01-25,-1.6
3281,2015-01-26,-1.6
3282,2015-01-27,-1.6
3283,2015-01-28,-1.6
3284,2015-01-29,-1.6
3285,2015-01-30,-1.6
3286,2015-01-31,-1.6
3287,2014-12-01,-0.6
3288,2014-12-02,-0.6
3289,2014-12-03,-0.6
3290,2014-12-04,-0.6
3291,2014-12-05,-0.6
3292,2014-12-06,-0.6
3293,2014-12-07,-0.6
3294,2014-12-08,-0.6
3295,2014-12-09,-0.6
3296,2014-12-10,-0.6
3297,2014-12-11,-0.6
3298,2014-12-12,-0.6
3299,2014-12-13,-0.6
3300,2014-12-14,-0.6
3301,2014-12-15,-0.6
3302,2014-12-16,-0.6
3303,2014-12-17,-0.6
3304,2014-12-18,-0.6
3305,2014-12-19,-0.6
3306,2014-12-20,-0.6
3307,2014-12-21,-0.6
3308,2014-12-22,-0.6
3309,2014-12-23,-0.6
3310,2014-12-24,-0.6
3311,2014-12-25,-0.6
3312,2014-12-26,-0.6
3313,2014-12-27,-0.6
3314,2014-12-28,-0.6
3315,2014-12-29,-0.6
3316,2014-12-30,-0.6
3317,2014-12-31,-0.6
3318,2014-11-01,-0.1
3319,2014-11-02,-0.1
3320,2014-11-03,-0.1
3321,2014-11-04,-0.1
3322,2014-11-05,-0.1
3323,2014-11-06,-0.1
3324,2014-11-07,-0.1
3325,2014-11-08,-0.1
3326,2014-11-09,-0.1
3327,2014-11-10,-0.1
3328,2014-11-11,-0.1
3329,2014-11-12,-0.1
3330,2014-11-13,-0.1
3331,2014-11-14,-0.1
3332,2014-11-15,-0.1
3333,2014-11-16,-0.1
3334,2014-11-17,-0.1
3335,2014-11-18,-0.1
3336,2014-11-19,-0.1
3337,2014-11-20,-0.1
3338,2014-11-21,-0.1
3339,2014-11-22,-0.1
3340,2014-11-23,-0.1
3341,2014-11-24,-0.1
3342,2014-11-25,-0.1
3343,2014-11-26,-0.1
3344,2014-11-27,-0.1
3345,2014-11-28,-0.1
3346,2014-11-29,-0.1
3347,2014-11-30,-0.1
3348,2014-10-01,0.5
3349,2014-10-02,0.5
3350,2014-10-03,0.5
3351,2014-10-04,0.5
3352,2014-10-05,0.5
3353,2014-10-06,0.5
3354,2014-10-07,0.5
3355,2014-10-08,0.5
3356,2014-10-09,0.5
3357,2014-10-10,0.5
3358,2014-10-11,0.5
3359,2014-10-12,0.5
3360,2014-10-13,0.5
3361,2014-10-14,0.5
3362,2014-10-15,0.5
3363,2014-10-16,0.5
3364,2014-10-17,0.5
3365,2014-10-18,0.5
3366,2014-10-19,0.5
3367,2014-10-20,0.5
3368,2014-10-21,0.5
3369,2014-10-22,0.5
3370,2014-10-23,0.5
3371,2014-10-24,0.5
3372,2014-10-25,0.5
3373,2014-10-26,0.5
3374,2014-10-27,0.5
3375,2014-10-28,0.5
3376,2014-10-29,0.5
3377,2014-10-30,0.5
3378,2014-10-31,0.5
3379,2014-09-01,0.2
3380,2014-09-02,0.2
3381,2014-09-03,0.2
3382,2014-09-04,0.2
3383,2014-09-05,0.2
3384,2014-09-06,0.2
3385,2014-09-07,0.2
3386,2014-09-08,0.2
3387,2014-09-09,0.2
3388,2014-09-10,0.2
3389,2014-09-11,0.2
3390,2014-09-12,0.2
3391,2014-09-13,0.2
3392,2014-09-14,0.2
3393,2014-09-15,0.2
3394,2014-09-16,0.2
3395,2014-09-17,0.2
3396,2014-09-18,0.2
3397,2014-09-19,0.2
3398,2014-09-20,0.2
3399,2014-09-21,0.2
3400,2014-09-22,0.2
3401,2014-09-23,0.2
3402,2014-09-24,0.2
3403,2014-09-25,0.2
3404,2014-09-26,0.2
3405,2014-09-27,0.2
3406,2014-09-28,0.2
3407,2014-09-29,0.2
3408,2014-09-30,0.2
3409,2014-08-01,0.2
3410,2014-08-02,0.2
3411,2014-08-03,0.2
3412,2014-08-04,0.2
3413,2014-08-05,0.2
3414,2014-08-06,0.2
3415,2014-08-07,0.2
3416,2014-08-08,0.2
3417,2014-08-09,0.2
3418,2014-08-10,0.2
3419,2014-08-11,0.2
3420,2014-08-12,0.2
3421,2014-08-13,0.2
3422,2014-08-14,0.2
3423,2014-08-15,0.2
3424,2014-08-16,0.2
3425,2014-08-17,0.2
3426,2014-08-18,0.2
3427,2014-08-19,0.2
3428,2014-08-20,0.2
3429,2014-08-21,0.2
3430,2014-08-22,0.2
3431,2014-08-23,0.2
3432,2014-08-24,0.2
3433,2014-08-25,0.2
3434,2014-08-26,0.2
3435,2014-08-27,0.2
3436,2014-08-28,0.2
3437,2014-08-29,0.2
3438,2014-08-30,0.2
3439,2014-08-31,0.2
3440,2014-07-01,-0.9
3441,2014-07-02,-0.9
3442,2014-07-03,-0.9
3443,2014-07-04,-0.9
3444,2014-07-05,-0.9
3445,2014-07-06,-0.9
3446,2014-07-07,-0.9
3447,2014-07-08,-0.9
3448,2014-07-09,-0.9
3449,2014-07-10,-0.9
3450,2014-07-11,-0.9
3451,2014-07-12,-0.9
3452,2014-07-13,-0.9
3453,2014-07-14,-0.9
3454,2014-07-15,-0.9
3455,2014-07-16,-0.9
3456,2014-07-17,-0.9
3457,2014-07-18,-0.9
3458,2014-07-19,-0.9
3459,2014-07-20,-0.9
3460,2014-07-21,-0.9
3461,2014-07-22,-0.9
3462,2014-07-23,-0.9
3463,2014-07-24,-0.9
3464,2014-07-25,-0.9
3465,2014-07-26,-0.9
3466,2014-07-27,-0.9
3467,2014-07-28,-0.9
3468,2014-07-29,-0.9
3469,2014-07-30,-0.9
3470,2014-07-31,-0.9
3471,2014-06-01,0.0
3472,2014-06-02,0.0
3473,2014-06-03,0.0
3474,2014-06-04,0.0
3475,2014-06-05,0.0
3476,2014-06-06,0.0
3477,2014-06-07,0.0
3478,2014-06-08,0.0
3479,2014-06-09,0.0
3480,2014-06-10,0.0
3481,2014-06-11,0.0
3482,2014-06-12,0.0
3483,2014-06-13,0.0
3484,2014-06-14,0.0
3485,2014-06-15,0.0
3486,2014-06-16,0.0
3487,2014-06-17,0.0
3488,2014-06-18,0.0
3489,2014-06-19,0.0
3490,2014-06-20,0.0
3491,2014-06-21,0.0
3492,2014-06-22,0.0
3493,2014-06-23,0.0
3494,2014-06-24,0.0
3495,2014-06-25,0.0
3496,2014-06-26,0.0
3497,2014-06-27,0.0
3498,2014-06-28,0.0
3499,2014-06-29,0.0
3500,2014-06-30,0.0
3501,2014-05-01,0.0
3502,2014-05-02,0.0
3503,2014-05-03,0.0
3504,2014-05-04,0.0
3505,2014-05-05,0.0
3506,2014-05-06,0.0
3507,2014-05-07,0.0
3508,2014-05-08,0.0
3509,2014-05-09,0.0
3510,2014-05-10,0.0
3511,2014-05-11,0.0
3512,2014-05-12,0.0
3513,2014-05-13,0.0
3514,2014-05-14,0.0
3515,2014-05-15,0.0
3516,2014-05-16,0.0
3517,2014-05-17,0.0
3518,2014-05-18,0.0
3519,2014-05-19,0.0
3520,2014-05-20,0.0
3521,2014-05-21,0.0
3522,2014-05-22,0.0
3523,2014-05-23,0.0
3524,2014-05-24,0.0
3525,2014-05-25,0.0
3526,2014-05-26,0.0
3527,2014-05-27,0.0
3528,2014-05-28,0.0
3529,2014-05-29,0.0
3530,2014-05-30,0.0
3531,2014-05-31,0.0
3532,2014-04-01,0.9
3533,2014-04-02,0.9
3534,2014-04-03,0.9
3535,2014-04-04,0.9
3536,2014-04-05,0.9
3537,2014-04-06,0.9
3538,2014-04-07,0.9
3539,2014-04-08,0.9
3540,2014-04-09,0.9
3541,2014-04-10,0.9
3542,2014-04-11,0.9
3543,2014-04-12,0.9
3544,2014-04-13,0.9
3545,2014-04-14,0.9
3546,2014-04-15,0.9
3547,2014-04-16,0.9
3548,2014-04-17,0.9
3549,2014-04-18,0.9
3550,2014-04-19,0.9
3551,2014-04-20,0.9
3552,2014-04-21,0.9
3553,2014-04-22,0.9
3554,2014-04-23,0.9
3555,2014-04-24,0.9
3556,2014-04-25,0.9
3557,2014-04-26,0.9
3558,2014-04-27,0.9
3559,2014-04-28,0.9
3560,2014-04-29,0.9
3561,2014-04-30,0.9
3562,2014-03-01,0.2
3563,2014-03-02,0.2
3564,2014-03-03,0.2
3565,2014-03-04,0.2
3566,2014-03-05,0.2
3567,2014-03-06,0.2
3568,2014-03-07,0.2
3569,2014-03-08,0.2
3570,2014-03-09,0.2
3571,2014-03-10,0.2
3572,2014-03-11,0.2
3573,2014-03-12,0.2
3574,2014-03-13,0.2
3575,2014-03-14,0.2
3576,2014-03-15,0.2
3577,2014-03-16,0.2
3578,2014-03-17,0.2
3579,2014-03-18,0.2
3580,2014-03-19,0.2
3581,2014-03-20,0.2
3582,2014-03-21,0.2
3583,2014-03-22,0.2
3584,2014-03-23,0.2
3585,2014-03-24,0.2
3586,2014-03-25,0.2
3587,2014-03-26,0.2
3588,2014-03-27,0.2
3589,2014-03-28,0.2
3590,2014-03-29,0.2
3591,2014-03-30,0.2
3592,2014-03-31,0.2
3593,2014-02-01,0.0
3594,2014-02-02,0.0
3595,2014-02-03,0.0
3596,2014-02-04,0.0
3597,2014-02-05,0.0
3598,2014-02-06,0.0
3599,2014-02-07,0.0
3600,2014-02-08,0.0
3601,2014-02-09,0.0
3602,2014-02-10,0.0
3603,2014-02-11,0.0
3604,2014-02-12,0.0
3605,2014-02-13,0.0
3606,2014-02-14,0.0
3607,2014-02-15,0.0
3608,2014-02-16,0.0
3609,2014-02-17,0.0
3610,2014-02-18,0.0
3611,2014-02-19,0.0
3612,2014-02-20,0.0
3613,2014-02-21,0.0
3614,2014-02-22,0.0
3615,2014-02-23,0.0
3616,2014-02-24,0.0
3617,2014-02-25,0.0
3618,2014-02-26,0.0
3619,2014-02-27,0.0
3620,2014-02-28,0.0
3621,2014-01-01,-1.3
3622,2014-01-02,-1.3
3623,2014-01-03,-1.3
3624,2014-01-04,-1.3
3625,2014-01-05,-1.3
3626,2014-01-06,-1.3
3627,2014-01-07,-1.3
3628,2014-01-08,-1.3
3629,2014-01-09,-1.3
3630,2014-01-10,-1.3
3631,2014-01-11,-1.3
3632,2014-01-12,-1.3
3633,2014-01-13,-1.3
3634,2014-01-14,-1.3
3635,2014-01-15,-1.3
3636,2014-01-16,-1.3
3637,2014-01-17,-1.3
3638,2014-01-18,-1.3
3639,2014-01-19,-1.3
3640,2014-01-20,-1.3
3641,2014-01-21,-1.3
3642,2014-01-22,-1.3
3643,2014-01-23,-1.3
3644,2014-01-24,-1.3
3645,2014-01-25,-1.3
3646,2014-01-26,-1.3
3647,2014-01-27,-1.3
3648,2014-01-28,-1.3
3649,2014-01-29,-1.3
3650,2014-01-30,-1.3
3651,2014-01-31,-1.3
3652,2013-12-01,0.1
3653,2013-12-02,0.1
3654,2013-12-03,0.1
3655,2013-12-04,0.1
3656,2013-12-05,0.1
3657,2013-12-06,0.1
3658,2013-12-07,0.1
3659,2013-12-08,0.1
3660,2013-12-09,0.1
3661,2013-12-10,0.1
3662,2013-12-11,0.1
3663,2013-12-12,0.1
3664,2013-12-13,0.1
3665,2013-12-14,0.1
3666,2013-12-15,0.1
3667,2013-12-16,0.1
3668,2013-12-17,0.1
3669,2013-12-18,0.1
3670,2013-12-19,0.1
3671,2013-12-20,0.1
3672,2013-12-21,0.1
3673,2013-12-22,0.1
3674,2013-12-23,0.1
3675,2013-12-24,0.1
3676,2013-12-25,0.1
3677,2013-12-26,0.1
3678,2013-12-27,0.1
3679,2013-12-28,0.1
3680,2013-12-29,0.1
3681,2013-12-30,0.1
3682,2013-12-31,0.1
3683,2013-11-01,0.2
3684,2013-11-02,0.2
3685,2013-11-03,0.2
3686,2013-11-04,0.2
3687,2013-11-05,0.2
3688,2013-11-06,0.2
3689,2013-11-07,0.2
3690,2013-11-08,0.2
3691,2013-11-09,0.2
3692,2013-11-10,0.2
3693,2013-11-11,0.2
3694,2013-11-12,0.2
3695,2013-11-13,0.2
3696,2013-11-14,0.2
3697,2013-11-15,0.2
3698,2013-11-16,0.2
3699,2013-11-17,0.2
3700,2013-11-18,0.2
3701,2013-11-19,0.2
3702,2013-11-20,0.2
3703,2013-11-21,0.2
3704,2013-11-22,0.2
3705,2013-11-23,0.2
3706,2013-11-24,0.2
3707,2013-11-25,0.2
3708,2013-11-26,0.2
3709,2013-11-27,0.2
3710,2013-11-28,0.2
3711,2013-11-29,0.2
3712,2013-11-30,0.2
3713,2013-10-01,0.4
3714,2013-10-02,0.4
3715,2013-10-03,0.4
3716,2013-10-04,0.4
3717,2013-10-05,0.4
3718,2013-10-06,0.4
3719,2013-10-07,0.4
3720,2013-10-08,0.4
3721,2013-10-09,0.4
3722,2013-10-10,0.4
3723,2013-10-11,0.4
3724,2013-10-12,0.4
3725,2013-10-13,0.4
3726,2013-10-14,0.4
3727,2013-10-15,0.4
3728,2013-10-16,0.4
3729,2013-10-17,0.4
3730,2013-10-18,0.4
3731,2013-10-19,0.4
3732,2013-10-20,0.4
3733,2013-10-21,0.4
3734,2013-10-22,0.4
3735,2013-10-23,0.4
3736,2013-10-24,0.4
3737,2013-10-25,0.4
3738,2013-10-26,0.4
3739,2013-10-27,0.4
3740,2013-10-28,0.4
3741,2013-10-29,0.4
3742,2013-10-30,0.4
3743,2013-10-31,0.4
3744,2013-09-01,-0.2
3745,2013-09-02,-0.2
3746,2013-09-03,-0.2
3747,2013-09-04,-0.2
3748,2013-09-05,-0.2
3749,2013-09-06,-0.2
3750,2013-09-07,-0.2
3751,2013-09-08,-0.2
3752,2013-09-09,-0.2
3753,2013-09-10,-0.2
3754,2013-09-11,-0.2
3755,2013-09-12,-0.2
3756,2013-09-13,-0.2
3757,2013-09-14,-0.2
3758,2013-09-15,-0.2
3759,2013-09-16,-0.2
3760,2013-09-17,-0.2
3761,2013-09-18,-0.2
3762,2013-09-19,-0.2
3763,2013-09-20,-0.2
3764,2013-09-21,-0.2
3765,2013-09-22,-0.2
3766,2013-09-23,-0.2
3767,2013-09-24,-0.2
3768,2013-09-25,-0.2
3769,2013-09-26,-0.2
3770,2013-09-27,-0.2
3771,2013-09-28,-0.2
3772,2013-09-29,-0.2
3773,2013-09-30,-0.2
3774,2013-08-01,0.3
3775,2013-08-02,0.3
3776,2013-08-03,0.3
3777,2013-08-04,0.3
3778,2013-08-05,0.3
3779,2013-08-06,0.3
3780,2013-08-07,0.3
3781,2013-08-08,0.3
3782,2013-08-09,0.3
3783,2013-08-10,0.3
3784,2013-08-11,0.3
3785,2013-08-12,0.3
3786,2013-08-13,0.3
3787,2013-08-14,0.3
3788,2013-08-15,0.3
3789,2013-08-16,0.3
3790,2013-08-17,0.3
3791,2013-08-18,0.3
3792,2013-08-19,0.3
3793,2013-08-20,0.3
3794,2013-08-21,0.3
3795,2013-08-22,0.3
3796,2013-08-23,0.3
3797,2013-08-24,0.3
3798,2013-08-25,0.3
3799,2013-08-26,0.3
3800,2013-08-27,0.3
3801,2013-08-28,0.3
3802,2013-08-29,0.3
3803,2013-08-30,0.3
3804,2013-08-31,0.3
3805,2013-07-01,-0.5
3806,2013-07-02,-0.5
3807,2013-07-03,-0.5
3808,2013-07-04,-0.5
3809,2013-07-05,-0.5
3810,2013-07-06,-0.5
3811,2013-07-07,-0.5
3812,2013-07-08,-0.5
3813,2013-07-09,-0.5
3814,2013-07-10,-0.5
3815,2013-07-11,-0.5
3816,2013-07-12,-0.5
3817,2013-07-13,-0.5
3818,2013-07-14,-0.5
3819,2013-07-15,-0.5
3820,2013-07-16,-0.5
3821,2013-07-17,-0.5
3822,2013-07-18,-0.5
3823,2013-07-19,-0.5
3824,2013-07-20,-0.5
3825,2013-07-21,-0.5
3826,2013-07-22,-0.5
3827,2013-07-23,-0.5
3828,2013-07-24,-0.5
3829,2013-07-25,-0.5
3830,2013-07-26,-0.5
3831,2013-07-27,-0.5
3832,2013-07-28,-0.5
3833,2013-07-29,-0.5
3834,2013-07-30,-0.5
3835,2013-07-31,-0.5
3836,2013-06-01,0.1
3837,2013-06-02,0.1
3838,2013-06-03,0.1
3839,2013-06-04,0.1
3840,2013-06-05,0.1
3841,2013-06-06,0.1
3842,2013-06-07,0.1
3843,2013-06-08,0.1
3844,2013-06-09,0.1
3845,2013-06-10,0.1
3846,2013-06-11,0.1
3847,2013-06-12,0.1
3848,2013-06-13,0.1
3849,2013-06-14,0.1
3850,2013-06-15,0.1
3851,2013-06-16,0.1
3852,2013-06-17,0.1
3853,2013-06-18,0.1
3854,2013-06-19,0.1
3855,2013-06-20,0.1
3856,2013-06-21,0.1
3857,2013-06-22,0.1
3858,2013-06-23,0.1
3859,2013-06-24,0.1
3860,2013-06-25,0.1
3861,2013-06-26,0.1
3862,2013-06-27,0.1
3863,2013-06-28,0.1
3864,2013-06-29,0.1
3865,2013-06-30,0.1
3866,2013-05-01,0.2
3867,2013-05-02,0.2
3868,2013-05-03,0.2
3869,2013-05-04,0.2
3870,2013-05-05,0.2
3871,2013-05-06,0.2
3872,2013-05-07,0.2
3873,2013-05-08,0.2
3874,2013-05-09,0.2
3875,2013-05-10,0.2
3876,2013-05-11,0.2
3877,2013-05-12,0.2
3878,2013-05-13,0.2
3879,2013-05-14,0.2
3880,2013-05-15,0.2
3881,2013-05-16,0.2
3882,2013-05-17,0.2
3883,2013-05-18,0.2
3884,2013-05-19,0.2
3885,2013-05-20,0.2
3886,2013-05-21,0.2
3887,2013-05-22,0.2
3888,2013-05-23,0.2
3889,2013-05-24,0.2
3890,2013-05-25,0.2
3891,2013-05-26,0.2
3892,2013-05-27,0.2
3893,2013-05-28,0.2
3894,2013-05-29,0.2
3895,2013-05-30,0.2
3896,2013-05-31,0.2
3897,2013-04-01,0.4
3898,2013-04-02,0.4
3899,2013-04-03,0.4
3900,2013-04-04,0.4
3901,2013-04-05,0.4
3902,2013-04-06,0.4
3903,2013-04-07,0.4
3904,2013-04-08,0.4
3905,2013-04-09,0.4
3906,2013-04-10,0.4
3907,2013-04-11,0.4
3908,2013-04-12,0.4
3909,2013-04-13,0.4
3910,2013-04-14,0.4
3911,2013-04-15,0.4
3912,2013-04-16,0.4
3913,2013-04-17,0.4
3914,2013-04-18,0.4
3915,2013-04-19,0.4
3916,2013-04-20,0.4
3917,2013-04-21,0.4
3918,2013-04-22,0.4
3919,2013-04-23,0.4
3920,2013-04-24,0.4
3921,2013-04-25,0.4
3922,2013-04-26,0.4
3923,2013-04-27,0.4
3924,2013-04-28,0.4
3925,2013-04-29,0.4
3926,2013-04-30,0.4
3927,2013-03-01,0.4
3928,2013-03-02,0.4
3929,2013-03-03,0.4
3930,2013-03-04,0.4
3931,2013-03-05,0.4
3932,2013-03-06,0.4
3933,2013-03-07,0.4
3934,2013-03-08,0.4
3935,2013-03-09,0.4
3936,2013-03-10,0.4
3937,2013-03-11,0.4
3938,2013-03-12,0.4
3939,2013-03-13,0.4
3940,2013-03-14,0.4
3941,2013-03-15,0.4
3942,2013-03-16,0.4
3943,2013-03-17,0.4
3944,2013-03-18,0.4
3945,2013-03-19,0.4
3946,2013-03-20,0.4
3947,2013-03-21,0.4
3948,2013-03-22,0.4
3949,2013-03-23,0.4
3950,2013-03-24,0.4
3951,2013-03-25,0.4
3952,2013-03-26,0.4
3953,2013-03-27,0.4
3954,2013-03-28,0.4
3955,2013-03-29,0.4
3956,2013-03-30,0.4
3957,2013-03-31,0.4
3958,2013-02-01,0.2
3959,2013-02-02,0.2
3960,2013-02-03,0.2
3961,2013-02-04,0.2
3962,2013-02-05,0.2
3963,2013-02-06,0.2
3964,2013-02-07,0.2
3965,2013-02-08,0.2
3966,2013-02-09,0.2
3967,2013-02-10,0.2
3968,2013-02-11,0.2
3969,2013-02-12,0.2
3970,2013-02-13,0.2
3971,2013-02-14,0.2
3972,2013-02-15,0.2
3973,2013-02-16,0.2
3974,2013-02-17,0.2
3975,2013-02-18,0.2
3976,2013-02-19,0.2
3977,2013-02-20,0.2
3978,2013-02-21,0.2
3979,2013-02-22,0.2
3980,2013-02-23,0.2
3981,2013-02-24,0.2
3982,2013-02-25,0.2
3983,2013-02-26,0.2
3984,2013-02-27,0.2
3985,2013-02-28,0.2
3986,2013-01-01,-1.3
3987,2013-01-02,-1.3
3988,2013-01-03,-1.3
3989,2013-01-04,-1.3
3990,2013-01-05,-1.3
3991,2013-01-06,-1.3
3992,2013-01-07,-1.3
3993,2013-01-08,-1.3
3994,2013-01-09,-1.3
3995,2013-01-10,-1.3
3996,2013-01-11,-1.3
3997,2013-01-12,-1.3
3998,2013-01-13,-1.3
3999,2013-01-14,-1.3
4000,2013-01-15,-1.3
4001,2013-01-16,-1.3
4002,2013-01-17,-1.3
4003,2013-01-18,-1.3
4004,2013-01-19,-1.3
4005,2013-01-20,-1.3
4006,2013-01-21,-1.3
4007,2013-01-22,-1.3
4008,2013-01-23,-1.3
4009,2013-01-24,-1.3
4010,2013-01-25,-1.3
4011,2013-01-26,-1.3
4012,2013-01-27,-1.3
4013,2013-01-28,-1.3
4014,2013-01-29,-1.3
4015,2013-01-30,-1.3
4016,2013-01-31,-1.3
4017,2012-12-01,0.1
4018,2012-12-02,0.1
4019,2012-12-03,0.1
4020,2012-12-04,0.1
4021,2012-12-05,0.1
4022,2012-12-06,0.1
4023,2012-12-07,0.1
4024,2012-12-08,0.1
4025,2012-12-09,0.1
4026,2012-12-10,0.1
4027,2012-12-11,0.1
4028,2012-12-12,0.1
4029,2012-12-13,0.1
4030,2012-12-14,0.1
4031,2012-12-15,0.1
4032,2012-12-16,0.1
4033,2012-12-17,0.1
4034,2012-12-18,0.1
4035,2012-12-19,0.1
4036,2012-12-20,0.1
4037,2012-12-21,0.1
4038,2012-12-22,0.1
4039,2012-12-23,0.1
4040,2012-12-24,0.1
4041,2012-12-25,0.1
4042,2012-12-26,0.1
4043,2012-12-27,0.1
4044,2012-12-28,0.1
4045,2012-12-29,0.1
4046,2012-12-30,0.1
4047,2012-12-31,0.1
4048,2012-11-01,-0.1
4049,2012-11-02,-0.1
4050,2012-11-03,-0.1
4051,2012-11-04,-0.1
4052,2012-11-05,-0.1
4053,2012-11-06,-0.1
4054,2012-11-07,-0.1
4055,2012-11-08,-0.1
4056,2012-11-09,-0.1
4057,2012-11-10,-0.1
4058,2012-11-11,-0.1
4059,2012-11-12,-0.1
4060,2012-11-13,-0.1
4061,2012-11-14,-0.1
4062,2012-11-15,-0.1
4063,2012-11-16,-0.1
4064,2012-11-17,-0.1
4065,2012-11-18,-0.1
4066,2012-11-19,-0.1
4067,2012-11-20,-0.1
4068,2012-11-21,-0.1
4069,2012-11-22,-0.1
4070,2012-11-23,-0.1
4071,2012-11-24,-0.1
4072,2012-11-25,-0.1
4073,2012-11-26,-0.1
4074,2012-11-27,-0.1
4075,2012-11-28,-0.1
4076,2012-11-29,-0.1
4077,2012-11-30,-0.1
4078,2012-10-01,0.8
4079,2012-10-02,0.8
4080,2012-10-03,0.8
4081,2012-10-04,0.8
4082,2012-10-05,0.8
4083,2012-10-06,0.8
4084,2012-10-07,0.8
4085,2012-10-08,0.8
4086,2012-10-09,0.8
4087,2012-10-10,0.8
4088,2012-10-11,0.8
4089,2012-10-12,0.8
4090,2012-10-13,0.8
4091,2012-10-14,0.8
4092,2012-10-15,0.8
4093,2012-10-16,0.8
4094,2012-10-17,0.8
4095,2012-10-18,0.8
4096,2012-10-19,0.8
4097,2012-10-20,0.8
4098,2012-10-21,0.8
4099,2012-10-22,0.8
4100,2012-10-23,0.8
4101,2012-10-24,0.8
4102,2012-10-25,0.8
4103,2012-10-26,0.8
4104,2012-10-27,0.8
4105,2012-10-28,0.8
4106,2012-10-29,0.8
4107,2012-10-30,0.8
4108,2012-10-31,0.8
4109,2012-09-01,1.0
4110,2012-09-02,1.0
4111,2012-09-03,1.0
4112,2012-09-04,1.0
4113,2012-09-05,1.0
4114,2012-09-06,1.0
4115,2012-09-07,1.0
4116,2012-09-08,1.0
4117,2012-09-09,1.0
4118,2012-09-10,1.0
4119,2012-09-11,1.0
4120,2012-09-12,1.0
4121,2012-09-13,1.0
4122,2012-09-14,1.0
4123,2012-09-15,1.0
4124,2012-09-16,1.0
4125,2012-09-17,1.0
4126,2012-09-18,1.0
4127,2012-09-19,1.0
4128,2012-09-20,1.0
4129,2012-09-21,1.0
4130,2012-09-22,1.0
4131,2012-09-23,1.0
4132,2012-09-24,1.0
4133,2012-09-25,1.0
4134,2012-09-26,1.0
4135,2012-09-27,1.0
4136,2012-09-28,1.0
4137,2012-09-29,1.0
4138,2012-09-30,1.0
4139,2012-08-01,0.6
4140,2012-08-02,0.6
4141,2012-08-03,0.6
4142,2012-08-04,0.6
4143,2012-08-05,0.6
4144,2012-08-06,0.6
4145,2012-08-07,0.6
4146,2012-08-08,0.6
4147,2012-08-09,0.6
4148,2012-08-10,0.6
4149,2012-08-11,0.6
4150,2012-08-12,0.6
4151,2012-08-13,0.6
4152,2012-08-14,0.6
4153,2012-08-15,0.6
4154,2012-08-16,0.6
4155,2012-08-17,0.6
4156,2012-08-18,0.6
4157,2012-08-19,0.6
4158,2012-08-20,0.6
4159,2012-08-21,0.6
4160,2012-08-22,0.6
4161,2012-08-23,0.6
4162,2012-08-24,0.6
4163,2012-08-25,0.6
4164,2012-08-26,0.6
4165,2012-08-27,0.6
4166,2012-08-28,0.6
4167,2012-08-29,0.6
4168,2012-08-30,0.6
4169,2012-08-31,0.6
4170,2012-07-01,-0.2
4171,2012-07-02,-0.2
4172,2012-07-03,-0.2
4173,2012-07-04,-0.2
4174,2012-07-05,-0.2
4175,2012-07-06,-0.2
4176,2012-07-07,-0.2
4177,2012-07-08,-0.2
4178,2012-07-09,-0.2
4179,2012-07-10,-0.2
4180,2012-07-11,-0.2
4181,2012-07-12,-0.2
4182,2012-07-13,-0.2
4183,2012-07-14,-0.2
4184,2012-07-15,-0.2
4185,2012-07-16,-0.2
4186,2012-07-17,-0.2
4187,2012-07-18,-0.2
4188,2012-07-19,-0.2
4189,2012-07-20,-0.2
4190,2012-07-21,-0.2
4191,2012-07-22,-0.2
4192,2012-07-23,-0.2
4193,2012-07-24,-0.2
4194,2012-07-25,-0.2
4195,2012-07-26,-0.2
4196,2012-07-27,-0.2
4197,2012-07-28,-0.2
4198,2012-07-29,-0.2
4199,2012-07-30,-0.2
4200,2012-07-31,-0.2
4201,2012-06-01,-0.2
4202,2012-06-02,-0.2
4203,2012-06-03,-0.2
4204,2012-06-04,-0.2
4205,2012-06-05,-0.2
4206,2012-06-06,-0.2
4207,2012-06-07,-0.2
4208,2012-06-08,-0.2
4209,2012-06-09,-0.2
4210,2012-06-10,-0.2
4211,2012-06-11,-0.2
4212,2012-06-12,-0.2
4213,2012-06-13,-0.2
4214,2012-06-14,-0.2
4215,2012-06-15,-0.2
4216,2012-06-16,-0.2
4217,2012-06-17,-0.2
4218,2012-06-18,-0.2
4219,2012-06-19,-0.2
4220,2012-06-20,-0.2
4221,2012-06-21,-0.2
4222,2012-06-22,-0.2
4223,2012-06-23,-0.2
4224,2012-06-24,-0.2
4225,2012-06-25,-0.2
4226,2012-06-26,-0.2
4227,2012-06-27,-0.2
4228,2012-06-28,-0.2
4229,2012-06-29,-0.2
4230,2012-06-30,-0.2
4231,2012-05-01,-0.1
4232,2012-05-02,-0.1
4233,2012-05-03,-0.1
4234,2012-05-04,-0.1
4235,2012-05-05,-0.1
4236,2012-05-06,-0.1
4237,2012-05-07,-0.1
4238,2012-05-08,-0.1
4239,2012-05-09,-0.1
4240,2012-05-10,-0.1
4241,2012-05-11,-0.1
4242,2012-05-12,-0.1
4243,2012-05-13,-0.1
4244,2012-05-14,-0.1
4245,2012-05-15,-0.1
4246,2012-05-16,-0.1
4247,2012-05-17,-0.1
4248,2012-05-18,-0.1
4249,2012-05-19,-0.1
4250,2012-05-20,-0.1
4251,2012-05-21,-0.1
4252,2012-05-22,-0.1
4253,2012-05-23,-0.1
4254,2012-05-24,-0.1
4255,2012-05-25,-0.1
4256,2012-05-26,-0.1
4257,2012-05-27,-0.1
4258,2012-05-28,-0.1
4259,2012-05-29,-0.1
4260,2012-05-30,-0.1
4261,2012-05-31,-0.1
4262,2012-04-01,1.4
4263,2012-04-02,1.4
4264,2012-04-03,1.4
4265,2012-04-04,1.4
4266,2012-04-05,1.4
4267,2012-04-06,1.4
4268,2012-04-07,1.4
4269,2012-04-08,1.4
4270,2012-04-09,1.4
4271,2012-04-10,1.4
4272,2012-04-11,1.4
4273,2012-04-12,1.4
4274,2012-04-13,1.4
4275,2012-04-14,1.4
4276,2012-04-15,1.4
4277,2012-04-16,1.4
4278,2012-04-17,1.4
4279,2012-04-18,1.4
4280,2012-04-19,1.4
4281,2012-04-20,1.4
4282,2012-04-21,1.4
4283,2012-04-22,1.4
4284,2012-04-23,1.4
4285,2012-04-24,1.4
4286,2012-04-25,1.4
4287,2012-04-26,1.4
4288,2012-04-27,1.4
4289,2012-04-28,1.4
4290,2012-04-29,1.4
4291,2012-04-30,1.4
4292,2012-03-01,0.7
4293,2012-03-02,0.7
4294,2012-03-03,0.7
4295,2012-03-04,0.7
4296,2012-03-05,0.7
4297,2012-03-06,0.7
4298,2012-03-07,0.7
4299,2012-03-08,0.7
4300,2012-03-09,0.7
4301,2012-03-10,0.7
4302,2012-03-11,0.7
4303,2012-03-12,0.7
4304,2012-03-13,0.7
4305,2012-03-14,0.7
4306,2012-03-15,0.7
4307,2012-03-16,0.7
4308,2012-03-17,0.7
4309,2012-03-18,0.7
4310,2012-03-19,0.7
4311,2012-03-20,0.7
4312,2012-03-21,0.7
4313,2012-03-22,0.7
4314,2012-03-23,0.7
4315,2012-03-24,0.7
4316,2012-03-25,0.7
4317,2012-03-26,0.7
4318,2012-03-27,0.7
4319,2012-03-28,0.7
4320,2012-03-29,0.7
4321,2012-03-30,0.7
4322,2012-03-31,0.7
4323,2012-02-01,0.1
4324,2012-02-02,0.1
4325,2012-02-03,0.1
4326,2012-02-04,0.1
4327,2012-02-05,0.1
4328,2012-02-06,0.1
4329,2012-02-07,0.1
4330,2012-02-08,0.1
4331,2012-02-09,0.1
4332,2012-02-10,0.1
4333,2012-02-11,0.1
4334,2012-02-12,0.1
4335,2012-02-13,0.1
4336,2012-02-14,0.1
4337,2012-02-15,0.1
4338,2012-02-16,0.1
4339,2012-02-17,0.1
4340,2012-02-18,0.1
4341,2012-02-19,0.1
4342,2012-02-20,0.1
4343,2012-02-21,0.1
4344,2012-02-22,0.1
4345,2012-02-23,0.1
4346,2012-02-24,0.1
4347,2012-02-25,0.1
4348,2012-02-26,0.1
4349,2012-02-27,0.1
4350,2012-02-28,0.1
4351,2012-02-29,0.1
4352,2012-01-01,-1.1
4353,2012-01-02,-1.1
4354,2012-01-03,-1.1
4355,2012-01-04,-1.1
4356,2012-01-05,-1.1
4357,2012-01-06,-1.1
4358,2012-01-07,-1.1
4359,2012-01-08,-1.1
4360,2012-01-09,-1.1
4361,2012-01-10,-1.1
4362,2012-01-11,-1.1
4363,2012-01-12,-1.1
4364,2012-01-13,-1.1
4365,2012-01-14,-1.1
4366,2012-01-15,-1.1
4367,2012-01-16,-1.1
4368,2012-01-17,-1.1
4369,2012-01-18,-1.1
4370,2012-01-19,-1.1
4371,2012-01-20,-1.1
4372,2012-01-21,-1.1
4373,2012-01-22,-1.1
4374,2012-01-23,-1.1
4375,2012-01-24,-1.1
4376,2012-01-25,-1.1
4377,2012-01-26,-1.1
4378,2012-01-27,-1.1
4379,2012-01-28,-1.1
4380,2012-01-29,-1.1
4381,2012-01-30,-1.1
4382,2012-01-31,-1.1
4383,2011-12-01,0.1
4384,2011-12-02,0.1
4385,2011-12-03,0.1
4386,2011-12-04,0.1
4387,2011-12-05,0.1
4388,2011-12-06,0.1
4389,2011-12-07,0.1
4390,2011-12-08,0.1
4391,2011-12-09,0.1
4392,2011-12-10,0.1
4393,2011-12-11,0.1
4394,2011-12-12,0.1
4395,2011-12-13,0.1
4396,2011-12-14,0.1
4397,2011-12-15,0.1
4398,2011-12-16,0.1
4399,2011-12-17,0.1
4400,2011-12-18,0.1
4401,2011-12-19,0.1
4402,2011-12-20,0.1
4403,2011-12-21,0.1
4404,2011-12-22,0.1
4405,2011-12-23,0.1
4406,2011-12-24,0.1
4407,2011-12-25,0.1
4408,2011-12-26,0.1
4409,2011-12-27,0.1
4410,2011-12-28,0.1
4411,2011-12-29,0.1
4412,2011-12-30,0.1
4413,2011-12-31,0.1
4414,2011-11-01,0.4
4415,2011-11-02,0.4
4416,2011-11-03,0.4
4417,2011-11-04,0.4
4418,2011-11-05,0.4
4419,2011-11-06,0.4
4420,2011-11-07,0.4
4421,2011-11-08,0.4
4422,2011-11-09,0.4
4423,2011-11-10,0.4
4424,2011-11-11,0.4
4425,2011-11-12,0.4
4426,2011-11-13,0.4
4427,2011-11-14,0.4
4428,2011-11-15,0.4
4429,2011-11-16,0.4
4430,2011-11-17,0.4
4431,2011-11-18,0.4
4432,2011-11-19,0.4
4433,2011-11-20,0.4
4434,2011-11-21,0.4
4435,2011-11-22,0.4
4436,2011-11-23,0.4
4437,2011-11-24,0.4
4438,2011-11-25,0.4
4439,2011-11-26,0.4
4440,2011-11-27,0.4
4441,2011-11-28,0.4
4442,2011-11-29,0.4
4443,2011-11-30,0.4
4444,2011-10-01,0.8
4445,2011-10-02,0.8
4446,2011-10-03,0.8
4447,2011-10-04,0.8
4448,2011-10-05,0.8
4449,2011-10-06,0.8
4450,2011-10-07,0.8
4451,2011-10-08,0.8
4452,2011-10-09,0.8
4453,2011-10-10,0.8
4454,2011-10-11,0.8
4455,2011-10-12,0.8
4456,2011-10-13,0.8
4457,2011-10-14,0.8
4458,2011-10-15,0.8
4459,2011-10-16,0.8
4460,2011-10-17,0.8
4461,2011-10-18,0.8
4462,2011-10-19,0.8
4463,2011-10-20,0.8
4464,2011-10-21,0.8
4465,2011-10-22,0.8
4466,2011-10-23,0.8
4467,2011-10-24,0.8
4468,2011-10-25,0.8
4469,2011-10-26,0.8
4470,2011-10-27,0.8
4471,2011-10-28,0.8
4472,2011-10-29,0.8
4473,2011-10-30,0.8
4474,2011-10-31,0.8
4475,2011-09-01,0.2
4476,2011-09-02,0.2
4477,2011-09-03,0.2
4478,2011-09-04,0.2
4479,2011-09-05,0.2
4480,2011-09-06,0.2
4481,2011-09-07,0.2
4482,2011-09-08,0.2
4483,2011-09-09,0.2
4484,2011-09-10,0.2
4485,2011-09-11,0.2
4486,2011-09-12,0.2
4487,2011-09-13,0.2
4488,2011-09-14,0.2
4489,2011-09-15,0.2
4490,2011-09-16,0.2
4491,2011-09-17,0.2
4492,2011-09-18,0.2
4493,2011-09-19,0.2
4494,2011-09-20,0.2
4495,2011-09-21,0.2
4496,2011-09-22,0.2
4497,2011-09-23,0.2
4498,2011-09-24,0.2
4499,2011-09-25,0.2
4500,2011-09-26,0.2
4501,2011-09-27,0.2
4502,2011-09-28,0.2
4503,2011-09-29,0.2
4504,2011-09-30,0.2
4505,2011-08-01,0.1
4506,2011-08-02,0.1
4507,2011-08-03,0.1
4508,2011-08-04,0.1
4509,2011-08-05,0.1
4510,2011-08-06,0.1
4511,2011-08-07,0.1
4512,2011-08-08,0.1
4513,2011-08-09,0.1
4514,2011-08-10,0.1
4515,2011-08-11,0.1
4516,2011-08-12,0.1
4517,2011-08-13,0.1
4518,2011-08-14,0.1
4519,2011-08-15,0.1
4520,2011-08-16,0.1
4521,2011-08-17,0.1
4522,2011-08-18,0.1
4523,2011-08-19,0.1
4524,2011-08-20,0.1
4525,2011-08-21,0.1
4526,2011-08-22,0.1
4527,2011-08-23,0.1
4528,2011-08-24,0.1
4529,2011-08-25,0.1
4530,2011-08-26,0.1
4531,2011-08-27,0.1
4532,2011-08-28,0.1
4533,2011-08-29,0.1
4534,2011-08-30,0.1
4535,2011-08-31,0.1
4536,2011-07-01,-0.5
4537,2011-07-02,-0.5
4538,2011-07-03,-0.5
4539,2011-07-04,-0.5
4540,2011-07-05,-0.5
4541,2011-07-06,-0.5
4542,2011-07-07,-0.5
4543,2011-07-08,-0.5
4544,2011-07-09,-0.5
4545,2011-07-10,-0.5
4546,2011-07-11,-0.5
4547,2011-07-12,-0.5
4548,2011-07-13,-0.5
4549,2011-07-14,-0.5
4550,2011-07-15,-0.5
4551,2011-07-16,-0.5
4552,2011-07-17,-0.5
4553,2011-07-18,-0.5
4554,2011-07-19,-0.5
4555,2011-07-20,-0.5
4556,2011-07-21,-0.5
4557,2011-07-22,-0.5
4558,2011-07-23,-0.5
4559,2011-07-24,-0.5
4560,2011-07-25,-0.5
4561,2011-07-26,-0.5
4562,2011-07-27,-0.5
4563,2011-07-28,-0.5
4564,2011-07-29,-0.5
4565,2011-07-30,-0.5
4566,2011-07-31,-0.5
4567,2011-06-01,-0.1
4568,2011-06-02,-0.1
4569,2011-06-03,-0.1
4570,2011-06-04,-0.1
4571,2011-06-05,-0.1
4572,2011-06-06,-0.1
4573,2011-06-07,-0.1
4574,2011-06-08,-0.1
4575,2011-06-09,-0.1
4576,2011-06-10,-0.1
4577,2011-06-11,-0.1
4578,2011-06-12,-0.1
4579,2011-06-13,-0.1
4580,2011-06-14,-0.1
4581,2011-06-15,-0.1
4582,2011-06-16,-0.1
4583,2011-06-17,-0.1
4584,2011-06-18,-0.1
4585,2011-06-19,-0.1
4586,2011-06-20,-0.1
4587,2011-06-21,-0.1
4588,2011-06-22,-0.1
4589,2011-06-23,-0.1
4590,2011-06-24,-0.1
4591,2011-06-25,-0.1
4592,2011-06-26,-0.1
4593,2011-06-27,-0.1
4594,2011-06-28,-0.1
4595,2011-06-29,-0.1
4596,2011-06-30,-0.1
4597,2011-05-01,0.0
4598,2011-05-02,0.0
4599,2011-05-03,0.0
4600,2011-05-04,0.0
4601,2011-05-05,0.0
4602,2011-05-06,0.0
4603,2011-05-07,0.0
4604,2011-05-08,0.0
4605,2011-05-09,0.0
4606,2011-05-10,0.0
4607,2011-05-11,0.0
4608,2011-05-12,0.0
4609,2011-05-13,0.0
4610,2011-05-14,0.0
4611,2011-05-15,0.0
4612,2011-05-16,0.0
4613,2011-05-17,0.0
4614,2011-05-18,0.0
4615,2011-05-19,0.0
4616,2011-05-20,0.0
4617,2011-05-21,0.0
4618,2011-05-22,0.0
4619,2011-05-23,0.0
4620,2011-05-24,0.0
4621,2011-05-25,0.0
4622,2011-05-26,0.0
4623,2011-05-27,0.0
4624,2011-05-28,0.0
4625,2011-05-29,0.0
4626,2011-05-30,0.0
4627,2011-05-31,0.0
4628,2011-04-01,1.2
4629,2011-04-02,1.2
4630,2011-04-03,1.2
4631,2011-04-04,1.2
4632,2011-04-05,1.2
4633,2011-04-06,1.2
4634,2011-04-07,1.2
4635,2011-04-08,1.2
4636,2011-04-09,1.2
4637,2011-04-10,1.2
4638,2011-04-11,1.2
4639,2011-04-12,1.2
4640,2011-04-13,1.2
4641,2011-04-14,1.2
4642,2011-04-15,1.2
4643,2011-04-16,1.2
4644,2011-04-17,1.2
4645,2011-04-18,1.2
4646,2011-04-19,1.2
4647,2011-04-20,1.2
4648,2011-04-21,1.2
4649,2011-04-22,1.2
4650,2011-04-23,1.2
4651,2011-04-24,1.2
4652,2011-04-25,1.2
4653,2011-04-26,1.2
4654,2011-04-27,1.2
4655,2011-04-28,1.2
4656,2011-04-29,1.2
4657,2011-04-30,1.2
4658,2011-03-01,0.7
4659,2011-03-02,0.7
4660,2011-03-03,0.7
4661,2011-03-04,0.7
4662,2011-03-05,0.7
4663,2011-03-06,0.7
4664,2011-03-07,0.7
4665,2011-03-08,0.7
4666,2011-03-09,0.7
4667,2011-03-10,0.7
4668,2011-03-11,0.7
4669,2011-03-12,0.7
4670,2011-03-13,0.7
4671,2011-03-14,0.7
4672,2011-03-15,0.7
4673,2011-03-16,0.7
4674,2011-03-17,0.7
4675,2011-03-18,0.7
4676,2011-03-19,0.7
4677,2011-03-20,0.7
4678,2011-03-21,0.7
4679,2011-03-22,0.7
4680,2011-03-23,0.7
4681,2011-03-24,0.7
4682,2011-03-25,0.7
4683,2011-03-26,0.7
4684,2011-03-27,0.7
4685,2011-03-28,0.7
4686,2011-03-29,0.7
4687,2011-03-30,0.7
4688,2011-03-31,0.7
4689,2011-02-01,0.1
4690,2011-02-02,0.1
4691,2011-02-03,0.1
4692,2011-02-04,0.1
4693,2011-02-05,0.1
4694,2011-02-06,0.1
4695,2011-02-07,0.1
4696,2011-02-08,0.1
4697,2011-02-09,0.1
4698,2011-02-10,0.1
4699,2011-02-11,0.1
4700,2011-02-12,0.1
4701,2011-02-13,0.1
4702,2011-02-14,0.1
4703,2011-02-15,0.1
4704,2011-02-16,0.1
4705,2011-02-17,0.1
4706,2011-02-18,0.1
4707,2011-02-19,0.1
4708,2011-02-20,0.1
4709,2011-02-21,0.1
4710,2011-02-22,0.1
4711,2011-02-23,0.1
4712,2011-02-24,0.1
4713,2011-02-25,0.1
4714,2011-02-26,0.1
4715,2011-02-27,0.1
4716,2011-02-28,0.1
4717,2011-01-01,-0.7
4718,2011-01-02,-0.7
4719,2011-01-03,-0.7
4720,2011-01-04,-0.7
4721,2011-01-05,-0.7
4722,2011-01-06,-0.7
4723,2011-01-07,-0.7
4724,2011-01-08,-0.7
4725,2011-01-09,-0.7
4726,2011-01-10,-0.7
4727,2011-01-11,-0.7
4728,2011-01-12,-0.7
4729,2011-01-13,-0.7
4730,2011-01-14,-0.7
4731,2011-01-15,-0.7
4732,2011-01-16,-0.7
4733,2011-01-17,-0.7
4734,2011-01-18,-0.7
4735,2011-01-19,-0.7
4736,2011-01-20,-0.7
4737,2011-01-21,-0.7
4738,2011-01-22,-0.7
4739,2011-01-23,-0.7
4740,2011-01-24,-0.7
4741,2011-01-25,-0.7
4742,2011-01-26,-0.7
4743,2011-01-27,-0.7
4744,2011-01-28,-0.7
4745,2011-01-29,-0.7
4746,2011-01-30,-0.7
4747,2011-01-31,-0.7
4748,2010-12-01,0.6
4749,2010-12-02,0.6
4750,2010-12-03,0.6
4751,2010-12-04,0.6
4752,2010-12-05,0.6
4753,2010-12-06,0.6
4754,2010-12-07,0.6
4755,2010-12-08,0.6
4756,2010-12-09,0.6
4757,2010-12-10,0.6
4758,2010-12-11,0.6
4759,2010-12-12,0.6
4760,2010-12-13,0.6
4761,2010-12-14,0.6
4762,2010-12-15,0.6
4763,2010-12-16,0.6
4764,2010-12-17,0.6
4765,2010-12-18,0.6
4766,2010-12-19,0.6
4767,2010-12-20,0.6
4768,2010-12-21,0.6
4769,2010-12-22,0.6
4770,2010-12-23,0.6
4771,2010-12-24,0.6
4772,2010-12-25,0.6
4773,2010-12-26,0.6
4774,2010-12-27,0.6
4775,2010-12-28,0.6
4776,2010-12-29,0.6
4777,2010-12-30,0.6
4778,2010-12-31,0.6
4779,2010-11-01,0.5
4780,2010-11-02,0.5
4781,2010-11-03,0.5
4782,2010-11-04,0.5
4783,2010-11-05,0.5
4784,2010-11-06,0.5
4785,2010-11-07,0.5
4786,2010-11-08,0.5
4787,2010-11-09,0.5
4788,2010-11-10,0.5
4789,2010-11-11,0.5
4790,2010-11-12,0.5
4791,2010-11-13,0.5
4792,2010-11-14,0.5
4793,2010-11-15,0.5
4794,2010-11-16,0.5
4795,2010-11-17,0.5
4796,2010-11-18,0.5
4797,2010-11-19,0.5
4798,2010-11-20,0.5
4799,2010-11-21,0.5
4800,2010-11-22,0.5
4801,2010-11-23,0.5
4802,2010-11-24,0.5
4803,2010-11-25,0.5
4804,2010-11-26,0.5
4805,2010-11-27,0.5
4806,2010-11-28,0.5
4807,2010-11-29,0.5
4808,2010-11-30,0.5
4809,2010-10-01,0.9
4810,2010-10-02,0.9
4811,2010-10-03,0.9
4812,2010-10-04,0.9
4813,2010-10-05,0.9
4814,2010-10-06,0.9
4815,2010-10-07,0.9
4816,2010-10-08,0.9
4817,2010-10-09,0.9
4818,2010-10-10,0.9
4819,2010-10-11,0.9
4820,2010-10-12,0.9
4821,2010-10-13,0.9
4822,2010-10-14,0.9
4823,2010-10-15,0.9
4824,2010-10-16,0.9
4825,2010-10-17,0.9
4826,2010-10-18,0.9
4827,2010-10-19,0.9
4828,2010-10-20,0.9
4829,2010-10-21,0.9
4830,2010-10-22,0.9
4831,2010-10-23,0.9
4832,2010-10-24,0.9
4833,2010-10-25,0.9
4834,2010-10-26,0.9
4835,2010-10-27,0.9
4836,2010-10-28,0.9
4837,2010-10-29,0.9
4838,2010-10-30,0.9
4839,2010-10-31,0.9
4840,2010-09-01,0.1
4841,2010-09-02,0.1
4842,2010-09-03,0.1
4843,2010-09-04,0.1
4844,2010-09-05,0.1
4845,2010-09-06,0.1
4846,2010-09-07,0.1
4847,2010-09-08,0.1
4848,2010-09-09,0.1
4849,2010-09-10,0.1
4850,2010-09-11,0.1
4851,2010-09-12,0.1
4852,2010-09-13,0.1
4853,2010-09-14,0.1
4854,2010-09-15,0.1
4855,2010-09-16,0.1
4856,2010-09-17,0.1
4857,2010-09-18,0.1
4858,2010-09-19,0.1
4859,2010-09-20,0.1
4860,2010-09-21,0.1
4861,2010-09-22,0.1
4862,2010-09-23,0.1
4863,2010-09-24,0.1
4864,2010-09-25,0.1
4865,2010-09-26,0.1
4866,2010-09-27,0.1
4867,2010-09-28,0.1
4868,2010-09-29,0.1
4869,2010-09-30,0.1
4870,2010-08-01,0.3
4871,2010-08-02,0.3
4872,2010-08-03,0.3
4873,2010-08-04,0.3
4874,2010-08-05,0.3
4875,2010-08-06,0.3
4876,2010-08-07,0.3
4877,2010-08-08,0.3
4878,2010-08-09,0.3
4879,2010-08-10,0.3
4880,2010-08-11,0.3
4881,2010-08-12,0.3
4882,2010-08-13,0.3
4883,2010-08-14,0.3
4884,2010-08-15,0.3
4885,2010-08-16,0.3
4886,2010-08-17,0.3
4887,2010-08-18,0.3
4888,2010-08-19,0.3
4889,2010-08-20,0.3
4890,2010-08-21,0.3
4891,2010-08-22,0.3
4892,2010-08-23,0.3
4893,2010-08-24,0.3
4894,2010-08-25,0.3
4895,2010-08-26,0.3
4896,2010-08-27,0.3
4897,2010-08-28,0.3
4898,2010-08-29,0.3
4899,2010-08-30,0.3
4900,2010-08-31,0.3
4901,2010-07-01,-0.4
4902,2010-07-02,-0.4
4903,2010-07-03,-0.4
4904,2010-07-04,-0.4
4905,2010-07-05,-0.4
4906,2010-07-06,-0.4
4907,2010-07-07,-0.4
4908,2010-07-08,-0.4
4909,2010-07-09,-0.4
4910,2010-07-10,-0.4
4911,2010-07-11,-0.4
4912,2010-07-12,-0.4
4913,2010-07-13,-0.4
4914,2010-07-14,-0.4
4915,2010-07-15,-0.4
4916,2010-07-16,-0.4
4917,2010-07-17,-0.4
4918,2010-07-18,-0.4
4919,2010-07-19,-0.4
4920,2010-07-20,-0.4
4921,2010-07-21,-0.4
4922,2010-07-22,-0.4
4923,2010-07-23,-0.4
4924,2010-07-24,-0.4
4925,2010-07-25,-0.4
4926,2010-07-26,-0.4
4927,2010-07-27,-0.4
4928,2010-07-28,-0.4
4929,2010-07-29,-0.4
4930,2010-07-30,-0.4
4931,2010-07-31,-0.4
4932,2010-06-01,0.2
4933,2010-06-02,0.2
4934,2010-06-03,0.2
4935,2010-06-04,0.2
4936,2010-06-05,0.2
4937,2010-06-06,0.2
4938,2010-06-07,0.2
4939,2010-06-08,0.2
4940,2010-06-09,0.2
4941,2010-06-10,0.2
4942,2010-06-11,0.2
4943,2010-06-12,0.2
4944,2010-06-13,0.2
4945,2010-06-14,0.2
4946,2010-06-15,0.2
4947,2010-06-16,0.2
4948,2010-06-17,0.2
4949,2010-06-18,0.2
4950,2010-06-19,0.2
4951,2010-06-20,0.2
4952,2010-06-21,0.2
4953,2010-06-22,0.2
4954,2010-06-23,0.2
4955,2010-06-24,0.2
4956,2010-06-25,0.2
4957,2010-06-26,0.2
4958,2010-06-27,0.2
4959,2010-06-28,0.2
4960,2010-06-29,0.2
4961,2010-06-30,0.2
4962,2010-05-01,0.2
4963,2010-05-02,0.2
4964,2010-05-03,0.2
4965,2010-05-04,0.2
4966,2010-05-05,0.2
4967,2010-05-06,0.2
4968,2010-05-07,0.2
4969,2010-05-08,0.2
4970,2010-05-09,0.2
4971,2010-05-10,0.2
4972,2010-05-11,0.2
4973,2010-05-12,0.2
4974,2010-05-13,0.2
4975,2010-05-14,0.2
4976,2010-05-15,0.2
4977,2010-05-16,0.2
4978,2010-05-17,0.2
4979,2010-05-18,0.2
4980,2010-05-19,0.2
4981,2010-05-20,0.2
4982,2010-05-21,0.2
4983,2010-05-22,0.2
4984,2010-05-23,0.2
4985,2010-05-24,0.2
4986,2010-05-25,0.2
4987,2010-05-26,0.2
4988,2010-05-27,0.2
4989,2010-05-28,0.2
4990,2010-05-29,0.2
4991,2010-05-30,0.2
4992,2010-05-31,0.2
4993,2010-04-01,1.1
4994,2010-04-02,1.1
4995,2010-04-03,1.1
4996,2010-04-04,1.1
4997,2010-04-05,1.1
4998,2010-04-06,1.1
4999,2010-04-07,1.1
5000,2010-04-08,1.1
5001,2010-04-09,1.1
5002,2010-04-10,1.1
5003,2010-04-11,1.1
5004,2010-04-12,1.1
5005,2010-04-13,1.1
5006,2010-04-14,1.1
5007,2010-04-15,1.1
5008,2010-04-16,1.1
5009,2010-04-17,1.1
5010,2010-04-18,1.1
5011,2010-04-19,1.1
5012,2010-04-20,1.1
5013,2010-04-21,1.1
5014,2010-04-22,1.1
5015,2010-04-23,1.1
5016,2010-04-24,1.1
5017,2010-04-25,1.1
5018,2010-04-26,1.1
5019,2010-04-27,1.1
5020,2010-04-28,1.1
5021,2010-04-29,1.1
5022,2010-04-30,1.1
5023,2010-03-01,0.7
5024,2010-03-02,0.7
5025,2010-03-03,0.7
5026,2010-03-04,0.7
5027,2010-03-05,0.7
5028,2010-03-06,0.7
5029,2010-03-07,0.7
5030,2010-03-08,0.7
5031,2010-03-09,0.7
5032,2010-03-10,0.7
5033,2010-03-11,0.7
5034,2010-03-12,0.7
5035,2010-03-13,0.7
5036,2010-03-14,0.7
5037,2010-03-15,0.7
5038,2010-03-16,0.7
5039,2010-03-17,0.7
5040,2010-03-18,0.7
5041,2010-03-19,0.7
5042,2010-03-20,0.7
5043,2010-03-21,0.7
5044,2010-03-22,0.7
5045,2010-03-23,0.7
5046,2010-03-24,0.7
5047,2010-03-25,0.7
5048,2010-03-26,0.7
5049,2010-03-27,0.7
5050,2010-03-28,0.7
5051,2010-03-29,0.7
5052,2010-03-30,0.7
5053,2010-03-31,0.7
5054,2010-02-01,-0.2
5055,2010-02-02,-0.2
5056,2010-02-03,-0.2
5057,2010-02-04,-0.2
5058,2010-02-05,-0.2
5059,2010-02-06,-0.2
5060,2010-02-07,-0.2
5061,2010-02-08,-0.2
5062,2010-02-09,-0.2
5063,2010-02-10,-0.2
5064,2010-02-11,-0.2
5065,2010-02-12,-0.2
5066,2010-02-13,-0.2
5067,2010-02-14,-0.2
5068,2010-02-15,-0.2
5069,2010-02-16,-0.2
5070,2010-02-17,-0.2
5071,2010-02-18,-0.2
5072,2010-02-19,-0.2
5073,2010-02-20,-0.2
5074,2010-02-21,-0.2
5075,2010-02-22,-0.2
5076,2010-02-23,-0.2
5077,2010-02-24,-0.2
5078,2010-02-25,-0.2
5079,2010-02-26,-0.2
5080,2010-02-27,-0.2
5081,2010-02-28,-0.2
5082,2010-01-01,-1.0
5083,2010-01-02,-1.0
5084,2010-01-03,-1.0
5085,2010-01-04,-1.0
5086,2010-01-05,-1.0
5087,2010-01-06,-1.0
5088,2010-01-07,-1.0
5089,2010-01-08,-1.0
5090,2010-01-09,-1.0
5091,2010-01-10,-1.0
5092,2010-01-11,-1.0
5093,2010-01-12,-1.0
5094,2010-01-13,-1.0
5095,2010-01-14,-1.0
5096,2010-01-15,-1.0
5097,2010-01-16,-1.0
5098,2010-01-17,-1.0
5099,2010-01-18,-1.0
5100,2010-01-19,-1.0
5101,2010-01-20,-1.0
5102,2010-01-21,-1.0
5103,2010-01-22,-1.0
5104,2010-01-23,-1.0
5105,2010-01-24,-1.0
5106,2010-01-25,-1.0
5107,2010-01-26,-1.0
5108,2010-01-27,-1.0
5109,2010-01-28,-1.0
5110,2010-01-29,-1.0
5111,2010-01-30,-1.0
5112,2010-01-31,-1.0
5113,2009-12-01,0.0
5114,2009-12-02,0.0
5115,2009-12-03,0.0
5116,2009-12-04,0.0
5117,2009-12-05,0.0
5118,2009-12-06,0.0
5119,2009-12-07,0.0
5120,2009-12-08,0.0
5121,2009-12-09,0.0
5122,2009-12-10,0.0
5123,2009-12-11,0.0
5124,2009-12-12,0.0
5125,2009-12-13,0.0
5126,2009-12-14,0.0
5127,2009-12-15,0.0
5128,2009-12-16,0.0
5129,2009-12-17,0.0
5130,2009-12-18,0.0
5131,2009-12-19,0.0
5132,2009-12-20,0.0
5133,2009-12-21,0.0
5134,2009-12-22,0.0
5135,2009-12-23,0.0
5136,2009-12-24,0.0
5137,2009-12-25,0.0
5138,2009-12-26,0.0
5139,2009-12-27,0.0
5140,2009-12-28,0.0
5141,2009-12-29,0.0
5142,2009-12-30,0.0
5143,2009-12-31,0.0
5144,2009-11-01,0.5
5145,2009-11-02,0.5
5146,2009-11-03,0.5
5147,2009-11-04,0.5
5148,2009-11-05,0.5
5149,2009-11-06,0.5
5150,2009-11-07,0.5
5151,2009-11-08,0.5
5152,2009-11-09,0.5
5153,2009-11-10,0.5
5154,2009-11-11,0.5
5155,2009-11-12,0.5
5156,2009-11-13,0.5
5157,2009-11-14,0.5
5158,2009-11-15,0.5
5159,2009-11-16,0.5
5160,2009-11-17,0.5
5161,2009-11-18,0.5
5162,2009-11-19,0.5
5163,2009-11-20,0.5
5164,2009-11-21,0.5
5165,2009-11-22,0.5
5166,2009-11-23,0.5
5167,2009-11-24,0.5
5168,2009-11-25,0.5
5169,2009-11-26,0.5
5170,2009-11-27,0.5
5171,2009-11-28,0.5
5172,2009-11-29,0.5
5173,2009-11-30,0.5
5174,2009-10-01,0.7
5175,2009-10-02,0.7
5176,2009-10-03,0.7
5177,2009-10-04,0.7
5178,2009-10-05,0.7
5179,2009-10-06,0.7
5180,2009-10-07,0.7
5181,2009-10-08,0.7
5182,2009-10-09,0.7
5183,2009-10-10,0.7
5184,2009-10-11,0.7
5185,2009-10-12,0.7
5186,2009-10-13,0.7
5187,2009-10-14,0.7
5188,2009-10-15,0.7
5189,2009-10-16,0.7
5190,2009-10-17,0.7
5191,2009-10-18,0.7
5192,2009-10-19,0.7
5193,2009-10-20,0.7
5194,2009-10-21,0.7
5195,2009-10-22,0.7
5196,2009-10-23,0.7
5197,2009-10-24,0.7
5198,2009-10-25,0.7
5199,2009-10-26,0.7
5200,2009-10-27,0.7
5201,2009-10-28,0.7
5202,2009-10-29,0.7
5203,2009-10-30,0.7
5204,2009-10-31,0.7
5205,2009-09-01,-0.2
5206,2009-09-02,-0.2
5207,2009-09-03,-0.2
5208,2009-09-04,-0.2
5209,2009-09-05,-0.2
5210,2009-09-06,-0.2
5211,2009-09-07,-0.2
5212,2009-09-08,-0.2
5213,2009-09-09,-0.2
5214,2009-09-10,-0.2
5215,2009-09-11,-0.2
5216,2009-09-12,-0.2
5217,2009-09-13,-0.2
5218,2009-09-14,-0.2
5219,2009-09-15,-0.2
5220,2009-09-16,-0.2
5221,2009-09-17,-0.2
5222,2009-09-18,-0.2
5223,2009-09-19,-0.2
5224,2009-09-20,-0.2
5225,2009-09-21,-0.2
5226,2009-09-22,-0.2
5227,2009-09-23,-0.2
5228,2009-09-24,-0.2
5229,2009-09-25,-0.2
5230,2009-09-26,-0.2
5231,2009-09-27,-0.2
5232,2009-09-28,-0.2
5233,2009-09-29,-0.2
5234,2009-09-30,-0.2
5235,2009-08-01,0.3
5236,2009-08-02,0.3
5237,2009-08-03,0.3
5238,2009-08-04,0.3
5239,2009-08-05,0.3
5240,2009-08-06,0.3
5241,2009-08-07,0.3
5242,2009-08-08,0.3
5243,2009-08-09,0.3
5244,2009-08-10,0.3
5245,2009-08-11,0.3
5246,2009-08-12,0.3
5247,2009-08-13,0.3
5248,2009-08-14,0.3
5249,2009-08-15,0.3
5250,2009-08-16,0.3
5251,2009-08-17,0.3
5252,2009-08-18,0.3
5253,2009-08-19,0.3
5254,2009-08-20,0.3
5255,2009-08-21,0.3
5256,2009-08-22,0.3
5257,2009-08-23,0.3
5258,2009-08-24,0.3
5259,2009-08-25,0.3
5260,2009-08-26,0.3
5261,2009-08-27,0.3
5262,2009-08-28,0.3
5263,2009-08-29,0.3
5264,2009-08-30,0.3
5265,2009-08-31,0.3
5266,2009-07-01,-0.9
5267,2009-07-02,-0.9
5268,2009-07-03,-0.9
5269,2009-07-04,-0.9
5270,2009-07-05,-0.9
5271,2009-07-06,-0.9
5272,2009-07-07,-0.9
5273,2009-07-08,-0.9
5274,2009-07-09,-0.9
5275,2009-07-10,-0.9
5276,2009-07-11,-0.9
5277,2009-07-12,-0.9
5278,2009-07-13,-0.9
5279,2009-07-14,-0.9
5280,2009-07-15,-0.9
5281,2009-07-16,-0.9
5282,2009-07-17,-0.9
5283,2009-07-18,-0.9
5284,2009-07-19,-0.9
5285,2009-07-20,-0.9
5286,2009-07-21,-0.9
5287,2009-07-22,-0.9
5288,2009-07-23,-0.9
5289,2009-07-24,-0.9
5290,2009-07-25,-0.9
5291,2009-07-26,-0.9
5292,2009-07-27,-0.9
5293,2009-07-28,-0.9
5294,2009-07-29,-0.9
5295,2009-07-30,-0.9
5296,2009-07-31,-0.9
5297,2009-06-01,0.4
5298,2009-06-02,0.4
5299,2009-06-03,0.4
5300,2009-06-04,0.4
5301,2009-06-05,0.4
5302,2009-06-06,0.4
5303,2009-06-07,0.4
5304,2009-06-08,0.4
5305,2009-06-09,0.4
5306,2009-06-10,0.4
5307,2009-06-11,0.4
5308,2009-06-12,0.4
5309,2009-06-13,0.4
5310,2009-06-14,0.4
5311,2009-06-15,0.4
5312,2009-06-16,0.4
5313,2009-06-17,0.4
5314,2009-06-18,0.4
5315,2009-06-19,0.4
5316,2009-06-20,0.4
5317,2009-06-21,0.4
5318,2009-06-22,0.4
5319,2009-06-23,0.4
5320,2009-06-24,0.4
5321,2009-06-25,0.4
5322,2009-06-26,0.4
5323,2009-06-27,0.4
5324,2009-06-28,0.4
5325,2009-06-29,0.4
5326,2009-06-30,0.4
5327,2009-05-01,0.0
5328,2009-05-02,0.0
5329,2009-05-03,0.0
5330,2009-05-04,0.0
5331,2009-05-05,0.0
5332,2009-05-06,0.0
5333,2009-05-07,0.0
5334,2009-05-08,0.0
5335,2009-05-09,0.0
5336,2009-05-10,0.0
5337,2009-05-11,0.0
5338,2009-05-12,0.0
5339,2009-05-13,0.0
5340,2009-05-14,0.0
5341,2009-05-15,0.0
5342,2009-05-16,0.0
5343,2009-05-17,0.0
5344,2009-05-18,0.0
5345,2009-05-19,0.0
5346,2009-05-20,0.0
5347,2009-05-21,0.0
5348,2009-05-22,0.0
5349,2009-05-23,0.0
5350,2009-05-24,0.0
5351,2009-05-25,0.0
5352,2009-05-26,0.0
5353,2009-05-27,0.0
5354,2009-05-28,0.0
5355,2009-05-29,0.0
5356,2009-05-30,0.0
5357,2009-05-31,0.0
5358,2009-04-01,1.0
5359,2009-04-02,1.0
5360,2009-04-03,1.0
5361,2009-04-04,1.0
5362,2009-04-05,1.0
5363,2009-04-06,1.0
5364,2009-04-07,1.0
5365,2009-04-08,1.0
5366,2009-04-09,1.0
5367,2009-04-10,1.0
5368,2009-04-11,1.0
5369,2009-04-12,1.0
5370,2009-04-13,1.0
5371,2009-04-14,1.0
5372,2009-04-15,1.0
5373,2009-04-16,1.0
5374,2009-04-17,1.0
5375,2009-04-18,1.0
5376,2009-04-19,1.0
5377,2009-04-20,1.0
5378,2009-04-21,1.0
5379,2009-04-22,1.0
5380,2009-04-23,1.0
5381,2009-04-24,1.0
5382,2009-04-25,1.0
5383,2009-04-26,1.0
5384,2009-04-27,1.0
5385,2009-04-28,1.0
5386,2009-04-29,1.0
5387,2009-04-30,1.0
5388,2009-03-01,0.2
5389,2009-03-02,0.2
5390,2009-03-03,0.2
5391,2009-03-04,0.2
5392,2009-03-05,0.2
5393,2009-03-06,0.2
5394,2009-03-07,0.2
5395,2009-03-08,0.2
5396,2009-03-09,0.2
5397,2009-03-10,0.2
5398,2009-03-11,0.2
5399,2009-03-12,0.2
5400,2009-03-13,0.2
5401,2009-03-14,0.2
5402,2009-03-15,0.2
5403,2009-03-16,0.2
5404,2009-03-17,0.2
5405,2009-03-18,0.2
5406,2009-03-19,0.2
5407,2009-03-20,0.2
5408,2009-03-21,0.2
5409,2009-03-22,0.2
5410,2009-03-23,0.2
5411,2009-03-24,0.2
5412,2009-03-25,0.2
5413,2009-03-26,0.2
5414,2009-03-27,0.2
5415,2009-03-28,0.2
5416,2009-03-29,0.2
5417,2009-03-30,0.2
5418,2009-03-31,0.2
5419,2009-02-01,0.0
5420,2009-02-02,0.0
5421,2009-02-03,0.0
5422,2009-02-04,0.0
5423,2009-02-05,0.0
5424,2009-02-06,0.0
5425,2009-02-07,0.0
5426,2009-02-08,0.0
5427,2009-02-09,0.0
5428,2009-02-10,0.0
5429,2009-02-11,0.0
5430,2009-02-12,0.0
5431,2009-02-13,0.0
5432,2009-02-14,0.0
5433,2009-02-15,0.0
5434,2009-02-16,0.0
5435,2009-02-17,0.0
5436,2009-02-18,0.0
5437,2009-02-19,0.0
5438,2009-02-20,0.0
5439,2009-02-21,0.0
5440,2009-02-22,0.0
5441,2009-02-23,0.0
5442,2009-02-24,0.0
5443,2009-02-25,0.0
5444,2009-02-26,0.0
5445,2009-02-27,0.0
5446,2009-02-28,0.0
5447,2009-01-01,-1.2
5448,2009-01-02,-1.2
5449,2009-01-03,-1.2
5450,2009-01-04,-1.2
5451,2009-01-05,-1.2
5452,2009-01-06,-1.2
5453,2009-01-07,-1.2
5454,2009-01-08,-1.2
5455,2009-01-09,-1.2
5456,2009-01-10,-1.2
5457,2009-01-11,-1.2
5458,2009-01-12,-1.2
5459,2009-01-13,-1.2
5460,2009-01-14,-1.2
5461,2009-01-15,-1.2
5462,2009-01-16,-1.2
5463,2009-01-17,-1.2
5464,2009-01-18,-1.2
5465,2009-01-19,-1.2
5466,2009-01-20,-1.2
5467,2009-01-21,-1.2
5468,2009-01-22,-1.2
5469,2009-01-23,-1.2
5470,2009-01-24,-1.2
5471,2009-01-25,-1.2
5472,2009-01-26,-1.2
5473,2009-01-27,-1.2
5474,2009-01-28,-1.2
5475,2009-01-29,-1.2
5476,2009-01-30,-1.2
5477,2009-01-31,-1.2
5478,2008-12-01,-0.5
5479,2008-12-02,-0.5
5480,2008-12-03,-0.5
5481,2008-12-04,-0.5
5482,2008-12-05,-0.5
5483,2008-12-06,-0.5
5484,2008-12-07,-0.5
5485,2008-12-08,-0.5
5486,2008-12-09,-0.5
5487,2008-12-10,-0.5
5488,2008-12-11,-0.5
5489,2008-12-12,-0.5
5490,2008-12-13,-0.5
5491,2008-12-14,-0.5
5492,2008-12-15,-0.5
5493,2008-12-16,-0.5
5494,2008-12-17,-0.5
5495,2008-12-18,-0.5
5496,2008-12-19,-0.5
5497,2008-12-20,-0.5
5498,2008-12-21,-0.5
5499,2008-12-22,-0.5
5500,2008-12-23,-0.5
5501,2008-12-24,-0.5
5502,2008-12-25,-0.5
5503,2008-12-26,-0.5
5504,2008-12-27,-0.5
5505,2008-12-28,-0.5
5506,2008-12-29,-0.5
5507,2008-12-30,-0.5
5508,2008-12-31,-0.5
5509,2008-11-01,-0.4
5510,2008-11-02,-0.4
5511,2008-11-03,-0.4
5512,2008-11-04,-0.4
5513,2008-11-05,-0.4
5514,2008-11-06,-0.4
5515,2008-11-07,-0.4
5516,2008-11-08,-0.4
5517,2008-11-09,-0.4
5518,2008-11-10,-0.4
5519,2008-11-11,-0.4
5520,2008-11-12,-0.4
5521,2008-11-13,-0.4
5522,2008-11-14,-0.4
5523,2008-11-15,-0.4
5524,2008-11-16,-0.4
5525,2008-11-17,-0.4
5526,2008-11-18,-0.4
5527,2008-11-19,-0.4
5528,2008-11-20,-0.4
5529,2008-11-21,-0.4
5530,2008-11-22,-0.4
5531,2008-11-23,-0.4
5532,2008-11-24,-0.4
5533,2008-11-25,-0.4
5534,2008-11-26,-0.4
5535,2008-11-27,-0.4
5536,2008-11-28,-0.4
5537,2008-11-29,-0.4
5538,2008-11-30,-0.4
5539,2008-10-01,0.3
5540,2008-10-02,0.3
5541,2008-10-03,0.3
5542,2008-10-04,0.3
5543,2008-10-05,0.3
5544,2008-10-06,0.3
5545,2008-10-07,0.3
5546,2008-10-08,0.3
5547,2008-10-09,0.3
5548,2008-10-10,0.3
5549,2008-10-11,0.3
5550,2008-10-12,0.3
5551,2008-10-13,0.3
5552,2008-10-14,0.3
5553,2008-10-15,0.3
5554,2008-10-16,0.3
5555,2008-10-17,0.3
5556,2008-10-18,0.3
5557,2008-10-19,0.3
5558,2008-10-20,0.3
5559,2008-10-21,0.3
5560,2008-10-22,0.3
5561,2008-10-23,0.3
5562,2008-10-24,0.3
5563,2008-10-25,0.3
5564,2008-10-26,0.3
5565,2008-10-27,0.3
5566,2008-10-28,0.3
5567,2008-10-29,0.3
5568,2008-10-30,0.3
5569,2008-10-31,0.3
5570,2008-09-01,0.0
5571,2008-09-02,0.0
5572,2008-09-03,0.0
5573,2008-09-04,0.0
5574,2008-09-05,0.0
5575,2008-09-06,0.0
5576,2008-09-07,0.0
5577,2008-09-08,0.0
5578,2008-09-09,0.0
5579,2008-09-10,0.0
5580,2008-09-11,0.0
5581,2008-09-12,0.0
5582,2008-09-13,0.0
5583,2008-09-14,0.0
5584,2008-09-15,0.0
5585,2008-09-16,0.0
5586,2008-09-17,0.0
5587,2008-09-18,0.0
5588,2008-09-19,0.0
5589,2008-09-20,0.0
5590,2008-09-21,0.0
5591,2008-09-22,0.0
5592,2008-09-23,0.0
5593,2008-09-24,0.0
5594,2008-09-25,0.0
5595,2008-09-26,0.0
5596,2008-09-27,0.0
5597,2008-09-28,0.0
5598,2008-09-29,0.0
5599,2008-09-30,0.0
5600,2008-08-01,-0.2
5601,2008-08-02,-0.2
5602,2008-08-03,-0.2
5603,2008-08-04,-0.2
5604,2008-08-05,-0.2
5605,2008-08-06,-0.2
5606,2008-08-07,-0.2
5607,2008-08-08,-0.2
5608,2008-08-09,-0.2
5609,2008-08-10,-0.2
5610,2008-08-11,-0.2
5611,2008-08-12,-0.2
5612,2008-08-13,-0.2
5613,2008-08-14,-0.2
5614,2008-08-15,-0.2
5615,2008-08-16,-0.2
5616,2008-08-17,-0.2
5617,2008-08-18,-0.2
5618,2008-08-19,-0.2
5619,2008-08-20,-0.2
5620,2008-08-21,-0.2
5621,2008-08-22,-0.2
5622,2008-08-23,-0.2
5623,2008-08-24,-0.2
5624,2008-08-25,-0.2
5625,2008-08-26,-0.2
5626,2008-08-27,-0.2
5627,2008-08-28,-0.2
5628,2008-08-29,-0.2
5629,2008-08-30,-0.2
5630,2008-08-31,-0.2
5631,2008-07-01,-0.5
5632,2008-07-02,-0.5
5633,2008-07-03,-0.5
5634,2008-07-04,-0.5
5635,2008-07-05,-0.5
5636,2008-07-06,-0.5
5637,2008-07-07,-0.5
5638,2008-07-08,-0.5
5639,2008-07-09,-0.5
5640,2008-07-10,-0.5
5641,2008-07-11,-0.5
5642,2008-07-12,-0.5
5643,2008-07-13,-0.5
5644,2008-07-14,-0.5
5645,2008-07-15,-0.5
5646,2008-07-16,-0.5
5647,2008-07-17,-0.5
5648,2008-07-18,-0.5
5649,2008-07-19,-0.5
5650,2008-07-20,-0.5
5651,2008-07-21,-0.5
5652,2008-07-22,-0.5
5653,2008-07-23,-0.5
5654,2008-07-24,-0.5
5655,2008-07-25,-0.5
5656,2008-07-26,-0.5
5657,2008-07-27,-0.5
5658,2008-07-28,-0.5
5659,2008-07-29,-0.5
5660,2008-07-30,-0.5
5661,2008-07-31,-0.5
5662,2008-06-01,0.6
5663,2008-06-02,0.6
5664,2008-06-03,0.6
5665,2008-06-04,0.6
5666,2008-06-05,0.6
5667,2008-06-06,0.6
5668,2008-06-07,0.6
5669,2008-06-08,0.6
5670,2008-06-09,0.6
5671,2008-06-10,0.6
5672,2008-06-11,0.6
5673,2008-06-12,0.6
5674,2008-06-13,0.6
5675,2008-06-14,0.6
5676,2008-06-15,0.6
5677,2008-06-16,0.6
5678,2008-06-17,0.6
5679,2008-06-18,0.6
5680,2008-06-19,0.6
5681,2008-06-20,0.6
5682,2008-06-21,0.6
5683,2008-06-22,0.6
5684,2008-06-23,0.6
5685,2008-06-24,0.6
5686,2008-06-25,0.6
5687,2008-06-26,0.6
5688,2008-06-27,0.6
5689,2008-06-28,0.6
5690,2008-06-29,0.6
5691,2008-06-30,0.6
5692,2008-05-01,0.7
5693,2008-05-02,0.7
5694,2008-05-03,0.7
5695,2008-05-04,0.7
5696,2008-05-05,0.7
5697,2008-05-06,0.7
5698,2008-05-07,0.7
5699,2008-05-08,0.7
5700,2008-05-09,0.7
5701,2008-05-10,0.7
5702,2008-05-11,0.7
5703,2008-05-12,0.7
5704,2008-05-13,0.7
5705,2008-05-14,0.7
5706,2008-05-15,0.7
5707,2008-05-16,0.7
5708,2008-05-17,0.7
5709,2008-05-18,0.7
5710,2008-05-19,0.7
5711,2008-05-20,0.7
5712,2008-05-21,0.7
5713,2008-05-22,0.7
5714,2008-05-23,0.7
5715,2008-05-24,0.7
5716,2008-05-25,0.7
5717,2008-05-26,0.7
5718,2008-05-27,0.7
5719,2008-05-28,0.7
5720,2008-05-29,0.7
5721,2008-05-30,0.7
5722,2008-05-31,0.7
5723,2008-04-01,1.1
5724,2008-04-02,1.1
5725,2008-04-03,1.1
5726,2008-04-04,1.1
5727,2008-04-05,1.1
5728,2008-04-06,1.1
5729,2008-04-07,1.1
5730,2008-04-08,1.1
5731,2008-04-09,1.1
5732,2008-04-10,1.1
5733,2008-04-11,1.1
5734,2008-04-12,1.1
5735,2008-04-13,1.1
5736,2008-04-14,1.1
5737,2008-04-15,1.1
5738,2008-04-16,1.1
5739,2008-04-17,1.1
5740,2008-04-18,1.1
5741,2008-04-19,1.1
5742,2008-04-20,1.1
5743,2008-04-21,1.1
5744,2008-04-22,1.1
5745,2008-04-23,1.1
5746,2008-04-24,1.1
5747,2008-04-25,1.1
5748,2008-04-26,1.1
5749,2008-04-27,1.1
5750,2008-04-28,1.1
5751,2008-04-29,1.1
5752,2008-04-30,1.1
5753,2008-03-01,0.9
5754,2008-03-02,0.9
5755,2008-03-03,0.9
5756,2008-03-04,0.9
5757,2008-03-05,0.9
5758,2008-03-06,0.9
5759,2008-03-07,0.9
5760,2008-03-08,0.9
5761,2008-03-09,0.9
5762,2008-03-10,0.9
5763,2008-03-11,0.9
5764,2008-03-12,0.9
5765,2008-03-13,0.9
5766,2008-03-14,0.9
5767,2008-03-15,0.9
5768,2008-03-16,0.9
5769,2008-03-17,0.9
5770,2008-03-18,0.9
5771,2008-03-19,0.9
5772,2008-03-20,0.9
5773,2008-03-21,0.9
5774,2008-03-22,0.9
5775,2008-03-23,0.9
5776,2008-03-24,0.9
5777,2008-03-25,0.9
5778,2008-03-26,0.9
5779,2008-03-27,0.9
5780,2008-03-28,0.9
5781,2008-03-29,0.9
5782,2008-03-30,0.9
5783,2008-03-31,0.9
5784,2008-02-01,0.2
5785,2008-02-02,0.2
5786,2008-02-03,0.2
5787,2008-02-04,0.2
5788,2008-02-05,0.2
5789,2008-02-06,0.2
5790,2008-02-07,0.2
5791,2008-02-08,0.2
5792,2008-02-09,0.2
5793,2008-02-10,0.2
5794,2008-02-11,0.2
5795,2008-02-12,0.2
5796,2008-02-13,0.2
5797,2008-02-14,0.2
5798,2008-02-15,0.2
5799,2008-02-16,0.2
5800,2008-02-17,0.2
5801,2008-02-18,0.2
5802,2008-02-19,0.2
5803,2008-02-20,0.2
5804,2008-02-21,0.2
5805,2008-02-22,0.2
5806,2008-02-23,0.2
5807,2008-02-24,0.2
5808,2008-02-25,0.2
5809,2008-02-26,0.2
5810,2008-02-27,0.2
5811,2008-02-28,0.2
5812,2008-02-29,0.2
5813,2008-01-01,-0.6
5814,2008-01-02,-0.6
5815,2008-01-03,-0.6
5816,2008-01-04,-0.6
5817,2008-01-05,-0.6
5818,2008-01-06,-0.6
5819,2008-01-07,-0.6
5820,2008-01-08,-0.6
5821,2008-01-09,-0.6
5822,2008-01-10,-0.6
5823,2008-01-11,-0.6
5824,2008-01-12,-0.6
5825,2008-01-13,-0.6
5826,2008-01-14,-0.6
5827,2008-01-15,-0.6
5828,2008-01-16,-0.6
5829,2008-01-17,-0.6
5830,2008-01-18,-0.6
5831,2008-01-19,-0.6
5832,2008-01-20,-0.6
5833,2008-01-21,-0.6
5834,2008-01-22,-0.6
5835,2008-01-23,-0.6
5836,2008-01-24,-0.6
5837,2008-01-25,-0.6
5838,2008-01-26,-0.6
5839,2008-01-27,-0.6
5840,2008-01-28,-0.6
5841,2008-01-29,-0.6
5842,2008-01-30,-0.6
5843,2008-01-31,-0.6
5844,2007-12-01,0.4
5845,2007-12-02,0.4
5846,2007-12-03,0.4
5847,2007-12-04,0.4
5848,2007-12-05,0.4
5849,2007-12-06,0.4
5850,2007-12-07,0.4
5851,2007-12-08,0.4
5852,2007-12-09,0.4
5853,2007-12-10,0.4
5854,2007-12-11,0.4
5855,2007-12-12,0.4
5856,2007-12-13,0.4
5857,2007-12-14,0.4
5858,2007-12-15,0.4
5859,2007-12-16,0.4
5860,2007-12-17,0.4
5861,2007-12-18,0.4
5862,2007-12-19,0.4
5863,2007-12-20,0.4
5864,2007-12-21,0.4
5865,2007-12-22,0.4
5866,2007-12-23,0.4
5867,2007-12-24,0.4
5868,2007-12-25,0.4
5869,2007-12-26,0.4
5870,2007-12-27,0.4
5871,2007-12-28,0.4
5872,2007-12-29,0.4
5873,2007-12-30,0.4
5874,2007-12-31,0.4
5875,2007-11-01,0.7
5876,2007-11-02,0.7
5877,2007-11-03,0.7
5878,2007-11-04,0.7
5879,2007-11-05,0.7
5880,2007-11-06,0.7
5881,2007-11-07,0.7
5882,2007-11-08,0.7
5883,2007-11-09,0.7
5884,2007-11-10,0.7
5885,2007-11-11,0.7
5886,2007-11-12,0.7
5887,2007-11-13,0.7
5888,2007-11-14,0.7
5889,2007-11-15,0.7
5890,2007-11-16,0.7
5891,2007-11-17,0.7
5892,2007-11-18,0.7
5893,2007-11-19,0.7
5894,2007-11-20,0.7
5895,2007-11-21,0.7
5896,2007-11-22,0.7
5897,2007-11-23,0.7
5898,2007-11-24,0.7
5899,2007-11-25,0.7
5900,2007-11-26,0.7
5901,2007-11-27,0.7
5902,2007-11-28,0.7
5903,2007-11-29,0.7
5904,2007-11-30,0.7
5905,2007-10-01,1.3
5906,2007-10-02,1.3
5907,2007-10-03,1.3
5908,2007-10-04,1.3
5909,2007-10-05,1.3
5910,2007-10-06,1.3
5911,2007-10-07,1.3
5912,2007-10-08,1.3
5913,2007-10-09,1.3
5914,2007-10-10,1.3
5915,2007-10-11,1.3
5916,2007-10-12,1.3
5917,2007-10-13,1.3
5918,2007-10-14,1.3
5919,2007-10-15,1.3
5920,2007-10-16,1.3
5921,2007-10-17,1.3
5922,2007-10-18,1.3
5923,2007-10-19,1.3
5924,2007-10-20,1.3
5925,2007-10-21,1.3
5926,2007-10-22,1.3
5927,2007-10-23,1.3
5928,2007-10-24,1.3
5929,2007-10-25,1.3
5930,2007-10-26,1.3
5931,2007-10-27,1.3
5932,2007-10-28,1.3
5933,2007-10-29,1.3
5934,2007-10-30,1.3
5935,2007-10-31,1.3
5936,2007-09-01,0.3
5937,2007-09-02,0.3
5938,2007-09-03,0.3
5939,2007-09-04,0.3
5940,2007-09-05,0.3
5941,2007-09-06,0.3
5942,2007-09-07,0.3
5943,2007-09-08,0.3
5944,2007-09-09,0.3
5945,2007-09-10,0.3
5946,2007-09-11,0.3
5947,2007-09-12,0.3
5948,2007-09-13,0.3
5949,2007-09-14,0.3
5950,2007-09-15,0.3
5951,2007-09-16,0.3
5952,2007-09-17,0.3
5953,2007-09-18,0.3
5954,2007-09-19,0.3
5955,2007-09-20,0.3
5956,2007-09-21,0.3
5957,2007-09-22,0.3
5958,2007-09-23,0.3
5959,2007-09-24,0.3
5960,2007-09-25,0.3
5961,2007-09-26,0.3
5962,2007-09-27,0.3
5963,2007-09-28,0.3
5964,2007-09-29,0.3
5965,2007-09-30,0.3
5966,2007-08-01,0.1
5967,2007-08-02,0.1
5968,2007-08-03,0.1
5969,2007-08-04,0.1
5970,2007-08-05,0.1
5971,2007-08-06,0.1
5972,2007-08-07,0.1
5973,2007-08-08,0.1
5974,2007-08-09,0.1
5975,2007-08-10,0.1
5976,2007-08-11,0.1
5977,2007-08-12,0.1
5978,2007-08-13,0.1
5979,2007-08-14,0.1
5980,2007-08-15,0.1
5981,2007-08-16,0.1
5982,2007-08-17,0.1
5983,2007-08-18,0.1
5984,2007-08-19,0.1
5985,2007-08-20,0.1
5986,2007-08-21,0.1
5987,2007-08-22,0.1
5988,2007-08-23,0.1
5989,2007-08-24,0.1
5990,2007-08-25,0.1
5991,2007-08-26,0.1
5992,2007-08-27,0.1
5993,2007-08-28,0.1
5994,2007-08-29,0.1
5995,2007-08-30,0.1
5996,2007-08-31,0.1
5997,2007-07-01,-0.7
5998,2007-07-02,-0.7
5999,2007-07-03,-0.7
6000,2007-07-04,-0.7
6001,2007-07-05,-0.7
6002,2007-07-06,-0.7
6003,2007-07-07,-0.7
6004,2007-07-08,-0.7
6005,2007-07-09,-0.7
6006,2007-07-10,-0.7
6007,2007-07-11,-0.7
6008,2007-07-12,-0.7
6009,2007-07-13,-0.7
6010,2007-07-14,-0.7
6011,2007-07-15,-0.7
6012,2007-07-16,-0.7
6013,2007-07-17,-0.7
6014,2007-07-18,-0.7
6015,2007-07-19,-0.7
6016,2007-07-20,-0.7
6017,2007-07-21,-0.7
6018,2007-07-22,-0.7
6019,2007-07-23,-0.7
6020,2007-07-24,-0.7
6021,2007-07-25,-0.7
6022,2007-07-26,-0.7
6023,2007-07-27,-0.7
6024,2007-07-28,-0.7
6025,2007-07-29,-0.7
6026,2007-07-30,-0.7
6027,2007-07-31,-0.7
6028,2007-06-01,0.2
6029,2007-06-02,0.2
6030,2007-06-03,0.2
6031,2007-06-04,0.2
6032,2007-06-05,0.2
6033,2007-06-06,0.2
6034,2007-06-07,0.2
6035,2007-06-08,0.2
6036,2007-06-09,0.2
6037,2007-06-10,0.2
6038,2007-06-11,0.2
6039,2007-06-12,0.2
6040,2007-06-13,0.2
6041,2007-06-14,0.2
6042,2007-06-15,0.2
6043,2007-06-16,0.2
6044,2007-06-17,0.2
6045,2007-06-18,0.2
6046,2007-06-19,0.2
6047,2007-06-20,0.2
6048,2007-06-21,0.2
6049,2007-06-22,0.2
6050,2007-06-23,0.2
6051,2007-06-24,0.2
6052,2007-06-25,0.2
6053,2007-06-26,0.2
6054,2007-06-27,0.2
6055,2007-06-28,0.2
6056,2007-06-29,0.2
6057,2007-06-30,0.2
6058,2007-05-01,0.3
6059,2007-05-02,0.3
6060,2007-05-03,0.3
6061,2007-05-04,0.3
6062,2007-05-05,0.3
6063,2007-05-06,0.3
6064,2007-05-07,0.3
6065,2007-05-08,0.3
6066,2007-05-09,0.3
6067,2007-05-10,0.3
6068,2007-05-11,0.3
6069,2007-05-12,0.3
6070,2007-05-13,0.3
6071,2007-05-14,0.3
6072,2007-05-15,0.3
6073,2007-05-16,0.3
6074,2007-05-17,0.3
6075,2007-05-18,0.3
6076,2007-05-19,0.3
6077,2007-05-20,0.3
6078,2007-05-21,0.3
6079,2007-05-22,0.3
6080,2007-05-23,0.3
6081,2007-05-24,0.3
6082,2007-05-25,0.3
6083,2007-05-26,0.3
6084,2007-05-27,0.3
6085,2007-05-28,0.3
6086,2007-05-29,0.3
6087,2007-05-30,0.3
6088,2007-05-31,0.3
6089,2007-04-01,1.4
6090,2007-04-02,1.4
6091,2007-04-03,1.4
6092,2007-04-04,1.4
6093,2007-04-05,1.4
6094,2007-04-06,1.4
6095,2007-04-07,1.4
6096,2007-04-08,1.4
6097,2007-04-09,1.4
6098,2007-04-10,1.4
6099,2007-04-11,1.4
6100,2007-04-12,1.4
6101,2007-04-13,1.4
6102,2007-04-14,1.4
6103,2007-04-15,1.4
6104,2007-04-16,1.4
6105,2007-04-17,1.4
6106,2007-04-18,1.4
6107,2007-04-19,1.4
6108,2007-04-20,1.4
6109,2007-04-21,1.4
6110,2007-04-22,1.4
6111,2007-04-23,1.4
6112,2007-04-24,1.4
6113,2007-04-25,1.4
6114,2007-04-26,1.4
6115,2007-04-27,1.4
6116,2007-04-28,1.4
6117,2007-04-29,1.4
6118,2007-04-30,1.4
6119,2007-03-01,0.8
6120,2007-03-02,0.8
6121,2007-03-03,0.8
6122,2007-03-04,0.8
6123,2007-03-05,0.8
6124,2007-03-06,0.8
6125,2007-03-07,0.8
6126,2007-03-08,0.8
6127,2007-03-09,0.8
6128,2007-03-10,0.8
6129,2007-03-11,0.8
6130,2007-03-12,0.8
6131,2007-03-13,0.8
6132,2007-03-14,0.8
6133,2007-03-15,0.8
6134,2007-03-16,0.8
6135,2007-03-17,0.8
6136,2007-03-18,0.8
6137,2007-03-19,0.8
6138,2007-03-20,0.8
6139,2007-03-21,0.8
6140,2007-03-22,0.8
6141,2007-03-23,0.8
6142,2007-03-24,0.8
6143,2007-03-25,0.8
6144,2007-03-26,0.8
6145,2007-03-27,0.8
6146,2007-03-28,0.8
6147,2007-03-29,0.8
6148,2007-03-30,0.8
6149,2007-03-31,0.8
6150,2007-02-01,0.1
6151,2007-02-02,0.1
6152,2007-02-03,0.1
6153,2007-02-04,0.1
6154,2007-02-05,0.1
6155,2007-02-06,0.1
6156,2007-02-07,0.1
6157,2007-02-08,0.1
6158,2007-02-09,0.1
6159,2007-02-10,0.1
6160,2007-02-11,0.1
6161,2007-02-12,0.1
6162,2007-02-13,0.1
6163,2007-02-14,0.1
6164,2007-02-15,0.1
6165,2007-02-16,0.1
6166,2007-02-17,0.1
6167,2007-02-18,0.1
6168,2007-02-19,0.1
6169,2007-02-20,0.1
6170,2007-02-21,0.1
6171,2007-02-22,0.1
6172,2007-02-23,0.1
6173,2007-02-24,0.1
6174,2007-02-25,0.1
6175,2007-02-26,0.1
6176,2007-02-27,0.1
6177,2007-02-28,0.1
6178,2007-01-01,-0.7
6179,2007-01-02,-0.7
6180,2007-01-03,-0.7
6181,2007-01-04,-0.7
6182,2007-01-05,-0.7
6183,2007-01-06,-0.7
6184,2007-01-07,-0.7
6185,2007-01-08,-0.7
6186,2007-01-09,-0.7
6187,2007-01-10,-0.7
6188,2007-01-11,-0.7
6189,2007-01-12,-0.7
6190,2007-01-13,-0.7
6191,2007-01-14,-0.7
6192,2007-01-15,-0.7
6193,2007-01-16,-0.7
6194,2007-01-17,-0.7
6195,2007-01-18,-0.7
6196,2007-01-19,-0.7
6197,2007-01-20,-0.7
6198,2007-01-21,-0.7
6199,2007-01-22,-0.7
6200,2007-01-23,-0.7
6201,2007-01-24,-0.7
6202,2007-01-25,-0.7
6203,2007-01-26,-0.7
6204,2007-01-27,-0.7
6205,2007-01-28,-0.7
6206,2007-01-29,-0.7
6207,2007-01-30,-0.7
6208,2007-01-31,-0.7
6209,2006-12-01,0.3
6210,2006-12-02,0.3
6211,2006-12-03,0.3
6212,2006-12-04,0.3
6213,2006-12-05,0.3
6214,2006-12-06,0.3
6215,2006-12-07,0.3
6216,2006-12-08,0.3
6217,2006-12-09,0.3
6218,2006-12-10,0.3
6219,2006-12-11,0.3
6220,2006-12-12,0.3
6221,2006-12-13,0.3
6222,2006-12-14,0.3
6223,2006-12-15,0.3
6224,2006-12-16,0.3
6225,2006-12-17,0.3
6226,2006-12-18,0.3
6227,2006-12-19,0.3
6228,2006-12-20,0.3
6229,2006-12-21,0.3
6230,2006-12-22,0.3
6231,2006-12-23,0.3
6232,2006-12-24,0.3
6233,2006-12-25,0.3
6234,2006-12-26,0.3
6235,2006-12-27,0.3
6236,2006-12-28,0.3
6237,2006-12-29,0.3
6238,2006-12-30,0.3
6239,2006-12-31,0.3
6240,2006-11-01,0.2
6241,2006-11-02,0.2
6242,2006-11-03,0.2
6243,2006-11-04,0.2
6244,2006-11-05,0.2
6245,2006-11-06,0.2
6246,2006-11-07,0.2
6247,2006-11-08,0.2
6248,2006-11-09,0.2
6249,2006-11-10,0.2
6250,2006-11-11,0.2
6251,2006-11-12,0.2
6252,2006-11-13,0.2
6253,2006-11-14,0.2
6254,2006-11-15,0.2
6255,2006-11-16,0.2
6256,2006-11-17,0.2
6257,2006-11-18,0.2
6258,2006-11-19,0.2
6259,2006-11-20,0.2
6260,2006-11-21,0.2
6261,2006-11-22,0.2
6262,2006-11-23,0.2
6263,2006-11-24,0.2
6264,2006-11-25,0.2
6265,2006-11-26,0.2
6266,2006-11-27,0.2
6267,2006-11-28,0.2
6268,2006-11-29,0.2
6269,2006-11-30,0.2
6270,2006-10-01,0.4
6271,2006-10-02,0.4
6272,2006-10-03,0.4
6273,2006-10-04,0.4
6274,2006-10-05,0.4
6275,2006-10-06,0.4
6276,2006-10-07,0.4
6277,2006-10-08,0.4
6278,2006-10-09,0.4
6279,2006-10-10,0.4
6280,2006-10-11,0.4
6281,2006-10-12,0.4
6282,2006-10-13,0.4
6283,2006-10-14,0.4
6284,2006-10-15,0.4
6285,2006-10-16,0.4
6286,2006-10-17,0.4
6287,2006-10-18,0.4
6288,2006-10-19,0.4
6289,2006-10-20,0.4
6290,2006-10-21,0.4
6291,2006-10-22,0.4
6292,2006-10-23,0.4
6293,2006-10-24,0.4
6294,2006-10-25,0.4
6295,2006-10-26,0.4
6296,2006-10-27,0.4
6297,2006-10-28,0.4
6298,2006-10-29,0.4
6299,2006-10-30,0.4
6300,2006-10-31,0.4
6301,2006-09-01,-0.2
6302,2006-09-02,-0.2
6303,2006-09-03,-0.2
6304,2006-09-04,-0.2
6305,2006-09-05,-0.2
6306,2006-09-06,-0.2
6307,2006-09-07,-0.2
6308,2006-09-08,-0.2
6309,2006-09-09,-0.2
6310,2006-09-10,-0.2
6311,2006-09-11,-0.2
6312,2006-09-12,-0.2
6313,2006-09-13,-0.2
6314,2006-09-14,-0.2
6315,2006-09-15,-0.2
6316,2006-09-16,-0.2
6317,2006-09-17,-0.2
6318,2006-09-18,-0.2
6319,2006-09-19,-0.2
6320,2006-09-20,-0.2
6321,2006-09-21,-0.2
6322,2006-09-22,-0.2
6323,2006-09-23,-0.2
6324,2006-09-24,-0.2
6325,2006-09-25,-0.2
6326,2006-09-26,-0.2
6327,2006-09-27,-0.2
6328,2006-09-28,-0.2
6329,2006-09-29,-0.2
6330,2006-09-30,-0.2
6331,2006-08-01,0.2
6332,2006-08-02,0.2
6333,2006-08-03,0.2
6334,2006-08-04,0.2
6335,2006-08-05,0.2
6336,2006-08-06,0.2
6337,2006-08-07,0.2
6338,2006-08-08,0.2
6339,2006-08-09,0.2
6340,2006-08-10,0.2
6341,2006-08-11,0.2
6342,2006-08-12,0.2
6343,2006-08-13,0.2
6344,2006-08-14,0.2
6345,2006-08-15,0.2
6346,2006-08-16,0.2
6347,2006-08-17,0.2
6348,2006-08-18,0.2
6349,2006-08-19,0.2
6350,2006-08-20,0.2
6351,2006-08-21,0.2
6352,2006-08-22,0.2
6353,2006-08-23,0.2
6354,2006-08-24,0.2
6355,2006-08-25,0.2
6356,2006-08-26,0.2
6357,2006-08-27,0.2
6358,2006-08-28,0.2
6359,2006-08-29,0.2
6360,2006-08-30,0.2
6361,2006-08-31,0.2
6362,2006-07-01,-0.6
6363,2006-07-02,-0.6
6364,2006-07-03,-0.6
6365,2006-07-04,-0.6
6366,2006-07-05,-0.6
6367,2006-07-06,-0.6
6368,2006-07-07,-0.6
6369,2006-07-08,-0.6
6370,2006-07-09,-0.6
6371,2006-07-10,-0.6
6372,2006-07-11,-0.6
6373,2006-07-12,-0.6
6374,2006-07-13,-0.6
6375,2006-07-14,-0.6
6376,2006-07-15,-0.6
6377,2006-07-16,-0.6
6378,2006-07-17,-0.6
6379,2006-07-18,-0.6
6380,2006-07-19,-0.6
6381,2006-07-20,-0.6
6382,2006-07-21,-0.6
6383,2006-07-22,-0.6
6384,2006-07-23,-0.6
6385,2006-07-24,-0.6
6386,2006-07-25,-0.6
6387,2006-07-26,-0.6
6388,2006-07-27,-0.6
6389,2006-07-28,-0.6
6390,2006-07-29,-0.6
6391,2006-07-30,-0.6
6392,2006-07-31,-0.6
6393,2006-06-01,0.2
6394,2006-06-02,0.2
6395,2006-06-03,0.2
6396,2006-06-04,0.2
6397,2006-06-05,0.2
6398,2006-06-06,0.2
6399,2006-06-07,0.2
6400,2006-06-08,0.2
6401,2006-06-09,0.2
6402,2006-06-10,0.2
6403,2006-06-11,0.2
6404,2006-06-12,0.2
6405,2006-06-13,0.2
6406,2006-06-14,0.2
6407,2006-06-15,0.2
6408,2006-06-16,0.2
6409,2006-06-17,0.2
6410,2006-06-18,0.2
6411,2006-06-19,0.2
6412,2006-06-20,0.2
6413,2006-06-21,0.2
6414,2006-06-22,0.2
6415,2006-06-23,0.2
6416,2006-06-24,0.2
6417,2006-06-25,0.2
6418,2006-06-26,0.2
6419,2006-06-27,0.2
6420,2006-06-28,0.2
6421,2006-06-29,0.2
6422,2006-06-30,0.2
6423,2006-05-01,0.4
6424,2006-05-02,0.4
6425,2006-05-03,0.4
6426,2006-05-04,0.4
6427,2006-05-05,0.4
6428,2006-05-06,0.4
6429,2006-05-07,0.4
6430,2006-05-08,0.4
6431,2006-05-09,0.4
6432,2006-05-10,0.4
6433,2006-05-11,0.4
6434,2006-05-12,0.4
6435,2006-05-13,0.4
6436,2006-05-14,0.4
6437,2006-05-15,0.4
6438,2006-05-16,0.4
6439,2006-05-17,0.4
6440,2006-05-18,0.4
6441,2006-05-19,0.4
6442,2006-05-20,0.4
6443,2006-05-21,0.4
6444,2006-05-22,0.4
6445,2006-05-23,0.4
6446,2006-05-24,0.4
6447,2006-05-25,0.4
6448,2006-05-26,0.4
6449,2006-05-27,0.4
6450,2006-05-28,0.4
6451,2006-05-29,0.4
6452,2006-05-30,0.4
6453,2006-05-31,0.4
6454,2006-04-01,1.4
6455,2006-04-02,1.4
6456,2006-04-03,1.4
6457,2006-04-04,1.4
6458,2006-04-05,1.4
6459,2006-04-06,1.4
6460,2006-04-07,1.4
6461,2006-04-08,1.4
6462,2006-04-09,1.4
6463,2006-04-10,1.4
6464,2006-04-11,1.4
6465,2006-04-12,1.4
6466,2006-04-13,1.4
6467,2006-04-14,1.4
6468,2006-04-15,1.4
6469,2006-04-16,1.4
6470,2006-04-17,1.4
6471,2006-04-18,1.4
6472,2006-04-19,1.4
6473,2006-04-20,1.4
6474,2006-04-21,1.4
6475,2006-04-22,1.4
6476,2006-04-23,1.4
6477,2006-04-24,1.4
6478,2006-04-25,1.4
6479,2006-04-26,1.4
6480,2006-04-27,1.4
6481,2006-04-28,1.4
6482,2006-04-29,1.4
6483,2006-04-30,1.4
6484,2006-03-01,0.7
6485,2006-03-02,0.7
6486,2006-03-03,0.7
6487,2006-03-04,0.7
6488,2006-03-05,0.7
6489,2006-03-06,0.7
6490,2006-03-07,0.7
6491,2006-03-08,0.7
6492,2006-03-09,0.7
6493,2006-03-10,0.7
6494,2006-03-11,0.7
6495,2006-03-12,0.7
6496,2006-03-13,0.7
6497,2006-03-14,0.7
6498,2006-03-15,0.7
6499,2006-03-16,0.7
6500,2006-03-17,0.7
6501,2006-03-18,0.7
6502,2006-03-19,0.7
6503,2006-03-20,0.7
6504,2006-03-21,0.7
6505,2006-03-22,0.7
6506,2006-03-23,0.7
6507,2006-03-24,0.7
6508,2006-03-25,0.7
6509,2006-03-26,0.7
6510,2006-03-27,0.7
6511,2006-03-28,0.7
6512,2006-03-29,0.7
6513,2006-03-30,0.7
6514,2006-03-31,0.7
6515,2006-02-01,0.0
6516,2006-02-02,0.0
6517,2006-02-03,0.0
6518,2006-02-04,0.0
6519,2006-02-05,0.0
6520,2006-02-06,0.0
6521,2006-02-07,0.0
6522,2006-02-08,0.0
6523,2006-02-09,0.0
6524,2006-02-10,0.0
6525,2006-02-11,0.0
6526,2006-02-12,0.0
6527,2006-02-13,0.0
6528,2006-02-14,0.0
6529,2006-02-15,0.0
6530,2006-02-16,0.0
6531,2006-02-17,0.0
6532,2006-02-18,0.0
6533,2006-02-19,0.0
6534,2006-02-20,0.0
6535,2006-02-21,0.0
6536,2006-02-22,0.0
6537,2006-02-23,0.0
6538,2006-02-24,0.0
6539,2006-02-25,0.0
6540,2006-02-26,0.0
6541,2006-02-27,0.0
6542,2006-02-28,0.0
6543,2006-01-01,-0.4
6544,2006-01-02,-0.4
6545,2006-01-03,-0.4
6546,2006-01-04,-0.4
6547,2006-01-05,-0.4
6548,2006-01-06,-0.4
6549,2006-01-07,-0.4
6550,2006-01-08,-0.4
6551,2006-01-09,-0.4
6552,2006-01-10,-0.4
6553,2006-01-11,-0.4
6554,2006-01-12,-0.4
6555,2006-01-13,-0.4
6556,2006-01-14,-0.4
6557,2006-01-15,-0.4
6558,2006-01-16,-0.4
6559,2006-01-17,-0.4
6560,2006-01-18,-0.4
6561,2006-01-19,-0.4
6562,2006-01-20,-0.4
6563,2006-01-21,-0.4
6564,2006-01-22,-0.4
6565,2006-01-23,-0.4
6566,2006-01-24,-0.4
6567,2006-01-25,-0.4
6568,2006-01-26,-0.4
6569,2006-01-27,-0.4
6570,2006-01-28,-0.4
6571,2006-01-29,-0.4
6572,2006-01-30,-0.4
6573,2006-01-31,-0.4
6574,2005-12-01,0.2
6575,2005-12-02,0.2
6576,2005-12-03,0.2
6577,2005-12-04,0.2
6578,2005-12-05,0.2
6579,2005-12-06,0.2
6580,2005-12-07,0.2
6581,2005-12-08,0.2
6582,2005-12-09,0.2
6583,2005-12-10,0.2
6584,2005-12-11,0.2
6585,2005-12-12,0.2
6586,2005-12-13,0.2
6587,2005-12-14,0.2
6588,2005-12-15,0.2
6589,2005-12-16,0.2
6590,2005-12-17,0.2
6591,2005-12-18,0.2
6592,2005-12-19,0.2
6593,2005-12-20,0.2
6594,2005-12-21,0.2
6595,2005-12-22,0.2
6596,2005-12-23,0.2
6597,2005-12-24,0.2
6598,2005-12-25,0.2
6599,2005-12-26,0.2
6600,2005-12-27,0.2
6601,2005-12-28,0.2
6602,2005-12-29,0.2
6603,2005-12-30,0.2
6604,2005-12-31,0.2
6605,2005-11-01,0.2
6606,2005-11-02,0.2
6607,2005-11-03,0.2
6608,2005-11-04,0.2
6609,2005-11-05,0.2
6610,2005-11-06,0.2
6611,2005-11-07,0.2
6612,2005-11-08,0.2
6613,2005-11-09,0.2
6614,2005-11-10,0.2
6615,2005-11-11,0.2
6616,2005-11-12,0.2
6617,2005-11-13,0.2
6618,2005-11-14,0.2
6619,2005-11-15,0.2
6620,2005-11-16,0.2
6621,2005-11-17,0.2
6622,2005-11-18,0.2
6623,2005-11-19,0.2
6624,2005-11-20,0.2
6625,2005-11-21,0.2
6626,2005-11-22,0.2
6627,2005-11-23,0.2
6628,2005-11-24,0.2
6629,2005-11-25,0.2
6630,2005-11-26,0.2
6631,2005-11-27,0.2
6632,2005-11-28,0.2
6633,2005-11-29,0.2
6634,2005-11-30,0.2
6635,2005-10-01,0.8
6636,2005-10-02,0.8
6637,2005-10-03,0.8
6638,2005-10-04,0.8
6639,2005-10-05,0.8
6640,2005-10-06,0.8
6641,2005-10-07,0.8
6642,2005-10-08,0.8
6643,2005-10-09,0.8
6644,2005-10-10,0.8
6645,2005-10-11,0.8
6646,2005-10-12,0.8
6647,2005-10-13,0.8
6648,2005-10-14,0.8
6649,2005-10-15,0.8
6650,2005-10-16,0.8
6651,2005-10-17,0.8
6652,2005-10-18,0.8
6653,2005-10-19,0.8
6654,2005-10-20,0.8
6655,2005-10-21,0.8
6656,2005-10-22,0.8
6657,2005-10-23,0.8
6658,2005-10-24,0.8
6659,2005-10-25,0.8
6660,2005-10-26,0.8
6661,2005-10-27,0.8
6662,2005-10-28,0.8
6663,2005-10-29,0.8
6664,2005-10-30,0.8
6665,2005-10-31,0.8
6666,2005-09-01,0.6
6667,2005-09-02,0.6
6668,2005-09-03,0.6
6669,2005-09-04,0.6
6670,2005-09-05,0.6
6671,2005-09-06,0.6
6672,2005-09-07,0.6
6673,2005-09-08,0.6
6674,2005-09-09,0.6
6675,2005-09-10,0.6
6676,2005-09-11,0.6
6677,2005-09-12,0.6
6678,2005-09-13,0.6
6679,2005-09-14,0.6
6680,2005-09-15,0.6
6681,2005-09-16,0.6
6682,2005-09-17,0.6
6683,2005-09-18,0.6
6684,2005-09-19,0.6
6685,2005-09-20,0.6
6686,2005-09-21,0.6
6687,2005-09-22,0.6
6688,2005-09-23,0.6
6689,2005-09-24,0.6
6690,2005-09-25,0.6
6691,2005-09-26,0.6
6692,2005-09-27,0.6
6693,2005-09-28,0.6
6694,2005-09-29,0.6
6695,2005-09-30,0.6
6696,2005-08-01,0.4
6697,2005-08-02,0.4
6698,2005-08-03,0.4
6699,2005-08-04,0.4
6700,2005-08-05,0.4
6701,2005-08-06,0.4
6702,2005-08-07,0.4
6703,2005-08-08,0.4
6704,2005-08-09,0.4
6705,2005-08-10,0.4
6706,2005-08-11,0.4
6707,2005-08-12,0.4
6708,2005-08-13,0.4
6709,2005-08-14,0.4
6710,2005-08-15,0.4
6711,2005-08-16,0.4
6712,2005-08-17,0.4
6713,2005-08-18,0.4
6714,2005-08-19,0.4
6715,2005-08-20,0.4
6716,2005-08-21,0.4
6717,2005-08-22,0.4
6718,2005-08-23,0.4
6719,2005-08-24,0.4
6720,2005-08-25,0.4
6721,2005-08-26,0.4
6722,2005-08-27,0.4
6723,2005-08-28,0.4
6724,2005-08-29,0.4
6725,2005-08-30,0.4
6726,2005-08-31,0.4
6727,2005-07-01,-0.6
6728,2005-07-02,-0.6
6729,2005-07-03,-0.6
6730,2005-07-04,-0.6
6731,2005-07-05,-0.6
6732,2005-07-06,-0.6
6733,2005-07-07,-0.6
6734,2005-07-08,-0.6
6735,2005-07-09,-0.6
6736,2005-07-10,-0.6
6737,2005-07-11,-0.6
6738,2005-07-12,-0.6
6739,2005-07-13,-0.6
6740,2005-07-14,-0.6
6741,2005-07-15,-0.6
6742,2005-07-16,-0.6
6743,2005-07-17,-0.6
6744,2005-07-18,-0.6
6745,2005-07-19,-0.6
6746,2005-07-20,-0.6
6747,2005-07-21,-0.6
6748,2005-07-22,-0.6
6749,2005-07-23,-0.6
6750,2005-07-24,-0.6
6751,2005-07-25,-0.6
6752,2005-07-26,-0.6
6753,2005-07-27,-0.6
6754,2005-07-28,-0.6
6755,2005-07-29,-0.6
6756,2005-07-30,-0.6
6757,2005-07-31,-0.6
6758,2005-06-01,0.2
6759,2005-06-02,0.2
6760,2005-06-03,0.2
6761,2005-06-04,0.2
6762,2005-06-05,0.2
6763,2005-06-06,0.2
6764,2005-06-07,0.2
6765,2005-06-08,0.2
6766,2005-06-09,0.2
6767,2005-06-10,0.2
6768,2005-06-11,0.2
6769,2005-06-12,0.2
6770,2005-06-13,0.2
6771,2005-06-14,0.2
6772,2005-06-15,0.2
6773,2005-06-16,0.2
6774,2005-06-17,0.2
6775,2005-06-18,0.2
6776,2005-06-19,0.2
6777,2005-06-20,0.2
6778,2005-06-21,0.2
6779,2005-06-22,0.2
6780,2005-06-23,0.2
6781,2005-06-24,0.2
6782,2005-06-25,0.2
6783,2005-06-26,0.2
6784,2005-06-27,0.2
6785,2005-06-28,0.2
6786,2005-06-29,0.2
6787,2005-06-30,0.2
6788,2005-05-01,0.2
6789,2005-05-02,0.2
6790,2005-05-03,0.2
6791,2005-05-04,0.2
6792,2005-05-05,0.2
6793,2005-05-06,0.2
6794,2005-05-07,0.2
6795,2005-05-08,0.2
6796,2005-05-09,0.2
6797,2005-05-10,0.2
6798,2005-05-11,0.2
6799,2005-05-12,0.2
6800,2005-05-13,0.2
6801,2005-05-14,0.2
6802,2005-05-15,0.2
6803,2005-05-16,0.2
6804,2005-05-17,0.2
6805,2005-05-18,0.2
6806,2005-05-19,0.2
6807,2005-05-20,0.2
6808,2005-05-21,0.2
6809,2005-05-22,0.2
6810,2005-05-23,0.2
6811,2005-05-24,0.2
6812,2005-05-25,0.2
6813,2005-05-26,0.2
6814,2005-05-27,0.2
6815,2005-05-28,0.2
6816,2005-05-29,0.2
6817,2005-05-30,0.2
6818,2005-05-31,0.2
6819,2005-04-01,1.4
6820,2005-04-02,1.4
6821,2005-04-03,1.4
6822,2005-04-04,1.4
6823,2005-04-05,1.4
6824,2005-04-06,1.4
6825,2005-04-07,1.4
6826,2005-04-08,1.4
6827,2005-04-09,1.4
6828,2005-04-10,1.4
6829,2005-04-11,1.4
6830,2005-04-12,1.4
6831,2005-04-13,1.4
6832,2005-04-14,1.4
6833,2005-04-15,1.4
6834,2005-04-16,1.4
6835,2005-04-17,1.4
6836,2005-04-18,1.4
6837,2005-04-19,1.4
6838,2005-04-20,1.4
6839,2005-04-21,1.4
6840,2005-04-22,1.4
6841,2005-04-23,1.4
6842,2005-04-24,1.4
6843,2005-04-25,1.4
6844,2005-04-26,1.4
6845,2005-04-27,1.4
6846,2005-04-28,1.4
6847,2005-04-29,1.4
6848,2005-04-30,1.4
6849,2005-03-01,0.8
6850,2005-03-02,0.8
6851,2005-03-03,0.8
6852,2005-03-04,0.8
6853,2005-03-05,0.8
6854,2005-03-06,0.8
6855,2005-03-07,0.8
6856,2005-03-08,0.8
6857,2005-03-09,0.8
6858,2005-03-10,0.8
6859,2005-03-11,0.8
6860,2005-03-12,0.8
6861,2005-03-13,0.8
6862,2005-03-14,0.8
6863,2005-03-15,0.8
6864,2005-03-16,0.8
6865,2005-03-17,0.8
6866,2005-03-18,0.8
6867,2005-03-19,0.8
6868,2005-03-20,0.8
6869,2005-03-21,0.8
6870,2005-03-22,0.8
6871,2005-03-23,0.8
6872,2005-03-24,0.8
6873,2005-03-25,0.8
6874,2005-03-26,0.8
6875,2005-03-27,0.8
6876,2005-03-28,0.8
6877,2005-03-29,0.8
6878,2005-03-30,0.8
6879,2005-03-31,0.8
6880,2005-02-01,0.3
6881,2005-02-02,0.3
6882,2005-02-03,0.3
6883,2005-02-04,0.3
6884,2005-02-05,0.3
6885,2005-02-06,0.3
6886,2005-02-07,0.3
6887,2005-02-08,0.3
6888,2005-02-09,0.3
6889,2005-02-10,0.3
6890,2005-02-11,0.3
6891,2005-02-12,0.3
6892,2005-02-13,0.3
6893,2005-02-14,0.3
6894,2005-02-15,0.3
6895,2005-02-16,0.3
6896,2005-02-17,0.3
6897,2005-02-18,0.3
6898,2005-02-19,0.3
6899,2005-02-20,0.3
6900,2005-02-21,0.3
6901,2005-02-22,0.3
6902,2005-02-23,0.3
6903,2005-02-24,0.3
6904,2005-02-25,0.3
6905,2005-02-26,0.3
6906,2005-02-27,0.3
6907,2005-02-28,0.3
6908,2005-01-01,-0.8
6909,2005-01-02,-0.8
6910,2005-01-03,-0.8
6911,2005-01-04,-0.8
6912,2005-01-05,-0.8
6913,2005-01-06,-0.8
6914,2005-01-07,-0.8
6915,2005-01-08,-0.8
6916,2005-01-09,-0.8
6917,2005-01-10,-0.8
6918,2005-01-11,-0.8
6919,2005-01-12,-0.8
6920,2005-01-13,-0.8
6921,2005-01-14,-0.8
6922,2005-01-15,-0.8
6923,2005-01-16,-0.8
6924,2005-01-17,-0.8
6925,2005-01-18,-0.8
6926,2005-01-19,-0.8
6927,2005-01-20,-0.8
6928,2005-01-21,-0.8
6929,2005-01-22,-0.8
6930,2005-01-23,-0.8
6931,2005-01-24,-0.8
6932,2005-01-25,-0.8
6933,2005-01-26,-0.8
6934,2005-01-27,-0.8
6935,2005-01-28,-0.8
6936,2005-01-29,-0.8
6937,2005-01-30,-0.8
6938,2005-01-31,-0.8
6939,2004-12-01,-0.1
6940,2004-12-02,-0.1
6941,2004-12-03,-0.1
6942,2004-12-04,-0.1
6943,2004-12-05,-0.1
6944,2004-12-06,-0.1
6945,2004-12-07,-0.1
6946,2004-12-08,-0.1
6947,2004-12-09,-0.1
6948,2004-12-10,-0.1
6949,2004-12-11,-0.1
6950,2004-12-12,-0.1
6951,2004-12-13,-0.1
6952,2004-12-14,-0.1
6953,2004-12-15,-0.1
6954,2004-12-16,-0.1
6955,2004-12-17,-0.1
6956,2004-12-18,-0.1
6957,2004-12-19,-0.1
6958,2004-12-20,-0.1
6959,2004-12-21,-0.1
6960,2004-12-22,-0.1
6961,2004-12-23,-0.1
6962,2004-12-24,-0.1
6963,2004-12-25,-0.1
6964,2004-12-26,-0.1
6965,2004-12-27,-0.1
6966,2004-12-28,-0.1
6967,2004-12-29,-0.1
6968,2004-12-30,-0.1
6969,2004-12-31,-0.1
6970,2004-11-01,0.2
6971,2004-11-02,0.2
6972,2004-11-03,0.2
6973,2004-11-04,0.2
6974,2004-11-05,0.2
6975,2004-11-06,0.2
6976,2004-11-07,0.2
6977,2004-11-08,0.2
6978,2004-11-09,0.2
6979,2004-11-10,0.2
6980,2004-11-11,0.2
6981,2004-11-12,0.2
6982,2004-11-13,0.2
6983,2004-11-14,0.2
6984,2004-11-15,0.2
6985,2004-11-16,0.2
6986,2004-11-17,0.2
6987,2004-11-18,0.2
6988,2004-11-19,0.2
6989,2004-11-20,0.2
6990,2004-11-21,0.2
6991,2004-11-22,0.2
6992,2004-11-23,0.2
6993,2004-11-24,0.2
6994,2004-11-25,0.2
6995,2004-11-26,0.2
6996,2004-11-27,0.2
6997,2004-11-28,0.2
6998,2004-11-29,0.2
6999,2004-11-30,0.2
7000,2004-10-01,1.0
7001,2004-10-02,1.0
7002,2004-10-03,1.0
7003,2004-10-04,1.0
7004,2004-10-05,1.0
7005,2004-10-06,1.0
7006,2004-10-07,1.0
7007,2004-10-08,1.0
7008,2004-10-09,1.0
7009,2004-10-10,1.0
7010,2004-10-11,1.0
7011,2004-10-12,1.0
7012,2004-10-13,1.0
7013,2004-10-14,1.0
7014,2004-10-15,1.0
7015,2004-10-16,1.0
7016,2004-10-17,1.0
7017,2004-10-18,1.0
7018,2004-10-19,1.0
7019,2004-10-20,1.0
7020,2004-10-21,1.0
7021,2004-10-22,1.0
7022,2004-10-23,1.0
7023,2004-10-24,1.0
7024,2004-10-25,1.0
7025,2004-10-26,1.0
7026,2004-10-27,1.0
7027,2004-10-28,1.0
7028,2004-10-29,1.0
7029,2004-10-30,1.0
7030,2004-10-31,1.0
7031,2004-09-01,0.2
7032,2004-09-02,0.2
7033,2004-09-03,0.2
7034,2004-09-04,0.2
7035,2004-09-05,0.2
7036,2004-09-06,0.2
7037,2004-09-07,0.2
7038,2004-09-08,0.2
7039,2004-09-09,0.2
7040,2004-09-10,0.2
7041,2004-09-11,0.2
7042,2004-09-12,0.2
7043,2004-09-13,0.2
7044,2004-09-14,0.2
7045,2004-09-15,0.2
7046,2004-09-16,0.2
7047,2004-09-17,0.2
7048,2004-09-18,0.2
7049,2004-09-19,0.2
7050,2004-09-20,0.2
7051,2004-09-21,0.2
7052,2004-09-22,0.2
7053,2004-09-23,0.2
7054,2004-09-24,0.2
7055,2004-09-25,0.2
7056,2004-09-26,0.2
7057,2004-09-27,0.2
7058,2004-09-28,0.2
7059,2004-09-29,0.2
7060,2004-09-30,0.2
7061,2004-08-01,0.4
7062,2004-08-02,0.4
7063,2004-08-03,0.4
7064,2004-08-04,0.4
7065,2004-08-05,0.4
7066,2004-08-06,0.4
7067,2004-08-07,0.4
7068,2004-08-08,0.4
7069,2004-08-09,0.4
7070,2004-08-10,0.4
7071,2004-08-11,0.4
7072,2004-08-12,0.4
7073,2004-08-13,0.4
7074,2004-08-14,0.4
7075,2004-08-15,0.4
7076,2004-08-16,0.4
7077,2004-08-17,0.4
7078,2004-08-18,0.4
7079,2004-08-19,0.4
7080,2004-08-20,0.4
7081,2004-08-21,0.4
7082,2004-08-22,0.4
7083,2004-08-23,0.4
7084,2004-08-24,0.4
7085,2004-08-25,0.4
7086,2004-08-26,0.4
7087,2004-08-27,0.4
7088,2004-08-28,0.4
7089,2004-08-29,0.4
7090,2004-08-30,0.4
7091,2004-08-31,0.4
7092,2004-07-01,-0.8
7093,2004-07-02,-0.8
7094,2004-07-03,-0.8
7095,2004-07-04,-0.8
7096,2004-07-05,-0.8
7097,2004-07-06,-0.8
7098,2004-07-07,-0.8
7099,2004-07-08,-0.8
7100,2004-07-09,-0.8
7101,2004-07-10,-0.8
7102,2004-07-11,-0.8
7103,2004-07-12,-0.8
7104,2004-07-13,-0.8
7105,2004-07-14,-0.8
7106,2004-07-15,-0.8
7107,2004-07-16,-0.8
7108,2004-07-17,-0.8
7109,2004-07-18,-0.8
7110,2004-07-19,-0.8
7111,2004-07-20,-0.8
7112,2004-07-21,-0.8
7113,2004-07-22,-0.8
7114,2004-07-23,-0.8
7115,2004-07-24,-0.8
7116,2004-07-25,-0.8
7117,2004-07-26,-0.8
7118,2004-07-27,-0.8
7119,2004-07-28,-0.8
7120,2004-07-29,-0.8
7121,2004-07-30,-0.8
7122,2004-07-31,-0.8
7123,2004-06-01,0.2
7124,2004-06-02,0.2
7125,2004-06-03,0.2
7126,2004-06-04,0.2
7127,2004-06-05,0.2
7128,2004-06-06,0.2
7129,2004-06-07,0.2
7130,2004-06-08,0.2
7131,2004-06-09,0.2
7132,2004-06-10,0.2
7133,2004-06-11,0.2
7134,2004-06-12,0.2
7135,2004-06-13,0.2
7136,2004-06-14,0.2
7137,2004-06-15,0.2
7138,2004-06-16,0.2
7139,2004-06-17,0.2
7140,2004-06-18,0.2
7141,2004-06-19,0.2
7142,2004-06-20,0.2
7143,2004-06-21,0.2
7144,2004-06-22,0.2
7145,2004-06-23,0.2
7146,2004-06-24,0.2
7147,2004-06-25,0.2
7148,2004-06-26,0.2
7149,2004-06-27,0.2
7150,2004-06-28,0.2
7151,2004-06-29,0.2
7152,2004-06-30,0.2
7153,2004-05-01,0.6
7154,2004-05-02,0.6
7155,2004-05-03,0.6
7156,2004-05-04,0.6
7157,2004-05-05,0.6
7158,2004-05-06,0.6
7159,2004-05-07,0.6
7160,2004-05-08,0.6
7161,2004-05-09,0.6
7162,2004-05-10,0.6
7163,2004-05-11,0.6
7164,2004-05-12,0.6
7165,2004-05-13,0.6
7166,2004-05-14,0.6
7167,2004-05-15,0.6
7168,2004-05-16,0.6
7169,2004-05-17,0.6
7170,2004-05-18,0.6
7171,2004-05-19,0.6
7172,2004-05-20,0.6
7173,2004-05-21,0.6
7174,2004-05-22,0.6
7175,2004-05-23,0.6
7176,2004-05-24,0.6
7177,2004-05-25,0.6
7178,2004-05-26,0.6
7179,2004-05-27,0.6
7180,2004-05-28,0.6
7181,2004-05-29,0.6
7182,2004-05-30,0.6
7183,2004-05-31,0.6
7184,2004-04-01,1.4
7185,2004-04-02,1.4
7186,2004-04-03,1.4
7187,2004-04-04,1.4
7188,2004-04-05,1.4
7189,2004-04-06,1.4
7190,2004-04-07,1.4
7191,2004-04-08,1.4
7192,2004-04-09,1.4
7193,2004-04-10,1.4
7194,2004-04-11,1.4
7195,2004-04-12,1.4
7196,2004-04-13,1.4
7197,2004-04-14,1.4
7198,2004-04-15,1.4
7199,2004-04-16,1.4
7200,2004-04-17,1.4
7201,2004-04-18,1.4
7202,2004-04-19,1.4
7203,2004-04-20,1.4
7204,2004-04-21,1.4
7205,2004-04-22,1.4
7206,2004-04-23,1.4
7207,2004-04-24,1.4
7208,2004-04-25,1.4
7209,2004-04-26,1.4
7210,2004-04-27,1.4
7211,2004-04-28,1.4
7212,2004-04-29,1.4
7213,2004-04-30,1.4
7214,2004-03-01,0.7
7215,2004-03-02,0.7
7216,2004-03-03,0.7
7217,2004-03-04,0.7
7218,2004-03-05,0.7
7219,2004-03-06,0.7
7220,2004-03-07,0.7
7221,2004-03-08,0.7
7222,2004-03-09,0.7
7223,2004-03-10,0.7
7224,2004-03-11,0.7
7225,2004-03-12,0.7
7226,2004-03-13,0.7
7227,2004-03-14,0.7
7228,2004-03-15,0.7
7229,2004-03-16,0.7
7230,2004-03-17,0.7
7231,2004-03-18,0.7
7232,2004-03-19,0.7
7233,2004-03-20,0.7
7234,2004-03-21,0.7
7235,2004-03-22,0.7
7236,2004-03-23,0.7
7237,2004-03-24,0.7
7238,2004-03-25,0.7
7239,2004-03-26,0.7
7240,2004-03-27,0.7
7241,2004-03-28,0.7
7242,2004-03-29,0.7
7243,2004-03-30,0.7
7244,2004-03-31,0.7
7245,2004-02-01,0.0
7246,2004-02-02,0.0
7247,2004-02-03,0.0
7248,2004-02-04,0.0
7249,2004-02-05,0.0
7250,2004-02-06,0.0
7251,2004-02-07,0.0
7252,2004-02-08,0.0
7253,2004-02-09,0.0
7254,2004-02-10,0.0
7255,2004-02-11,0.0
7256,2004-02-12,0.0
7257,2004-02-13,0.0
7258,2004-02-14,0.0
7259,2004-02-15,0.0
7260,2004-02-16,0.0
7261,2004-02-17,0.0
7262,2004-02-18,0.0
7263,2004-02-19,0.0
7264,2004-02-20,0.0
7265,2004-02-21,0.0
7266,2004-02-22,0.0
7267,2004-02-23,0.0
7268,2004-02-24,0.0
7269,2004-02-25,0.0
7270,2004-02-26,0.0
7271,2004-02-27,0.0
7272,2004-02-28,0.0
7273,2004-02-29,0.0
7274,2004-01-01,-0.7
7275,2004-01-02,-0.7
7276,2004-01-03,-0.7
7277,2004-01-04,-0.7
7278,2004-01-05,-0.7
7279,2004-01-06,-0.7
7280,2004-01-07,-0.7
7281,2004-01-08,-0.7
7282,2004-01-09,-0.7
7283,2004-01-10,-0.7
7284,2004-01-11,-0.7
7285,2004-01-12,-0.7
7286,2004-01-13,-0.7
7287,2004-01-14,-0.7
7288,2004-01-15,-0.7
7289,2004-01-16,-0.7
7290,2004-01-17,-0.7
7291,2004-01-18,-0.7
7292,2004-01-19,-0.7
7293,2004-01-20,-0.7
7294,2004-01-21,-0.7
7295,2004-01-22,-0.7
7296,2004-01-23,-0.7
7297,2004-01-24,-0.7
7298,2004-01-25,-0.7
7299,2004-01-26,-0.7
7300,2004-01-27,-0.7
7301,2004-01-28,-0.7
7302,2004-01-29,-0.7
7303,2004-01-30,-0.7
7304,2004-01-31,-0.7
7305,2003-12-01,0.2
7306,2003-12-02,0.2
7307,2003-12-03,0.2
7308,2003-12-04,0.2
7309,2003-12-05,0.2
7310,2003-12-06,0.2
7311,2003-12-07,0.2
7312,2003-12-08,0.2
7313,2003-12-09,0.2
7314,2003-12-10,0.2
7315,2003-12-11,0.2
7316,2003-12-12,0.2
7317,2003-12-13,0.2
7318,2003-12-14,0.2
7319,2003-12-15,0.2
7320,2003-12-16,0.2
7321,2003-12-17,0.2
7322,2003-12-18,0.2
7323,2003-12-19,0.2
7324,2003-12-20,0.2
7325,2003-12-21,0.2
7326,2003-12-22,0.2
7327,2003-12-23,0.2
7328,2003-12-24,0.2
7329,2003-12-25,0.2
7330,2003-12-26,0.2
7331,2003-12-27,0.2
7332,2003-12-28,0.2
7333,2003-12-29,0.2
7334,2003-12-30,0.2
7335,2003-12-31,0.2
7336,2003-11-01,0.3
7337,2003-11-02,0.3
7338,2003-11-03,0.3
7339,2003-11-04,0.3
7340,2003-11-05,0.3
7341,2003-11-06,0.3
7342,2003-11-07,0.3
7343,2003-11-08,0.3
7344,2003-11-09,0.3
7345,2003-11-10,0.3
7346,2003-11-11,0.3
7347,2003-11-12,0.3
7348,2003-11-13,0.3
7349,2003-11-14,0.3
7350,2003-11-15,0.3
7351,2003-11-16,0.3
7352,2003-11-17,0.3
7353,2003-11-18,0.3
7354,2003-11-19,0.3
7355,2003-11-20,0.3
7356,2003-11-21,0.3
7357,2003-11-22,0.3
7358,2003-11-23,0.3
7359,2003-11-24,0.3
7360,2003-11-25,0.3
7361,2003-11-26,0.3
7362,2003-11-27,0.3
7363,2003-11-28,0.3
7364,2003-11-29,0.3
7365,2003-11-30,0.3
7366,2003-10-01,0.7
7367,2003-10-02,0.7
7368,2003-10-03,0.7
7369,2003-10-04,0.7
7370,2003-10-05,0.7
7371,2003-10-06,0.7
7372,2003-10-07,0.7
7373,2003-10-08,0.7
7374,2003-10-09,0.7
7375,2003-10-10,0.7
7376,2003-10-11,0.7
7377,2003-10-12,0.7
7378,2003-10-13,0.7
7379,2003-10-14,0.7
7380,2003-10-15,0.7
7381,2003-10-16,0.7
7382,2003-10-17,0.7
7383,2003-10-18,0.7
7384,2003-10-19,0.7
7385,2003-10-20,0.7
7386,2003-10-21,0.7
7387,2003-10-22,0.7
7388,2003-10-23,0.7
7389,2003-10-24,0.7
7390,2003-10-25,0.7
7391,2003-10-26,0.7
7392,2003-10-27,0.7
7393,2003-10-28,0.7
7394,2003-10-29,0.7
7395,2003-10-30,0.7
7396,2003-10-31,0.7
7397,2003-09-01,0.3
7398,2003-09-02,0.3
7399,2003-09-03,0.3
7400,2003-09-04,0.3
7401,2003-09-05,0.3
7402,2003-09-06,0.3
7403,2003-09-07,0.3
7404,2003-09-08,0.3
7405,2003-09-09,0.3
7406,2003-09-10,0.3
7407,2003-09-11,0.3
7408,2003-09-12,0.3
7409,2003-09-13,0.3
7410,2003-09-14,0.3
7411,2003-09-15,0.3
7412,2003-09-16,0.3
7413,2003-09-17,0.3
7414,2003-09-18,0.3
7415,2003-09-19,0.3
7416,2003-09-20,0.3
7417,2003-09-21,0.3
7418,2003-09-22,0.3
7419,2003-09-23,0.3
7420,2003-09-24,0.3
7421,2003-09-25,0.3
7422,2003-09-26,0.3
7423,2003-09-27,0.3
7424,2003-09-28,0.3
7425,2003-09-29,0.3
7426,2003-09-30,0.3
7427,2003-08-01,0.5
7428,2003-08-02,0.5
7429,2003-08-03,0.5
7430,2003-08-04,0.5
7431,2003-08-05,0.5
7432,2003-08-06,0.5
7433,2003-08-07,0.5
7434,2003-08-08,0.5
7435,2003-08-09,0.5
7436,2003-08-10,0.5
7437,2003-08-11,0.5
7438,2003-08-12,0.5
7439,2003-08-13,0.5
7440,2003-08-14,0.5
7441,2003-08-15,0.5
7442,2003-08-16,0.5
7443,2003-08-17,0.5
7444,2003-08-18,0.5
7445,2003-08-19,0.5
7446,2003-08-20,0.5
7447,2003-08-21,0.5
7448,2003-08-22,0.5
7449,2003-08-23,0.5
7450,2003-08-24,0.5
7451,2003-08-25,0.5
7452,2003-08-26,0.5
7453,2003-08-27,0.5
7454,2003-08-28,0.5
7455,2003-08-29,0.5
7456,2003-08-30,0.5
7457,2003-08-31,0.5
7458,2003-07-01,-0.6
7459,2003-07-02,-0.6
7460,2003-07-03,-0.6
7461,2003-07-04,-0.6
7462,2003-07-05,-0.6
7463,2003-07-06,-0.6
7464,2003-07-07,-0.6
7465,2003-07-08,-0.6
7466,2003-07-09,-0.6
7467,2003-07-10,-0.6
7468,2003-07-11,-0.6
7469,2003-07-12,-0.6
7470,2003-07-13,-0.6
7471,2003-07-14,-0.6
7472,2003-07-15,-0.6
7473,2003-07-16,-0.6
7474,2003-07-17,-0.6
7475,2003-07-18,-0.6
7476,2003-07-19,-0.6
7477,2003-07-20,-0.6
7478,2003-07-21,-0.6
7479,2003-07-22,-0.6
7480,2003-07-23,-0.6
7481,2003-07-24,-0.6
7482,2003-07-25,-0.6
7483,2003-07-26,-0.6
7484,2003-07-27,-0.6
7485,2003-07-28,-0.6
7486,2003-07-29,-0.6
7487,2003-07-30,-0.6
7488,2003-07-31,-0.6
7489,2003-06-01,0.1
7490,2003-06-02,0.1
7491,2003-06-03,0.1
7492,2003-06-04,0.1
7493,2003-06-05,0.1
7494,2003-06-06,0.1
7495,2003-06-07,0.1
7496,2003-06-08,0.1
7497,2003-06-09,0.1
7498,2003-06-10,0.1
7499,2003-06-11,0.1
7500,2003-06-12,0.1
7501,2003-06-13,0.1
7502,2003-06-14,0.1
7503,2003-06-15,0.1
7504,2003-06-16,0.1
7505,2003-06-17,0.1
7506,2003-06-18,0.1
7507,2003-06-19,0.1
7508,2003-06-20,0.1
7509,2003-06-21,0.1
7510,2003-06-22,0.1
7511,2003-06-23,0.1
7512,2003-06-24,0.1
7513,2003-06-25,0.1
7514,2003-06-26,0.1
7515,2003-06-27,0.1
7516,2003-06-28,0.1
7517,2003-06-29,0.1
7518,2003-06-30,0.1
7519,2003-05-01,-0.1
7520,2003-05-02,-0.1
7521,2003-05-03,-0.1
7522,2003-05-04,-0.1
7523,2003-05-05,-0.1
7524,2003-05-06,-0.1
7525,2003-05-07,-0.1
7526,2003-05-08,-0.1
7527,2003-05-09,-0.1
7528,2003-05-10,-0.1
7529,2003-05-11,-0.1
7530,2003-05-12,-0.1
7531,2003-05-13,-0.1
7532,2003-05-14,-0.1
7533,2003-05-15,-0.1
7534,2003-05-16,-0.1
7535,2003-05-17,-0.1
7536,2003-05-18,-0.1
7537,2003-05-19,-0.1
7538,2003-05-20,-0.1
7539,2003-05-21,-0.1
7540,2003-05-22,-0.1
7541,2003-05-23,-0.1
7542,2003-05-24,-0.1
7543,2003-05-25,-0.1
7544,2003-05-26,-0.1
7545,2003-05-27,-0.1
7546,2003-05-28,-0.1
7547,2003-05-29,-0.1
7548,2003-05-30,-0.1
7549,2003-05-31,-0.1
7550,2003-04-01,0.8
7551,2003-04-02,0.8
7552,2003-04-03,0.8
7553,2003-04-04,0.8
7554,2003-04-05,0.8
7555,2003-04-06,0.8
7556,2003-04-07,0.8
7557,2003-04-08,0.8
7558,2003-04-09,0.8
7559,2003-04-10,0.8
7560,2003-04-11,0.8
7561,2003-04-12,0.8
7562,2003-04-13,0.8
7563,2003-04-14,0.8
7564,2003-04-15,0.8
7565,2003-04-16,0.8
7566,2003-04-17,0.8
7567,2003-04-18,0.8
7568,2003-04-19,0.8
7569,2003-04-20,0.8
7570,2003-04-21,0.8
7571,2003-04-22,0.8
7572,2003-04-23,0.8
7573,2003-04-24,0.8
7574,2003-04-25,0.8
7575,2003-04-26,0.8
7576,2003-04-27,0.8
7577,2003-04-28,0.8
7578,2003-04-29,0.8
7579,2003-04-30,0.8
7580,2003-03-01,0.7
7581,2003-03-02,0.7
7582,2003-03-03,0.7
7583,2003-03-04,0.7
7584,2003-03-05,0.7
7585,2003-03-06,0.7
7586,2003-03-07,0.7
7587,2003-03-08,0.7
7588,2003-03-09,0.7
7589,2003-03-10,0.7
7590,2003-03-11,0.7
7591,2003-03-12,0.7
7592,2003-03-13,0.7
7593,2003-03-14,0.7
7594,2003-03-15,0.7
7595,2003-03-16,0.7
7596,2003-03-17,0.7
7597,2003-03-18,0.7
7598,2003-03-19,0.7
7599,2003-03-20,0.7
7600,2003-03-21,0.7
7601,2003-03-22,0.7
7602,2003-03-23,0.7
7603,2003-03-24,0.7
7604,2003-03-25,0.7
7605,2003-03-26,0.7
7606,2003-03-27,0.7
7607,2003-03-28,0.7
7608,2003-03-29,0.7
7609,2003-03-30,0.7
7610,2003-03-31,0.7
7611,2003-02-01,0.2
7612,2003-02-02,0.2
7613,2003-02-03,0.2
7614,2003-02-04,0.2
7615,2003-02-05,0.2
7616,2003-02-06,0.2
7617,2003-02-07,0.2
7618,2003-02-08,0.2
7619,2003-02-09,0.2
7620,2003-02-10,0.2
7621,2003-02-11,0.2
7622,2003-02-12,0.2
7623,2003-02-13,0.2
7624,2003-02-14,0.2
7625,2003-02-15,0.2
7626,2003-02-16,0.2
7627,2003-02-17,0.2
7628,2003-02-18,0.2
7629,2003-02-19,0.2
7630,2003-02-20,0.2
7631,2003-02-21,0.2
7632,2003-02-22,0.2
7633,2003-02-23,0.2
7634,2003-02-24,0.2
7635,2003-02-25,0.2
7636,2003-02-26,0.2
7637,2003-02-27,0.2
7638,2003-02-28,0.2
7639,2003-01-01,-0.4
7640,2003-01-02,-0.4
7641,2003-01-03,-0.4
7642,2003-01-04,-0.4
7643,2003-01-05,-0.4
7644,2003-01-06,-0.4
7645,2003-01-07,-0.4
7646,2003-01-08,-0.4
7647,2003-01-09,-0.4
7648,2003-01-10,-0.4
7649,2003-01-11,-0.4
7650,2003-01-12,-0.4
7651,2003-01-13,-0.4
7652,2003-01-14,-0.4
7653,2003-01-15,-0.4
7654,2003-01-16,-0.4
7655,2003-01-17,-0.4
7656,2003-01-18,-0.4
7657,2003-01-19,-0.4
7658,2003-01-20,-0.4
7659,2003-01-21,-0.4
7660,2003-01-22,-0.4
7661,2003-01-23,-0.4
7662,2003-01-24,-0.4
7663,2003-01-25,-0.4
7664,2003-01-26,-0.4
7665,2003-01-27,-0.4
7666,2003-01-28,-0.4
7667,2003-01-29,-0.4
7668,2003-01-30,-0.4
7669,2003-01-31,-0.4
7670,2002-12-01,0.3
7671,2002-12-02,0.3
7672,2002-12-03,0.3
7673,2002-12-04,0.3
7674,2002-12-05,0.3
7675,2002-12-06,0.3
7676,2002-12-07,0.3
7677,2002-12-08,0.3
7678,2002-12-09,0.3
7679,2002-12-10,0.3
7680,2002-12-11,0.3
7681,2002-12-12,0.3
7682,2002-12-13,0.3
7683,2002-12-14,0.3
7684,2002-12-15,0.3
7685,2002-12-16,0.3
7686,2002-12-17,0.3
7687,2002-12-18,0.3
7688,2002-12-19,0.3
7689,2002-12-20,0.3
7690,2002-12-21,0.3
7691,2002-12-22,0.3
7692,2002-12-23,0.3
7693,2002-12-24,0.3
7694,2002-12-25,0.3
7695,2002-12-26,0.3
7696,2002-12-27,0.3
7697,2002-12-28,0.3
7698,2002-12-29,0.3
7699,2002-12-30,0.3
7700,2002-12-31,0.3
7701,2002-11-01,0.2
7702,2002-11-02,0.2
7703,2002-11-03,0.2
7704,2002-11-04,0.2
7705,2002-11-05,0.2
7706,2002-11-06,0.2
7707,2002-11-07,0.2
7708,2002-11-08,0.2
7709,2002-11-09,0.2
7710,2002-11-10,0.2
7711,2002-11-11,0.2
7712,2002-11-12,0.2
7713,2002-11-13,0.2
7714,2002-11-14,0.2
7715,2002-11-15,0.2
7716,2002-11-16,0.2
7717,2002-11-17,0.2
7718,2002-11-18,0.2
7719,2002-11-19,0.2
7720,2002-11-20,0.2
7721,2002-11-21,0.2
7722,2002-11-22,0.2
7723,2002-11-23,0.2
7724,2002-11-24,0.2
7725,2002-11-25,0.2
7726,2002-11-26,0.2
7727,2002-11-27,0.2
7728,2002-11-28,0.2
7729,2002-11-29,0.2
7730,2002-11-30,0.2
7731,2002-10-01,1.0
7732,2002-10-02,1.0
7733,2002-10-03,1.0
7734,2002-10-04,1.0
7735,2002-10-05,1.0
7736,2002-10-06,1.0
7737,2002-10-07,1.0
7738,2002-10-08,1.0
7739,2002-10-09,1.0
7740,2002-10-10,1.0
7741,2002-10-11,1.0
7742,2002-10-12,1.0
7743,2002-10-13,1.0
7744,2002-10-14,1.0
7745,2002-10-15,1.0
7746,2002-10-16,1.0
7747,2002-10-17,1.0
7748,2002-10-18,1.0
7749,2002-10-19,1.0
7750,2002-10-20,1.0
7751,2002-10-21,1.0
7752,2002-10-22,1.0
7753,2002-10-23,1.0
7754,2002-10-24,1.0
7755,2002-10-25,1.0
7756,2002-10-26,1.0
7757,2002-10-27,1.0
7758,2002-10-28,1.0
7759,2002-10-29,1.0
7760,2002-10-30,1.0
7761,2002-10-31,1.0
7762,2002-09-01,0.4
7763,2002-09-02,0.4
7764,2002-09-03,0.4
7765,2002-09-04,0.4
7766,2002-09-05,0.4
7767,2002-09-06,0.4
7768,2002-09-07,0.4
7769,2002-09-08,0.4
7770,2002-09-09,0.4
7771,2002-09-10,0.4
7772,2002-09-11,0.4
7773,2002-09-12,0.4
7774,2002-09-13,0.4
7775,2002-09-14,0.4
7776,2002-09-15,0.4
7777,2002-09-16,0.4
7778,2002-09-17,0.4
7779,2002-09-18,0.4
7780,2002-09-19,0.4
7781,2002-09-20,0.4
7782,2002-09-21,0.4
7783,2002-09-22,0.4
7784,2002-09-23,0.4
7785,2002-09-24,0.4
7786,2002-09-25,0.4
7787,2002-09-26,0.4
7788,2002-09-27,0.4
7789,2002-09-28,0.4
7790,2002-09-29,0.4
7791,2002-09-30,0.4
7792,2002-08-01,0.3
7793,2002-08-02,0.3
7794,2002-08-03,0.3
7795,2002-08-04,0.3
7796,2002-08-05,0.3
7797,2002-08-06,0.3
7798,2002-08-07,0.3
7799,2002-08-08,0.3
7800,2002-08-09,0.3
7801,2002-08-10,0.3
7802,2002-08-11,0.3
7803,2002-08-12,0.3
7804,2002-08-13,0.3
7805,2002-08-14,0.3
7806,2002-08-15,0.3
7807,2002-08-16,0.3
7808,2002-08-17,0.3
7809,2002-08-18,0.3
7810,2002-08-19,0.3
7811,2002-08-20,0.3
7812,2002-08-21,0.3
7813,2002-08-22,0.3
7814,2002-08-23,0.3
7815,2002-08-24,0.3
7816,2002-08-25,0.3
7817,2002-08-26,0.3
7818,2002-08-27,0.3
7819,2002-08-28,0.3
7820,2002-08-29,0.3
7821,2002-08-30,0.3
7822,2002-08-31,0.3
7823,2002-07-01,-0.7
7824,2002-07-02,-0.7
7825,2002-07-03,-0.7
7826,2002-07-04,-0.7
7827,2002-07-05,-0.7
7828,2002-07-06,-0.7
7829,2002-07-07,-0.7
7830,2002-07-08,-0.7
7831,2002-07-09,-0.7
7832,2002-07-10,-0.7
7833,2002-07-11,-0.7
7834,2002-07-12,-0.7
7835,2002-07-13,-0.7
7836,2002-07-14,-0.7
7837,2002-07-15,-0.7
7838,2002-07-16,-0.7
7839,2002-07-17,-0.7
7840,2002-07-18,-0.7
7841,2002-07-19,-0.7
7842,2002-07-20,-0.7
7843,2002-07-21,-0.7
7844,2002-07-22,-0.7
7845,2002-07-23,-0.7
7846,2002-07-24,-0.7
7847,2002-07-25,-0.7
7848,2002-07-26,-0.7
7849,2002-07-27,-0.7
7850,2002-07-28,-0.7
7851,2002-07-29,-0.7
7852,2002-07-30,-0.7
7853,2002-07-31,-0.7
7854,2002-06-01,0.0
7855,2002-06-02,0.0
7856,2002-06-03,0.0
7857,2002-06-04,0.0
7858,2002-06-05,0.0
7859,2002-06-06,0.0
7860,2002-06-07,0.0
7861,2002-06-08,0.0
7862,2002-06-09,0.0
7863,2002-06-10,0.0
7864,2002-06-11,0.0
7865,2002-06-12,0.0
7866,2002-06-13,0.0
7867,2002-06-14,0.0
7868,2002-06-15,0.0
7869,2002-06-16,0.0
7870,2002-06-17,0.0
7871,2002-06-18,0.0
7872,2002-06-19,0.0
7873,2002-06-20,0.0
7874,2002-06-21,0.0
7875,2002-06-22,0.0
7876,2002-06-23,0.0
7877,2002-06-24,0.0
7878,2002-06-25,0.0
7879,2002-06-26,0.0
7880,2002-06-27,0.0
7881,2002-06-28,0.0
7882,2002-06-29,0.0
7883,2002-06-30,0.0
7884,2002-05-01,0.4
7885,2002-05-02,0.4
7886,2002-05-03,0.4
7887,2002-05-04,0.4
7888,2002-05-05,0.4
7889,2002-05-06,0.4
7890,2002-05-07,0.4
7891,2002-05-08,0.4
7892,2002-05-09,0.4
7893,2002-05-10,0.4
7894,2002-05-11,0.4
7895,2002-05-12,0.4
7896,2002-05-13,0.4
7897,2002-05-14,0.4
7898,2002-05-15,0.4
7899,2002-05-16,0.4
7900,2002-05-17,0.4
7901,2002-05-18,0.4
7902,2002-05-19,0.4
7903,2002-05-20,0.4
7904,2002-05-21,0.4
7905,2002-05-22,0.4
7906,2002-05-23,0.4
7907,2002-05-24,0.4
7908,2002-05-25,0.4
7909,2002-05-26,0.4
7910,2002-05-27,0.4
7911,2002-05-28,0.4
7912,2002-05-29,0.4
7913,2002-05-30,0.4
7914,2002-05-31,0.4
7915,2002-04-01,1.4
7916,2002-04-02,1.4
7917,2002-04-03,1.4
7918,2002-04-04,1.4
7919,2002-04-05,1.4
7920,2002-04-06,1.4
7921,2002-04-07,1.4
7922,2002-04-08,1.4
7923,2002-04-09,1.4
7924,2002-04-10,1.4
7925,2002-04-11,1.4
7926,2002-04-12,1.4
7927,2002-04-13,1.4
7928,2002-04-14,1.4
7929,2002-04-15,1.4
7930,2002-04-16,1.4
7931,2002-04-17,1.4
7932,2002-04-18,1.4
7933,2002-04-19,1.4
7934,2002-04-20,1.4
7935,2002-04-21,1.4
7936,2002-04-22,1.4
7937,2002-04-23,1.4
7938,2002-04-24,1.4
7939,2002-04-25,1.4
7940,2002-04-26,1.4
7941,2002-04-27,1.4
7942,2002-04-28,1.4
7943,2002-04-29,1.4
7944,2002-04-30,1.4
7945,2002-03-01,0.8
7946,2002-03-02,0.8
7947,2002-03-03,0.8
7948,2002-03-04,0.8
7949,2002-03-05,0.8
7950,2002-03-06,0.8
7951,2002-03-07,0.8
7952,2002-03-08,0.8
7953,2002-03-09,0.8
7954,2002-03-10,0.8
7955,2002-03-11,0.8
7956,2002-03-12,0.8
7957,2002-03-13,0.8
7958,2002-03-14,0.8
7959,2002-03-15,0.8
7960,2002-03-16,0.8
7961,2002-03-17,0.8
7962,2002-03-18,0.8
7963,2002-03-19,0.8
7964,2002-03-20,0.8
7965,2002-03-21,0.8
7966,2002-03-22,0.8
7967,2002-03-23,0.8
7968,2002-03-24,0.8
7969,2002-03-25,0.8
7970,2002-03-26,0.8
7971,2002-03-27,0.8
7972,2002-03-28,0.8
7973,2002-03-29,0.8
7974,2002-03-30,0.8
7975,2002-03-31,0.8
7976,2002-02-01,0.1
7977,2002-02-02,0.1
7978,2002-02-03,0.1
7979,2002-02-04,0.1
7980,2002-02-05,0.1
7981,2002-02-06,0.1
7982,2002-02-07,0.1
7983,2002-02-08,0.1
7984,2002-02-09,0.1
7985,2002-02-10,0.1
7986,2002-02-11,0.1
7987,2002-02-12,0.1
7988,2002-02-13,0.1
7989,2002-02-14,0.1
7990,2002-02-15,0.1
7991,2002-02-16,0.1
7992,2002-02-17,0.1
7993,2002-02-18,0.1
7994,2002-02-19,0.1
7995,2002-02-20,0.1
7996,2002-02-21,0.1
7997,2002-02-22,0.1
7998,2002-02-23,0.1
7999,2002-02-24,0.1
8000,2002-02-25,0.1
8001,2002-02-26,0.1
8002,2002-02-27,0.1
8003,2002-02-28,0.1
8004,2002-01-01,-0.1
8005,2002-01-02,-0.1
8006,2002-01-03,-0.1
8007,2002-01-04,-0.1
8008,2002-01-05,-0.1
8009,2002-01-06,-0.1
8010,2002-01-07,-0.1
8011,2002-01-08,-0.1
8012,2002-01-09,-0.1
8013,2002-01-10,-0.1
8014,2002-01-11,-0.1
8015,2002-01-12,-0.1
8016,2002-01-13,-0.1
8017,2002-01-14,-0.1
8018,2002-01-15,-0.1
8019,2002-01-16,-0.1
8020,2002-01-17,-0.1
8021,2002-01-18,-0.1
8022,2002-01-19,-0.1
8023,2002-01-20,-0.1
8024,2002-01-21,-0.1
8025,2002-01-22,-0.1
8026,2002-01-23,-0.1
8027,2002-01-24,-0.1
8028,2002-01-25,-0.1
8029,2002-01-26,-0.1
8030,2002-01-27,-0.1
8031,2002-01-28,-0.1
8032,2002-01-29,-0.1
8033,2002-01-30,-0.1
8034,2002-01-31,-0.1
8035,2001-12-01,0.4
8036,2001-12-02,0.4
8037,2001-12-03,0.4
8038,2001-12-04,0.4
8039,2001-12-05,0.4
8040,2001-12-06,0.4
8041,2001-12-07,0.4
8042,2001-12-08,0.4
8043,2001-12-09,0.4
8044,2001-12-10,0.4
8045,2001-12-11,0.4
8046,2001-12-12,0.4
8047,2001-12-13,0.4
8048,2001-12-14,0.4
8049,2001-12-15,0.4
8050,2001-12-16,0.4
8051,2001-12-17,0.4
8052,2001-12-18,0.4
8053,2001-12-19,0.4
8054,2001-12-20,0.4
8055,2001-12-21,0.4
8056,2001-12-22,0.4
8057,2001-12-23,0.4
8058,2001-12-24,0.4
8059,2001-12-25,0.4
8060,2001-12-26,0.4
8061,2001-12-27,0.4
8062,2001-12-28,0.4
8063,2001-12-29,0.4
8064,2001-12-30,0.4
8065,2001-12-31,0.4
8066,2001-11-01,-0.1
8067,2001-11-02,-0.1
8068,2001-11-03,-0.1
8069,2001-11-04,-0.1
8070,2001-11-05,-0.1
8071,2001-11-06,-0.1
8072,2001-11-07,-0.1
8073,2001-11-08,-0.1
8074,2001-11-09,-0.1
8075,2001-11-10,-0.1
8076,2001-11-11,-0.1
8077,2001-11-12,-0.1
8078,2001-11-13,-0.1
8079,2001-11-14,-0.1
8080,2001-11-15,-0.1
8081,2001-11-16,-0.1
8082,2001-11-17,-0.1
8083,2001-11-18,-0.1
8084,2001-11-19,-0.1
8085,2001-11-20,-0.1
8086,2001-11-21,-0.1
8087,2001-11-22,-0.1
8088,2001-11-23,-0.1
8089,2001-11-24,-0.1
8090,2001-11-25,-0.1
8091,2001-11-26,-0.1
8092,2001-11-27,-0.1
8093,2001-11-28,-0.1
8094,2001-11-29,-0.1
8095,2001-11-30,-0.1
8096,2001-10-01,-0.1
8097,2001-10-02,-0.1
8098,2001-10-03,-0.1
8099,2001-10-04,-0.1
8100,2001-10-05,-0.1
8101,2001-10-06,-0.1
8102,2001-10-07,-0.1
8103,2001-10-08,-0.1
8104,2001-10-09,-0.1
8105,2001-10-10,-0.1
8106,2001-10-11,-0.1
8107,2001-10-12,-0.1
8108,2001-10-13,-0.1
8109,2001-10-14,-0.1
8110,2001-10-15,-0.1
8111,2001-10-16,-0.1
8112,2001-10-17,-0.1
8113,2001-10-18,-0.1
8114,2001-10-19,-0.1
8115,2001-10-20,-0.1
8116,2001-10-21,-0.1
8117,2001-10-22,-0.1
8118,2001-10-23,-0.1
8119,2001-10-24,-0.1
8120,2001-10-25,-0.1
8121,2001-10-26,-0.1
8122,2001-10-27,-0.1
8123,2001-10-28,-0.1
8124,2001-10-29,-0.1
8125,2001-10-30,-0.1
8126,2001-10-31,-0.1
8127,2001-09-01,0.0
8128,2001-09-02,0.0
8129,2001-09-03,0.0
8130,2001-09-04,0.0
8131,2001-09-05,0.0
8132,2001-09-06,0.0
8133,2001-09-07,0.0
8134,2001-09-08,0.0
8135,2001-09-09,0.0
8136,2001-09-10,0.0
8137,2001-09-11,0.0
8138,2001-09-12,0.0
8139,2001-09-13,0.0
8140,2001-09-14,0.0
8141,2001-09-15,0.0
8142,2001-09-16,0.0
8143,2001-09-17,0.0
8144,2001-09-18,0.0
8145,2001-09-19,0.0
8146,2001-09-20,0.0
8147,2001-09-21,0.0
8148,2001-09-22,0.0
8149,2001-09-23,0.0
8150,2001-09-24,0.0
8151,2001-09-25,0.0
8152,2001-09-26,0.0
8153,2001-09-27,0.0
8154,2001-09-28,0.0
8155,2001-09-29,0.0
8156,2001-09-30,0.0
8157,2001-08-01,0.2
8158,2001-08-02,0.2
8159,2001-08-03,0.2
8160,2001-08-04,0.2
8161,2001-08-05,0.2
8162,2001-08-06,0.2
8163,2001-08-07,0.2
8164,2001-08-08,0.2
8165,2001-08-09,0.2
8166,2001-08-10,0.2
8167,2001-08-11,0.2
8168,2001-08-12,0.2
8169,2001-08-13,0.2
8170,2001-08-14,0.2
8171,2001-08-15,0.2
8172,2001-08-16,0.2
8173,2001-08-17,0.2
8174,2001-08-18,0.2
8175,2001-08-19,0.2
8176,2001-08-20,0.2
8177,2001-08-21,0.2
8178,2001-08-22,0.2
8179,2001-08-23,0.2
8180,2001-08-24,0.2
8181,2001-08-25,0.2
8182,2001-08-26,0.2
8183,2001-08-27,0.2
8184,2001-08-28,0.2
8185,2001-08-29,0.2
8186,2001-08-30,0.2
8187,2001-08-31,0.2
8188,2001-07-01,0.2
8189,2001-07-02,0.2
8190,2001-07-03,0.2
8191,2001-07-04,0.2
8192,2001-07-05,0.2
8193,2001-07-06,0.2
8194,2001-07-07,0.2
8195,2001-07-08,0.2
8196,2001-07-09,0.2
8197,2001-07-10,0.2
8198,2001-07-11,0.2
8199,2001-07-12,0.2
8200,2001-07-13,0.2
8201,2001-07-14,0.2
8202,2001-07-15,0.2
8203,2001-07-16,0.2
8204,2001-07-17,0.2
8205,2001-07-18,0.2
8206,2001-07-19,0.2
8207,2001-07-20,0.2
8208,2001-07-21,0.2
8209,2001-07-22,0.2
8210,2001-07-23,0.2
8211,2001-07-24,0.2
8212,2001-07-25,0.2
8213,2001-07-26,0.2
8214,2001-07-27,0.2
8215,2001-07-28,0.2
8216,2001-07-29,0.2
8217,2001-07-30,0.2
8218,2001-07-31,0.2
8219,2001-06-01,0.3
8220,2001-06-02,0.3
8221,2001-06-03,0.3
8222,2001-06-04,0.3
8223,2001-06-05,0.3
8224,2001-06-06,0.3
8225,2001-06-07,0.3
8226,2001-06-08,0.3
8227,2001-06-09,0.3
8228,2001-06-10,0.3
8229,2001-06-11,0.3
8230,2001-06-12,0.3
8231,2001-06-13,0.3
8232,2001-06-14,0.3
8233,2001-06-15,0.3
8234,2001-06-16,0.3
8235,2001-06-17,0.3
8236,2001-06-18,0.3
8237,2001-06-19,0.3
8238,2001-06-20,0.3
8239,2001-06-21,0.3
8240,2001-06-22,0.3
8241,2001-06-23,0.3
8242,2001-06-24,0.3
8243,2001-06-25,0.3
8244,2001-06-26,0.3
8245,2001-06-27,0.3
8246,2001-06-28,0.3
8247,2001-06-29,0.3
8248,2001-06-30,0.3
8249,2001-05-01,0.4
8250,2001-05-02,0.4
8251,2001-05-03,0.4
8252,2001-05-04,0.4
8253,2001-05-05,0.4
8254,2001-05-06,0.4
8255,2001-05-07,0.4
8256,2001-05-08,0.4
8257,2001-05-09,0.4
8258,2001-05-10,0.4
8259,2001-05-11,0.4
8260,2001-05-12,0.4
8261,2001-05-13,0.4
8262,2001-05-14,0.4
8263,2001-05-15,0.4
8264,2001-05-16,0.4
8265,2001-05-17,0.4
8266,2001-05-18,0.4
8267,2001-05-19,0.4
8268,2001-05-20,0.4
8269,2001-05-21,0.4
8270,2001-05-22,0.4
8271,2001-05-23,0.4
8272,2001-05-24,0.4
8273,2001-05-25,0.4
8274,2001-05-26,0.4
8275,2001-05-27,0.4
8276,2001-05-28,0.4
8277,2001-05-29,0.4
8278,2001-05-30,0.4
8279,2001-05-31,0.4
8280,2001-04-01,0.5
8281,2001-04-02,0.5
8282,2001-04-03,0.5
8283,2001-04-04,0.5
8284,2001-04-05,0.5
8285,2001-04-06,0.5
8286,2001-04-07,0.5
8287,2001-04-08,0.5
8288,2001-04-09,0.5
8289,2001-04-10,0.5
8290,2001-04-11,0.5
8291,2001-04-12,0.5
8292,2001-04-13,0.5
8293,2001-04-14,0.5
8294,2001-04-15,0.5
8295,2001-04-16,0.5
8296,2001-04-17,0.5
8297,2001-04-18,0.5
8298,2001-04-19,0.5
8299,2001-04-20,0.5
8300,2001-04-21,0.5
8301,2001-04-22,0.5
8302,2001-04-23,0.5
8303,2001-04-24,0.5
8304,2001-04-25,0.5
8305,2001-04-26,0.5
8306,2001-04-27,0.5
8307,2001-04-28,0.5
8308,2001-04-29,0.5
8309,2001-04-30,0.5
8310,2001-03-01,0.4
8311,2001-03-02,0.4
8312,2001-03-03,0.4
8313,2001-03-04,0.4
8314,2001-03-05,0.4
8315,2001-03-06,0.4
8316,2001-03-07,0.4
8317,2001-03-08,0.4
8318,2001-03-09,0.4
8319,2001-03-10,0.4
8320,2001-03-11,0.4
8321,2001-03-12,0.4
8322,2001-03-13,0.4
8323,2001-03-14,0.4
8324,2001-03-15,0.4
8325,2001-03-16,0.4
8326,2001-03-17,0.4
8327,2001-03-18,0.4
8328,2001-03-19,0.4
8329,2001-03-20,0.4
8330,2001-03-21,0.4
8331,2001-03-22,0.4
8332,2001-03-23,0.4
8333,2001-03-24,0.4
8334,2001-03-25,0.4
8335,2001-03-26,0.4
8336,2001-03-27,0.4
8337,2001-03-28,0.4
8338,2001-03-29,0.4
8339,2001-03-30,0.4
8340,2001-03-31,0.4
8341,2001-02-01,0.3
8342,2001-02-02,0.3
8343,2001-02-03,0.3
8344,2001-02-04,0.3
8345,2001-02-05,0.3
8346,2001-02-06,0.3
8347,2001-02-07,0.3
8348,2001-02-08,0.3
8349,2001-02-09,0.3
8350,2001-02-10,0.3
8351,2001-02-11,0.3
8352,2001-02-12,0.3
8353,2001-02-13,0.3
8354,2001-02-14,0.3
8355,2001-02-15,0.3
8356,2001-02-16,0.3
8357,2001-02-17,0.3
8358,2001-02-18,0.3
8359,2001-02-19,0.3
8360,2001-02-20,0.3
8361,2001-02-21,0.3
8362,2001-02-22,0.3
8363,2001-02-23,0.3
8364,2001-02-24,0.3
8365,2001-02-25,0.3
8366,2001-02-26,0.3
8367,2001-02-27,0.3
8368,2001-02-28,0.3
8369,2001-01-01,0.0
8370,2001-01-02,0.0
8371,2001-01-03,0.0
8372,2001-01-04,0.0
8373,2001-01-05,0.0
8374,2001-01-06,0.0
8375,2001-01-07,0.0
8376,2001-01-08,0.0
8377,2001-01-09,0.0
8378,2001-01-10,0.0
8379,2001-01-11,0.0
8380,2001-01-12,0.0
8381,2001-01-13,0.0
8382,2001-01-14,0.0
8383,2001-01-15,0.0
8384,2001-01-16,0.0
8385,2001-01-17,0.0
8386,2001-01-18,0.0
8387,2001-01-19,0.0
8388,2001-01-20,0.0
8389,2001-01-21,0.0
8390,2001-01-22,0.0
8391,2001-01-23,0.0
8392,2001-01-24,0.0
8393,2001-01-25,0.0
8394,2001-01-26,0.0
8395,2001-01-27,0.0
8396,2001-01-28,0.0
8397,2001-01-29,0.0
8398,2001-01-30,0.0
8399,2001-01-31,0.0
8400,2000-12-01,0.3
8401,2000-12-02,0.3
8402,2000-12-03,0.3
8403,2000-12-04,0.3
8404,2000-12-05,0.3
8405,2000-12-06,0.3
8406,2000-12-07,0.3
8407,2000-12-08,0.3
8408,2000-12-09,0.3
8409,2000-12-10,0.3
8410,2000-12-11,0.3
8411,2000-12-12,0.3
8412,2000-12-13,0.3
8413,2000-12-14,0.3
8414,2000-12-15,0.3
8415,2000-12-16,0.3
8416,2000-12-17,0.3
8417,2000-12-18,0.3
8418,2000-12-19,0.3
8419,2000-12-20,0.3
8420,2000-12-21,0.3
8421,2000-12-22,0.3
8422,2000-12-23,0.3
8423,2000-12-24,0.3
8424,2000-12-25,0.3
8425,2000-12-26,0.3
8426,2000-12-27,0.3
8427,2000-12-28,0.3
8428,2000-12-29,0.3
8429,2000-12-30,0.3
8430,2000-12-31,0.3
8431,2000-11-01,0.2
8432,2000-11-02,0.2
8433,2000-11-03,0.2
8434,2000-11-04,0.2
8435,2000-11-05,0.2
8436,2000-11-06,0.2
8437,2000-11-07,0.2
8438,2000-11-08,0.2
8439,2000-11-09,0.2
8440,2000-11-10,0.2
8441,2000-11-11,0.2
8442,2000-11-12,0.2
8443,2000-11-13,0.2
8444,2000-11-14,0.2
8445,2000-11-15,0.2
8446,2000-11-16,0.2
8447,2000-11-17,0.2
8448,2000-11-18,0.2
8449,2000-11-19,0.2
8450,2000-11-20,0.2
8451,2000-11-21,0.2
8452,2000-11-22,0.2
8453,2000-11-23,0.2
8454,2000-11-24,0.2
8455,2000-11-25,0.2
8456,2000-11-26,0.2
8457,2000-11-27,0.2
8458,2000-11-28,0.2
8459,2000-11-29,0.2
8460,2000-11-30,0.2
8461,2000-10-01,0.3
8462,2000-10-02,0.3
8463,2000-10-03,0.3
8464,2000-10-04,0.3
8465,2000-10-05,0.3
8466,2000-10-06,0.3
8467,2000-10-07,0.3
8468,2000-10-08,0.3
8469,2000-10-09,0.3
8470,2000-10-10,0.3
8471,2000-10-11,0.3
8472,2000-10-12,0.3
8473,2000-10-13,0.3
8474,2000-10-14,0.3
8475,2000-10-15,0.3
8476,2000-10-16,0.3
8477,2000-10-17,0.3
8478,2000-10-18,0.3
8479,2000-10-19,0.3
8480,2000-10-20,0.3
8481,2000-10-21,0.3
8482,2000-10-22,0.3
8483,2000-10-23,0.3
8484,2000-10-24,0.3
8485,2000-10-25,0.3
8486,2000-10-26,0.3
8487,2000-10-27,0.3
8488,2000-10-28,0.3
8489,2000-10-29,0.3
8490,2000-10-30,0.3
8491,2000-10-31,0.3
8492,2000-09-01,0.3
8493,2000-09-02,0.3
8494,2000-09-03,0.3
8495,2000-09-04,0.3
8496,2000-09-05,0.3
8497,2000-09-06,0.3
8498,2000-09-07,0.3
8499,2000-09-08,0.3
8500,2000-09-09,0.3
8501,2000-09-10,0.3
8502,2000-09-11,0.3
8503,2000-09-12,0.3
8504,2000-09-13,0.3
8505,2000-09-14,0.3
8506,2000-09-15,0.3
8507,2000-09-16,0.3
8508,2000-09-17,0.3
8509,2000-09-18,0.3
8510,2000-09-19,0.3
8511,2000-09-20,0.3
8512,2000-09-21,0.3
8513,2000-09-22,0.3
8514,2000-09-23,0.3
8515,2000-09-24,0.3
8516,2000-09-25,0.3
8517,2000-09-26,0.3
8518,2000-09-27,0.3
8519,2000-09-28,0.3
8520,2000-09-29,0.3
8521,2000-09-30,0.3
8522,2000-08-01,0.4
8523,2000-08-02,0.4
8524,2000-08-03,0.4
8525,2000-08-04,0.4
8526,2000-08-05,0.4
8527,2000-08-06,0.4
8528,2000-08-07,0.4
8529,2000-08-08,0.4
8530,2000-08-09,0.4
8531,2000-08-10,0.4
8532,2000-08-11,0.4
8533,2000-08-12,0.4
8534,2000-08-13,0.4
8535,2000-08-14,0.4
8536,2000-08-15,0.4
8537,2000-08-16,0.4
8538,2000-08-17,0.4
8539,2000-08-18,0.4
8540,2000-08-19,0.4
8541,2000-08-20,0.4
8542,2000-08-21,0.4
8543,2000-08-22,0.4
8544,2000-08-23,0.4
8545,2000-08-24,0.4
8546,2000-08-25,0.4
8547,2000-08-26,0.4
8548,2000-08-27,0.4
8549,2000-08-28,0.4
8550,2000-08-29,0.4
8551,2000-08-30,0.4
8552,2000-08-31,0.4
8553,2000-07-01,0.6
8554,2000-07-02,0.6
8555,2000-07-03,0.6
8556,2000-07-04,0.6
8557,2000-07-05,0.6
8558,2000-07-06,0.6
8559,2000-07-07,0.6
8560,2000-07-08,0.6
8561,2000-07-09,0.6
8562,2000-07-10,0.6
8563,2000-07-11,0.6
8564,2000-07-12,0.6
8565,2000-07-13,0.6
8566,2000-07-14,0.6
8567,2000-07-15,0.6
8568,2000-07-16,0.6
8569,2000-07-17,0.6
8570,2000-07-18,0.6
8571,2000-07-19,0.6
8572,2000-07-20,0.6
8573,2000-07-21,0.6
8574,2000-07-22,0.6
8575,2000-07-23,0.6
8576,2000-07-24,0.6
8577,2000-07-25,0.6
8578,2000-07-26,0.6
8579,2000-07-27,0.6
8580,2000-07-28,0.6
8581,2000-07-29,0.6
8582,2000-07-30,0.6
8583,2000-07-31,0.6
8584,2000-06-01,0.3
8585,2000-06-02,0.3
8586,2000-06-03,0.3
8587,2000-06-04,0.3
8588,2000-06-05,0.3
8589,2000-06-06,0.3
8590,2000-06-07,0.3
8591,2000-06-08,0.3
8592,2000-06-09,0.3
8593,2000-06-10,0.3
8594,2000-06-11,0.3
8595,2000-06-12,0.3
8596,2000-06-13,0.3
8597,2000-06-14,0.3
8598,2000-06-15,0.3
8599,2000-06-16,0.3
8600,2000-06-17,0.3
8601,2000-06-18,0.3
8602,2000-06-19,0.3
8603,2000-06-20,0.3
8604,2000-06-21,0.3
8605,2000-06-22,0.3
8606,2000-06-23,0.3
8607,2000-06-24,0.3
8608,2000-06-25,0.3
8609,2000-06-26,0.3
8610,2000-06-27,0.3
8611,2000-06-28,0.3
8612,2000-06-29,0.3
8613,2000-06-30,0.3
8614,2000-05-01,0.2
8615,2000-05-02,0.2
8616,2000-05-03,0.2
8617,2000-05-04,0.2
8618,2000-05-05,0.2
8619,2000-05-06,0.2
8620,2000-05-07,0.2
8621,2000-05-08,0.2
8622,2000-05-09,0.2
8623,2000-05-10,0.2
8624,2000-05-11,0.2
8625,2000-05-12,0.2
8626,2000-05-13,0.2
8627,2000-05-14,0.2
8628,2000-05-15,0.2
8629,2000-05-16,0.2
8630,2000-05-17,0.2
8631,2000-05-18,0.2
8632,2000-05-19,0.2
8633,2000-05-20,0.2
8634,2000-05-21,0.2
8635,2000-05-22,0.2
8636,2000-05-23,0.2
8637,2000-05-24,0.2
8638,2000-05-25,0.2
8639,2000-05-26,0.2
8640,2000-05-27,0.2
8641,2000-05-28,0.2
8642,2000-05-29,0.2
8643,2000-05-30,0.2
8644,2000-05-31,0.2
8645,2000-04-01,0.4
8646,2000-04-02,0.4
8647,2000-04-03,0.4
8648,2000-04-04,0.4
8649,2000-04-05,0.4
8650,2000-04-06,0.4
8651,2000-04-07,0.4
8652,2000-04-08,0.4
8653,2000-04-09,0.4
8654,2000-04-10,0.4
8655,2000-04-11,0.4
8656,2000-04-12,0.4
8657,2000-04-13,0.4
8658,2000-04-14,0.4
8659,2000-04-15,0.4
8660,2000-04-16,0.4
8661,2000-04-17,0.4
8662,2000-04-18,0.4
8663,2000-04-19,0.4
8664,2000-04-20,0.4
8665,2000-04-21,0.4
8666,2000-04-22,0.4
8667,2000-04-23,0.4
8668,2000-04-24,0.4
8669,2000-04-25,0.4
8670,2000-04-26,0.4
8671,2000-04-27,0.4
8672,2000-04-28,0.4
8673,2000-04-29,0.4
8674,2000-04-30,0.4
8675,2000-03-01,0.4
8676,2000-03-02,0.4
8677,2000-03-03,0.4
8678,2000-03-04,0.4
8679,2000-03-05,0.4
8680,2000-03-06,0.4
8681,2000-03-07,0.4
8682,2000-03-08,0.4
8683,2000-03-09,0.4
8684,2000-03-10,0.4
8685,2000-03-11,0.4
8686,2000-03-12,0.4
8687,2000-03-13,0.4
8688,2000-03-14,0.4
8689,2000-03-15,0.4
8690,2000-03-16,0.4
8691,2000-03-17,0.4
8692,2000-03-18,0.4
8693,2000-03-19,0.4
8694,2000-03-20,0.4
8695,2000-03-21,0.4
8696,2000-03-22,0.4
8697,2000-03-23,0.4
8698,2000-03-24,0.4
8699,2000-03-25,0.4
8700,2000-03-26,0.4
8701,2000-03-27,0.4
8702,2000-03-28,0.4
8703,2000-03-29,0.4
8704,2000-03-30,0.4
8705,2000-03-31,0.4
8706,2000-02-01,0.1
8707,2000-02-02,0.1
8708,2000-02-03,0.1
8709,2000-02-04,0.1
8710,2000-02-05,0.1
8711,2000-02-06,0.1
8712,2000-02-07,0.1
8713,2000-02-08,0.1
8714,2000-02-09,0.1
8715,2000-02-10,0.1
8716,2000-02-11,0.1
8717,2000-02-12,0.1
8718,2000-02-13,0.1
8719,2000-02-14,0.1
8720,2000-02-15,0.1
8721,2000-02-16,0.1
8722,2000-02-17,0.1
8723,2000-02-18,0.1
8724,2000-02-19,0.1
8725,2000-02-20,0.1
8726,2000-02-21,0.1
8727,2000-02-22,0.1
8728,2000-02-23,0.1
8729,2000-02-24,0.1
8730,2000-02-25,0.1
8731,2000-02-26,0.1
8732,2000-02-27,0.1
8733,2000-02-28,0.1
8734,2000-02-29,0.1
8735,2000-01-01,0.3
8736,2000-01-02,0.3
8737,2000-01-03,0.3
8738,2000-01-04,0.3
8739,2000-01-05,0.3
8740,2000-01-06,0.3
8741,2000-01-07,0.3
8742,2000-01-08,0.3
8743,2000-01-09,0.3
8744,2000-01-10,0.3
8745,2000-01-11,0.3
8746,2000-01-12,0.3
8747,2000-01-13,0.3
8748,2000-01-14,0.3
8749,2000-01-15,0.3
8750,2000-01-16,0.3
8751,2000-01-17,0.3
8752,2000-01-18,0.3
8753,2000-01-19,0.3
8754,2000-01-20,0.3
8755,2000-01-21,0.3
8756,2000-01-22,0.3
8757,2000-01-23,0.3
8758,2000-01-24,0.3
8759,2000-01-25,0.3
8760,2000-01-26,0.3
8761,2000-01-27,0.3
8762,2000-01-28,0.3
8763,2000-01-29,0.3
8764,2000-01-30,0.3
8765,2000-01-31,0.3
8766,1999-12-01,0.5
8767,1999-12-02,0.5
8768,1999-12-03,0.5
8769,1999-12-04,0.5
8770,1999-12-05,0.5
8771,1999-12-06,0.5
8772,1999-12-07,0.5
8773,1999-12-08,0.5
8774,1999-12-09,0.5
8775,1999-12-10,0.5
8776,1999-12-11,0.5
8777,1999-12-12,0.5
8778,1999-12-13,0.5
8779,1999-12-14,0.5
8780,1999-12-15,0.5
8781,1999-12-16,0.5
8782,1999-12-17,0.5
8783,1999-12-18,0.5
8784,1999-12-19,0.5
8785,1999-12-20,0.5
8786,1999-12-21,0.5
8787,1999-12-22,0.5
8788,1999-12-23,0.5
8789,1999-12-24,0.5
8790,1999-12-25,0.5
8791,1999-12-26,0.5
8792,1999-12-27,0.5
8793,1999-12-28,0.5
8794,1999-12-29,0.5
8795,1999-12-30,0.5
8796,1999-12-31,0.5
8797,1999-11-01,0.2
8798,1999-11-02,0.2
8799,1999-11-03,0.2
8800,1999-11-04,0.2
8801,1999-11-05,0.2
8802,1999-11-06,0.2
8803,1999-11-07,0.2
8804,1999-11-08,0.2
8805,1999-11-09,0.2
8806,1999-11-10,0.2
8807,1999-11-11,0.2
8808,1999-11-12,0.2
8809,1999-11-13,0.2
8810,1999-11-14,0.2
8811,1999-11-15,0.2
8812,1999-11-16,0.2
8813,1999-11-17,0.2
8814,1999-11-18,0.2
8815,1999-11-19,0.2
8816,1999-11-20,0.2
8817,1999-11-21,0.2
8818,1999-11-22,0.2
8819,1999-11-23,0.2
8820,1999-11-24,0.2
8821,1999-11-25,0.2
8822,1999-11-26,0.2
8823,1999-11-27,0.2
8824,1999-11-28,0.2
8825,1999-11-29,0.2
8826,1999-11-30,0.2
8827,1999-10-01,0.0
8828,1999-10-02,0.0
8829,1999-10-03,0.0
8830,1999-10-04,0.0
8831,1999-10-05,0.0
8832,1999-10-06,0.0
8833,1999-10-07,0.0
8834,1999-10-08,0.0
8835,1999-10-09,0.0
8836,1999-10-10,0.0
8837,1999-10-11,0.0
8838,1999-10-12,0.0
8839,1999-10-13,0.0
8840,1999-10-14,0.0
8841,1999-10-15,0.0
8842,1999-10-16,0.0
8843,1999-10-17,0.0
8844,1999-10-18,0.0
8845,1999-10-19,0.0
8846,1999-10-20,0.0
8847,1999-10-21,0.0
8848,1999-10-22,0.0
8849,1999-10-23,0.0
8850,1999-10-24,0.0
8851,1999-10-25,0.0
8852,1999-10-26,0.0
8853,1999-10-27,0.0
8854,1999-10-28,0.0
8855,1999-10-29,0.0
8856,1999-10-30,0.0
8857,1999-10-31,0.0
8858,1999-09-01,0.2
8859,1999-09-02,0.2
8860,1999-09-03,0.2
8861,1999-09-04,0.2
8862,1999-09-05,0.2
8863,1999-09-06,0.2
8864,1999-09-07,0.2
8865,1999-09-08,0.2
8866,1999-09-09,0.2
8867,1999-09-10,0.2
8868,1999-09-11,0.2
8869,1999-09-12,0.2
8870,1999-09-13,0.2
8871,1999-09-14,0.2
8872,1999-09-15,0.2
8873,1999-09-16,0.2
8874,1999-09-17,0.2
8875,1999-09-18,0.2
8876,1999-09-19,0.2
8877,1999-09-20,0.2
8878,1999-09-21,0.2
8879,1999-09-22,0.2
8880,1999-09-23,0.2
8881,1999-09-24,0.2
8882,1999-09-25,0.2
8883,1999-09-26,0.2
8884,1999-09-27,0.2
8885,1999-09-28,0.2
8886,1999-09-29,0.2
8887,1999-09-30,0.2
8888,1999-08-01,0.4
8889,1999-08-02,0.4
8890,1999-08-03,0.4
8891,1999-08-04,0.4
8892,1999-08-05,0.4
8893,1999-08-06,0.4
8894,1999-08-07,0.4
8895,1999-08-08,0.4
8896,1999-08-09,0.4
8897,1999-08-10,0.4
8898,1999-08-11,0.4
8899,1999-08-12,0.4
8900,1999-08-13,0.4
8901,1999-08-14,0.4
8902,1999-08-15,0.4
8903,1999-08-16,0.4
8904,1999-08-17,0.4
8905,1999-08-18,0.4
8906,1999-08-19,0.4
8907,1999-08-20,0.4
8908,1999-08-21,0.4
8909,1999-08-22,0.4
8910,1999-08-23,0.4
8911,1999-08-24,0.4
8912,1999-08-25,0.4
8913,1999-08-26,0.4
8914,1999-08-27,0.4
8915,1999-08-28,0.4
8916,1999-08-29,0.4
8917,1999-08-30,0.4
8918,1999-08-31,0.4
8919,1999-07-01,0.4
8920,1999-07-02,0.4
8921,1999-07-03,0.4
8922,1999-07-04,0.4
8923,1999-07-05,0.4
8924,1999-07-06,0.4
8925,1999-07-07,0.4
8926,1999-07-08,0.4
8927,1999-07-09,0.4
8928,1999-07-10,0.4
8929,1999-07-11,0.4
8930,1999-07-12,0.4
8931,1999-07-13,0.4
8932,1999-07-14,0.4
8933,1999-07-15,0.4
8934,1999-07-16,0.4
8935,1999-07-17,0.4
8936,1999-07-18,0.4
8937,1999-07-19,0.4
8938,1999-07-20,0.4
8939,1999-07-21,0.4
8940,1999-07-22,0.4
8941,1999-07-23,0.4
8942,1999-07-24,0.4
8943,1999-07-25,0.4
8944,1999-07-26,0.4
8945,1999-07-27,0.4
8946,1999-07-28,0.4
8947,1999-07-29,0.4
8948,1999-07-30,0.4
8949,1999-07-31,0.4
8950,1999-06-01,0.0
8951,1999-06-02,0.0
8952,1999-06-03,0.0
8953,1999-06-04,0.0
8954,1999-06-05,0.0
8955,1999-06-06,0.0
8956,1999-06-07,0.0
8957,1999-06-08,0.0
8958,1999-06-09,0.0
8959,1999-06-10,0.0
8960,1999-06-11,0.0
8961,1999-06-12,0.0
8962,1999-06-13,0.0
8963,1999-06-14,0.0
8964,1999-06-15,0.0
8965,1999-06-16,0.0
8966,1999-06-17,0.0
8967,1999-06-18,0.0
8968,1999-06-19,0.0
8969,1999-06-20,0.0
8970,1999-06-21,0.0
8971,1999-06-22,0.0
8972,1999-06-23,0.0
8973,1999-06-24,0.0
8974,1999-06-25,0.0
8975,1999-06-26,0.0
8976,1999-06-27,0.0
8977,1999-06-28,0.0
8978,1999-06-29,0.0
8979,1999-06-30,0.0
8980,1999-05-01,0.0
8981,1999-05-02,0.0
8982,1999-05-03,0.0
8983,1999-05-04,0.0
8984,1999-05-05,0.0
8985,1999-05-06,0.0
8986,1999-05-07,0.0
8987,1999-05-08,0.0
8988,1999-05-09,0.0
8989,1999-05-10,0.0
8990,1999-05-11,0.0
8991,1999-05-12,0.0
8992,1999-05-13,0.0
8993,1999-05-14,0.0
8994,1999-05-15,0.0
8995,1999-05-16,0.0
8996,1999-05-17,0.0
8997,1999-05-18,0.0
8998,1999-05-19,0.0
8999,1999-05-20,0.0
9000,1999-05-21,0.0
9001,1999-05-22,0.0
9002,1999-05-23,0.0
9003,1999-05-24,0.0
9004,1999-05-25,0.0
9005,1999-05-26,0.0
9006,1999-05-27,0.0
9007,1999-05-28,0.0
9008,1999-05-29,0.0
9009,1999-05-30,0.0
9010,1999-05-31,0.0
9011,1999-04-01,0.4
9012,1999-04-02,0.4
9013,1999-04-03,0.4
9014,1999-04-04,0.4
9015,1999-04-05,0.4
9016,1999-04-06,0.4
9017,1999-04-07,0.4
9018,1999-04-08,0.4
9019,1999-04-09,0.4
9020,1999-04-10,0.4
9021,1999-04-11,0.4
9022,1999-04-12,0.4
9023,1999-04-13,0.4
9024,1999-04-14,0.4
9025,1999-04-15,0.4
9026,1999-04-16,0.4
9027,1999-04-17,0.4
9028,1999-04-18,0.4
9029,1999-04-19,0.4
9030,1999-04-20,0.4
9031,1999-04-21,0.4
9032,1999-04-22,0.4
9033,1999-04-23,0.4
9034,1999-04-24,0.4
9035,1999-04-25,0.4
9036,1999-04-26,0.4
9037,1999-04-27,0.4
9038,1999-04-28,0.4
9039,1999-04-29,0.4
9040,1999-04-30,0.4
9041,1999-03-01,0.4
9042,1999-03-02,0.4
9043,1999-03-03,0.4
9044,1999-03-04,0.4
9045,1999-03-05,0.4
9046,1999-03-06,0.4
9047,1999-03-07,0.4
9048,1999-03-08,0.4
9049,1999-03-09,0.4
9050,1999-03-10,0.4
9051,1999-03-11,0.4
9052,1999-03-12,0.4
9053,1999-03-13,0.4
9054,1999-03-14,0.4
9055,1999-03-15,0.4
9056,1999-03-16,0.4
9057,1999-03-17,0.4
9058,1999-03-18,0.4
9059,1999-03-19,0.4
9060,1999-03-20,0.4
9061,1999-03-21,0.4
9062,1999-03-22,0.4
9063,1999-03-23,0.4
9064,1999-03-24,0.4
9065,1999-03-25,0.4
9066,1999-03-26,0.4
9067,1999-03-27,0.4
9068,1999-03-28,0.4
9069,1999-03-29,0.4
9070,1999-03-30,0.4
9071,1999-03-31,0.4
9072,1999-02-01,0.1
9073,1999-02-02,0.1
9074,1999-02-03,0.1
9075,1999-02-04,0.1
9076,1999-02-05,0.1
9077,1999-02-06,0.1
9078,1999-02-07,0.1
9079,1999-02-08,0.1
9080,1999-02-09,0.1
9081,1999-02-10,0.1
9082,1999-02-11,0.1
9083,1999-02-12,0.1
9084,1999-02-13,0.1
9085,1999-02-14,0.1
9086,1999-02-15,0.1
9087,1999-02-16,0.1
9088,1999-02-17,0.1
9089,1999-02-18,0.1
9090,1999-02-19,0.1
9091,1999-02-20,0.1
9092,1999-02-21,0.1
9093,1999-02-22,0.1
9094,1999-02-23,0.1
9095,1999-02-24,0.1
9096,1999-02-25,0.1
9097,1999-02-26,0.1
9098,1999-02-27,0.1
9099,1999-02-28,0.1
9100,1999-01-01,0.4
9101,1999-01-02,0.4
9102,1999-01-03,0.4
9103,1999-01-04,0.4
9104,1999-01-05,0.4
9105,1999-01-06,0.4
9106,1999-01-07,0.4
9107,1999-01-08,0.4
9108,1999-01-09,0.4
9109,1999-01-10,0.4
9110,1999-01-11,0.4
9111,1999-01-12,0.4
9112,1999-01-13,0.4
9113,1999-01-14,0.4
9114,1999-01-15,0.4
9115,1999-01-16,0.4
9116,1999-01-17,0.4
9117,1999-01-18,0.4
9118,1999-01-19,0.4
9119,1999-01-20,0.4
9120,1999-01-21,0.4
9121,1999-01-22,0.4
9122,1999-01-23,0.4
9123,1999-01-24,0.4
9124,1999-01-25,0.4
9125,1999-01-26,0.4
9126,1999-01-27,0.4
9127,1999-01-28,0.4
9128,1999-01-29,0.4
9129,1999-01-30,0.4
9130,1999-01-31,0.4
9131,1998-12-01,0.3
9132,1998-12-02,0.3
9133,1998-12-03,0.3
9134,1998-12-04,0.3
9135,1998-12-05,0.3
9136,1998-12-06,0.3
9137,1998-12-07,0.3
9138,1998-12-08,0.3
9139,1998-12-09,0.3
9140,1998-12-10,0.3
9141,1998-12-11,0.3
9142,1998-12-12,0.3
9143,1998-12-13,0.3
9144,1998-12-14,0.3
9145,1998-12-15,0.3
9146,1998-12-16,0.3
9147,1998-12-17,0.3
9148,1998-12-18,0.3
9149,1998-12-19,0.3
9150,1998-12-20,0.3
9151,1998-12-21,0.3
9152,1998-12-22,0.3
9153,1998-12-23,0.3
9154,1998-12-24,0.3
9155,1998-12-25,0.3
9156,1998-12-26,0.3
9157,1998-12-27,0.3
9158,1998-12-28,0.3
9159,1998-12-29,0.3
9160,1998-12-30,0.3
9161,1998-12-31,0.3
9162,1998-11-01,-0.1
9163,1998-11-02,-0.1
9164,1998-11-03,-0.1
9165,1998-11-04,-0.1
9166,1998-11-05,-0.1
9167,1998-11-06,-0.1
9168,1998-11-07,-0.1
9169,1998-11-08,-0.1
9170,1998-11-09,-0.1
9171,1998-11-10,-0.1
9172,1998-11-11,-0.1
9173,1998-11-12,-0.1
9174,1998-11-13,-0.1
9175,1998-11-14,-0.1
9176,1998-11-15,-0.1
9177,1998-11-16,-0.1
9178,1998-11-17,-0.1
9179,1998-11-18,-0.1
9180,1998-11-19,-0.1
9181,1998-11-20,-0.1
9182,1998-11-21,-0.1
9183,1998-11-22,-0.1
9184,1998-11-23,-0.1
9185,1998-11-24,-0.1
9186,1998-11-25,-0.1
9187,1998-11-26,-0.1
9188,1998-11-27,-0.1
9189,1998-11-28,-0.1
9190,1998-11-29,-0.1
9191,1998-11-30,-0.1
9192,1998-10-01,0.0
9193,1998-10-02,0.0
9194,1998-10-03,0.0
9195,1998-10-04,0.0
9196,1998-10-05,0.0
9197,1998-10-06,0.0
9198,1998-10-07,0.0
9199,1998-10-08,0.0
9200,1998-10-09,0.0
9201,1998-10-10,0.0
9202,1998-10-11,0.0
9203,1998-10-12,0.0
9204,1998-10-13,0.0
9205,1998-10-14,0.0
9206,1998-10-15,0.0
9207,1998-10-16,0.0
9208,1998-10-17,0.0
9209,1998-10-18,0.0
9210,1998-10-19,0.0
9211,1998-10-20,0.0
9212,1998-10-21,0.0
9213,1998-10-22,0.0
9214,1998-10-23,0.0
9215,1998-10-24,0.0
9216,1998-10-25,0.0
9217,1998-10-26,0.0
9218,1998-10-27,0.0
9219,1998-10-28,0.0
9220,1998-10-29,0.0
9221,1998-10-30,0.0
9222,1998-10-31,0.0
9223,1998-09-01,0.1
9224,1998-09-02,0.1
9225,1998-09-03,0.1
9226,1998-09-04,0.1
9227,1998-09-05,0.1
9228,1998-09-06,0.1
9229,1998-09-07,0.1
9230,1998-09-08,0.1
9231,1998-09-09,0.1
9232,1998-09-10,0.1
9233,1998-09-11,0.1
9234,1998-09-12,0.1
9235,1998-09-13,0.1
9236,1998-09-14,0.1
9237,1998-09-15,0.1
9238,1998-09-16,0.1
9239,1998-09-17,0.1
9240,1998-09-18,0.1
9241,1998-09-19,0.1
9242,1998-09-20,0.1
9243,1998-09-21,0.1
9244,1998-09-22,0.1
9245,1998-09-23,0.1
9246,1998-09-24,0.1
9247,1998-09-25,0.1
9248,1998-09-26,0.1
9249,1998-09-27,0.1
9250,1998-09-28,0.1
9251,1998-09-29,0.1
9252,1998-09-30,0.1
9253,1998-08-01,0.3
9254,1998-08-02,0.3
9255,1998-08-03,0.3
9256,1998-08-04,0.3
9257,1998-08-05,0.3
9258,1998-08-06,0.3
9259,1998-08-07,0.3
9260,1998-08-08,0.3
9261,1998-08-09,0.3
9262,1998-08-10,0.3
9263,1998-08-11,0.3
9264,1998-08-12,0.3
9265,1998-08-13,0.3
9266,1998-08-14,0.3
9267,1998-08-15,0.3
9268,1998-08-16,0.3
9269,1998-08-17,0.3
9270,1998-08-18,0.3
9271,1998-08-19,0.3
9272,1998-08-20,0.3
9273,1998-08-21,0.3
9274,1998-08-22,0.3
9275,1998-08-23,0.3
9276,1998-08-24,0.3
9277,1998-08-25,0.3
9278,1998-08-26,0.3
9279,1998-08-27,0.3
9280,1998-08-28,0.3
9281,1998-08-29,0.3
9282,1998-08-30,0.3
9283,1998-08-31,0.3
9284,1998-07-01,0.4
9285,1998-07-02,0.4
9286,1998-07-03,0.4
9287,1998-07-04,0.4
9288,1998-07-05,0.4
9289,1998-07-06,0.4
9290,1998-07-07,0.4
9291,1998-07-08,0.4
9292,1998-07-09,0.4
9293,1998-07-10,0.4
9294,1998-07-11,0.4
9295,1998-07-12,0.4
9296,1998-07-13,0.4
9297,1998-07-14,0.4
9298,1998-07-15,0.4
9299,1998-07-16,0.4
9300,1998-07-17,0.4
9301,1998-07-18,0.4
9302,1998-07-19,0.4
9303,1998-07-20,0.4
9304,1998-07-21,0.4
9305,1998-07-22,0.4
9306,1998-07-23,0.4
9307,1998-07-24,0.4
9308,1998-07-25,0.4
9309,1998-07-26,0.4
9310,1998-07-27,0.4
9311,1998-07-28,0.4
9312,1998-07-29,0.4
9313,1998-07-30,0.4
9314,1998-07-31,0.4
9315,1998-06-01,0.1
9316,1998-06-02,0.1
9317,1998-06-03,0.1
9318,1998-06-04,0.1
9319,1998-06-05,0.1
9320,1998-06-06,0.1
9321,1998-06-07,0.1
9322,1998-06-08,0.1
9323,1998-06-09,0.1
9324,1998-06-10,0.1
9325,1998-06-11,0.1
9326,1998-06-12,0.1
9327,1998-06-13,0.1
9328,1998-06-14,0.1
9329,1998-06-15,0.1
9330,1998-06-16,0.1
9331,1998-06-17,0.1
9332,1998-06-18,0.1
9333,1998-06-19,0.1
9334,1998-06-20,0.1
9335,1998-06-21,0.1
9336,1998-06-22,0.1
9337,1998-06-23,0.1
9338,1998-06-24,0.1
9339,1998-06-25,0.1
9340,1998-06-26,0.1
9341,1998-06-27,0.1
9342,1998-06-28,0.1
9343,1998-06-29,0.1
9344,1998-06-30,0.1
9345,1998-05-01,0.1
9346,1998-05-02,0.1
9347,1998-05-03,0.1
9348,1998-05-04,0.1
9349,1998-05-05,0.1
9350,1998-05-06,0.1
9351,1998-05-07,0.1
9352,1998-05-08,0.1
9353,1998-05-09,0.1
9354,1998-05-10,0.1
9355,1998-05-11,0.1
9356,1998-05-12,0.1
9357,1998-05-13,0.1
9358,1998-05-14,0.1
9359,1998-05-15,0.1
9360,1998-05-16,0.1
9361,1998-05-17,0.1
9362,1998-05-18,0.1
9363,1998-05-19,0.1
9364,1998-05-20,0.1
9365,1998-05-21,0.1
9366,1998-05-22,0.1
9367,1998-05-23,0.1
9368,1998-05-24,0.1
9369,1998-05-25,0.1
9370,1998-05-26,0.1
9371,1998-05-27,0.1
9372,1998-05-28,0.1
9373,1998-05-29,0.1
9374,1998-05-30,0.1
9375,1998-05-31,0.1
9376,1998-04-01,0.2
9377,1998-04-02,0.2
9378,1998-04-03,0.2
9379,1998-04-04,0.2
9380,1998-04-05,0.2
9381,1998-04-06,0.2
9382,1998-04-07,0.2
9383,1998-04-08,0.2
9384,1998-04-09,0.2
9385,1998-04-10,0.2
9386,1998-04-11,0.2
9387,1998-04-12,0.2
9388,1998-04-13,0.2
9389,1998-04-14,0.2
9390,1998-04-15,0.2
9391,1998-04-16,0.2
9392,1998-04-17,0.2
9393,1998-04-18,0.2
9394,1998-04-19,0.2
9395,1998-04-20,0.2
9396,1998-04-21,0.2
9397,1998-04-22,0.2
9398,1998-04-23,0.2
9399,1998-04-24,0.2
9400,1998-04-25,0.2
9401,1998-04-26,0.2
9402,1998-04-27,0.2
9403,1998-04-28,0.2
9404,1998-04-29,0.2
9405,1998-04-30,0.2
9406,1998-03-01,0.0
9407,1998-03-02,0.0
9408,1998-03-03,0.0
9409,1998-03-04,0.0
9410,1998-03-05,0.0
9411,1998-03-06,0.0
9412,1998-03-07,0.0
9413,1998-03-08,0.0
9414,1998-03-09,0.0
9415,1998-03-10,0.0
9416,1998-03-11,0.0
9417,1998-03-12,0.0
9418,1998-03-13,0.0
9419,1998-03-14,0.0
9420,1998-03-15,0.0
9421,1998-03-16,0.0
9422,1998-03-17,0.0
9423,1998-03-18,0.0
9424,1998-03-19,0.0
9425,1998-03-20,0.0
9426,1998-03-21,0.0
9427,1998-03-22,0.0
9428,1998-03-23,0.0
9429,1998-03-24,0.0
9430,1998-03-25,0.0
9431,1998-03-26,0.0
9432,1998-03-27,0.0
9433,1998-03-28,0.0
9434,1998-03-29,0.0
9435,1998-03-30,0.0
9436,1998-03-31,0.0
9437,1998-02-01,-0.2
9438,1998-02-02,-0.2
9439,1998-02-03,-0.2
9440,1998-02-04,-0.2
9441,1998-02-05,-0.2
9442,1998-02-06,-0.2
9443,1998-02-07,-0.2
9444,1998-02-08,-0.2
9445,1998-02-09,-0.2
9446,1998-02-10,-0.2
9447,1998-02-11,-0.2
9448,1998-02-12,-0.2
9449,1998-02-13,-0.2
9450,1998-02-14,-0.2
9451,1998-02-15,-0.2
9452,1998-02-16,-0.2
9453,1998-02-17,-0.2
9454,1998-02-18,-0.2
9455,1998-02-19,-0.2
9456,1998-02-20,-0.2
9457,1998-02-21,-0.2
9458,1998-02-22,-0.2
9459,1998-02-23,-0.2
9460,1998-02-24,-0.2
9461,1998-02-25,-0.2
9462,1998-02-26,-0.2
9463,1998-02-27,-0.2
9464,1998-02-28,-0.2
9465,1998-01-01,0.2
9466,1998-01-02,0.2
9467,1998-01-03,0.2
9468,1998-01-04,0.2
9469,1998-01-05,0.2
9470,1998-01-06,0.2
9471,1998-01-07,0.2
9472,1998-01-08,0.2
9473,1998-01-09,0.2
9474,1998-01-10,0.2
9475,1998-01-11,0.2
9476,1998-01-12,0.2
9477,1998-01-13,0.2
9478,1998-01-14,0.2
9479,1998-01-15,0.2
9480,1998-01-16,0.2
9481,1998-01-17,0.2
9482,1998-01-18,0.2
9483,1998-01-19,0.2
9484,1998-01-20,0.2
9485,1998-01-21,0.2
9486,1998-01-22,0.2
9487,1998-01-23,0.2
9488,1998-01-24,0.2
9489,1998-01-25,0.2
9490,1998-01-26,0.2
9491,1998-01-27,0.2
9492,1998-01-28,0.2
9493,1998-01-29,0.2
9494,1998-01-30,0.2
9495,1998-01-31,0.2
9496,1997-12-01,0.3
9497,1997-12-02,0.3
9498,1997-12-03,0.3
9499,1997-12-04,0.3
9500,1997-12-05,0.3
9501,1997-12-06,0.3
9502,1997-12-07,0.3
9503,1997-12-08,0.3
9504,1997-12-09,0.3
9505,1997-12-10,0.3
9506,1997-12-11,0.3
9507,1997-12-12,0.3
9508,1997-12-13,0.3
9509,1997-12-14,0.3
9510,1997-12-15,0.3
9511,1997-12-16,0.3
9512,1997-12-17,0.3
9513,1997-12-18,0.3
9514,1997-12-19,0.3
9515,1997-12-20,0.3
9516,1997-12-21,0.3
9517,1997-12-22,0.3
9518,1997-12-23,0.3
9519,1997-12-24,0.3
9520,1997-12-25,0.3
9521,1997-12-26,0.3
9522,1997-12-27,0.3
9523,1997-12-28,0.3
9524,1997-12-29,0.3
9525,1997-12-30,0.3
9526,1997-12-31,0.3
9527,1997-11-01,0.2
9528,1997-11-02,0.2
9529,1997-11-03,0.2
9530,1997-11-04,0.2
9531,1997-11-05,0.2
9532,1997-11-06,0.2
9533,1997-11-07,0.2
9534,1997-11-08,0.2
9535,1997-11-09,0.2
9536,1997-11-10,0.2
9537,1997-11-11,0.2
9538,1997-11-12,0.2
9539,1997-11-13,0.2
9540,1997-11-14,0.2
9541,1997-11-15,0.2
9542,1997-11-16,0.2
9543,1997-11-17,0.2
9544,1997-11-18,0.2
9545,1997-11-19,0.2
9546,1997-11-20,0.2
9547,1997-11-21,0.2
9548,1997-11-22,0.2
9549,1997-11-23,0.2
9550,1997-11-24,0.2
9551,1997-11-25,0.2
9552,1997-11-26,0.2
9553,1997-11-27,0.2
9554,1997-11-28,0.2
9555,1997-11-29,0.2
9556,1997-11-30,0.2
9557,1997-10-01,0.0
9558,1997-10-02,0.0
9559,1997-10-03,0.0
9560,1997-10-04,0.0
9561,1997-10-05,0.0
9562,1997-10-06,0.0
9563,1997-10-07,0.0
9564,1997-10-08,0.0
9565,1997-10-09,0.0
9566,1997-10-10,0.0
9567,1997-10-11,0.0
9568,1997-10-12,0.0
9569,1997-10-13,0.0
9570,1997-10-14,0.0
9571,1997-10-15,0.0
9572,1997-10-16,0.0
9573,1997-10-17,0.0
9574,1997-10-18,0.0
9575,1997-10-19,0.0
9576,1997-10-20,0.0
9577,1997-10-21,0.0
9578,1997-10-22,0.0
9579,1997-10-23,0.0
9580,1997-10-24,0.0
9581,1997-10-25,0.0
9582,1997-10-26,0.0
9583,1997-10-27,0.0
9584,1997-10-28,0.0
9585,1997-10-29,0.0
9586,1997-10-30,0.0
9587,1997-10-31,0.0
9588,1997-09-01,0.5
9589,1997-09-02,0.5
9590,1997-09-03,0.5
9591,1997-09-04,0.5
9592,1997-09-05,0.5
9593,1997-09-06,0.5
9594,1997-09-07,0.5
9595,1997-09-08,0.5
9596,1997-09-09,0.5
9597,1997-09-10,0.5
9598,1997-09-11,0.5
9599,1997-09-12,0.5
9600,1997-09-13,0.5
9601,1997-09-14,0.5
9602,1997-09-15,0.5
9603,1997-09-16,0.5
9604,1997-09-17,0.5
9605,1997-09-18,0.5
9606,1997-09-19,0.5
9607,1997-09-20,0.5
9608,1997-09-21,0.5
9609,1997-09-22,0.5
9610,1997-09-23,0.5
9611,1997-09-24,0.5
9612,1997-09-25,0.5
9613,1997-09-26,0.5
9614,1997-09-27,0.5
9615,1997-09-28,0.5
9616,1997-09-29,0.5
9617,1997-09-30,0.5
9618,1997-08-01,0.4
9619,1997-08-02,0.4
9620,1997-08-03,0.4
9621,1997-08-04,0.4
9622,1997-08-05,0.4
9623,1997-08-06,0.4
9624,1997-08-07,0.4
9625,1997-08-08,0.4
9626,1997-08-09,0.4
9627,1997-08-10,0.4
9628,1997-08-11,0.4
9629,1997-08-12,0.4
9630,1997-08-13,0.4
9631,1997-08-14,0.4
9632,1997-08-15,0.4
9633,1997-08-16,0.4
9634,1997-08-17,0.4
9635,1997-08-18,0.4
9636,1997-08-19,0.4
9637,1997-08-20,0.4
9638,1997-08-21,0.4
9639,1997-08-22,0.4
9640,1997-08-23,0.4
9641,1997-08-24,0.4
9642,1997-08-25,0.4
9643,1997-08-26,0.4
9644,1997-08-27,0.4
9645,1997-08-28,0.4
9646,1997-08-29,0.4
9647,1997-08-30,0.4
9648,1997-08-31,0.4
9649,1997-07-01,0.2
9650,1997-07-02,0.2
9651,1997-07-03,0.2
9652,1997-07-04,0.2
9653,1997-07-05,0.2
9654,1997-07-06,0.2
9655,1997-07-07,0.2
9656,1997-07-08,0.2
9657,1997-07-09,0.2
9658,1997-07-10,0.2
9659,1997-07-11,0.2
9660,1997-07-12,0.2
9661,1997-07-13,0.2
9662,1997-07-14,0.2
9663,1997-07-15,0.2
9664,1997-07-16,0.2
9665,1997-07-17,0.2
9666,1997-07-18,0.2
9667,1997-07-19,0.2
9668,1997-07-20,0.2
9669,1997-07-21,0.2
9670,1997-07-22,0.2
9671,1997-07-23,0.2
9672,1997-07-24,0.2
9673,1997-07-25,0.2
9674,1997-07-26,0.2
9675,1997-07-27,0.2
9676,1997-07-28,0.2
9677,1997-07-29,0.2
9678,1997-07-30,0.2
9679,1997-07-31,0.2
9680,1997-06-01,0.0
9681,1997-06-02,0.0
9682,1997-06-03,0.0
9683,1997-06-04,0.0
9684,1997-06-05,0.0
9685,1997-06-06,0.0
9686,1997-06-07,0.0
9687,1997-06-08,0.0
9688,1997-06-09,0.0
9689,1997-06-10,0.0
9690,1997-06-11,0.0
9691,1997-06-12,0.0
9692,1997-06-13,0.0
9693,1997-06-14,0.0
9694,1997-06-15,0.0
9695,1997-06-16,0.0
9696,1997-06-17,0.0
9697,1997-06-18,0.0
9698,1997-06-19,0.0
9699,1997-06-20,0.0
9700,1997-06-21,0.0
9701,1997-06-22,0.0
9702,1997-06-23,0.0
9703,1997-06-24,0.0
9704,1997-06-25,0.0
9705,1997-06-26,0.0
9706,1997-06-27,0.0
9707,1997-06-28,0.0
9708,1997-06-29,0.0
9709,1997-06-30,0.0
9710,1997-05-01,0.1
9711,1997-05-02,0.1
9712,1997-05-03,0.1
9713,1997-05-04,0.1
9714,1997-05-05,0.1
9715,1997-05-06,0.1
9716,1997-05-07,0.1
9717,1997-05-08,0.1
9718,1997-05-09,0.1
9719,1997-05-10,0.1
9720,1997-05-11,0.1
9721,1997-05-12,0.1
9722,1997-05-13,0.1
9723,1997-05-14,0.1
9724,1997-05-15,0.1
9725,1997-05-16,0.1
9726,1997-05-17,0.1
9727,1997-05-18,0.1
9728,1997-05-19,0.1
9729,1997-05-20,0.1
9730,1997-05-21,0.1
9731,1997-05-22,0.1
9732,1997-05-23,0.1
9733,1997-05-24,0.1
9734,1997-05-25,0.1
9735,1997-05-26,0.1
9736,1997-05-27,0.1
9737,1997-05-28,0.1
9738,1997-05-29,0.1
9739,1997-05-30,0.1
9740,1997-05-31,0.1
9741,1997-04-01,0.0
9742,1997-04-02,0.0
9743,1997-04-03,0.0
9744,1997-04-04,0.0
9745,1997-04-05,0.0
9746,1997-04-06,0.0
9747,1997-04-07,0.0
9748,1997-04-08,0.0
9749,1997-04-09,0.0
9750,1997-04-10,0.0
9751,1997-04-11,0.0
9752,1997-04-12,0.0
9753,1997-04-13,0.0
9754,1997-04-14,0.0
9755,1997-04-15,0.0
9756,1997-04-16,0.0
9757,1997-04-17,0.0
9758,1997-04-18,0.0
9759,1997-04-19,0.0
9760,1997-04-20,0.0
9761,1997-04-21,0.0
9762,1997-04-22,0.0
9763,1997-04-23,0.0
9764,1997-04-24,0.0
9765,1997-04-25,0.0
9766,1997-04-26,0.0
9767,1997-04-27,0.0
9768,1997-04-28,0.0
9769,1997-04-29,0.0
9770,1997-04-30,0.0
9771,1997-03-01,0.0
9772,1997-03-02,0.0
9773,1997-03-03,0.0
9774,1997-03-04,0.0
9775,1997-03-05,0.0
9776,1997-03-06,0.0
9777,1997-03-07,0.0
9778,1997-03-08,0.0
9779,1997-03-09,0.0
9780,1997-03-10,0.0
9781,1997-03-11,0.0
9782,1997-03-12,0.0
9783,1997-03-13,0.0
9784,1997-03-14,0.0
9785,1997-03-15,0.0
9786,1997-03-16,0.0
9787,1997-03-17,0.0
9788,1997-03-18,0.0
9789,1997-03-19,0.0
9790,1997-03-20,0.0
9791,1997-03-21,0.0
9792,1997-03-22,0.0
9793,1997-03-23,0.0
9794,1997-03-24,0.0
9795,1997-03-25,0.0
9796,1997-03-26,0.0
9797,1997-03-27,0.0
9798,1997-03-28,0.0
9799,1997-03-29,0.0
9800,1997-03-30,0.0
9801,1997-03-31,0.0
9802,1997-02-01,-0.1
9803,1997-02-02,-0.1
9804,1997-02-03,-0.1
9805,1997-02-04,-0.1
9806,1997-02-05,-0.1
9807,1997-02-06,-0.1
9808,1997-02-07,-0.1
9809,1997-02-08,-0.1
9810,1997-02-09,-0.1
9811,1997-02-10,-0.1
9812,1997-02-11,-0.1
9813,1997-02-12,-0.1
9814,1997-02-13,-0.1
9815,1997-02-14,-0.1
9816,1997-02-15,-0.1
9817,1997-02-16,-0.1
9818,1997-02-17,-0.1
9819,1997-02-18,-0.1
9820,1997-02-19,-0.1
9821,1997-02-20,-0.1
9822,1997-02-21,-0.1
9823,1997-02-22,-0.1
9824,1997-02-23,-0.1
9825,1997-02-24,-0.1
9826,1997-02-25,-0.1
9827,1997-02-26,-0.1
9828,1997-02-27,-0.1
9829,1997-02-28,-0.1
9830,1997-01-01,0.3
9831,1997-01-02,0.3
9832,1997-01-03,0.3
9833,1997-01-04,0.3
9834,1997-01-05,0.3
9835,1997-01-06,0.3
9836,1997-01-07,0.3
9837,1997-01-08,0.3
9838,1997-01-09,0.3
9839,1997-01-10,0.3
9840,1997-01-11,0.3
9841,1997-01-12,0.3
9842,1997-01-13,0.3
9843,1997-01-14,0.3
9844,1997-01-15,0.3
9845,1997-01-16,0.3
9846,1997-01-17,0.3
9847,1997-01-18,0.3
9848,1997-01-19,0.3
9849,1997-01-20,0.3
9850,1997-01-21,0.3
9851,1997-01-22,0.3
9852,1997-01-23,0.3
9853,1997-01-24,0.3
9854,1997-01-25,0.3
9855,1997-01-26,0.3
9856,1997-01-27,0.3
9857,1997-01-28,0.3
9858,1997-01-29,0.3
9859,1997-01-30,0.3
9860,1997-01-31,0.3
9861,1996-12-01,0.3
9862,1996-12-02,0.3
9863,1996-12-03,0.3
9864,1996-12-04,0.3
9865,1996-12-05,0.3
9866,1996-12-06,0.3
9867,1996-12-07,0.3
9868,1996-12-08,0.3
9869,1996-12-09,0.3
9870,1996-12-10,0.3
9871,1996-12-11,0.3
9872,1996-12-12,0.3
9873,1996-12-13,0.3
9874,1996-12-14,0.3
9875,1996-12-15,0.3
9876,1996-12-16,0.3
9877,1996-12-17,0.3
9878,1996-12-18,0.3
9879,1996-12-19,0.3
9880,1996-12-20,0.3
9881,1996-12-21,0.3
9882,1996-12-22,0.3
9883,1996-12-23,0.3
9884,1996-12-24,0.3
9885,1996-12-25,0.3
9886,1996-12-26,0.3
9887,1996-12-27,0.3
9888,1996-12-28,0.3
9889,1996-12-29,0.3
9890,1996-12-30,0.3
9891,1996-12-31,0.3
9892,1996-11-01,0.0
9893,1996-11-02,0.0
9894,1996-11-03,0.0
9895,1996-11-04,0.0
9896,1996-11-05,0.0
9897,1996-11-06,0.0
9898,1996-11-07,0.0
9899,1996-11-08,0.0
9900,1996-11-09,0.0
9901,1996-11-10,0.0
9902,1996-11-11,0.0
9903,1996-11-12,0.0
9904,1996-11-13,0.0
9905,1996-11-14,0.0
9906,1996-11-15,0.0
9907,1996-11-16,0.0
9908,1996-11-17,0.0
9909,1996-11-18,0.0
9910,1996-11-19,0.0
9911,1996-11-20,0.0
9912,1996-11-21,0.0
9913,1996-11-22,0.0
9914,1996-11-23,0.0
9915,1996-11-24,0.0
9916,1996-11-25,0.0
9917,1996-11-26,0.0
9918,1996-11-27,0.0
9919,1996-11-28,0.0
9920,1996-11-29,0.0
9921,1996-11-30,0.0
9922,1996-10-01,0.1
9923,1996-10-02,0.1
9924,1996-10-03,0.1
9925,1996-10-04,0.1
9926,1996-10-05,0.1
9927,1996-10-06,0.1
9928,1996-10-07,0.1
9929,1996-10-08,0.1
9930,1996-10-09,0.1
9931,1996-10-10,0.1
9932,1996-10-11,0.1
9933,1996-10-12,0.1
9934,1996-10-13,0.1
9935,1996-10-14,0.1
9936,1996-10-15,0.1
9937,1996-10-16,0.1
9938,1996-10-17,0.1
9939,1996-10-18,0.1
9940,1996-10-19,0.1
9941,1996-10-20,0.1
9942,1996-10-21,0.1
9943,1996-10-22,0.1
9944,1996-10-23,0.1
9945,1996-10-24,0.1
9946,1996-10-25,0.1
9947,1996-10-26,0.1
9948,1996-10-27,0.1
9949,1996-10-28,0.1
9950,1996-10-29,0.1
9951,1996-10-30,0.1
9952,1996-10-31,0.1
9953,1996-09-01,0.2
9954,1996-09-02,0.2
9955,1996-09-03,0.2
9956,1996-09-04,0.2
9957,1996-09-05,0.2
9958,1996-09-06,0.2
9959,1996-09-07,0.2
9960,1996-09-08,0.2
9961,1996-09-09,0.2
9962,1996-09-10,0.2
9963,1996-09-11,0.2
9964,1996-09-12,0.2
9965,1996-09-13,0.2
9966,1996-09-14,0.2
9967,1996-09-15,0.2
9968,1996-09-16,0.2
9969,1996-09-17,0.2
9970,1996-09-18,0.2
9971,1996-09-19,0.2
9972,1996-09-20,0.2
9973,1996-09-21,0.2
9974,1996-09-22,0.2
9975,1996-09-23,0.2
9976,1996-09-24,0.2
9977,1996-09-25,0.2
9978,1996-09-26,0.2
9979,1996-09-27,0.2
9980,1996-09-28,0.2
9981,1996-09-29,0.2
9982,1996-09-30,0.2
9983,1996-08-01,0.3
9984,1996-08-02,0.3
9985,1996-08-03,0.3
9986,1996-08-04,0.3
9987,1996-08-05,0.3
9988,1996-08-06,0.3
9989,1996-08-07,0.3
9990,1996-08-08,0.3
9991,1996-08-09,0.3
9992,1996-08-10,0.3
9993,1996-08-11,0.3
9994,1996-08-12,0.3
9995,1996-08-13,0.3
9996,1996-08-14,0.3
9997,1996-08-15,0.3
9998,1996-08-16,0.3
9999,1996-08-17,0.3
10000,1996-08-18,0.3
10001,1996-08-19,0.3
10002,1996-08-20,0.3
10003,1996-08-21,0.3
10004,1996-08-22,0.3
10005,1996-08-23,0.3
10006,1996-08-24,0.3
10007,1996-08-25,0.3
10008,1996-08-26,0.3
10009,1996-08-27,0.3
10010,1996-08-28,0.3
10011,1996-08-29,0.3
10012,1996-08-30,0.3
10013,1996-08-31,0.3
10014,1996-07-01,0.1
10015,1996-07-02,0.1
10016,1996-07-03,0.1
10017,1996-07-04,0.1
10018,1996-07-05,0.1
10019,1996-07-06,0.1
10020,1996-07-07,0.1
10021,1996-07-08,0.1
10022,1996-07-09,0.1
10023,1996-07-10,0.1
10024,1996-07-11,0.1
10025,1996-07-12,0.1
10026,1996-07-13,0.1
10027,1996-07-14,0.1
10028,1996-07-15,0.1
10029,1996-07-16,0.1
10030,1996-07-17,0.1
10031,1996-07-18,0.1
10032,1996-07-19,0.1
10033,1996-07-20,0.1
10034,1996-07-21,0.1
10035,1996-07-22,0.1
10036,1996-07-23,0.1
10037,1996-07-24,0.1
10038,1996-07-25,0.1
10039,1996-07-26,0.1
10040,1996-07-27,0.1
10041,1996-07-28,0.1
10042,1996-07-29,0.1
10043,1996-07-30,0.1
10044,1996-07-31,0.1
10045,1996-06-01,-0.1
10046,1996-06-02,-0.1
10047,1996-06-03,-0.1
10048,1996-06-04,-0.1
10049,1996-06-05,-0.1
10050,1996-06-06,-0.1
10051,1996-06-07,-0.1
10052,1996-06-08,-0.1
10053,1996-06-09,-0.1
10054,1996-06-10,-0.1
10055,1996-06-11,-0.1
10056,1996-06-12,-0.1
10057,1996-06-13,-0.1
10058,1996-06-14,-0.1
10059,1996-06-15,-0.1
10060,1996-06-16,-0.1
10061,1996-06-17,-0.1
10062,1996-06-18,-0.1
10063,1996-06-19,-0.1
10064,1996-06-20,-0.1
10065,1996-06-21,-0.1
10066,1996-06-22,-0.1
10067,1996-06-23,-0.1
10068,1996-06-24,-0.1
10069,1996-06-25,-0.1
10070,1996-06-26,-0.1
10071,1996-06-27,-0.1
10072,1996-06-28,-0.1
10073,1996-06-29,-0.1
10074,1996-06-30,-0.1
10075,1996-05-01,0.3
10076,1996-05-02,0.3
10077,1996-05-03,0.3
10078,1996-05-04,0.3
10079,1996-05-05,0.3
10080,1996-05-06,0.3
10081,1996-05-07,0.3
10082,1996-05-08,0.3
10083,1996-05-09,0.3
10084,1996-05-10,0.3
10085,1996-05-11,0.3
10086,1996-05-12,0.3
10087,1996-05-13,0.3
10088,1996-05-14,0.3
10089,1996-05-15,0.3
10090,1996-05-16,0.3
10091,1996-05-17,0.3
10092,1996-05-18,0.3
10093,1996-05-19,0.3
10094,1996-05-20,0.3
10095,1996-05-21,0.3
10096,1996-05-22,0.3
10097,1996-05-23,0.3
10098,1996-05-24,0.3
10099,1996-05-25,0.3
10100,1996-05-26,0.3
10101,1996-05-27,0.3
10102,1996-05-28,0.3
10103,1996-05-29,0.3
10104,1996-05-30,0.3
10105,1996-05-31,0.3
10106,1996-04-01,0.6
10107,1996-04-02,0.6
10108,1996-04-03,0.6
10109,1996-04-04,0.6
10110,1996-04-05,0.6
10111,1996-04-06,0.6
10112,1996-04-07,0.6
10113,1996-04-08,0.6
10114,1996-04-09,0.6
10115,1996-04-10,0.6
10116,1996-04-11,0.6
10117,1996-04-12,0.6
10118,1996-04-13,0.6
10119,1996-04-14,0.6
10120,1996-04-15,0.6
10121,1996-04-16,0.6
10122,1996-04-17,0.6
10123,1996-04-18,0.6
10124,1996-04-19,0.6
10125,1996-04-20,0.6
10126,1996-04-21,0.6
10127,1996-04-22,0.6
10128,1996-04-23,0.6
10129,1996-04-24,0.6
10130,1996-04-25,0.6
10131,1996-04-26,0.6
10132,1996-04-27,0.6
10133,1996-04-28,0.6
10134,1996-04-29,0.6
10135,1996-04-30,0.6
10136,1996-03-01,0.4
10137,1996-03-02,0.4
10138,1996-03-03,0.4
10139,1996-03-04,0.4
10140,1996-03-05,0.4
10141,1996-03-06,0.4
10142,1996-03-07,0.4
10143,1996-03-08,0.4
10144,1996-03-09,0.4
10145,1996-03-10,0.4
10146,1996-03-11,0.4
10147,1996-03-12,0.4
10148,1996-03-13,0.4
10149,1996-03-14,0.4
10150,1996-03-15,0.4
10151,1996-03-16,0.4
10152,1996-03-17,0.4
10153,1996-03-18,0.4
10154,1996-03-19,0.4
10155,1996-03-20,0.4
10156,1996-03-21,0.4
10157,1996-03-22,0.4
10158,1996-03-23,0.4
10159,1996-03-24,0.4
10160,1996-03-25,0.4
10161,1996-03-26,0.4
10162,1996-03-27,0.4
10163,1996-03-28,0.4
10164,1996-03-29,0.4
10165,1996-03-30,0.4
10166,1996-03-31,0.4
10167,1996-02-01,0.3
10168,1996-02-02,0.3
10169,1996-02-03,0.3
10170,1996-02-04,0.3
10171,1996-02-05,0.3
10172,1996-02-06,0.3
10173,1996-02-07,0.3
10174,1996-02-08,0.3
10175,1996-02-09,0.3
10176,1996-02-10,0.3
10177,1996-02-11,0.3
10178,1996-02-12,0.3
10179,1996-02-13,0.3
10180,1996-02-14,0.3
10181,1996-02-15,0.3
10182,1996-02-16,0.3
10183,1996-02-17,0.3
10184,1996-02-18,0.3
10185,1996-02-19,0.3
10186,1996-02-20,0.3
10187,1996-02-21,0.3
10188,1996-02-22,0.3
10189,1996-02-23,0.3
10190,1996-02-24,0.3
10191,1996-02-25,0.3
10192,1996-02-26,0.3
10193,1996-02-27,0.3
10194,1996-02-28,0.3
10195,1996-02-29,0.3
10196,1996-01-01,0.6
10197,1996-01-02,0.6
10198,1996-01-03,0.6
10199,1996-01-04,0.6
10200,1996-01-05,0.6
10201,1996-01-06,0.6
10202,1996-01-07,0.6
10203,1996-01-08,0.6
10204,1996-01-09,0.6
10205,1996-01-10,0.6
10206,1996-01-11,0.6
10207,1996-01-12,0.6
10208,1996-01-13,0.6
10209,1996-01-14,0.6
10210,1996-01-15,0.6
10211,1996-01-16,0.6
10212,1996-01-17,0.6
10213,1996-01-18,0.6
10214,1996-01-19,0.6
10215,1996-01-20,0.6
10216,1996-01-21,0.6
10217,1996-01-22,0.6
10218,1996-01-23,0.6
10219,1996-01-24,0.6
10220,1996-01-25,0.6
10221,1996-01-26,0.6
10222,1996-01-27,0.6
10223,1996-01-28,0.6
10224,1996-01-29,0.6
10225,1996-01-30,0.6
10226,1996-01-31,0.6
10227,1995-12-01,0.3
10228,1995-12-02,0.3
10229,1995-12-03,0.3
10230,1995-12-04,0.3
10231,1995-12-05,0.3
10232,1995-12-06,0.3
10233,1995-12-07,0.3
10234,1995-12-08,0.3
10235,1995-12-09,0.3
10236,1995-12-10,0.3
10237,1995-12-11,0.3
10238,1995-12-12,0.3
10239,1995-12-13,0.3
10240,1995-12-14,0.3
10241,1995-12-15,0.3
10242,1995-12-16,0.3
10243,1995-12-17,0.3
10244,1995-12-18,0.3
10245,1995-12-19,0.3
10246,1995-12-20,0.3
10247,1995-12-21,0.3
10248,1995-12-22,0.3
10249,1995-12-23,0.3
10250,1995-12-24,0.3
10251,1995-12-25,0.3
10252,1995-12-26,0.3
10253,1995-12-27,0.3
10254,1995-12-28,0.3
10255,1995-12-29,0.3
10256,1995-12-30,0.3
10257,1995-12-31,0.3
10258,1995-11-01,0.3
10259,1995-11-02,0.3
10260,1995-11-03,0.3
10261,1995-11-04,0.3
10262,1995-11-05,0.3
10263,1995-11-06,0.3
10264,1995-11-07,0.3
10265,1995-11-08,0.3
10266,1995-11-09,0.3
10267,1995-11-10,0.3
10268,1995-11-11,0.3
10269,1995-11-12,0.3
10270,1995-11-13,0.3
10271,1995-11-14,0.3
10272,1995-11-15,0.3
10273,1995-11-16,0.3
10274,1995-11-17,0.3
10275,1995-11-18,0.3
10276,1995-11-19,0.3
10277,1995-11-20,0.3
10278,1995-11-21,0.3
10279,1995-11-22,0.3
10280,1995-11-23,0.3
10281,1995-11-24,0.3
10282,1995-11-25,0.3
10283,1995-11-26,0.3
10284,1995-11-27,0.3
10285,1995-11-28,0.3
10286,1995-11-29,0.3
10287,1995-11-30,0.3
10288,1995-10-01,0.2
10289,1995-10-02,0.2
10290,1995-10-03,0.2
10291,1995-10-04,0.2
10292,1995-10-05,0.2
10293,1995-10-06,0.2
10294,1995-10-07,0.2
10295,1995-10-08,0.2
10296,1995-10-09,0.2
10297,1995-10-10,0.2
10298,1995-10-11,0.2
10299,1995-10-12,0.2
10300,1995-10-13,0.2
10301,1995-10-14,0.2
10302,1995-10-15,0.2
10303,1995-10-16,0.2
10304,1995-10-17,0.2
10305,1995-10-18,0.2
10306,1995-10-19,0.2
10307,1995-10-20,0.2
10308,1995-10-21,0.2
10309,1995-10-22,0.2
10310,1995-10-23,0.2
10311,1995-10-24,0.2
10312,1995-10-25,0.2
10313,1995-10-26,0.2
10314,1995-10-27,0.2
10315,1995-10-28,0.2
10316,1995-10-29,0.2
10317,1995-10-30,0.2
10318,1995-10-31,0.2
10319,1995-09-01,0.4
10320,1995-09-02,0.4
10321,1995-09-03,0.4
10322,1995-09-04,0.4
10323,1995-09-05,0.4
10324,1995-09-06,0.4
10325,1995-09-07,0.4
10326,1995-09-08,0.4
10327,1995-09-09,0.4
10328,1995-09-10,0.4
10329,1995-09-11,0.4
10330,1995-09-12,0.4
10331,1995-09-13,0.4
10332,1995-09-14,0.4
10333,1995-09-15,0.4
10334,1995-09-16,0.4
10335,1995-09-17,0.4
10336,1995-09-18,0.4
10337,1995-09-19,0.4
10338,1995-09-20,0.4
10339,1995-09-21,0.4
10340,1995-09-22,0.4
10341,1995-09-23,0.4
10342,1995-09-24,0.4
10343,1995-09-25,0.4
10344,1995-09-26,0.4
10345,1995-09-27,0.4
10346,1995-09-28,0.4
10347,1995-09-29,0.4
10348,1995-09-30,0.4
10349,1995-08-01,0.3
10350,1995-08-02,0.3
10351,1995-08-03,0.3
10352,1995-08-04,0.3
10353,1995-08-05,0.3
10354,1995-08-06,0.3
10355,1995-08-07,0.3
10356,1995-08-08,0.3
10357,1995-08-09,0.3
10358,1995-08-10,0.3
10359,1995-08-11,0.3
10360,1995-08-12,0.3
10361,1995-08-13,0.3
10362,1995-08-14,0.3
10363,1995-08-15,0.3
10364,1995-08-16,0.3
10365,1995-08-17,0.3
10366,1995-08-18,0.3
10367,1995-08-19,0.3
10368,1995-08-20,0.3
10369,1995-08-21,0.3
10370,1995-08-22,0.3
10371,1995-08-23,0.3
10372,1995-08-24,0.3
10373,1995-08-25,0.3
10374,1995-08-26,0.3
10375,1995-08-27,0.3
10376,1995-08-28,0.3
10377,1995-08-29,0.3
10378,1995-08-30,0.3
10379,1995-08-31,0.3
10380,1995-07-01,0.0
10381,1995-07-02,0.0
10382,1995-07-03,0.0
10383,1995-07-04,0.0
10384,1995-07-05,0.0
10385,1995-07-06,0.0
10386,1995-07-07,0.0
10387,1995-07-08,0.0
10388,1995-07-09,0.0
10389,1995-07-10,0.0
10390,1995-07-11,0.0
10391,1995-07-12,0.0
10392,1995-07-13,0.0
10393,1995-07-14,0.0
10394,1995-07-15,0.0
10395,1995-07-16,0.0
10396,1995-07-17,0.0
10397,1995-07-18,0.0
10398,1995-07-19,0.0
10399,1995-07-20,0.0
10400,1995-07-21,0.0
10401,1995-07-22,0.0
10402,1995-07-23,0.0
10403,1995-07-24,0.0
10404,1995-07-25,0.0
10405,1995-07-26,0.0
10406,1995-07-27,0.0
10407,1995-07-28,0.0
10408,1995-07-29,0.0
10409,1995-07-30,0.0
10410,1995-07-31,0.0
10411,1995-06-01,0.1
10412,1995-06-02,0.1
10413,1995-06-03,0.1
10414,1995-06-04,0.1
10415,1995-06-05,0.1
10416,1995-06-06,0.1
10417,1995-06-07,0.1
10418,1995-06-08,0.1
10419,1995-06-09,0.1
10420,1995-06-10,0.1
10421,1995-06-11,0.1
10422,1995-06-12,0.1
10423,1995-06-13,0.1
10424,1995-06-14,0.1
10425,1995-06-15,0.1
10426,1995-06-16,0.1
10427,1995-06-17,0.1
10428,1995-06-18,0.1
10429,1995-06-19,0.1
10430,1995-06-20,0.1
10431,1995-06-21,0.1
10432,1995-06-22,0.1
10433,1995-06-23,0.1
10434,1995-06-24,0.1
10435,1995-06-25,0.1
10436,1995-06-26,0.1
10437,1995-06-27,0.1
10438,1995-06-28,0.1
10439,1995-06-29,0.1
10440,1995-06-30,0.1
10441,1995-05-01,0.0
10442,1995-05-02,0.0
10443,1995-05-03,0.0
10444,1995-05-04,0.0
10445,1995-05-05,0.0
10446,1995-05-06,0.0
10447,1995-05-07,0.0
10448,1995-05-08,0.0
10449,1995-05-09,0.0
10450,1995-05-10,0.0
10451,1995-05-11,0.0
10452,1995-05-12,0.0
10453,1995-05-13,0.0
10454,1995-05-14,0.0
10455,1995-05-15,0.0
10456,1995-05-16,0.0
10457,1995-05-17,0.0
10458,1995-05-18,0.0
10459,1995-05-19,0.0
10460,1995-05-20,0.0
10461,1995-05-21,0.0
10462,1995-05-22,0.0
10463,1995-05-23,0.0
10464,1995-05-24,0.0
10465,1995-05-25,0.0
10466,1995-05-26,0.0
10467,1995-05-27,0.0
10468,1995-05-28,0.0
10469,1995-05-29,0.0
10470,1995-05-30,0.0
10471,1995-05-31,0.0
10472,1995-04-01,0.5
10473,1995-04-02,0.5
10474,1995-04-03,0.5
10475,1995-04-04,0.5
10476,1995-04-05,0.5
10477,1995-04-06,0.5
10478,1995-04-07,0.5
10479,1995-04-08,0.5
10480,1995-04-09,0.5
10481,1995-04-10,0.5
10482,1995-04-11,0.5
10483,1995-04-12,0.5
10484,1995-04-13,0.5
10485,1995-04-14,0.5
10486,1995-04-15,0.5
10487,1995-04-16,0.5
10488,1995-04-17,0.5
10489,1995-04-18,0.5
10490,1995-04-19,0.5
10491,1995-04-20,0.5
10492,1995-04-21,0.5
10493,1995-04-22,0.5
10494,1995-04-23,0.5
10495,1995-04-24,0.5
10496,1995-04-25,0.5
10497,1995-04-26,0.5
10498,1995-04-27,0.5
10499,1995-04-28,0.5
10500,1995-04-29,0.5
10501,1995-04-30,0.5
10502,1995-03-01,0.6
10503,1995-03-02,0.6
10504,1995-03-03,0.6
10505,1995-03-04,0.6
10506,1995-03-05,0.6
10507,1995-03-06,0.6
10508,1995-03-07,0.6
10509,1995-03-08,0.6
10510,1995-03-09,0.6
10511,1995-03-10,0.6
10512,1995-03-11,0.6
10513,1995-03-12,0.6
10514,1995-03-13,0.6
10515,1995-03-14,0.6
10516,1995-03-15,0.6
10517,1995-03-16,0.6
10518,1995-03-17,0.6
10519,1995-03-18,0.6
10520,1995-03-19,0.6
10521,1995-03-20,0.6
10522,1995-03-21,0.6
10523,1995-03-22,0.6
10524,1995-03-23,0.6
10525,1995-03-24,0.6
10526,1995-03-25,0.6
10527,1995-03-26,0.6
10528,1995-03-27,0.6
10529,1995-03-28,0.6
10530,1995-03-29,0.6
10531,1995-03-30,0.6
10532,1995-03-31,0.6
10533,1995-02-01,0.5
10534,1995-02-02,0.5
10535,1995-02-03,0.5
10536,1995-02-04,0.5
10537,1995-02-05,0.5
10538,1995-02-06,0.5
10539,1995-02-07,0.5
10540,1995-02-08,0.5
10541,1995-02-09,0.5
10542,1995-02-10,0.5
10543,1995-02-11,0.5
10544,1995-02-12,0.5
10545,1995-02-13,0.5
10546,1995-02-14,0.5
10547,1995-02-15,0.5
10548,1995-02-16,0.5
10549,1995-02-17,0.5
10550,1995-02-18,0.5
10551,1995-02-19,0.5
10552,1995-02-20,0.5
10553,1995-02-21,0.5
10554,1995-02-22,0.5
10555,1995-02-23,0.5
10556,1995-02-24,0.5
10557,1995-02-25,0.5
10558,1995-02-26,0.5
10559,1995-02-27,0.5
10560,1995-02-28,0.5
10561,1995-01-01,1.0
10562,1995-01-02,1.0
10563,1995-01-03,1.0
10564,1995-01-04,1.0
10565,1995-01-05,1.0
10566,1995-01-06,1.0
10567,1995-01-07,1.0
10568,1995-01-08,1.0
10569,1995-01-09,1.0
10570,1995-01-10,1.0
10571,1995-01-11,1.0
10572,1995-01-12,1.0
10573,1995-01-13,1.0
10574,1995-01-14,1.0
10575,1995-01-15,1.0
10576,1995-01-16,1.0
10577,1995-01-17,1.0
10578,1995-01-18,1.0
10579,1995-01-19,1.0
10580,1995-01-20,1.0
10581,1995-01-21,1.0
10582,1995-01-22,1.0
10583,1995-01-23,1.0
10584,1995-01-24,1.0
10585,1995-01-25,1.0
10586,1995-01-26,1.0
10587,1995-01-27,1.0
10588,1995-01-28,1.0
10589,1995-01-29,1.0
10590,1995-01-30,1.0
10591,1995-01-31,1.0
10592,1994-12-01,0.4
10593,1994-12-02,0.4
10594,1994-12-03,0.4
10595,1994-12-04,0.4
10596,1994-12-05,0.4
10597,1994-12-06,0.4
10598,1994-12-07,0.4
10599,1994-12-08,0.4
10600,1994-12-09,0.4
10601,1994-12-10,0.4
10602,1994-12-11,0.4
10603,1994-12-12,0.4
10604,1994-12-13,0.4
10605,1994-12-14,0.4
10606,1994-12-15,0.4
10607,1994-12-16,0.4
10608,1994-12-17,0.4
10609,1994-12-18,0.4
10610,1994-12-19,0.4
10611,1994-12-20,0.4
10612,1994-12-21,0.4
10613,1994-12-22,0.4
10614,1994-12-23,0.4
10615,1994-12-24,0.4
10616,1994-12-25,0.4
10617,1994-12-26,0.4
10618,1994-12-27,0.4
10619,1994-12-28,0.4
10620,1994-12-29,0.4
10621,1994-12-30,0.4
10622,1994-12-31,0.4
10623,1994-11-01,0.2
10624,1994-11-02,0.2
10625,1994-11-03,0.2
10626,1994-11-04,0.2
10627,1994-11-05,0.2
10628,1994-11-06,0.2
10629,1994-11-07,0.2
10630,1994-11-08,0.2
10631,1994-11-09,0.2
10632,1994-11-10,0.2
10633,1994-11-11,0.2
10634,1994-11-12,0.2
10635,1994-11-13,0.2
10636,1994-11-14,0.2
10637,1994-11-15,0.2
10638,1994-11-16,0.2
10639,1994-11-17,0.2
10640,1994-11-18,0.2
10641,1994-11-19,0.2
10642,1994-11-20,0.2
10643,1994-11-21,0.2
10644,1994-11-22,0.2
10645,1994-11-23,0.2
10646,1994-11-24,0.2
10647,1994-11-25,0.2
10648,1994-11-26,0.2
10649,1994-11-27,0.2
10650,1994-11-28,0.2
10651,1994-11-29,0.2
10652,1994-11-30,0.2
10653,1994-10-01,0.2
10654,1994-10-02,0.2
10655,1994-10-03,0.2
10656,1994-10-04,0.2
10657,1994-10-05,0.2
10658,1994-10-06,0.2
10659,1994-10-07,0.2
10660,1994-10-08,0.2
10661,1994-10-09,0.2
10662,1994-10-10,0.2
10663,1994-10-11,0.2
10664,1994-10-12,0.2
10665,1994-10-13,0.2
10666,1994-10-14,0.2
10667,1994-10-15,0.2
10668,1994-10-16,0.2
10669,1994-10-17,0.2
10670,1994-10-18,0.2
10671,1994-10-19,0.2
10672,1994-10-20,0.2
10673,1994-10-21,0.2
10674,1994-10-22,0.2
10675,1994-10-23,0.2
10676,1994-10-24,0.2
10677,1994-10-25,0.2
10678,1994-10-26,0.2
10679,1994-10-27,0.2
10680,1994-10-28,0.2
10681,1994-10-29,0.2
10682,1994-10-30,0.2
10683,1994-10-31,0.2
10684,1994-09-01,0.3
10685,1994-09-02,0.3
10686,1994-09-03,0.3
10687,1994-09-04,0.3
10688,1994-09-05,0.3
10689,1994-09-06,0.3
10690,1994-09-07,0.3
10691,1994-09-08,0.3
10692,1994-09-09,0.3
10693,1994-09-10,0.3
10694,1994-09-11,0.3
10695,1994-09-12,0.3
10696,1994-09-13,0.3
10697,1994-09-14,0.3
10698,1994-09-15,0.3
10699,1994-09-16,0.3
10700,1994-09-17,0.3
10701,1994-09-18,0.3
10702,1994-09-19,0.3
10703,1994-09-20,0.3
10704,1994-09-21,0.3
10705,1994-09-22,0.3
10706,1994-09-23,0.3
10707,1994-09-24,0.3
10708,1994-09-25,0.3
10709,1994-09-26,0.3
10710,1994-09-27,0.3
10711,1994-09-28,0.3
10712,1994-09-29,0.3
10713,1994-09-30,0.3
10714,1994-08-01,0.6
10715,1994-08-02,0.6
10716,1994-08-03,0.6
10717,1994-08-04,0.6
10718,1994-08-05,0.6
10719,1994-08-06,0.6
10720,1994-08-07,0.6
10721,1994-08-08,0.6
10722,1994-08-09,0.6
10723,1994-08-10,0.6
10724,1994-08-11,0.6
10725,1994-08-12,0.6
10726,1994-08-13,0.6
10727,1994-08-14,0.6
10728,1994-08-15,0.6
10729,1994-08-16,0.6
10730,1994-08-17,0.6
10731,1994-08-18,0.6
10732,1994-08-19,0.6
10733,1994-08-20,0.6
10734,1994-08-21,0.6
10735,1994-08-22,0.6
10736,1994-08-23,0.6
10737,1994-08-24,0.6
10738,1994-08-25,0.6
10739,1994-08-26,0.6
10740,1994-08-27,0.6
10741,1994-08-28,0.6
10742,1994-08-29,0.6
10743,1994-08-30,0.6
10744,1994-08-31,0.6
10745,1994-07-01,0.4
10746,1994-07-02,0.4
10747,1994-07-03,0.4
10748,1994-07-04,0.4
10749,1994-07-05,0.4
10750,1994-07-06,0.4
10751,1994-07-07,0.4
10752,1994-07-08,0.4
10753,1994-07-09,0.4
10754,1994-07-10,0.4
10755,1994-07-11,0.4
10756,1994-07-12,0.4
10757,1994-07-13,0.4
10758,1994-07-14,0.4
10759,1994-07-15,0.4
10760,1994-07-16,0.4
10761,1994-07-17,0.4
10762,1994-07-18,0.4
10763,1994-07-19,0.4
10764,1994-07-20,0.4
10765,1994-07-21,0.4
10766,1994-07-22,0.4
10767,1994-07-23,0.4
10768,1994-07-24,0.4
10769,1994-07-25,0.4
10770,1994-07-26,0.4
10771,1994-07-27,0.4
10772,1994-07-28,0.4
10773,1994-07-29,0.4
10774,1994-07-30,0.4
10775,1994-07-31,0.4
10776,1994-06-01,0.1
10777,1994-06-02,0.1
10778,1994-06-03,0.1
10779,1994-06-04,0.1
10780,1994-06-05,0.1
10781,1994-06-06,0.1
10782,1994-06-07,0.1
10783,1994-06-08,0.1
10784,1994-06-09,0.1
10785,1994-06-10,0.1
10786,1994-06-11,0.1
10787,1994-06-12,0.1
10788,1994-06-13,0.1
10789,1994-06-14,0.1
10790,1994-06-15,0.1
10791,1994-06-16,0.1
10792,1994-06-17,0.1
10793,1994-06-18,0.1
10794,1994-06-19,0.1
10795,1994-06-20,0.1
10796,1994-06-21,0.1
10797,1994-06-22,0.1
10798,1994-06-23,0.1
10799,1994-06-24,0.1
10800,1994-06-25,0.1
10801,1994-06-26,0.1
10802,1994-06-27,0.1
10803,1994-06-28,0.1
10804,1994-06-29,0.1
10805,1994-06-30,0.1
10806,1994-05-01,0.2
10807,1994-05-02,0.2
10808,1994-05-03,0.2
10809,1994-05-04,0.2
10810,1994-05-05,0.2
10811,1994-05-06,0.2
10812,1994-05-07,0.2
10813,1994-05-08,0.2
10814,1994-05-09,0.2
10815,1994-05-10,0.2
10816,1994-05-11,0.2
10817,1994-05-12,0.2
10818,1994-05-13,0.2
10819,1994-05-14,0.2
10820,1994-05-15,0.2
10821,1994-05-16,0.2
10822,1994-05-17,0.2
10823,1994-05-18,0.2
10824,1994-05-19,0.2
10825,1994-05-20,0.2
10826,1994-05-21,0.2
10827,1994-05-22,0.2
10828,1994-05-23,0.2
10829,1994-05-24,0.2
10830,1994-05-25,0.2
10831,1994-05-26,0.2
10832,1994-05-27,0.2
10833,1994-05-28,0.2
10834,1994-05-29,0.2
10835,1994-05-30,0.2
10836,1994-05-31,0.2
10837,1994-04-01,0.4
10838,1994-04-02,0.4
10839,1994-04-03,0.4
10840,1994-04-04,0.4
10841,1994-04-05,0.4
10842,1994-04-06,0.4
10843,1994-04-07,0.4
10844,1994-04-08,0.4
10845,1994-04-09,0.4
10846,1994-04-10,0.4
10847,1994-04-11,0.4
10848,1994-04-12,0.4
10849,1994-04-13,0.4
10850,1994-04-14,0.4
10851,1994-04-15,0.4
10852,1994-04-16,0.4
10853,1994-04-17,0.4
10854,1994-04-18,0.4
10855,1994-04-19,0.4
10856,1994-04-20,0.4
10857,1994-04-21,0.4
10858,1994-04-22,0.4
10859,1994-04-23,0.4
10860,1994-04-24,0.4
10861,1994-04-25,0.4
10862,1994-04-26,0.4
10863,1994-04-27,0.4
10864,1994-04-28,0.4
10865,1994-04-29,0.4
10866,1994-04-30,0.4
10867,1994-03-01,0.3
10868,1994-03-02,0.3
10869,1994-03-03,0.3
10870,1994-03-04,0.3
10871,1994-03-05,0.3
10872,1994-03-06,0.3
10873,1994-03-07,0.3
10874,1994-03-08,0.3
10875,1994-03-09,0.3
10876,1994-03-10,0.3
10877,1994-03-11,0.3
10878,1994-03-12,0.3
10879,1994-03-13,0.3
10880,1994-03-14,0.3
10881,1994-03-15,0.3
10882,1994-03-16,0.3
10883,1994-03-17,0.3
10884,1994-03-18,0.3
10885,1994-03-19,0.3
10886,1994-03-20,0.3
10887,1994-03-21,0.3
10888,1994-03-22,0.3
10889,1994-03-23,0.3
10890,1994-03-24,0.3
10891,1994-03-25,0.3
10892,1994-03-26,0.3
10893,1994-03-27,0.3
10894,1994-03-28,0.3
10895,1994-03-29,0.3
10896,1994-03-30,0.3
10897,1994-03-31,0.3
10898,1994-02-01,0.0
10899,1994-02-02,0.0
10900,1994-02-03,0.0
10901,1994-02-04,0.0
10902,1994-02-05,0.0
10903,1994-02-06,0.0
10904,1994-02-07,0.0
10905,1994-02-08,0.0
10906,1994-02-09,0.0
10907,1994-02-10,0.0
10908,1994-02-11,0.0
10909,1994-02-12,0.0
10910,1994-02-13,0.0
10911,1994-02-14,0.0
10912,1994-02-15,0.0
10913,1994-02-16,0.0
10914,1994-02-17,0.0
10915,1994-02-18,0.0
10916,1994-02-19,0.0
10917,1994-02-20,0.0
10918,1994-02-21,0.0
10919,1994-02-22,0.0
10920,1994-02-23,0.0
10921,1994-02-24,0.0
10922,1994-02-25,0.0
10923,1994-02-26,0.0
10924,1994-02-27,0.0
10925,1994-02-28,0.0
10926,1994-01-01,1.0
10927,1994-01-02,1.0
10928,1994-01-03,1.0
10929,1994-01-04,1.0
10930,1994-01-05,1.0
10931,1994-01-06,1.0
10932,1994-01-07,1.0
10933,1994-01-08,1.0
10934,1994-01-09,1.0
10935,1994-01-10,1.0
10936,1994-01-11,1.0
10937,1994-01-12,1.0
10938,1994-01-13,1.0
10939,1994-01-14,1.0
10940,1994-01-15,1.0
10941,1994-01-16,1.0
10942,1994-01-17,1.0
10943,1994-01-18,1.0
10944,1994-01-19,1.0
10945,1994-01-20,1.0
10946,1994-01-21,1.0
10947,1994-01-22,1.0
10948,1994-01-23,1.0
10949,1994-01-24,1.0
10950,1994-01-25,1.0
10951,1994-01-26,1.0
10952,1994-01-27,1.0
10953,1994-01-28,1.0
10954,1994-01-29,1.0
10955,1994-01-30,1.0
10956,1994-01-31,1.0
10957,1993-12-01,0.5
10958,1993-12-02,0.5
10959,1993-12-03,0.5
10960,1993-12-04,0.5
10961,1993-12-05,0.5
10962,1993-12-06,0.5
10963,1993-12-07,0.5
10964,1993-12-08,0.5
10965,1993-12-09,0.5
10966,1993-12-10,0.5
10967,1993-12-11,0.5
10968,1993-12-12,0.5
10969,1993-12-13,0.5
10970,1993-12-14,0.5
10971,1993-12-15,0.5
10972,1993-12-16,0.5
10973,1993-12-17,0.5
10974,1993-12-18,0.5
10975,1993-12-19,0.5
10976,1993-12-20,0.5
10977,1993-12-21,0.5
10978,1993-12-22,0.5
10979,1993-12-23,0.5
10980,1993-12-24,0.5
10981,1993-12-25,0.5
10982,1993-12-26,0.5
10983,1993-12-27,0.5
10984,1993-12-28,0.5
10985,1993-12-29,0.5
10986,1993-12-30,0.5
10987,1993-12-31,0.5
10988,1993-11-01,0.2
10989,1993-11-02,0.2
10990,1993-11-03,0.2
10991,1993-11-04,0.2
10992,1993-11-05,0.2
10993,1993-11-06,0.2
10994,1993-11-07,0.2
10995,1993-11-08,0.2
10996,1993-11-09,0.2
10997,1993-11-10,0.2
10998,1993-11-11,0.2
10999,1993-11-12,0.2
11000,1993-11-13,0.2
11001,1993-11-14,0.2
11002,1993-11-15,0.2
11003,1993-11-16,0.2
11004,1993-11-17,0.2
11005,1993-11-18,0.2
11006,1993-11-19,0.2
11007,1993-11-20,0.2
11008,1993-11-21,0.2
11009,1993-11-22,0.2
11010,1993-11-23,0.2
11011,1993-11-24,0.2
11012,1993-11-25,0.2
11013,1993-11-26,0.2
11014,1993-11-27,0.2
11015,1993-11-28,0.2
11016,1993-11-29,0.2
11017,1993-11-30,0.2
11018,1993-10-01,0.4
11019,1993-10-02,0.4
11020,1993-10-03,0.4
11021,1993-10-04,0.4
11022,1993-10-05,0.4
11023,1993-10-06,0.4
11024,1993-10-07,0.4
11025,1993-10-08,0.4
11026,1993-10-09,0.4
11027,1993-10-10,0.4
11028,1993-10-11,0.4
11029,1993-10-12,0.4
11030,1993-10-13,0.4
11031,1993-10-14,0.4
11032,1993-10-15,0.4
11033,1993-10-16,0.4
11034,1993-10-17,0.4
11035,1993-10-18,0.4
11036,1993-10-19,0.4
11037,1993-10-20,0.4
11038,1993-10-21,0.4
11039,1993-10-22,0.4
11040,1993-10-23,0.4
11041,1993-10-24,0.4
11042,1993-10-25,0.4
11043,1993-10-26,0.4
11044,1993-10-27,0.4
11045,1993-10-28,0.4
11046,1993-10-29,0.4
11047,1993-10-30,0.4
11048,1993-10-31,0.4
11049,1993-09-01,0.6
11050,1993-09-02,0.6
11051,1993-09-03,0.6
11052,1993-09-04,0.6
11053,1993-09-05,0.6
11054,1993-09-06,0.6
11055,1993-09-07,0.6
11056,1993-09-08,0.6
11057,1993-09-09,0.6
11058,1993-09-10,0.6
11059,1993-09-11,0.6
11060,1993-09-12,0.6
11061,1993-09-13,0.6
11062,1993-09-14,0.6
11063,1993-09-15,0.6
11064,1993-09-16,0.6
11065,1993-09-17,0.6
11066,1993-09-18,0.6
11067,1993-09-19,0.6
11068,1993-09-20,0.6
11069,1993-09-21,0.6
11070,1993-09-22,0.6
11071,1993-09-23,0.6
11072,1993-09-24,0.6
11073,1993-09-25,0.6
11074,1993-09-26,0.6
11075,1993-09-27,0.6
11076,1993-09-28,0.6
11077,1993-09-29,0.6
11078,1993-09-30,0.6
11079,1993-08-01,0.6
11080,1993-08-02,0.6
11081,1993-08-03,0.6
11082,1993-08-04,0.6
11083,1993-08-05,0.6
11084,1993-08-06,0.6
11085,1993-08-07,0.6
11086,1993-08-08,0.6
11087,1993-08-09,0.6
11088,1993-08-10,0.6
11089,1993-08-11,0.6
11090,1993-08-12,0.6
11091,1993-08-13,0.6
11092,1993-08-14,0.6
11093,1993-08-15,0.6
11094,1993-08-16,0.6
11095,1993-08-17,0.6
11096,1993-08-18,0.6
11097,1993-08-19,0.6
11098,1993-08-20,0.6
11099,1993-08-21,0.6
11100,1993-08-22,0.6
11101,1993-08-23,0.6
11102,1993-08-24,0.6
11103,1993-08-25,0.6
11104,1993-08-26,0.6
11105,1993-08-27,0.6
11106,1993-08-28,0.6
11107,1993-08-29,0.6
11108,1993-08-30,0.6
11109,1993-08-31,0.6
11110,1993-07-01,0.4
11111,1993-07-02,0.4
11112,1993-07-03,0.4
11113,1993-07-04,0.4
11114,1993-07-05,0.4
11115,1993-07-06,0.4
11116,1993-07-07,0.4
11117,1993-07-08,0.4
11118,1993-07-09,0.4
11119,1993-07-10,0.4
11120,1993-07-11,0.4
11121,1993-07-12,0.4
11122,1993-07-13,0.4
11123,1993-07-14,0.4
11124,1993-07-15,0.4
11125,1993-07-16,0.4
11126,1993-07-17,0.4
11127,1993-07-18,0.4
11128,1993-07-19,0.4
11129,1993-07-20,0.4
11130,1993-07-21,0.4
11131,1993-07-22,0.4
11132,1993-07-23,0.4
11133,1993-07-24,0.4
11134,1993-07-25,0.4
11135,1993-07-26,0.4
11136,1993-07-27,0.4
11137,1993-07-28,0.4
11138,1993-07-29,0.4
11139,1993-07-30,0.4
11140,1993-07-31,0.4
11141,1993-06-01,0.2
11142,1993-06-02,0.2
11143,1993-06-03,0.2
11144,1993-06-04,0.2
11145,1993-06-05,0.2
11146,1993-06-06,0.2
11147,1993-06-07,0.2
11148,1993-06-08,0.2
11149,1993-06-09,0.2
11150,1993-06-10,0.2
11151,1993-06-11,0.2
11152,1993-06-12,0.2
11153,1993-06-13,0.2
11154,1993-06-14,0.2
11155,1993-06-15,0.2
11156,1993-06-16,0.2
11157,1993-06-17,0.2
11158,1993-06-18,0.2
11159,1993-06-19,0.2
11160,1993-06-20,0.2
11161,1993-06-21,0.2
11162,1993-06-22,0.2
11163,1993-06-23,0.2
11164,1993-06-24,0.2
11165,1993-06-25,0.2
11166,1993-06-26,0.2
11167,1993-06-27,0.2
11168,1993-06-28,0.2
11169,1993-06-29,0.2
11170,1993-06-30,0.2
11171,1993-05-01,0.3
11172,1993-05-02,0.3
11173,1993-05-03,0.3
11174,1993-05-04,0.3
11175,1993-05-05,0.3
11176,1993-05-06,0.3
11177,1993-05-07,0.3
11178,1993-05-08,0.3
11179,1993-05-09,0.3
11180,1993-05-10,0.3
11181,1993-05-11,0.3
11182,1993-05-12,0.3
11183,1993-05-13,0.3
11184,1993-05-14,0.3
11185,1993-05-15,0.3
11186,1993-05-16,0.3
11187,1993-05-17,0.3
11188,1993-05-18,0.3
11189,1993-05-19,0.3
11190,1993-05-20,0.3
11191,1993-05-21,0.3
11192,1993-05-22,0.3
11193,1993-05-23,0.3
11194,1993-05-24,0.3
11195,1993-05-25,0.3
11196,1993-05-26,0.3
11197,1993-05-27,0.3
11198,1993-05-28,0.3
11199,1993-05-29,0.3
11200,1993-05-30,0.3
11201,1993-05-31,0.3
11202,1993-04-01,0.4
11203,1993-04-02,0.4
11204,1993-04-03,0.4
11205,1993-04-04,0.4
11206,1993-04-05,0.4
11207,1993-04-06,0.4
11208,1993-04-07,0.4
11209,1993-04-08,0.4
11210,1993-04-09,0.4
11211,1993-04-10,0.4
11212,1993-04-11,0.4
11213,1993-04-12,0.4
11214,1993-04-13,0.4
11215,1993-04-14,0.4
11216,1993-04-15,0.4
11217,1993-04-16,0.4
11218,1993-04-17,0.4
11219,1993-04-18,0.4
11220,1993-04-19,0.4
11221,1993-04-20,0.4
11222,1993-04-21,0.4
11223,1993-04-22,0.4
11224,1993-04-23,0.4
11225,1993-04-24,0.4
11226,1993-04-25,0.4
11227,1993-04-26,0.4
11228,1993-04-27,0.4
11229,1993-04-28,0.4
11230,1993-04-29,0.4
11231,1993-04-30,0.4
11232,1993-03-01,0.4
11233,1993-03-02,0.4
11234,1993-03-03,0.4
11235,1993-03-04,0.4
11236,1993-03-05,0.4
11237,1993-03-06,0.4
11238,1993-03-07,0.4
11239,1993-03-08,0.4
11240,1993-03-09,0.4
11241,1993-03-10,0.4
11242,1993-03-11,0.4
11243,1993-03-12,0.4
11244,1993-03-13,0.4
11245,1993-03-14,0.4
11246,1993-03-15,0.4
11247,1993-03-16,0.4
11248,1993-03-17,0.4
11249,1993-03-18,0.4
11250,1993-03-19,0.4
11251,1993-03-20,0.4
11252,1993-03-21,0.4
11253,1993-03-22,0.4
11254,1993-03-23,0.4
11255,1993-03-24,0.4
11256,1993-03-25,0.4
11257,1993-03-26,0.4
11258,1993-03-27,0.4
11259,1993-03-28,0.4
11260,1993-03-29,0.4
11261,1993-03-30,0.4
11262,1993-03-31,0.4
11263,1993-02-01,0.0
11264,1993-02-02,0.0
11265,1993-02-03,0.0
11266,1993-02-04,0.0
11267,1993-02-05,0.0
11268,1993-02-06,0.0
11269,1993-02-07,0.0
11270,1993-02-08,0.0
11271,1993-02-09,0.0
11272,1993-02-10,0.0
11273,1993-02-11,0.0
11274,1993-02-12,0.0
11275,1993-02-13,0.0
11276,1993-02-14,0.0
11277,1993-02-15,0.0
11278,1993-02-16,0.0
11279,1993-02-17,0.0
11280,1993-02-18,0.0
11281,1993-02-19,0.0
11282,1993-02-20,0.0
11283,1993-02-21,0.0
11284,1993-02-22,0.0
11285,1993-02-23,0.0
11286,1993-02-24,0.0
11287,1993-02-25,0.0
11288,1993-02-26,0.0
11289,1993-02-27,0.0
11290,1993-02-28,0.0
11291,1993-01-01,0.9
11292,1993-01-02,0.9
11293,1993-01-03,0.9
11294,1993-01-04,0.9
11295,1993-01-05,0.9
11296,1993-01-06,0.9
11297,1993-01-07,0.9
11298,1993-01-08,0.9
11299,1993-01-09,0.9
11300,1993-01-10,0.9
11301,1993-01-11,0.9
11302,1993-01-12,0.9
11303,1993-01-13,0.9
11304,1993-01-14,0.9
11305,1993-01-15,0.9
11306,1993-01-16,0.9
11307,1993-01-17,0.9
11308,1993-01-18,0.9
11309,1993-01-19,0.9
11310,1993-01-20,0.9
11311,1993-01-21,0.9
11312,1993-01-22,0.9
11313,1993-01-23,0.9
11314,1993-01-24,0.9
11315,1993-01-25,0.9
11316,1993-01-26,0.9
11317,1993-01-27,0.9
11318,1993-01-28,0.9
11319,1993-01-29,0.9
11320,1993-01-30,0.9
11321,1993-01-31,0.9
11322,1992-12-01,0.3
11323,1992-12-02,0.3
11324,1992-12-03,0.3
11325,1992-12-04,0.3
11326,1992-12-05,0.3
11327,1992-12-06,0.3
11328,1992-12-07,0.3
11329,1992-12-08,0.3
11330,1992-12-09,0.3
11331,1992-12-10,0.3
11332,1992-12-11,0.3
11333,1992-12-12,0.3
11334,1992-12-13,0.3
11335,1992-12-14,0.3
11336,1992-12-15,0.3
11337,1992-12-16,0.3
11338,1992-12-17,0.3
11339,1992-12-18,0.3
11340,1992-12-19,0.3
11341,1992-12-20,0.3
11342,1992-12-21,0.3
11343,1992-12-22,0.3
11344,1992-12-23,0.3
11345,1992-12-24,0.3
11346,1992-12-25,0.3
11347,1992-12-26,0.3
11348,1992-12-27,0.3
11349,1992-12-28,0.3
11350,1992-12-29,0.3
11351,1992-12-30,0.3
11352,1992-12-31,0.3
11353,1992-11-01,0.1
11354,1992-11-02,0.1
11355,1992-11-03,0.1
11356,1992-11-04,0.1
11357,1992-11-05,0.1
11358,1992-11-06,0.1
11359,1992-11-07,0.1
11360,1992-11-08,0.1
11361,1992-11-09,0.1
11362,1992-11-10,0.1
11363,1992-11-11,0.1
11364,1992-11-12,0.1
11365,1992-11-13,0.1
11366,1992-11-14,0.1
11367,1992-11-15,0.1
11368,1992-11-16,0.1
11369,1992-11-17,0.1
11370,1992-11-18,0.1
11371,1992-11-19,0.1
11372,1992-11-20,0.1
11373,1992-11-21,0.1
11374,1992-11-22,0.1
11375,1992-11-23,0.1
11376,1992-11-24,0.1
11377,1992-11-25,0.1
11378,1992-11-26,0.1
11379,1992-11-27,0.1
11380,1992-11-28,0.1
11381,1992-11-29,0.1
11382,1992-11-30,0.1
11383,1992-10-01,0.1
11384,1992-10-02,0.1
11385,1992-10-03,0.1
11386,1992-10-04,0.1
11387,1992-10-05,0.1
11388,1992-10-06,0.1
11389,1992-10-07,0.1
11390,1992-10-08,0.1
11391,1992-10-09,0.1
11392,1992-10-10,0.1
11393,1992-10-11,0.1
11394,1992-10-12,0.1
11395,1992-10-13,0.1
11396,1992-10-14,0.1
11397,1992-10-15,0.1
11398,1992-10-16,0.1
11399,1992-10-17,0.1
11400,1992-10-18,0.1
11401,1992-10-19,0.1
11402,1992-10-20,0.1
11403,1992-10-21,0.1
11404,1992-10-22,0.1
11405,1992-10-23,0.1
11406,1992-10-24,0.1
11407,1992-10-25,0.1
11408,1992-10-26,0.1
11409,1992-10-27,0.1
11410,1992-10-28,0.1
11411,1992-10-29,0.1
11412,1992-10-30,0.1
11413,1992-10-31,0.1
11414,1992-09-01,0.8
11415,1992-09-02,0.8
11416,1992-09-03,0.8
11417,1992-09-04,0.8
11418,1992-09-05,0.8
11419,1992-09-06,0.8
11420,1992-09-07,0.8
11421,1992-09-08,0.8
11422,1992-09-09,0.8
11423,1992-09-10,0.8
11424,1992-09-11,0.8
11425,1992-09-12,0.8
11426,1992-09-13,0.8
11427,1992-09-14,0.8
11428,1992-09-15,0.8
11429,1992-09-16,0.8
11430,1992-09-17,0.8
11431,1992-09-18,0.8
11432,1992-09-19,0.8
11433,1992-09-20,0.8
11434,1992-09-21,0.8
11435,1992-09-22,0.8
11436,1992-09-23,0.8
11437,1992-09-24,0.8
11438,1992-09-25,0.8
11439,1992-09-26,0.8
11440,1992-09-27,0.8
11441,1992-09-28,0.8
11442,1992-09-29,0.8
11443,1992-09-30,0.8
11444,1992-08-01,0.9
11445,1992-08-02,0.9
11446,1992-08-03,0.9
11447,1992-08-04,0.9
11448,1992-08-05,0.9
11449,1992-08-06,0.9
11450,1992-08-07,0.9
11451,1992-08-08,0.9
11452,1992-08-09,0.9
11453,1992-08-10,0.9
11454,1992-08-11,0.9
11455,1992-08-12,0.9
11456,1992-08-13,0.9
11457,1992-08-14,0.9
11458,1992-08-15,0.9
11459,1992-08-16,0.9
11460,1992-08-17,0.9
11461,1992-08-18,0.9
11462,1992-08-19,0.9
11463,1992-08-20,0.9
11464,1992-08-21,0.9
11465,1992-08-22,0.9
11466,1992-08-23,0.9
11467,1992-08-24,0.9
11468,1992-08-25,0.9
11469,1992-08-26,0.9
11470,1992-08-27,0.9
11471,1992-08-28,0.9
11472,1992-08-29,0.9
11473,1992-08-30,0.9
11474,1992-08-31,0.9
11475,1992-07-01,0.3
11476,1992-07-02,0.3
11477,1992-07-03,0.3
11478,1992-07-04,0.3
11479,1992-07-05,0.3
11480,1992-07-06,0.3
11481,1992-07-07,0.3
11482,1992-07-08,0.3
11483,1992-07-09,0.3
11484,1992-07-10,0.3
11485,1992-07-11,0.3
11486,1992-07-12,0.3
11487,1992-07-13,0.3
11488,1992-07-14,0.3
11489,1992-07-15,0.3
11490,1992-07-16,0.3
11491,1992-07-17,0.3
11492,1992-07-18,0.3
11493,1992-07-19,0.3
11494,1992-07-20,0.3
11495,1992-07-21,0.3
11496,1992-07-22,0.3
11497,1992-07-23,0.3
11498,1992-07-24,0.3
11499,1992-07-25,0.3
11500,1992-07-26,0.3
11501,1992-07-27,0.3
11502,1992-07-28,0.3
11503,1992-07-29,0.3
11504,1992-07-30,0.3
11505,1992-07-31,0.3
11506,1992-06-01,0.0
11507,1992-06-02,0.0
11508,1992-06-03,0.0
11509,1992-06-04,0.0
11510,1992-06-05,0.0
11511,1992-06-06,0.0
11512,1992-06-07,0.0
11513,1992-06-08,0.0
11514,1992-06-09,0.0
11515,1992-06-10,0.0
11516,1992-06-11,0.0
11517,1992-06-12,0.0
11518,1992-06-13,0.0
11519,1992-06-14,0.0
11520,1992-06-15,0.0
11521,1992-06-16,0.0
11522,1992-06-17,0.0
11523,1992-06-18,0.0
11524,1992-06-19,0.0
11525,1992-06-20,0.0
11526,1992-06-21,0.0
11527,1992-06-22,0.0
11528,1992-06-23,0.0
11529,1992-06-24,0.0
11530,1992-06-25,0.0
11531,1992-06-26,0.0
11532,1992-06-27,0.0
11533,1992-06-28,0.0
11534,1992-06-29,0.0
11535,1992-06-30,0.0
11536,1992-05-01,0.3
11537,1992-05-02,0.3
11538,1992-05-03,0.3
11539,1992-05-04,0.3
11540,1992-05-05,0.3
11541,1992-05-06,0.3
11542,1992-05-07,0.3
11543,1992-05-08,0.3
11544,1992-05-09,0.3
11545,1992-05-10,0.3
11546,1992-05-11,0.3
11547,1992-05-12,0.3
11548,1992-05-13,0.3
11549,1992-05-14,0.3
11550,1992-05-15,0.3
11551,1992-05-16,0.3
11552,1992-05-17,0.3
11553,1992-05-18,0.3
11554,1992-05-19,0.3
11555,1992-05-20,0.3
11556,1992-05-21,0.3
11557,1992-05-22,0.3
11558,1992-05-23,0.3
11559,1992-05-24,0.3
11560,1992-05-25,0.3
11561,1992-05-26,0.3
11562,1992-05-27,0.3
11563,1992-05-28,0.3
11564,1992-05-29,0.3
11565,1992-05-30,0.3
11566,1992-05-31,0.3
11567,1992-04-01,-0.1
11568,1992-04-02,-0.1
11569,1992-04-03,-0.1
11570,1992-04-04,-0.1
11571,1992-04-05,-0.1
11572,1992-04-06,-0.1
11573,1992-04-07,-0.1
11574,1992-04-08,-0.1
11575,1992-04-09,-0.1
11576,1992-04-10,-0.1
11577,1992-04-11,-0.1
11578,1992-04-12,-0.1
11579,1992-04-13,-0.1
11580,1992-04-14,-0.1
11581,1992-04-15,-0.1
11582,1992-04-16,-0.1
11583,1992-04-17,-0.1
11584,1992-04-18,-0.1
11585,1992-04-19,-0.1
11586,1992-04-20,-0.1
11587,1992-04-21,-0.1
11588,1992-04-22,-0.1
11589,1992-04-23,-0.1
11590,1992-04-24,-0.1
11591,1992-04-25,-0.1
11592,1992-04-26,-0.1
11593,1992-04-27,-0.1
11594,1992-04-28,-0.1
11595,1992-04-29,-0.1
11596,1992-04-30,-0.1
11597,1992-03-01,0.4
11598,1992-03-02,0.4
11599,1992-03-03,0.4
11600,1992-03-04,0.4
11601,1992-03-05,0.4
11602,1992-03-06,0.4
11603,1992-03-07,0.4
11604,1992-03-08,0.4
11605,1992-03-09,0.4
11606,1992-03-10,0.4
11607,1992-03-11,0.4
11608,1992-03-12,0.4
11609,1992-03-13,0.4
11610,1992-03-14,0.4
11611,1992-03-15,0.4
11612,1992-03-16,0.4
11613,1992-03-17,0.4
11614,1992-03-18,0.4
11615,1992-03-19,0.4
11616,1992-03-20,0.4
11617,1992-03-21,0.4
11618,1992-03-22,0.4
11619,1992-03-23,0.4
11620,1992-03-24,0.4
11621,1992-03-25,0.4
11622,1992-03-26,0.4
11623,1992-03-27,0.4
11624,1992-03-28,0.4
11625,1992-03-29,0.4
11626,1992-03-30,0.4
11627,1992-03-31,0.4
11628,1992-02-01,0.7
11629,1992-02-02,0.7
11630,1992-02-03,0.7
11631,1992-02-04,0.7
11632,1992-02-05,0.7
11633,1992-02-06,0.7
11634,1992-02-07,0.7
11635,1992-02-08,0.7
11636,1992-02-09,0.7
11637,1992-02-10,0.7
11638,1992-02-11,0.7
11639,1992-02-12,0.7
11640,1992-02-13,0.7
11641,1992-02-14,0.7
11642,1992-02-15,0.7
11643,1992-02-16,0.7
11644,1992-02-17,0.7
11645,1992-02-18,0.7
11646,1992-02-19,0.7
11647,1992-02-20,0.7
11648,1992-02-21,0.7
11649,1992-02-22,0.7
11650,1992-02-23,0.7
11651,1992-02-24,0.7
11652,1992-02-25,0.7
11653,1992-02-26,0.7
11654,1992-02-27,0.7
11655,1992-02-28,0.7
11656,1992-02-29,0.7
11657,1992-01-01,1.6
11658,1992-01-02,1.6
11659,1992-01-03,1.6
11660,1992-01-04,1.6
11661,1992-01-05,1.6
11662,1992-01-06,1.6
11663,1992-01-07,1.6
11664,1992-01-08,1.6
11665,1992-01-09,1.6
11666,1992-01-10,1.6
11667,1992-01-11,1.6
11668,1992-01-12,1.6
11669,1992-01-13,1.6
11670,1992-01-14,1.6
11671,1992-01-15,1.6
11672,1992-01-16,1.6
11673,1992-01-17,1.6
11674,1992-01-18,1.6
11675,1992-01-19,1.6
11676,1992-01-20,1.6
11677,1992-01-21,1.6
11678,1992-01-22,1.6
11679,1992-01-23,1.6
11680,1992-01-24,1.6
11681,1992-01-25,1.6
11682,1992-01-26,1.6
11683,1992-01-27,1.6
11684,1992-01-28,1.6
11685,1992-01-29,1.6
11686,1992-01-30,1.6
11687,1992-01-31,1.6
11688,1991-12-01,0.1
11689,1991-12-02,0.1
11690,1991-12-03,0.1
11691,1991-12-04,0.1
11692,1991-12-05,0.1
11693,1991-12-06,0.1
11694,1991-12-07,0.1
11695,1991-12-08,0.1
11696,1991-12-09,0.1
11697,1991-12-10,0.1
11698,1991-12-11,0.1
11699,1991-12-12,0.1
11700,1991-12-13,0.1
11701,1991-12-14,0.1
11702,1991-12-15,0.1
11703,1991-12-16,0.1
11704,1991-12-17,0.1
11705,1991-12-18,0.1
11706,1991-12-19,0.1
11707,1991-12-20,0.1
11708,1991-12-21,0.1
11709,1991-12-22,0.1
11710,1991-12-23,0.1
11711,1991-12-24,0.1
11712,1991-12-25,0.1
11713,1991-12-26,0.1
11714,1991-12-27,0.1
11715,1991-12-28,0.1
11716,1991-12-29,0.1
11717,1991-12-30,0.1
11718,1991-12-31,0.1
11719,1991-11-01,0.2
11720,1991-11-02,0.2
11721,1991-11-03,0.2
11722,1991-11-04,0.2
11723,1991-11-05,0.2
11724,1991-11-06,0.2
11725,1991-11-07,0.2
11726,1991-11-08,0.2
11727,1991-11-09,0.2
11728,1991-11-10,0.2
11729,1991-11-11,0.2
11730,1991-11-12,0.2
11731,1991-11-13,0.2
11732,1991-11-14,0.2
11733,1991-11-15,0.2
11734,1991-11-16,0.2
11735,1991-11-17,0.2
11736,1991-11-18,0.2
11737,1991-11-19,0.2
11738,1991-11-20,0.2
11739,1991-11-21,0.2
11740,1991-11-22,0.2
11741,1991-11-23,0.2
11742,1991-11-24,0.2
11743,1991-11-25,0.2
11744,1991-11-26,0.2
11745,1991-11-27,0.2
11746,1991-11-28,0.2
11747,1991-11-29,0.2
11748,1991-11-30,0.2
11749,1991-10-01,0.6
11750,1991-10-02,0.6
11751,1991-10-03,0.6
11752,1991-10-04,0.6
11753,1991-10-05,0.6
11754,1991-10-06,0.6
11755,1991-10-07,0.6
11756,1991-10-08,0.6
11757,1991-10-09,0.6
11758,1991-10-10,0.6
11759,1991-10-11,0.6
11760,1991-10-12,0.6
11761,1991-10-13,0.6
11762,1991-10-14,0.6
11763,1991-10-15,0.6
11764,1991-10-16,0.6
11765,1991-10-17,0.6
11766,1991-10-18,0.6
11767,1991-10-19,0.6
11768,1991-10-20,0.6
11769,1991-10-21,0.6
11770,1991-10-22,0.6
11771,1991-10-23,0.6
11772,1991-10-24,0.6
11773,1991-10-25,0.6
11774,1991-10-26,0.6
11775,1991-10-27,0.6
11776,1991-10-28,0.6
11777,1991-10-29,0.6
11778,1991-10-30,0.6
11779,1991-10-31,0.6
11780,1991-09-01,0.8
11781,1991-09-02,0.8
11782,1991-09-03,0.8
11783,1991-09-04,0.8
11784,1991-09-05,0.8
11785,1991-09-06,0.8
11786,1991-09-07,0.8
11787,1991-09-08,0.8
11788,1991-09-09,0.8
11789,1991-09-10,0.8
11790,1991-09-11,0.8
11791,1991-09-12,0.8
11792,1991-09-13,0.8
11793,1991-09-14,0.8
11794,1991-09-15,0.8
11795,1991-09-16,0.8
11796,1991-09-17,0.8
11797,1991-09-18,0.8
11798,1991-09-19,0.8
11799,1991-09-20,0.8
11800,1991-09-21,0.8
11801,1991-09-22,0.8
11802,1991-09-23,0.8
11803,1991-09-24,0.8
11804,1991-09-25,0.8
11805,1991-09-26,0.8
11806,1991-09-27,0.8
11807,1991-09-28,0.8
11808,1991-09-29,0.8
11809,1991-09-30,0.8
11810,1991-08-01,0.4
11811,1991-08-02,0.4
11812,1991-08-03,0.4
11813,1991-08-04,0.4
11814,1991-08-05,0.4
11815,1991-08-06,0.4
11816,1991-08-07,0.4
11817,1991-08-08,0.4
11818,1991-08-09,0.4
11819,1991-08-10,0.4
11820,1991-08-11,0.4
11821,1991-08-12,0.4
11822,1991-08-13,0.4
11823,1991-08-14,0.4
11824,1991-08-15,0.4
11825,1991-08-16,0.4
11826,1991-08-17,0.4
11827,1991-08-18,0.4
11828,1991-08-19,0.4
11829,1991-08-20,0.4
11830,1991-08-21,0.4
11831,1991-08-22,0.4
11832,1991-08-23,0.4
11833,1991-08-24,0.4
11834,1991-08-25,0.4
11835,1991-08-26,0.4
11836,1991-08-27,0.4
11837,1991-08-28,0.4
11838,1991-08-29,0.4
11839,1991-08-30,0.4
11840,1991-08-31,0.4
11841,1991-07-01,1.2
11842,1991-07-02,1.2
11843,1991-07-03,1.2
11844,1991-07-04,1.2
11845,1991-07-05,1.2
11846,1991-07-06,1.2
11847,1991-07-07,1.2
11848,1991-07-08,1.2
11849,1991-07-09,1.2
11850,1991-07-10,1.2
11851,1991-07-11,1.2
11852,1991-07-12,1.2
11853,1991-07-13,1.2
11854,1991-07-14,1.2
11855,1991-07-15,1.2
11856,1991-07-16,1.2
11857,1991-07-17,1.2
11858,1991-07-18,1.2
11859,1991-07-19,1.2
11860,1991-07-20,1.2
11861,1991-07-21,1.2
11862,1991-07-22,1.2
11863,1991-07-23,1.2
11864,1991-07-24,1.2
11865,1991-07-25,1.2
11866,1991-07-26,1.2
11867,1991-07-27,1.2
11868,1991-07-28,1.2
11869,1991-07-29,1.2
11870,1991-07-30,1.2
11871,1991-07-31,1.2
11872,1991-06-01,0.3
11873,1991-06-02,0.3
11874,1991-06-03,0.3
11875,1991-06-04,0.3
11876,1991-06-05,0.3
11877,1991-06-06,0.3
11878,1991-06-07,0.3
11879,1991-06-08,0.3
11880,1991-06-09,0.3
11881,1991-06-10,0.3
11882,1991-06-11,0.3
11883,1991-06-12,0.3
11884,1991-06-13,0.3
11885,1991-06-14,0.3
11886,1991-06-15,0.3
11887,1991-06-16,0.3
11888,1991-06-17,0.3
11889,1991-06-18,0.3
11890,1991-06-19,0.3
11891,1991-06-20,0.3
11892,1991-06-21,0.3
11893,1991-06-22,0.3
11894,1991-06-23,0.3
11895,1991-06-24,0.3
11896,1991-06-25,0.3
11897,1991-06-26,0.3
11898,1991-06-27,0.3
11899,1991-06-28,0.3
11900,1991-06-29,0.3
11901,1991-06-30,0.3
11902,1991-05-01,0.3
11903,1991-05-02,0.3
11904,1991-05-03,0.3
11905,1991-05-04,0.3
11906,1991-05-05,0.3
11907,1991-05-06,0.3
11908,1991-05-07,0.3
11909,1991-05-08,0.3
11910,1991-05-09,0.3
11911,1991-05-10,0.3
11912,1991-05-11,0.3
11913,1991-05-12,0.3
11914,1991-05-13,0.3
11915,1991-05-14,0.3
11916,1991-05-15,0.3
11917,1991-05-16,0.3
11918,1991-05-17,0.3
11919,1991-05-18,0.3
11920,1991-05-19,0.3
11921,1991-05-20,0.3
11922,1991-05-21,0.3
11923,1991-05-22,0.3
11924,1991-05-23,0.3
11925,1991-05-24,0.3
11926,1991-05-25,0.3
11927,1991-05-26,0.3
11928,1991-05-27,0.3
11929,1991-05-28,0.3
11930,1991-05-29,0.3
11931,1991-05-30,0.3
11932,1991-05-31,0.3
11933,1991-04-01,0.2
11934,1991-04-02,0.2
11935,1991-04-03,0.2
11936,1991-04-04,0.2
11937,1991-04-05,0.2
11938,1991-04-06,0.2
11939,1991-04-07,0.2
11940,1991-04-08,0.2
11941,1991-04-09,0.2
11942,1991-04-10,0.2
11943,1991-04-11,0.2
11944,1991-04-12,0.2
11945,1991-04-13,0.2
11946,1991-04-14,0.2
11947,1991-04-15,0.2
11948,1991-04-16,0.2
11949,1991-04-17,0.2
11950,1991-04-18,0.2
11951,1991-04-19,0.2
11952,1991-04-20,0.2
11953,1991-04-21,0.2
11954,1991-04-22,0.2
11955,1991-04-23,0.2
11956,1991-04-24,0.2
11957,1991-04-25,0.2
11958,1991-04-26,0.2
11959,1991-04-27,0.2
11960,1991-04-28,0.2
11961,1991-04-29,0.2
11962,1991-04-30,0.2
11963,1991-03-01,0.3
11964,1991-03-02,0.3
11965,1991-03-03,0.3
11966,1991-03-04,0.3
11967,1991-03-05,0.3
11968,1991-03-06,0.3
11969,1991-03-07,0.3
11970,1991-03-08,0.3
11971,1991-03-09,0.3
11972,1991-03-10,0.3
11973,1991-03-11,0.3
11974,1991-03-12,0.3
11975,1991-03-13,0.3
11976,1991-03-14,0.3
11977,1991-03-15,0.3
11978,1991-03-16,0.3
11979,1991-03-17,0.3
11980,1991-03-18,0.3
11981,1991-03-19,0.3
11982,1991-03-20,0.3
11983,1991-03-21,0.3
11984,1991-03-22,0.3
11985,1991-03-23,0.3
11986,1991-03-24,0.3
11987,1991-03-25,0.3
11988,1991-03-26,0.3
11989,1991-03-27,0.3
11990,1991-03-28,0.3
11991,1991-03-29,0.3
11992,1991-03-30,0.3
11993,1991-03-31,0.3
11994,1991-02-01,-0.1
11995,1991-02-02,-0.1
11996,1991-02-03,-0.1
11997,1991-02-04,-0.1
11998,1991-02-05,-0.1
11999,1991-02-06,-0.1
12000,1991-02-07,-0.1
12001,1991-02-08,-0.1
12002,1991-02-09,-0.1
12003,1991-02-10,-0.1
12004,1991-02-11,-0.1
12005,1991-02-12,-0.1
12006,1991-02-13,-0.1
12007,1991-02-14,-0.1
12008,1991-02-15,-0.1
12009,1991-02-16,-0.1
12010,1991-02-17,-0.1
12011,1991-02-18,-0.1
12012,1991-02-19,-0.1
12013,1991-02-20,-0.1
12014,1991-02-21,-0.1
12015,1991-02-22,-0.1
12016,1991-02-23,-0.1
12017,1991-02-24,-0.1
12018,1991-02-25,-0.1
12019,1991-02-26,-0.1
12020,1991-02-27,-0.1
12021,1991-02-28,-0.1
12022,1991-01-01,1.2
12023,1991-01-02,1.2
12024,1991-01-03,1.2
12025,1991-01-04,1.2
12026,1991-01-05,1.2
12027,1991-01-06,1.2
12028,1991-01-07,1.2
12029,1991-01-08,1.2
12030,1991-01-09,1.2
12031,1991-01-10,1.2
12032,1991-01-11,1.2
12033,1991-01-12,1.2
12034,1991-01-13,1.2
12035,1991-01-14,1.2
12036,1991-01-15,1.2
12037,1991-01-16,1.2
12038,1991-01-17,1.2
12039,1991-01-18,1.2
12040,1991-01-19,1.2
12041,1991-01-20,1.2
12042,1991-01-21,1.2
12043,1991-01-22,1.2
12044,1991-01-23,1.2
12045,1991-01-24,1.2
12046,1991-01-25,1.2
12047,1991-01-26,1.2
12048,1991-01-27,1.2
12049,1991-01-28,1.2
12050,1991-01-29,1.2
12051,1991-01-30,1.2
12052,1991-01-31,1.2
12053,1990-12-01,0.2
12054,1990-12-02,0.2
12055,1990-12-03,0.2
12056,1990-12-04,0.2
12057,1990-12-05,0.2
12058,1990-12-06,0.2
12059,1990-12-07,0.2
12060,1990-12-08,0.2
12061,1990-12-09,0.2
12062,1990-12-10,0.2
12063,1990-12-11,0.2
12064,1990-12-12,0.2
12065,1990-12-13,0.2
12066,1990-12-14,0.2
12067,1990-12-15,0.2
12068,1990-12-16,0.2
12069,1990-12-17,0.2
12070,1990-12-18,0.2
12071,1990-12-19,0.2
12072,1990-12-20,0.2
12073,1990-12-21,0.2
12074,1990-12-22,0.2
12075,1990-12-23,0.2
12076,1990-12-24,0.2
12077,1990-12-25,0.2
12078,1990-12-26,0.2
12079,1990-12-27,0.2
12080,1990-12-28,0.2
12081,1990-12-29,0.2
12082,1990-12-30,0.2
12083,1990-12-31,0.2
12084,1990-11-01,-0.1
12085,1990-11-02,-0.1
12086,1990-11-03,-0.1
12087,1990-11-04,-0.1
12088,1990-11-05,-0.1
12089,1990-11-06,-0.1
12090,1990-11-07,-0.1
12091,1990-11-08,-0.1
12092,1990-11-09,-0.1
12093,1990-11-10,-0.1
12094,1990-11-11,-0.1
12095,1990-11-12,-0.1
12096,1990-11-13,-0.1
12097,1990-11-14,-0.1
12098,1990-11-15,-0.1
12099,1990-11-16,-0.1
12100,1990-11-17,-0.1
12101,1990-11-18,-0.1
12102,1990-11-19,-0.1
12103,1990-11-20,-0.1
12104,1990-11-21,-0.1
12105,1990-11-22,-0.1
12106,1990-11-23,-0.1
12107,1990-11-24,-0.1
12108,1990-11-25,-0.1
12109,1990-11-26,-0.1
12110,1990-11-27,-0.1
12111,1990-11-28,-0.1
12112,1990-11-29,-0.1
12113,1990-11-30,-0.1
12114,1990-10-01,0.9
12115,1990-10-02,0.9
12116,1990-10-03,0.9
12117,1990-10-04,0.9
12118,1990-10-05,0.9
12119,1990-10-06,0.9
12120,1990-10-07,0.9
12121,1990-10-08,0.9
12122,1990-10-09,0.9
12123,1990-10-10,0.9
12124,1990-10-11,0.9
12125,1990-10-12,0.9
12126,1990-10-13,0.9
12127,1990-10-14,0.9
12128,1990-10-15,0.9
12129,1990-10-16,0.9
12130,1990-10-17,0.9
12131,1990-10-18,0.9
12132,1990-10-19,0.9
12133,1990-10-20,0.9
12134,1990-10-21,0.9
12135,1990-10-22,0.9
12136,1990-10-23,0.9
12137,1990-10-24,0.9
12138,1990-10-25,0.9
12139,1990-10-26,0.9
12140,1990-10-27,0.9
12141,1990-10-28,0.9
12142,1990-10-29,0.9
12143,1990-10-30,0.9
12144,1990-10-31,0.9
12145,1990-09-01,1.1
12146,1990-09-02,1.1
12147,1990-09-03,1.1
12148,1990-09-04,1.1
12149,1990-09-05,1.1
12150,1990-09-06,1.1
12151,1990-09-07,1.1
12152,1990-09-08,1.1
12153,1990-09-09,1.1
12154,1990-09-10,1.1
12155,1990-09-11,1.1
12156,1990-09-12,1.1
12157,1990-09-13,1.1
12158,1990-09-14,1.1
12159,1990-09-15,1.1
12160,1990-09-16,1.1
12161,1990-09-17,1.1
12162,1990-09-18,1.1
12163,1990-09-19,1.1
12164,1990-09-20,1.1
12165,1990-09-21,1.1
12166,1990-09-22,1.1
12167,1990-09-23,1.1
12168,1990-09-24,1.1
12169,1990-09-25,1.1
12170,1990-09-26,1.1
12171,1990-09-27,1.1
12172,1990-09-28,1.1
12173,1990-09-29,1.1
12174,1990-09-30,1.1
12175,1990-08-01,0.4
12176,1990-08-02,0.4
12177,1990-08-03,0.4
12178,1990-08-04,0.4
12179,1990-08-05,0.4
12180,1990-08-06,0.4
12181,1990-08-07,0.4
12182,1990-08-08,0.4
12183,1990-08-09,0.4
12184,1990-08-10,0.4
12185,1990-08-11,0.4
12186,1990-08-12,0.4
12187,1990-08-13,0.4
12188,1990-08-14,0.4
12189,1990-08-15,0.4
12190,1990-08-16,0.4
12191,1990-08-17,0.4
12192,1990-08-18,0.4
12193,1990-08-19,0.4
12194,1990-08-20,0.4
12195,1990-08-21,0.4
12196,1990-08-22,0.4
12197,1990-08-23,0.4
12198,1990-08-24,0.4
12199,1990-08-25,0.4
12200,1990-08-26,0.4
12201,1990-08-27,0.4
12202,1990-08-28,0.4
12203,1990-08-29,0.4
12204,1990-08-30,0.4
12205,1990-08-31,0.4
12206,1990-07-01,1.3
12207,1990-07-02,1.3
12208,1990-07-03,1.3
12209,1990-07-04,1.3
12210,1990-07-05,1.3
12211,1990-07-06,1.3
12212,1990-07-07,1.3
12213,1990-07-08,1.3
12214,1990-07-09,1.3
12215,1990-07-10,1.3
12216,1990-07-11,1.3
12217,1990-07-12,1.3
12218,1990-07-13,1.3
12219,1990-07-14,1.3
12220,1990-07-15,1.3
12221,1990-07-16,1.3
12222,1990-07-17,1.3
12223,1990-07-18,1.3
12224,1990-07-19,1.3
12225,1990-07-20,1.3
12226,1990-07-21,1.3
12227,1990-07-22,1.3
12228,1990-07-23,1.3
12229,1990-07-24,1.3
12230,1990-07-25,1.3
12231,1990-07-26,1.3
12232,1990-07-27,1.3
12233,1990-07-28,1.3
12234,1990-07-29,1.3
12235,1990-07-30,1.3
12236,1990-07-31,1.3
12237,1990-06-01,0.3
12238,1990-06-02,0.3
12239,1990-06-03,0.3
12240,1990-06-04,0.3
12241,1990-06-05,0.3
12242,1990-06-06,0.3
12243,1990-06-07,0.3
12244,1990-06-08,0.3
12245,1990-06-09,0.3
12246,1990-06-10,0.3
12247,1990-06-11,0.3
12248,1990-06-12,0.3
12249,1990-06-13,0.3
12250,1990-06-14,0.3
12251,1990-06-15,0.3
12252,1990-06-16,0.3
12253,1990-06-17,0.3
12254,1990-06-18,0.3
12255,1990-06-19,0.3
12256,1990-06-20,0.3
12257,1990-06-21,0.3
12258,1990-06-22,0.3
12259,1990-06-23,0.3
12260,1990-06-24,0.3
12261,1990-06-25,0.3
12262,1990-06-26,0.3
12263,1990-06-27,0.3
12264,1990-06-28,0.3
12265,1990-06-29,0.3
12266,1990-06-30,0.3
12267,1990-05-01,0.0
12268,1990-05-02,0.0
12269,1990-05-03,0.0
12270,1990-05-04,0.0
12271,1990-05-05,0.0
12272,1990-05-06,0.0
12273,1990-05-07,0.0
12274,1990-05-08,0.0
12275,1990-05-09,0.0
12276,1990-05-10,0.0
12277,1990-05-11,0.0
12278,1990-05-12,0.0
12279,1990-05-13,0.0
12280,1990-05-14,0.0
12281,1990-05-15,0.0
12282,1990-05-16,0.0
12283,1990-05-17,0.0
12284,1990-05-18,0.0
12285,1990-05-19,0.0
12286,1990-05-20,0.0
12287,1990-05-21,0.0
12288,1990-05-22,0.0
12289,1990-05-23,0.0
12290,1990-05-24,0.0
12291,1990-05-25,0.0
12292,1990-05-26,0.0
12293,1990-05-27,0.0
12294,1990-05-28,0.0
12295,1990-05-29,0.0
12296,1990-05-30,0.0
12297,1990-05-31,0.0
12298,1990-04-01,0.2
12299,1990-04-02,0.2
12300,1990-04-03,0.2
12301,1990-04-04,0.2
12302,1990-04-05,0.2
12303,1990-04-06,0.2
12304,1990-04-07,0.2
12305,1990-04-08,0.2
12306,1990-04-09,0.2
12307,1990-04-10,0.2
12308,1990-04-11,0.2
12309,1990-04-12,0.2
12310,1990-04-13,0.2
12311,1990-04-14,0.2
12312,1990-04-15,0.2
12313,1990-04-16,0.2
12314,1990-04-17,0.2
12315,1990-04-18,0.2
12316,1990-04-19,0.2
12317,1990-04-20,0.2
12318,1990-04-21,0.2
12319,1990-04-22,0.2
12320,1990-04-23,0.2
12321,1990-04-24,0.2
12322,1990-04-25,0.2
12323,1990-04-26,0.2
12324,1990-04-27,0.2
12325,1990-04-28,0.2
12326,1990-04-29,0.2
12327,1990-04-30,0.2
12328,1990-03-01,0.4
12329,1990-03-02,0.4
12330,1990-03-03,0.4
12331,1990-03-04,0.4
12332,1990-03-05,0.4
12333,1990-03-06,0.4
12334,1990-03-07,0.4
12335,1990-03-08,0.4
12336,1990-03-09,0.4
12337,1990-03-10,0.4
12338,1990-03-11,0.4
12339,1990-03-12,0.4
12340,1990-03-13,0.4
12341,1990-03-14,0.4
12342,1990-03-15,0.4
12343,1990-03-16,0.4
12344,1990-03-17,0.4
12345,1990-03-18,0.4
12346,1990-03-19,0.4
12347,1990-03-20,0.4
12348,1990-03-21,0.4
12349,1990-03-22,0.4
12350,1990-03-23,0.4
12351,1990-03-24,0.4
12352,1990-03-25,0.4
12353,1990-03-26,0.4
12354,1990-03-27,0.4
12355,1990-03-28,0.4
12356,1990-03-29,0.4
12357,1990-03-30,0.4
12358,1990-03-31,0.4
12359,1990-02-01,0.6
12360,1990-02-02,0.6
12361,1990-02-03,0.6
12362,1990-02-04,0.6
12363,1990-02-05,0.6
12364,1990-02-06,0.6
12365,1990-02-07,0.6
12366,1990-02-08,0.6
12367,1990-02-09,0.6
12368,1990-02-10,0.6
12369,1990-02-11,0.6
12370,1990-02-12,0.6
12371,1990-02-13,0.6
12372,1990-02-14,0.6
12373,1990-02-15,0.6
12374,1990-02-16,0.6
12375,1990-02-17,0.6
12376,1990-02-18,0.6
12377,1990-02-19,0.6
12378,1990-02-20,0.6
12379,1990-02-21,0.6
12380,1990-02-22,0.6
12381,1990-02-23,0.6
12382,1990-02-24,0.6
12383,1990-02-25,0.6
12384,1990-02-26,0.6
12385,1990-02-27,0.6
12386,1990-02-28,0.6
12387,1990-01-01,1.0
12388,1990-01-02,1.0
12389,1990-01-03,1.0
12390,1990-01-04,1.0
12391,1990-01-05,1.0
12392,1990-01-06,1.0
12393,1990-01-07,1.0
12394,1990-01-08,1.0
12395,1990-01-09,1.0
12396,1990-01-10,1.0
12397,1990-01-11,1.0
12398,1990-01-12,1.0
12399,1990-01-13,1.0
12400,1990-01-14,1.0
12401,1990-01-15,1.0
12402,1990-01-16,1.0
12403,1990-01-17,1.0
12404,1990-01-18,1.0
12405,1990-01-19,1.0
12406,1990-01-20,1.0
12407,1990-01-21,1.0
12408,1990-01-22,1.0
12409,1990-01-23,1.0
12410,1990-01-24,1.0
12411,1990-01-25,1.0
12412,1990-01-26,1.0
12413,1990-01-27,1.0
12414,1990-01-28,1.0
12415,1990-01-29,1.0
12416,1990-01-30,1.0
12417,1990-01-31,1.0
12418,1989-12-01,0.4
12419,1989-12-02,0.4
12420,1989-12-03,0.4
12421,1989-12-04,0.4
12422,1989-12-05,0.4
12423,1989-12-06,0.4
12424,1989-12-07,0.4
12425,1989-12-08,0.4
12426,1989-12-09,0.4
12427,1989-12-10,0.4
12428,1989-12-11,0.4
12429,1989-12-12,0.4
12430,1989-12-13,0.4
12431,1989-12-14,0.4
12432,1989-12-15,0.4
12433,1989-12-16,0.4
12434,1989-12-17,0.4
12435,1989-12-18,0.4
12436,1989-12-19,0.4
12437,1989-12-20,0.4
12438,1989-12-21,0.4
12439,1989-12-22,0.4
12440,1989-12-23,0.4
12441,1989-12-24,0.4
12442,1989-12-25,0.4
12443,1989-12-26,0.4
12444,1989-12-27,0.4
12445,1989-12-28,0.4
12446,1989-12-29,0.4
12447,1989-12-30,0.4
12448,1989-12-31,0.4
12449,1989-11-01,0.2
12450,1989-11-02,0.2
12451,1989-11-03,0.2
12452,1989-11-04,0.2
12453,1989-11-05,0.2
12454,1989-11-06,0.2
12455,1989-11-07,0.2
12456,1989-11-08,0.2
12457,1989-11-09,0.2
12458,1989-11-10,0.2
12459,1989-11-11,0.2
12460,1989-11-12,0.2
12461,1989-11-13,0.2
12462,1989-11-14,0.2
12463,1989-11-15,0.2
12464,1989-11-16,0.2
12465,1989-11-17,0.2
12466,1989-11-18,0.2
12467,1989-11-19,0.2
12468,1989-11-20,0.2
12469,1989-11-21,0.2
12470,1989-11-22,0.2
12471,1989-11-23,0.2
12472,1989-11-24,0.2
12473,1989-11-25,0.2
12474,1989-11-26,0.2
12475,1989-11-27,0.2
12476,1989-11-28,0.2
12477,1989-11-29,0.2
12478,1989-11-30,0.2
12479,1989-10-01,0.4
12480,1989-10-02,0.4
12481,1989-10-03,0.4
12482,1989-10-04,0.4
12483,1989-10-05,0.4
12484,1989-10-06,0.4
12485,1989-10-07,0.4
12486,1989-10-08,0.4
12487,1989-10-09,0.4
12488,1989-10-10,0.4
12489,1989-10-11,0.4
12490,1989-10-12,0.4
12491,1989-10-13,0.4
12492,1989-10-14,0.4
12493,1989-10-15,0.4
12494,1989-10-16,0.4
12495,1989-10-17,0.4
12496,1989-10-18,0.4
12497,1989-10-19,0.4
12498,1989-10-20,0.4
12499,1989-10-21,0.4
12500,1989-10-22,0.4
12501,1989-10-23,0.4
12502,1989-10-24,0.4
12503,1989-10-25,0.4
12504,1989-10-26,0.4
12505,1989-10-27,0.4
12506,1989-10-28,0.4
12507,1989-10-29,0.4
12508,1989-10-30,0.4
12509,1989-10-31,0.4
12510,1989-09-01,1.1
12511,1989-09-02,1.1
12512,1989-09-03,1.1
12513,1989-09-04,1.1
12514,1989-09-05,1.1
12515,1989-09-06,1.1
12516,1989-09-07,1.1
12517,1989-09-08,1.1
12518,1989-09-09,1.1
12519,1989-09-10,1.1
12520,1989-09-11,1.1
12521,1989-09-12,1.1
12522,1989-09-13,1.1
12523,1989-09-14,1.1
12524,1989-09-15,1.1
12525,1989-09-16,1.1
12526,1989-09-17,1.1
12527,1989-09-18,1.1
12528,1989-09-19,1.1
12529,1989-09-20,1.1
12530,1989-09-21,1.1
12531,1989-09-22,1.1
12532,1989-09-23,1.1
12533,1989-09-24,1.1
12534,1989-09-25,1.1
12535,1989-09-26,1.1
12536,1989-09-27,1.1
12537,1989-09-28,1.1
12538,1989-09-29,1.1
12539,1989-09-30,1.1
12540,1989-08-01,0.2
12541,1989-08-02,0.2
12542,1989-08-03,0.2
12543,1989-08-04,0.2
12544,1989-08-05,0.2
12545,1989-08-06,0.2
12546,1989-08-07,0.2
12547,1989-08-08,0.2
12548,1989-08-09,0.2
12549,1989-08-10,0.2
12550,1989-08-11,0.2
12551,1989-08-12,0.2
12552,1989-08-13,0.2
12553,1989-08-14,0.2
12554,1989-08-15,0.2
12555,1989-08-16,0.2
12556,1989-08-17,0.2
12557,1989-08-18,0.2
12558,1989-08-19,0.2
12559,1989-08-20,0.2
12560,1989-08-21,0.2
12561,1989-08-22,0.2
12562,1989-08-23,0.2
12563,1989-08-24,0.2
12564,1989-08-25,0.2
12565,1989-08-26,0.2
12566,1989-08-27,0.2
12567,1989-08-28,0.2
12568,1989-08-29,0.2
12569,1989-08-30,0.2
12570,1989-08-31,0.2
12571,1989-07-01,1.6
12572,1989-07-02,1.6
12573,1989-07-03,1.6
12574,1989-07-04,1.6
12575,1989-07-05,1.6
12576,1989-07-06,1.6
12577,1989-07-07,1.6
12578,1989-07-08,1.6
12579,1989-07-09,1.6
12580,1989-07-10,1.6
12581,1989-07-11,1.6
12582,1989-07-12,1.6
12583,1989-07-13,1.6
12584,1989-07-14,1.6
12585,1989-07-15,1.6
12586,1989-07-16,1.6
12587,1989-07-17,1.6
12588,1989-07-18,1.6
12589,1989-07-19,1.6
12590,1989-07-20,1.6
12591,1989-07-21,1.6
12592,1989-07-22,1.6
12593,1989-07-23,1.6
12594,1989-07-24,1.6
12595,1989-07-25,1.6
12596,1989-07-26,1.6
12597,1989-07-27,1.6
12598,1989-07-28,1.6
12599,1989-07-29,1.6
12600,1989-07-30,1.6
12601,1989-07-31,1.6
12602,1989-06-01,0.5
12603,1989-06-02,0.5
12604,1989-06-03,0.5
12605,1989-06-04,0.5
12606,1989-06-05,0.5
12607,1989-06-06,0.5
12608,1989-06-07,0.5
12609,1989-06-08,0.5
12610,1989-06-09,0.5
12611,1989-06-10,0.5
12612,1989-06-11,0.5
12613,1989-06-12,0.5
12614,1989-06-13,0.5
12615,1989-06-14,0.5
12616,1989-06-15,0.5
12617,1989-06-16,0.5
12618,1989-06-17,0.5
12619,1989-06-18,0.5
12620,1989-06-19,0.5
12621,1989-06-20,0.5
12622,1989-06-21,0.5
12623,1989-06-22,0.5
12624,1989-06-23,0.5
12625,1989-06-24,0.5
12626,1989-06-25,0.5
12627,1989-06-26,0.5
12628,1989-06-27,0.5
12629,1989-06-28,0.5
12630,1989-06-29,0.5
12631,1989-06-30,0.5
12632,1989-05-01,0.1
12633,1989-05-02,0.1
12634,1989-05-03,0.1
12635,1989-05-04,0.1
12636,1989-05-05,0.1
12637,1989-05-06,0.1
12638,1989-05-07,0.1
12639,1989-05-08,0.1
12640,1989-05-09,0.1
12641,1989-05-10,0.1
12642,1989-05-11,0.1
12643,1989-05-12,0.1
12644,1989-05-13,0.1
12645,1989-05-14,0.1
12646,1989-05-15,0.1
12647,1989-05-16,0.1
12648,1989-05-17,0.1
12649,1989-05-18,0.1
12650,1989-05-19,0.1
12651,1989-05-20,0.1
12652,1989-05-21,0.1
12653,1989-05-22,0.1
12654,1989-05-23,0.1
12655,1989-05-24,0.1
12656,1989-05-25,0.1
12657,1989-05-26,0.1
12658,1989-05-27,0.1
12659,1989-05-28,0.1
12660,1989-05-29,0.1
12661,1989-05-30,0.1
12662,1989-05-31,0.1
12663,1989-04-01,0.3
12664,1989-04-02,0.3
12665,1989-04-03,0.3
12666,1989-04-04,0.3
12667,1989-04-05,0.3
12668,1989-04-06,0.3
12669,1989-04-07,0.3
12670,1989-04-08,0.3
12671,1989-04-09,0.3
12672,1989-04-10,0.3
12673,1989-04-11,0.3
12674,1989-04-12,0.3
12675,1989-04-13,0.3
12676,1989-04-14,0.3
12677,1989-04-15,0.3
12678,1989-04-16,0.3
12679,1989-04-17,0.3
12680,1989-04-18,0.3
12681,1989-04-19,0.3
12682,1989-04-20,0.3
12683,1989-04-21,0.3
12684,1989-04-22,0.3
12685,1989-04-23,0.3
12686,1989-04-24,0.3
12687,1989-04-25,0.3
12688,1989-04-26,0.3
12689,1989-04-27,0.3
12690,1989-04-28,0.3
12691,1989-04-29,0.3
12692,1989-04-30,0.3
12693,1989-03-01,0.6
12694,1989-03-02,0.6
12695,1989-03-03,0.6
12696,1989-03-04,0.6
12697,1989-03-05,0.6
12698,1989-03-06,0.6
12699,1989-03-07,0.6
12700,1989-03-08,0.6
12701,1989-03-09,0.6
12702,1989-03-10,0.6
12703,1989-03-11,0.6
12704,1989-03-12,0.6
12705,1989-03-13,0.6
12706,1989-03-14,0.6
12707,1989-03-15,0.6
12708,1989-03-16,0.6
12709,1989-03-17,0.6
12710,1989-03-18,0.6
12711,1989-03-19,0.6
12712,1989-03-20,0.6
12713,1989-03-21,0.6
12714,1989-03-22,0.6
12715,1989-03-23,0.6
12716,1989-03-24,0.6
12717,1989-03-25,0.6
12718,1989-03-26,0.6
12719,1989-03-27,0.6
12720,1989-03-28,0.6
12721,1989-03-29,0.6
12722,1989-03-30,0.6
12723,1989-03-31,0.6
12724,1989-02-01,0.1
12725,1989-02-02,0.1
12726,1989-02-03,0.1
12727,1989-02-04,0.1
12728,1989-02-05,0.1
12729,1989-02-06,0.1
12730,1989-02-07,0.1
12731,1989-02-08,0.1
12732,1989-02-09,0.1
12733,1989-02-10,0.1
12734,1989-02-11,0.1
12735,1989-02-12,0.1
12736,1989-02-13,0.1
12737,1989-02-14,0.1
12738,1989-02-15,0.1
12739,1989-02-16,0.1
12740,1989-02-17,0.1
12741,1989-02-18,0.1
12742,1989-02-19,0.1
12743,1989-02-20,0.1
12744,1989-02-21,0.1
12745,1989-02-22,0.1
12746,1989-02-23,0.1
12747,1989-02-24,0.1
12748,1989-02-25,0.1
12749,1989-02-26,0.1
12750,1989-02-27,0.1
12751,1989-02-28,0.1
12752,1989-01-01,1.2
12753,1989-01-02,1.2
12754,1989-01-03,1.2
12755,1989-01-04,1.2
12756,1989-01-05,1.2
12757,1989-01-06,1.2
12758,1989-01-07,1.2
12759,1989-01-08,1.2
12760,1989-01-09,1.2
12761,1989-01-10,1.2
12762,1989-01-11,1.2
12763,1989-01-12,1.2
12764,1989-01-13,1.2
12765,1989-01-14,1.2
12766,1989-01-15,1.2
12767,1989-01-16,1.2
12768,1989-01-17,1.2
12769,1989-01-18,1.2
12770,1989-01-19,1.2
12771,1989-01-20,1.2
12772,1989-01-21,1.2
12773,1989-01-22,1.2
12774,1989-01-23,1.2
12775,1989-01-24,1.2
12776,1989-01-25,1.2
12777,1989-01-26,1.2
12778,1989-01-27,1.2
12779,1989-01-28,1.2
12780,1989-01-29,1.2
12781,1989-01-30,1.2
12782,1989-01-31,1.2
12783,1988-12-01,0.8
12784,1988-12-02,0.8
12785,1988-12-03,0.8
12786,1988-12-04,0.8
12787,1988-12-05,0.8
12788,1988-12-06,0.8
12789,1988-12-07,0.8
12790,1988-12-08,0.8
12791,1988-12-09,0.8
12792,1988-12-10,0.8
12793,1988-12-11,0.8
12794,1988-12-12,0.8
12795,1988-12-13,0.8
12796,1988-12-14,0.8
12797,1988-12-15,0.8
12798,1988-12-16,0.8
12799,1988-12-17,0.8
12800,1988-12-18,0.8
12801,1988-12-19,0.8
12802,1988-12-20,0.8
12803,1988-12-21,0.8
12804,1988-12-22,0.8
12805,1988-12-23,0.8
12806,1988-12-24,0.8
12807,1988-12-25,0.8
12808,1988-12-26,0.8
12809,1988-12-27,0.8
12810,1988-12-28,0.8
12811,1988-12-29,0.8
12812,1988-12-30,0.8
12813,1988-12-31,0.8
12814,1988-11-01,-0.1
12815,1988-11-02,-0.1
12816,1988-11-03,-0.1
12817,1988-11-04,-0.1
12818,1988-11-05,-0.1
12819,1988-11-06,-0.1
12820,1988-11-07,-0.1
12821,1988-11-08,-0.1
12822,1988-11-09,-0.1
12823,1988-11-10,-0.1
12824,1988-11-11,-0.1
12825,1988-11-12,-0.1
12826,1988-11-13,-0.1
12827,1988-11-14,-0.1
12828,1988-11-15,-0.1
12829,1988-11-16,-0.1
12830,1988-11-17,-0.1
12831,1988-11-18,-0.1
12832,1988-11-19,-0.1
12833,1988-11-20,-0.1
12834,1988-11-21,-0.1
12835,1988-11-22,-0.1
12836,1988-11-23,-0.1
12837,1988-11-24,-0.1
12838,1988-11-25,-0.1
12839,1988-11-26,-0.1
12840,1988-11-27,-0.1
12841,1988-11-28,-0.1
12842,1988-11-29,-0.1
12843,1988-11-30,-0.1
12844,1988-10-01,0.1
12845,1988-10-02,0.1
12846,1988-10-03,0.1
12847,1988-10-04,0.1
12848,1988-10-05,0.1
12849,1988-10-06,0.1
12850,1988-10-07,0.1
12851,1988-10-08,0.1
12852,1988-10-09,0.1
12853,1988-10-10,0.1
12854,1988-10-11,0.1
12855,1988-10-12,0.1
12856,1988-10-13,0.1
12857,1988-10-14,0.1
12858,1988-10-15,0.1
12859,1988-10-16,0.1
12860,1988-10-17,0.1
12861,1988-10-18,0.1
12862,1988-10-19,0.1
12863,1988-10-20,0.1
12864,1988-10-21,0.1
12865,1988-10-22,0.1
12866,1988-10-23,0.1
12867,1988-10-24,0.1
12868,1988-10-25,0.1
12869,1988-10-26,0.1
12870,1988-10-27,0.1
12871,1988-10-28,0.1
12872,1988-10-29,0.1
12873,1988-10-30,0.1
12874,1988-10-31,0.1
12875,1988-09-01,0.9
12876,1988-09-02,0.9
12877,1988-09-03,0.9
12878,1988-09-04,0.9
12879,1988-09-05,0.9
12880,1988-09-06,0.9
12881,1988-09-07,0.9
12882,1988-09-08,0.9
12883,1988-09-09,0.9
12884,1988-09-10,0.9
12885,1988-09-11,0.9
12886,1988-09-12,0.9
12887,1988-09-13,0.9
12888,1988-09-14,0.9
12889,1988-09-15,0.9
12890,1988-09-16,0.9
12891,1988-09-17,0.9
12892,1988-09-18,0.9
12893,1988-09-19,0.9
12894,1988-09-20,0.9
12895,1988-09-21,0.9
12896,1988-09-22,0.9
12897,1988-09-23,0.9
12898,1988-09-24,0.9
12899,1988-09-25,0.9
12900,1988-09-26,0.9
12901,1988-09-27,0.9
12902,1988-09-28,0.9
12903,1988-09-29,0.9
12904,1988-09-30,0.9
12905,1988-08-01,1.0
12906,1988-08-02,1.0
12907,1988-08-03,1.0
12908,1988-08-04,1.0
12909,1988-08-05,1.0
12910,1988-08-06,1.0
12911,1988-08-07,1.0
12912,1988-08-08,1.0
12913,1988-08-09,1.0
12914,1988-08-10,1.0
12915,1988-08-11,1.0
12916,1988-08-12,1.0
12917,1988-08-13,1.0
12918,1988-08-14,1.0
12919,1988-08-15,1.0
12920,1988-08-16,1.0
12921,1988-08-17,1.0
12922,1988-08-18,1.0
12923,1988-08-19,1.0
12924,1988-08-20,1.0
12925,1988-08-21,1.0
12926,1988-08-22,1.0
12927,1988-08-23,1.0
12928,1988-08-24,1.0
12929,1988-08-25,1.0
12930,1988-08-26,1.0
12931,1988-08-27,1.0
12932,1988-08-28,1.0
12933,1988-08-29,1.0
12934,1988-08-30,1.0
12935,1988-08-31,1.0
12936,1988-07-01,1.3
12937,1988-07-02,1.3
12938,1988-07-03,1.3
12939,1988-07-04,1.3
12940,1988-07-05,1.3
12941,1988-07-06,1.3
12942,1988-07-07,1.3
12943,1988-07-08,1.3
12944,1988-07-09,1.3
12945,1988-07-10,1.3
12946,1988-07-11,1.3
12947,1988-07-12,1.3
12948,1988-07-13,1.3
12949,1988-07-14,1.3
12950,1988-07-15,1.3
12951,1988-07-16,1.3
12952,1988-07-17,1.3
12953,1988-07-18,1.3
12954,1988-07-19,1.3
12955,1988-07-20,1.3
12956,1988-07-21,1.3
12957,1988-07-22,1.3
12958,1988-07-23,1.3
12959,1988-07-24,1.3
12960,1988-07-25,1.3
12961,1988-07-26,1.3
12962,1988-07-27,1.3
12963,1988-07-28,1.3
12964,1988-07-29,1.3
12965,1988-07-30,1.3
12966,1988-07-31,1.3
12967,1988-06-01,0.4
12968,1988-06-02,0.4
12969,1988-06-03,0.4
12970,1988-06-04,0.4
12971,1988-06-05,0.4
12972,1988-06-06,0.4
12973,1988-06-07,0.4
12974,1988-06-08,0.4
12975,1988-06-09,0.4
12976,1988-06-10,0.4
12977,1988-06-11,0.4
12978,1988-06-12,0.4
12979,1988-06-13,0.4
12980,1988-06-14,0.4
12981,1988-06-15,0.4
12982,1988-06-16,0.4
12983,1988-06-17,0.4
12984,1988-06-18,0.4
12985,1988-06-19,0.4
12986,1988-06-20,0.4
12987,1988-06-21,0.4
12988,1988-06-22,0.4
12989,1988-06-23,0.4
12990,1988-06-24,0.4
12991,1988-06-25,0.4
12992,1988-06-26,0.4
12993,1988-06-27,0.4
12994,1988-06-28,0.4
12995,1988-06-29,0.4
12996,1988-06-30,0.4
12997,1988-05-01,0.0
12998,1988-05-02,0.0
12999,1988-05-03,0.0
13000,1988-05-04,0.0
13001,1988-05-05,0.0
13002,1988-05-06,0.0
13003,1988-05-07,0.0
13004,1988-05-08,0.0
13005,1988-05-09,0.0
13006,1988-05-10,0.0
13007,1988-05-11,0.0
13008,1988-05-12,0.0
13009,1988-05-13,0.0
13010,1988-05-14,0.0
13011,1988-05-15,0.0
13012,1988-05-16,0.0
13013,1988-05-17,0.0
13014,1988-05-18,0.0
13015,1988-05-19,0.0
13016,1988-05-20,0.0
13017,1988-05-21,0.0
13018,1988-05-22,0.0
13019,1988-05-23,0.0
13020,1988-05-24,0.0
13021,1988-05-25,0.0
13022,1988-05-26,0.0
13023,1988-05-27,0.0
13024,1988-05-28,0.0
13025,1988-05-29,0.0
13026,1988-05-30,0.0
13027,1988-05-31,0.0
13028,1988-04-01,-0.3
13029,1988-04-02,-0.3
13030,1988-04-03,-0.3
13031,1988-04-04,-0.3
13032,1988-04-05,-0.3
13033,1988-04-06,-0.3
13034,1988-04-07,-0.3
13035,1988-04-08,-0.3
13036,1988-04-09,-0.3
13037,1988-04-10,-0.3
13038,1988-04-11,-0.3
13039,1988-04-12,-0.3
13040,1988-04-13,-0.3
13041,1988-04-14,-0.3
13042,1988-04-15,-0.3
13043,1988-04-16,-0.3
13044,1988-04-17,-0.3
13045,1988-04-18,-0.3
13046,1988-04-19,-0.3
13047,1988-04-20,-0.3
13048,1988-04-21,-0.3
13049,1988-04-22,-0.3
13050,1988-04-23,-0.3
13051,1988-04-24,-0.3
13052,1988-04-25,-0.3
13053,1988-04-26,-0.3
13054,1988-04-27,-0.3
13055,1988-04-28,-0.3
13056,1988-04-29,-0.3
13057,1988-04-30,-0.3
13058,1988-03-01,0.7
13059,1988-03-02,0.7
13060,1988-03-03,0.7
13061,1988-03-04,0.7
13062,1988-03-05,0.7
13063,1988-03-06,0.7
13064,1988-03-07,0.7
13065,1988-03-08,0.7
13066,1988-03-09,0.7
13067,1988-03-10,0.7
13068,1988-03-11,0.7
13069,1988-03-12,0.7
13070,1988-03-13,0.7
13071,1988-03-14,0.7
13072,1988-03-15,0.7
13073,1988-03-16,0.7
13074,1988-03-17,0.7
13075,1988-03-18,0.7
13076,1988-03-19,0.7
13077,1988-03-20,0.7
13078,1988-03-21,0.7
13079,1988-03-22,0.7
13080,1988-03-23,0.7
13081,1988-03-24,0.7
13082,1988-03-25,0.7
13083,1988-03-26,0.7
13084,1988-03-27,0.7
13085,1988-03-28,0.7
13086,1988-03-29,0.7
13087,1988-03-30,0.7
13088,1988-03-31,0.7
13089,1988-02-01,0.3
13090,1988-02-02,0.3
13091,1988-02-03,0.3
13092,1988-02-04,0.3
13093,1988-02-05,0.3
13094,1988-02-06,0.3
13095,1988-02-07,0.3
13096,1988-02-08,0.3
13097,1988-02-09,0.3
13098,1988-02-10,0.3
13099,1988-02-11,0.3
13100,1988-02-12,0.3
13101,1988-02-13,0.3
13102,1988-02-14,0.3
13103,1988-02-15,0.3
13104,1988-02-16,0.3
13105,1988-02-17,0.3
13106,1988-02-18,0.3
13107,1988-02-19,0.3
13108,1988-02-20,0.3
13109,1988-02-21,0.3
13110,1988-02-22,0.3
13111,1988-02-23,0.3
13112,1988-02-24,0.3
13113,1988-02-25,0.3
13114,1988-02-26,0.3
13115,1988-02-27,0.3
13116,1988-02-28,0.3
13117,1988-02-29,0.3
13118,1988-01-01,0.6
13119,1988-01-02,0.6
13120,1988-01-03,0.6
13121,1988-01-04,0.6
13122,1988-01-05,0.6
13123,1988-01-06,0.6
13124,1988-01-07,0.6
13125,1988-01-08,0.6
13126,1988-01-09,0.6
13127,1988-01-10,0.6
13128,1988-01-11,0.6
13129,1988-01-12,0.6
13130,1988-01-13,0.6
13131,1988-01-14,0.6
13132,1988-01-15,0.6
13133,1988-01-16,0.6
13134,1988-01-17,0.6
13135,1988-01-18,0.6
13136,1988-01-19,0.6
13137,1988-01-20,0.6
13138,1988-01-21,0.6
13139,1988-01-22,0.6
13140,1988-01-23,0.6
13141,1988-01-24,0.6
13142,1988-01-25,0.6
13143,1988-01-26,0.6
13144,1988-01-27,0.6
13145,1988-01-28,0.6
13146,1988-01-29,0.6
13147,1988-01-30,0.6
13148,1988-01-31,0.6
13149,1987-12-01,0.4
13150,1987-12-02,0.4
13151,1987-12-03,0.4
13152,1987-12-04,0.4
13153,1987-12-05,0.4
13154,1987-12-06,0.4
13155,1987-12-07,0.4
13156,1987-12-08,0.4
13157,1987-12-09,0.4
13158,1987-12-10,0.4
13159,1987-12-11,0.4
13160,1987-12-12,0.4
13161,1987-12-13,0.4
13162,1987-12-14,0.4
13163,1987-12-15,0.4
13164,1987-12-16,0.4
13165,1987-12-17,0.4
13166,1987-12-18,0.4
13167,1987-12-19,0.4
13168,1987-12-20,0.4
13169,1987-12-21,0.4
13170,1987-12-22,0.4
13171,1987-12-23,0.4
13172,1987-12-24,0.4
13173,1987-12-25,0.4
13174,1987-12-26,0.4
13175,1987-12-27,0.4
13176,1987-12-28,0.4
13177,1987-12-29,0.4
13178,1987-12-30,0.4
13179,1987-12-31,0.4
13180,1987-11-01,-0.2
13181,1987-11-02,-0.2
13182,1987-11-03,-0.2
13183,1987-11-04,-0.2
13184,1987-11-05,-0.2
13185,1987-11-06,-0.2
13186,1987-11-07,-0.2
13187,1987-11-08,-0.2
13188,1987-11-09,-0.2
13189,1987-11-10,-0.2
13190,1987-11-11,-0.2
13191,1987-11-12,-0.2
13192,1987-11-13,-0.2
13193,1987-11-14,-0.2
13194,1987-11-15,-0.2
13195,1987-11-16,-0.2
13196,1987-11-17,-0.2
13197,1987-11-18,-0.2
13198,1987-11-19,-0.2
13199,1987-11-20,-0.2
13200,1987-11-21,-0.2
13201,1987-11-22,-0.2
13202,1987-11-23,-0.2
13203,1987-11-24,-0.2
13204,1987-11-25,-0.2
13205,1987-11-26,-0.2
13206,1987-11-27,-0.2
13207,1987-11-28,-0.2
13208,1987-11-29,-0.2
13209,1987-11-30,-0.2
13210,1987-10-01,0.6
13211,1987-10-02,0.6
13212,1987-10-03,0.6
13213,1987-10-04,0.6
13214,1987-10-05,0.6
13215,1987-10-06,0.6
13216,1987-10-07,0.6
13217,1987-10-08,0.6
13218,1987-10-09,0.6
13219,1987-10-10,0.6
13220,1987-10-11,0.6
13221,1987-10-12,0.6
13222,1987-10-13,0.6
13223,1987-10-14,0.6
13224,1987-10-15,0.6
13225,1987-10-16,0.6
13226,1987-10-17,0.6
13227,1987-10-18,0.6
13228,1987-10-19,0.6
13229,1987-10-20,0.6
13230,1987-10-21,0.6
13231,1987-10-22,0.6
13232,1987-10-23,0.6
13233,1987-10-24,0.6
13234,1987-10-25,0.6
13235,1987-10-26,0.6
13236,1987-10-27,0.6
13237,1987-10-28,0.6
13238,1987-10-29,0.6
13239,1987-10-30,0.6
13240,1987-10-31,0.6
13241,1987-09-01,0.9
13242,1987-09-02,0.9
13243,1987-09-03,0.9
13244,1987-09-04,0.9
13245,1987-09-05,0.9
13246,1987-09-06,0.9
13247,1987-09-07,0.9
13248,1987-09-08,0.9
13249,1987-09-09,0.9
13250,1987-09-10,0.9
13251,1987-09-11,0.9
13252,1987-09-12,0.9
13253,1987-09-13,0.9
13254,1987-09-14,0.9
13255,1987-09-15,0.9
13256,1987-09-16,0.9
13257,1987-09-17,0.9
13258,1987-09-18,0.9
13259,1987-09-19,0.9
13260,1987-09-20,0.9
13261,1987-09-21,0.9
13262,1987-09-22,0.9
13263,1987-09-23,0.9
13264,1987-09-24,0.9
13265,1987-09-25,0.9
13266,1987-09-26,0.9
13267,1987-09-27,0.9
13268,1987-09-28,0.9
13269,1987-09-29,0.9
13270,1987-09-30,0.9
13271,1987-08-01,0.0
13272,1987-08-02,0.0
13273,1987-08-03,0.0
13274,1987-08-04,0.0
13275,1987-08-05,0.0
13276,1987-08-06,0.0
13277,1987-08-07,0.0
13278,1987-08-08,0.0
13279,1987-08-09,0.0
13280,1987-08-10,0.0
13281,1987-08-11,0.0
13282,1987-08-12,0.0
13283,1987-08-13,0.0
13284,1987-08-14,0.0
13285,1987-08-15,0.0
13286,1987-08-16,0.0
13287,1987-08-17,0.0
13288,1987-08-18,0.0
13289,1987-08-19,0.0
13290,1987-08-20,0.0
13291,1987-08-21,0.0
13292,1987-08-22,0.0
13293,1987-08-23,0.0
13294,1987-08-24,0.0
13295,1987-08-25,0.0
13296,1987-08-26,0.0
13297,1987-08-27,0.0
13298,1987-08-28,0.0
13299,1987-08-29,0.0
13300,1987-08-30,0.0
13301,1987-08-31,0.0
13302,1987-07-01,1.0
13303,1987-07-02,1.0
13304,1987-07-03,1.0
13305,1987-07-04,1.0
13306,1987-07-05,1.0
13307,1987-07-06,1.0
13308,1987-07-07,1.0
13309,1987-07-08,1.0
13310,1987-07-09,1.0
13311,1987-07-10,1.0
13312,1987-07-11,1.0
13313,1987-07-12,1.0
13314,1987-07-13,1.0
13315,1987-07-14,1.0
13316,1987-07-15,1.0
13317,1987-07-16,1.0
13318,1987-07-17,1.0
13319,1987-07-18,1.0
13320,1987-07-19,1.0
13321,1987-07-20,1.0
13322,1987-07-21,1.0
13323,1987-07-22,1.0
13324,1987-07-23,1.0
13325,1987-07-24,1.0
13326,1987-07-25,1.0
13327,1987-07-26,1.0
13328,1987-07-27,1.0
13329,1987-07-28,1.0
13330,1987-07-29,1.0
13331,1987-07-30,1.0
13332,1987-07-31,1.0
13333,1987-06-01,0.0
13334,1987-06-02,0.0
13335,1987-06-03,0.0
13336,1987-06-04,0.0
13337,1987-06-05,0.0
13338,1987-06-06,0.0
13339,1987-06-07,0.0
13340,1987-06-08,0.0
13341,1987-06-09,0.0
13342,1987-06-10,0.0
13343,1987-06-11,0.0
13344,1987-06-12,0.0
13345,1987-06-13,0.0
13346,1987-06-14,0.0
13347,1987-06-15,0.0
13348,1987-06-16,0.0
13349,1987-06-17,0.0
13350,1987-06-18,0.0
13351,1987-06-19,0.0
13352,1987-06-20,0.0
13353,1987-06-21,0.0
13354,1987-06-22,0.0
13355,1987-06-23,0.0
13356,1987-06-24,0.0
13357,1987-06-25,0.0
13358,1987-06-26,0.0
13359,1987-06-27,0.0
13360,1987-06-28,0.0
13361,1987-06-29,0.0
13362,1987-06-30,0.0
13363,1987-05-01,-0.1
13364,1987-05-02,-0.1
13365,1987-05-03,-0.1
13366,1987-05-04,-0.1
13367,1987-05-05,-0.1
13368,1987-05-06,-0.1
13369,1987-05-07,-0.1
13370,1987-05-08,-0.1
13371,1987-05-09,-0.1
13372,1987-05-10,-0.1
13373,1987-05-11,-0.1
13374,1987-05-12,-0.1
13375,1987-05-13,-0.1
13376,1987-05-14,-0.1
13377,1987-05-15,-0.1
13378,1987-05-16,-0.1
13379,1987-05-17,-0.1
13380,1987-05-18,-0.1
13381,1987-05-19,-0.1
13382,1987-05-20,-0.1
13383,1987-05-21,-0.1
13384,1987-05-22,-0.1
13385,1987-05-23,-0.1
13386,1987-05-24,-0.1
13387,1987-05-25,-0.1
13388,1987-05-26,-0.1
13389,1987-05-27,-0.1
13390,1987-05-28,-0.1
13391,1987-05-29,-0.1
13392,1987-05-30,-0.1
13393,1987-05-31,-0.1
13394,1987-04-01,0.2
13395,1987-04-02,0.2
13396,1987-04-03,0.2
13397,1987-04-04,0.2
13398,1987-04-05,0.2
13399,1987-04-06,0.2
13400,1987-04-07,0.2
13401,1987-04-08,0.2
13402,1987-04-09,0.2
13403,1987-04-10,0.2
13404,1987-04-11,0.2
13405,1987-04-12,0.2
13406,1987-04-13,0.2
13407,1987-04-14,0.2
13408,1987-04-15,0.2
13409,1987-04-16,0.2
13410,1987-04-17,0.2
13411,1987-04-18,0.2
13412,1987-04-19,0.2
13413,1987-04-20,0.2
13414,1987-04-21,0.2
13415,1987-04-22,0.2
13416,1987-04-23,0.2
13417,1987-04-24,0.2
13418,1987-04-25,0.2
13419,1987-04-26,0.2
13420,1987-04-27,0.2
13421,1987-04-28,0.2
13422,1987-04-29,0.2
13423,1987-04-30,0.2
13424,1987-03-01,0.6
13425,1987-03-02,0.6
13426,1987-03-03,0.6
13427,1987-03-04,0.6
13428,1987-03-05,0.6
13429,1987-03-06,0.6
13430,1987-03-07,0.6
13431,1987-03-08,0.6
13432,1987-03-09,0.6
13433,1987-03-10,0.6
13434,1987-03-11,0.6
13435,1987-03-12,0.6
13436,1987-03-13,0.6
13437,1987-03-14,0.6
13438,1987-03-15,0.6
13439,1987-03-16,0.6
13440,1987-03-17,0.6
13441,1987-03-18,0.6
13442,1987-03-19,0.6
13443,1987-03-20,0.6
13444,1987-03-21,0.6
13445,1987-03-22,0.6
13446,1987-03-23,0.6
13447,1987-03-24,0.6
13448,1987-03-25,0.6
13449,1987-03-26,0.6
13450,1987-03-27,0.6
13451,1987-03-28,0.6
13452,1987-03-29,0.6
13453,1987-03-30,0.6
13454,1987-03-31,0.6
13455,1987-02-01,0.4
13456,1987-02-02,0.4
13457,1987-02-03,0.4
13458,1987-02-04,0.4
13459,1987-02-05,0.4
13460,1987-02-06,0.4
13461,1987-02-07,0.4
13462,1987-02-08,0.4
13463,1987-02-09,0.4
13464,1987-02-10,0.4
13465,1987-02-11,0.4
13466,1987-02-12,0.4
13467,1987-02-13,0.4
13468,1987-02-14,0.4
13469,1987-02-15,0.4
13470,1987-02-16,0.4
13471,1987-02-17,0.4
13472,1987-02-18,0.4
13473,1987-02-19,0.4
13474,1987-02-20,0.4
13475,1987-02-21,0.4
13476,1987-02-22,0.4
13477,1987-02-23,0.4
13478,1987-02-24,0.4
13479,1987-02-25,0.4
13480,1987-02-26,0.4
13481,1987-02-27,0.4
13482,1987-02-28,0.4
13483,1987-01-01,0.8
13484,1987-01-02,0.8
13485,1987-01-03,0.8
13486,1987-01-04,0.8
13487,1987-01-05,0.8
13488,1987-01-06,0.8
13489,1987-01-07,0.8
13490,1987-01-08,0.8
13491,1987-01-09,0.8
13492,1987-01-10,0.8
13493,1987-01-11,0.8
13494,1987-01-12,0.8
13495,1987-01-13,0.8
13496,1987-01-14,0.8
13497,1987-01-15,0.8
13498,1987-01-16,0.8
13499,1987-01-17,0.8
13500,1987-01-18,0.8
13501,1987-01-19,0.8
13502,1987-01-20,0.8
13503,1987-01-21,0.8
13504,1987-01-22,0.8
13505,1987-01-23,0.8
13506,1987-01-24,0.8
13507,1987-01-25,0.8
13508,1987-01-26,0.8
13509,1987-01-27,0.8
13510,1987-01-28,0.8
13511,1987-01-29,0.8
13512,1987-01-30,0.8
13513,1987-01-31,0.8
13514,1986-12-01,0.4
13515,1986-12-02,0.4
13516,1986-12-03,0.4
13517,1986-12-04,0.4
13518,1986-12-05,0.4
13519,1986-12-06,0.4
13520,1986-12-07,0.4
13521,1986-12-08,0.4
13522,1986-12-09,0.4
13523,1986-12-10,0.4
13524,1986-12-11,0.4
13525,1986-12-12,0.4
13526,1986-12-13,0.4
13527,1986-12-14,0.4
13528,1986-12-15,0.4
13529,1986-12-16,0.4
13530,1986-12-17,0.4
13531,1986-12-18,0.4
13532,1986-12-19,0.4
13533,1986-12-20,0.4
13534,1986-12-21,0.4
13535,1986-12-22,0.4
13536,1986-12-23,0.4
13537,1986-12-24,0.4
13538,1986-12-25,0.4
13539,1986-12-26,0.4
13540,1986-12-27,0.4
13541,1986-12-28,0.4
13542,1986-12-29,0.4
13543,1986-12-30,0.4
13544,1986-12-31,0.4
13545,1986-11-01,-0.2
13546,1986-11-02,-0.2
13547,1986-11-03,-0.2
13548,1986-11-04,-0.2
13549,1986-11-05,-0.2
13550,1986-11-06,-0.2
13551,1986-11-07,-0.2
13552,1986-11-08,-0.2
13553,1986-11-09,-0.2
13554,1986-11-10,-0.2
13555,1986-11-11,-0.2
13556,1986-11-12,-0.2
13557,1986-11-13,-0.2
13558,1986-11-14,-0.2
13559,1986-11-15,-0.2
13560,1986-11-16,-0.2
13561,1986-11-17,-0.2
13562,1986-11-18,-0.2
13563,1986-11-19,-0.2
13564,1986-11-20,-0.2
13565,1986-11-21,-0.2
13566,1986-11-22,-0.2
13567,1986-11-23,-0.2
13568,1986-11-24,-0.2
13569,1986-11-25,-0.2
13570,1986-11-26,-0.2
13571,1986-11-27,-0.2
13572,1986-11-28,-0.2
13573,1986-11-29,-0.2
13574,1986-11-30,-0.2
13575,1986-10-01,0.4
13576,1986-10-02,0.4
13577,1986-10-03,0.4
13578,1986-10-04,0.4
13579,1986-10-05,0.4
13580,1986-10-06,0.4
13581,1986-10-07,0.4
13582,1986-10-08,0.4
13583,1986-10-09,0.4
13584,1986-10-10,0.4
13585,1986-10-11,0.4
13586,1986-10-12,0.4
13587,1986-10-13,0.4
13588,1986-10-14,0.4
13589,1986-10-15,0.4
13590,1986-10-16,0.4
13591,1986-10-17,0.4
13592,1986-10-18,0.4
13593,1986-10-19,0.4
13594,1986-10-20,0.4
13595,1986-10-21,0.4
13596,1986-10-22,0.4
13597,1986-10-23,0.4
13598,1986-10-24,0.4
13599,1986-10-25,0.4
13600,1986-10-26,0.4
13601,1986-10-27,0.4
13602,1986-10-28,0.4
13603,1986-10-29,0.4
13604,1986-10-30,0.4
13605,1986-10-31,0.4
13606,1986-09-01,1.0
13607,1986-09-02,1.0
13608,1986-09-03,1.0
13609,1986-09-04,1.0
13610,1986-09-05,1.0
13611,1986-09-06,1.0
13612,1986-09-07,1.0
13613,1986-09-08,1.0
13614,1986-09-09,1.0
13615,1986-09-10,1.0
13616,1986-09-11,1.0
13617,1986-09-12,1.0
13618,1986-09-13,1.0
13619,1986-09-14,1.0
13620,1986-09-15,1.0
13621,1986-09-16,1.0
13622,1986-09-17,1.0
13623,1986-09-18,1.0
13624,1986-09-19,1.0
13625,1986-09-20,1.0
13626,1986-09-21,1.0
13627,1986-09-22,1.0
13628,1986-09-23,1.0
13629,1986-09-24,1.0
13630,1986-09-25,1.0
13631,1986-09-26,1.0
13632,1986-09-27,1.0
13633,1986-09-28,1.0
13634,1986-09-29,1.0
13635,1986-09-30,1.0
13636,1986-08-01,0.3
13637,1986-08-02,0.3
13638,1986-08-03,0.3
13639,1986-08-04,0.3
13640,1986-08-05,0.3
13641,1986-08-06,0.3
13642,1986-08-07,0.3
13643,1986-08-08,0.3
13644,1986-08-09,0.3
13645,1986-08-10,0.3
13646,1986-08-11,0.3
13647,1986-08-12,0.3
13648,1986-08-13,0.3
13649,1986-08-14,0.3
13650,1986-08-15,0.3
13651,1986-08-16,0.3
13652,1986-08-17,0.3
13653,1986-08-18,0.3
13654,1986-08-19,0.3
13655,1986-08-20,0.3
13656,1986-08-21,0.3
13657,1986-08-22,0.3
13658,1986-08-23,0.3
13659,1986-08-24,0.3
13660,1986-08-25,0.3
13661,1986-08-26,0.3
13662,1986-08-27,0.3
13663,1986-08-28,0.3
13664,1986-08-29,0.3
13665,1986-08-30,0.3
13666,1986-08-31,0.3
13667,1986-07-01,1.0
13668,1986-07-02,1.0
13669,1986-07-03,1.0
13670,1986-07-04,1.0
13671,1986-07-05,1.0
13672,1986-07-06,1.0
13673,1986-07-07,1.0
13674,1986-07-08,1.0
13675,1986-07-09,1.0
13676,1986-07-10,1.0
13677,1986-07-11,1.0
13678,1986-07-12,1.0
13679,1986-07-13,1.0
13680,1986-07-14,1.0
13681,1986-07-15,1.0
13682,1986-07-16,1.0
13683,1986-07-17,1.0
13684,1986-07-18,1.0
13685,1986-07-19,1.0
13686,1986-07-20,1.0
13687,1986-07-21,1.0
13688,1986-07-22,1.0
13689,1986-07-23,1.0
13690,1986-07-24,1.0
13691,1986-07-25,1.0
13692,1986-07-26,1.0
13693,1986-07-27,1.0
13694,1986-07-28,1.0
13695,1986-07-29,1.0
13696,1986-07-30,1.0
13697,1986-07-31,1.0
13698,1986-06-01,0.9
13699,1986-06-02,0.9
13700,1986-06-03,0.9
13701,1986-06-04,0.9
13702,1986-06-05,0.9
13703,1986-06-06,0.9
13704,1986-06-07,0.9
13705,1986-06-08,0.9
13706,1986-06-09,0.9
13707,1986-06-10,0.9
13708,1986-06-11,0.9
13709,1986-06-12,0.9
13710,1986-06-13,0.9
13711,1986-06-14,0.9
13712,1986-06-15,0.9
13713,1986-06-16,0.9
13714,1986-06-17,0.9
13715,1986-06-18,0.9
13716,1986-06-19,0.9
13717,1986-06-20,0.9
13718,1986-06-21,0.9
13719,1986-06-22,0.9
13720,1986-06-23,0.9
13721,1986-06-24,0.9
13722,1986-06-25,0.9
13723,1986-06-26,0.9
13724,1986-06-27,0.9
13725,1986-06-28,0.9
13726,1986-06-29,0.9
13727,1986-06-30,0.9
13728,1986-05-01,0.3
13729,1986-05-02,0.3
13730,1986-05-03,0.3
13731,1986-05-04,0.3
13732,1986-05-05,0.3
13733,1986-05-06,0.3
13734,1986-05-07,0.3
13735,1986-05-08,0.3
13736,1986-05-09,0.3
13737,1986-05-10,0.3
13738,1986-05-11,0.3
13739,1986-05-12,0.3
13740,1986-05-13,0.3
13741,1986-05-14,0.3
13742,1986-05-15,0.3
13743,1986-05-16,0.3
13744,1986-05-17,0.3
13745,1986-05-18,0.3
13746,1986-05-19,0.3
13747,1986-05-20,0.3
13748,1986-05-21,0.3
13749,1986-05-22,0.3
13750,1986-05-23,0.3
13751,1986-05-24,0.3
13752,1986-05-25,0.3
13753,1986-05-26,0.3
13754,1986-05-27,0.3
13755,1986-05-28,0.3
13756,1986-05-29,0.3
13757,1986-05-30,0.3
13758,1986-05-31,0.3
13759,1986-04-01,0.2
13760,1986-04-02,0.2
13761,1986-04-03,0.2
13762,1986-04-04,0.2
13763,1986-04-05,0.2
13764,1986-04-06,0.2
13765,1986-04-07,0.2
13766,1986-04-08,0.2
13767,1986-04-09,0.2
13768,1986-04-10,0.2
13769,1986-04-11,0.2
13770,1986-04-12,0.2
13771,1986-04-13,0.2
13772,1986-04-14,0.2
13773,1986-04-15,0.2
13774,1986-04-16,0.2
13775,1986-04-17,0.2
13776,1986-04-18,0.2
13777,1986-04-19,0.2
13778,1986-04-20,0.2
13779,1986-04-21,0.2
13780,1986-04-22,0.2
13781,1986-04-23,0.2
13782,1986-04-24,0.2
13783,1986-04-25,0.2
13784,1986-04-26,0.2
13785,1986-04-27,0.2
13786,1986-04-28,0.2
13787,1986-04-29,0.2
13788,1986-04-30,0.2
13789,1986-03-01,0.3
13790,1986-03-02,0.3
13791,1986-03-03,0.3
13792,1986-03-04,0.3
13793,1986-03-05,0.3
13794,1986-03-06,0.3
13795,1986-03-07,0.3
13796,1986-03-08,0.3
13797,1986-03-09,0.3
13798,1986-03-10,0.3
13799,1986-03-11,0.3
13800,1986-03-12,0.3
13801,1986-03-13,0.3
13802,1986-03-14,0.3
13803,1986-03-15,0.3
13804,1986-03-16,0.3
13805,1986-03-17,0.3
13806,1986-03-18,0.3
13807,1986-03-19,0.3
13808,1986-03-20,0.3
13809,1986-03-21,0.3
13810,1986-03-22,0.3
13811,1986-03-23,0.3
13812,1986-03-24,0.3
13813,1986-03-25,0.3
13814,1986-03-26,0.3
13815,1986-03-27,0.3
13816,1986-03-28,0.3
13817,1986-03-29,0.3
13818,1986-03-30,0.3
13819,1986-03-31,0.3
13820,1986-02-01,0.4
13821,1986-02-02,0.4
13822,1986-02-03,0.4
13823,1986-02-04,0.4
13824,1986-02-05,0.4
13825,1986-02-06,0.4
13826,1986-02-07,0.4
13827,1986-02-08,0.4
13828,1986-02-09,0.4
13829,1986-02-10,0.4
13830,1986-02-11,0.4
13831,1986-02-12,0.4
13832,1986-02-13,0.4
13833,1986-02-14,0.4
13834,1986-02-15,0.4
13835,1986-02-16,0.4
13836,1986-02-17,0.4
13837,1986-02-18,0.4
13838,1986-02-19,0.4
13839,1986-02-20,0.4
13840,1986-02-21,0.4
13841,1986-02-22,0.4
13842,1986-02-23,0.4
13843,1986-02-24,0.4
13844,1986-02-25,0.4
13845,1986-02-26,0.4
13846,1986-02-27,0.4
13847,1986-02-28,0.4
13848,1986-01-01,2.9
13849,1986-01-02,2.9
13850,1986-01-03,2.9
13851,1986-01-04,2.9
13852,1986-01-05,2.9
13853,1986-01-06,2.9
13854,1986-01-07,2.9
13855,1986-01-08,2.9
13856,1986-01-09,2.9
13857,1986-01-10,2.9
13858,1986-01-11,2.9
13859,1986-01-12,2.9
13860,1986-01-13,2.9
13861,1986-01-14,2.9
13862,1986-01-15,2.9
13863,1986-01-16,2.9
13864,1986-01-17,2.9
13865,1986-01-18,2.9
13866,1986-01-19,2.9
13867,1986-01-20,2.9
13868,1986-01-21,2.9
13869,1986-01-22,2.9
13870,1986-01-23,2.9
13871,1986-01-24,2.9
13872,1986-01-25,2.9
13873,1986-01-26,2.9
13874,1986-01-27,2.9
13875,1986-01-28,2.9
13876,1986-01-29,2.9
13877,1986-01-30,2.9
13878,1986-01-31,2.9
13879,1985-12-01,0.4
13880,1985-12-02,0.4
13881,1985-12-03,0.4
13882,1985-12-04,0.4
13883,1985-12-05,0.4
13884,1985-12-06,0.4
13885,1985-12-07,0.4
13886,1985-12-08,0.4
13887,1985-12-09,0.4
13888,1985-12-10,0.4
13889,1985-12-11,0.4
13890,1985-12-12,0.4
13891,1985-12-13,0.4
13892,1985-12-14,0.4
13893,1985-12-15,0.4
13894,1985-12-16,0.4
13895,1985-12-17,0.4
13896,1985-12-18,0.4
13897,1985-12-19,0.4
13898,1985-12-20,0.4
13899,1985-12-21,0.4
13900,1985-12-22,0.4
13901,1985-12-23,0.4
13902,1985-12-24,0.4
13903,1985-12-25,0.4
13904,1985-12-26,0.4
13905,1985-12-27,0.4
13906,1985-12-28,0.4
13907,1985-12-29,0.4
13908,1985-12-30,0.4
13909,1985-12-31,0.4
13910,1985-11-01,0.8
13911,1985-11-02,0.8
13912,1985-11-03,0.8
13913,1985-11-04,0.8
13914,1985-11-05,0.8
13915,1985-11-06,0.8
13916,1985-11-07,0.8
13917,1985-11-08,0.8
13918,1985-11-09,0.8
13919,1985-11-10,0.8
13920,1985-11-11,0.8
13921,1985-11-12,0.8
13922,1985-11-13,0.8
13923,1985-11-14,0.8
13924,1985-11-15,0.8
13925,1985-11-16,0.8
13926,1985-11-17,0.8
13927,1985-11-18,0.8
13928,1985-11-19,0.8
13929,1985-11-20,0.8
13930,1985-11-21,0.8
13931,1985-11-22,0.8
13932,1985-11-23,0.8
13933,1985-11-24,0.8
13934,1985-11-25,0.8
13935,1985-11-26,0.8
13936,1985-11-27,0.8
13937,1985-11-28,0.8
13938,1985-11-29,0.8
13939,1985-11-30,0.8
13940,1985-10-01,0.5
13941,1985-10-02,0.5
13942,1985-10-03,0.5
13943,1985-10-04,0.5
13944,1985-10-05,0.5
13945,1985-10-06,0.5
13946,1985-10-07,0.5
13947,1985-10-08,0.5
13948,1985-10-09,0.5
13949,1985-10-10,0.5
13950,1985-10-11,0.5
13951,1985-10-12,0.5
13952,1985-10-13,0.5
13953,1985-10-14,0.5
13954,1985-10-15,0.5
13955,1985-10-16,0.5
13956,1985-10-17,0.5
13957,1985-10-18,0.5
13958,1985-10-19,0.5
13959,1985-10-20,0.5
13960,1985-10-21,0.5
13961,1985-10-22,0.5
13962,1985-10-23,0.5
13963,1985-10-24,0.5
13964,1985-10-25,0.5
13965,1985-10-26,0.5
13966,1985-10-27,0.5
13967,1985-10-28,0.5
13968,1985-10-29,0.5
13969,1985-10-30,0.5
13970,1985-10-31,0.5
13971,1985-09-01,1.1
13972,1985-09-02,1.1
13973,1985-09-03,1.1
13974,1985-09-04,1.1
13975,1985-09-05,1.1
13976,1985-09-06,1.1
13977,1985-09-07,1.1
13978,1985-09-08,1.1
13979,1985-09-09,1.1
13980,1985-09-10,1.1
13981,1985-09-11,1.1
13982,1985-09-12,1.1
13983,1985-09-13,1.1
13984,1985-09-14,1.1
13985,1985-09-15,1.1
13986,1985-09-16,1.1
13987,1985-09-17,1.1
13988,1985-09-18,1.1
13989,1985-09-19,1.1
13990,1985-09-20,1.1
13991,1985-09-21,1.1
13992,1985-09-22,1.1
13993,1985-09-23,1.1
13994,1985-09-24,1.1
13995,1985-09-25,1.1
13996,1985-09-26,1.1
13997,1985-09-27,1.1
13998,1985-09-28,1.1
13999,1985-09-29,1.1
14000,1985-09-30,1.1
14001,1985-08-01,0.1
14002,1985-08-02,0.1
14003,1985-08-03,0.1
14004,1985-08-04,0.1
14005,1985-08-05,0.1
14006,1985-08-06,0.1
14007,1985-08-07,0.1
14008,1985-08-08,0.1
14009,1985-08-09,0.1
14010,1985-08-10,0.1
14011,1985-08-11,0.1
14012,1985-08-12,0.1
14013,1985-08-13,0.1
14014,1985-08-14,0.1
14015,1985-08-15,0.1
14016,1985-08-16,0.1
14017,1985-08-17,0.1
14018,1985-08-18,0.1
14019,1985-08-19,0.1
14020,1985-08-20,0.1
14021,1985-08-21,0.1
14022,1985-08-22,0.1
14023,1985-08-23,0.1
14024,1985-08-24,0.1
14025,1985-08-25,0.1
14026,1985-08-26,0.1
14027,1985-08-27,0.1
14028,1985-08-28,0.1
14029,1985-08-29,0.1
14030,1985-08-30,0.1
14031,1985-08-31,0.1
14032,1985-07-01,0.6
14033,1985-07-02,0.6
14034,1985-07-03,0.6
14035,1985-07-04,0.6
14036,1985-07-05,0.6
14037,1985-07-06,0.6
14038,1985-07-07,0.6
14039,1985-07-08,0.6
14040,1985-07-09,0.6
14041,1985-07-10,0.6
14042,1985-07-11,0.6
14043,1985-07-12,0.6
14044,1985-07-13,0.6
14045,1985-07-14,0.6
14046,1985-07-15,0.6
14047,1985-07-16,0.6
14048,1985-07-17,0.6
14049,1985-07-18,0.6
14050,1985-07-19,0.6
14051,1985-07-20,0.6
14052,1985-07-21,0.6
14053,1985-07-22,0.6
14054,1985-07-23,0.6
14055,1985-07-24,0.6
14056,1985-07-25,0.6
14057,1985-07-26,0.6
14058,1985-07-27,0.6
14059,1985-07-28,0.6
14060,1985-07-29,0.6
14061,1985-07-30,0.6
14062,1985-07-31,0.6
14063,1985-06-01,-0.2
14064,1985-06-02,-0.2
14065,1985-06-03,-0.2
14066,1985-06-04,-0.2
14067,1985-06-05,-0.2
14068,1985-06-06,-0.2
14069,1985-06-07,-0.2
14070,1985-06-08,-0.2
14071,1985-06-09,-0.2
14072,1985-06-10,-0.2
14073,1985-06-11,-0.2
14074,1985-06-12,-0.2
14075,1985-06-13,-0.2
14076,1985-06-14,-0.2
14077,1985-06-15,-0.2
14078,1985-06-16,-0.2
14079,1985-06-17,-0.2
14080,1985-06-18,-0.2
14081,1985-06-19,-0.2
14082,1985-06-20,-0.2
14083,1985-06-21,-0.2
14084,1985-06-22,-0.2
14085,1985-06-23,-0.2
14086,1985-06-24,-0.2
14087,1985-06-25,-0.2
14088,1985-06-26,-0.2
14089,1985-06-27,-0.2
14090,1985-06-28,-0.2
14091,1985-06-29,-0.2
14092,1985-06-30,-0.2
14093,1985-05-01,0.3
14094,1985-05-02,0.3
14095,1985-05-03,0.3
14096,1985-05-04,0.3
14097,1985-05-05,0.3
14098,1985-05-06,0.3
14099,1985-05-07,0.3
14100,1985-05-08,0.3
14101,1985-05-09,0.3
14102,1985-05-10,0.3
14103,1985-05-11,0.3
14104,1985-05-12,0.3
14105,1985-05-13,0.3
14106,1985-05-14,0.3
14107,1985-05-15,0.3
14108,1985-05-16,0.3
14109,1985-05-17,0.3
14110,1985-05-18,0.3
14111,1985-05-19,0.3
14112,1985-05-20,0.3
14113,1985-05-21,0.3
14114,1985-05-22,0.3
14115,1985-05-23,0.3
14116,1985-05-24,0.3
14117,1985-05-25,0.3
14118,1985-05-26,0.3
14119,1985-05-27,0.3
14120,1985-05-28,0.3
14121,1985-05-29,0.3
14122,1985-05-30,0.3
14123,1985-05-31,0.3
14124,1985-04-01,1.0
14125,1985-04-02,1.0
14126,1985-04-03,1.0
14127,1985-04-04,1.0
14128,1985-04-05,1.0
14129,1985-04-06,1.0
14130,1985-04-07,1.0
14131,1985-04-08,1.0
14132,1985-04-09,1.0
14133,1985-04-10,1.0
14134,1985-04-11,1.0
14135,1985-04-12,1.0
14136,1985-04-13,1.0
14137,1985-04-14,1.0
14138,1985-04-15,1.0
14139,1985-04-16,1.0
14140,1985-04-17,1.0
14141,1985-04-18,1.0
14142,1985-04-19,1.0
14143,1985-04-20,1.0
14144,1985-04-21,1.0
14145,1985-04-22,1.0
14146,1985-04-23,1.0
14147,1985-04-24,1.0
14148,1985-04-25,1.0
14149,1985-04-26,1.0
14150,1985-04-27,1.0
14151,1985-04-28,1.0
14152,1985-04-29,1.0
14153,1985-04-30,1.0
14154,1985-03-01,0.6
14155,1985-03-02,0.6
14156,1985-03-03,0.6
14157,1985-03-04,0.6
14158,1985-03-05,0.6
14159,1985-03-06,0.6
14160,1985-03-07,0.6
14161,1985-03-08,0.6
14162,1985-03-09,0.6
14163,1985-03-10,0.6
14164,1985-03-11,0.6
14165,1985-03-12,0.6
14166,1985-03-13,0.6
14167,1985-03-14,0.6
14168,1985-03-15,0.6
14169,1985-03-16,0.6
14170,1985-03-17,0.6
14171,1985-03-18,0.6
14172,1985-03-19,0.6
14173,1985-03-20,0.6
14174,1985-03-21,0.6
14175,1985-03-22,0.6
14176,1985-03-23,0.6
14177,1985-03-24,0.6
14178,1985-03-25,0.6
14179,1985-03-26,0.6
14180,1985-03-27,0.6
14181,1985-03-28,0.6
14182,1985-03-29,0.6
14183,1985-03-30,0.6
14184,1985-03-31,0.6
14185,1985-02-01,0.7
14186,1985-02-02,0.7
14187,1985-02-03,0.7
14188,1985-02-04,0.7
14189,1985-02-05,0.7
14190,1985-02-06,0.7
14191,1985-02-07,0.7
14192,1985-02-08,0.7
14193,1985-02-09,0.7
14194,1985-02-10,0.7
14195,1985-02-11,0.7
14196,1985-02-12,0.7
14197,1985-02-13,0.7
14198,1985-02-14,0.7
14199,1985-02-15,0.7
14200,1985-02-16,0.7
14201,1985-02-17,0.7
14202,1985-02-18,0.7
14203,1985-02-19,0.7
14204,1985-02-20,0.7
14205,1985-02-21,0.7
14206,1985-02-22,0.7
14207,1985-02-23,0.7
14208,1985-02-24,0.7
14209,1985-02-25,0.7
14210,1985-02-26,0.7
14211,1985-02-27,0.7
14212,1985-02-28,0.7
14213,1985-01-01,1.9
14214,1985-01-02,1.9
14215,1985-01-03,1.9
14216,1985-01-04,1.9
14217,1985-01-05,1.9
14218,1985-01-06,1.9
14219,1985-01-07,1.9
14220,1985-01-08,1.9
14221,1985-01-09,1.9
14222,1985-01-10,1.9
14223,1985-01-11,1.9
14224,1985-01-12,1.9
14225,1985-01-13,1.9
14226,1985-01-14,1.9
14227,1985-01-15,1.9
14228,1985-01-16,1.9
14229,1985-01-17,1.9
14230,1985-01-18,1.9
14231,1985-01-19,1.9
14232,1985-01-20,1.9
14233,1985-01-21,1.9
14234,1985-01-22,1.9
14235,1985-01-23,1.9
14236,1985-01-24,1.9
14237,1985-01-25,1.9
14238,1985-01-26,1.9
14239,1985-01-27,1.9
14240,1985-01-28,1.9
14241,1985-01-29,1.9
14242,1985-01-30,1.9
14243,1985-01-31,1.9
14244,1984-12-01,0.7
14245,1984-12-02,0.7
14246,1984-12-03,0.7
14247,1984-12-04,0.7
14248,1984-12-05,0.7
14249,1984-12-06,0.7
14250,1984-12-07,0.7
14251,1984-12-08,0.7
14252,1984-12-09,0.7
14253,1984-12-10,0.7
14254,1984-12-11,0.7
14255,1984-12-12,0.7
14256,1984-12-13,0.7
14257,1984-12-14,0.7
14258,1984-12-15,0.7
14259,1984-12-16,0.7
14260,1984-12-17,0.7
14261,1984-12-18,0.7
14262,1984-12-19,0.7
14263,1984-12-20,0.7
14264,1984-12-21,0.7
14265,1984-12-22,0.7
14266,1984-12-23,0.7
14267,1984-12-24,0.7
14268,1984-12-25,0.7
14269,1984-12-26,0.7
14270,1984-12-27,0.7
14271,1984-12-28,0.7
14272,1984-12-29,0.7
14273,1984-12-30,0.7
14274,1984-12-31,0.7
14275,1984-11-01,0.5
14276,1984-11-02,0.5
14277,1984-11-03,0.5
14278,1984-11-04,0.5
14279,1984-11-05,0.5
14280,1984-11-06,0.5
14281,1984-11-07,0.5
14282,1984-11-08,0.5
14283,1984-11-09,0.5
14284,1984-11-10,0.5
14285,1984-11-11,0.5
14286,1984-11-12,0.5
14287,1984-11-13,0.5
14288,1984-11-14,0.5
14289,1984-11-15,0.5
14290,1984-11-16,0.5
14291,1984-11-17,0.5
14292,1984-11-18,0.5
14293,1984-11-19,0.5
14294,1984-11-20,0.5
14295,1984-11-21,0.5
14296,1984-11-22,0.5
14297,1984-11-23,0.5
14298,1984-11-24,0.5
14299,1984-11-25,0.5
14300,1984-11-26,0.5
14301,1984-11-27,0.5
14302,1984-11-28,0.5
14303,1984-11-29,0.5
14304,1984-11-30,0.5
14305,1984-10-01,0.6
14306,1984-10-02,0.6
14307,1984-10-03,0.6
14308,1984-10-04,0.6
14309,1984-10-05,0.6
14310,1984-10-06,0.6
14311,1984-10-07,0.6
14312,1984-10-08,0.6
14313,1984-10-09,0.6
14314,1984-10-10,0.6
14315,1984-10-11,0.6
14316,1984-10-12,0.6
14317,1984-10-13,0.6
14318,1984-10-14,0.6
14319,1984-10-15,0.6
14320,1984-10-16,0.6
14321,1984-10-17,0.6
14322,1984-10-18,0.6
14323,1984-10-19,0.6
14324,1984-10-20,0.6
14325,1984-10-21,0.6
14326,1984-10-22,0.6
14327,1984-10-23,0.6
14328,1984-10-24,0.6
14329,1984-10-25,0.6
14330,1984-10-26,0.6
14331,1984-10-27,0.6
14332,1984-10-28,0.6
14333,1984-10-29,0.6
14334,1984-10-30,0.6
14335,1984-10-31,0.6
14336,1984-09-01,0.2
14337,1984-09-02,0.2
14338,1984-09-03,0.2
14339,1984-09-04,0.2
14340,1984-09-05,0.2
14341,1984-09-06,0.2
14342,1984-09-07,0.2
14343,1984-09-08,0.2
14344,1984-09-09,0.2
14345,1984-09-10,0.2
14346,1984-09-11,0.2
14347,1984-09-12,0.2
14348,1984-09-13,0.2
14349,1984-09-14,0.2
14350,1984-09-15,0.2
14351,1984-09-16,0.2
14352,1984-09-17,0.2
14353,1984-09-18,0.2
14354,1984-09-19,0.2
14355,1984-09-20,0.2
14356,1984-09-21,0.2
14357,1984-09-22,0.2
14358,1984-09-23,0.2
14359,1984-09-24,0.2
14360,1984-09-25,0.2
14361,1984-09-26,0.2
14362,1984-09-27,0.2
14363,1984-09-28,0.2
14364,1984-09-29,0.2
14365,1984-09-30,0.2
14366,1984-08-01,0.7
14367,1984-08-02,0.7
14368,1984-08-03,0.7
14369,1984-08-04,0.7
14370,1984-08-05,0.7
14371,1984-08-06,0.7
14372,1984-08-07,0.7
14373,1984-08-08,0.7
14374,1984-08-09,0.7
14375,1984-08-10,0.7
14376,1984-08-11,0.7
14377,1984-08-12,0.7
14378,1984-08-13,0.7
14379,1984-08-14,0.7
14380,1984-08-15,0.7
14381,1984-08-16,0.7
14382,1984-08-17,0.7
14383,1984-08-18,0.7
14384,1984-08-19,0.7
14385,1984-08-20,0.7
14386,1984-08-21,0.7
14387,1984-08-22,0.7
14388,1984-08-23,0.7
14389,1984-08-24,0.7
14390,1984-08-25,0.7
14391,1984-08-26,0.7
14392,1984-08-27,0.7
14393,1984-08-28,0.7
14394,1984-08-29,0.7
14395,1984-08-30,0.7
14396,1984-08-31,0.7
14397,1984-07-01,1.5
14398,1984-07-02,1.5
14399,1984-07-03,1.5
14400,1984-07-04,1.5
14401,1984-07-05,1.5
14402,1984-07-06,1.5
14403,1984-07-07,1.5
14404,1984-07-08,1.5
14405,1984-07-09,1.5
14406,1984-07-10,1.5
14407,1984-07-11,1.5
14408,1984-07-12,1.5
14409,1984-07-13,1.5
14410,1984-07-14,1.5
14411,1984-07-15,1.5
14412,1984-07-16,1.5
14413,1984-07-17,1.5
14414,1984-07-18,1.5
14415,1984-07-19,1.5
14416,1984-07-20,1.5
14417,1984-07-21,1.5
14418,1984-07-22,1.5
14419,1984-07-23,1.5
14420,1984-07-24,1.5
14421,1984-07-25,1.5
14422,1984-07-26,1.5
14423,1984-07-27,1.5
14424,1984-07-28,1.5
14425,1984-07-29,1.5
14426,1984-07-30,1.5
14427,1984-07-31,1.5
14428,1984-06-01,0.7
14429,1984-06-02,0.7
14430,1984-06-03,0.7
14431,1984-06-04,0.7
14432,1984-06-05,0.7
14433,1984-06-06,0.7
14434,1984-06-07,0.7
14435,1984-06-08,0.7
14436,1984-06-09,0.7
14437,1984-06-10,0.7
14438,1984-06-11,0.7
14439,1984-06-12,0.7
14440,1984-06-13,0.7
14441,1984-06-14,0.7
14442,1984-06-15,0.7
14443,1984-06-16,0.7
14444,1984-06-17,0.7
14445,1984-06-18,0.7
14446,1984-06-19,0.7
14447,1984-06-20,0.7
14448,1984-06-21,0.7
14449,1984-06-22,0.7
14450,1984-06-23,0.7
14451,1984-06-24,0.7
14452,1984-06-25,0.7
14453,1984-06-26,0.7
14454,1984-06-27,0.7
14455,1984-06-28,0.7
14456,1984-06-29,0.7
14457,1984-06-30,0.7
14458,1984-05-01,0.5
14459,1984-05-02,0.5
14460,1984-05-03,0.5
14461,1984-05-04,0.5
14462,1984-05-05,0.5
14463,1984-05-06,0.5
14464,1984-05-07,0.5
14465,1984-05-08,0.5
14466,1984-05-09,0.5
14467,1984-05-10,0.5
14468,1984-05-11,0.5
14469,1984-05-12,0.5
14470,1984-05-13,0.5
14471,1984-05-14,0.5
14472,1984-05-15,0.5
14473,1984-05-16,0.5
14474,1984-05-17,0.5
14475,1984-05-18,0.5
14476,1984-05-19,0.5
14477,1984-05-20,0.5
14478,1984-05-21,0.5
14479,1984-05-22,0.5
14480,1984-05-23,0.5
14481,1984-05-24,0.5
14482,1984-05-25,0.5
14483,1984-05-26,0.5
14484,1984-05-27,0.5
14485,1984-05-28,0.5
14486,1984-05-29,0.5
14487,1984-05-30,0.5
14488,1984-05-31,0.5
14489,1984-04-01,0.5
14490,1984-04-02,0.5
14491,1984-04-03,0.5
14492,1984-04-04,0.5
14493,1984-04-05,0.5
14494,1984-04-06,0.5
14495,1984-04-07,0.5
14496,1984-04-08,0.5
14497,1984-04-09,0.5
14498,1984-04-10,0.5
14499,1984-04-11,0.5
14500,1984-04-12,0.5
14501,1984-04-13,0.5
14502,1984-04-14,0.5
14503,1984-04-15,0.5
14504,1984-04-16,0.5
14505,1984-04-17,0.5
14506,1984-04-18,0.5
14507,1984-04-19,0.5
14508,1984-04-20,0.5
14509,1984-04-21,0.5
14510,1984-04-22,0.5
14511,1984-04-23,0.5
14512,1984-04-24,0.5
14513,1984-04-25,0.5
14514,1984-04-26,0.5
14515,1984-04-27,0.5
14516,1984-04-28,0.5
14517,1984-04-29,0.5
14518,1984-04-30,0.5
14519,1984-03-01,0.8
14520,1984-03-02,0.8
14521,1984-03-03,0.8
14522,1984-03-04,0.8
14523,1984-03-05,0.8
14524,1984-03-06,0.8
14525,1984-03-07,0.8
14526,1984-03-08,0.8
14527,1984-03-09,0.8
14528,1984-03-10,0.8
14529,1984-03-11,0.8
14530,1984-03-12,0.8
14531,1984-03-13,0.8
14532,1984-03-14,0.8
14533,1984-03-15,0.8
14534,1984-03-16,0.8
14535,1984-03-17,0.8
14536,1984-03-18,0.8
14537,1984-03-19,0.8
14538,1984-03-20,0.8
14539,1984-03-21,0.8
14540,1984-03-22,0.8
14541,1984-03-23,0.8
14542,1984-03-24,0.8
14543,1984-03-25,0.8
14544,1984-03-26,0.8
14545,1984-03-27,0.8
14546,1984-03-28,0.8
14547,1984-03-29,0.8
14548,1984-03-30,0.8
14549,1984-03-31,0.8
14550,1984-02-01,0.4
14551,1984-02-02,0.4
14552,1984-02-03,0.4
14553,1984-02-04,0.4
14554,1984-02-05,0.4
14555,1984-02-06,0.4
14556,1984-02-07,0.4
14557,1984-02-08,0.4
14558,1984-02-09,0.4
14559,1984-02-10,0.4
14560,1984-02-11,0.4
14561,1984-02-12,0.4
14562,1984-02-13,0.4
14563,1984-02-14,0.4
14564,1984-02-15,0.4
14565,1984-02-16,0.4
14566,1984-02-17,0.4
14567,1984-02-18,0.4
14568,1984-02-19,0.4
14569,1984-02-20,0.4
14570,1984-02-21,0.4
14571,1984-02-22,0.4
14572,1984-02-23,0.4
14573,1984-02-24,0.4
14574,1984-02-25,0.4
14575,1984-02-26,0.4
14576,1984-02-27,0.4
14577,1984-02-28,0.4
14578,1984-02-29,0.4
14579,1984-01-01,1.5
14580,1984-01-02,1.5
14581,1984-01-03,1.5
14582,1984-01-04,1.5
14583,1984-01-05,1.5
14584,1984-01-06,1.5
14585,1984-01-07,1.5
14586,1984-01-08,1.5
14587,1984-01-09,1.5
14588,1984-01-10,1.5
14589,1984-01-11,1.5
14590,1984-01-12,1.5
14591,1984-01-13,1.5
14592,1984-01-14,1.5
14593,1984-01-15,1.5
14594,1984-01-16,1.5
14595,1984-01-17,1.5
14596,1984-01-18,1.5
14597,1984-01-19,1.5
14598,1984-01-20,1.5
14599,1984-01-21,1.5
14600,1984-01-22,1.5
14601,1984-01-23,1.5
14602,1984-01-24,1.5
14603,1984-01-25,1.5
14604,1984-01-26,1.5
14605,1984-01-27,1.5
14606,1984-01-28,1.5
14607,1984-01-29,1.5
14608,1984-01-30,1.5
14609,1984-01-31,1.5
14610,1983-12-01,1.6
14611,1983-12-02,1.6
14612,1983-12-03,1.6
14613,1983-12-04,1.6
14614,1983-12-05,1.6
14615,1983-12-06,1.6
14616,1983-12-07,1.6
14617,1983-12-08,1.6
14618,1983-12-09,1.6
14619,1983-12-10,1.6
14620,1983-12-11,1.6
14621,1983-12-12,1.6
14622,1983-12-13,1.6
14623,1983-12-14,1.6
14624,1983-12-15,1.6
14625,1983-12-16,1.6
14626,1983-12-17,1.6
14627,1983-12-18,1.6
14628,1983-12-19,1.6
14629,1983-12-20,1.6
14630,1983-12-21,1.6
14631,1983-12-22,1.6
14632,1983-12-23,1.6
14633,1983-12-24,1.6
14634,1983-12-25,1.6
14635,1983-12-26,1.6
14636,1983-12-27,1.6
14637,1983-12-28,1.6
14638,1983-12-29,1.6
14639,1983-12-30,1.6
14640,1983-12-31,1.6
14641,1983-11-01,1.0
14642,1983-11-02,1.0
14643,1983-11-03,1.0
14644,1983-11-04,1.0
14645,1983-11-05,1.0
14646,1983-11-06,1.0
14647,1983-11-07,1.0
14648,1983-11-08,1.0
14649,1983-11-09,1.0
14650,1983-11-10,1.0
14651,1983-11-11,1.0
14652,1983-11-12,1.0
14653,1983-11-13,1.0
14654,1983-11-14,1.0
14655,1983-11-15,1.0
14656,1983-11-16,1.0
14657,1983-11-17,1.0
14658,1983-11-18,1.0
14659,1983-11-19,1.0
14660,1983-11-20,1.0
14661,1983-11-21,1.0
14662,1983-11-22,1.0
14663,1983-11-23,1.0
14664,1983-11-24,1.0
14665,1983-11-25,1.0
14666,1983-11-26,1.0
14667,1983-11-27,1.0
14668,1983-11-28,1.0
14669,1983-11-29,1.0
14670,1983-11-30,1.0
14671,1983-10-01,1.4
14672,1983-10-02,1.4
14673,1983-10-03,1.4
14674,1983-10-04,1.4
14675,1983-10-05,1.4
14676,1983-10-06,1.4
14677,1983-10-07,1.4
14678,1983-10-08,1.4
14679,1983-10-09,1.4
14680,1983-10-10,1.4
14681,1983-10-11,1.4
14682,1983-10-12,1.4
14683,1983-10-13,1.4
14684,1983-10-14,1.4
14685,1983-10-15,1.4
14686,1983-10-16,1.4
14687,1983-10-17,1.4
14688,1983-10-18,1.4
14689,1983-10-19,1.4
14690,1983-10-20,1.4
14691,1983-10-21,1.4
14692,1983-10-22,1.4
14693,1983-10-23,1.4
14694,1983-10-24,1.4
14695,1983-10-25,1.4
14696,1983-10-26,1.4
14697,1983-10-27,1.4
14698,1983-10-28,1.4
14699,1983-10-29,1.4
14700,1983-10-30,1.4
14701,1983-10-31,1.4
14702,1983-09-01,0.8
14703,1983-09-02,0.8
14704,1983-09-03,0.8
14705,1983-09-04,0.8
14706,1983-09-05,0.8
14707,1983-09-06,0.8
14708,1983-09-07,0.8
14709,1983-09-08,0.8
14710,1983-09-09,0.8
14711,1983-09-10,0.8
14712,1983-09-11,0.8
14713,1983-09-12,0.8
14714,1983-09-13,0.8
14715,1983-09-14,0.8
14716,1983-09-15,0.8
14717,1983-09-16,0.8
14718,1983-09-17,0.8
14719,1983-09-18,0.8
14720,1983-09-19,0.8
14721,1983-09-20,0.8
14722,1983-09-21,0.8
14723,1983-09-22,0.8
14724,1983-09-23,0.8
14725,1983-09-24,0.8
14726,1983-09-25,0.8
14727,1983-09-26,0.8
14728,1983-09-27,0.8
14729,1983-09-28,0.8
14730,1983-09-29,0.8
14731,1983-09-30,0.8
14732,1983-08-01,1.3
14733,1983-08-02,1.3
14734,1983-08-03,1.3
14735,1983-08-04,1.3
14736,1983-08-05,1.3
14737,1983-08-06,1.3
14738,1983-08-07,1.3
14739,1983-08-08,1.3
14740,1983-08-09,1.3
14741,1983-08-10,1.3
14742,1983-08-11,1.3
14743,1983-08-12,1.3
14744,1983-08-13,1.3
14745,1983-08-14,1.3
14746,1983-08-15,1.3
14747,1983-08-16,1.3
14748,1983-08-17,1.3
14749,1983-08-18,1.3
14750,1983-08-19,1.3
14751,1983-08-20,1.3
14752,1983-08-21,1.3
14753,1983-08-22,1.3
14754,1983-08-23,1.3
14755,1983-08-24,1.3
14756,1983-08-25,1.3
14757,1983-08-26,1.3
14758,1983-08-27,1.3
14759,1983-08-28,1.3
14760,1983-08-29,1.3
14761,1983-08-30,1.3
14762,1983-08-31,1.3
14763,1983-07-01,0.4
14764,1983-07-02,0.4
14765,1983-07-03,0.4
14766,1983-07-04,0.4
14767,1983-07-05,0.4
14768,1983-07-06,0.4
14769,1983-07-07,0.4
14770,1983-07-08,0.4
14771,1983-07-09,0.4
14772,1983-07-10,0.4
14773,1983-07-11,0.4
14774,1983-07-12,0.4
14775,1983-07-13,0.4
14776,1983-07-14,0.4
14777,1983-07-15,0.4
14778,1983-07-16,0.4
14779,1983-07-17,0.4
14780,1983-07-18,0.4
14781,1983-07-19,0.4
14782,1983-07-20,0.4
14783,1983-07-21,0.4
14784,1983-07-22,0.4
14785,1983-07-23,0.4
14786,1983-07-24,0.4
14787,1983-07-25,0.4
14788,1983-07-26,0.4
14789,1983-07-27,0.4
14790,1983-07-28,0.4
14791,1983-07-29,0.4
14792,1983-07-30,0.4
14793,1983-07-31,0.4
14794,1983-06-01,0.6
14795,1983-06-02,0.6
14796,1983-06-03,0.6
14797,1983-06-04,0.6
14798,1983-06-05,0.6
14799,1983-06-06,0.6
14800,1983-06-07,0.6
14801,1983-06-08,0.6
14802,1983-06-09,0.6
14803,1983-06-10,0.6
14804,1983-06-11,0.6
14805,1983-06-12,0.6
14806,1983-06-13,0.6
14807,1983-06-14,0.6
14808,1983-06-15,0.6
14809,1983-06-16,0.6
14810,1983-06-17,0.6
14811,1983-06-18,0.6
14812,1983-06-19,0.6
14813,1983-06-20,0.6
14814,1983-06-21,0.6
14815,1983-06-22,0.6
14816,1983-06-23,0.6
14817,1983-06-24,0.6
14818,1983-06-25,0.6
14819,1983-06-26,0.6
14820,1983-06-27,0.6
14821,1983-06-28,0.6
14822,1983-06-29,0.6
14823,1983-06-30,0.6
14824,1983-05-01,0.4
14825,1983-05-02,0.4
14826,1983-05-03,0.4
14827,1983-05-04,0.4
14828,1983-05-05,0.4
14829,1983-05-06,0.4
14830,1983-05-07,0.4
14831,1983-05-08,0.4
14832,1983-05-09,0.4
14833,1983-05-10,0.4
14834,1983-05-11,0.4
14835,1983-05-12,0.4
14836,1983-05-13,0.4
14837,1983-05-14,0.4
14838,1983-05-15,0.4
14839,1983-05-16,0.4
14840,1983-05-17,0.4
14841,1983-05-18,0.4
14842,1983-05-19,0.4
14843,1983-05-20,0.4
14844,1983-05-21,0.4
14845,1983-05-22,0.4
14846,1983-05-23,0.4
14847,1983-05-24,0.4
14848,1983-05-25,0.4
14849,1983-05-26,0.4
14850,1983-05-27,0.4
14851,1983-05-28,0.4
14852,1983-05-29,0.4
14853,1983-05-30,0.4
14854,1983-05-31,0.4
14855,1983-04-01,1.4
14856,1983-04-02,1.4
14857,1983-04-03,1.4
14858,1983-04-04,1.4
14859,1983-04-05,1.4
14860,1983-04-06,1.4
14861,1983-04-07,1.4
14862,1983-04-08,1.4
14863,1983-04-09,1.4
14864,1983-04-10,1.4
14865,1983-04-11,1.4
14866,1983-04-12,1.4
14867,1983-04-13,1.4
14868,1983-04-14,1.4
14869,1983-04-15,1.4
14870,1983-04-16,1.4
14871,1983-04-17,1.4
14872,1983-04-18,1.4
14873,1983-04-19,1.4
14874,1983-04-20,1.4
14875,1983-04-21,1.4
14876,1983-04-22,1.4
14877,1983-04-23,1.4
14878,1983-04-24,1.4
14879,1983-04-25,1.4
14880,1983-04-26,1.4
14881,1983-04-27,1.4
14882,1983-04-28,1.4
14883,1983-04-29,1.4
14884,1983-04-30,1.4
14885,1983-03-01,0.6
14886,1983-03-02,0.6
14887,1983-03-03,0.6
14888,1983-03-04,0.6
14889,1983-03-05,0.6
14890,1983-03-06,0.6
14891,1983-03-07,0.6
14892,1983-03-08,0.6
14893,1983-03-09,0.6
14894,1983-03-10,0.6
14895,1983-03-11,0.6
14896,1983-03-12,0.6
14897,1983-03-13,0.6
14898,1983-03-14,0.6
14899,1983-03-15,0.6
14900,1983-03-16,0.6
14901,1983-03-17,0.6
14902,1983-03-18,0.6
14903,1983-03-19,0.6
14904,1983-03-20,0.6
14905,1983-03-21,0.6
14906,1983-03-22,0.6
14907,1983-03-23,0.6
14908,1983-03-24,0.6
14909,1983-03-25,0.6
14910,1983-03-26,0.6
14911,1983-03-27,0.6
14912,1983-03-28,0.6
14913,1983-03-29,0.6
14914,1983-03-30,0.6
14915,1983-03-31,0.6
14916,1983-02-01,0.5
14917,1983-02-02,0.5
14918,1983-02-03,0.5
14919,1983-02-04,0.5
14920,1983-02-05,0.5
14921,1983-02-06,0.5
14922,1983-02-07,0.5
14923,1983-02-08,0.5
14924,1983-02-09,0.5
14925,1983-02-10,0.5
14926,1983-02-11,0.5
14927,1983-02-12,0.5
14928,1983-02-13,0.5
14929,1983-02-14,0.5
14930,1983-02-15,0.5
14931,1983-02-16,0.5
14932,1983-02-17,0.5
14933,1983-02-18,0.5
14934,1983-02-19,0.5
14935,1983-02-20,0.5
14936,1983-02-21,0.5
14937,1983-02-22,0.5
14938,1983-02-23,0.5
14939,1983-02-24,0.5
14940,1983-02-25,0.5
14941,1983-02-26,0.5
14942,1983-02-27,0.5
14943,1983-02-28,0.5
14944,1983-01-01,1.7
14945,1983-01-02,1.7
14946,1983-01-03,1.7
14947,1983-01-04,1.7
14948,1983-01-05,1.7
14949,1983-01-06,1.7
14950,1983-01-07,1.7
14951,1983-01-08,1.7
14952,1983-01-09,1.7
14953,1983-01-10,1.7
14954,1983-01-11,1.7
14955,1983-01-12,1.7
14956,1983-01-13,1.7
14957,1983-01-14,1.7
14958,1983-01-15,1.7
14959,1983-01-16,1.7
14960,1983-01-17,1.7
14961,1983-01-18,1.7
14962,1983-01-19,1.7
14963,1983-01-20,1.7
14964,1983-01-21,1.7
14965,1983-01-22,1.7
14966,1983-01-23,1.7
14967,1983-01-24,1.7
14968,1983-01-25,1.7
14969,1983-01-26,1.7
14970,1983-01-27,1.7
14971,1983-01-28,1.7
14972,1983-01-29,1.7
14973,1983-01-30,1.7
14974,1983-01-31,1.7
14975,1982-12-01,2.2
14976,1982-12-02,2.2
14977,1982-12-03,2.2
14978,1982-12-04,2.2
14979,1982-12-05,2.2
14980,1982-12-06,2.2
14981,1982-12-07,2.2
14982,1982-12-08,2.2
14983,1982-12-09,2.2
14984,1982-12-10,2.2
14985,1982-12-11,2.2
14986,1982-12-12,2.2
14987,1982-12-13,2.2
14988,1982-12-14,2.2
14989,1982-12-15,2.2
14990,1982-12-16,2.2
14991,1982-12-17,2.2
14992,1982-12-18,2.2
14993,1982-12-19,2.2
14994,1982-12-20,2.2
14995,1982-12-21,2.2
14996,1982-12-22,2.2
14997,1982-12-23,2.2
14998,1982-12-24,2.2
14999,1982-12-25,2.2
15000,1982-12-26,2.2
15001,1982-12-27,2.2
15002,1982-12-28,2.2
15003,1982-12-29,2.2
15004,1982-12-30,2.2
15005,1982-12-31,2.2
15006,1982-11-01,0.3
15007,1982-11-02,0.3
15008,1982-11-03,0.3
15009,1982-11-04,0.3
15010,1982-11-05,0.3
15011,1982-11-06,0.3
15012,1982-11-07,0.3
15013,1982-11-08,0.3
15014,1982-11-09,0.3
15015,1982-11-10,0.3
15016,1982-11-11,0.3
15017,1982-11-12,0.3
15018,1982-11-13,0.3
15019,1982-11-14,0.3
15020,1982-11-15,0.3
15021,1982-11-16,0.3
15022,1982-11-17,0.3
15023,1982-11-18,0.3
15024,1982-11-19,0.3
15025,1982-11-20,0.3
15026,1982-11-21,0.3
15027,1982-11-22,0.3
15028,1982-11-23,0.3
15029,1982-11-24,0.3
15030,1982-11-25,0.3
15031,1982-11-26,0.3
15032,1982-11-27,0.3
15033,1982-11-28,0.3
15034,1982-11-29,0.3
15035,1982-11-30,0.3
15036,1982-10-01,1.0
15037,1982-10-02,1.0
15038,1982-10-03,1.0
15039,1982-10-04,1.0
15040,1982-10-05,1.0
15041,1982-10-06,1.0
15042,1982-10-07,1.0
15043,1982-10-08,1.0
15044,1982-10-09,1.0
15045,1982-10-10,1.0
15046,1982-10-11,1.0
15047,1982-10-12,1.0
15048,1982-10-13,1.0
15049,1982-10-14,1.0
15050,1982-10-15,1.0
15051,1982-10-16,1.0
15052,1982-10-17,1.0
15053,1982-10-18,1.0
15054,1982-10-19,1.0
15055,1982-10-20,1.0
15056,1982-10-21,1.0
15057,1982-10-22,1.0
15058,1982-10-23,1.0
15059,1982-10-24,1.0
15060,1982-10-25,1.0
15061,1982-10-26,1.0
15062,1982-10-27,1.0
15063,1982-10-28,1.0
15064,1982-10-29,1.0
15065,1982-10-30,1.0
15066,1982-10-31,1.0
15067,1982-09-01,0.1
15068,1982-09-02,0.1
15069,1982-09-03,0.1
15070,1982-09-04,0.1
15071,1982-09-05,0.1
15072,1982-09-06,0.1
15073,1982-09-07,0.1
15074,1982-09-08,0.1
15075,1982-09-09,0.1
15076,1982-09-10,0.1
15077,1982-09-11,0.1
15078,1982-09-12,0.1
15079,1982-09-13,0.1
15080,1982-09-14,0.1
15081,1982-09-15,0.1
15082,1982-09-16,0.1
15083,1982-09-17,0.1
15084,1982-09-18,0.1
15085,1982-09-19,0.1
15086,1982-09-20,0.1
15087,1982-09-21,0.1
15088,1982-09-22,0.1
15089,1982-09-23,0.1
15090,1982-09-24,0.1
15091,1982-09-25,0.1
15092,1982-09-26,0.1
15093,1982-09-27,0.1
15094,1982-09-28,0.1
15095,1982-09-29,0.1
15096,1982-09-30,0.1
15097,1982-08-01,0.7
15098,1982-08-02,0.7
15099,1982-08-03,0.7
15100,1982-08-04,0.7
15101,1982-08-05,0.7
15102,1982-08-06,0.7
15103,1982-08-07,0.7
15104,1982-08-08,0.7
15105,1982-08-09,0.7
15106,1982-08-10,0.7
15107,1982-08-11,0.7
15108,1982-08-12,0.7
15109,1982-08-13,0.7
15110,1982-08-14,0.7
15111,1982-08-15,0.7
15112,1982-08-16,0.7
15113,1982-08-17,0.7
15114,1982-08-18,0.7
15115,1982-08-19,0.7
15116,1982-08-20,0.7
15117,1982-08-21,0.7
15118,1982-08-22,0.7
15119,1982-08-23,0.7
15120,1982-08-24,0.7
15121,1982-08-25,0.7
15122,1982-08-26,0.7
15123,1982-08-27,0.7
15124,1982-08-28,0.7
15125,1982-08-29,0.7
15126,1982-08-30,0.7
15127,1982-08-31,0.7
15128,1982-07-01,1.3
15129,1982-07-02,1.3
15130,1982-07-03,1.3
15131,1982-07-04,1.3
15132,1982-07-05,1.3
15133,1982-07-06,1.3
15134,1982-07-07,1.3
15135,1982-07-08,1.3
15136,1982-07-09,1.3
15137,1982-07-10,1.3
15138,1982-07-11,1.3
15139,1982-07-12,1.3
15140,1982-07-13,1.3
15141,1982-07-14,1.3
15142,1982-07-15,1.3
15143,1982-07-16,1.3
15144,1982-07-17,1.3
15145,1982-07-18,1.3
15146,1982-07-19,1.3
15147,1982-07-20,1.3
15148,1982-07-21,1.3
15149,1982-07-22,1.3
15150,1982-07-23,1.3
15151,1982-07-24,1.3
15152,1982-07-25,1.3
15153,1982-07-26,1.3
15154,1982-07-27,1.3
15155,1982-07-28,1.3
15156,1982-07-29,1.3
15157,1982-07-30,1.3
15158,1982-07-31,1.3
15159,1982-06-01,1.0
15160,1982-06-02,1.0
15161,1982-06-03,1.0
15162,1982-06-04,1.0
15163,1982-06-05,1.0
15164,1982-06-06,1.0
15165,1982-06-07,1.0
15166,1982-06-08,1.0
15167,1982-06-09,1.0
15168,1982-06-10,1.0
15169,1982-06-11,1.0
15170,1982-06-12,1.0
15171,1982-06-13,1.0
15172,1982-06-14,1.0
15173,1982-06-15,1.0
15174,1982-06-16,1.0
15175,1982-06-17,1.0
15176,1982-06-18,1.0
15177,1982-06-19,1.0
15178,1982-06-20,1.0
15179,1982-06-21,1.0
15180,1982-06-22,1.0
15181,1982-06-23,1.0
15182,1982-06-24,1.0
15183,1982-06-25,1.0
15184,1982-06-26,1.0
15185,1982-06-27,1.0
15186,1982-06-28,1.0
15187,1982-06-29,1.0
15188,1982-06-30,1.0
15189,1982-05-01,1.4
15190,1982-05-02,1.4
15191,1982-05-03,1.4
15192,1982-05-04,1.4
15193,1982-05-05,1.4
15194,1982-05-06,1.4
15195,1982-05-07,1.4
15196,1982-05-08,1.4
15197,1982-05-09,1.4
15198,1982-05-10,1.4
15199,1982-05-11,1.4
15200,1982-05-12,1.4
15201,1982-05-13,1.4
15202,1982-05-14,1.4
15203,1982-05-15,1.4
15204,1982-05-16,1.4
15205,1982-05-17,1.4
15206,1982-05-18,1.4
15207,1982-05-19,1.4
15208,1982-05-20,1.4
15209,1982-05-21,1.4
15210,1982-05-22,1.4
15211,1982-05-23,1.4
15212,1982-05-24,1.4
15213,1982-05-25,1.4
15214,1982-05-26,1.4
15215,1982-05-27,1.4
15216,1982-05-28,1.4
15217,1982-05-29,1.4
15218,1982-05-30,1.4
15219,1982-05-31,1.4
15220,1982-04-01,1.3
15221,1982-04-02,1.3
15222,1982-04-03,1.3
15223,1982-04-04,1.3
15224,1982-04-05,1.3
15225,1982-04-06,1.3
15226,1982-04-07,1.3
15227,1982-04-08,1.3
15228,1982-04-09,1.3
15229,1982-04-10,1.3
15230,1982-04-11,1.3
15231,1982-04-12,1.3
15232,1982-04-13,1.3
15233,1982-04-14,1.3
15234,1982-04-15,1.3
15235,1982-04-16,1.3
15236,1982-04-17,1.3
15237,1982-04-18,1.3
15238,1982-04-19,1.3
15239,1982-04-20,1.3
15240,1982-04-21,1.3
15241,1982-04-22,1.3
15242,1982-04-23,1.3
15243,1982-04-24,1.3
15244,1982-04-25,1.3
15245,1982-04-26,1.3
15246,1982-04-27,1.3
15247,1982-04-28,1.3
15248,1982-04-29,1.3
15249,1982-04-30,1.3
15250,1982-03-01,1.0
15251,1982-03-02,1.0
15252,1982-03-03,1.0
15253,1982-03-04,1.0
15254,1982-03-05,1.0
15255,1982-03-06,1.0
15256,1982-03-07,1.0
15257,1982-03-08,1.0
15258,1982-03-09,1.0
15259,1982-03-10,1.0
15260,1982-03-11,1.0
15261,1982-03-12,1.0
15262,1982-03-13,1.0
15263,1982-03-14,1.0
15264,1982-03-15,1.0
15265,1982-03-16,1.0
15266,1982-03-17,1.0
15267,1982-03-18,1.0
15268,1982-03-19,1.0
15269,1982-03-20,1.0
15270,1982-03-21,1.0
15271,1982-03-22,1.0
15272,1982-03-23,1.0
15273,1982-03-24,1.0
15274,1982-03-25,1.0
15275,1982-03-26,1.0
15276,1982-03-27,1.0
15277,1982-03-28,1.0
15278,1982-03-29,1.0
15279,1982-03-30,1.0
15280,1982-03-31,1.0
15281,1982-02-01,0.8
15282,1982-02-02,0.8
15283,1982-02-03,0.8
15284,1982-02-04,0.8
15285,1982-02-05,0.8
15286,1982-02-06,0.8
15287,1982-02-07,0.8
15288,1982-02-08,0.8
15289,1982-02-09,0.8
15290,1982-02-10,0.8
15291,1982-02-11,0.8
15292,1982-02-12,0.8
15293,1982-02-13,0.8
15294,1982-02-14,0.8
15295,1982-02-15,0.8
15296,1982-02-16,0.8
15297,1982-02-17,0.8
15298,1982-02-18,0.8
15299,1982-02-19,0.8
15300,1982-02-20,0.8
15301,1982-02-21,0.8
15302,1982-02-22,0.8
15303,1982-02-23,0.8
15304,1982-02-24,0.8
15305,1982-02-25,0.8
15306,1982-02-26,0.8
15307,1982-02-27,0.8
15308,1982-02-28,0.8
15309,1982-01-01,2.1
15310,1982-01-02,2.1
15311,1982-01-03,2.1
15312,1982-01-04,2.1
15313,1982-01-05,2.1
15314,1982-01-06,2.1
15315,1982-01-07,2.1
15316,1982-01-08,2.1
15317,1982-01-09,2.1
15318,1982-01-10,2.1
15319,1982-01-11,2.1
15320,1982-01-12,2.1
15321,1982-01-13,2.1
15322,1982-01-14,2.1
15323,1982-01-15,2.1
15324,1982-01-16,2.1
15325,1982-01-17,2.1
15326,1982-01-18,2.1
15327,1982-01-19,2.1
15328,1982-01-20,2.1
15329,1982-01-21,2.1
15330,1982-01-22,2.1
15331,1982-01-23,2.1
15332,1982-01-24,2.1
15333,1982-01-25,2.1
15334,1982-01-26,2.1
15335,1982-01-27,2.1
15336,1982-01-28,2.1
15337,1982-01-29,2.1
15338,1982-01-30,2.1
15339,1982-01-31,2.1
15340,1981-12-01,1.5
15341,1981-12-02,1.5
15342,1981-12-03,1.5
15343,1981-12-04,1.5
15344,1981-12-05,1.5
15345,1981-12-06,1.5
15346,1981-12-07,1.5
15347,1981-12-08,1.5
15348,1981-12-09,1.5
15349,1981-12-10,1.5
15350,1981-12-11,1.5
15351,1981-12-12,1.5
15352,1981-12-13,1.5
15353,1981-12-14,1.5
15354,1981-12-15,1.5
15355,1981-12-16,1.5
15356,1981-12-17,1.5
15357,1981-12-18,1.5
15358,1981-12-19,1.5
15359,1981-12-20,1.5
15360,1981-12-21,1.5
15361,1981-12-22,1.5
15362,1981-12-23,1.5
15363,1981-12-24,1.5
15364,1981-12-25,1.5
15365,1981-12-26,1.5
15366,1981-12-27,1.5
15367,1981-12-28,1.5
15368,1981-12-29,1.5
15369,1981-12-30,1.5
15370,1981-12-31,1.5
15371,1981-11-01,0.9
15372,1981-11-02,0.9
15373,1981-11-03,0.9
15374,1981-11-04,0.9
15375,1981-11-05,0.9
15376,1981-11-06,0.9
15377,1981-11-07,0.9
15378,1981-11-08,0.9
15379,1981-11-09,0.9
15380,1981-11-10,0.9
15381,1981-11-11,0.9
15382,1981-11-12,0.9
15383,1981-11-13,0.9
15384,1981-11-14,0.9
15385,1981-11-15,0.9
15386,1981-11-16,0.9
15387,1981-11-17,0.9
15388,1981-11-18,0.9
15389,1981-11-19,0.9
15390,1981-11-20,0.9
15391,1981-11-21,0.9
15392,1981-11-22,0.9
15393,1981-11-23,0.9
15394,1981-11-24,0.9
15395,1981-11-25,0.9
15396,1981-11-26,0.9
15397,1981-11-27,0.9
15398,1981-11-28,0.9
15399,1981-11-29,0.9
15400,1981-11-30,0.9
15401,1981-10-01,1.1
15402,1981-10-02,1.1
15403,1981-10-03,1.1
15404,1981-10-04,1.1
15405,1981-10-05,1.1
15406,1981-10-06,1.1
15407,1981-10-07,1.1
15408,1981-10-08,1.1
15409,1981-10-09,1.1
15410,1981-10-10,1.1
15411,1981-10-11,1.1
15412,1981-10-12,1.1
15413,1981-10-13,1.1
15414,1981-10-14,1.1
15415,1981-10-15,1.1
15416,1981-10-16,1.1
15417,1981-10-17,1.1
15418,1981-10-18,1.1
15419,1981-10-19,1.1
15420,1981-10-20,1.1
15421,1981-10-21,1.1
15422,1981-10-22,1.1
15423,1981-10-23,1.1
15424,1981-10-24,1.1
15425,1981-10-25,1.1
15426,1981-10-26,1.1
15427,1981-10-27,1.1
15428,1981-10-28,1.1
15429,1981-10-29,1.1
15430,1981-10-30,1.1
15431,1981-10-31,1.1
15432,1981-09-01,0.8
15433,1981-09-02,0.8
15434,1981-09-03,0.8
15435,1981-09-04,0.8
15436,1981-09-05,0.8
15437,1981-09-06,0.8
15438,1981-09-07,0.8
15439,1981-09-08,0.8
15440,1981-09-09,0.8
15441,1981-09-10,0.8
15442,1981-09-11,0.8
15443,1981-09-12,0.8
15444,1981-09-13,0.8
15445,1981-09-14,0.8
15446,1981-09-15,0.8
15447,1981-09-16,0.8
15448,1981-09-17,0.8
15449,1981-09-18,0.8
15450,1981-09-19,0.8
15451,1981-09-20,0.8
15452,1981-09-21,0.8
15453,1981-09-22,0.8
15454,1981-09-23,0.8
15455,1981-09-24,0.8
15456,1981-09-25,0.8
15457,1981-09-26,0.8
15458,1981-09-27,0.8
15459,1981-09-28,0.8
15460,1981-09-29,0.8
15461,1981-09-30,0.8
15462,1981-08-01,1.2
15463,1981-08-02,1.2
15464,1981-08-03,1.2
15465,1981-08-04,1.2
15466,1981-08-05,1.2
15467,1981-08-06,1.2
15468,1981-08-07,1.2
15469,1981-08-08,1.2
15470,1981-08-09,1.2
15471,1981-08-10,1.2
15472,1981-08-11,1.2
15473,1981-08-12,1.2
15474,1981-08-13,1.2
15475,1981-08-14,1.2
15476,1981-08-15,1.2
15477,1981-08-16,1.2
15478,1981-08-17,1.2
15479,1981-08-18,1.2
15480,1981-08-19,1.2
15481,1981-08-20,1.2
15482,1981-08-21,1.2
15483,1981-08-22,1.2
15484,1981-08-23,1.2
15485,1981-08-24,1.2
15486,1981-08-25,1.2
15487,1981-08-26,1.2
15488,1981-08-27,1.2
15489,1981-08-28,1.2
15490,1981-08-29,1.2
15491,1981-08-30,1.2
15492,1981-08-31,1.2
15493,1981-07-01,2.0
15494,1981-07-02,2.0
15495,1981-07-03,2.0
15496,1981-07-04,2.0
15497,1981-07-05,2.0
15498,1981-07-06,2.0
15499,1981-07-07,2.0
15500,1981-07-08,2.0
15501,1981-07-09,2.0
15502,1981-07-10,2.0
15503,1981-07-11,2.0
15504,1981-07-12,2.0
15505,1981-07-13,2.0
15506,1981-07-14,2.0
15507,1981-07-15,2.0
15508,1981-07-16,2.0
15509,1981-07-17,2.0
15510,1981-07-18,2.0
15511,1981-07-19,2.0
15512,1981-07-20,2.0
15513,1981-07-21,2.0
15514,1981-07-22,2.0
15515,1981-07-23,2.0
15516,1981-07-24,2.0
15517,1981-07-25,2.0
15518,1981-07-26,2.0
15519,1981-07-27,2.0
15520,1981-07-28,2.0
15521,1981-07-29,2.0
15522,1981-07-30,2.0
15523,1981-07-31,2.0
15524,1981-06-01,0.1
15525,1981-06-02,0.1
15526,1981-06-03,0.1
15527,1981-06-04,0.1
15528,1981-06-05,0.1
15529,1981-06-06,0.1
15530,1981-06-07,0.1
15531,1981-06-08,0.1
15532,1981-06-09,0.1
15533,1981-06-10,0.1
15534,1981-06-11,0.1
15535,1981-06-12,0.1
15536,1981-06-13,0.1
15537,1981-06-14,0.1
15538,1981-06-15,0.1
15539,1981-06-16,0.1
15540,1981-06-17,0.1
15541,1981-06-18,0.1
15542,1981-06-19,0.1
15543,1981-06-20,0.1
15544,1981-06-21,0.1
15545,1981-06-22,0.1
15546,1981-06-23,0.1
15547,1981-06-24,0.1
15548,1981-06-25,0.1
15549,1981-06-26,0.1
15550,1981-06-27,0.1
15551,1981-06-28,0.1
15552,1981-06-29,0.1
15553,1981-06-30,0.1
15554,1981-05-01,0.5
15555,1981-05-02,0.5
15556,1981-05-03,0.5
15557,1981-05-04,0.5
15558,1981-05-05,0.5
15559,1981-05-06,0.5
15560,1981-05-07,0.5
15561,1981-05-08,0.5
15562,1981-05-09,0.5
15563,1981-05-10,0.5
15564,1981-05-11,0.5
15565,1981-05-12,0.5
15566,1981-05-13,0.5
15567,1981-05-14,0.5
15568,1981-05-15,0.5
15569,1981-05-16,0.5
15570,1981-05-17,0.5
15571,1981-05-18,0.5
15572,1981-05-19,0.5
15573,1981-05-20,0.5
15574,1981-05-21,0.5
15575,1981-05-22,0.5
15576,1981-05-23,0.5
15577,1981-05-24,0.5
15578,1981-05-25,0.5
15579,1981-05-26,0.5
15580,1981-05-27,0.5
15581,1981-05-28,0.5
15582,1981-05-29,0.5
15583,1981-05-30,0.5
15584,1981-05-31,0.5
15585,1981-04-01,1.0
15586,1981-04-02,1.0
15587,1981-04-03,1.0
15588,1981-04-04,1.0
15589,1981-04-05,1.0
15590,1981-04-06,1.0
15591,1981-04-07,1.0
15592,1981-04-08,1.0
15593,1981-04-09,1.0
15594,1981-04-10,1.0
15595,1981-04-11,1.0
15596,1981-04-12,1.0
15597,1981-04-13,1.0
15598,1981-04-14,1.0
15599,1981-04-15,1.0
15600,1981-04-16,1.0
15601,1981-04-17,1.0
15602,1981-04-18,1.0
15603,1981-04-19,1.0
15604,1981-04-20,1.0
15605,1981-04-21,1.0
15606,1981-04-22,1.0
15607,1981-04-23,1.0
15608,1981-04-24,1.0
15609,1981-04-25,1.0
15610,1981-04-26,1.0
15611,1981-04-27,1.0
15612,1981-04-28,1.0
15613,1981-04-29,1.0
15614,1981-04-30,1.0
15615,1981-03-01,2.0
15616,1981-03-02,2.0
15617,1981-03-03,2.0
15618,1981-03-04,2.0
15619,1981-03-05,2.0
15620,1981-03-06,2.0
15621,1981-03-07,2.0
15622,1981-03-08,2.0
15623,1981-03-09,2.0
15624,1981-03-10,2.0
15625,1981-03-11,2.0
15626,1981-03-12,2.0
15627,1981-03-13,2.0
15628,1981-03-14,2.0
15629,1981-03-15,2.0
15630,1981-03-16,2.0
15631,1981-03-17,2.0
15632,1981-03-18,2.0
15633,1981-03-19,2.0
15634,1981-03-20,2.0
15635,1981-03-21,2.0
15636,1981-03-22,2.0
15637,1981-03-23,2.0
15638,1981-03-24,2.0
15639,1981-03-25,2.0
15640,1981-03-26,2.0
15641,1981-03-27,2.0
15642,1981-03-28,2.0
15643,1981-03-29,2.0
15644,1981-03-30,2.0
15645,1981-03-31,2.0
15646,1981-02-01,0.5
15647,1981-02-02,0.5
15648,1981-02-03,0.5
15649,1981-02-04,0.5
15650,1981-02-05,0.5
15651,1981-02-06,0.5
15652,1981-02-07,0.5
15653,1981-02-08,0.5
15654,1981-02-09,0.5
15655,1981-02-10,0.5
15656,1981-02-11,0.5
15657,1981-02-12,0.5
15658,1981-02-13,0.5
15659,1981-02-14,0.5
15660,1981-02-15,0.5
15661,1981-02-16,0.5
15662,1981-02-17,0.5
15663,1981-02-18,0.5
15664,1981-02-19,0.5
15665,1981-02-20,0.5
15666,1981-02-21,0.5
15667,1981-02-22,0.5
15668,1981-02-23,0.5
15669,1981-02-24,0.5
15670,1981-02-25,0.5
15671,1981-02-26,0.5
15672,1981-02-27,0.5
15673,1981-02-28,0.5
15674,1981-01-01,2.0
15675,1981-01-02,2.0
15676,1981-01-03,2.0
15677,1981-01-04,2.0
15678,1981-01-05,2.0
15679,1981-01-06,2.0
15680,1981-01-07,2.0
15681,1981-01-08,2.0
15682,1981-01-09,2.0
15683,1981-01-10,2.0
15684,1981-01-11,2.0
15685,1981-01-12,2.0
15686,1981-01-13,2.0
15687,1981-01-14,2.0
15688,1981-01-15,2.0
15689,1981-01-16,2.0
15690,1981-01-17,2.0
15691,1981-01-18,2.0
15692,1981-01-19,2.0
15693,1981-01-20,2.0
15694,1981-01-21,2.0
15695,1981-01-22,2.0
15696,1981-01-23,2.0
15697,1981-01-24,2.0
15698,1981-01-25,2.0
15699,1981-01-26,2.0
15700,1981-01-27,2.0
15701,1981-01-28,2.0
15702,1981-01-29,2.0
15703,1981-01-30,2.0
15704,1981-01-31,2.0
15705,1980-12-01,1.4
15706,1980-12-02,1.4
15707,1980-12-03,1.4
15708,1980-12-04,1.4
15709,1980-12-05,1.4
15710,1980-12-06,1.4
15711,1980-12-07,1.4
15712,1980-12-08,1.4
15713,1980-12-09,1.4
15714,1980-12-10,1.4
15715,1980-12-11,1.4
15716,1980-12-12,1.4
15717,1980-12-13,1.4
15718,1980-12-14,1.4
15719,1980-12-15,1.4
15720,1980-12-16,1.4
15721,1980-12-17,1.4
15722,1980-12-18,1.4
15723,1980-12-19,1.4
15724,1980-12-20,1.4
15725,1980-12-21,1.4
15726,1980-12-22,1.4
15727,1980-12-23,1.4
15728,1980-12-24,1.4
15729,1980-12-25,1.4
15730,1980-12-26,1.4
15731,1980-12-27,1.4
15732,1980-12-28,1.4
15733,1980-12-29,1.4
15734,1980-12-30,1.4
15735,1980-12-31,1.4
15736,1980-11-01,1.0
15737,1980-11-02,1.0
15738,1980-11-03,1.0
15739,1980-11-04,1.0
15740,1980-11-05,1.0
15741,1980-11-06,1.0
15742,1980-11-07,1.0
15743,1980-11-08,1.0
15744,1980-11-09,1.0
15745,1980-11-10,1.0
15746,1980-11-11,1.0
15747,1980-11-12,1.0
15748,1980-11-13,1.0
15749,1980-11-14,1.0
15750,1980-11-15,1.0
15751,1980-11-16,1.0
15752,1980-11-17,1.0
15753,1980-11-18,1.0
15754,1980-11-19,1.0
15755,1980-11-20,1.0
15756,1980-11-21,1.0
15757,1980-11-22,1.0
15758,1980-11-23,1.0
15759,1980-11-24,1.0
15760,1980-11-25,1.0
15761,1980-11-26,1.0
15762,1980-11-27,1.0
15763,1980-11-28,1.0
15764,1980-11-29,1.0
15765,1980-11-30,1.0
15766,1980-10-01,0.8
15767,1980-10-02,0.8
15768,1980-10-03,0.8
15769,1980-10-04,0.8
15770,1980-10-05,0.8
15771,1980-10-06,0.8
15772,1980-10-07,0.8
15773,1980-10-08,0.8
15774,1980-10-09,0.8
15775,1980-10-10,0.8
15776,1980-10-11,0.8
15777,1980-10-12,0.8
15778,1980-10-13,0.8
15779,1980-10-14,0.8
15780,1980-10-15,0.8
15781,1980-10-16,0.8
15782,1980-10-17,0.8
15783,1980-10-18,0.8
15784,1980-10-19,0.8
15785,1980-10-20,0.8
15786,1980-10-21,0.8
15787,1980-10-22,0.8
15788,1980-10-23,0.8
15789,1980-10-24,0.8
15790,1980-10-25,0.8
15791,1980-10-26,0.8
15792,1980-10-27,0.8
15793,1980-10-28,0.8
15794,1980-10-29,0.8
15795,1980-10-30,0.8
15796,1980-10-31,0.8
15797,1980-09-01,1.1
15798,1980-09-02,1.1
15799,1980-09-03,1.1
15800,1980-09-04,1.1
15801,1980-09-05,1.1
15802,1980-09-06,1.1
15803,1980-09-07,1.1
15804,1980-09-08,1.1
15805,1980-09-09,1.1
15806,1980-09-10,1.1
15807,1980-09-11,1.1
15808,1980-09-12,1.1
15809,1980-09-13,1.1
15810,1980-09-14,1.1
15811,1980-09-15,1.1
15812,1980-09-16,1.1
15813,1980-09-17,1.1
15814,1980-09-18,1.1
15815,1980-09-19,1.1
15816,1980-09-20,1.1
15817,1980-09-21,1.1
15818,1980-09-22,1.1
15819,1980-09-23,1.1
15820,1980-09-24,1.1
15821,1980-09-25,1.1
15822,1980-09-26,1.1
15823,1980-09-27,1.1
15824,1980-09-28,1.1
15825,1980-09-29,1.1
15826,1980-09-30,1.1
15827,1980-08-01,1.2
15828,1980-08-02,1.2
15829,1980-08-03,1.2
15830,1980-08-04,1.2
15831,1980-08-05,1.2
15832,1980-08-06,1.2
15833,1980-08-07,1.2
15834,1980-08-08,1.2
15835,1980-08-09,1.2
15836,1980-08-10,1.2
15837,1980-08-11,1.2
15838,1980-08-12,1.2
15839,1980-08-13,1.2
15840,1980-08-14,1.2
15841,1980-08-15,1.2
15842,1980-08-16,1.2
15843,1980-08-17,1.2
15844,1980-08-18,1.2
15845,1980-08-19,1.2
15846,1980-08-20,1.2
15847,1980-08-21,1.2
15848,1980-08-22,1.2
15849,1980-08-23,1.2
15850,1980-08-24,1.2
15851,1980-08-25,1.2
15852,1980-08-26,1.2
15853,1980-08-27,1.2
15854,1980-08-28,1.2
15855,1980-08-29,1.2
15856,1980-08-30,1.2
15857,1980-08-31,1.2
15858,1980-07-01,1.4
15859,1980-07-02,1.4
15860,1980-07-03,1.4
15861,1980-07-04,1.4
15862,1980-07-05,1.4
15863,1980-07-06,1.4
15864,1980-07-07,1.4
15865,1980-07-08,1.4
15866,1980-07-09,1.4
15867,1980-07-10,1.4
15868,1980-07-11,1.4
15869,1980-07-12,1.4
15870,1980-07-13,1.4
15871,1980-07-14,1.4
15872,1980-07-15,1.4
15873,1980-07-16,1.4
15874,1980-07-17,1.4
15875,1980-07-18,1.4
15876,1980-07-19,1.4
15877,1980-07-20,1.4
15878,1980-07-21,1.4
15879,1980-07-22,1.4
15880,1980-07-23,1.4
15881,1980-07-24,1.4
15882,1980-07-25,1.4
15883,1980-07-26,1.4
15884,1980-07-27,1.4
15885,1980-07-28,1.4
15886,1980-07-29,1.4
15887,1980-07-30,1.4
15888,1980-07-31,1.4
15889,1980-06-01,1.6
15890,1980-06-02,1.6
15891,1980-06-03,1.6
15892,1980-06-04,1.6
15893,1980-06-05,1.6
15894,1980-06-06,1.6
15895,1980-06-07,1.6
15896,1980-06-08,1.6
15897,1980-06-09,1.6
15898,1980-06-10,1.6
15899,1980-06-11,1.6
15900,1980-06-12,1.6
15901,1980-06-13,1.6
15902,1980-06-14,1.6
15903,1980-06-15,1.6
15904,1980-06-16,1.6
15905,1980-06-17,1.6
15906,1980-06-18,1.6
15907,1980-06-19,1.6
15908,1980-06-20,1.6
15909,1980-06-21,1.6
15910,1980-06-22,1.6
15911,1980-06-23,1.6
15912,1980-06-24,1.6
15913,1980-06-25,1.6
15914,1980-06-26,1.6
15915,1980-06-27,1.6
15916,1980-06-28,1.6
15917,1980-06-29,1.6
15918,1980-06-30,1.6
15919,1980-05-01,0.7
15920,1980-05-02,0.7
15921,1980-05-03,0.7
15922,1980-05-04,0.7
15923,1980-05-05,0.7
15924,1980-05-06,0.7
15925,1980-05-07,0.7
15926,1980-05-08,0.7
15927,1980-05-09,0.7
15928,1980-05-10,0.7
15929,1980-05-11,0.7
15930,1980-05-12,0.7
15931,1980-05-13,0.7
15932,1980-05-14,0.7
15933,1980-05-15,0.7
15934,1980-05-16,0.7
15935,1980-05-17,0.7
15936,1980-05-18,0.7
15937,1980-05-19,0.7
15938,1980-05-20,0.7
15939,1980-05-21,0.7
15940,1980-05-22,0.7
15941,1980-05-23,0.7
15942,1980-05-24,0.7
15943,1980-05-25,0.7
15944,1980-05-26,0.7
15945,1980-05-27,0.7
15946,1980-05-28,0.7
15947,1980-05-29,0.7
15948,1980-05-30,0.7
15949,1980-05-31,0.7
15950,1980-04-01,1.0
15951,1980-04-02,1.0
15952,1980-04-03,1.0
15953,1980-04-04,1.0
15954,1980-04-05,1.0
15955,1980-04-06,1.0
15956,1980-04-07,1.0
15957,1980-04-08,1.0
15958,1980-04-09,1.0
15959,1980-04-10,1.0
15960,1980-04-11,1.0
15961,1980-04-12,1.0
15962,1980-04-13,1.0
15963,1980-04-14,1.0
15964,1980-04-15,1.0
15965,1980-04-16,1.0
15966,1980-04-17,1.0
15967,1980-04-18,1.0
15968,1980-04-19,1.0
15969,1980-04-20,1.0
15970,1980-04-21,1.0
15971,1980-04-22,1.0
15972,1980-04-23,1.0
15973,1980-04-24,1.0
15974,1980-04-25,1.0
15975,1980-04-26,1.0
15976,1980-04-27,1.0
15977,1980-04-28,1.0
15978,1980-04-29,1.0
15979,1980-04-30,1.0
15980,1980-03-01,0.5
15981,1980-03-02,0.5
15982,1980-03-03,0.5
15983,1980-03-04,0.5
15984,1980-03-05,0.5
15985,1980-03-06,0.5
15986,1980-03-07,0.5
15987,1980-03-08,0.5
15988,1980-03-09,0.5
15989,1980-03-10,0.5
15990,1980-03-11,0.5
15991,1980-03-12,0.5
15992,1980-03-13,0.5
15993,1980-03-14,0.5
15994,1980-03-15,0.5
15995,1980-03-16,0.5
15996,1980-03-17,0.5
15997,1980-03-18,0.5
15998,1980-03-19,0.5
15999,1980-03-20,0.5
16000,1980-03-21,0.5
16001,1980-03-22,0.5
16002,1980-03-23,0.5
16003,1980-03-24,0.5
16004,1980-03-25,0.5
16005,1980-03-26,0.5
16006,1980-03-27,0.5
16007,1980-03-28,0.5
16008,1980-03-29,0.5
16009,1980-03-30,0.5
16010,1980-03-31,0.5
16011,1980-02-01,0.9
16012,1980-02-02,0.9
16013,1980-02-03,0.9
16014,1980-02-04,0.9
16015,1980-02-05,0.9
16016,1980-02-06,0.9
16017,1980-02-07,0.9
16018,1980-02-08,0.9
16019,1980-02-09,0.9
16020,1980-02-10,0.9
16021,1980-02-11,0.9
16022,1980-02-12,0.9
16023,1980-02-13,0.9
16024,1980-02-14,0.9
16025,1980-02-15,0.9
16026,1980-02-16,0.9
16027,1980-02-17,0.9
16028,1980-02-18,0.9
16029,1980-02-19,0.9
16030,1980-02-20,0.9
16031,1980-02-21,0.9
16032,1980-02-22,0.9
16033,1980-02-23,0.9
16034,1980-02-24,0.9
16035,1980-02-25,0.9
16036,1980-02-26,0.9
16037,1980-02-27,0.9
16038,1980-02-28,0.9
16039,1980-02-29,0.9
16040,1980-01-01,2.8
16041,1980-01-02,2.8
16042,1980-01-03,2.8
16043,1980-01-04,2.8
16044,1980-01-05,2.8
16045,1980-01-06,2.8
16046,1980-01-07,2.8
16047,1980-01-08,2.8
16048,1980-01-09,2.8
16049,1980-01-10,2.8
16050,1980-01-11,2.8
16051,1980-01-12,2.8
16052,1980-01-13,2.8
16053,1980-01-14,2.8
16054,1980-01-15,2.8
16055,1980-01-16,2.8
16056,1980-01-17,2.8
16057,1980-01-18,2.8
16058,1980-01-19,2.8
16059,1980-01-20,2.8
16060,1980-01-21,2.8
16061,1980-01-22,2.8
16062,1980-01-23,2.8
16063,1980-01-24,2.8
16064,1980-01-25,2.8
16065,1980-01-26,2.8
16066,1980-01-27,2.8
16067,1980-01-28,2.8
16068,1980-01-29,2.8
16069,1980-01-30,2.8
16070,1980-01-31,2.8
16071,1979-12-01,1.5
16072,1979-12-02,1.5
16073,1979-12-03,1.5
16074,1979-12-04,1.5
16075,1979-12-05,1.5
16076,1979-12-06,1.5
16077,1979-12-07,1.5
16078,1979-12-08,1.5
16079,1979-12-09,1.5
16080,1979-12-10,1.5
16081,1979-12-11,1.5
16082,1979-12-12,1.5
16083,1979-12-13,1.5
16084,1979-12-14,1.5
16085,1979-12-15,1.5
16086,1979-12-16,1.5
16087,1979-12-17,1.5
16088,1979-12-18,1.5
16089,1979-12-19,1.5
16090,1979-12-20,1.5
16091,1979-12-21,1.5
16092,1979-12-22,1.5
16093,1979-12-23,1.5
16094,1979-12-24,1.5
16095,1979-12-25,1.5
16096,1979-12-26,1.5
16097,1979-12-27,1.5
16098,1979-12-28,1.5
16099,1979-12-29,1.5
16100,1979-12-30,1.5
16101,1979-12-31,1.5
16102,1979-11-01,0.2
16103,1979-11-02,0.2
16104,1979-11-03,0.2
16105,1979-11-04,0.2
16106,1979-11-05,0.2
16107,1979-11-06,0.2
16108,1979-11-07,0.2
16109,1979-11-08,0.2
16110,1979-11-09,0.2
16111,1979-11-10,0.2
16112,1979-11-11,0.2
16113,1979-11-12,0.2
16114,1979-11-13,0.2
16115,1979-11-14,0.2
16116,1979-11-15,0.2
16117,1979-11-16,0.2
16118,1979-11-17,0.2
16119,1979-11-18,0.2
16120,1979-11-19,0.2
16121,1979-11-20,0.2
16122,1979-11-21,0.2
16123,1979-11-22,0.2
16124,1979-11-23,0.2
16125,1979-11-24,0.2
16126,1979-11-25,0.2
16127,1979-11-26,0.2
16128,1979-11-27,0.2
16129,1979-11-28,0.2
16130,1979-11-29,0.2
16131,1979-11-30,0.2
16132,1979-10-01,1.3
16133,1979-10-02,1.3
16134,1979-10-03,1.3
16135,1979-10-04,1.3
16136,1979-10-05,1.3
16137,1979-10-06,1.3
16138,1979-10-07,1.3
16139,1979-10-08,1.3
16140,1979-10-09,1.3
16141,1979-10-10,1.3
16142,1979-10-11,1.3
16143,1979-10-12,1.3
16144,1979-10-13,1.3
16145,1979-10-14,1.3
16146,1979-10-15,1.3
16147,1979-10-16,1.3
16148,1979-10-17,1.3
16149,1979-10-18,1.3
16150,1979-10-19,1.3
16151,1979-10-20,1.3
16152,1979-10-21,1.3
16153,1979-10-22,1.3
16154,1979-10-23,1.3
16155,1979-10-24,1.3
16156,1979-10-25,1.3
16157,1979-10-26,1.3
16158,1979-10-27,1.3
16159,1979-10-28,1.3
16160,1979-10-29,1.3
16161,1979-10-30,1.3
16162,1979-10-31,1.3
16163,1979-09-01,1.3
16164,1979-09-02,1.3
16165,1979-09-03,1.3
16166,1979-09-04,1.3
16167,1979-09-05,1.3
16168,1979-09-06,1.3
16169,1979-09-07,1.3
16170,1979-09-08,1.3
16171,1979-09-09,1.3
16172,1979-09-10,1.3
16173,1979-09-11,1.3
16174,1979-09-12,1.3
16175,1979-09-13,1.3
16176,1979-09-14,1.3
16177,1979-09-15,1.3
16178,1979-09-16,1.3
16179,1979-09-17,1.3
16180,1979-09-18,1.3
16181,1979-09-19,1.3
16182,1979-09-20,1.3
16183,1979-09-21,1.3
16184,1979-09-22,1.3
16185,1979-09-23,1.3
16186,1979-09-24,1.3
16187,1979-09-25,1.3
16188,1979-09-26,1.3
16189,1979-09-27,1.3
16190,1979-09-28,1.3
16191,1979-09-29,1.3
16192,1979-09-30,1.3
16193,1979-08-01,1.0
16194,1979-08-02,1.0
16195,1979-08-03,1.0
16196,1979-08-04,1.0
16197,1979-08-05,1.0
16198,1979-08-06,1.0
16199,1979-08-07,1.0
16200,1979-08-08,1.0
16201,1979-08-09,1.0
16202,1979-08-10,1.0
16203,1979-08-11,1.0
16204,1979-08-12,1.0
16205,1979-08-13,1.0
16206,1979-08-14,1.0
16207,1979-08-15,1.0
16208,1979-08-16,1.0
16209,1979-08-17,1.0
16210,1979-08-18,1.0
16211,1979-08-19,1.0
16212,1979-08-20,1.0
16213,1979-08-21,1.0
16214,1979-08-22,1.0
16215,1979-08-23,1.0
16216,1979-08-24,1.0
16217,1979-08-25,1.0
16218,1979-08-26,1.0
16219,1979-08-27,1.0
16220,1979-08-28,1.0
16221,1979-08-29,1.0
16222,1979-08-30,1.0
16223,1979-08-31,1.0
16224,1979-07-01,2.2
16225,1979-07-02,2.2
16226,1979-07-03,2.2
16227,1979-07-04,2.2
16228,1979-07-05,2.2
16229,1979-07-06,2.2
16230,1979-07-07,2.2
16231,1979-07-08,2.2
16232,1979-07-09,2.2
16233,1979-07-10,2.2
16234,1979-07-11,2.2
16235,1979-07-12,2.2
16236,1979-07-13,2.2
16237,1979-07-14,2.2
16238,1979-07-15,2.2
16239,1979-07-16,2.2
16240,1979-07-17,2.2
16241,1979-07-18,2.2
16242,1979-07-19,2.2
16243,1979-07-20,2.2
16244,1979-07-21,2.2
16245,1979-07-22,2.2
16246,1979-07-23,2.2
16247,1979-07-24,2.2
16248,1979-07-25,2.2
16249,1979-07-26,2.2
16250,1979-07-27,2.2
16251,1979-07-28,2.2
16252,1979-07-29,2.2
16253,1979-07-30,2.2
16254,1979-07-31,2.2
16255,1979-06-01,0.9
16256,1979-06-02,0.9
16257,1979-06-03,0.9
16258,1979-06-04,0.9
16259,1979-06-05,0.9
16260,1979-06-06,0.9
16261,1979-06-07,0.9
16262,1979-06-08,0.9
16263,1979-06-09,0.9
16264,1979-06-10,0.9
16265,1979-06-11,0.9
16266,1979-06-12,0.9
16267,1979-06-13,0.9
16268,1979-06-14,0.9
16269,1979-06-15,0.9
16270,1979-06-16,0.9
16271,1979-06-17,0.9
16272,1979-06-18,0.9
16273,1979-06-19,0.9
16274,1979-06-20,0.9
16275,1979-06-21,0.9
16276,1979-06-22,0.9
16277,1979-06-23,0.9
16278,1979-06-24,0.9
16279,1979-06-25,0.9
16280,1979-06-26,0.9
16281,1979-06-27,0.9
16282,1979-06-28,0.9
16283,1979-06-29,0.9
16284,1979-06-30,0.9
16285,1979-05-01,1.2
16286,1979-05-02,1.2
16287,1979-05-03,1.2
16288,1979-05-04,1.2
16289,1979-05-05,1.2
16290,1979-05-06,1.2
16291,1979-05-07,1.2
16292,1979-05-08,1.2
16293,1979-05-09,1.2
16294,1979-05-10,1.2
16295,1979-05-11,1.2
16296,1979-05-12,1.2
16297,1979-05-13,1.2
16298,1979-05-14,1.2
16299,1979-05-15,1.2
16300,1979-05-16,1.2
16301,1979-05-17,1.2
16302,1979-05-18,1.2
16303,1979-05-19,1.2
16304,1979-05-20,1.2
16305,1979-05-21,1.2
16306,1979-05-22,1.2
16307,1979-05-23,1.2
16308,1979-05-24,1.2
16309,1979-05-25,1.2
16310,1979-05-26,1.2
16311,1979-05-27,1.2
16312,1979-05-28,1.2
16313,1979-05-29,1.2
16314,1979-05-30,1.2
16315,1979-05-31,1.2
16316,1979-04-01,1.5
16317,1979-04-02,1.5
16318,1979-04-03,1.5
16319,1979-04-04,1.5
16320,1979-04-05,1.5
16321,1979-04-06,1.5
16322,1979-04-07,1.5
16323,1979-04-08,1.5
16324,1979-04-09,1.5
16325,1979-04-10,1.5
16326,1979-04-11,1.5
16327,1979-04-12,1.5
16328,1979-04-13,1.5
16329,1979-04-14,1.5
16330,1979-04-15,1.5
16331,1979-04-16,1.5
16332,1979-04-17,1.5
16333,1979-04-18,1.5
16334,1979-04-19,1.5
16335,1979-04-20,1.5
16336,1979-04-21,1.5
16337,1979-04-22,1.5
16338,1979-04-23,1.5
16339,1979-04-24,1.5
16340,1979-04-25,1.5
16341,1979-04-26,1.5
16342,1979-04-27,1.5
16343,1979-04-28,1.5
16344,1979-04-29,1.5
16345,1979-04-30,1.5
16346,1979-03-01,1.0
16347,1979-03-02,1.0
16348,1979-03-03,1.0
16349,1979-03-04,1.0
16350,1979-03-05,1.0
16351,1979-03-06,1.0
16352,1979-03-07,1.0
16353,1979-03-08,1.0
16354,1979-03-09,1.0
16355,1979-03-10,1.0
16356,1979-03-11,1.0
16357,1979-03-12,1.0
16358,1979-03-13,1.0
16359,1979-03-14,1.0
16360,1979-03-15,1.0
16361,1979-03-16,1.0
16362,1979-03-17,1.0
16363,1979-03-18,1.0
16364,1979-03-19,1.0
16365,1979-03-20,1.0
16366,1979-03-21,1.0
16367,1979-03-22,1.0
16368,1979-03-23,1.0
16369,1979-03-24,1.0
16370,1979-03-25,1.0
16371,1979-03-26,1.0
16372,1979-03-27,1.0
16373,1979-03-28,1.0
16374,1979-03-29,1.0
16375,1979-03-30,1.0
16376,1979-03-31,1.0
16377,1979-02-01,0.8
16378,1979-02-02,0.8
16379,1979-02-03,0.8
16380,1979-02-04,0.8
16381,1979-02-05,0.8
16382,1979-02-06,0.8
16383,1979-02-07,0.8
16384,1979-02-08,0.8
16385,1979-02-09,0.8
16386,1979-02-10,0.8
16387,1979-02-11,0.8
16388,1979-02-12,0.8
16389,1979-02-13,0.8
16390,1979-02-14,0.8
16391,1979-02-15,0.8
16392,1979-02-16,0.8
16393,1979-02-17,0.8
16394,1979-02-18,0.8
16395,1979-02-19,0.8
16396,1979-02-20,0.8
16397,1979-02-21,0.8
16398,1979-02-22,0.8
16399,1979-02-23,0.8
16400,1979-02-24,0.8
16401,1979-02-25,0.8
16402,1979-02-26,0.8
16403,1979-02-27,0.8
16404,1979-02-28,0.8
16405,1979-01-01,1.7
16406,1979-01-02,1.7
16407,1979-01-03,1.7
16408,1979-01-04,1.7
16409,1979-01-05,1.7
16410,1979-01-06,1.7
16411,1979-01-07,1.7
16412,1979-01-08,1.7
16413,1979-01-09,1.7
16414,1979-01-10,1.7
16415,1979-01-11,1.7
16416,1979-01-12,1.7
16417,1979-01-13,1.7
16418,1979-01-14,1.7
16419,1979-01-15,1.7
16420,1979-01-16,1.7
16421,1979-01-17,1.7
16422,1979-01-18,1.7
16423,1979-01-19,1.7
16424,1979-01-20,1.7
16425,1979-01-21,1.7
16426,1979-01-22,1.7
16427,1979-01-23,1.7
16428,1979-01-24,1.7
16429,1979-01-25,1.7
16430,1979-01-26,1.7
16431,1979-01-27,1.7
16432,1979-01-28,1.7
16433,1979-01-29,1.7
16434,1979-01-30,1.7
16435,1979-01-31,1.7
16436,1978-12-01,1.4
16437,1978-12-02,1.4
16438,1978-12-03,1.4
16439,1978-12-04,1.4
16440,1978-12-05,1.4
16441,1978-12-06,1.4
16442,1978-12-07,1.4
16443,1978-12-08,1.4
16444,1978-12-09,1.4
16445,1978-12-10,1.4
16446,1978-12-11,1.4
16447,1978-12-12,1.4
16448,1978-12-13,1.4
16449,1978-12-14,1.4
16450,1978-12-15,1.4
16451,1978-12-16,1.4
16452,1978-12-17,1.4
16453,1978-12-18,1.4
16454,1978-12-19,1.4
16455,1978-12-20,1.4
16456,1978-12-21,1.4
16457,1978-12-22,1.4
16458,1978-12-23,1.4
16459,1978-12-24,1.4
16460,1978-12-25,1.4
16461,1978-12-26,1.4
16462,1978-12-27,1.4
16463,1978-12-28,1.4
16464,1978-12-29,1.4
16465,1978-12-30,1.4
16466,1978-12-31,1.4
16467,1978-11-01,0.4
16468,1978-11-02,0.4
16469,1978-11-03,0.4
16470,1978-11-04,0.4
16471,1978-11-05,0.4
16472,1978-11-06,0.4
16473,1978-11-07,0.4
16474,1978-11-08,0.4
16475,1978-11-09,0.4
16476,1978-11-10,0.4
16477,1978-11-11,0.4
16478,1978-11-12,0.4
16479,1978-11-13,0.4
16480,1978-11-14,0.4
16481,1978-11-15,0.4
16482,1978-11-16,0.4
16483,1978-11-17,0.4
16484,1978-11-18,0.4
16485,1978-11-19,0.4
16486,1978-11-20,0.4
16487,1978-11-21,0.4
16488,1978-11-22,0.4
16489,1978-11-23,0.4
16490,1978-11-24,0.4
16491,1978-11-25,0.4
16492,1978-11-26,0.4
16493,1978-11-27,0.4
16494,1978-11-28,0.4
16495,1978-11-29,0.4
16496,1978-11-30,0.4
16497,1978-10-01,0.9
16498,1978-10-02,0.9
16499,1978-10-03,0.9
16500,1978-10-04,0.9
16501,1978-10-05,0.9
16502,1978-10-06,0.9
16503,1978-10-07,0.9
16504,1978-10-08,0.9
16505,1978-10-09,0.9
16506,1978-10-10,0.9
16507,1978-10-11,0.9
16508,1978-10-12,0.9
16509,1978-10-13,0.9
16510,1978-10-14,0.9
16511,1978-10-15,0.9
16512,1978-10-16,0.9
16513,1978-10-17,0.9
16514,1978-10-18,0.9
16515,1978-10-19,0.9
16516,1978-10-20,0.9
16517,1978-10-21,0.9
16518,1978-10-22,0.9
16519,1978-10-23,0.9
16520,1978-10-24,0.9
16521,1978-10-25,0.9
16522,1978-10-26,0.9
16523,1978-10-27,0.9
16524,1978-10-28,0.9
16525,1978-10-29,0.9
16526,1978-10-30,0.9
16527,1978-10-31,0.9
16528,1978-09-01,0.8
16529,1978-09-02,0.8
16530,1978-09-03,0.8
16531,1978-09-04,0.8
16532,1978-09-05,0.8
16533,1978-09-06,0.8
16534,1978-09-07,0.8
16535,1978-09-08,0.8
16536,1978-09-09,0.8
16537,1978-09-10,0.8
16538,1978-09-11,0.8
16539,1978-09-12,0.8
16540,1978-09-13,0.8
16541,1978-09-14,0.8
16542,1978-09-15,0.8
16543,1978-09-16,0.8
16544,1978-09-17,0.8
16545,1978-09-18,0.8
16546,1978-09-19,0.8
16547,1978-09-20,0.8
16548,1978-09-21,0.8
16549,1978-09-22,0.8
16550,1978-09-23,0.8
16551,1978-09-24,0.8
16552,1978-09-25,0.8
16553,1978-09-26,0.8
16554,1978-09-27,0.8
16555,1978-09-28,0.8
16556,1978-09-29,0.8
16557,1978-09-30,0.8
16558,1978-08-01,1.7
16559,1978-08-02,1.7
16560,1978-08-03,1.7
16561,1978-08-04,1.7
16562,1978-08-05,1.7
16563,1978-08-06,1.7
16564,1978-08-07,1.7
16565,1978-08-08,1.7
16566,1978-08-09,1.7
16567,1978-08-10,1.7
16568,1978-08-11,1.7
16569,1978-08-12,1.7
16570,1978-08-13,1.7
16571,1978-08-14,1.7
16572,1978-08-15,1.7
16573,1978-08-16,1.7
16574,1978-08-17,1.7
16575,1978-08-18,1.7
16576,1978-08-19,1.7
16577,1978-08-20,1.7
16578,1978-08-21,1.7
16579,1978-08-22,1.7
16580,1978-08-23,1.7
16581,1978-08-24,1.7
16582,1978-08-25,1.7
16583,1978-08-26,1.7
16584,1978-08-27,1.7
16585,1978-08-28,1.7
16586,1978-08-29,1.7
16587,1978-08-30,1.7
16588,1978-08-31,1.7
16589,1978-07-01,2.2
16590,1978-07-02,2.2
16591,1978-07-03,2.2
16592,1978-07-04,2.2
16593,1978-07-05,2.2
16594,1978-07-06,2.2
16595,1978-07-07,2.2
16596,1978-07-08,2.2
16597,1978-07-09,2.2
16598,1978-07-10,2.2
16599,1978-07-11,2.2
16600,1978-07-12,2.2
16601,1978-07-13,2.2
16602,1978-07-14,2.2
16603,1978-07-15,2.2
16604,1978-07-16,2.2
16605,1978-07-17,2.2
16606,1978-07-18,2.2
16607,1978-07-19,2.2
16608,1978-07-20,2.2
16609,1978-07-21,2.2
16610,1978-07-22,2.2
16611,1978-07-23,2.2
16612,1978-07-24,2.2
16613,1978-07-25,2.2
16614,1978-07-26,2.2
16615,1978-07-27,2.2
16616,1978-07-28,2.2
16617,1978-07-29,2.2
16618,1978-07-30,2.2
16619,1978-07-31,2.2
16620,1978-06-01,1.0
16621,1978-06-02,1.0
16622,1978-06-03,1.0
16623,1978-06-04,1.0
16624,1978-06-05,1.0
16625,1978-06-06,1.0
16626,1978-06-07,1.0
16627,1978-06-08,1.0
16628,1978-06-09,1.0
16629,1978-06-10,1.0
16630,1978-06-11,1.0
16631,1978-06-12,1.0
16632,1978-06-13,1.0
16633,1978-06-14,1.0
16634,1978-06-15,1.0
16635,1978-06-16,1.0
16636,1978-06-17,1.0
16637,1978-06-18,1.0
16638,1978-06-19,1.0
16639,1978-06-20,1.0
16640,1978-06-21,1.0
16641,1978-06-22,1.0
16642,1978-06-23,1.0
16643,1978-06-24,1.0
16644,1978-06-25,1.0
16645,1978-06-26,1.0
16646,1978-06-27,1.0
16647,1978-06-28,1.0
16648,1978-06-29,1.0
16649,1978-06-30,1.0
16650,1978-05-01,1.0
16651,1978-05-02,1.0
16652,1978-05-03,1.0
16653,1978-05-04,1.0
16654,1978-05-05,1.0
16655,1978-05-06,1.0
16656,1978-05-07,1.0
16657,1978-05-08,1.0
16658,1978-05-09,1.0
16659,1978-05-10,1.0
16660,1978-05-11,1.0
16661,1978-05-12,1.0
16662,1978-05-13,1.0
16663,1978-05-14,1.0
16664,1978-05-15,1.0
16665,1978-05-16,1.0
16666,1978-05-17,1.0
16667,1978-05-18,1.0
16668,1978-05-19,1.0
16669,1978-05-20,1.0
16670,1978-05-21,1.0
16671,1978-05-22,1.0
16672,1978-05-23,1.0
16673,1978-05-24,1.0
16674,1978-05-25,1.0
16675,1978-05-26,1.0
16676,1978-05-27,1.0
16677,1978-05-28,1.0
16678,1978-05-29,1.0
16679,1978-05-30,1.0
16680,1978-05-31,1.0
16681,1978-04-01,2.1
16682,1978-04-02,2.1
16683,1978-04-03,2.1
16684,1978-04-04,2.1
16685,1978-04-05,2.1
16686,1978-04-06,2.1
16687,1978-04-07,2.1
16688,1978-04-08,2.1
16689,1978-04-09,2.1
16690,1978-04-10,2.1
16691,1978-04-11,2.1
16692,1978-04-12,2.1
16693,1978-04-13,2.1
16694,1978-04-14,2.1
16695,1978-04-15,2.1
16696,1978-04-16,2.1
16697,1978-04-17,2.1
16698,1978-04-18,2.1
16699,1978-04-19,2.1
16700,1978-04-20,2.1
16701,1978-04-21,2.1
16702,1978-04-22,2.1
16703,1978-04-23,2.1
16704,1978-04-24,2.1
16705,1978-04-25,2.1
16706,1978-04-26,2.1
16707,1978-04-27,2.1
16708,1978-04-28,2.1
16709,1978-04-29,2.1
16710,1978-04-30,2.1
16711,1978-03-01,1.3
16712,1978-03-02,1.3
16713,1978-03-03,1.3
16714,1978-03-04,1.3
16715,1978-03-05,1.3
16716,1978-03-06,1.3
16717,1978-03-07,1.3
16718,1978-03-08,1.3
16719,1978-03-09,1.3
16720,1978-03-10,1.3
16721,1978-03-11,1.3
16722,1978-03-12,1.3
16723,1978-03-13,1.3
16724,1978-03-14,1.3
16725,1978-03-15,1.3
16726,1978-03-16,1.3
16727,1978-03-17,1.3
16728,1978-03-18,1.3
16729,1978-03-19,1.3
16730,1978-03-20,1.3
16731,1978-03-21,1.3
16732,1978-03-22,1.3
16733,1978-03-23,1.3
16734,1978-03-24,1.3
16735,1978-03-25,1.3
16736,1978-03-26,1.3
16737,1978-03-27,1.3
16738,1978-03-28,1.3
16739,1978-03-29,1.3
16740,1978-03-30,1.3
16741,1978-03-31,1.3
16742,1978-02-01,1.0
16743,1978-02-02,1.0
16744,1978-02-03,1.0
16745,1978-02-04,1.0
16746,1978-02-05,1.0
16747,1978-02-06,1.0
16748,1978-02-07,1.0
16749,1978-02-08,1.0
16750,1978-02-09,1.0
16751,1978-02-10,1.0
16752,1978-02-11,1.0
16753,1978-02-12,1.0
16754,1978-02-13,1.0
16755,1978-02-14,1.0
16756,1978-02-15,1.0
16757,1978-02-16,1.0
16758,1978-02-17,1.0
16759,1978-02-18,1.0
16760,1978-02-19,1.0
16761,1978-02-20,1.0
16762,1978-02-21,1.0
16763,1978-02-22,1.0
16764,1978-02-23,1.0
16765,1978-02-24,1.0
16766,1978-02-25,1.0
16767,1978-02-26,1.0
16768,1978-02-27,1.0
16769,1978-02-28,1.0
16770,1978-01-01,1.6
16771,1978-01-02,1.6
16772,1978-01-03,1.6
16773,1978-01-04,1.6
16774,1978-01-05,1.6
16775,1978-01-06,1.6
16776,1978-01-07,1.6
16777,1978-01-08,1.6
16778,1978-01-09,1.6
16779,1978-01-10,1.6
16780,1978-01-11,1.6
16781,1978-01-12,1.6
16782,1978-01-13,1.6
16783,1978-01-14,1.6
16784,1978-01-15,1.6
16785,1978-01-16,1.6
16786,1978-01-17,1.6
16787,1978-01-18,1.6
16788,1978-01-19,1.6
16789,1978-01-20,1.6
16790,1978-01-21,1.6
16791,1978-01-22,1.6
16792,1978-01-23,1.6
16793,1978-01-24,1.6
16794,1978-01-25,1.6
16795,1978-01-26,1.6
16796,1978-01-27,1.6
16797,1978-01-28,1.6
16798,1978-01-29,1.6
16799,1978-01-30,1.6
16800,1978-01-31,1.6
16801,1977-12-01,0.8
16802,1977-12-02,0.8
16803,1977-12-03,0.8
16804,1977-12-04,0.8
16805,1977-12-05,0.8
16806,1977-12-06,0.8
16807,1977-12-07,0.8
16808,1977-12-08,0.8
16809,1977-12-09,0.8
16810,1977-12-10,0.8
16811,1977-12-11,0.8
16812,1977-12-12,0.8
16813,1977-12-13,0.8
16814,1977-12-14,0.8
16815,1977-12-15,0.8
16816,1977-12-16,0.8
16817,1977-12-17,0.8
16818,1977-12-18,0.8
16819,1977-12-19,0.8
16820,1977-12-20,0.8
16821,1977-12-21,0.8
16822,1977-12-22,0.8
16823,1977-12-23,0.8
16824,1977-12-24,0.8
16825,1977-12-25,0.8
16826,1977-12-26,0.8
16827,1977-12-27,0.8
16828,1977-12-28,0.8
16829,1977-12-29,0.8
16830,1977-12-30,0.8
16831,1977-12-31,0.8
16832,1977-11-01,0.8
16833,1977-11-02,0.8
16834,1977-11-03,0.8
16835,1977-11-04,0.8
16836,1977-11-05,0.8
16837,1977-11-06,0.8
16838,1977-11-07,0.8
16839,1977-11-08,0.8
16840,1977-11-09,0.8
16841,1977-11-10,0.8
16842,1977-11-11,0.8
16843,1977-11-12,0.8
16844,1977-11-13,0.8
16845,1977-11-14,0.8
16846,1977-11-15,0.8
16847,1977-11-16,0.8
16848,1977-11-17,0.8
16849,1977-11-18,0.8
16850,1977-11-19,0.8
16851,1977-11-20,0.8
16852,1977-11-21,0.8
16853,1977-11-22,0.8
16854,1977-11-23,0.8
16855,1977-11-24,0.8
16856,1977-11-25,0.8
16857,1977-11-26,0.8
16858,1977-11-27,0.8
16859,1977-11-28,0.8
16860,1977-11-29,0.8
16861,1977-11-30,0.8
16862,1977-10-01,1.6
16863,1977-10-02,1.6
16864,1977-10-03,1.6
16865,1977-10-04,1.6
16866,1977-10-05,1.6
16867,1977-10-06,1.6
16868,1977-10-07,1.6
16869,1977-10-08,1.6
16870,1977-10-09,1.6
16871,1977-10-10,1.6
16872,1977-10-11,1.6
16873,1977-10-12,1.6
16874,1977-10-13,1.6
16875,1977-10-14,1.6
16876,1977-10-15,1.6
16877,1977-10-16,1.6
16878,1977-10-17,1.6
16879,1977-10-18,1.6
16880,1977-10-19,1.6
16881,1977-10-20,1.6
16882,1977-10-21,1.6
16883,1977-10-22,1.6
16884,1977-10-23,1.6
16885,1977-10-24,1.6
16886,1977-10-25,1.6
16887,1977-10-26,1.6
16888,1977-10-27,1.6
16889,1977-10-28,1.6
16890,1977-10-29,1.6
16891,1977-10-30,1.6
16892,1977-10-31,1.6
16893,1977-09-01,1.4
16894,1977-09-02,1.4
16895,1977-09-03,1.4
16896,1977-09-04,1.4
16897,1977-09-05,1.4
16898,1977-09-06,1.4
16899,1977-09-07,1.4
16900,1977-09-08,1.4
16901,1977-09-09,1.4
16902,1977-09-10,1.4
16903,1977-09-11,1.4
16904,1977-09-12,1.4
16905,1977-09-13,1.4
16906,1977-09-14,1.4
16907,1977-09-15,1.4
16908,1977-09-16,1.4
16909,1977-09-17,1.4
16910,1977-09-18,1.4
16911,1977-09-19,1.4
16912,1977-09-20,1.4
16913,1977-09-21,1.4
16914,1977-09-22,1.4
16915,1977-09-23,1.4
16916,1977-09-24,1.4
16917,1977-09-25,1.4
16918,1977-09-26,1.4
16919,1977-09-27,1.4
16920,1977-09-28,1.4
16921,1977-09-29,1.4
16922,1977-09-30,1.4
16923,1977-08-01,3.2
16924,1977-08-02,3.2
16925,1977-08-03,3.2
16926,1977-08-04,3.2
16927,1977-08-05,3.2
16928,1977-08-06,3.2
16929,1977-08-07,3.2
16930,1977-08-08,3.2
16931,1977-08-09,3.2
16932,1977-08-10,3.2
16933,1977-08-11,3.2
16934,1977-08-12,3.2
16935,1977-08-13,3.2
16936,1977-08-14,3.2
16937,1977-08-15,3.2
16938,1977-08-16,3.2
16939,1977-08-17,3.2
16940,1977-08-18,3.2
16941,1977-08-19,3.2
16942,1977-08-20,3.2
16943,1977-08-21,3.2
16944,1977-08-22,3.2
16945,1977-08-23,3.2
16946,1977-08-24,3.2
16947,1977-08-25,3.2
16948,1977-08-26,3.2
16949,1977-08-27,3.2
16950,1977-08-28,3.2
16951,1977-08-29,3.2
16952,1977-08-30,3.2
16953,1977-08-31,3.2
16954,1977-07-01,3.3
16955,1977-07-02,3.3
16956,1977-07-03,3.3
16957,1977-07-04,3.3
16958,1977-07-05,3.3
16959,1977-07-06,3.3
16960,1977-07-07,3.3
16961,1977-07-08,3.3
16962,1977-07-09,3.3
16963,1977-07-10,3.3
16964,1977-07-11,3.3
16965,1977-07-12,3.3
16966,1977-07-13,3.3
16967,1977-07-14,3.3
16968,1977-07-15,3.3
16969,1977-07-16,3.3
16970,1977-07-17,3.3
16971,1977-07-18,3.3
16972,1977-07-19,3.3
16973,1977-07-20,3.3
16974,1977-07-21,3.3
16975,1977-07-22,3.3
16976,1977-07-23,3.3
16977,1977-07-24,3.3
16978,1977-07-25,3.3
16979,1977-07-26,3.3
16980,1977-07-27,3.3
16981,1977-07-28,3.3
16982,1977-07-29,3.3
16983,1977-07-30,3.3
16984,1977-07-31,3.3
16985,1977-06-01,2.8
16986,1977-06-02,2.8
16987,1977-06-03,2.8
16988,1977-06-04,2.8
16989,1977-06-05,2.8
16990,1977-06-06,2.8
16991,1977-06-07,2.8
16992,1977-06-08,2.8
16993,1977-06-09,2.8
16994,1977-06-10,2.8
16995,1977-06-11,2.8
16996,1977-06-12,2.8
16997,1977-06-13,2.8
16998,1977-06-14,2.8
16999,1977-06-15,2.8
17000,1977-06-16,2.8
17001,1977-06-17,2.8
17002,1977-06-18,2.8
17003,1977-06-19,2.8
17004,1977-06-20,2.8
17005,1977-06-21,2.8
17006,1977-06-22,2.8
17007,1977-06-23,2.8
17008,1977-06-24,2.8
17009,1977-06-25,2.8
17010,1977-06-26,2.8
17011,1977-06-27,2.8
17012,1977-06-28,2.8
17013,1977-06-29,2.8
17014,1977-06-30,2.8
17015,1977-05-01,0.9
17016,1977-05-02,0.9
17017,1977-05-03,0.9
17018,1977-05-04,0.9
17019,1977-05-05,0.9
17020,1977-05-06,0.9
17021,1977-05-07,0.9
17022,1977-05-08,0.9
17023,1977-05-09,0.9
17024,1977-05-10,0.9
17025,1977-05-11,0.9
17026,1977-05-12,0.9
17027,1977-05-13,0.9
17028,1977-05-14,0.9
17029,1977-05-15,0.9
17030,1977-05-16,0.9
17031,1977-05-17,0.9
17032,1977-05-18,0.9
17033,1977-05-19,0.9
17034,1977-05-20,0.9
17035,1977-05-21,0.9
17036,1977-05-22,0.9
17037,1977-05-23,0.9
17038,1977-05-24,0.9
17039,1977-05-25,0.9
17040,1977-05-26,0.9
17041,1977-05-27,0.9
17042,1977-05-28,0.9
17043,1977-05-29,0.9
17044,1977-05-30,0.9
17045,1977-05-31,0.9
17046,1977-04-01,1.8
17047,1977-04-02,1.8
17048,1977-04-03,1.8
17049,1977-04-04,1.8
17050,1977-04-05,1.8
17051,1977-04-06,1.8
17052,1977-04-07,1.8
17053,1977-04-08,1.8
17054,1977-04-09,1.8
17055,1977-04-10,1.8
17056,1977-04-11,1.8
17057,1977-04-12,1.8
17058,1977-04-13,1.8
17059,1977-04-14,1.8
17060,1977-04-15,1.8
17061,1977-04-16,1.8
17062,1977-04-17,1.8
17063,1977-04-18,1.8
17064,1977-04-19,1.8
17065,1977-04-20,1.8
17066,1977-04-21,1.8
17067,1977-04-22,1.8
17068,1977-04-23,1.8
17069,1977-04-24,1.8
17070,1977-04-25,1.8
17071,1977-04-26,1.8
17072,1977-04-27,1.8
17073,1977-04-28,1.8
17074,1977-04-29,1.8
17075,1977-04-30,1.8
17076,1977-03-01,2.4
17077,1977-03-02,2.4
17078,1977-03-03,2.4
17079,1977-03-04,2.4
17080,1977-03-05,2.4
17081,1977-03-06,2.4
17082,1977-03-07,2.4
17083,1977-03-08,2.4
17084,1977-03-09,2.4
17085,1977-03-10,2.4
17086,1977-03-11,2.4
17087,1977-03-12,2.4
17088,1977-03-13,2.4
17089,1977-03-14,2.4
17090,1977-03-15,2.4
17091,1977-03-16,2.4
17092,1977-03-17,2.4
17093,1977-03-18,2.4
17094,1977-03-19,2.4
17095,1977-03-20,2.4
17096,1977-03-21,2.4
17097,1977-03-22,2.4
17098,1977-03-23,2.4
17099,1977-03-24,2.4
17100,1977-03-25,2.4
17101,1977-03-26,2.4
17102,1977-03-27,2.4
17103,1977-03-28,2.4
17104,1977-03-29,2.4
17105,1977-03-30,2.4
17106,1977-03-31,2.4
17107,1977-02-01,1.5
17108,1977-02-02,1.5
17109,1977-02-03,1.5
17110,1977-02-04,1.5
17111,1977-02-05,1.5
17112,1977-02-06,1.5
17113,1977-02-07,1.5
17114,1977-02-08,1.5
17115,1977-02-09,1.5
17116,1977-02-10,1.5
17117,1977-02-11,1.5
17118,1977-02-12,1.5
17119,1977-02-13,1.5
17120,1977-02-14,1.5
17121,1977-02-15,1.5
17122,1977-02-16,1.5
17123,1977-02-17,1.5
17124,1977-02-18,1.5
17125,1977-02-19,1.5
17126,1977-02-20,1.5
17127,1977-02-21,1.5
17128,1977-02-22,1.5
17129,1977-02-23,1.5
17130,1977-02-24,1.5
17131,1977-02-25,1.5
17132,1977-02-26,1.5
17133,1977-02-27,1.5
17134,1977-02-28,1.5
17135,1977-01-01,3.3
17136,1977-01-02,3.3
17137,1977-01-03,3.3
17138,1977-01-04,3.3
17139,1977-01-05,3.3
17140,1977-01-06,3.3
17141,1977-01-07,3.3
17142,1977-01-08,3.3
17143,1977-01-09,3.3
17144,1977-01-10,3.3
17145,1977-01-11,3.3
17146,1977-01-12,3.3
17147,1977-01-13,3.3
17148,1977-01-14,3.3
17149,1977-01-15,3.3
17150,1977-01-16,3.3
17151,1977-01-17,3.3
17152,1977-01-18,3.3
17153,1977-01-19,3.3
17154,1977-01-20,3.3
17155,1977-01-21,3.3
17156,1977-01-22,3.3
17157,1977-01-23,3.3
17158,1977-01-24,3.3
17159,1977-01-25,3.3
17160,1977-01-26,3.3
17161,1977-01-27,3.3
17162,1977-01-28,3.3
17163,1977-01-29,3.3
17164,1977-01-30,3.3
17165,1977-01-31,3.3
17166,1976-12-01,1.0
17167,1976-12-02,1.0
17168,1976-12-03,1.0
17169,1976-12-04,1.0
17170,1976-12-05,1.0
17171,1976-12-06,1.0
17172,1976-12-07,1.0
17173,1976-12-08,1.0
17174,1976-12-09,1.0
17175,1976-12-10,1.0
17176,1976-12-11,1.0
17177,1976-12-12,1.0
17178,1976-12-13,1.0
17179,1976-12-14,1.0
17180,1976-12-15,1.0
17181,1976-12-16,1.0
17182,1976-12-17,1.0
17183,1976-12-18,1.0
17184,1976-12-19,1.0
17185,1976-12-20,1.0
17186,1976-12-21,1.0
17187,1976-12-22,1.0
17188,1976-12-23,1.0
17189,1976-12-24,1.0
17190,1976-12-25,1.0
17191,1976-12-26,1.0
17192,1976-12-27,1.0
17193,1976-12-28,1.0
17194,1976-12-29,1.0
17195,1976-12-30,1.0
17196,1976-12-31,1.0
17197,1976-11-01,1.9
17198,1976-11-02,1.9
17199,1976-11-03,1.9
17200,1976-11-04,1.9
17201,1976-11-05,1.9
17202,1976-11-06,1.9
17203,1976-11-07,1.9
17204,1976-11-08,1.9
17205,1976-11-09,1.9
17206,1976-11-10,1.9
17207,1976-11-11,1.9
17208,1976-11-12,1.9
17209,1976-11-13,1.9
17210,1976-11-14,1.9
17211,1976-11-15,1.9
17212,1976-11-16,1.9
17213,1976-11-17,1.9
17214,1976-11-18,1.9
17215,1976-11-19,1.9
17216,1976-11-20,1.9
17217,1976-11-21,1.9
17218,1976-11-22,1.9
17219,1976-11-23,1.9
17220,1976-11-24,1.9
17221,1976-11-25,1.9
17222,1976-11-26,1.9
17223,1976-11-27,1.9
17224,1976-11-28,1.9
17225,1976-11-29,1.9
17226,1976-11-30,1.9
17227,1976-10-01,1.4
17228,1976-10-02,1.4
17229,1976-10-03,1.4
17230,1976-10-04,1.4
17231,1976-10-05,1.4
17232,1976-10-06,1.4
17233,1976-10-07,1.4
17234,1976-10-08,1.4
17235,1976-10-09,1.4
17236,1976-10-10,1.4
17237,1976-10-11,1.4
17238,1976-10-12,1.4
17239,1976-10-13,1.4
17240,1976-10-14,1.4
17241,1976-10-15,1.4
17242,1976-10-16,1.4
17243,1976-10-17,1.4
17244,1976-10-18,1.4
17245,1976-10-19,1.4
17246,1976-10-20,1.4
17247,1976-10-21,1.4
17248,1976-10-22,1.4
17249,1976-10-23,1.4
17250,1976-10-24,1.4
17251,1976-10-25,1.4
17252,1976-10-26,1.4
17253,1976-10-27,1.4
17254,1976-10-28,1.4
17255,1976-10-29,1.4
17256,1976-10-30,1.4
17257,1976-10-31,1.4
17258,1976-09-01,1.9
17259,1976-09-02,1.9
17260,1976-09-03,1.9
17261,1976-09-04,1.9
17262,1976-09-05,1.9
17263,1976-09-06,1.9
17264,1976-09-07,1.9
17265,1976-09-08,1.9
17266,1976-09-09,1.9
17267,1976-09-10,1.9
17268,1976-09-11,1.9
17269,1976-09-12,1.9
17270,1976-09-13,1.9
17271,1976-09-14,1.9
17272,1976-09-15,1.9
17273,1976-09-16,1.9
17274,1976-09-17,1.9
17275,1976-09-18,1.9
17276,1976-09-19,1.9
17277,1976-09-20,1.9
17278,1976-09-21,1.9
17279,1976-09-22,1.9
17280,1976-09-23,1.9
17281,1976-09-24,1.9
17282,1976-09-25,1.9
17283,1976-09-26,1.9
17284,1976-09-27,1.9
17285,1976-09-28,1.9
17286,1976-09-29,1.9
17287,1976-09-30,1.9
17288,1976-08-01,0.8
17289,1976-08-02,0.8
17290,1976-08-03,0.8
17291,1976-08-04,0.8
17292,1976-08-05,0.8
17293,1976-08-06,0.8
17294,1976-08-07,0.8
17295,1976-08-08,0.8
17296,1976-08-09,0.8
17297,1976-08-10,0.8
17298,1976-08-11,0.8
17299,1976-08-12,0.8
17300,1976-08-13,0.8
17301,1976-08-14,0.8
17302,1976-08-15,0.8
17303,1976-08-16,0.8
17304,1976-08-17,0.8
17305,1976-08-18,0.8
17306,1976-08-19,0.8
17307,1976-08-20,0.8
17308,1976-08-21,0.8
17309,1976-08-22,0.8
17310,1976-08-23,0.8
17311,1976-08-24,0.8
17312,1976-08-25,0.8
17313,1976-08-26,0.8
17314,1976-08-27,0.8
17315,1976-08-28,0.8
17316,1976-08-29,0.8
17317,1976-08-30,0.8
17318,1976-08-31,0.8
17319,1976-07-01,0.6
17320,1976-07-02,0.6
17321,1976-07-03,0.6
17322,1976-07-04,0.6
17323,1976-07-05,0.6
17324,1976-07-06,0.6
17325,1976-07-07,0.6
17326,1976-07-08,0.6
17327,1976-07-09,0.6
17328,1976-07-10,0.6
17329,1976-07-11,0.6
17330,1976-07-12,0.6
17331,1976-07-13,0.6
17332,1976-07-14,0.6
17333,1976-07-15,0.6
17334,1976-07-16,0.6
17335,1976-07-17,0.6
17336,1976-07-18,0.6
17337,1976-07-19,0.6
17338,1976-07-20,0.6
17339,1976-07-21,0.6
17340,1976-07-22,0.6
17341,1976-07-23,0.6
17342,1976-07-24,0.6
17343,1976-07-25,0.6
17344,1976-07-26,0.6
17345,1976-07-27,0.6
17346,1976-07-28,0.6
17347,1976-07-29,0.6
17348,1976-07-30,0.6
17349,1976-07-31,0.6
17350,1976-06-01,-0.6
17351,1976-06-02,-0.6
17352,1976-06-03,-0.6
17353,1976-06-04,-0.6
17354,1976-06-05,-0.6
17355,1976-06-06,-0.6
17356,1976-06-07,-0.6
17357,1976-06-08,-0.6
17358,1976-06-09,-0.6
17359,1976-06-10,-0.6
17360,1976-06-11,-0.6
17361,1976-06-12,-0.6
17362,1976-06-13,-0.6
17363,1976-06-14,-0.6
17364,1976-06-15,-0.6
17365,1976-06-16,-0.6
17366,1976-06-17,-0.6
17367,1976-06-18,-0.6
17368,1976-06-19,-0.6
17369,1976-06-20,-0.6
17370,1976-06-21,-0.6
17371,1976-06-22,-0.6
17372,1976-06-23,-0.6
17373,1976-06-24,-0.6
17374,1976-06-25,-0.6
17375,1976-06-26,-0.6
17376,1976-06-27,-0.6
17377,1976-06-28,-0.6
17378,1976-06-29,-0.6
17379,1976-06-30,-0.6
17380,1976-05-01,4.6
17381,1976-05-02,4.6
17382,1976-05-03,4.6
17383,1976-05-04,4.6
17384,1976-05-05,4.6
17385,1976-05-06,4.6
17386,1976-05-07,4.6
17387,1976-05-08,4.6
17388,1976-05-09,4.6
17389,1976-05-10,4.6
17390,1976-05-11,4.6
17391,1976-05-12,4.6
17392,1976-05-13,4.6
17393,1976-05-14,4.6
17394,1976-05-15,4.6
17395,1976-05-16,4.6
17396,1976-05-17,4.6
17397,1976-05-18,4.6
17398,1976-05-19,4.6
17399,1976-05-20,4.6
17400,1976-05-21,4.6
17401,1976-05-22,4.6
17402,1976-05-23,4.6
17403,1976-05-24,4.6
17404,1976-05-25,4.6
17405,1976-05-26,4.6
17406,1976-05-27,4.6
17407,1976-05-28,4.6
17408,1976-05-29,4.6
17409,1976-05-30,4.6
17410,1976-05-31,4.6
17411,1976-04-01,2.0
17412,1976-04-02,2.0
17413,1976-04-03,2.0
17414,1976-04-04,2.0
17415,1976-04-05,2.0
17416,1976-04-06,2.0
17417,1976-04-07,2.0
17418,1976-04-08,2.0
17419,1976-04-09,2.0
17420,1976-04-10,2.0
17421,1976-04-11,2.0
17422,1976-04-12,2.0
17423,1976-04-13,2.0
17424,1976-04-14,2.0
17425,1976-04-15,2.0
17426,1976-04-16,2.0
17427,1976-04-17,2.0
17428,1976-04-18,2.0
17429,1976-04-19,2.0
17430,1976-04-20,2.0
17431,1976-04-21,2.0
17432,1976-04-22,2.0
17433,1976-04-23,2.0
17434,1976-04-24,2.0
17435,1976-04-25,2.0
17436,1976-04-26,2.0
17437,1976-04-27,2.0
17438,1976-04-28,2.0
17439,1976-04-29,2.0
17440,1976-04-30,2.0
17441,1976-03-01,2.3
17442,1976-03-02,2.3
17443,1976-03-03,2.3
17444,1976-03-04,2.3
17445,1976-03-05,2.3
17446,1976-03-06,2.3
17447,1976-03-07,2.3
17448,1976-03-08,2.3
17449,1976-03-09,2.3
17450,1976-03-10,2.3
17451,1976-03-11,2.3
17452,1976-03-12,2.3
17453,1976-03-13,2.3
17454,1976-03-14,2.3
17455,1976-03-15,2.3
17456,1976-03-16,2.3
17457,1976-03-17,2.3
17458,1976-03-18,2.3
17459,1976-03-19,2.3
17460,1976-03-20,2.3
17461,1976-03-21,2.3
17462,1976-03-22,2.3
17463,1976-03-23,2.3
17464,1976-03-24,2.3
17465,1976-03-25,2.3
17466,1976-03-26,2.3
17467,1976-03-27,2.3
17468,1976-03-28,2.3
17469,1976-03-29,2.3
17470,1976-03-30,2.3
17471,1976-03-31,2.3
17472,1976-02-01,1.1
17473,1976-02-02,1.1
17474,1976-02-03,1.1
17475,1976-02-04,1.1
17476,1976-02-05,1.1
17477,1976-02-06,1.1
17478,1976-02-07,1.1
17479,1976-02-08,1.1
17480,1976-02-09,1.1
17481,1976-02-10,1.1
17482,1976-02-11,1.1
17483,1976-02-12,1.1
17484,1976-02-13,1.1
17485,1976-02-14,1.1
17486,1976-02-15,1.1
17487,1976-02-16,1.1
17488,1976-02-17,1.1
17489,1976-02-18,1.1
17490,1976-02-19,1.1
17491,1976-02-20,1.1
17492,1976-02-21,1.1
17493,1976-02-22,1.1
17494,1976-02-23,1.1
17495,1976-02-24,1.1
17496,1976-02-25,1.1
17497,1976-02-26,1.1
17498,1976-02-27,1.1
17499,1976-02-28,1.1
17500,1976-02-29,1.1
17501,1976-01-01,1.2
17502,1976-01-02,1.2
17503,1976-01-03,1.2
17504,1976-01-04,1.2
17505,1976-01-05,1.2
17506,1976-01-06,1.2
17507,1976-01-07,1.2
17508,1976-01-08,1.2
17509,1976-01-09,1.2
17510,1976-01-10,1.2
17511,1976-01-11,1.2
17512,1976-01-12,1.2
17513,1976-01-13,1.2
17514,1976-01-14,1.2
17515,1976-01-15,1.2
17516,1976-01-16,1.2
17517,1976-01-17,1.2
17518,1976-01-18,1.2
17519,1976-01-19,1.2
17520,1976-01-20,1.2
17521,1976-01-21,1.2
17522,1976-01-22,1.2
17523,1976-01-23,1.2
17524,1976-01-24,1.2
17525,1976-01-25,1.2
17526,1976-01-26,1.2
17527,1976-01-27,1.2
17528,1976-01-28,1.2
17529,1976-01-29,1.2
17530,1976-01-30,1.2
17531,1976-01-31,1.2
17532,1975-12-01,1.6
17533,1975-12-02,1.6
17534,1975-12-03,1.6
17535,1975-12-04,1.6
17536,1975-12-05,1.6
17537,1975-12-06,1.6
17538,1975-12-07,1.6
17539,1975-12-08,1.6
17540,1975-12-09,1.6
17541,1975-12-10,1.6
17542,1975-12-11,1.6
17543,1975-12-12,1.6
17544,1975-12-13,1.6
17545,1975-12-14,1.6
17546,1975-12-15,1.6
17547,1975-12-16,1.6
17548,1975-12-17,1.6
17549,1975-12-18,1.6
17550,1975-12-19,1.6
17551,1975-12-20,1.6
17552,1975-12-21,1.6
17553,1975-12-22,1.6
17554,1975-12-23,1.6
17555,1975-12-24,1.6
17556,1975-12-25,1.6
17557,1975-12-26,1.6
17558,1975-12-27,1.6
17559,1975-12-28,1.6
17560,1975-12-29,1.6
17561,1975-12-30,1.6
17562,1975-12-31,1.6
17563,1975-11-01,0.7
17564,1975-11-02,0.7
17565,1975-11-03,0.7
17566,1975-11-04,0.7
17567,1975-11-05,0.7
17568,1975-11-06,0.7
17569,1975-11-07,0.7
17570,1975-11-08,0.7
17571,1975-11-09,0.7
17572,1975-11-10,0.7
17573,1975-11-11,0.7
17574,1975-11-12,0.7
17575,1975-11-13,0.7
17576,1975-11-14,0.7
17577,1975-11-15,0.7
17578,1975-11-16,0.7
17579,1975-11-17,0.7
17580,1975-11-18,0.7
17581,1975-11-19,0.7
17582,1975-11-20,0.7
17583,1975-11-21,0.7
17584,1975-11-22,0.7
17585,1975-11-23,0.7
17586,1975-11-24,0.7
17587,1975-11-25,0.7
17588,1975-11-26,0.7
17589,1975-11-27,0.7
17590,1975-11-28,0.7
17591,1975-11-29,0.7
17592,1975-11-30,0.7
17593,1975-10-01,0.0
17594,1975-10-02,0.0
17595,1975-10-03,0.0
17596,1975-10-04,0.0
17597,1975-10-05,0.0
17598,1975-10-06,0.0
17599,1975-10-07,0.0
17600,1975-10-08,0.0
17601,1975-10-09,0.0
17602,1975-10-10,0.0
17603,1975-10-11,0.0
17604,1975-10-12,0.0
17605,1975-10-13,0.0
17606,1975-10-14,0.0
17607,1975-10-15,0.0
17608,1975-10-16,0.0
17609,1975-10-17,0.0
17610,1975-10-18,0.0
17611,1975-10-19,0.0
17612,1975-10-20,0.0
17613,1975-10-21,0.0
17614,1975-10-22,0.0
17615,1975-10-23,0.0
17616,1975-10-24,0.0
17617,1975-10-25,0.0
17618,1975-10-26,0.0
17619,1975-10-27,0.0
17620,1975-10-28,0.0
17621,1975-10-29,0.0
17622,1975-10-30,0.0
17623,1975-10-31,0.0
17624,1975-09-01,1.6
17625,1975-09-02,1.6
17626,1975-09-03,1.6
17627,1975-09-04,1.6
17628,1975-09-05,1.6
17629,1975-09-06,1.6
17630,1975-09-07,1.6
17631,1975-09-08,1.6
17632,1975-09-09,1.6
17633,1975-09-10,1.6
17634,1975-09-11,1.6
17635,1975-09-12,1.6
17636,1975-09-13,1.6
17637,1975-09-14,1.6
17638,1975-09-15,1.6
17639,1975-09-16,1.6
17640,1975-09-17,1.6
17641,1975-09-18,1.6
17642,1975-09-19,1.6
17643,1975-09-20,1.6
17644,1975-09-21,1.6
17645,1975-09-22,1.6
17646,1975-09-23,1.6
17647,1975-09-24,1.6
17648,1975-09-25,1.6
17649,1975-09-26,1.6
17650,1975-09-27,1.6
17651,1975-09-28,1.6
17652,1975-09-29,1.6
17653,1975-09-30,1.6
17654,1975-08-01,1.6
17655,1975-08-02,1.6
17656,1975-08-03,1.6
17657,1975-08-04,1.6
17658,1975-08-05,1.6
17659,1975-08-06,1.6
17660,1975-08-07,1.6
17661,1975-08-08,1.6
17662,1975-08-09,1.6
17663,1975-08-10,1.6
17664,1975-08-11,1.6
17665,1975-08-12,1.6
17666,1975-08-13,1.6
17667,1975-08-14,1.6
17668,1975-08-15,1.6
17669,1975-08-16,1.6
17670,1975-08-17,1.6
17671,1975-08-18,1.6
17672,1975-08-19,1.6
17673,1975-08-20,1.6
17674,1975-08-21,1.6
17675,1975-08-22,1.6
17676,1975-08-23,1.6
17677,1975-08-24,1.6
17678,1975-08-25,1.6
17679,1975-08-26,1.6
17680,1975-08-27,1.6
17681,1975-08-28,1.6
17682,1975-08-29,1.6
17683,1975-08-30,1.6
17684,1975-08-31,1.6
17685,1975-07-01,1.6
17686,1975-07-02,1.6
17687,1975-07-03,1.6
17688,1975-07-04,1.6
17689,1975-07-05,1.6
17690,1975-07-06,1.6
17691,1975-07-07,1.6
17692,1975-07-08,1.6
17693,1975-07-09,1.6
17694,1975-07-10,1.6
17695,1975-07-11,1.6
17696,1975-07-12,1.6
17697,1975-07-13,1.6
17698,1975-07-14,1.6
17699,1975-07-15,1.6
17700,1975-07-16,1.6
17701,1975-07-17,1.6
17702,1975-07-18,1.6
17703,1975-07-19,1.6
17704,1975-07-20,1.6
17705,1975-07-21,1.6
17706,1975-07-22,1.6
17707,1975-07-23,1.6
17708,1975-07-24,1.6
17709,1975-07-25,1.6
17710,1975-07-26,1.6
17711,1975-07-27,1.6
17712,1975-07-28,1.6
17713,1975-07-29,1.6
17714,1975-07-30,1.6
17715,1975-07-31,1.6
17716,1975-06-01,0.3
17717,1975-06-02,0.3
17718,1975-06-03,0.3
17719,1975-06-04,0.3
17720,1975-06-05,0.3
17721,1975-06-06,0.3
17722,1975-06-07,0.3
17723,1975-06-08,0.3
17724,1975-06-09,0.3
17725,1975-06-10,0.3
17726,1975-06-11,0.3
17727,1975-06-12,0.3
17728,1975-06-13,0.3
17729,1975-06-14,0.3
17730,1975-06-15,0.3
17731,1975-06-16,0.3
17732,1975-06-17,0.3
17733,1975-06-18,0.3
17734,1975-06-19,0.3
17735,1975-06-20,0.3
17736,1975-06-21,0.3
17737,1975-06-22,0.3
17738,1975-06-23,0.3
17739,1975-06-24,0.3
17740,1975-06-25,0.3
17741,1975-06-26,0.3
17742,1975-06-27,0.3
17743,1975-06-28,0.3
17744,1975-06-29,0.3
17745,1975-06-30,0.3
17746,1975-05-01,1.2
17747,1975-05-02,1.2
17748,1975-05-03,1.2
17749,1975-05-04,1.2
17750,1975-05-05,1.2
17751,1975-05-06,1.2
17752,1975-05-07,1.2
17753,1975-05-08,1.2
17754,1975-05-09,1.2
17755,1975-05-10,1.2
17756,1975-05-11,1.2
17757,1975-05-12,1.2
17758,1975-05-13,1.2
17759,1975-05-14,1.2
17760,1975-05-15,1.2
17761,1975-05-16,1.2
17762,1975-05-17,1.2
17763,1975-05-18,1.2
17764,1975-05-19,1.2
17765,1975-05-20,1.2
17766,1975-05-21,1.2
17767,1975-05-22,1.2
17768,1975-05-23,1.2
17769,1975-05-24,1.2
17770,1975-05-25,1.2
17771,1975-05-26,1.2
17772,1975-05-27,1.2
17773,1975-05-28,1.2
17774,1975-05-29,1.2
17775,1975-05-30,1.2
17776,1975-05-31,1.2
17777,1975-04-01,1.8
17778,1975-04-02,1.8
17779,1975-04-03,1.8
17780,1975-04-04,1.8
17781,1975-04-05,1.8
17782,1975-04-06,1.8
17783,1975-04-07,1.8
17784,1975-04-08,1.8
17785,1975-04-09,1.8
17786,1975-04-10,1.8
17787,1975-04-11,1.8
17788,1975-04-12,1.8
17789,1975-04-13,1.8
17790,1975-04-14,1.8
17791,1975-04-15,1.8
17792,1975-04-16,1.8
17793,1975-04-17,1.8
17794,1975-04-18,1.8
17795,1975-04-19,1.8
17796,1975-04-20,1.8
17797,1975-04-21,1.8
17798,1975-04-22,1.8
17799,1975-04-23,1.8
17800,1975-04-24,1.8
17801,1975-04-25,1.8
17802,1975-04-26,1.8
17803,1975-04-27,1.8
17804,1975-04-28,1.8
17805,1975-04-29,1.8
17806,1975-04-30,1.8
17807,1975-03-01,0.7
17808,1975-03-02,0.7
17809,1975-03-03,0.7
17810,1975-03-04,0.7
17811,1975-03-05,0.7
17812,1975-03-06,0.7
17813,1975-03-07,0.7
17814,1975-03-08,0.7
17815,1975-03-09,0.7
17816,1975-03-10,0.7
17817,1975-03-11,0.7
17818,1975-03-12,0.7
17819,1975-03-13,0.7
17820,1975-03-14,0.7
17821,1975-03-15,0.7
17822,1975-03-16,0.7
17823,1975-03-17,0.7
17824,1975-03-18,0.7
17825,1975-03-19,0.7
17826,1975-03-20,0.7
17827,1975-03-21,0.7
17828,1975-03-22,0.7
17829,1975-03-23,0.7
17830,1975-03-24,0.7
17831,1975-03-25,0.7
17832,1975-03-26,0.7
17833,1975-03-27,0.7
17834,1975-03-28,0.7
17835,1975-03-29,0.7
17836,1975-03-30,0.7
17837,1975-03-31,0.7
17838,1975-02-01,1.0
17839,1975-02-02,1.0
17840,1975-02-03,1.0
17841,1975-02-04,1.0
17842,1975-02-05,1.0
17843,1975-02-06,1.0
17844,1975-02-07,1.0
17845,1975-02-08,1.0
17846,1975-02-09,1.0
17847,1975-02-10,1.0
17848,1975-02-11,1.0
17849,1975-02-12,1.0
17850,1975-02-13,1.0
17851,1975-02-14,1.0
17852,1975-02-15,1.0
17853,1975-02-16,1.0
17854,1975-02-17,1.0
17855,1975-02-18,1.0
17856,1975-02-19,1.0
17857,1975-02-20,1.0
17858,1975-02-21,1.0
17859,1975-02-22,1.0
17860,1975-02-23,1.0
17861,1975-02-24,1.0
17862,1975-02-25,1.0
17863,1975-02-26,1.0
17864,1975-02-27,1.0
17865,1975-02-28,1.0
17866,1975-01-01,1.4
17867,1975-01-02,1.4
17868,1975-01-03,1.4
17869,1975-01-04,1.4
17870,1975-01-05,1.4
17871,1975-01-06,1.4
17872,1975-01-07,1.4
17873,1975-01-08,1.4
17874,1975-01-09,1.4
17875,1975-01-10,1.4
17876,1975-01-11,1.4
17877,1975-01-12,1.4
17878,1975-01-13,1.4
17879,1975-01-14,1.4
17880,1975-01-15,1.4
17881,1975-01-16,1.4
17882,1975-01-17,1.4
17883,1975-01-18,1.4
17884,1975-01-19,1.4
17885,1975-01-20,1.4
17886,1975-01-21,1.4
17887,1975-01-22,1.4
17888,1975-01-23,1.4
17889,1975-01-24,1.4
17890,1975-01-25,1.4
17891,1975-01-26,1.4
17892,1975-01-27,1.4
17893,1975-01-28,1.4
17894,1975-01-29,1.4
17895,1975-01-30,1.4
17896,1975-01-31,1.4
17897,1974-12-01,1.4
17898,1974-12-02,1.4
17899,1974-12-03,1.4
17900,1974-12-04,1.4
17901,1974-12-05,1.4
17902,1974-12-06,1.4
17903,1974-12-07,1.4
17904,1974-12-08,1.4
17905,1974-12-09,1.4
17906,1974-12-10,1.4
17907,1974-12-11,1.4
17908,1974-12-12,1.4
17909,1974-12-13,1.4
17910,1974-12-14,1.4
17911,1974-12-15,1.4
17912,1974-12-16,1.4
17913,1974-12-17,1.4
17914,1974-12-18,1.4
17915,1974-12-19,1.4
17916,1974-12-20,1.4
17917,1974-12-21,1.4
17918,1974-12-22,1.4
17919,1974-12-23,1.4
17920,1974-12-24,1.4
17921,1974-12-25,1.4
17922,1974-12-26,1.4
17923,1974-12-27,1.4
17924,1974-12-28,1.4
17925,1974-12-29,1.4
17926,1974-12-30,1.4
17927,1974-12-31,1.4
17928,1974-11-01,2.8
17929,1974-11-02,2.8
17930,1974-11-03,2.8
17931,1974-11-04,2.8
17932,1974-11-05,2.8
17933,1974-11-06,2.8
17934,1974-11-07,2.8
17935,1974-11-08,2.8
17936,1974-11-09,2.8
17937,1974-11-10,2.8
17938,1974-11-11,2.8
17939,1974-11-12,2.8
17940,1974-11-13,2.8
17941,1974-11-14,2.8
17942,1974-11-15,2.8
17943,1974-11-16,2.8
17944,1974-11-17,2.8
17945,1974-11-18,2.8
17946,1974-11-19,2.8
17947,1974-11-20,2.8
17948,1974-11-21,2.8
17949,1974-11-22,2.8
17950,1974-11-23,2.8
17951,1974-11-24,2.8
17952,1974-11-25,2.8
17953,1974-11-26,2.8
17954,1974-11-27,2.8
17955,1974-11-28,2.8
17956,1974-11-29,2.8
17957,1974-11-30,2.8
17958,1974-10-01,1.1
17959,1974-10-02,1.1
17960,1974-10-03,1.1
17961,1974-10-04,1.1
17962,1974-10-05,1.1
17963,1974-10-06,1.1
17964,1974-10-07,1.1
17965,1974-10-08,1.1
17966,1974-10-09,1.1
17967,1974-10-10,1.1
17968,1974-10-11,1.1
17969,1974-10-12,1.1
17970,1974-10-13,1.1
17971,1974-10-14,1.1
17972,1974-10-15,1.1
17973,1974-10-16,1.1
17974,1974-10-17,1.1
17975,1974-10-18,1.1
17976,1974-10-19,1.1
17977,1974-10-20,1.1
17978,1974-10-21,1.1
17979,1974-10-22,1.1
17980,1974-10-23,1.1
17981,1974-10-24,1.1
17982,1974-10-25,1.1
17983,1974-10-26,1.1
17984,1974-10-27,1.1
17985,1974-10-28,1.1
17986,1974-10-29,1.1
17987,1974-10-30,1.1
17988,1974-10-31,1.1
17989,1974-09-01,1.6
17990,1974-09-02,1.6
17991,1974-09-03,1.6
17992,1974-09-04,1.6
17993,1974-09-05,1.6
17994,1974-09-06,1.6
17995,1974-09-07,1.6
17996,1974-09-08,1.6
17997,1974-09-09,1.6
17998,1974-09-10,1.6
17999,1974-09-11,1.6
18000,1974-09-12,1.6
18001,1974-09-13,1.6
18002,1974-09-14,1.6
18003,1974-09-15,1.6
18004,1974-09-16,1.6
18005,1974-09-17,1.6
18006,1974-09-18,1.6
18007,1974-09-19,1.6
18008,1974-09-20,1.6
18009,1974-09-21,1.6
18010,1974-09-22,1.6
18011,1974-09-23,1.6
18012,1974-09-24,1.6
18013,1974-09-25,1.6
18014,1974-09-26,1.6
18015,1974-09-27,1.6
18016,1974-09-28,1.6
18017,1974-09-29,1.6
18018,1974-09-30,1.6
18019,1974-08-01,1.7
18020,1974-08-02,1.7
18021,1974-08-03,1.7
18022,1974-08-04,1.7
18023,1974-08-05,1.7
18024,1974-08-06,1.7
18025,1974-08-07,1.7
18026,1974-08-08,1.7
18027,1974-08-09,1.7
18028,1974-08-10,1.7
18029,1974-08-11,1.7
18030,1974-08-12,1.7
18031,1974-08-13,1.7
18032,1974-08-14,1.7
18033,1974-08-15,1.7
18034,1974-08-16,1.7
18035,1974-08-17,1.7
18036,1974-08-18,1.7
18037,1974-08-19,1.7
18038,1974-08-20,1.7
18039,1974-08-21,1.7
18040,1974-08-22,1.7
18041,1974-08-23,1.7
18042,1974-08-24,1.7
18043,1974-08-25,1.7
18044,1974-08-26,1.7
18045,1974-08-27,1.7
18046,1974-08-28,1.7
18047,1974-08-29,1.7
18048,1974-08-30,1.7
18049,1974-08-31,1.7
18050,1974-07-01,1.2
18051,1974-07-02,1.2
18052,1974-07-03,1.2
18053,1974-07-04,1.2
18054,1974-07-05,1.2
18055,1974-07-06,1.2
18056,1974-07-07,1.2
18057,1974-07-08,1.2
18058,1974-07-09,1.2
18059,1974-07-10,1.2
18060,1974-07-11,1.2
18061,1974-07-12,1.2
18062,1974-07-13,1.2
18063,1974-07-14,1.2
18064,1974-07-15,1.2
18065,1974-07-16,1.2
18066,1974-07-17,1.2
18067,1974-07-18,1.2
18068,1974-07-19,1.2
18069,1974-07-20,1.2
18070,1974-07-21,1.2
18071,1974-07-22,1.2
18072,1974-07-23,1.2
18073,1974-07-24,1.2
18074,1974-07-25,1.2
18075,1974-07-26,1.2
18076,1974-07-27,1.2
18077,1974-07-28,1.2
18078,1974-07-29,1.2
18079,1974-07-30,1.2
18080,1974-07-31,1.2
18081,1974-06-01,0.4
18082,1974-06-02,0.4
18083,1974-06-03,0.4
18084,1974-06-04,0.4
18085,1974-06-05,0.4
18086,1974-06-06,0.4
18087,1974-06-07,0.4
18088,1974-06-08,0.4
18089,1974-06-09,0.4
18090,1974-06-10,0.4
18091,1974-06-11,0.4
18092,1974-06-12,0.4
18093,1974-06-13,0.4
18094,1974-06-14,0.4
18095,1974-06-15,0.4
18096,1974-06-16,0.4
18097,1974-06-17,0.4
18098,1974-06-18,0.4
18099,1974-06-19,0.4
18100,1974-06-20,0.4
18101,1974-06-21,0.4
18102,1974-06-22,0.4
18103,1974-06-23,0.4
18104,1974-06-24,0.4
18105,1974-06-25,0.4
18106,1974-06-26,0.4
18107,1974-06-27,0.4
18108,1974-06-28,0.4
18109,1974-06-29,0.4
18110,1974-06-30,0.4
18111,1974-05-01,1.3
18112,1974-05-02,1.3
18113,1974-05-03,1.3
18114,1974-05-04,1.3
18115,1974-05-05,1.3
18116,1974-05-06,1.3
18117,1974-05-07,1.3
18118,1974-05-08,1.3
18119,1974-05-09,1.3
18120,1974-05-10,1.3
18121,1974-05-11,1.3
18122,1974-05-12,1.3
18123,1974-05-13,1.3
18124,1974-05-14,1.3
18125,1974-05-15,1.3
18126,1974-05-16,1.3
18127,1974-05-17,1.3
18128,1974-05-18,1.3
18129,1974-05-19,1.3
18130,1974-05-20,1.3
18131,1974-05-21,1.3
18132,1974-05-22,1.3
18133,1974-05-23,1.3
18134,1974-05-24,1.3
18135,1974-05-25,1.3
18136,1974-05-26,1.3
18137,1974-05-27,1.3
18138,1974-05-28,1.3
18139,1974-05-29,1.3
18140,1974-05-30,1.3
18141,1974-05-31,1.3
18142,1974-04-01,2.2
18143,1974-04-02,2.2
18144,1974-04-03,2.2
18145,1974-04-04,2.2
18146,1974-04-05,2.2
18147,1974-04-06,2.2
18148,1974-04-07,2.2
18149,1974-04-08,2.2
18150,1974-04-09,2.2
18151,1974-04-10,2.2
18152,1974-04-11,2.2
18153,1974-04-12,2.2
18154,1974-04-13,2.2
18155,1974-04-14,2.2
18156,1974-04-15,2.2
18157,1974-04-16,2.2
18158,1974-04-17,2.2
18159,1974-04-18,2.2
18160,1974-04-19,2.2
18161,1974-04-20,2.2
18162,1974-04-21,2.2
18163,1974-04-22,2.2
18164,1974-04-23,2.2
18165,1974-04-24,2.2
18166,1974-04-25,2.2
18167,1974-04-26,2.2
18168,1974-04-27,2.2
18169,1974-04-28,2.2
18170,1974-04-29,2.2
18171,1974-04-30,2.2
18172,1974-03-01,2.2
18173,1974-03-02,2.2
18174,1974-03-03,2.2
18175,1974-03-04,2.2
18176,1974-03-05,2.2
18177,1974-03-06,2.2
18178,1974-03-07,2.2
18179,1974-03-08,2.2
18180,1974-03-09,2.2
18181,1974-03-10,2.2
18182,1974-03-11,2.2
18183,1974-03-12,2.2
18184,1974-03-13,2.2
18185,1974-03-14,2.2
18186,1974-03-15,2.2
18187,1974-03-16,2.2
18188,1974-03-17,2.2
18189,1974-03-18,2.2
18190,1974-03-19,2.2
18191,1974-03-20,2.2
18192,1974-03-21,2.2
18193,1974-03-22,2.2
18194,1974-03-23,2.2
18195,1974-03-24,2.2
18196,1974-03-25,2.2
18197,1974-03-26,2.2
18198,1974-03-27,2.2
18199,1974-03-28,2.2
18200,1974-03-29,2.2
18201,1974-03-30,2.2
18202,1974-03-31,2.2
18203,1974-02-01,0.3
18204,1974-02-02,0.3
18205,1974-02-03,0.3
18206,1974-02-04,0.3
18207,1974-02-05,0.3
18208,1974-02-06,0.3
18209,1974-02-07,0.3
18210,1974-02-08,0.3
18211,1974-02-09,0.3
18212,1974-02-10,0.3
18213,1974-02-11,0.3
18214,1974-02-12,0.3
18215,1974-02-13,0.3
18216,1974-02-14,0.3
18217,1974-02-15,0.3
18218,1974-02-16,0.3
18219,1974-02-17,0.3
18220,1974-02-18,0.3
18221,1974-02-19,0.3
18222,1974-02-20,0.3
18223,1974-02-21,0.3
18224,1974-02-22,0.3
18225,1974-02-23,0.3
18226,1974-02-24,0.3
18227,1974-02-25,0.3
18228,1974-02-26,0.3
18229,1974-02-27,0.3
18230,1974-02-28,0.3
18231,1974-01-01,0.6
18232,1974-01-02,0.6
18233,1974-01-03,0.6
18234,1974-01-04,0.6
18235,1974-01-05,0.6
18236,1974-01-06,0.6
18237,1974-01-07,0.6
18238,1974-01-08,0.6
18239,1974-01-09,0.6
18240,1974-01-10,0.6
18241,1974-01-11,0.6
18242,1974-01-12,0.6
18243,1974-01-13,0.6
18244,1974-01-14,0.6
18245,1974-01-15,0.6
18246,1974-01-16,0.6
18247,1974-01-17,0.6
18248,1974-01-18,0.6
18249,1974-01-19,0.6
18250,1974-01-20,0.6
18251,1974-01-21,0.6
18252,1974-01-22,0.6
18253,1974-01-23,0.6
18254,1974-01-24,0.6
18255,1974-01-25,0.6
18256,1974-01-26,0.6
18257,1974-01-27,0.6
18258,1974-01-28,0.6
18259,1974-01-29,0.6
18260,1974-01-30,0.6
18261,1974-01-31,0.6
18262,1973-12-01,1.1
18263,1973-12-02,1.1
18264,1973-12-03,1.1
18265,1973-12-04,1.1
18266,1973-12-05,1.1
18267,1973-12-06,1.1
18268,1973-12-07,1.1
18269,1973-12-08,1.1
18270,1973-12-09,1.1
18271,1973-12-10,1.1
18272,1973-12-11,1.1
18273,1973-12-12,1.1
18274,1973-12-13,1.1
18275,1973-12-14,1.1
18276,1973-12-15,1.1
18277,1973-12-16,1.1
18278,1973-12-17,1.1
18279,1973-12-18,1.1
18280,1973-12-19,1.1
18281,1973-12-20,1.1
18282,1973-12-21,1.1
18283,1973-12-22,1.1
18284,1973-12-23,1.1
18285,1973-12-24,1.1
18286,1973-12-25,1.1
18287,1973-12-26,1.1
18288,1973-12-27,1.1
18289,1973-12-28,1.1
18290,1973-12-29,1.1
18291,1973-12-30,1.1
18292,1973-12-31,1.1
18293,1973-11-01,0.1
18294,1973-11-02,0.1
18295,1973-11-03,0.1
18296,1973-11-04,0.1
18297,1973-11-05,0.1
18298,1973-11-06,0.1
18299,1973-11-07,0.1
18300,1973-11-08,0.1
18301,1973-11-09,0.1
18302,1973-11-10,0.1
18303,1973-11-11,0.1
18304,1973-11-12,0.1
18305,1973-11-13,0.1
18306,1973-11-14,0.1
18307,1973-11-15,0.1
18308,1973-11-16,0.1
18309,1973-11-17,0.1
18310,1973-11-18,0.1
18311,1973-11-19,0.1
18312,1973-11-20,0.1
18313,1973-11-21,0.1
18314,1973-11-22,0.1
18315,1973-11-23,0.1
18316,1973-11-24,0.1
18317,1973-11-25,0.1
18318,1973-11-26,0.1
18319,1973-11-27,0.1
18320,1973-11-28,0.1
18321,1973-11-29,0.1
18322,1973-11-30,0.1
18323,1973-10-01,1.6
18324,1973-10-02,1.6
18325,1973-10-03,1.6
18326,1973-10-04,1.6
18327,1973-10-05,1.6
18328,1973-10-06,1.6
18329,1973-10-07,1.6
18330,1973-10-08,1.6
18331,1973-10-09,1.6
18332,1973-10-10,1.6
18333,1973-10-11,1.6
18334,1973-10-12,1.6
18335,1973-10-13,1.6
18336,1973-10-14,1.6
18337,1973-10-15,1.6
18338,1973-10-16,1.6
18339,1973-10-17,1.6
18340,1973-10-18,1.6
18341,1973-10-19,1.6
18342,1973-10-20,1.6
18343,1973-10-21,1.6
18344,1973-10-22,1.6
18345,1973-10-23,1.6
18346,1973-10-24,1.6
18347,1973-10-25,1.6
18348,1973-10-26,1.6
18349,1973-10-27,1.6
18350,1973-10-28,1.6
18351,1973-10-29,1.6
18352,1973-10-30,1.6
18353,1973-10-31,1.6
18354,1973-09-01,1.7
18355,1973-09-02,1.7
18356,1973-09-03,1.7
18357,1973-09-04,1.7
18358,1973-09-05,1.7
18359,1973-09-06,1.7
18360,1973-09-07,1.7
18361,1973-09-08,1.7
18362,1973-09-09,1.7
18363,1973-09-10,1.7
18364,1973-09-11,1.7
18365,1973-09-12,1.7
18366,1973-09-13,1.7
18367,1973-09-14,1.7
18368,1973-09-15,1.7
18369,1973-09-16,1.7
18370,1973-09-17,1.7
18371,1973-09-18,1.7
18372,1973-09-19,1.7
18373,1973-09-20,1.7
18374,1973-09-21,1.7
18375,1973-09-22,1.7
18376,1973-09-23,1.7
18377,1973-09-24,1.7
18378,1973-09-25,1.7
18379,1973-09-26,1.7
18380,1973-09-27,1.7
18381,1973-09-28,1.7
18382,1973-09-29,1.7
18383,1973-09-30,1.7
18384,1973-08-01,1.6
18385,1973-08-02,1.6
18386,1973-08-03,1.6
18387,1973-08-04,1.6
18388,1973-08-05,1.6
18389,1973-08-06,1.6
18390,1973-08-07,1.6
18391,1973-08-08,1.6
18392,1973-08-09,1.6
18393,1973-08-10,1.6
18394,1973-08-11,1.6
18395,1973-08-12,1.6
18396,1973-08-13,1.6
18397,1973-08-14,1.6
18398,1973-08-15,1.6
18399,1973-08-16,1.6
18400,1973-08-17,1.6
18401,1973-08-18,1.6
18402,1973-08-19,1.6
18403,1973-08-20,1.6
18404,1973-08-21,1.6
18405,1973-08-22,1.6
18406,1973-08-23,1.6
18407,1973-08-24,1.6
18408,1973-08-25,1.6
18409,1973-08-26,1.6
18410,1973-08-27,1.6
18411,1973-08-28,1.6
18412,1973-08-29,1.6
18413,1973-08-30,1.6
18414,1973-08-31,1.6
18415,1973-07-01,1.1
18416,1973-07-02,1.1
18417,1973-07-03,1.1
18418,1973-07-04,1.1
18419,1973-07-05,1.1
18420,1973-07-06,1.1
18421,1973-07-07,1.1
18422,1973-07-08,1.1
18423,1973-07-09,1.1
18424,1973-07-10,1.1
18425,1973-07-11,1.1
18426,1973-07-12,1.1
18427,1973-07-13,1.1
18428,1973-07-14,1.1
18429,1973-07-15,1.1
18430,1973-07-16,1.1
18431,1973-07-17,1.1
18432,1973-07-18,1.1
18433,1973-07-19,1.1
18434,1973-07-20,1.1
18435,1973-07-21,1.1
18436,1973-07-22,1.1
18437,1973-07-23,1.1
18438,1973-07-24,1.1
18439,1973-07-25,1.1
18440,1973-07-26,1.1
18441,1973-07-27,1.1
18442,1973-07-28,1.1
18443,1973-07-29,1.1
18444,1973-07-30,1.1
18445,1973-07-31,1.1
18446,1973-06-01,1.5
18447,1973-06-02,1.5
18448,1973-06-03,1.5
18449,1973-06-04,1.5
18450,1973-06-05,1.5
18451,1973-06-06,1.5
18452,1973-06-07,1.5
18453,1973-06-08,1.5
18454,1973-06-09,1.5
18455,1973-06-10,1.5
18456,1973-06-11,1.5
18457,1973-06-12,1.5
18458,1973-06-13,1.5
18459,1973-06-14,1.5
18460,1973-06-15,1.5
18461,1973-06-16,1.5
18462,1973-06-17,1.5
18463,1973-06-18,1.5
18464,1973-06-19,1.5
18465,1973-06-20,1.5
18466,1973-06-21,1.5
18467,1973-06-22,1.5
18468,1973-06-23,1.5
18469,1973-06-24,1.5
18470,1973-06-25,1.5
18471,1973-06-26,1.5
18472,1973-06-27,1.5
18473,1973-06-28,1.5
18474,1973-06-29,1.5
18475,1973-06-30,1.5
18476,1973-05-01,1.5
18477,1973-05-02,1.5
18478,1973-05-03,1.5
18479,1973-05-04,1.5
18480,1973-05-05,1.5
18481,1973-05-06,1.5
18482,1973-05-07,1.5
18483,1973-05-08,1.5
18484,1973-05-09,1.5
18485,1973-05-10,1.5
18486,1973-05-11,1.5
18487,1973-05-12,1.5
18488,1973-05-13,1.5
18489,1973-05-14,1.5
18490,1973-05-15,1.5
18491,1973-05-16,1.5
18492,1973-05-17,1.5
18493,1973-05-18,1.5
18494,1973-05-19,1.5
18495,1973-05-20,1.5
18496,1973-05-21,1.5
18497,1973-05-22,1.5
18498,1973-05-23,1.5
18499,1973-05-24,1.5
18500,1973-05-25,1.5
18501,1973-05-26,1.5
18502,1973-05-27,1.5
18503,1973-05-28,1.5
18504,1973-05-29,1.5
18505,1973-05-30,1.5
18506,1973-05-31,1.5
18507,1973-04-01,1.4
18508,1973-04-02,1.4
18509,1973-04-03,1.4
18510,1973-04-04,1.4
18511,1973-04-05,1.4
18512,1973-04-06,1.4
18513,1973-04-07,1.4
18514,1973-04-08,1.4
18515,1973-04-09,1.4
18516,1973-04-10,1.4
18517,1973-04-11,1.4
18518,1973-04-12,1.4
18519,1973-04-13,1.4
18520,1973-04-14,1.4
18521,1973-04-15,1.4
18522,1973-04-16,1.4
18523,1973-04-17,1.4
18524,1973-04-18,1.4
18525,1973-04-19,1.4
18526,1973-04-20,1.4
18527,1973-04-21,1.4
18528,1973-04-22,1.4
18529,1973-04-23,1.4
18530,1973-04-24,1.4
18531,1973-04-25,1.4
18532,1973-04-26,1.4
18533,1973-04-27,1.4
18534,1973-04-28,1.4
18535,1973-04-29,1.4
18536,1973-04-30,1.4
18537,1973-03-01,0.8
18538,1973-03-02,0.8
18539,1973-03-03,0.8
18540,1973-03-04,0.8
18541,1973-03-05,0.8
18542,1973-03-06,0.8
18543,1973-03-07,0.8
18544,1973-03-08,0.8
18545,1973-03-09,0.8
18546,1973-03-10,0.8
18547,1973-03-11,0.8
18548,1973-03-12,0.8
18549,1973-03-13,0.8
18550,1973-03-14,0.8
18551,1973-03-15,0.8
18552,1973-03-16,0.8
18553,1973-03-17,0.8
18554,1973-03-18,0.8
18555,1973-03-19,0.8
18556,1973-03-20,0.8
18557,1973-03-21,0.8
18558,1973-03-22,0.8
18559,1973-03-23,0.8
18560,1973-03-24,0.8
18561,1973-03-25,0.8
18562,1973-03-26,0.8
18563,1973-03-27,0.8
18564,1973-03-28,0.8
18565,1973-03-29,0.8
18566,1973-03-30,0.8
18567,1973-03-31,0.8
18568,1973-02-01,0.2
18569,1973-02-02,0.2
18570,1973-02-03,0.2
18571,1973-02-04,0.2
18572,1973-02-05,0.2
18573,1973-02-06,0.2
18574,1973-02-07,0.2
18575,1973-02-08,0.2
18576,1973-02-09,0.2
18577,1973-02-10,0.2
18578,1973-02-11,0.2
18579,1973-02-12,0.2
18580,1973-02-13,0.2
18581,1973-02-14,0.2
18582,1973-02-15,0.2
18583,1973-02-16,0.2
18584,1973-02-17,0.2
18585,1973-02-18,0.2
18586,1973-02-19,0.2
18587,1973-02-20,0.2
18588,1973-02-21,0.2
18589,1973-02-22,0.2
18590,1973-02-23,0.2
18591,1973-02-24,0.2
18592,1973-02-25,0.2
18593,1973-02-26,0.2
18594,1973-02-27,0.2
18595,1973-02-28,0.2
18596,1973-01-01,0.7
18597,1973-01-02,0.7
18598,1973-01-03,0.7
18599,1973-01-04,0.7
18600,1973-01-05,0.7
18601,1973-01-06,0.7
18602,1973-01-07,0.7
18603,1973-01-08,0.7
18604,1973-01-09,0.7
18605,1973-01-10,0.7
18606,1973-01-11,0.7
18607,1973-01-12,0.7
18608,1973-01-13,0.7
18609,1973-01-14,0.7
18610,1973-01-15,0.7
18611,1973-01-16,0.7
18612,1973-01-17,0.7
18613,1973-01-18,0.7
18614,1973-01-19,0.7
18615,1973-01-20,0.7
18616,1973-01-21,0.7
18617,1973-01-22,0.7
18618,1973-01-23,0.7
18619,1973-01-24,0.7
18620,1973-01-25,0.7
18621,1973-01-26,0.7
18622,1973-01-27,0.7
18623,1973-01-28,0.7
18624,1973-01-29,0.7
18625,1973-01-30,0.7
18626,1973-01-31,0.7
18627,1972-12-01,0.8
18628,1972-12-02,0.8
18629,1972-12-03,0.8
18630,1972-12-04,0.8
18631,1972-12-05,0.8
18632,1972-12-06,0.8
18633,1972-12-07,0.8
18634,1972-12-08,0.8
18635,1972-12-09,0.8
18636,1972-12-10,0.8
18637,1972-12-11,0.8
18638,1972-12-12,0.8
18639,1972-12-13,0.8
18640,1972-12-14,0.8
18641,1972-12-15,0.8
18642,1972-12-16,0.8
18643,1972-12-17,0.8
18644,1972-12-18,0.8
18645,1972-12-19,0.8
18646,1972-12-20,0.8
18647,1972-12-21,0.8
18648,1972-12-22,0.8
18649,1972-12-23,0.8
18650,1972-12-24,0.8
18651,1972-12-25,0.8
18652,1972-12-26,0.8
18653,1972-12-27,0.8
18654,1972-12-28,0.8
18655,1972-12-29,0.8
18656,1972-12-30,0.8
18657,1972-12-31,0.8
18658,1972-11-01,0.2
18659,1972-11-02,0.2
18660,1972-11-03,0.2
18661,1972-11-04,0.2
18662,1972-11-05,0.2
18663,1972-11-06,0.2
18664,1972-11-07,0.2
18665,1972-11-08,0.2
18666,1972-11-09,0.2
18667,1972-11-10,0.2
18668,1972-11-11,0.2
18669,1972-11-12,0.2
18670,1972-11-13,0.2
18671,1972-11-14,0.2
18672,1972-11-15,0.2
18673,1972-11-16,0.2
18674,1972-11-17,0.2
18675,1972-11-18,0.2
18676,1972-11-19,0.2
18677,1972-11-20,0.2
18678,1972-11-21,0.2
18679,1972-11-22,0.2
18680,1972-11-23,0.2
18681,1972-11-24,0.2
18682,1972-11-25,0.2
18683,1972-11-26,0.2
18684,1972-11-27,0.2
18685,1972-11-28,0.2
18686,1972-11-29,0.2
18687,1972-11-30,0.2
18688,1972-10-01,0.7
18689,1972-10-02,0.7
18690,1972-10-03,0.7
18691,1972-10-04,0.7
18692,1972-10-05,0.7
18693,1972-10-06,0.7
18694,1972-10-07,0.7
18695,1972-10-08,0.7
18696,1972-10-09,0.7
18697,1972-10-10,0.7
18698,1972-10-11,0.7
18699,1972-10-12,0.7
18700,1972-10-13,0.7
18701,1972-10-14,0.7
18702,1972-10-15,0.7
18703,1972-10-16,0.7
18704,1972-10-17,0.7
18705,1972-10-18,0.7
18706,1972-10-19,0.7
18707,1972-10-20,0.7
18708,1972-10-21,0.7
18709,1972-10-22,0.7
18710,1972-10-23,0.7
18711,1972-10-24,0.7
18712,1972-10-25,0.7
18713,1972-10-26,0.7
18714,1972-10-27,0.7
18715,1972-10-28,0.7
18716,1972-10-29,0.7
18717,1972-10-30,0.7
18718,1972-10-31,0.7
18719,1972-09-01,1.4
18720,1972-09-02,1.4
18721,1972-09-03,1.4
18722,1972-09-04,1.4
18723,1972-09-05,1.4
18724,1972-09-06,1.4
18725,1972-09-07,1.4
18726,1972-09-08,1.4
18727,1972-09-09,1.4
18728,1972-09-10,1.4
18729,1972-09-11,1.4
18730,1972-09-12,1.4
18731,1972-09-13,1.4
18732,1972-09-14,1.4
18733,1972-09-15,1.4
18734,1972-09-16,1.4
18735,1972-09-17,1.4
18736,1972-09-18,1.4
18737,1972-09-19,1.4
18738,1972-09-20,1.4
18739,1972-09-21,1.4
18740,1972-09-22,1.4
18741,1972-09-23,1.4
18742,1972-09-24,1.4
18743,1972-09-25,1.4
18744,1972-09-26,1.4
18745,1972-09-27,1.4
18746,1972-09-28,1.4
18747,1972-09-29,1.4
18748,1972-09-30,1.4
18749,1972-08-01,1.0
18750,1972-08-02,1.0
18751,1972-08-03,1.0
18752,1972-08-04,1.0
18753,1972-08-05,1.0
18754,1972-08-06,1.0
18755,1972-08-07,1.0
18756,1972-08-08,1.0
18757,1972-08-09,1.0
18758,1972-08-10,1.0
18759,1972-08-11,1.0
18760,1972-08-12,1.0
18761,1972-08-13,1.0
18762,1972-08-14,1.0
18763,1972-08-15,1.0
18764,1972-08-16,1.0
18765,1972-08-17,1.0
18766,1972-08-18,1.0
18767,1972-08-19,1.0
18768,1972-08-20,1.0
18769,1972-08-21,1.0
18770,1972-08-22,1.0
18771,1972-08-23,1.0
18772,1972-08-24,1.0
18773,1972-08-25,1.0
18774,1972-08-26,1.0
18775,1972-08-27,1.0
18776,1972-08-28,1.0
18777,1972-08-29,1.0
18778,1972-08-30,1.0
18779,1972-08-31,1.0
18780,1972-07-01,1.4
18781,1972-07-02,1.4
18782,1972-07-03,1.4
18783,1972-07-04,1.4
18784,1972-07-05,1.4
18785,1972-07-06,1.4
18786,1972-07-07,1.4
18787,1972-07-08,1.4
18788,1972-07-09,1.4
18789,1972-07-10,1.4
18790,1972-07-11,1.4
18791,1972-07-12,1.4
18792,1972-07-13,1.4
18793,1972-07-14,1.4
18794,1972-07-15,1.4
18795,1972-07-16,1.4
18796,1972-07-17,1.4
18797,1972-07-18,1.4
18798,1972-07-19,1.4
18799,1972-07-20,1.4
18800,1972-07-21,1.4
18801,1972-07-22,1.4
18802,1972-07-23,1.4
18803,1972-07-24,1.4
18804,1972-07-25,1.4
18805,1972-07-26,1.4
18806,1972-07-27,1.4
18807,1972-07-28,1.4
18808,1972-07-29,1.4
18809,1972-07-30,1.4
18810,1972-07-31,1.4
18811,1972-06-01,0.2
18812,1972-06-02,0.2
18813,1972-06-03,0.2
18814,1972-06-04,0.2
18815,1972-06-05,0.2
18816,1972-06-06,0.2
18817,1972-06-07,0.2
18818,1972-06-08,0.2
18819,1972-06-09,0.2
18820,1972-06-10,0.2
18821,1972-06-11,0.2
18822,1972-06-12,0.2
18823,1972-06-13,0.2
18824,1972-06-14,0.2
18825,1972-06-15,0.2
18826,1972-06-16,0.2
18827,1972-06-17,0.2
18828,1972-06-18,0.2
18829,1972-06-19,0.2
18830,1972-06-20,0.2
18831,1972-06-21,0.2
18832,1972-06-22,0.2
18833,1972-06-23,0.2
18834,1972-06-24,0.2
18835,1972-06-25,0.2
18836,1972-06-26,0.2
18837,1972-06-27,0.2
18838,1972-06-28,0.2
18839,1972-06-29,0.2
18840,1972-06-30,0.2
18841,1972-05-01,0.5
18842,1972-05-02,0.5
18843,1972-05-03,0.5
18844,1972-05-04,0.5
18845,1972-05-05,0.5
18846,1972-05-06,0.5
18847,1972-05-07,0.5
18848,1972-05-08,0.5
18849,1972-05-09,0.5
18850,1972-05-10,0.5
18851,1972-05-11,0.5
18852,1972-05-12,0.5
18853,1972-05-13,0.5
18854,1972-05-14,0.5
18855,1972-05-15,0.5
18856,1972-05-16,0.5
18857,1972-05-17,0.5
18858,1972-05-18,0.5
18859,1972-05-19,0.5
18860,1972-05-20,0.5
18861,1972-05-21,0.5
18862,1972-05-22,0.5
18863,1972-05-23,0.5
18864,1972-05-24,0.5
18865,1972-05-25,0.5
18866,1972-05-26,0.5
18867,1972-05-27,0.5
18868,1972-05-28,0.5
18869,1972-05-29,0.5
18870,1972-05-30,0.5
18871,1972-05-31,0.5
18872,1972-04-01,0.0
18873,1972-04-02,0.0
18874,1972-04-03,0.0
18875,1972-04-04,0.0
18876,1972-04-05,0.0
18877,1972-04-06,0.0
18878,1972-04-07,0.0
18879,1972-04-08,0.0
18880,1972-04-09,0.0
18881,1972-04-10,0.0
18882,1972-04-11,0.0
18883,1972-04-12,0.0
18884,1972-04-13,0.0
18885,1972-04-14,0.0
18886,1972-04-15,0.0
18887,1972-04-16,0.0
18888,1972-04-17,0.0
18889,1972-04-18,0.0
18890,1972-04-19,0.0
18891,1972-04-20,0.0
18892,1972-04-21,0.0
18893,1972-04-22,0.0
18894,1972-04-23,0.0
18895,1972-04-24,0.0
18896,1972-04-25,0.0
18897,1972-04-26,0.0
18898,1972-04-27,0.0
18899,1972-04-28,0.0
18900,1972-04-29,0.0
18901,1972-04-30,0.0
18902,1972-03-01,1.0
18903,1972-03-02,1.0
18904,1972-03-03,1.0
18905,1972-03-04,1.0
18906,1972-03-05,1.0
18907,1972-03-06,1.0
18908,1972-03-07,1.0
18909,1972-03-08,1.0
18910,1972-03-09,1.0
18911,1972-03-10,1.0
18912,1972-03-11,1.0
18913,1972-03-12,1.0
18914,1972-03-13,1.0
18915,1972-03-14,1.0
18916,1972-03-15,1.0
18917,1972-03-16,1.0
18918,1972-03-17,1.0
18919,1972-03-18,1.0
18920,1972-03-19,1.0
18921,1972-03-20,1.0
18922,1972-03-21,1.0
18923,1972-03-22,1.0
18924,1972-03-23,1.0
18925,1972-03-24,1.0
18926,1972-03-25,1.0
18927,1972-03-26,1.0
18928,1972-03-27,1.0
18929,1972-03-28,1.0
18930,1972-03-29,1.0
18931,1972-03-30,1.0
18932,1972-03-31,1.0
18933,1972-02-01,-0.1
18934,1972-02-02,-0.1
18935,1972-02-03,-0.1
18936,1972-02-04,-0.1
18937,1972-02-05,-0.1
18938,1972-02-06,-0.1
18939,1972-02-07,-0.1
18940,1972-02-08,-0.1
18941,1972-02-09,-0.1
18942,1972-02-10,-0.1
18943,1972-02-11,-0.1
18944,1972-02-12,-0.1
18945,1972-02-13,-0.1
18946,1972-02-14,-0.1
18947,1972-02-15,-0.1
18948,1972-02-16,-0.1
18949,1972-02-17,-0.1
18950,1972-02-18,-0.1
18951,1972-02-19,-0.1
18952,1972-02-20,-0.1
18953,1972-02-21,-0.1
18954,1972-02-22,-0.1
18955,1972-02-23,-0.1
18956,1972-02-24,-0.1
18957,1972-02-25,-0.1
18958,1972-02-26,-0.1
18959,1972-02-27,-0.1
18960,1972-02-28,-0.1
18961,1972-02-29,-0.1
18962,1972-01-01,0.1
18963,1972-01-02,0.1
18964,1972-01-03,0.1
18965,1972-01-04,0.1
18966,1972-01-05,0.1
18967,1972-01-06,0.1
18968,1972-01-07,0.1
18969,1972-01-08,0.1
18970,1972-01-09,0.1
18971,1972-01-10,0.1
18972,1972-01-11,0.1
18973,1972-01-12,0.1
18974,1972-01-13,0.1
18975,1972-01-14,0.1
18976,1972-01-15,0.1
18977,1972-01-16,0.1
18978,1972-01-17,0.1
18979,1972-01-18,0.1
18980,1972-01-19,0.1
18981,1972-01-20,0.1
18982,1972-01-21,0.1
18983,1972-01-22,0.1
18984,1972-01-23,0.1
18985,1972-01-24,0.1
18986,1972-01-25,0.1
18987,1972-01-26,0.1
18988,1972-01-27,0.1
18989,1972-01-28,0.1
18990,1972-01-29,0.1
18991,1972-01-30,0.1
18992,1972-01-31,0.1
18993,1971-12-01,1.3
18994,1971-12-02,1.3
18995,1971-12-03,1.3
18996,1971-12-04,1.3
18997,1971-12-05,1.3
18998,1971-12-06,1.3
18999,1971-12-07,1.3
19000,1971-12-08,1.3
19001,1971-12-09,1.3
19002,1971-12-10,1.3
19003,1971-12-11,1.3
19004,1971-12-12,1.3
19005,1971-12-13,1.3
19006,1971-12-14,1.3
19007,1971-12-15,1.3
19008,1971-12-16,1.3
19009,1971-12-17,1.3
19010,1971-12-18,1.3
19011,1971-12-19,1.3
19012,1971-12-20,1.3
19013,1971-12-21,1.3
19014,1971-12-22,1.3
19015,1971-12-23,1.3
19016,1971-12-24,1.3
19017,1971-12-25,1.3
19018,1971-12-26,1.3
19019,1971-12-27,1.3
19020,1971-12-28,1.3
19021,1971-12-29,1.3
19022,1971-12-30,1.3
19023,1971-12-31,1.3
19024,1971-11-01,1.4
19025,1971-11-02,1.4
19026,1971-11-03,1.4
19027,1971-11-04,1.4
19028,1971-11-05,1.4
19029,1971-11-06,1.4
19030,1971-11-07,1.4
19031,1971-11-08,1.4
19032,1971-11-09,1.4
19033,1971-11-10,1.4
19034,1971-11-11,1.4
19035,1971-11-12,1.4
19036,1971-11-13,1.4
19037,1971-11-14,1.4
19038,1971-11-15,1.4
19039,1971-11-16,1.4
19040,1971-11-17,1.4
19041,1971-11-18,1.4
19042,1971-11-19,1.4
19043,1971-11-20,1.4
19044,1971-11-21,1.4
19045,1971-11-22,1.4
19046,1971-11-23,1.4
19047,1971-11-24,1.4
19048,1971-11-25,1.4
19049,1971-11-26,1.4
19050,1971-11-27,1.4
19051,1971-11-28,1.4
19052,1971-11-29,1.4
19053,1971-11-30,1.4
19054,1971-10-01,1.1
19055,1971-10-02,1.1
19056,1971-10-03,1.1
19057,1971-10-04,1.1
19058,1971-10-05,1.1
19059,1971-10-06,1.1
19060,1971-10-07,1.1
19061,1971-10-08,1.1
19062,1971-10-09,1.1
19063,1971-10-10,1.1
19064,1971-10-11,1.1
19065,1971-10-12,1.1
19066,1971-10-13,1.1
19067,1971-10-14,1.1
19068,1971-10-15,1.1
19069,1971-10-16,1.1
19070,1971-10-17,1.1
19071,1971-10-18,1.1
19072,1971-10-19,1.1
19073,1971-10-20,1.1
19074,1971-10-21,1.1
19075,1971-10-22,1.1
19076,1971-10-23,1.1
19077,1971-10-24,1.1
19078,1971-10-25,1.1
19079,1971-10-26,1.1
19080,1971-10-27,1.1
19081,1971-10-28,1.1
19082,1971-10-29,1.1
19083,1971-10-30,1.1
19084,1971-10-31,1.1
19085,1971-09-01,1.2
19086,1971-09-02,1.2
19087,1971-09-03,1.2
19088,1971-09-04,1.2
19089,1971-09-05,1.2
19090,1971-09-06,1.2
19091,1971-09-07,1.2
19092,1971-09-08,1.2
19093,1971-09-09,1.2
19094,1971-09-10,1.2
19095,1971-09-11,1.2
19096,1971-09-12,1.2
19097,1971-09-13,1.2
19098,1971-09-14,1.2
19099,1971-09-15,1.2
19100,1971-09-16,1.2
19101,1971-09-17,1.2
19102,1971-09-18,1.2
19103,1971-09-19,1.2
19104,1971-09-20,1.2
19105,1971-09-21,1.2
19106,1971-09-22,1.2
19107,1971-09-23,1.2
19108,1971-09-24,1.2
19109,1971-09-25,1.2
19110,1971-09-26,1.2
19111,1971-09-27,1.2
19112,1971-09-28,1.2
19113,1971-09-29,1.2
19114,1971-09-30,1.2
19115,1971-08-01,0.2
19116,1971-08-02,0.2
19117,1971-08-03,0.2
19118,1971-08-04,0.2
19119,1971-08-05,0.2
19120,1971-08-06,0.2
19121,1971-08-07,0.2
19122,1971-08-08,0.2
19123,1971-08-09,0.2
19124,1971-08-10,0.2
19125,1971-08-11,0.2
19126,1971-08-12,0.2
19127,1971-08-13,0.2
19128,1971-08-14,0.2
19129,1971-08-15,0.2
19130,1971-08-16,0.2
19131,1971-08-17,0.2
19132,1971-08-18,0.2
19133,1971-08-19,0.2
19134,1971-08-20,0.2
19135,1971-08-21,0.2
19136,1971-08-22,0.2
19137,1971-08-23,0.2
19138,1971-08-24,0.2
19139,1971-08-25,0.2
19140,1971-08-26,0.2
19141,1971-08-27,0.2
19142,1971-08-28,0.2
19143,1971-08-29,0.2
19144,1971-08-30,0.2
19145,1971-08-31,0.2
19146,1971-07-01,0.0
19147,1971-07-02,0.0
19148,1971-07-03,0.0
19149,1971-07-04,0.0
19150,1971-07-05,0.0
19151,1971-07-06,0.0
19152,1971-07-07,0.0
19153,1971-07-08,0.0
19154,1971-07-09,0.0
19155,1971-07-10,0.0
19156,1971-07-11,0.0
19157,1971-07-12,0.0
19158,1971-07-13,0.0
19159,1971-07-14,0.0
19160,1971-07-15,0.0
19161,1971-07-16,0.0
19162,1971-07-17,0.0
19163,1971-07-18,0.0
19164,1971-07-19,0.0
19165,1971-07-20,0.0
19166,1971-07-21,0.0
19167,1971-07-22,0.0
19168,1971-07-23,0.0
19169,1971-07-24,0.0
19170,1971-07-25,0.0
19171,1971-07-26,0.0
19172,1971-07-27,0.0
19173,1971-07-28,0.0
19174,1971-07-29,0.0
19175,1971-07-30,0.0
19176,1971-07-31,0.0
19177,1971-06-01,0.4
19178,1971-06-02,0.4
19179,1971-06-03,0.4
19180,1971-06-04,0.4
19181,1971-06-05,0.4
19182,1971-06-06,0.4
19183,1971-06-07,0.4
19184,1971-06-08,0.4
19185,1971-06-09,0.4
19186,1971-06-10,0.4
19187,1971-06-11,0.4
19188,1971-06-12,0.4
19189,1971-06-13,0.4
19190,1971-06-14,0.4
19191,1971-06-15,0.4
19192,1971-06-16,0.4
19193,1971-06-17,0.4
19194,1971-06-18,0.4
19195,1971-06-19,0.4
19196,1971-06-20,0.4
19197,1971-06-21,0.4
19198,1971-06-22,0.4
19199,1971-06-23,0.4
19200,1971-06-24,0.4
19201,1971-06-25,0.4
19202,1971-06-26,0.4
19203,1971-06-27,0.4
19204,1971-06-28,0.4
19205,1971-06-29,0.4
19206,1971-06-30,0.4
19207,1971-05-01,0.6
19208,1971-05-02,0.6
19209,1971-05-03,0.6
19210,1971-05-04,0.6
19211,1971-05-05,0.6
19212,1971-05-06,0.6
19213,1971-05-07,0.6
19214,1971-05-08,0.6
19215,1971-05-09,0.6
19216,1971-05-10,0.6
19217,1971-05-11,0.6
19218,1971-05-12,0.6
19219,1971-05-13,0.6
19220,1971-05-14,0.6
19221,1971-05-15,0.6
19222,1971-05-16,0.6
19223,1971-05-17,0.6
19224,1971-05-18,0.6
19225,1971-05-19,0.6
19226,1971-05-20,0.6
19227,1971-05-21,0.6
19228,1971-05-22,0.6
19229,1971-05-23,0.6
19230,1971-05-24,0.6
19231,1971-05-25,0.6
19232,1971-05-26,0.6
19233,1971-05-27,0.6
19234,1971-05-28,0.6
19235,1971-05-29,0.6
19236,1971-05-30,0.6
19237,1971-05-31,0.6
19238,1971-04-01,1.1
19239,1971-04-02,1.1
19240,1971-04-03,1.1
19241,1971-04-04,1.1
19242,1971-04-05,1.1
19243,1971-04-06,1.1
19244,1971-04-07,1.1
19245,1971-04-08,1.1
19246,1971-04-09,1.1
19247,1971-04-10,1.1
19248,1971-04-11,1.1
19249,1971-04-12,1.1
19250,1971-04-13,1.1
19251,1971-04-14,1.1
19252,1971-04-15,1.1
19253,1971-04-16,1.1
19254,1971-04-17,1.1
19255,1971-04-18,1.1
19256,1971-04-19,1.1
19257,1971-04-20,1.1
19258,1971-04-21,1.1
19259,1971-04-22,1.1
19260,1971-04-23,1.1
19261,1971-04-24,1.1
19262,1971-04-25,1.1
19263,1971-04-26,1.1
19264,1971-04-27,1.1
19265,1971-04-28,1.1
19266,1971-04-29,1.1
19267,1971-04-30,1.1
19268,1971-03-01,1.1
19269,1971-03-02,1.1
19270,1971-03-03,1.1
19271,1971-03-04,1.1
19272,1971-03-05,1.1
19273,1971-03-06,1.1
19274,1971-03-07,1.1
19275,1971-03-08,1.1
19276,1971-03-09,1.1
19277,1971-03-10,1.1
19278,1971-03-11,1.1
19279,1971-03-12,1.1
19280,1971-03-13,1.1
19281,1971-03-14,1.1
19282,1971-03-15,1.1
19283,1971-03-16,1.1
19284,1971-03-17,1.1
19285,1971-03-18,1.1
19286,1971-03-19,1.1
19287,1971-03-20,1.1
19288,1971-03-21,1.1
19289,1971-03-22,1.1
19290,1971-03-23,1.1
19291,1971-03-24,1.1
19292,1971-03-25,1.1
19293,1971-03-26,1.1
19294,1971-03-27,1.1
19295,1971-03-28,1.1
19296,1971-03-29,1.1
19297,1971-03-30,1.1
19298,1971-03-31,1.1
19299,1971-02-01,-0.1
19300,1971-02-02,-0.1
19301,1971-02-03,-0.1
19302,1971-02-04,-0.1
19303,1971-02-05,-0.1
19304,1971-02-06,-0.1
19305,1971-02-07,-0.1
19306,1971-02-08,-0.1
19307,1971-02-09,-0.1
19308,1971-02-10,-0.1
19309,1971-02-11,-0.1
19310,1971-02-12,-0.1
19311,1971-02-13,-0.1
19312,1971-02-14,-0.1
19313,1971-02-15,-0.1
19314,1971-02-16,-0.1
19315,1971-02-17,-0.1
19316,1971-02-18,-0.1
19317,1971-02-19,-0.1
19318,1971-02-20,-0.1
19319,1971-02-21,-0.1
19320,1971-02-22,-0.1
19321,1971-02-23,-0.1
19322,1971-02-24,-0.1
19323,1971-02-25,-0.1
19324,1971-02-26,-0.1
19325,1971-02-27,-0.1
19326,1971-02-28,-0.1
19327,1971-01-01,1.1
19328,1971-01-02,1.1
19329,1971-01-03,1.1
19330,1971-01-04,1.1
19331,1971-01-05,1.1
19332,1971-01-06,1.1
19333,1971-01-07,1.1
19334,1971-01-08,1.1
19335,1971-01-09,1.1
19336,1971-01-10,1.1
19337,1971-01-11,1.1
19338,1971-01-12,1.1
19339,1971-01-13,1.1
19340,1971-01-14,1.1
19341,1971-01-15,1.1
19342,1971-01-16,1.1
19343,1971-01-17,1.1
19344,1971-01-18,1.1
19345,1971-01-19,1.1
19346,1971-01-20,1.1
19347,1971-01-21,1.1
19348,1971-01-22,1.1
19349,1971-01-23,1.1
19350,1971-01-24,1.1
19351,1971-01-25,1.1
19352,1971-01-26,1.1
19353,1971-01-27,1.1
19354,1971-01-28,1.1
19355,1971-01-29,1.1
19356,1971-01-30,1.1
19357,1971-01-31,1.1
19358,1970-12-01,0.3
19359,1970-12-02,0.3
19360,1970-12-03,0.3
19361,1970-12-04,0.3
19362,1970-12-05,0.3
19363,1970-12-06,0.3
19364,1970-12-07,0.3
19365,1970-12-08,0.3
19366,1970-12-09,0.3
19367,1970-12-10,0.3
19368,1970-12-11,0.3
19369,1970-12-12,0.3
19370,1970-12-13,0.3
19371,1970-12-14,0.3
19372,1970-12-15,0.3
19373,1970-12-16,0.3
19374,1970-12-17,0.3
19375,1970-12-18,0.3
19376,1970-12-19,0.3
19377,1970-12-20,0.3
19378,1970-12-21,0.3
19379,1970-12-22,0.3
19380,1970-12-23,0.3
19381,1970-12-24,0.3
19382,1970-12-25,0.3
19383,1970-12-26,0.3
19384,1970-12-27,0.3
19385,1970-12-28,0.3
19386,1970-12-29,0.3
19387,1970-12-30,0.3
19388,1970-12-31,0.3
19389,1970-11-01,0.3
19390,1970-11-02,0.3
19391,1970-11-03,0.3
19392,1970-11-04,0.3
19393,1970-11-05,0.3
19394,1970-11-06,0.3
19395,1970-11-07,0.3
19396,1970-11-08,0.3
19397,1970-11-09,0.3
19398,1970-11-10,0.3
19399,1970-11-11,0.3
19400,1970-11-12,0.3
19401,1970-11-13,0.3
19402,1970-11-14,0.3
19403,1970-11-15,0.3
19404,1970-11-16,0.3
19405,1970-11-17,0.3
19406,1970-11-18,0.3
19407,1970-11-19,0.3
19408,1970-11-20,0.3
19409,1970-11-21,0.3
19410,1970-11-22,0.3
19411,1970-11-23,0.3
19412,1970-11-24,0.3
19413,1970-11-25,0.3
19414,1970-11-26,0.3
19415,1970-11-27,0.3
19416,1970-11-28,0.3
19417,1970-11-29,0.3
19418,1970-11-30,0.3
19419,1970-10-01,1.0
19420,1970-10-02,1.0
19421,1970-10-03,1.0
19422,1970-10-04,1.0
19423,1970-10-05,1.0
19424,1970-10-06,1.0
19425,1970-10-07,1.0
19426,1970-10-08,1.0
19427,1970-10-09,1.0
19428,1970-10-10,1.0
19429,1970-10-11,1.0
19430,1970-10-12,1.0
19431,1970-10-13,1.0
19432,1970-10-14,1.0
19433,1970-10-15,1.0
19434,1970-10-16,1.0
19435,1970-10-17,1.0
19436,1970-10-18,1.0
19437,1970-10-19,1.0
19438,1970-10-20,1.0
19439,1970-10-21,1.0
19440,1970-10-22,1.0
19441,1970-10-23,1.0
19442,1970-10-24,1.0
19443,1970-10-25,1.0
19444,1970-10-26,1.0
19445,1970-10-27,1.0
19446,1970-10-28,1.0
19447,1970-10-29,1.0
19448,1970-10-30,1.0
19449,1970-10-31,1.0
19450,1970-09-01,0.5
19451,1970-09-02,0.5
19452,1970-09-03,0.5
19453,1970-09-04,0.5
19454,1970-09-05,0.5
19455,1970-09-06,0.5
19456,1970-09-07,0.5
19457,1970-09-08,0.5
19458,1970-09-09,0.5
19459,1970-09-10,0.5
19460,1970-09-11,0.5
19461,1970-09-12,0.5
19462,1970-09-13,0.5
19463,1970-09-14,0.5
19464,1970-09-15,0.5
19465,1970-09-16,0.5
19466,1970-09-17,0.5
19467,1970-09-18,0.5
19468,1970-09-19,0.5
19469,1970-09-20,0.5
19470,1970-09-21,0.5
19471,1970-09-22,0.5
19472,1970-09-23,0.5
19473,1970-09-24,0.5
19474,1970-09-25,0.5
19475,1970-09-26,0.5
19476,1970-09-27,0.5
19477,1970-09-28,0.5
19478,1970-09-29,0.5
19479,1970-09-30,0.5
19480,1970-08-01,1.6
19481,1970-08-02,1.6
19482,1970-08-03,1.6
19483,1970-08-04,1.6
19484,1970-08-05,1.6
19485,1970-08-06,1.6
19486,1970-08-07,1.6
19487,1970-08-08,1.6
19488,1970-08-09,1.6
19489,1970-08-10,1.6
19490,1970-08-11,1.6
19491,1970-08-12,1.6
19492,1970-08-13,1.6
19493,1970-08-14,1.6
19494,1970-08-15,1.6
19495,1970-08-16,1.6
19496,1970-08-17,1.6
19497,1970-08-18,1.6
19498,1970-08-19,1.6
19499,1970-08-20,1.6
19500,1970-08-21,1.6
19501,1970-08-22,1.6
19502,1970-08-23,1.6
19503,1970-08-24,1.6
19504,1970-08-25,1.6
19505,1970-08-26,1.6
19506,1970-08-27,1.6
19507,1970-08-28,1.6
19508,1970-08-29,1.6
19509,1970-08-30,1.6
19510,1970-08-31,1.6
19511,1970-07-01,1.9
19512,1970-07-02,1.9
19513,1970-07-03,1.9
19514,1970-07-04,1.9
19515,1970-07-05,1.9
19516,1970-07-06,1.9
19517,1970-07-07,1.9
19518,1970-07-08,1.9
19519,1970-07-09,1.9
19520,1970-07-10,1.9
19521,1970-07-11,1.9
19522,1970-07-12,1.9
19523,1970-07-13,1.9
19524,1970-07-14,1.9
19525,1970-07-15,1.9
19526,1970-07-16,1.9
19527,1970-07-17,1.9
19528,1970-07-18,1.9
19529,1970-07-19,1.9
19530,1970-07-20,1.9
19531,1970-07-21,1.9
19532,1970-07-22,1.9
19533,1970-07-23,1.9
19534,1970-07-24,1.9
19535,1970-07-25,1.9
19536,1970-07-26,1.9
19537,1970-07-27,1.9
19538,1970-07-28,1.9
19539,1970-07-29,1.9
19540,1970-07-30,1.9
19541,1970-07-31,1.9
19542,1970-06-01,0.4
19543,1970-06-02,0.4
19544,1970-06-03,0.4
19545,1970-06-04,0.4
19546,1970-06-05,0.4
19547,1970-06-06,0.4
19548,1970-06-07,0.4
19549,1970-06-08,0.4
19550,1970-06-09,0.4
19551,1970-06-10,0.4
19552,1970-06-11,0.4
19553,1970-06-12,0.4
19554,1970-06-13,0.4
19555,1970-06-14,0.4
19556,1970-06-15,0.4
19557,1970-06-16,0.4
19558,1970-06-17,0.4
19559,1970-06-18,0.4
19560,1970-06-19,0.4
19561,1970-06-20,0.4
19562,1970-06-21,0.4
19563,1970-06-22,0.4
19564,1970-06-23,0.4
19565,1970-06-24,0.4
19566,1970-06-25,0.4
19567,1970-06-26,0.4
19568,1970-06-27,0.4
19569,1970-06-28,0.4
19570,1970-06-29,0.4
19571,1970-06-30,0.4
19572,1970-05-01,-0.7
19573,1970-05-02,-0.7
19574,1970-05-03,-0.7
19575,1970-05-04,-0.7
19576,1970-05-05,-0.7
19577,1970-05-06,-0.7
19578,1970-05-07,-0.7
19579,1970-05-08,-0.7
19580,1970-05-09,-0.7
19581,1970-05-10,-0.7
19582,1970-05-11,-0.7
19583,1970-05-12,-0.7
19584,1970-05-13,-0.7
19585,1970-05-14,-0.7
19586,1970-05-15,-0.7
19587,1970-05-16,-0.7
19588,1970-05-17,-0.7
19589,1970-05-18,-0.7
19590,1970-05-19,-0.7
19591,1970-05-20,-0.7
19592,1970-05-21,-0.7
19593,1970-05-22,-0.7
19594,1970-05-23,-0.7
19595,1970-05-24,-0.7
19596,1970-05-25,-0.7
19597,1970-05-26,-0.7
19598,1970-05-27,-0.7
19599,1970-05-28,-0.7
19600,1970-05-29,-0.7
19601,1970-05-30,-0.7
19602,1970-05-31,-0.7
19603,1970-04-01,0.6
19604,1970-04-02,0.6
19605,1970-04-03,0.6
19606,1970-04-04,0.6
19607,1970-04-05,0.6
19608,1970-04-06,0.6
19609,1970-04-07,0.6
19610,1970-04-08,0.6
19611,1970-04-09,0.6
19612,1970-04-10,0.6
19613,1970-04-11,0.6
19614,1970-04-12,0.6
19615,1970-04-13,0.6
19616,1970-04-14,0.6
19617,1970-04-15,0.6
19618,1970-04-16,0.6
19619,1970-04-17,0.6
19620,1970-04-18,0.6
19621,1970-04-19,0.6
19622,1970-04-20,0.6
19623,1970-04-21,0.6
19624,1970-04-22,0.6
19625,1970-04-23,0.6
19626,1970-04-24,0.6
19627,1970-04-25,0.6
19628,1970-04-26,0.6
19629,1970-04-27,0.6
19630,1970-04-28,0.6
19631,1970-04-29,0.6
19632,1970-04-30,0.6
19633,1970-03-01,0.8
19634,1970-03-02,0.8
19635,1970-03-03,0.8
19636,1970-03-04,0.8
19637,1970-03-05,0.8
19638,1970-03-06,0.8
19639,1970-03-07,0.8
19640,1970-03-08,0.8
19641,1970-03-09,0.8
19642,1970-03-10,0.8
19643,1970-03-11,0.8
19644,1970-03-12,0.8
19645,1970-03-13,0.8
19646,1970-03-14,0.8
19647,1970-03-15,0.8
19648,1970-03-16,0.8
19649,1970-03-17,0.8
19650,1970-03-18,0.8
19651,1970-03-19,0.8
19652,1970-03-20,0.8
19653,1970-03-21,0.8
19654,1970-03-22,0.8
19655,1970-03-23,0.8
19656,1970-03-24,0.8
19657,1970-03-25,0.8
19658,1970-03-26,0.8
19659,1970-03-27,0.8
19660,1970-03-28,0.8
19661,1970-03-29,0.8
19662,1970-03-30,0.8
19663,1970-03-31,0.8
19664,1970-02-01,-0.4
19665,1970-02-02,-0.4
19666,1970-02-03,-0.4
19667,1970-02-04,-0.4
19668,1970-02-05,-0.4
19669,1970-02-06,-0.4
19670,1970-02-07,-0.4
19671,1970-02-08,-0.4
19672,1970-02-09,-0.4
19673,1970-02-10,-0.4
19674,1970-02-11,-0.4
19675,1970-02-12,-0.4
19676,1970-02-13,-0.4
19677,1970-02-14,-0.4
19678,1970-02-15,-0.4
19679,1970-02-16,-0.4
19680,1970-02-17,-0.4
19681,1970-02-18,-0.4
19682,1970-02-19,-0.4
19683,1970-02-20,-0.4
19684,1970-02-21,-0.4
19685,1970-02-22,-0.4
19686,1970-02-23,-0.4
19687,1970-02-24,-0.4
19688,1970-02-25,-0.4
19689,1970-02-26,-0.4
19690,1970-02-27,-0.4
19691,1970-02-28,-0.4
19692,1970-01-01,0.5
19693,1970-01-02,0.5
19694,1970-01-03,0.5
19695,1970-01-04,0.5
19696,1970-01-05,0.5
19697,1970-01-06,0.5
19698,1970-01-07,0.5
19699,1970-01-08,0.5
19700,1970-01-09,0.5
19701,1970-01-10,0.5
19702,1970-01-11,0.5
19703,1970-01-12,0.5
19704,1970-01-13,0.5
19705,1970-01-14,0.5
19706,1970-01-15,0.5
19707,1970-01-16,0.5
19708,1970-01-17,0.5
19709,1970-01-18,0.5
19710,1970-01-19,0.5
19711,1970-01-20,0.5
19712,1970-01-21,0.5
19713,1970-01-22,0.5
19714,1970-01-23,0.5
19715,1970-01-24,0.5
19716,1970-01-25,0.5
19717,1970-01-26,0.5
19718,1970-01-27,0.5
19719,1970-01-28,0.5
19720,1970-01-29,0.5
19721,1970-01-30,0.5
19722,1970-01-31,0.5
19723,1969-12-01,1.1
19724,1969-12-02,1.1
19725,1969-12-03,1.1
19726,1969-12-04,1.1
19727,1969-12-05,1.1
19728,1969-12-06,1.1
19729,1969-12-07,1.1
19730,1969-12-08,1.1
19731,1969-12-09,1.1
19732,1969-12-10,1.1
19733,1969-12-11,1.1
19734,1969-12-12,1.1
19735,1969-12-13,1.1
19736,1969-12-14,1.1
19737,1969-12-15,1.1
19738,1969-12-16,1.1
19739,1969-12-17,1.1
19740,1969-12-18,1.1
19741,1969-12-19,1.1
19742,1969-12-20,1.1
19743,1969-12-21,1.1
19744,1969-12-22,1.1
19745,1969-12-23,1.1
19746,1969-12-24,1.1
19747,1969-12-25,1.1
19748,1969-12-26,1.1
19749,1969-12-27,1.1
19750,1969-12-28,1.1
19751,1969-12-29,1.1
19752,1969-12-30,1.1
19753,1969-12-31,1.1
19754,1969-11-01,0.9
19755,1969-11-02,0.9
19756,1969-11-03,0.9
19757,1969-11-04,0.9
19758,1969-11-05,0.9
19759,1969-11-06,0.9
19760,1969-11-07,0.9
19761,1969-11-08,0.9
19762,1969-11-09,0.9
19763,1969-11-10,0.9
19764,1969-11-11,0.9
19765,1969-11-12,0.9
19766,1969-11-13,0.9
19767,1969-11-14,0.9
19768,1969-11-15,0.9
19769,1969-11-16,0.9
19770,1969-11-17,0.9
19771,1969-11-18,0.9
19772,1969-11-19,0.9
19773,1969-11-20,0.9
19774,1969-11-21,0.9
19775,1969-11-22,0.9
19776,1969-11-23,0.9
19777,1969-11-24,0.9
19778,1969-11-25,0.9
19779,1969-11-26,0.9
19780,1969-11-27,0.9
19781,1969-11-28,0.9
19782,1969-11-29,0.9
19783,1969-11-30,0.9
19784,1969-10-01,0.4
19785,1969-10-02,0.4
19786,1969-10-03,0.4
19787,1969-10-04,0.4
19788,1969-10-05,0.4
19789,1969-10-06,0.4
19790,1969-10-07,0.4
19791,1969-10-08,0.4
19792,1969-10-09,0.4
19793,1969-10-10,0.4
19794,1969-10-11,0.4
19795,1969-10-12,0.4
19796,1969-10-13,0.4
19797,1969-10-14,0.4
19798,1969-10-15,0.4
19799,1969-10-16,0.4
19800,1969-10-17,0.4
19801,1969-10-18,0.4
19802,1969-10-19,0.4
19803,1969-10-20,0.4
19804,1969-10-21,0.4
19805,1969-10-22,0.4
19806,1969-10-23,0.4
19807,1969-10-24,0.4
19808,1969-10-25,0.4
19809,1969-10-26,0.4
19810,1969-10-27,0.4
19811,1969-10-28,0.4
19812,1969-10-29,0.4
19813,1969-10-30,0.4
19814,1969-10-31,0.4
19815,1969-09-01,0.2
19816,1969-09-02,0.2
19817,1969-09-03,0.2
19818,1969-09-04,0.2
19819,1969-09-05,0.2
19820,1969-09-06,0.2
19821,1969-09-07,0.2
19822,1969-09-08,0.2
19823,1969-09-09,0.2
19824,1969-09-10,0.2
19825,1969-09-11,0.2
19826,1969-09-12,0.2
19827,1969-09-13,0.2
19828,1969-09-14,0.2
19829,1969-09-15,0.2
19830,1969-09-16,0.2
19831,1969-09-17,0.2
19832,1969-09-18,0.2
19833,1969-09-19,0.2
19834,1969-09-20,0.2
19835,1969-09-21,0.2
19836,1969-09-22,0.2
19837,1969-09-23,0.2
19838,1969-09-24,0.2
19839,1969-09-25,0.2
19840,1969-09-26,0.2
19841,1969-09-27,0.2
19842,1969-09-28,0.2
19843,1969-09-29,0.2
19844,1969-09-30,0.2
19845,1969-08-01,0.3
19846,1969-08-02,0.3
19847,1969-08-03,0.3
19848,1969-08-04,0.3
19849,1969-08-05,0.3
19850,1969-08-06,0.3
19851,1969-08-07,0.3
19852,1969-08-08,0.3
19853,1969-08-09,0.3
19854,1969-08-10,0.3
19855,1969-08-11,0.3
19856,1969-08-12,0.3
19857,1969-08-13,0.3
19858,1969-08-14,0.3
19859,1969-08-15,0.3
19860,1969-08-16,0.3
19861,1969-08-17,0.3
19862,1969-08-18,0.3
19863,1969-08-19,0.3
19864,1969-08-20,0.3
19865,1969-08-21,0.3
19866,1969-08-22,0.3
19867,1969-08-23,0.3
19868,1969-08-24,0.3
19869,1969-08-25,0.3
19870,1969-08-26,0.3
19871,1969-08-27,0.3
19872,1969-08-28,0.3
19873,1969-08-29,0.3
19874,1969-08-30,0.3
19875,1969-08-31,0.3
19876,1969-07-01,0.8
19877,1969-07-02,0.8
19878,1969-07-03,0.8
19879,1969-07-04,0.8
19880,1969-07-05,0.8
19881,1969-07-06,0.8
19882,1969-07-07,0.8
19883,1969-07-08,0.8
19884,1969-07-09,0.8
19885,1969-07-10,0.8
19886,1969-07-11,0.8
19887,1969-07-12,0.8
19888,1969-07-13,0.8
19889,1969-07-14,0.8
19890,1969-07-15,0.8
19891,1969-07-16,0.8
19892,1969-07-17,0.8
19893,1969-07-18,0.8
19894,1969-07-19,0.8
19895,1969-07-20,0.8
19896,1969-07-21,0.8
19897,1969-07-22,0.8
19898,1969-07-23,0.8
19899,1969-07-24,0.8
19900,1969-07-25,0.8
19901,1969-07-26,0.8
19902,1969-07-27,0.8
19903,1969-07-28,0.8
19904,1969-07-29,0.8
19905,1969-07-30,0.8
19906,1969-07-31,0.8
19907,1969-06-01,-1.2
19908,1969-06-02,-1.2
19909,1969-06-03,-1.2
19910,1969-06-04,-1.2
19911,1969-06-05,-1.2
19912,1969-06-06,-1.2
19913,1969-06-07,-1.2
19914,1969-06-08,-1.2
19915,1969-06-09,-1.2
19916,1969-06-10,-1.2
19917,1969-06-11,-1.2
19918,1969-06-12,-1.2
19919,1969-06-13,-1.2
19920,1969-06-14,-1.2
19921,1969-06-15,-1.2
19922,1969-06-16,-1.2
19923,1969-06-17,-1.2
19924,1969-06-18,-1.2
19925,1969-06-19,-1.2
19926,1969-06-20,-1.2
19927,1969-06-21,-1.2
19928,1969-06-22,-1.2
19929,1969-06-23,-1.2
19930,1969-06-24,-1.2
19931,1969-06-25,-1.2
19932,1969-06-26,-1.2
19933,1969-06-27,-1.2
19934,1969-06-28,-1.2
19935,1969-06-29,-1.2
19936,1969-06-30,-1.2
19937,1969-05-01,0.0
19938,1969-05-02,0.0
19939,1969-05-03,0.0
19940,1969-05-04,0.0
19941,1969-05-05,0.0
19942,1969-05-06,0.0
19943,1969-05-07,0.0
19944,1969-05-08,0.0
19945,1969-05-09,0.0
19946,1969-05-10,0.0
19947,1969-05-11,0.0
19948,1969-05-12,0.0
19949,1969-05-13,0.0
19950,1969-05-14,0.0
19951,1969-05-15,0.0
19952,1969-05-16,0.0
19953,1969-05-17,0.0
19954,1969-05-18,0.0
19955,1969-05-19,0.0
19956,1969-05-20,0.0
19957,1969-05-21,0.0
19958,1969-05-22,0.0
19959,1969-05-23,0.0
19960,1969-05-24,0.0
19961,1969-05-25,0.0
19962,1969-05-26,0.0
19963,1969-05-27,0.0
19964,1969-05-28,0.0
19965,1969-05-29,0.0
19966,1969-05-30,0.0
19967,1969-05-31,0.0
19968,1969-04-01,1.2
19969,1969-04-02,1.2
19970,1969-04-03,1.2
19971,1969-04-04,1.2
19972,1969-04-05,1.2
19973,1969-04-06,1.2
19974,1969-04-07,1.2
19975,1969-04-08,1.2
19976,1969-04-09,1.2
19977,1969-04-10,1.2
19978,1969-04-11,1.2
19979,1969-04-12,1.2
19980,1969-04-13,1.2
19981,1969-04-14,1.2
19982,1969-04-15,1.2
19983,1969-04-16,1.2
19984,1969-04-17,1.2
19985,1969-04-18,1.2
19986,1969-04-19,1.2
19987,1969-04-20,1.2
19988,1969-04-21,1.2
19989,1969-04-22,1.2
19990,1969-04-23,1.2
19991,1969-04-24,1.2
19992,1969-04-25,1.2
19993,1969-04-26,1.2
19994,1969-04-27,1.2
19995,1969-04-28,1.2
19996,1969-04-29,1.2
19997,1969-04-30,1.2
19998,1969-03-01,0.6
19999,1969-03-02,0.6
20000,1969-03-03,0.6
20001,1969-03-04,0.6
20002,1969-03-05,0.6
20003,1969-03-06,0.6
20004,1969-03-07,0.6
20005,1969-03-08,0.6
20006,1969-03-09,0.6
20007,1969-03-10,0.6
20008,1969-03-11,0.6
20009,1969-03-12,0.6
20010,1969-03-13,0.6
20011,1969-03-14,0.6
20012,1969-03-15,0.6
20013,1969-03-16,0.6
20014,1969-03-17,0.6
20015,1969-03-18,0.6
20016,1969-03-19,0.6
20017,1969-03-20,0.6
20018,1969-03-21,0.6
20019,1969-03-22,0.6
20020,1969-03-23,0.6
20021,1969-03-24,0.6
20022,1969-03-25,0.6
20023,1969-03-26,0.6
20024,1969-03-27,0.6
20025,1969-03-28,0.6
20026,1969-03-29,0.6
20027,1969-03-30,0.6
20028,1969-03-31,0.6
20029,1969-02-01,-0.6
20030,1969-02-02,-0.6
20031,1969-02-03,-0.6
20032,1969-02-04,-0.6
20033,1969-02-05,-0.6
20034,1969-02-06,-0.6
20035,1969-02-07,-0.6
20036,1969-02-08,-0.6
20037,1969-02-09,-0.6
20038,1969-02-10,-0.6
20039,1969-02-11,-0.6
20040,1969-02-12,-0.6
20041,1969-02-13,-0.6
20042,1969-02-14,-0.6
20043,1969-02-15,-0.6
20044,1969-02-16,-0.6
20045,1969-02-17,-0.6
20046,1969-02-18,-0.6
20047,1969-02-19,-0.6
20048,1969-02-20,-0.6
20049,1969-02-21,-0.6
20050,1969-02-22,-0.6
20051,1969-02-23,-0.6
20052,1969-02-24,-0.6
20053,1969-02-25,-0.6
20054,1969-02-26,-0.6
20055,1969-02-27,-0.6
20056,1969-02-28,-0.6
20057,1969-01-01,-0.2
20058,1969-01-02,-0.2
20059,1969-01-03,-0.2
20060,1969-01-04,-0.2
20061,1969-01-05,-0.2
20062,1969-01-06,-0.2
20063,1969-01-07,-0.2
20064,1969-01-08,-0.2
20065,1969-01-09,-0.2
20066,1969-01-10,-0.2
20067,1969-01-11,-0.2
20068,1969-01-12,-0.2
20069,1969-01-13,-0.2
20070,1969-01-14,-0.2
20071,1969-01-15,-0.2
20072,1969-01-16,-0.2
20073,1969-01-17,-0.2
20074,1969-01-18,-0.2
20075,1969-01-19,-0.2
20076,1969-01-20,-0.2
20077,1969-01-21,-0.2
20078,1969-01-22,-0.2
20079,1969-01-23,-0.2
20080,1969-01-24,-0.2
20081,1969-01-25,-0.2
20082,1969-01-26,-0.2
20083,1969-01-27,-0.2
20084,1969-01-28,-0.2
20085,1969-01-29,-0.2
20086,1969-01-30,-0.2
20087,1969-01-31,-0.2
20088,1968-12-01,0.7
20089,1968-12-02,0.7
20090,1968-12-03,0.7
20091,1968-12-04,0.7
20092,1968-12-05,0.7
20093,1968-12-06,0.7
20094,1968-12-07,0.7
20095,1968-12-08,0.7
20096,1968-12-09,0.7
20097,1968-12-10,0.7
20098,1968-12-11,0.7
20099,1968-12-12,0.7
20100,1968-12-13,0.7
20101,1968-12-14,0.7
20102,1968-12-15,0.7
20103,1968-12-16,0.7
20104,1968-12-17,0.7
20105,1968-12-18,0.7
20106,1968-12-19,0.7
20107,1968-12-20,0.7
20108,1968-12-21,0.7
20109,1968-12-22,0.7
20110,1968-12-23,0.7
20111,1968-12-24,0.7
20112,1968-12-25,0.7
20113,1968-12-26,0.7
20114,1968-12-27,0.7
20115,1968-12-28,0.7
20116,1968-12-29,0.7
20117,1968-12-30,0.7
20118,1968-12-31,0.7
20119,1968-11-01,0.7
20120,1968-11-02,0.7
20121,1968-11-03,0.7
20122,1968-11-04,0.7
20123,1968-11-05,0.7
20124,1968-11-06,0.7
20125,1968-11-07,0.7
20126,1968-11-08,0.7
20127,1968-11-09,0.7
20128,1968-11-10,0.7
20129,1968-11-11,0.7
20130,1968-11-12,0.7
20131,1968-11-13,0.7
20132,1968-11-14,0.7
20133,1968-11-15,0.7
20134,1968-11-16,0.7
20135,1968-11-17,0.7
20136,1968-11-18,0.7
20137,1968-11-19,0.7
20138,1968-11-20,0.7
20139,1968-11-21,0.7
20140,1968-11-22,0.7
20141,1968-11-23,0.7
20142,1968-11-24,0.7
20143,1968-11-25,0.7
20144,1968-11-26,0.7
20145,1968-11-27,0.7
20146,1968-11-28,0.7
20147,1968-11-29,0.7
20148,1968-11-30,0.7
20149,1968-10-01,0.3
20150,1968-10-02,0.3
20151,1968-10-03,0.3
20152,1968-10-04,0.3
20153,1968-10-05,0.3
20154,1968-10-06,0.3
20155,1968-10-07,0.3
20156,1968-10-08,0.3
20157,1968-10-09,0.3
20158,1968-10-10,0.3
20159,1968-10-11,0.3
20160,1968-10-12,0.3
20161,1968-10-13,0.3
20162,1968-10-14,0.3
20163,1968-10-15,0.3
20164,1968-10-16,0.3
20165,1968-10-17,0.3
20166,1968-10-18,0.3
20167,1968-10-19,0.3
20168,1968-10-20,0.3
20169,1968-10-21,0.3
20170,1968-10-22,0.3
20171,1968-10-23,0.3
20172,1968-10-24,0.3
20173,1968-10-25,0.3
20174,1968-10-26,0.3
20175,1968-10-27,0.3
20176,1968-10-28,0.3
20177,1968-10-29,0.3
20178,1968-10-30,0.3
20179,1968-10-31,0.3
20180,1968-09-01,-0.2
20181,1968-09-02,-0.2
20182,1968-09-03,-0.2
20183,1968-09-04,-0.2
20184,1968-09-05,-0.2
20185,1968-09-06,-0.2
20186,1968-09-07,-0.2
20187,1968-09-08,-0.2
20188,1968-09-09,-0.2
20189,1968-09-10,-0.2
20190,1968-09-11,-0.2
20191,1968-09-12,-0.2
20192,1968-09-13,-0.2
20193,1968-09-14,-0.2
20194,1968-09-15,-0.2
20195,1968-09-16,-0.2
20196,1968-09-17,-0.2
20197,1968-09-18,-0.2
20198,1968-09-19,-0.2
20199,1968-09-20,-0.2
20200,1968-09-21,-0.2
20201,1968-09-22,-0.2
20202,1968-09-23,-0.2
20203,1968-09-24,-0.2
20204,1968-09-25,-0.2
20205,1968-09-26,-0.2
20206,1968-09-27,-0.2
20207,1968-09-28,-0.2
20208,1968-09-29,-0.2
20209,1968-09-30,-0.2
20210,1968-08-01,0.1
20211,1968-08-02,0.1
20212,1968-08-03,0.1
20213,1968-08-04,0.1
20214,1968-08-05,0.1
20215,1968-08-06,0.1
20216,1968-08-07,0.1
20217,1968-08-08,0.1
20218,1968-08-09,0.1
20219,1968-08-10,0.1
20220,1968-08-11,0.1
20221,1968-08-12,0.1
20222,1968-08-13,0.1
20223,1968-08-14,0.1
20224,1968-08-15,0.1
20225,1968-08-16,0.1
20226,1968-08-17,0.1
20227,1968-08-18,0.1
20228,1968-08-19,0.1
20229,1968-08-20,0.1
20230,1968-08-21,0.1
20231,1968-08-22,0.1
20232,1968-08-23,0.1
20233,1968-08-24,0.1
20234,1968-08-25,0.1
20235,1968-08-26,0.1
20236,1968-08-27,0.1
20237,1968-08-28,0.1
20238,1968-08-29,0.1
20239,1968-08-30,0.1
20240,1968-08-31,0.1
20241,1968-07-01,-0.8
20242,1968-07-02,-0.8
20243,1968-07-03,-0.8
20244,1968-07-04,-0.8
20245,1968-07-05,-0.8
20246,1968-07-06,-0.8
20247,1968-07-07,-0.8
20248,1968-07-08,-0.8
20249,1968-07-09,-0.8
20250,1968-07-10,-0.8
20251,1968-07-11,-0.8
20252,1968-07-12,-0.8
20253,1968-07-13,-0.8
20254,1968-07-14,-0.8
20255,1968-07-15,-0.8
20256,1968-07-16,-0.8
20257,1968-07-17,-0.8
20258,1968-07-18,-0.8
20259,1968-07-19,-0.8
20260,1968-07-20,-0.8
20261,1968-07-21,-0.8
20262,1968-07-22,-0.8
20263,1968-07-23,-0.8
20264,1968-07-24,-0.8
20265,1968-07-25,-0.8
20266,1968-07-26,-0.8
20267,1968-07-27,-0.8
20268,1968-07-28,-0.8
20269,1968-07-29,-0.8
20270,1968-07-30,-0.8
20271,1968-07-31,-0.8
20272,1968-06-01,0.3
20273,1968-06-02,0.3
20274,1968-06-03,0.3
20275,1968-06-04,0.3
20276,1968-06-05,0.3
20277,1968-06-06,0.3
20278,1968-06-07,0.3
20279,1968-06-08,0.3
20280,1968-06-09,0.3
20281,1968-06-10,0.3
20282,1968-06-11,0.3
20283,1968-06-12,0.3
20284,1968-06-13,0.3
20285,1968-06-14,0.3
20286,1968-06-15,0.3
20287,1968-06-16,0.3
20288,1968-06-17,0.3
20289,1968-06-18,0.3
20290,1968-06-19,0.3
20291,1968-06-20,0.3
20292,1968-06-21,0.3
20293,1968-06-22,0.3
20294,1968-06-23,0.3
20295,1968-06-24,0.3
20296,1968-06-25,0.3
20297,1968-06-26,0.3
20298,1968-06-27,0.3
20299,1968-06-28,0.3
20300,1968-06-29,0.3
20301,1968-06-30,0.3
20302,1968-05-01,-0.3
20303,1968-05-02,-0.3
20304,1968-05-03,-0.3
20305,1968-05-04,-0.3
20306,1968-05-05,-0.3
20307,1968-05-06,-0.3
20308,1968-05-07,-0.3
20309,1968-05-08,-0.3
20310,1968-05-09,-0.3
20311,1968-05-10,-0.3
20312,1968-05-11,-0.3
20313,1968-05-12,-0.3
20314,1968-05-13,-0.3
20315,1968-05-14,-0.3
20316,1968-05-15,-0.3
20317,1968-05-16,-0.3
20318,1968-05-17,-0.3
20319,1968-05-18,-0.3
20320,1968-05-19,-0.3
20321,1968-05-20,-0.3
20322,1968-05-21,-0.3
20323,1968-05-22,-0.3
20324,1968-05-23,-0.3
20325,1968-05-24,-0.3
20326,1968-05-25,-0.3
20327,1968-05-26,-0.3
20328,1968-05-27,-0.3
20329,1968-05-28,-0.3
20330,1968-05-29,-0.3
20331,1968-05-30,-0.3
20332,1968-05-31,-0.3
20333,1968-04-01,0.9
20334,1968-04-02,0.9
20335,1968-04-03,0.9
20336,1968-04-04,0.9
20337,1968-04-05,0.9
20338,1968-04-06,0.9
20339,1968-04-07,0.9
20340,1968-04-08,0.9
20341,1968-04-09,0.9
20342,1968-04-10,0.9
20343,1968-04-11,0.9
20344,1968-04-12,0.9
20345,1968-04-13,0.9
20346,1968-04-14,0.9
20347,1968-04-15,0.9
20348,1968-04-16,0.9
20349,1968-04-17,0.9
20350,1968-04-18,0.9
20351,1968-04-19,0.9
20352,1968-04-20,0.9
20353,1968-04-21,0.9
20354,1968-04-22,0.9
20355,1968-04-23,0.9
20356,1968-04-24,0.9
20357,1968-04-25,0.9
20358,1968-04-26,0.9
20359,1968-04-27,0.9
20360,1968-04-28,0.9
20361,1968-04-29,0.9
20362,1968-04-30,0.9
20363,1968-03-01,1.0
20364,1968-03-02,1.0
20365,1968-03-03,1.0
20366,1968-03-04,1.0
20367,1968-03-05,1.0
20368,1968-03-06,1.0
20369,1968-03-07,1.0
20370,1968-03-08,1.0
20371,1968-03-09,1.0
20372,1968-03-10,1.0
20373,1968-03-11,1.0
20374,1968-03-12,1.0
20375,1968-03-13,1.0
20376,1968-03-14,1.0
20377,1968-03-15,1.0
20378,1968-03-16,1.0
20379,1968-03-17,1.0
20380,1968-03-18,1.0
20381,1968-03-19,1.0
20382,1968-03-20,1.0
20383,1968-03-21,1.0
20384,1968-03-22,1.0
20385,1968-03-23,1.0
20386,1968-03-24,1.0
20387,1968-03-25,1.0
20388,1968-03-26,1.0
20389,1968-03-27,1.0
20390,1968-03-28,1.0
20391,1968-03-29,1.0
20392,1968-03-30,1.0
20393,1968-03-31,1.0
20394,1968-02-01,0.0
20395,1968-02-02,0.0
20396,1968-02-03,0.0
20397,1968-02-04,0.0
20398,1968-02-05,0.0
20399,1968-02-06,0.0
20400,1968-02-07,0.0
20401,1968-02-08,0.0
20402,1968-02-09,0.0
20403,1968-02-10,0.0
20404,1968-02-11,0.0
20405,1968-02-12,0.0
20406,1968-02-13,0.0
20407,1968-02-14,0.0
20408,1968-02-15,0.0
20409,1968-02-16,0.0
20410,1968-02-17,0.0
20411,1968-02-18,0.0
20412,1968-02-19,0.0
20413,1968-02-20,0.0
20414,1968-02-21,0.0
20415,1968-02-22,0.0
20416,1968-02-23,0.0
20417,1968-02-24,0.0
20418,1968-02-25,0.0
20419,1968-02-26,0.0
20420,1968-02-27,0.0
20421,1968-02-28,0.0
20422,1968-02-29,0.0
20423,1968-01-01,0.3
20424,1968-01-02,0.3
20425,1968-01-03,0.3
20426,1968-01-04,0.3
20427,1968-01-05,0.3
20428,1968-01-06,0.3
20429,1968-01-07,0.3
20430,1968-01-08,0.3
20431,1968-01-09,0.3
20432,1968-01-10,0.3
20433,1968-01-11,0.3
20434,1968-01-12,0.3
20435,1968-01-13,0.3
20436,1968-01-14,0.3
20437,1968-01-15,0.3
20438,1968-01-16,0.3
20439,1968-01-17,0.3
20440,1968-01-18,0.3
20441,1968-01-19,0.3
20442,1968-01-20,0.3
20443,1968-01-21,0.3
20444,1968-01-22,0.3
20445,1968-01-23,0.3
20446,1968-01-24,0.3
20447,1968-01-25,0.3
20448,1968-01-26,0.3
20449,1968-01-27,0.3
20450,1968-01-28,0.3
20451,1968-01-29,0.3
20452,1968-01-30,0.3
20453,1968-01-31,0.3
20454,1967-12-01,0.0
20455,1967-12-02,0.0
20456,1967-12-03,0.0
20457,1967-12-04,0.0
20458,1967-12-05,0.0
20459,1967-12-06,0.0
20460,1967-12-07,0.0
20461,1967-12-08,0.0
20462,1967-12-09,0.0
20463,1967-12-10,0.0
20464,1967-12-11,0.0
20465,1967-12-12,0.0
20466,1967-12-13,0.0
20467,1967-12-14,0.0
20468,1967-12-15,0.0
20469,1967-12-16,0.0
20470,1967-12-17,0.0
20471,1967-12-18,0.0
20472,1967-12-19,0.0
20473,1967-12-20,0.0
20474,1967-12-21,0.0
20475,1967-12-22,0.0
20476,1967-12-23,0.0
20477,1967-12-24,0.0
20478,1967-12-25,0.0
20479,1967-12-26,0.0
20480,1967-12-27,0.0
20481,1967-12-28,0.0
20482,1967-12-29,0.0
20483,1967-12-30,0.0
20484,1967-12-31,0.0
20485,1967-11-01,2.1
20486,1967-11-02,2.1
20487,1967-11-03,2.1
20488,1967-11-04,2.1
20489,1967-11-05,2.1
20490,1967-11-06,2.1
20491,1967-11-07,2.1
20492,1967-11-08,2.1
20493,1967-11-09,2.1
20494,1967-11-10,2.1
20495,1967-11-11,2.1
20496,1967-11-12,2.1
20497,1967-11-13,2.1
20498,1967-11-14,2.1
20499,1967-11-15,2.1
20500,1967-11-16,2.1
20501,1967-11-17,2.1
20502,1967-11-18,2.1
20503,1967-11-19,2.1
20504,1967-11-20,2.1
20505,1967-11-21,2.1
20506,1967-11-22,2.1
20507,1967-11-23,2.1
20508,1967-11-24,2.1
20509,1967-11-25,2.1
20510,1967-11-26,2.1
20511,1967-11-27,2.1
20512,1967-11-28,2.1
20513,1967-11-29,2.1
20514,1967-11-30,2.1
20515,1967-10-01,0.4
20516,1967-10-02,0.4
20517,1967-10-03,0.4
20518,1967-10-04,0.4
20519,1967-10-05,0.4
20520,1967-10-06,0.4
20521,1967-10-07,0.4
20522,1967-10-08,0.4
20523,1967-10-09,0.4
20524,1967-10-10,0.4
20525,1967-10-11,0.4
20526,1967-10-12,0.4
20527,1967-10-13,0.4
20528,1967-10-14,0.4
20529,1967-10-15,0.4
20530,1967-10-16,0.4
20531,1967-10-17,0.4
20532,1967-10-18,0.4
20533,1967-10-19,0.4
20534,1967-10-20,0.4
20535,1967-10-21,0.4
20536,1967-10-22,0.4
20537,1967-10-23,0.4
20538,1967-10-24,0.4
20539,1967-10-25,0.4
20540,1967-10-26,0.4
20541,1967-10-27,0.4
20542,1967-10-28,0.4
20543,1967-10-29,0.4
20544,1967-10-30,0.4
20545,1967-10-31,0.4
20546,1967-09-01,0.3
20547,1967-09-02,0.3
20548,1967-09-03,0.3
20549,1967-09-04,0.3
20550,1967-09-05,0.3
20551,1967-09-06,0.3
20552,1967-09-07,0.3
20553,1967-09-08,0.3
20554,1967-09-09,0.3
20555,1967-09-10,0.3
20556,1967-09-11,0.3
20557,1967-09-12,0.3
20558,1967-09-13,0.3
20559,1967-09-14,0.3
20560,1967-09-15,0.3
20561,1967-09-16,0.3
20562,1967-09-17,0.3
20563,1967-09-18,0.3
20564,1967-09-19,0.3
20565,1967-09-20,0.3
20566,1967-09-21,0.3
20567,1967-09-22,0.3
20568,1967-09-23,0.3
20569,1967-09-24,0.3
20570,1967-09-25,0.3
20571,1967-09-26,0.3
20572,1967-09-27,0.3
20573,1967-09-28,0.3
20574,1967-09-29,0.3
20575,1967-09-30,0.3
20576,1967-08-01,1.5
20577,1967-08-02,1.5
20578,1967-08-03,1.5
20579,1967-08-04,1.5
20580,1967-08-05,1.5
20581,1967-08-06,1.5
20582,1967-08-07,1.5
20583,1967-08-08,1.5
20584,1967-08-09,1.5
20585,1967-08-10,1.5
20586,1967-08-11,1.5
20587,1967-08-12,1.5
20588,1967-08-13,1.5
20589,1967-08-14,1.5
20590,1967-08-15,1.5
20591,1967-08-16,1.5
20592,1967-08-17,1.5
20593,1967-08-18,1.5
20594,1967-08-19,1.5
20595,1967-08-20,1.5
20596,1967-08-21,1.5
20597,1967-08-22,1.5
20598,1967-08-23,1.5
20599,1967-08-24,1.5
20600,1967-08-25,1.5
20601,1967-08-26,1.5
20602,1967-08-27,1.5
20603,1967-08-28,1.5
20604,1967-08-29,1.5
20605,1967-08-30,1.5
20606,1967-08-31,1.5
20607,1967-07-01,0.1
20608,1967-07-02,0.1
20609,1967-07-03,0.1
20610,1967-07-04,0.1
20611,1967-07-05,0.1
20612,1967-07-06,0.1
20613,1967-07-07,0.1
20614,1967-07-08,0.1
20615,1967-07-09,0.1
20616,1967-07-10,0.1
20617,1967-07-11,0.1
20618,1967-07-12,0.1
20619,1967-07-13,0.1
20620,1967-07-14,0.1
20621,1967-07-15,0.1
20622,1967-07-16,0.1
20623,1967-07-17,0.1
20624,1967-07-18,0.1
20625,1967-07-19,0.1
20626,1967-07-20,0.1
20627,1967-07-21,0.1
20628,1967-07-22,0.1
20629,1967-07-23,0.1
20630,1967-07-24,0.1
20631,1967-07-25,0.1
20632,1967-07-26,0.1
20633,1967-07-27,0.1
20634,1967-07-28,0.1
20635,1967-07-29,0.1
20636,1967-07-30,0.1
20637,1967-07-31,0.1
20638,1967-06-01,-0.9
20639,1967-06-02,-0.9
20640,1967-06-03,-0.9
20641,1967-06-04,-0.9
20642,1967-06-05,-0.9
20643,1967-06-06,-0.9
20644,1967-06-07,-0.9
20645,1967-06-08,-0.9
20646,1967-06-09,-0.9
20647,1967-06-10,-0.9
20648,1967-06-11,-0.9
20649,1967-06-12,-0.9
20650,1967-06-13,-0.9
20651,1967-06-14,-0.9
20652,1967-06-15,-0.9
20653,1967-06-16,-0.9
20654,1967-06-17,-0.9
20655,1967-06-18,-0.9
20656,1967-06-19,-0.9
20657,1967-06-20,-0.9
20658,1967-06-21,-0.9
20659,1967-06-22,-0.9
20660,1967-06-23,-0.9
20661,1967-06-24,-0.9
20662,1967-06-25,-0.9
20663,1967-06-26,-0.9
20664,1967-06-27,-0.9
20665,1967-06-28,-0.9
20666,1967-06-29,-0.9
20667,1967-06-30,-0.9
20668,1967-05-01,0.3
20669,1967-05-02,0.3
20670,1967-05-03,0.3
20671,1967-05-04,0.3
20672,1967-05-05,0.3
20673,1967-05-06,0.3
20674,1967-05-07,0.3
20675,1967-05-08,0.3
20676,1967-05-09,0.3
20677,1967-05-10,0.3
20678,1967-05-11,0.3
20679,1967-05-12,0.3
20680,1967-05-13,0.3
20681,1967-05-14,0.3
20682,1967-05-15,0.3
20683,1967-05-16,0.3
20684,1967-05-17,0.3
20685,1967-05-18,0.3
20686,1967-05-19,0.3
20687,1967-05-20,0.3
20688,1967-05-21,0.3
20689,1967-05-22,0.3
20690,1967-05-23,0.3
20691,1967-05-24,0.3
20692,1967-05-25,0.3
20693,1967-05-26,0.3
20694,1967-05-27,0.3
20695,1967-05-28,0.3
20696,1967-05-29,0.3
20697,1967-05-30,0.3
20698,1967-05-31,0.3
20699,1967-04-01,1.4
20700,1967-04-02,1.4
20701,1967-04-03,1.4
20702,1967-04-04,1.4
20703,1967-04-05,1.4
20704,1967-04-06,1.4
20705,1967-04-07,1.4
20706,1967-04-08,1.4
20707,1967-04-09,1.4
20708,1967-04-10,1.4
20709,1967-04-11,1.4
20710,1967-04-12,1.4
20711,1967-04-13,1.4
20712,1967-04-14,1.4
20713,1967-04-15,1.4
20714,1967-04-16,1.4
20715,1967-04-17,1.4
20716,1967-04-18,1.4
20717,1967-04-19,1.4
20718,1967-04-20,1.4
20719,1967-04-21,1.4
20720,1967-04-22,1.4
20721,1967-04-23,1.4
20722,1967-04-24,1.4
20723,1967-04-25,1.4
20724,1967-04-26,1.4
20725,1967-04-27,1.4
20726,1967-04-28,1.4
20727,1967-04-29,1.4
20728,1967-04-30,1.4
20729,1967-03-01,0.4
20730,1967-03-02,0.4
20731,1967-03-03,0.4
20732,1967-03-04,0.4
20733,1967-03-05,0.4
20734,1967-03-06,0.4
20735,1967-03-07,0.4
20736,1967-03-08,0.4
20737,1967-03-09,0.4
20738,1967-03-10,0.4
20739,1967-03-11,0.4
20740,1967-03-12,0.4
20741,1967-03-13,0.4
20742,1967-03-14,0.4
20743,1967-03-15,0.4
20744,1967-03-16,0.4
20745,1967-03-17,0.4
20746,1967-03-18,0.4
20747,1967-03-19,0.4
20748,1967-03-20,0.4
20749,1967-03-21,0.4
20750,1967-03-22,0.4
20751,1967-03-23,0.4
20752,1967-03-24,0.4
20753,1967-03-25,0.4
20754,1967-03-26,0.4
20755,1967-03-27,0.4
20756,1967-03-28,0.4
20757,1967-03-29,0.4
20758,1967-03-30,0.4
20759,1967-03-31,0.4
20760,1967-02-01,0.8
20761,1967-02-02,0.8
20762,1967-02-03,0.8
20763,1967-02-04,0.8
20764,1967-02-05,0.8
20765,1967-02-06,0.8
20766,1967-02-07,0.8
20767,1967-02-08,0.8
20768,1967-02-09,0.8
20769,1967-02-10,0.8
20770,1967-02-11,0.8
20771,1967-02-12,0.8
20772,1967-02-13,0.8
20773,1967-02-14,0.8
20774,1967-02-15,0.8
20775,1967-02-16,0.8
20776,1967-02-17,0.8
20777,1967-02-18,0.8
20778,1967-02-19,0.8
20779,1967-02-20,0.8
20780,1967-02-21,0.8
20781,1967-02-22,0.8
20782,1967-02-23,0.8
20783,1967-02-24,0.8
20784,1967-02-25,0.8
20785,1967-02-26,0.8
20786,1967-02-27,0.8
20787,1967-02-28,0.8
20788,1967-01-01,0.1
20789,1967-01-02,0.1
20790,1967-01-03,0.1
20791,1967-01-04,0.1
20792,1967-01-05,0.1
20793,1967-01-06,0.1
20794,1967-01-07,0.1
20795,1967-01-08,0.1
20796,1967-01-09,0.1
20797,1967-01-10,0.1
20798,1967-01-11,0.1
20799,1967-01-12,0.1
20800,1967-01-13,0.1
20801,1967-01-14,0.1
20802,1967-01-15,0.1
20803,1967-01-16,0.1
20804,1967-01-17,0.1
20805,1967-01-18,0.1
20806,1967-01-19,0.1
20807,1967-01-20,0.1
20808,1967-01-21,0.1
20809,1967-01-22,0.1
20810,1967-01-23,0.1
20811,1967-01-24,0.1
20812,1967-01-25,0.1
20813,1967-01-26,0.1
20814,1967-01-27,0.1
20815,1967-01-28,0.1
20816,1967-01-29,0.1
20817,1967-01-30,0.1
20818,1967-01-31,0.1
20819,1966-12-01,0.6
20820,1966-12-02,0.6
20821,1966-12-03,0.6
20822,1966-12-04,0.6
20823,1966-12-05,0.6
20824,1966-12-06,0.6
20825,1966-12-07,0.6
20826,1966-12-08,0.6
20827,1966-12-09,0.6
20828,1966-12-10,0.6
20829,1966-12-11,0.6
20830,1966-12-12,0.6
20831,1966-12-13,0.6
20832,1966-12-14,0.6
20833,1966-12-15,0.6
20834,1966-12-16,0.6
20835,1966-12-17,0.6
20836,1966-12-18,0.6
20837,1966-12-19,0.6
20838,1966-12-20,0.6
20839,1966-12-21,0.6
20840,1966-12-22,0.6
20841,1966-12-23,0.6
20842,1966-12-24,0.6
20843,1966-12-25,0.6
20844,1966-12-26,0.6
20845,1966-12-27,0.6
20846,1966-12-28,0.6
20847,1966-12-29,0.6
20848,1966-12-30,0.6
20849,1966-12-31,0.6
20850,1966-11-01,1.7
20851,1966-11-02,1.7
20852,1966-11-03,1.7
20853,1966-11-04,1.7
20854,1966-11-05,1.7
20855,1966-11-06,1.7
20856,1966-11-07,1.7
20857,1966-11-08,1.7
20858,1966-11-09,1.7
20859,1966-11-10,1.7
20860,1966-11-11,1.7
20861,1966-11-12,1.7
20862,1966-11-13,1.7
20863,1966-11-14,1.7
20864,1966-11-15,1.7
20865,1966-11-16,1.7
20866,1966-11-17,1.7
20867,1966-11-18,1.7
20868,1966-11-19,1.7
20869,1966-11-20,1.7
20870,1966-11-21,1.7
20871,1966-11-22,1.7
20872,1966-11-23,1.7
20873,1966-11-24,1.7
20874,1966-11-25,1.7
20875,1966-11-26,1.7
20876,1966-11-27,1.7
20877,1966-11-28,1.7
20878,1966-11-29,1.7
20879,1966-11-30,1.7
20880,1966-10-01,0.6
20881,1966-10-02,0.6
20882,1966-10-03,0.6
20883,1966-10-04,0.6
20884,1966-10-05,0.6
20885,1966-10-06,0.6
20886,1966-10-07,0.6
20887,1966-10-08,0.6
20888,1966-10-09,0.6
20889,1966-10-10,0.6
20890,1966-10-11,0.6
20891,1966-10-12,0.6
20892,1966-10-13,0.6
20893,1966-10-14,0.6
20894,1966-10-15,0.6
20895,1966-10-16,0.6
20896,1966-10-17,0.6
20897,1966-10-18,0.6
20898,1966-10-19,0.6
20899,1966-10-20,0.6
20900,1966-10-21,0.6
20901,1966-10-22,0.6
20902,1966-10-23,0.6
20903,1966-10-24,0.6
20904,1966-10-25,0.6
20905,1966-10-26,0.6
20906,1966-10-27,0.6
20907,1966-10-28,0.6
20908,1966-10-29,0.6
20909,1966-10-30,0.6
20910,1966-10-31,0.6
20911,1966-09-01,-0.3
20912,1966-09-02,-0.3
20913,1966-09-03,-0.3
20914,1966-09-04,-0.3
20915,1966-09-05,-0.3
20916,1966-09-06,-0.3
20917,1966-09-07,-0.3
20918,1966-09-08,-0.3
20919,1966-09-09,-0.3
20920,1966-09-10,-0.3
20921,1966-09-11,-0.3
20922,1966-09-12,-0.3
20923,1966-09-13,-0.3
20924,1966-09-14,-0.3
20925,1966-09-15,-0.3
20926,1966-09-16,-0.3
20927,1966-09-17,-0.3
20928,1966-09-18,-0.3
20929,1966-09-19,-0.3
20930,1966-09-20,-0.3
20931,1966-09-21,-0.3
20932,1966-09-22,-0.3
20933,1966-09-23,-0.3
20934,1966-09-24,-0.3
20935,1966-09-25,-0.3
20936,1966-09-26,-0.3
20937,1966-09-27,-0.3
20938,1966-09-28,-0.3
20939,1966-09-29,-0.3
20940,1966-09-30,-0.3
20941,1966-08-01,0.2
20942,1966-08-02,0.2
20943,1966-08-03,0.2
20944,1966-08-04,0.2
20945,1966-08-05,0.2
20946,1966-08-06,0.2
20947,1966-08-07,0.2
20948,1966-08-08,0.2
20949,1966-08-09,0.2
20950,1966-08-10,0.2
20951,1966-08-11,0.2
20952,1966-08-12,0.2
20953,1966-08-13,0.2
20954,1966-08-14,0.2
20955,1966-08-15,0.2
20956,1966-08-16,0.2
20957,1966-08-17,0.2
20958,1966-08-18,0.2
20959,1966-08-19,0.2
20960,1966-08-20,0.2
20961,1966-08-21,0.2
20962,1966-08-22,0.2
20963,1966-08-23,0.2
20964,1966-08-24,0.2
20965,1966-08-25,0.2
20966,1966-08-26,0.2
20967,1966-08-27,0.2
20968,1966-08-28,0.2
20969,1966-08-29,0.2
20970,1966-08-30,0.2
20971,1966-08-31,0.2
20972,1966-07-01,-0.1
20973,1966-07-02,-0.1
20974,1966-07-03,-0.1
20975,1966-07-04,-0.1
20976,1966-07-05,-0.1
20977,1966-07-06,-0.1
20978,1966-07-07,-0.1
20979,1966-07-08,-0.1
20980,1966-07-09,-0.1
20981,1966-07-10,-0.1
20982,1966-07-11,-0.1
20983,1966-07-12,-0.1
20984,1966-07-13,-0.1
20985,1966-07-14,-0.1
20986,1966-07-15,-0.1
20987,1966-07-16,-0.1
20988,1966-07-17,-0.1
20989,1966-07-18,-0.1
20990,1966-07-19,-0.1
20991,1966-07-20,-0.1
20992,1966-07-21,-0.1
20993,1966-07-22,-0.1
20994,1966-07-23,-0.1
20995,1966-07-24,-0.1
20996,1966-07-25,-0.1
20997,1966-07-26,-0.1
20998,1966-07-27,-0.1
20999,1966-07-28,-0.1
21000,1966-07-29,-0.1
21001,1966-07-30,-0.1
21002,1966-07-31,-0.1
21003,1966-06-01,0.2
21004,1966-06-02,0.2
21005,1966-06-03,0.2
21006,1966-06-04,0.2
21007,1966-06-05,0.2
21008,1966-06-06,0.2
21009,1966-06-07,0.2
21010,1966-06-08,0.2
21011,1966-06-09,0.2
21012,1966-06-10,0.2
21013,1966-06-11,0.2
21014,1966-06-12,0.2
21015,1966-06-13,0.2
21016,1966-06-14,0.2
21017,1966-06-15,0.2
21018,1966-06-16,0.2
21019,1966-06-17,0.2
21020,1966-06-18,0.2
21021,1966-06-19,0.2
21022,1966-06-20,0.2
21023,1966-06-21,0.2
21024,1966-06-22,0.2
21025,1966-06-23,0.2
21026,1966-06-24,0.2
21027,1966-06-25,0.2
21028,1966-06-26,0.2
21029,1966-06-27,0.2
21030,1966-06-28,0.2
21031,1966-06-29,0.2
21032,1966-06-30,0.2
21033,1966-05-01,1.5
21034,1966-05-02,1.5
21035,1966-05-03,1.5
21036,1966-05-04,1.5
21037,1966-05-05,1.5
21038,1966-05-06,1.5
21039,1966-05-07,1.5
21040,1966-05-08,1.5
21041,1966-05-09,1.5
21042,1966-05-10,1.5
21043,1966-05-11,1.5
21044,1966-05-12,1.5
21045,1966-05-13,1.5
21046,1966-05-14,1.5
21047,1966-05-15,1.5
21048,1966-05-16,1.5
21049,1966-05-17,1.5
21050,1966-05-18,1.5
21051,1966-05-19,1.5
21052,1966-05-20,1.5
21053,1966-05-21,1.5
21054,1966-05-22,1.5
21055,1966-05-23,1.5
21056,1966-05-24,1.5
21057,1966-05-25,1.5
21058,1966-05-26,1.5
21059,1966-05-27,1.5
21060,1966-05-28,1.5
21061,1966-05-29,1.5
21062,1966-05-30,1.5
21063,1966-05-31,1.5
21064,1966-04-01,1.0
21065,1966-04-02,1.0
21066,1966-04-03,1.0
21067,1966-04-04,1.0
21068,1966-04-05,1.0
21069,1966-04-06,1.0
21070,1966-04-07,1.0
21071,1966-04-08,1.0
21072,1966-04-09,1.0
21073,1966-04-10,1.0
21074,1966-04-11,1.0
21075,1966-04-12,1.0
21076,1966-04-13,1.0
21077,1966-04-14,1.0
21078,1966-04-15,1.0
21079,1966-04-16,1.0
21080,1966-04-17,1.0
21081,1966-04-18,1.0
21082,1966-04-19,1.0
21083,1966-04-20,1.0
21084,1966-04-21,1.0
21085,1966-04-22,1.0
21086,1966-04-23,1.0
21087,1966-04-24,1.0
21088,1966-04-25,1.0
21089,1966-04-26,1.0
21090,1966-04-27,1.0
21091,1966-04-28,1.0
21092,1966-04-29,1.0
21093,1966-04-30,1.0
21094,1966-03-01,0.0
21095,1966-03-02,0.0
21096,1966-03-03,0.0
21097,1966-03-04,0.0
21098,1966-03-05,0.0
21099,1966-03-06,0.0
21100,1966-03-07,0.0
21101,1966-03-08,0.0
21102,1966-03-09,0.0
21103,1966-03-10,0.0
21104,1966-03-11,0.0
21105,1966-03-12,0.0
21106,1966-03-13,0.0
21107,1966-03-14,0.0
21108,1966-03-15,0.0
21109,1966-03-16,0.0
21110,1966-03-17,0.0
21111,1966-03-18,0.0
21112,1966-03-19,0.0
21113,1966-03-20,0.0
21114,1966-03-21,0.0
21115,1966-03-22,0.0
21116,1966-03-23,0.0
21117,1966-03-24,0.0
21118,1966-03-25,0.0
21119,1966-03-26,0.0
21120,1966-03-27,0.0
21121,1966-03-28,0.0
21122,1966-03-29,0.0
21123,1966-03-30,0.0
21124,1966-03-31,0.0
21125,1966-02-01,-0.1
21126,1966-02-02,-0.1
21127,1966-02-03,-0.1
21128,1966-02-04,-0.1
21129,1966-02-05,-0.1
21130,1966-02-06,-0.1
21131,1966-02-07,-0.1
21132,1966-02-08,-0.1
21133,1966-02-09,-0.1
21134,1966-02-10,-0.1
21135,1966-02-11,-0.1
21136,1966-02-12,-0.1
21137,1966-02-13,-0.1
21138,1966-02-14,-0.1
21139,1966-02-15,-0.1
21140,1966-02-16,-0.1
21141,1966-02-17,-0.1
21142,1966-02-18,-0.1
21143,1966-02-19,-0.1
21144,1966-02-20,-0.1
21145,1966-02-21,-0.1
21146,1966-02-22,-0.1
21147,1966-02-23,-0.1
21148,1966-02-24,-0.1
21149,1966-02-25,-0.1
21150,1966-02-26,-0.1
21151,1966-02-27,-0.1
21152,1966-02-28,-0.1
21153,1966-01-01,-0.2
21154,1966-01-02,-0.2
21155,1966-01-03,-0.2
21156,1966-01-04,-0.2
21157,1966-01-05,-0.2
21158,1966-01-06,-0.2
21159,1966-01-07,-0.2
21160,1966-01-08,-0.2
21161,1966-01-09,-0.2
21162,1966-01-10,-0.2
21163,1966-01-11,-0.2
21164,1966-01-12,-0.2
21165,1966-01-13,-0.2
21166,1966-01-14,-0.2
21167,1966-01-15,-0.2
21168,1966-01-16,-0.2
21169,1966-01-17,-0.2
21170,1966-01-18,-0.2
21171,1966-01-19,-0.2
21172,1966-01-20,-0.2
21173,1966-01-21,-0.2
21174,1966-01-22,-0.2
21175,1966-01-23,-0.2
21176,1966-01-24,-0.2
21177,1966-01-25,-0.2
21178,1966-01-26,-0.2
21179,1966-01-27,-0.2
21180,1966-01-28,-0.2
21181,1966-01-29,-0.2
21182,1966-01-30,-0.2
21183,1966-01-31,-0.2
21184,1965-12-01,0.6
21185,1965-12-02,0.6
21186,1965-12-03,0.6
21187,1965-12-04,0.6
21188,1965-12-05,0.6
21189,1965-12-06,0.6
21190,1965-12-07,0.6
21191,1965-12-08,0.6
21192,1965-12-09,0.6
21193,1965-12-10,0.6
21194,1965-12-11,0.6
21195,1965-12-12,0.6
21196,1965-12-13,0.6
21197,1965-12-14,0.6
21198,1965-12-15,0.6
21199,1965-12-16,0.6
21200,1965-12-17,0.6
21201,1965-12-18,0.6
21202,1965-12-19,0.6
21203,1965-12-20,0.6
21204,1965-12-21,0.6
21205,1965-12-22,0.6
21206,1965-12-23,0.6
21207,1965-12-24,0.6
21208,1965-12-25,0.6
21209,1965-12-26,0.6
21210,1965-12-27,0.6
21211,1965-12-28,0.6
21212,1965-12-29,0.6
21213,1965-12-30,0.6
21214,1965-12-31,0.6
21215,1965-11-01,2.2
21216,1965-11-02,2.2
21217,1965-11-03,2.2
21218,1965-11-04,2.2
21219,1965-11-05,2.2
21220,1965-11-06,2.2
21221,1965-11-07,2.2
21222,1965-11-08,2.2
21223,1965-11-09,2.2
21224,1965-11-10,2.2
21225,1965-11-11,2.2
21226,1965-11-12,2.2
21227,1965-11-13,2.2
21228,1965-11-14,2.2
21229,1965-11-15,2.2
21230,1965-11-16,2.2
21231,1965-11-17,2.2
21232,1965-11-18,2.2
21233,1965-11-19,2.2
21234,1965-11-20,2.2
21235,1965-11-21,2.2
21236,1965-11-22,2.2
21237,1965-11-23,2.2
21238,1965-11-24,2.2
21239,1965-11-25,2.2
21240,1965-11-26,2.2
21241,1965-11-27,2.2
21242,1965-11-28,2.2
21243,1965-11-29,2.2
21244,1965-11-30,2.2
21245,1965-10-01,0.5
21246,1965-10-02,0.5
21247,1965-10-03,0.5
21248,1965-10-04,0.5
21249,1965-10-05,0.5
21250,1965-10-06,0.5
21251,1965-10-07,0.5
21252,1965-10-08,0.5
21253,1965-10-09,0.5
21254,1965-10-10,0.5
21255,1965-10-11,0.5
21256,1965-10-12,0.5
21257,1965-10-13,0.5
21258,1965-10-14,0.5
21259,1965-10-15,0.5
21260,1965-10-16,0.5
21261,1965-10-17,0.5
21262,1965-10-18,0.5
21263,1965-10-19,0.5
21264,1965-10-20,0.5
21265,1965-10-21,0.5
21266,1965-10-22,0.5
21267,1965-10-23,0.5
21268,1965-10-24,0.5
21269,1965-10-25,0.5
21270,1965-10-26,0.5
21271,1965-10-27,0.5
21272,1965-10-28,0.5
21273,1965-10-29,0.5
21274,1965-10-30,0.5
21275,1965-10-31,0.5
21276,1965-09-01,1.0
21277,1965-09-02,1.0
21278,1965-09-03,1.0
21279,1965-09-04,1.0
21280,1965-09-05,1.0
21281,1965-09-06,1.0
21282,1965-09-07,1.0
21283,1965-09-08,1.0
21284,1965-09-09,1.0
21285,1965-09-10,1.0
21286,1965-09-11,1.0
21287,1965-09-12,1.0
21288,1965-09-13,1.0
21289,1965-09-14,1.0
21290,1965-09-15,1.0
21291,1965-09-16,1.0
21292,1965-09-17,1.0
21293,1965-09-18,1.0
21294,1965-09-19,1.0
21295,1965-09-20,1.0
21296,1965-09-21,1.0
21297,1965-09-22,1.0
21298,1965-09-23,1.0
21299,1965-09-24,1.0
21300,1965-09-25,1.0
21301,1965-09-26,1.0
21302,1965-09-27,1.0
21303,1965-09-28,1.0
21304,1965-09-29,1.0
21305,1965-09-30,1.0
21306,1965-08-01,0.5
21307,1965-08-02,0.5
21308,1965-08-03,0.5
21309,1965-08-04,0.5
21310,1965-08-05,0.5
21311,1965-08-06,0.5
21312,1965-08-07,0.5
21313,1965-08-08,0.5
21314,1965-08-09,0.5
21315,1965-08-10,0.5
21316,1965-08-11,0.5
21317,1965-08-12,0.5
21318,1965-08-13,0.5
21319,1965-08-14,0.5
21320,1965-08-15,0.5
21321,1965-08-16,0.5
21322,1965-08-17,0.5
21323,1965-08-18,0.5
21324,1965-08-19,0.5
21325,1965-08-20,0.5
21326,1965-08-21,0.5
21327,1965-08-22,0.5
21328,1965-08-23,0.5
21329,1965-08-24,0.5
21330,1965-08-25,0.5
21331,1965-08-26,0.5
21332,1965-08-27,0.5
21333,1965-08-28,0.5
21334,1965-08-29,0.5
21335,1965-08-30,0.5
21336,1965-08-31,0.5
21337,1965-07-01,0.1
21338,1965-07-02,0.1
21339,1965-07-03,0.1
21340,1965-07-04,0.1
21341,1965-07-05,0.1
21342,1965-07-06,0.1
21343,1965-07-07,0.1
21344,1965-07-08,0.1
21345,1965-07-09,0.1
21346,1965-07-10,0.1
21347,1965-07-11,0.1
21348,1965-07-12,0.1
21349,1965-07-13,0.1
21350,1965-07-14,0.1
21351,1965-07-15,0.1
21352,1965-07-16,0.1
21353,1965-07-17,0.1
21354,1965-07-18,0.1
21355,1965-07-19,0.1
21356,1965-07-20,0.1
21357,1965-07-21,0.1
21358,1965-07-22,0.1
21359,1965-07-23,0.1
21360,1965-07-24,0.1
21361,1965-07-25,0.1
21362,1965-07-26,0.1
21363,1965-07-27,0.1
21364,1965-07-28,0.1
21365,1965-07-29,0.1
21366,1965-07-30,0.1
21367,1965-07-31,0.1
21368,1965-06-01,-0.4
21369,1965-06-02,-0.4
21370,1965-06-03,-0.4
21371,1965-06-04,-0.4
21372,1965-06-05,-0.4
21373,1965-06-06,-0.4
21374,1965-06-07,-0.4
21375,1965-06-08,-0.4
21376,1965-06-09,-0.4
21377,1965-06-10,-0.4
21378,1965-06-11,-0.4
21379,1965-06-12,-0.4
21380,1965-06-13,-0.4
21381,1965-06-14,-0.4
21382,1965-06-15,-0.4
21383,1965-06-16,-0.4
21384,1965-06-17,-0.4
21385,1965-06-18,-0.4
21386,1965-06-19,-0.4
21387,1965-06-20,-0.4
21388,1965-06-21,-0.4
21389,1965-06-22,-0.4
21390,1965-06-23,-0.4
21391,1965-06-24,-0.4
21392,1965-06-25,-0.4
21393,1965-06-26,-0.4
21394,1965-06-27,-0.4
21395,1965-06-28,-0.4
21396,1965-06-29,-0.4
21397,1965-06-30,-0.4
21398,1965-05-01,0.4
21399,1965-05-02,0.4
21400,1965-05-03,0.4
21401,1965-05-04,0.4
21402,1965-05-05,0.4
21403,1965-05-06,0.4
21404,1965-05-07,0.4
21405,1965-05-08,0.4
21406,1965-05-09,0.4
21407,1965-05-10,0.4
21408,1965-05-11,0.4
21409,1965-05-12,0.4
21410,1965-05-13,0.4
21411,1965-05-14,0.4
21412,1965-05-15,0.4
21413,1965-05-16,0.4
21414,1965-05-17,0.4
21415,1965-05-18,0.4
21416,1965-05-19,0.4
21417,1965-05-20,0.4
21418,1965-05-21,0.4
21419,1965-05-22,0.4
21420,1965-05-23,0.4
21421,1965-05-24,0.4
21422,1965-05-25,0.4
21423,1965-05-26,0.4
21424,1965-05-27,0.4
21425,1965-05-28,0.4
21426,1965-05-29,0.4
21427,1965-05-30,0.4
21428,1965-05-31,0.4
21429,1965-04-01,0.7
21430,1965-04-02,0.7
21431,1965-04-03,0.7
21432,1965-04-04,0.7
21433,1965-04-05,0.7
21434,1965-04-06,0.7
21435,1965-04-07,0.7
21436,1965-04-08,0.7
21437,1965-04-09,0.7
21438,1965-04-10,0.7
21439,1965-04-11,0.7
21440,1965-04-12,0.7
21441,1965-04-13,0.7
21442,1965-04-14,0.7
21443,1965-04-15,0.7
21444,1965-04-16,0.7
21445,1965-04-17,0.7
21446,1965-04-18,0.7
21447,1965-04-19,0.7
21448,1965-04-20,0.7
21449,1965-04-21,0.7
21450,1965-04-22,0.7
21451,1965-04-23,0.7
21452,1965-04-24,0.7
21453,1965-04-25,0.7
21454,1965-04-26,0.7
21455,1965-04-27,0.7
21456,1965-04-28,0.7
21457,1965-04-29,0.7
21458,1965-04-30,0.7
21459,1965-03-01,0.8
21460,1965-03-02,0.8
21461,1965-03-03,0.8
21462,1965-03-04,0.8
21463,1965-03-05,0.8
21464,1965-03-06,0.8
21465,1965-03-07,0.8
21466,1965-03-08,0.8
21467,1965-03-09,0.8
21468,1965-03-10,0.8
21469,1965-03-11,0.8
21470,1965-03-12,0.8
21471,1965-03-13,0.8
21472,1965-03-14,0.8
21473,1965-03-15,0.8
21474,1965-03-16,0.8
21475,1965-03-17,0.8
21476,1965-03-18,0.8
21477,1965-03-19,0.8
21478,1965-03-20,0.8
21479,1965-03-21,0.8
21480,1965-03-22,0.8
21481,1965-03-23,0.8
21482,1965-03-24,0.8
21483,1965-03-25,0.8
21484,1965-03-26,0.8
21485,1965-03-27,0.8
21486,1965-03-28,0.8
21487,1965-03-29,0.8
21488,1965-03-30,0.8
21489,1965-03-31,0.8
21490,1965-02-01,1.7
21491,1965-02-02,1.7
21492,1965-02-03,1.7
21493,1965-02-04,1.7
21494,1965-02-05,1.7
21495,1965-02-06,1.7
21496,1965-02-07,1.7
21497,1965-02-08,1.7
21498,1965-02-09,1.7
21499,1965-02-10,1.7
21500,1965-02-11,1.7
21501,1965-02-12,1.7
21502,1965-02-13,1.7
21503,1965-02-14,1.7
21504,1965-02-15,1.7
21505,1965-02-16,1.7
21506,1965-02-17,1.7
21507,1965-02-18,1.7
21508,1965-02-19,1.7
21509,1965-02-20,1.7
21510,1965-02-21,1.7
21511,1965-02-22,1.7
21512,1965-02-23,1.7
21513,1965-02-24,1.7
21514,1965-02-25,1.7
21515,1965-02-26,1.7
21516,1965-02-27,1.7
21517,1965-02-28,1.7
21518,1965-01-01,1.0
21519,1965-01-02,1.0
21520,1965-01-03,1.0
21521,1965-01-04,1.0
21522,1965-01-05,1.0
21523,1965-01-06,1.0
21524,1965-01-07,1.0
21525,1965-01-08,1.0
21526,1965-01-09,1.0
21527,1965-01-10,1.0
21528,1965-01-11,1.0
21529,1965-01-12,1.0
21530,1965-01-13,1.0
21531,1965-01-14,1.0
21532,1965-01-15,1.0
21533,1965-01-16,1.0
21534,1965-01-17,1.0
21535,1965-01-18,1.0
21536,1965-01-19,1.0
21537,1965-01-20,1.0
21538,1965-01-21,1.0
21539,1965-01-22,1.0
21540,1965-01-23,1.0
21541,1965-01-24,1.0
21542,1965-01-25,1.0
21543,1965-01-26,1.0
21544,1965-01-27,1.0
21545,1965-01-28,1.0
21546,1965-01-29,1.0
21547,1965-01-30,1.0
21548,1965-01-31,1.0
21549,1964-12-01,1.2
21550,1964-12-02,1.2
21551,1964-12-03,1.2
21552,1964-12-04,1.2
21553,1964-12-05,1.2
21554,1964-12-06,1.2
21555,1964-12-07,1.2
21556,1964-12-08,1.2
21557,1964-12-09,1.2
21558,1964-12-10,1.2
21559,1964-12-11,1.2
21560,1964-12-12,1.2
21561,1964-12-13,1.2
21562,1964-12-14,1.2
21563,1964-12-15,1.2
21564,1964-12-16,1.2
21565,1964-12-17,1.2
21566,1964-12-18,1.2
21567,1964-12-19,1.2
21568,1964-12-20,1.2
21569,1964-12-21,1.2
21570,1964-12-22,1.2
21571,1964-12-23,1.2
21572,1964-12-24,1.2
21573,1964-12-25,1.2
21574,1964-12-26,1.2
21575,1964-12-27,1.2
21576,1964-12-28,1.2
21577,1964-12-29,1.2
21578,1964-12-30,1.2
21579,1964-12-31,1.2
21580,1964-11-01,2.3
21581,1964-11-02,2.3
21582,1964-11-03,2.3
21583,1964-11-04,2.3
21584,1964-11-05,2.3
21585,1964-11-06,2.3
21586,1964-11-07,2.3
21587,1964-11-08,2.3
21588,1964-11-09,2.3
21589,1964-11-10,2.3
21590,1964-11-11,2.3
21591,1964-11-12,2.3
21592,1964-11-13,2.3
21593,1964-11-14,2.3
21594,1964-11-15,2.3
21595,1964-11-16,2.3
21596,1964-11-17,2.3
21597,1964-11-18,2.3
21598,1964-11-19,2.3
21599,1964-11-20,2.3
21600,1964-11-21,2.3
21601,1964-11-22,2.3
21602,1964-11-23,2.3
21603,1964-11-24,2.3
21604,1964-11-25,2.3
21605,1964-11-26,2.3
21606,1964-11-27,2.3
21607,1964-11-28,2.3
21608,1964-11-29,2.3
21609,1964-11-30,2.3
21610,1964-10-01,1.6
21611,1964-10-02,1.6
21612,1964-10-03,1.6
21613,1964-10-04,1.6
21614,1964-10-05,1.6
21615,1964-10-06,1.6
21616,1964-10-07,1.6
21617,1964-10-08,1.6
21618,1964-10-09,1.6
21619,1964-10-10,1.6
21620,1964-10-11,1.6
21621,1964-10-12,1.6
21622,1964-10-13,1.6
21623,1964-10-14,1.6
21624,1964-10-15,1.6
21625,1964-10-16,1.6
21626,1964-10-17,1.6
21627,1964-10-18,1.6
21628,1964-10-19,1.6
21629,1964-10-20,1.6
21630,1964-10-21,1.6
21631,1964-10-22,1.6
21632,1964-10-23,1.6
21633,1964-10-24,1.6
21634,1964-10-25,1.6
21635,1964-10-26,1.6
21636,1964-10-27,1.6
21637,1964-10-28,1.6
21638,1964-10-29,1.6
21639,1964-10-30,1.6
21640,1964-10-31,1.6
21641,1964-09-01,1.0
21642,1964-09-02,1.0
21643,1964-09-03,1.0
21644,1964-09-04,1.0
21645,1964-09-05,1.0
21646,1964-09-06,1.0
21647,1964-09-07,1.0
21648,1964-09-08,1.0
21649,1964-09-09,1.0
21650,1964-09-10,1.0
21651,1964-09-11,1.0
21652,1964-09-12,1.0
21653,1964-09-13,1.0
21654,1964-09-14,1.0
21655,1964-09-15,1.0
21656,1964-09-16,1.0
21657,1964-09-17,1.0
21658,1964-09-18,1.0
21659,1964-09-19,1.0
21660,1964-09-20,1.0
21661,1964-09-21,1.0
21662,1964-09-22,1.0
21663,1964-09-23,1.0
21664,1964-09-24,1.0
21665,1964-09-25,1.0
21666,1964-09-26,1.0
21667,1964-09-27,1.0
21668,1964-09-28,1.0
21669,1964-09-29,1.0
21670,1964-09-30,1.0
21671,1964-08-01,1.6
21672,1964-08-02,1.6
21673,1964-08-03,1.6
21674,1964-08-04,1.6
21675,1964-08-05,1.6
21676,1964-08-06,1.6
21677,1964-08-07,1.6
21678,1964-08-08,1.6
21679,1964-08-09,1.6
21680,1964-08-10,1.6
21681,1964-08-11,1.6
21682,1964-08-12,1.6
21683,1964-08-13,1.6
21684,1964-08-14,1.6
21685,1964-08-15,1.6
21686,1964-08-16,1.6
21687,1964-08-17,1.6
21688,1964-08-18,1.6
21689,1964-08-19,1.6
21690,1964-08-20,1.6
21691,1964-08-21,1.6
21692,1964-08-22,1.6
21693,1964-08-23,1.6
21694,1964-08-24,1.6
21695,1964-08-25,1.6
21696,1964-08-26,1.6
21697,1964-08-27,1.6
21698,1964-08-28,1.6
21699,1964-08-29,1.6
21700,1964-08-30,1.6
21701,1964-08-31,1.6
21702,1964-07-01,2.2
21703,1964-07-02,2.2
21704,1964-07-03,2.2
21705,1964-07-04,2.2
21706,1964-07-05,2.2
21707,1964-07-06,2.2
21708,1964-07-07,2.2
21709,1964-07-08,2.2
21710,1964-07-09,2.2
21711,1964-07-10,2.2
21712,1964-07-11,2.2
21713,1964-07-12,2.2
21714,1964-07-13,2.2
21715,1964-07-14,2.2
21716,1964-07-15,2.2
21717,1964-07-16,2.2
21718,1964-07-17,2.2
21719,1964-07-18,2.2
21720,1964-07-19,2.2
21721,1964-07-20,2.2
21722,1964-07-21,2.2
21723,1964-07-22,2.2
21724,1964-07-23,2.2
21725,1964-07-24,2.2
21726,1964-07-25,2.2
21727,1964-07-26,2.2
21728,1964-07-27,2.2
21729,1964-07-28,2.2
21730,1964-07-29,2.2
21731,1964-07-30,2.2
21732,1964-07-31,2.2
21733,1964-06-01,1.3
21734,1964-06-02,1.3
21735,1964-06-03,1.3
21736,1964-06-04,1.3
21737,1964-06-05,1.3
21738,1964-06-06,1.3
21739,1964-06-07,1.3
21740,1964-06-08,1.3
21741,1964-06-09,1.3
21742,1964-06-10,1.3
21743,1964-06-11,1.3
21744,1964-06-12,1.3
21745,1964-06-13,1.3
21746,1964-06-14,1.3
21747,1964-06-15,1.3
21748,1964-06-16,1.3
21749,1964-06-17,1.3
21750,1964-06-18,1.3
21751,1964-06-19,1.3
21752,1964-06-20,1.3
21753,1964-06-21,1.3
21754,1964-06-22,1.3
21755,1964-06-23,1.3
21756,1964-06-24,1.3
21757,1964-06-25,1.3
21758,1964-06-26,1.3
21759,1964-06-27,1.3
21760,1964-06-28,1.3
21761,1964-06-29,1.3
21762,1964-06-30,1.3
21763,1964-05-01,0.3
21764,1964-05-02,0.3
21765,1964-05-03,0.3
21766,1964-05-04,0.3
21767,1964-05-05,0.3
21768,1964-05-06,0.3
21769,1964-05-07,0.3
21770,1964-05-08,0.3
21771,1964-05-09,0.3
21772,1964-05-10,0.3
21773,1964-05-11,0.3
21774,1964-05-12,0.3
21775,1964-05-13,0.3
21776,1964-05-14,0.3
21777,1964-05-15,0.3
21778,1964-05-16,0.3
21779,1964-05-17,0.3
21780,1964-05-18,0.3
21781,1964-05-19,0.3
21782,1964-05-20,0.3
21783,1964-05-21,0.3
21784,1964-05-22,0.3
21785,1964-05-23,0.3
21786,1964-05-24,0.3
21787,1964-05-25,0.3
21788,1964-05-26,0.3
21789,1964-05-27,0.3
21790,1964-05-28,0.3
21791,1964-05-29,0.3
21792,1964-05-30,0.3
21793,1964-05-31,0.3
21794,1964-04-01,0.4
21795,1964-04-02,0.4
21796,1964-04-03,0.4
21797,1964-04-04,0.4
21798,1964-04-05,0.4
21799,1964-04-06,0.4
21800,1964-04-07,0.4
21801,1964-04-08,0.4
21802,1964-04-09,0.4
21803,1964-04-10,0.4
21804,1964-04-11,0.4
21805,1964-04-12,0.4
21806,1964-04-13,0.4
21807,1964-04-14,0.4
21808,1964-04-15,0.4
21809,1964-04-16,0.4
21810,1964-04-17,0.4
21811,1964-04-18,0.4
21812,1964-04-19,0.4
21813,1964-04-20,0.4
21814,1964-04-21,0.4
21815,1964-04-22,0.4
21816,1964-04-23,0.4
21817,1964-04-24,0.4
21818,1964-04-25,0.4
21819,1964-04-26,0.4
21820,1964-04-27,0.4
21821,1964-04-28,0.4
21822,1964-04-29,0.4
21823,1964-04-30,0.4
21824,1964-03-01,0.3
21825,1964-03-02,0.3
21826,1964-03-03,0.3
21827,1964-03-04,0.3
21828,1964-03-05,0.3
21829,1964-03-06,0.3
21830,1964-03-07,0.3
21831,1964-03-08,0.3
21832,1964-03-09,0.3
21833,1964-03-10,0.3
21834,1964-03-11,0.3
21835,1964-03-12,0.3
21836,1964-03-13,0.3
21837,1964-03-14,0.3
21838,1964-03-15,0.3
21839,1964-03-16,0.3
21840,1964-03-17,0.3
21841,1964-03-18,0.3
21842,1964-03-19,0.3
21843,1964-03-20,0.3
21844,1964-03-21,0.3
21845,1964-03-22,0.3
21846,1964-03-23,0.3
21847,1964-03-24,0.3
21848,1964-03-25,0.3
21849,1964-03-26,0.3
21850,1964-03-27,0.3
21851,1964-03-28,0.3
21852,1964-03-29,0.3
21853,1964-03-30,0.3
21854,1964-03-31,0.3
21855,1964-02-01,0.1
21856,1964-02-02,0.1
21857,1964-02-03,0.1
21858,1964-02-04,0.1
21859,1964-02-05,0.1
21860,1964-02-06,0.1
21861,1964-02-07,0.1
21862,1964-02-08,0.1
21863,1964-02-09,0.1
21864,1964-02-10,0.1
21865,1964-02-11,0.1
21866,1964-02-12,0.1
21867,1964-02-13,0.1
21868,1964-02-14,0.1
21869,1964-02-15,0.1
21870,1964-02-16,0.1
21871,1964-02-17,0.1
21872,1964-02-18,0.1
21873,1964-02-19,0.1
21874,1964-02-20,0.1
21875,1964-02-21,0.1
21876,1964-02-22,0.1
21877,1964-02-23,0.1
21878,1964-02-24,0.1
21879,1964-02-25,0.1
21880,1964-02-26,0.1
21881,1964-02-27,0.1
21882,1964-02-28,0.1
21883,1964-02-29,0.1
21884,1964-01-01,-0.2
21885,1964-01-02,-0.2
21886,1964-01-03,-0.2
21887,1964-01-04,-0.2
21888,1964-01-05,-0.2
21889,1964-01-06,-0.2
21890,1964-01-07,-0.2
21891,1964-01-08,-0.2
21892,1964-01-09,-0.2
21893,1964-01-10,-0.2
21894,1964-01-11,-0.2
21895,1964-01-12,-0.2
21896,1964-01-13,-0.2
21897,1964-01-14,-0.2
21898,1964-01-15,-0.2
21899,1964-01-16,-0.2
21900,1964-01-17,-0.2
21901,1964-01-18,-0.2
21902,1964-01-19,-0.2
21903,1964-01-20,-0.2
21904,1964-01-21,-0.2
21905,1964-01-22,-0.2
21906,1964-01-23,-0.2
21907,1964-01-24,-0.2
21908,1964-01-25,-0.2
21909,1964-01-26,-0.2
21910,1964-01-27,-0.2
21911,1964-01-28,-0.2
21912,1964-01-29,-0.2
21913,1964-01-30,-0.2
21914,1964-01-31,-0.2
21915,1963-12-01,0.4
21916,1963-12-02,0.4
21917,1963-12-03,0.4
21918,1963-12-04,0.4
21919,1963-12-05,0.4
21920,1963-12-06,0.4
21921,1963-12-07,0.4
21922,1963-12-08,0.4
21923,1963-12-09,0.4
21924,1963-12-10,0.4
21925,1963-12-11,0.4
21926,1963-12-12,0.4
21927,1963-12-13,0.4
21928,1963-12-14,0.4
21929,1963-12-15,0.4
21930,1963-12-16,0.4
21931,1963-12-17,0.4
21932,1963-12-18,0.4
21933,1963-12-19,0.4
21934,1963-12-20,0.4
21935,1963-12-21,0.4
21936,1963-12-22,0.4
21937,1963-12-23,0.4
21938,1963-12-24,0.4
21939,1963-12-25,0.4
21940,1963-12-26,0.4
21941,1963-12-27,0.4
21942,1963-12-28,0.4
21943,1963-12-29,0.4
21944,1963-12-30,0.4
21945,1963-12-31,0.4
21946,1963-11-01,1.3
21947,1963-11-02,1.3
21948,1963-11-03,1.3
21949,1963-11-04,1.3
21950,1963-11-05,1.3
21951,1963-11-06,1.3
21952,1963-11-07,1.3
21953,1963-11-08,1.3
21954,1963-11-09,1.3
21955,1963-11-10,1.3
21956,1963-11-11,1.3
21957,1963-11-12,1.3
21958,1963-11-13,1.3
21959,1963-11-14,1.3
21960,1963-11-15,1.3
21961,1963-11-16,1.3
21962,1963-11-17,1.3
21963,1963-11-18,1.3
21964,1963-11-19,1.3
21965,1963-11-20,1.3
21966,1963-11-21,1.3
21967,1963-11-22,1.3
21968,1963-11-23,1.3
21969,1963-11-24,1.3
21970,1963-11-25,1.3
21971,1963-11-26,1.3
21972,1963-11-27,1.3
21973,1963-11-28,1.3
21974,1963-11-29,1.3
21975,1963-11-30,1.3
21976,1963-10-01,0.3
21977,1963-10-02,0.3
21978,1963-10-03,0.3
21979,1963-10-04,0.3
21980,1963-10-05,0.3
21981,1963-10-06,0.3
21982,1963-10-07,0.3
21983,1963-10-08,0.3
21984,1963-10-09,0.3
21985,1963-10-10,0.3
21986,1963-10-11,0.3
21987,1963-10-12,0.3
21988,1963-10-13,0.3
21989,1963-10-14,0.3
21990,1963-10-15,0.3
21991,1963-10-16,0.3
21992,1963-10-17,0.3
21993,1963-10-18,0.3
21994,1963-10-19,0.3
21995,1963-10-20,0.3
21996,1963-10-21,0.3
21997,1963-10-22,0.3
21998,1963-10-23,0.3
21999,1963-10-24,0.3
22000,1963-10-25,0.3
22001,1963-10-26,0.3
22002,1963-10-27,0.3
22003,1963-10-28,0.3
22004,1963-10-29,0.3
22005,1963-10-30,0.3
22006,1963-10-31,0.3
22007,1963-09-01,-0.2
22008,1963-09-02,-0.2
22009,1963-09-03,-0.2
22010,1963-09-04,-0.2
22011,1963-09-05,-0.2
22012,1963-09-06,-0.2
22013,1963-09-07,-0.2
22014,1963-09-08,-0.2
22015,1963-09-09,-0.2
22016,1963-09-10,-0.2
22017,1963-09-11,-0.2
22018,1963-09-12,-0.2
22019,1963-09-13,-0.2
22020,1963-09-14,-0.2
22021,1963-09-15,-0.2
22022,1963-09-16,-0.2
22023,1963-09-17,-0.2
22024,1963-09-18,-0.2
22025,1963-09-19,-0.2
22026,1963-09-20,-0.2
22027,1963-09-21,-0.2
22028,1963-09-22,-0.2
22029,1963-09-23,-0.2
22030,1963-09-24,-0.2
22031,1963-09-25,-0.2
22032,1963-09-26,-0.2
22033,1963-09-27,-0.2
22034,1963-09-28,-0.2
22035,1963-09-29,-0.2
22036,1963-09-30,-0.2
22037,1963-08-01,1.0
22038,1963-08-02,1.0
22039,1963-08-03,1.0
22040,1963-08-04,1.0
22041,1963-08-05,1.0
22042,1963-08-06,1.0
22043,1963-08-07,1.0
22044,1963-08-08,1.0
22045,1963-08-09,1.0
22046,1963-08-10,1.0
22047,1963-08-11,1.0
22048,1963-08-12,1.0
22049,1963-08-13,1.0
22050,1963-08-14,1.0
22051,1963-08-15,1.0
22052,1963-08-16,1.0
22053,1963-08-17,1.0
22054,1963-08-18,1.0
22055,1963-08-19,1.0
22056,1963-08-20,1.0
22057,1963-08-21,1.0
22058,1963-08-22,1.0
22059,1963-08-23,1.0
22060,1963-08-24,1.0
22061,1963-08-25,1.0
22062,1963-08-26,1.0
22063,1963-08-27,1.0
22064,1963-08-28,1.0
22065,1963-08-29,1.0
22066,1963-08-30,1.0
22067,1963-08-31,1.0
22068,1963-07-01,1.1
22069,1963-07-02,1.1
22070,1963-07-03,1.1
22071,1963-07-04,1.1
22072,1963-07-05,1.1
22073,1963-07-06,1.1
22074,1963-07-07,1.1
22075,1963-07-08,1.1
22076,1963-07-09,1.1
22077,1963-07-10,1.1
22078,1963-07-11,1.1
22079,1963-07-12,1.1
22080,1963-07-13,1.1
22081,1963-07-14,1.1
22082,1963-07-15,1.1
22083,1963-07-16,1.1
22084,1963-07-17,1.1
22085,1963-07-18,1.1
22086,1963-07-19,1.1
22087,1963-07-20,1.1
22088,1963-07-21,1.1
22089,1963-07-22,1.1
22090,1963-07-23,1.1
22091,1963-07-24,1.1
22092,1963-07-25,1.1
22093,1963-07-26,1.1
22094,1963-07-27,1.1
22095,1963-07-28,1.1
22096,1963-07-29,1.1
22097,1963-07-30,1.1
22098,1963-07-31,1.1
22099,1963-06-01,-1.8
22100,1963-06-02,-1.8
22101,1963-06-03,-1.8
22102,1963-06-04,-1.8
22103,1963-06-05,-1.8
22104,1963-06-06,-1.8
22105,1963-06-07,-1.8
22106,1963-06-08,-1.8
22107,1963-06-09,-1.8
22108,1963-06-10,-1.8
22109,1963-06-11,-1.8
22110,1963-06-12,-1.8
22111,1963-06-13,-1.8
22112,1963-06-14,-1.8
22113,1963-06-15,-1.8
22114,1963-06-16,-1.8
22115,1963-06-17,-1.8
22116,1963-06-18,-1.8
22117,1963-06-19,-1.8
22118,1963-06-20,-1.8
22119,1963-06-21,-1.8
22120,1963-06-22,-1.8
22121,1963-06-23,-1.8
22122,1963-06-24,-1.8
22123,1963-06-25,-1.8
22124,1963-06-26,-1.8
22125,1963-06-27,-1.8
22126,1963-06-28,-1.8
22127,1963-06-29,-1.8
22128,1963-06-30,-1.8
22129,1963-05-01,0.6
22130,1963-05-02,0.6
22131,1963-05-03,0.6
22132,1963-05-04,0.6
22133,1963-05-05,0.6
22134,1963-05-06,0.6
22135,1963-05-07,0.6
22136,1963-05-08,0.6
22137,1963-05-09,0.6
22138,1963-05-10,0.6
22139,1963-05-11,0.6
22140,1963-05-12,0.6
22141,1963-05-13,0.6
22142,1963-05-14,0.6
22143,1963-05-15,0.6
22144,1963-05-16,0.6
22145,1963-05-17,0.6
22146,1963-05-18,0.6
22147,1963-05-19,0.6
22148,1963-05-20,0.6
22149,1963-05-21,0.6
22150,1963-05-22,0.6
22151,1963-05-23,0.6
22152,1963-05-24,0.6
22153,1963-05-25,0.6
22154,1963-05-26,0.6
22155,1963-05-27,0.6
22156,1963-05-28,0.6
22157,1963-05-29,0.6
22158,1963-05-30,0.6
22159,1963-05-31,0.6
22160,1963-04-01,-0.1
22161,1963-04-02,-0.1
22162,1963-04-03,-0.1
22163,1963-04-04,-0.1
22164,1963-04-05,-0.1
22165,1963-04-06,-0.1
22166,1963-04-07,-0.1
22167,1963-04-08,-0.1
22168,1963-04-09,-0.1
22169,1963-04-10,-0.1
22170,1963-04-11,-0.1
22171,1963-04-12,-0.1
22172,1963-04-13,-0.1
22173,1963-04-14,-0.1
22174,1963-04-15,-0.1
22175,1963-04-16,-0.1
22176,1963-04-17,-0.1
22177,1963-04-18,-0.1
22178,1963-04-19,-0.1
22179,1963-04-20,-0.1
22180,1963-04-21,-0.1
22181,1963-04-22,-0.1
22182,1963-04-23,-0.1
22183,1963-04-24,-0.1
22184,1963-04-25,-0.1
22185,1963-04-26,-0.1
22186,1963-04-27,-0.1
22187,1963-04-28,-0.1
22188,1963-04-29,-0.1
22189,1963-04-30,-0.1
22190,1963-03-01,1.9
22191,1963-03-02,1.9
22192,1963-03-03,1.9
22193,1963-03-04,1.9
22194,1963-03-05,1.9
22195,1963-03-06,1.9
22196,1963-03-07,1.9
22197,1963-03-08,1.9
22198,1963-03-09,1.9
22199,1963-03-10,1.9
22200,1963-03-11,1.9
22201,1963-03-12,1.9
22202,1963-03-13,1.9
22203,1963-03-14,1.9
22204,1963-03-15,1.9
22205,1963-03-16,1.9
22206,1963-03-17,1.9
22207,1963-03-18,1.9
22208,1963-03-19,1.9
22209,1963-03-20,1.9
22210,1963-03-21,1.9
22211,1963-03-22,1.9
22212,1963-03-23,1.9
22213,1963-03-24,1.9
22214,1963-03-25,1.9
22215,1963-03-26,1.9
22216,1963-03-27,1.9
22217,1963-03-28,1.9
22218,1963-03-29,1.9
22219,1963-03-30,1.9
22220,1963-03-31,1.9
22221,1963-02-01,0.8
22222,1963-02-02,0.8
22223,1963-02-03,0.8
22224,1963-02-04,0.8
22225,1963-02-05,0.8
22226,1963-02-06,0.8
22227,1963-02-07,0.8
22228,1963-02-08,0.8
22229,1963-02-09,0.8
22230,1963-02-10,0.8
22231,1963-02-11,0.8
22232,1963-02-12,0.8
22233,1963-02-13,0.8
22234,1963-02-14,0.8
22235,1963-02-15,0.8
22236,1963-02-16,0.8
22237,1963-02-17,0.8
22238,1963-02-18,0.8
22239,1963-02-19,0.8
22240,1963-02-20,0.8
22241,1963-02-21,0.8
22242,1963-02-22,0.8
22243,1963-02-23,0.8
22244,1963-02-24,0.8
22245,1963-02-25,0.8
22246,1963-02-26,0.8
22247,1963-02-27,0.8
22248,1963-02-28,0.8
22249,1963-01-01,0.2
22250,1963-01-02,0.2
22251,1963-01-03,0.2
22252,1963-01-04,0.2
22253,1963-01-05,0.2
22254,1963-01-06,0.2
22255,1963-01-07,0.2
22256,1963-01-08,0.2
22257,1963-01-09,0.2
22258,1963-01-10,0.2
22259,1963-01-11,0.2
22260,1963-01-12,0.2
22261,1963-01-13,0.2
22262,1963-01-14,0.2
22263,1963-01-15,0.2
22264,1963-01-16,0.2
22265,1963-01-17,0.2
22266,1963-01-18,0.2
22267,1963-01-19,0.2
22268,1963-01-20,0.2
22269,1963-01-21,0.2
22270,1963-01-22,0.2
22271,1963-01-23,0.2
22272,1963-01-24,0.2
22273,1963-01-25,0.2
22274,1963-01-26,0.2
22275,1963-01-27,0.2
22276,1963-01-28,0.2
22277,1963-01-29,0.2
22278,1963-01-30,0.2
22279,1963-01-31,0.2
22280,1962-12-01,1.3
22281,1962-12-02,1.3
22282,1962-12-03,1.3
22283,1962-12-04,1.3
22284,1962-12-05,1.3
22285,1962-12-06,1.3
22286,1962-12-07,1.3
22287,1962-12-08,1.3
22288,1962-12-09,1.3
22289,1962-12-10,1.3
22290,1962-12-11,1.3
22291,1962-12-12,1.3
22292,1962-12-13,1.3
22293,1962-12-14,1.3
22294,1962-12-15,1.3
22295,1962-12-16,1.3
22296,1962-12-17,1.3
22297,1962-12-18,1.3
22298,1962-12-19,1.3
22299,1962-12-20,1.3
22300,1962-12-21,1.3
22301,1962-12-22,1.3
22302,1962-12-23,1.3
22303,1962-12-24,1.3
22304,1962-12-25,1.3
22305,1962-12-26,1.3
22306,1962-12-27,1.3
22307,1962-12-28,1.3
22308,1962-12-29,1.3
22309,1962-12-30,1.3
22310,1962-12-31,1.3
22311,1962-11-01,2.6
22312,1962-11-02,2.6
22313,1962-11-03,2.6
22314,1962-11-04,2.6
22315,1962-11-05,2.6
22316,1962-11-06,2.6
22317,1962-11-07,2.6
22318,1962-11-08,2.6
22319,1962-11-09,2.6
22320,1962-11-10,2.6
22321,1962-11-11,2.6
22322,1962-11-12,2.6
22323,1962-11-13,2.6
22324,1962-11-14,2.6
22325,1962-11-15,2.6
22326,1962-11-16,2.6
22327,1962-11-17,2.6
22328,1962-11-18,2.6
22329,1962-11-19,2.6
22330,1962-11-20,2.6
22331,1962-11-21,2.6
22332,1962-11-22,2.6
22333,1962-11-23,2.6
22334,1962-11-24,2.6
22335,1962-11-25,2.6
22336,1962-11-26,2.6
22337,1962-11-27,2.6
22338,1962-11-28,2.6
22339,1962-11-29,2.6
22340,1962-11-30,2.6
22341,1962-10-01,1.0
22342,1962-10-02,1.0
22343,1962-10-03,1.0
22344,1962-10-04,1.0
22345,1962-10-05,1.0
22346,1962-10-06,1.0
22347,1962-10-07,1.0
22348,1962-10-08,1.0
22349,1962-10-09,1.0
22350,1962-10-10,1.0
22351,1962-10-11,1.0
22352,1962-10-12,1.0
22353,1962-10-13,1.0
22354,1962-10-14,1.0
22355,1962-10-15,1.0
22356,1962-10-16,1.0
22357,1962-10-17,1.0
22358,1962-10-18,1.0
22359,1962-10-19,1.0
22360,1962-10-20,1.0
22361,1962-10-21,1.0
22362,1962-10-22,1.0
22363,1962-10-23,1.0
22364,1962-10-24,1.0
22365,1962-10-25,1.0
22366,1962-10-26,1.0
22367,1962-10-27,1.0
22368,1962-10-28,1.0
22369,1962-10-29,1.0
22370,1962-10-30,1.0
22371,1962-10-31,1.0
22372,1962-09-01,0.6
22373,1962-09-02,0.6
22374,1962-09-03,0.6
22375,1962-09-04,0.6
22376,1962-09-05,0.6
22377,1962-09-06,0.6
22378,1962-09-07,0.6
22379,1962-09-08,0.6
22380,1962-09-09,0.6
22381,1962-09-10,0.6
22382,1962-09-11,0.6
22383,1962-09-12,0.6
22384,1962-09-13,0.6
22385,1962-09-14,0.6
22386,1962-09-15,0.6
22387,1962-09-16,0.6
22388,1962-09-17,0.6
22389,1962-09-18,0.6
22390,1962-09-19,0.6
22391,1962-09-20,0.6
22392,1962-09-21,0.6
22393,1962-09-22,0.6
22394,1962-09-23,0.6
22395,1962-09-24,0.6
22396,1962-09-25,0.6
22397,1962-09-26,0.6
22398,1962-09-27,0.6
22399,1962-09-28,0.6
22400,1962-09-29,0.6
22401,1962-09-30,0.6
22402,1962-08-01,-0.2
22403,1962-08-02,-0.2
22404,1962-08-03,-0.2
22405,1962-08-04,-0.2
22406,1962-08-05,-0.2
22407,1962-08-06,-0.2
22408,1962-08-07,-0.2
22409,1962-08-08,-0.2
22410,1962-08-09,-0.2
22411,1962-08-10,-0.2
22412,1962-08-11,-0.2
22413,1962-08-12,-0.2
22414,1962-08-13,-0.2
22415,1962-08-14,-0.2
22416,1962-08-15,-0.2
22417,1962-08-16,-0.2
22418,1962-08-17,-0.2
22419,1962-08-18,-0.2
22420,1962-08-19,-0.2
22421,1962-08-20,-0.2
22422,1962-08-21,-0.2
22423,1962-08-22,-0.2
22424,1962-08-23,-0.2
22425,1962-08-24,-0.2
22426,1962-08-25,-0.2
22427,1962-08-26,-0.2
22428,1962-08-27,-0.2
22429,1962-08-28,-0.2
22430,1962-08-29,-0.2
22431,1962-08-30,-0.2
22432,1962-08-31,-0.2
22433,1962-07-01,0.0
22434,1962-07-02,0.0
22435,1962-07-03,0.0
22436,1962-07-04,0.0
22437,1962-07-05,0.0
22438,1962-07-06,0.0
22439,1962-07-07,0.0
22440,1962-07-08,0.0
22441,1962-07-09,0.0
22442,1962-07-10,0.0
22443,1962-07-11,0.0
22444,1962-07-12,0.0
22445,1962-07-13,0.0
22446,1962-07-14,0.0
22447,1962-07-15,0.0
22448,1962-07-16,0.0
22449,1962-07-17,0.0
22450,1962-07-18,0.0
22451,1962-07-19,0.0
22452,1962-07-20,0.0
22453,1962-07-21,0.0
22454,1962-07-22,0.0
22455,1962-07-23,0.0
22456,1962-07-24,0.0
22457,1962-07-25,0.0
22458,1962-07-26,0.0
22459,1962-07-27,0.0
22460,1962-07-28,0.0
22461,1962-07-29,0.0
22462,1962-07-30,0.0
22463,1962-07-31,0.0
22464,1962-06-01,0.5
22465,1962-06-02,0.5
22466,1962-06-03,0.5
22467,1962-06-04,0.5
22468,1962-06-05,0.5
22469,1962-06-06,0.5
22470,1962-06-07,0.5
22471,1962-06-08,0.5
22472,1962-06-09,0.5
22473,1962-06-10,0.5
22474,1962-06-11,0.5
22475,1962-06-12,0.5
22476,1962-06-13,0.5
22477,1962-06-14,0.5
22478,1962-06-15,0.5
22479,1962-06-16,0.5
22480,1962-06-17,0.5
22481,1962-06-18,0.5
22482,1962-06-19,0.5
22483,1962-06-20,0.5
22484,1962-06-21,0.5
22485,1962-06-22,0.5
22486,1962-06-23,0.5
22487,1962-06-24,0.5
22488,1962-06-25,0.5
22489,1962-06-26,0.5
22490,1962-06-27,0.5
22491,1962-06-28,0.5
22492,1962-06-29,0.5
22493,1962-06-30,0.5
22494,1962-05-01,1.3
22495,1962-05-02,1.3
22496,1962-05-03,1.3
22497,1962-05-04,1.3
22498,1962-05-05,1.3
22499,1962-05-06,1.3
22500,1962-05-07,1.3
22501,1962-05-08,1.3
22502,1962-05-09,1.3
22503,1962-05-10,1.3
22504,1962-05-11,1.3
22505,1962-05-12,1.3
22506,1962-05-13,1.3
22507,1962-05-14,1.3
22508,1962-05-15,1.3
22509,1962-05-16,1.3
22510,1962-05-17,1.3
22511,1962-05-18,1.3
22512,1962-05-19,1.3
22513,1962-05-20,1.3
22514,1962-05-21,1.3
22515,1962-05-22,1.3
22516,1962-05-23,1.3
22517,1962-05-24,1.3
22518,1962-05-25,1.3
22519,1962-05-26,1.3
22520,1962-05-27,1.3
22521,1962-05-28,1.3
22522,1962-05-29,1.3
22523,1962-05-30,1.3
22524,1962-05-31,1.3
22525,1962-04-01,1.4
22526,1962-04-02,1.4
22527,1962-04-03,1.4
22528,1962-04-04,1.4
22529,1962-04-05,1.4
22530,1962-04-06,1.4
22531,1962-04-07,1.4
22532,1962-04-08,1.4
22533,1962-04-09,1.4
22534,1962-04-10,1.4
22535,1962-04-11,1.4
22536,1962-04-12,1.4
22537,1962-04-13,1.4
22538,1962-04-14,1.4
22539,1962-04-15,1.4
22540,1962-04-16,1.4
22541,1962-04-17,1.4
22542,1962-04-18,1.4
22543,1962-04-19,1.4
22544,1962-04-20,1.4
22545,1962-04-21,1.4
22546,1962-04-22,1.4
22547,1962-04-23,1.4
22548,1962-04-24,1.4
22549,1962-04-25,1.4
22550,1962-04-26,1.4
22551,1962-04-27,1.4
22552,1962-04-28,1.4
22553,1962-04-29,1.4
22554,1962-04-30,1.4
22555,1962-03-01,0.9
22556,1962-03-02,0.9
22557,1962-03-03,0.9
22558,1962-03-04,0.9
22559,1962-03-05,0.9
22560,1962-03-06,0.9
22561,1962-03-07,0.9
22562,1962-03-08,0.9
22563,1962-03-09,0.9
22564,1962-03-10,0.9
22565,1962-03-11,0.9
22566,1962-03-12,0.9
22567,1962-03-13,0.9
22568,1962-03-14,0.9
22569,1962-03-15,0.9
22570,1962-03-16,0.9
22571,1962-03-17,0.9
22572,1962-03-18,0.9
22573,1962-03-19,0.9
22574,1962-03-20,0.9
22575,1962-03-21,0.9
22576,1962-03-22,0.9
22577,1962-03-23,0.9
22578,1962-03-24,0.9
22579,1962-03-25,0.9
22580,1962-03-26,0.9
22581,1962-03-27,0.9
22582,1962-03-28,0.9
22583,1962-03-29,0.9
22584,1962-03-30,0.9
22585,1962-03-31,0.9
22586,1962-02-01,0.5
22587,1962-02-02,0.5
22588,1962-02-03,0.5
22589,1962-02-04,0.5
22590,1962-02-05,0.5
22591,1962-02-06,0.5
22592,1962-02-07,0.5
22593,1962-02-08,0.5
22594,1962-02-09,0.5
22595,1962-02-10,0.5
22596,1962-02-11,0.5
22597,1962-02-12,0.5
22598,1962-02-13,0.5
22599,1962-02-14,0.5
22600,1962-02-15,0.5
22601,1962-02-16,0.5
22602,1962-02-17,0.5
22603,1962-02-18,0.5
22604,1962-02-19,0.5
22605,1962-02-20,0.5
22606,1962-02-21,0.5
22607,1962-02-22,0.5
22608,1962-02-23,0.5
22609,1962-02-24,0.5
22610,1962-02-25,0.5
22611,1962-02-26,0.5
22612,1962-02-27,0.5
22613,1962-02-28,0.5
22614,1962-01-01,-0.2
22615,1962-01-02,-0.2
22616,1962-01-03,-0.2
22617,1962-01-04,-0.2
22618,1962-01-05,-0.2
22619,1962-01-06,-0.2
22620,1962-01-07,-0.2
22621,1962-01-08,-0.2
22622,1962-01-09,-0.2
22623,1962-01-10,-0.2
22624,1962-01-11,-0.2
22625,1962-01-12,-0.2
22626,1962-01-13,-0.2
22627,1962-01-14,-0.2
22628,1962-01-15,-0.2
22629,1962-01-16,-0.2
22630,1962-01-17,-0.2
22631,1962-01-18,-0.2
22632,1962-01-19,-0.2
22633,1962-01-20,-0.2
22634,1962-01-21,-0.2
22635,1962-01-22,-0.2
22636,1962-01-23,-0.2
22637,1962-01-24,-0.2
22638,1962-01-25,-0.2
22639,1962-01-26,-0.2
22640,1962-01-27,-0.2
22641,1962-01-28,-0.2
22642,1962-01-29,-0.2
22643,1962-01-30,-0.2
22644,1962-01-31,-0.2
22645,1961-12-01,0.2
22646,1961-12-02,0.2
22647,1961-12-03,0.2
22648,1961-12-04,0.2
22649,1961-12-05,0.2
22650,1961-12-06,0.2
22651,1961-12-07,0.2
22652,1961-12-08,0.2
22653,1961-12-09,0.2
22654,1961-12-10,0.2
22655,1961-12-11,0.2
22656,1961-12-12,0.2
22657,1961-12-13,0.2
22658,1961-12-14,0.2
22659,1961-12-15,0.2
22660,1961-12-16,0.2
22661,1961-12-17,0.2
22662,1961-12-18,0.2
22663,1961-12-19,0.2
22664,1961-12-20,0.2
22665,1961-12-21,0.2
22666,1961-12-22,0.2
22667,1961-12-23,0.2
22668,1961-12-24,0.2
22669,1961-12-25,0.2
22670,1961-12-26,0.2
22671,1961-12-27,0.2
22672,1961-12-28,0.2
22673,1961-12-29,0.2
22674,1961-12-30,0.2
22675,1961-12-31,0.2
22676,1961-11-01,1.6
22677,1961-11-02,1.6
22678,1961-11-03,1.6
22679,1961-11-04,1.6
22680,1961-11-05,1.6
22681,1961-11-06,1.6
22682,1961-11-07,1.6
22683,1961-11-08,1.6
22684,1961-11-09,1.6
22685,1961-11-10,1.6
22686,1961-11-11,1.6
22687,1961-11-12,1.6
22688,1961-11-13,1.6
22689,1961-11-14,1.6
22690,1961-11-15,1.6
22691,1961-11-16,1.6
22692,1961-11-17,1.6
22693,1961-11-18,1.6
22694,1961-11-19,1.6
22695,1961-11-20,1.6
22696,1961-11-21,1.6
22697,1961-11-22,1.6
22698,1961-11-23,1.6
22699,1961-11-24,1.6
22700,1961-11-25,1.6
22701,1961-11-26,1.6
22702,1961-11-27,1.6
22703,1961-11-28,1.6
22704,1961-11-29,1.6
22705,1961-11-30,1.6
22706,1961-10-01,0.4
22707,1961-10-02,0.4
22708,1961-10-03,0.4
22709,1961-10-04,0.4
22710,1961-10-05,0.4
22711,1961-10-06,0.4
22712,1961-10-07,0.4
22713,1961-10-08,0.4
22714,1961-10-09,0.4
22715,1961-10-10,0.4
22716,1961-10-11,0.4
22717,1961-10-12,0.4
22718,1961-10-13,0.4
22719,1961-10-14,0.4
22720,1961-10-15,0.4
22721,1961-10-16,0.4
22722,1961-10-17,0.4
22723,1961-10-18,0.4
22724,1961-10-19,0.4
22725,1961-10-20,0.4
22726,1961-10-21,0.4
22727,1961-10-22,0.4
22728,1961-10-23,0.4
22729,1961-10-24,0.4
22730,1961-10-25,0.4
22731,1961-10-26,0.4
22732,1961-10-27,0.4
22733,1961-10-28,0.4
22734,1961-10-29,0.4
22735,1961-10-30,0.4
22736,1961-10-31,0.4
22737,1961-09-01,0.1
22738,1961-09-02,0.1
22739,1961-09-03,0.1
22740,1961-09-04,0.1
22741,1961-09-05,0.1
22742,1961-09-06,0.1
22743,1961-09-07,0.1
22744,1961-09-08,0.1
22745,1961-09-09,0.1
22746,1961-09-10,0.1
22747,1961-09-11,0.1
22748,1961-09-12,0.1
22749,1961-09-13,0.1
22750,1961-09-14,0.1
22751,1961-09-15,0.1
22752,1961-09-16,0.1
22753,1961-09-17,0.1
22754,1961-09-18,0.1
22755,1961-09-19,0.1
22756,1961-09-20,0.1
22757,1961-09-21,0.1
22758,1961-09-22,0.1
22759,1961-09-23,0.1
22760,1961-09-24,0.1
22761,1961-09-25,0.1
22762,1961-09-26,0.1
22763,1961-09-27,0.1
22764,1961-09-28,0.1
22765,1961-09-29,0.1
22766,1961-09-30,0.1
22767,1961-08-01,0.2
22768,1961-08-02,0.2
22769,1961-08-03,0.2
22770,1961-08-04,0.2
22771,1961-08-05,0.2
22772,1961-08-06,0.2
22773,1961-08-07,0.2
22774,1961-08-08,0.2
22775,1961-08-09,0.2
22776,1961-08-10,0.2
22777,1961-08-11,0.2
22778,1961-08-12,0.2
22779,1961-08-13,0.2
22780,1961-08-14,0.2
22781,1961-08-15,0.2
22782,1961-08-16,0.2
22783,1961-08-17,0.2
22784,1961-08-18,0.2
22785,1961-08-19,0.2
22786,1961-08-20,0.2
22787,1961-08-21,0.2
22788,1961-08-22,0.2
22789,1961-08-23,0.2
22790,1961-08-24,0.2
22791,1961-08-25,0.2
22792,1961-08-26,0.2
22793,1961-08-27,0.2
22794,1961-08-28,0.2
22795,1961-08-29,0.2
22796,1961-08-30,0.2
22797,1961-08-31,0.2
22798,1961-07-01,0.0
22799,1961-07-02,0.0
22800,1961-07-03,0.0
22801,1961-07-04,0.0
22802,1961-07-05,0.0
22803,1961-07-06,0.0
22804,1961-07-07,0.0
22805,1961-07-08,0.0
22806,1961-07-09,0.0
22807,1961-07-10,0.0
22808,1961-07-11,0.0
22809,1961-07-12,0.0
22810,1961-07-13,0.0
22811,1961-07-14,0.0
22812,1961-07-15,0.0
22813,1961-07-16,0.0
22814,1961-07-17,0.0
22815,1961-07-18,0.0
22816,1961-07-19,0.0
22817,1961-07-20,0.0
22818,1961-07-21,0.0
22819,1961-07-22,0.0
22820,1961-07-23,0.0
22821,1961-07-24,0.0
22822,1961-07-25,0.0
22823,1961-07-26,0.0
22824,1961-07-27,0.0
22825,1961-07-28,0.0
22826,1961-07-29,0.0
22827,1961-07-30,0.0
22828,1961-07-31,0.0
22829,1961-06-01,-0.5
22830,1961-06-02,-0.5
22831,1961-06-03,-0.5
22832,1961-06-04,-0.5
22833,1961-06-05,-0.5
22834,1961-06-06,-0.5
22835,1961-06-07,-0.5
22836,1961-06-08,-0.5
22837,1961-06-09,-0.5
22838,1961-06-10,-0.5
22839,1961-06-11,-0.5
22840,1961-06-12,-0.5
22841,1961-06-13,-0.5
22842,1961-06-14,-0.5
22843,1961-06-15,-0.5
22844,1961-06-16,-0.5
22845,1961-06-17,-0.5
22846,1961-06-18,-0.5
22847,1961-06-19,-0.5
22848,1961-06-20,-0.5
22849,1961-06-21,-0.5
22850,1961-06-22,-0.5
22851,1961-06-23,-0.5
22852,1961-06-24,-0.5
22853,1961-06-25,-0.5
22854,1961-06-26,-0.5
22855,1961-06-27,-0.5
22856,1961-06-28,-0.5
22857,1961-06-29,-0.5
22858,1961-06-30,-0.5
22859,1961-05-01,-0.3
22860,1961-05-02,-0.3
22861,1961-05-03,-0.3
22862,1961-05-04,-0.3
22863,1961-05-05,-0.3
22864,1961-05-06,-0.3
22865,1961-05-07,-0.3
22866,1961-05-08,-0.3
22867,1961-05-09,-0.3
22868,1961-05-10,-0.3
22869,1961-05-11,-0.3
22870,1961-05-12,-0.3
22871,1961-05-13,-0.3
22872,1961-05-14,-0.3
22873,1961-05-15,-0.3
22874,1961-05-16,-0.3
22875,1961-05-17,-0.3
22876,1961-05-18,-0.3
22877,1961-05-19,-0.3
22878,1961-05-20,-0.3
22879,1961-05-21,-0.3
22880,1961-05-22,-0.3
22881,1961-05-23,-0.3
22882,1961-05-24,-0.3
22883,1961-05-25,-0.3
22884,1961-05-26,-0.3
22885,1961-05-27,-0.3
22886,1961-05-28,-0.3
22887,1961-05-29,-0.3
22888,1961-05-30,-0.3
22889,1961-05-31,-0.3
22890,1961-04-01,0.3
22891,1961-04-02,0.3
22892,1961-04-03,0.3
22893,1961-04-04,0.3
22894,1961-04-05,0.3
22895,1961-04-06,0.3
22896,1961-04-07,0.3
22897,1961-04-08,0.3
22898,1961-04-09,0.3
22899,1961-04-10,0.3
22900,1961-04-11,0.3
22901,1961-04-12,0.3
22902,1961-04-13,0.3
22903,1961-04-14,0.3
22904,1961-04-15,0.3
22905,1961-04-16,0.3
22906,1961-04-17,0.3
22907,1961-04-18,0.3
22908,1961-04-19,0.3
22909,1961-04-20,0.3
22910,1961-04-21,0.3
22911,1961-04-22,0.3
22912,1961-04-23,0.3
22913,1961-04-24,0.3
22914,1961-04-25,0.3
22915,1961-04-26,0.3
22916,1961-04-27,0.3
22917,1961-04-28,0.3
22918,1961-04-29,0.3
22919,1961-04-30,0.3
22920,1961-03-01,-0.4
22921,1961-03-02,-0.4
22922,1961-03-03,-0.4
22923,1961-03-04,-0.4
22924,1961-03-05,-0.4
22925,1961-03-06,-0.4
22926,1961-03-07,-0.4
22927,1961-03-08,-0.4
22928,1961-03-09,-0.4
22929,1961-03-10,-0.4
22930,1961-03-11,-0.4
22931,1961-03-12,-0.4
22932,1961-03-13,-0.4
22933,1961-03-14,-0.4
22934,1961-03-15,-0.4
22935,1961-03-16,-0.4
22936,1961-03-17,-0.4
22937,1961-03-18,-0.4
22938,1961-03-19,-0.4
22939,1961-03-20,-0.4
22940,1961-03-21,-0.4
22941,1961-03-22,-0.4
22942,1961-03-23,-0.4
22943,1961-03-24,-0.4
22944,1961-03-25,-0.4
22945,1961-03-26,-0.4
22946,1961-03-27,-0.4
22947,1961-03-28,-0.4
22948,1961-03-29,-0.4
22949,1961-03-30,-0.4
22950,1961-03-31,-0.4
22951,1961-02-01,-0.8
22952,1961-02-02,-0.8
22953,1961-02-03,-0.8
22954,1961-02-04,-0.8
22955,1961-02-05,-0.8
22956,1961-02-06,-0.8
22957,1961-02-07,-0.8
22958,1961-02-08,-0.8
22959,1961-02-09,-0.8
22960,1961-02-10,-0.8
22961,1961-02-11,-0.8
22962,1961-02-12,-0.8
22963,1961-02-13,-0.8
22964,1961-02-14,-0.8
22965,1961-02-15,-0.8
22966,1961-02-16,-0.8
22967,1961-02-17,-0.8
22968,1961-02-18,-0.8
22969,1961-02-19,-0.8
22970,1961-02-20,-0.8
22971,1961-02-21,-0.8
22972,1961-02-22,-0.8
22973,1961-02-23,-0.8
22974,1961-02-24,-0.8
22975,1961-02-25,-0.8
22976,1961-02-26,-0.8
22977,1961-02-27,-0.8
22978,1961-02-28,-0.8
