Unnamed: 0,Date,IPC
10956,1994-01-31,1.0
10953,1994-01-28,1.0
10952,1994-01-27,1.0
10951,1994-01-26,1.0
10950,1994-01-25,1.0
10949,1994-01-24,1.0
10946,1994-01-21,1.0
10945,1994-01-20,1.0
10944,1994-01-19,1.0
10943,1994-01-18,1.0
10942,1994-01-17,1.0
10939,1994-01-14,1.0
10938,1994-01-13,1.0
10937,1994-01-12,1.0
10936,1994-01-11,1.0
10935,1994-01-10,1.0
10932,1994-01-07,1.0
10930,1994-01-05,1.0
10929,1994-01-04,1.0
10928,1994-01-03,1.0
10925,1994-02-28,0.0
10922,1994-02-25,0.0
10921,1994-02-24,0.0
10920,1994-02-23,0.0
10919,1994-02-22,0.0
10918,1994-02-21,0.0
10915,1994-02-18,0.0
10914,1994-02-17,0.0
10913,1994-02-16,0.0
10912,1994-02-15,0.0
10911,1994-02-14,0.0
10908,1994-02-11,0.0
10907,1994-02-10,0.0
10906,1994-02-09,0.0
10905,1994-02-08,0.0
10904,1994-02-07,0.0
10901,1994-02-04,0.0
10900,1994-02-03,0.0
10899,1994-02-02,0.0
10898,1994-02-01,0.0
10897,1994-03-31,0.3
10896,1994-03-30,0.3
10895,1994-03-29,0.3
10894,1994-03-28,0.3
10891,1994-03-25,0.3
10890,1994-03-24,0.3
10889,1994-03-23,0.3
10888,1994-03-22,0.3
10887,1994-03-21,0.3
10884,1994-03-18,0.3
10883,1994-03-17,0.3
10882,1994-03-16,0.3
10881,1994-03-15,0.3
10880,1994-03-14,0.3
10877,1994-03-11,0.3
10876,1994-03-10,0.3
10875,1994-03-09,0.3
10874,1994-03-08,0.3
10873,1994-03-07,0.3
10870,1994-03-04,0.3
10869,1994-03-03,0.3
10868,1994-03-02,0.3
10867,1994-03-01,0.3
10865,1994-04-29,0.4
10864,1994-04-28,0.4
10863,1994-04-27,0.4
10862,1994-04-26,0.4
10861,1994-04-25,0.4
10858,1994-04-22,0.4
10857,1994-04-21,0.4
10856,1994-04-20,0.4
10855,1994-04-19,0.4
10854,1994-04-18,0.4
10851,1994-04-15,0.4
10850,1994-04-14,0.4
10849,1994-04-13,0.4
10848,1994-04-12,0.4
10847,1994-04-11,0.4
10844,1994-04-08,0.4
10843,1994-04-07,0.4
10842,1994-04-06,0.4
10841,1994-04-05,0.4
10836,1994-05-31,0.2
10835,1994-05-30,0.2
10832,1994-05-27,0.2
10831,1994-05-26,0.2
10830,1994-05-25,0.2
10829,1994-05-24,0.2
10828,1994-05-23,0.2
10825,1994-05-20,0.2
10824,1994-05-19,0.2
10823,1994-05-18,0.2
10822,1994-05-17,0.2
10821,1994-05-16,0.2
10818,1994-05-13,0.2
10817,1994-05-12,0.2
10816,1994-05-11,0.2
10815,1994-05-10,0.2
10814,1994-05-09,0.2
10811,1994-05-06,0.2
10810,1994-05-05,0.2
10809,1994-05-04,0.2
10808,1994-05-03,0.2
10805,1994-06-30,0.1
10804,1994-06-29,0.1
10803,1994-06-28,0.1
10802,1994-06-27,0.1
10799,1994-06-24,0.1
10798,1994-06-23,0.1
10797,1994-06-22,0.1
10796,1994-06-21,0.1
10795,1994-06-20,0.1
10792,1994-06-17,0.1
10791,1994-06-16,0.1
10790,1994-06-15,0.1
10789,1994-06-14,0.1
10788,1994-06-13,0.1
10785,1994-06-10,0.1
10784,1994-06-09,0.1
10783,1994-06-08,0.1
10782,1994-06-07,0.1
10781,1994-06-06,0.1
10778,1994-06-03,0.1
10777,1994-06-02,0.1
10776,1994-06-01,0.1
10773,1994-07-29,0.4
10772,1994-07-28,0.4
10771,1994-07-27,0.4
10770,1994-07-26,0.4
10769,1994-07-25,0.4
10766,1994-07-22,0.4
10765,1994-07-21,0.4
10764,1994-07-20,0.4
10763,1994-07-19,0.4
10762,1994-07-18,0.4
10759,1994-07-15,0.4
10758,1994-07-14,0.4
10757,1994-07-13,0.4
10756,1994-07-12,0.4
10755,1994-07-11,0.4
10752,1994-07-08,0.4
10751,1994-07-07,0.4
10750,1994-07-06,0.4
10749,1994-07-05,0.4
10748,1994-07-04,0.4
10745,1994-07-01,0.4
10744,1994-08-31,0.6
10743,1994-08-30,0.6
10742,1994-08-29,0.6
10739,1994-08-26,0.6
10738,1994-08-25,0.6
10737,1994-08-24,0.6
10736,1994-08-23,0.6
10735,1994-08-22,0.6
10732,1994-08-19,0.6
10731,1994-08-18,0.6
10730,1994-08-17,0.6
10729,1994-08-16,0.6
10728,1994-08-15,0.6
10725,1994-08-12,0.6
10724,1994-08-11,0.6
10723,1994-08-10,0.6
10722,1994-08-09,0.6
10721,1994-08-08,0.6
10718,1994-08-05,0.6
10717,1994-08-04,0.6
10716,1994-08-03,0.6
10715,1994-08-02,0.6
10714,1994-08-01,0.6
10713,1994-09-30,0.3
10712,1994-09-29,0.3
10711,1994-09-28,0.3
10710,1994-09-27,0.3
10709,1994-09-26,0.3
10706,1994-09-23,0.3
10705,1994-09-22,0.3
10704,1994-09-21,0.3
10703,1994-09-20,0.3
10702,1994-09-19,0.3
10699,1994-09-16,0.3
10698,1994-09-15,0.3
10697,1994-09-14,0.3
10696,1994-09-13,0.3
10695,1994-09-12,0.3
10692,1994-09-09,0.3
10691,1994-09-08,0.3
10690,1994-09-07,0.3
10689,1994-09-06,0.3
10688,1994-09-05,0.3
10685,1994-09-02,0.3
10684,1994-09-01,0.3
10683,1994-10-31,0.2
10680,1994-10-28,0.2
10679,1994-10-27,0.2
10678,1994-10-26,0.2
10677,1994-10-25,0.2
10676,1994-10-24,0.2
10673,1994-10-21,0.2
10672,1994-10-20,0.2
10671,1994-10-19,0.2
10670,1994-10-18,0.2
10669,1994-10-17,0.2
10666,1994-10-14,0.2
10665,1994-10-13,0.2
10663,1994-10-11,0.2
10662,1994-10-10,0.2
10659,1994-10-07,0.2
10658,1994-10-06,0.2
10657,1994-10-05,0.2
10656,1994-10-04,0.2
10655,1994-10-03,0.2
10652,1994-11-30,0.2
10651,1994-11-29,0.2
10650,1994-11-28,0.2
10647,1994-11-25,0.2
10646,1994-11-24,0.2
10645,1994-11-23,0.2
10644,1994-11-22,0.2
10643,1994-11-21,0.2
10640,1994-11-18,0.2
10639,1994-11-17,0.2
10638,1994-11-16,0.2
10637,1994-11-15,0.2
10636,1994-11-14,0.2
10633,1994-11-11,0.2
10632,1994-11-10,0.2
10630,1994-11-08,0.2
10629,1994-11-07,0.2
10626,1994-11-04,0.2
10625,1994-11-03,0.2
10624,1994-11-02,0.2
10621,1994-12-30,0.4
10620,1994-12-29,0.4
10619,1994-12-28,0.4
10618,1994-12-27,0.4
10614,1994-12-23,0.4
10613,1994-12-22,0.4
10612,1994-12-21,0.4
10611,1994-12-20,0.4
10610,1994-12-19,0.4
10607,1994-12-16,0.4
10606,1994-12-15,0.4
10605,1994-12-14,0.4
10604,1994-12-13,0.4
10603,1994-12-12,0.4
10600,1994-12-09,0.4
10598,1994-12-07,0.4
10596,1994-12-05,0.4
10593,1994-12-02,0.4
10592,1994-12-01,0.4
10591,1995-01-31,1.0
10590,1995-01-30,1.0
10587,1995-01-27,1.0
10586,1995-01-26,1.0
10585,1995-01-25,1.0
10584,1995-01-24,1.0
10583,1995-01-23,1.0
10580,1995-01-20,1.0
10579,1995-01-19,1.0
10578,1995-01-18,1.0
10577,1995-01-17,1.0
10576,1995-01-16,1.0
10573,1995-01-13,1.0
10572,1995-01-12,1.0
10571,1995-01-11,1.0
10570,1995-01-10,1.0
10569,1995-01-09,1.0
10565,1995-01-05,1.0
10564,1995-01-04,1.0
10563,1995-01-03,1.0
10562,1995-01-02,1.0
10560,1995-02-28,0.5
10559,1995-02-27,0.5
10556,1995-02-24,0.5
10555,1995-02-23,0.5
10554,1995-02-22,0.5
10553,1995-02-21,0.5
10552,1995-02-20,0.5
10549,1995-02-17,0.5
10548,1995-02-16,0.5
10547,1995-02-15,0.5
10546,1995-02-14,0.5
10545,1995-02-13,0.5
10542,1995-02-10,0.5
10541,1995-02-09,0.5
10540,1995-02-08,0.5
10539,1995-02-07,0.5
10538,1995-02-06,0.5
10535,1995-02-03,0.5
10534,1995-02-02,0.5
10533,1995-02-01,0.5
10532,1995-03-31,0.6
10531,1995-03-30,0.6
10530,1995-03-29,0.6
10529,1995-03-28,0.6
10528,1995-03-27,0.6
10525,1995-03-24,0.6
10524,1995-03-23,0.6
10523,1995-03-22,0.6
10522,1995-03-21,0.6
10518,1995-03-17,0.6
10517,1995-03-16,0.6
10516,1995-03-15,0.6
10515,1995-03-14,0.6
10514,1995-03-13,0.6
10511,1995-03-10,0.6
10510,1995-03-09,0.6
10509,1995-03-08,0.6
10508,1995-03-07,0.6
10507,1995-03-06,0.6
10504,1995-03-03,0.6
10503,1995-03-02,0.6
10502,1995-03-01,0.6
10499,1995-04-28,0.5
10498,1995-04-27,0.5
10497,1995-04-26,0.5
10496,1995-04-25,0.5
10495,1995-04-24,0.5
10492,1995-04-21,0.5
10491,1995-04-20,0.5
10490,1995-04-19,0.5
10489,1995-04-18,0.5
10488,1995-04-17,0.5
10483,1995-04-12,0.5
10482,1995-04-11,0.5
10481,1995-04-10,0.5
10478,1995-04-07,0.5
10477,1995-04-06,0.5
10476,1995-04-05,0.5
10475,1995-04-04,0.5
10474,1995-04-03,0.5
10471,1995-05-31,0.0
10470,1995-05-30,0.0
10469,1995-05-29,0.0
10466,1995-05-26,0.0
10465,1995-05-25,0.0
10464,1995-05-24,0.0
10463,1995-05-23,0.0
10462,1995-05-22,0.0
10459,1995-05-19,0.0
10458,1995-05-18,0.0
10457,1995-05-17,0.0
10456,1995-05-16,0.0
10452,1995-05-12,0.0
10451,1995-05-11,0.0
10450,1995-05-10,0.0
10449,1995-05-09,0.0
10448,1995-05-08,0.0
10445,1995-05-05,0.0
10444,1995-05-04,0.0
10443,1995-05-03,0.0
10440,1995-06-30,0.1
10439,1995-06-29,0.1
10438,1995-06-28,0.1
10437,1995-06-27,0.1
10436,1995-06-26,0.1
10433,1995-06-23,0.1
10432,1995-06-22,0.1
10431,1995-06-21,0.1
10430,1995-06-20,0.1
10429,1995-06-19,0.1
10426,1995-06-16,0.1
10425,1995-06-15,0.1
10424,1995-06-14,0.1
10423,1995-06-13,0.1
10422,1995-06-12,0.1
10419,1995-06-09,0.1
10418,1995-06-08,0.1
10417,1995-06-07,0.1
10416,1995-06-06,0.1
10415,1995-06-05,0.1
10412,1995-06-02,0.1
10411,1995-06-01,0.1
10410,1995-07-31,0.0
10407,1995-07-28,0.0
10406,1995-07-27,0.0
10405,1995-07-26,0.0
10404,1995-07-25,0.0
10403,1995-07-24,0.0
10400,1995-07-21,0.0
10399,1995-07-20,0.0
10398,1995-07-19,0.0
10397,1995-07-18,0.0
10396,1995-07-17,0.0
10393,1995-07-14,0.0
10392,1995-07-13,0.0
10391,1995-07-12,0.0
10390,1995-07-11,0.0
10389,1995-07-10,0.0
10386,1995-07-07,0.0
10385,1995-07-06,0.0
10384,1995-07-05,0.0
10383,1995-07-04,0.0
10382,1995-07-03,0.0
10379,1995-08-31,0.3
10378,1995-08-30,0.3
10377,1995-08-29,0.3
10376,1995-08-28,0.3
10373,1995-08-25,0.3
10372,1995-08-24,0.3
10371,1995-08-23,0.3
10370,1995-08-22,0.3
10369,1995-08-21,0.3
10366,1995-08-18,0.3
10365,1995-08-17,0.3
10364,1995-08-16,0.3
10362,1995-08-14,0.3
10359,1995-08-11,0.3
10358,1995-08-10,0.3
10357,1995-08-09,0.3
10356,1995-08-08,0.3
10355,1995-08-07,0.3
10352,1995-08-04,0.3
10351,1995-08-03,0.3
10350,1995-08-02,0.3
10349,1995-08-01,0.3
10347,1995-09-29,0.4
10346,1995-09-28,0.4
10345,1995-09-27,0.4
10344,1995-09-26,0.4
10343,1995-09-25,0.4
10340,1995-09-22,0.4
10339,1995-09-21,0.4
10338,1995-09-20,0.4
10337,1995-09-19,0.4
10336,1995-09-18,0.4
10333,1995-09-15,0.4
10332,1995-09-14,0.4
10331,1995-09-13,0.4
10330,1995-09-12,0.4
10329,1995-09-11,0.4
10326,1995-09-08,0.4
10325,1995-09-07,0.4
10324,1995-09-06,0.4
10323,1995-09-05,0.4
10322,1995-09-04,0.4
10319,1995-09-01,0.4
10318,1995-10-31,0.2
10317,1995-10-30,0.2
10314,1995-10-27,0.2
10313,1995-10-26,0.2
10312,1995-10-25,0.2
10311,1995-10-24,0.2
10310,1995-10-23,0.2
10307,1995-10-20,0.2
10306,1995-10-19,0.2
10305,1995-10-18,0.2
10304,1995-10-17,0.2
10303,1995-10-16,0.2
10300,1995-10-13,0.2
10298,1995-10-11,0.2
10297,1995-10-10,0.2
10296,1995-10-09,0.2
10293,1995-10-06,0.2
10292,1995-10-05,0.2
10291,1995-10-04,0.2
10290,1995-10-03,0.2
10289,1995-10-02,0.2
10287,1995-11-30,0.3
10286,1995-11-29,0.3
10285,1995-11-28,0.3
10284,1995-11-27,0.3
10281,1995-11-24,0.3
10280,1995-11-23,0.3
10279,1995-11-22,0.3
10278,1995-11-21,0.3
10277,1995-11-20,0.3
10274,1995-11-17,0.3
10273,1995-11-16,0.3
10272,1995-11-15,0.3
10271,1995-11-14,0.3
10270,1995-11-13,0.3
10267,1995-11-10,0.3
10266,1995-11-09,0.3
10265,1995-11-08,0.3
10264,1995-11-07,0.3
10263,1995-11-06,0.3
10260,1995-11-03,0.3
10259,1995-11-02,0.3
10255,1995-12-29,0.3
10254,1995-12-28,0.3
10253,1995-12-27,0.3
10252,1995-12-26,0.3
10248,1995-12-22,0.3
10247,1995-12-21,0.3
10246,1995-12-20,0.3
10245,1995-12-19,0.3
10244,1995-12-18,0.3
10241,1995-12-15,0.3
10240,1995-12-14,0.3
10239,1995-12-13,0.3
10238,1995-12-12,0.3
10237,1995-12-11,0.3
10233,1995-12-07,0.3
10231,1995-12-05,0.3
10230,1995-12-04,0.3
10227,1995-12-01,0.3
10226,1996-01-31,0.6
10225,1996-01-30,0.6
10224,1996-01-29,0.6
10221,1996-01-26,0.6
10220,1996-01-25,0.6
10219,1996-01-24,0.6
10218,1996-01-23,0.6
10217,1996-01-22,0.6
10214,1996-01-19,0.6
10213,1996-01-18,0.6
10212,1996-01-17,0.6
10211,1996-01-16,0.6
10210,1996-01-15,0.6
10207,1996-01-12,0.6
10206,1996-01-11,0.6
10205,1996-01-10,0.6
10204,1996-01-09,0.6
10203,1996-01-08,0.6
10200,1996-01-05,0.6
10199,1996-01-04,0.6
10198,1996-01-03,0.6
10197,1996-01-02,0.6
10195,1996-02-29,0.3
10194,1996-02-28,0.3
10193,1996-02-27,0.3
10192,1996-02-26,0.3
10189,1996-02-23,0.3
10188,1996-02-22,0.3
10187,1996-02-21,0.3
10186,1996-02-20,0.3
10185,1996-02-19,0.3
10182,1996-02-16,0.3
10181,1996-02-15,0.3
10180,1996-02-14,0.3
10179,1996-02-13,0.3
10178,1996-02-12,0.3
10175,1996-02-09,0.3
10174,1996-02-08,0.3
10173,1996-02-07,0.3
10172,1996-02-06,0.3
10171,1996-02-05,0.3
10168,1996-02-02,0.3
10167,1996-02-01,0.3
10164,1996-03-29,0.4
10163,1996-03-28,0.4
10162,1996-03-27,0.4
10161,1996-03-26,0.4
10160,1996-03-25,0.4
10157,1996-03-22,0.4
10156,1996-03-21,0.4
10155,1996-03-20,0.4
10154,1996-03-19,0.4
10153,1996-03-18,0.4
10150,1996-03-15,0.4
10149,1996-03-14,0.4
10148,1996-03-13,0.4
10147,1996-03-12,0.4
10146,1996-03-11,0.4
10143,1996-03-08,0.4
10142,1996-03-07,0.4
10141,1996-03-06,0.4
10140,1996-03-05,0.4
10139,1996-03-04,0.4
10136,1996-03-01,0.4
10135,1996-04-30,0.6
10134,1996-04-29,0.6
10131,1996-04-26,0.6
10130,1996-04-25,0.6
10129,1996-04-24,0.6
10128,1996-04-23,0.6
10127,1996-04-22,0.6
10124,1996-04-19,0.6
10123,1996-04-18,0.6
10122,1996-04-17,0.6
10121,1996-04-16,0.6
10120,1996-04-15,0.6
10117,1996-04-12,0.6
10116,1996-04-11,0.6
10115,1996-04-10,0.6
10114,1996-04-09,0.6
10113,1996-04-08,0.6
10108,1996-04-03,0.6
10107,1996-04-02,0.6
10106,1996-04-01,0.6
10105,1996-05-31,0.3
10104,1996-05-30,0.3
10103,1996-05-29,0.3
10102,1996-05-28,0.3
10101,1996-05-27,0.3
10098,1996-05-24,0.3
10097,1996-05-23,0.3
10096,1996-05-22,0.3
10095,1996-05-21,0.3
10094,1996-05-20,0.3
10091,1996-05-17,0.3
10090,1996-05-16,0.3
10088,1996-05-14,0.3
10087,1996-05-13,0.3
10084,1996-05-10,0.3
10083,1996-05-09,0.3
10082,1996-05-08,0.3
10081,1996-05-07,0.3
10080,1996-05-06,0.3
10077,1996-05-03,0.3
10072,1996-06-28,-0.1
10071,1996-06-27,-0.1
10070,1996-06-26,-0.1
10069,1996-06-25,-0.1
10068,1996-06-24,-0.1
10065,1996-06-21,-0.1
10064,1996-06-20,-0.1
10063,1996-06-19,-0.1
10062,1996-06-18,-0.1
10061,1996-06-17,-0.1
10058,1996-06-14,-0.1
10057,1996-06-13,-0.1
10056,1996-06-12,-0.1
10055,1996-06-11,-0.1
10054,1996-06-10,-0.1
10051,1996-06-07,-0.1
10050,1996-06-06,-0.1
10049,1996-06-05,-0.1
10048,1996-06-04,-0.1
10047,1996-06-03,-0.1
10044,1996-07-31,0.1
10043,1996-07-30,0.1
10042,1996-07-29,0.1
10039,1996-07-26,0.1
10038,1996-07-25,0.1
10037,1996-07-24,0.1
10036,1996-07-23,0.1
10035,1996-07-22,0.1
10032,1996-07-19,0.1
10031,1996-07-18,0.1
10030,1996-07-17,0.1
10029,1996-07-16,0.1
10028,1996-07-15,0.1
10025,1996-07-12,0.1
10024,1996-07-11,0.1
10023,1996-07-10,0.1
10022,1996-07-09,0.1
10021,1996-07-08,0.1
10018,1996-07-05,0.1
10017,1996-07-04,0.1
10016,1996-07-03,0.1
10015,1996-07-02,0.1
10014,1996-07-01,0.1
10012,1996-08-30,0.3
10011,1996-08-29,0.3
10010,1996-08-28,0.3
10009,1996-08-27,0.3
10008,1996-08-26,0.3
10005,1996-08-23,0.3
10004,1996-08-22,0.3
10003,1996-08-21,0.3
10002,1996-08-20,0.3
10001,1996-08-19,0.3
9998,1996-08-16,0.3
9996,1996-08-14,0.3
9995,1996-08-13,0.3
9994,1996-08-12,0.3
9991,1996-08-09,0.3
9990,1996-08-08,0.3
9989,1996-08-07,0.3
9988,1996-08-06,0.3
9987,1996-08-05,0.3
9984,1996-08-02,0.3
9983,1996-08-01,0.3
9982,1996-09-30,0.2
9979,1996-09-27,0.2
9978,1996-09-26,0.2
9977,1996-09-25,0.2
9976,1996-09-24,0.2
9975,1996-09-23,0.2
9972,1996-09-20,0.2
9971,1996-09-19,0.2
9970,1996-09-18,0.2
9969,1996-09-17,0.2
9968,1996-09-16,0.2
9965,1996-09-13,0.2
9964,1996-09-12,0.2
9963,1996-09-11,0.2
9962,1996-09-10,0.2
9961,1996-09-09,0.2
9958,1996-09-06,0.2
9957,1996-09-05,0.2
9956,1996-09-04,0.2
9955,1996-09-03,0.2
9954,1996-09-02,0.2
9952,1996-10-31,0.1
9951,1996-10-30,0.1
9950,1996-10-29,0.1
9949,1996-10-28,0.1
9946,1996-10-25,0.1
9945,1996-10-24,0.1
9944,1996-10-23,0.1
9943,1996-10-22,0.1
9942,1996-10-21,0.1
9939,1996-10-18,0.1
9938,1996-10-17,0.1
9937,1996-10-16,0.1
9936,1996-10-15,0.1
9935,1996-10-14,0.1
9932,1996-10-11,0.1
9931,1996-10-10,0.1
9930,1996-10-09,0.1
9929,1996-10-08,0.1
9928,1996-10-07,0.1
9925,1996-10-04,0.1
9924,1996-10-03,0.1
9923,1996-10-02,0.1
9922,1996-10-01,0.1
9920,1996-11-29,0.0
9919,1996-11-28,0.0
9918,1996-11-27,0.0
9917,1996-11-26,0.0
9916,1996-11-25,0.0
9913,1996-11-22,0.0
9912,1996-11-21,0.0
9911,1996-11-20,0.0
9910,1996-11-19,0.0
9909,1996-11-18,0.0
9906,1996-11-15,0.0
9905,1996-11-14,0.0
9904,1996-11-13,0.0
9903,1996-11-12,0.0
9902,1996-11-11,0.0
9899,1996-11-08,0.0
9898,1996-11-07,0.0
9897,1996-11-06,0.0
9896,1996-11-05,0.0
9895,1996-11-04,0.0
9891,1996-12-31,0.3
9890,1996-12-30,0.3
9887,1996-12-27,0.3
9886,1996-12-26,0.3
9883,1996-12-23,0.3
9880,1996-12-20,0.3
9879,1996-12-19,0.3
9878,1996-12-18,0.3
9877,1996-12-17,0.3
9876,1996-12-16,0.3
9873,1996-12-13,0.3
9872,1996-12-12,0.3
9871,1996-12-11,0.3
9870,1996-12-10,0.3
9869,1996-12-09,0.3
9865,1996-12-05,0.3
9864,1996-12-04,0.3
9863,1996-12-03,0.3
9862,1996-12-02,0.3
9860,1997-01-31,0.3
9859,1997-01-30,0.3
9858,1997-01-29,0.3
9857,1997-01-28,0.3
9856,1997-01-27,0.3
9853,1997-01-24,0.3
9852,1997-01-23,0.3
9851,1997-01-22,0.3
9850,1997-01-21,0.3
9849,1997-01-20,0.3
9846,1997-01-17,0.3
9845,1997-01-16,0.3
9844,1997-01-15,0.3
9843,1997-01-14,0.3
9842,1997-01-13,0.3
9839,1997-01-10,0.3
9838,1997-01-09,0.3
9837,1997-01-08,0.3
9836,1997-01-07,0.3
9832,1997-01-03,0.3
9831,1997-01-02,0.3
9829,1997-02-28,-0.1
9828,1997-02-27,-0.1
9827,1997-02-26,-0.1
9826,1997-02-25,-0.1
9825,1997-02-24,-0.1
9822,1997-02-21,-0.1
9821,1997-02-20,-0.1
9820,1997-02-19,-0.1
9819,1997-02-18,-0.1
9818,1997-02-17,-0.1
9815,1997-02-14,-0.1
9814,1997-02-13,-0.1
9813,1997-02-12,-0.1
9812,1997-02-11,-0.1
9811,1997-02-10,-0.1
9808,1997-02-07,-0.1
9807,1997-02-06,-0.1
9806,1997-02-05,-0.1
9805,1997-02-04,-0.1
9804,1997-02-03,-0.1
9801,1997-03-31,0.0
9796,1997-03-26,0.0
9795,1997-03-25,0.0
9794,1997-03-24,0.0
9791,1997-03-21,0.0
9790,1997-03-20,0.0
9789,1997-03-19,0.0
9788,1997-03-18,0.0
9787,1997-03-17,0.0
9784,1997-03-14,0.0
9783,1997-03-13,0.0
9782,1997-03-12,0.0
9781,1997-03-11,0.0
9780,1997-03-10,0.0
9777,1997-03-07,0.0
9776,1997-03-06,0.0
9775,1997-03-05,0.0
9774,1997-03-04,0.0
9773,1997-03-03,0.0
9770,1997-04-30,0.0
9769,1997-04-29,0.0
9768,1997-04-28,0.0
9765,1997-04-25,0.0
9764,1997-04-24,0.0
9763,1997-04-23,0.0
9762,1997-04-22,0.0
9761,1997-04-21,0.0
9758,1997-04-18,0.0
9757,1997-04-17,0.0
9756,1997-04-16,0.0
9755,1997-04-15,0.0
9754,1997-04-14,0.0
9751,1997-04-11,0.0
9750,1997-04-10,0.0
9749,1997-04-09,0.0
9748,1997-04-08,0.0
9747,1997-04-07,0.0
9744,1997-04-04,0.0
9743,1997-04-03,0.0
9742,1997-04-02,0.0
9741,1997-04-01,0.0
9739,1997-05-30,0.1
9738,1997-05-29,0.1
9737,1997-05-28,0.1
9736,1997-05-27,0.1
9735,1997-05-26,0.1
9732,1997-05-23,0.1
9731,1997-05-22,0.1
9730,1997-05-21,0.1
9729,1997-05-20,0.1
9728,1997-05-19,0.1
9725,1997-05-16,0.1
9723,1997-05-14,0.1
9722,1997-05-13,0.1
9721,1997-05-12,0.1
9718,1997-05-09,0.1
9717,1997-05-08,0.1
9716,1997-05-07,0.1
9715,1997-05-06,0.1
9714,1997-05-05,0.1
9709,1997-06-30,0.0
9706,1997-06-27,0.0
9705,1997-06-26,0.0
9704,1997-06-25,0.0
9703,1997-06-24,0.0
9702,1997-06-23,0.0
9699,1997-06-20,0.0
9698,1997-06-19,0.0
9697,1997-06-18,0.0
9696,1997-06-17,0.0
9695,1997-06-16,0.0
9692,1997-06-13,0.0
9691,1997-06-12,0.0
9690,1997-06-11,0.0
9689,1997-06-10,0.0
9688,1997-06-09,0.0
9685,1997-06-06,0.0
9684,1997-06-05,0.0
9683,1997-06-04,0.0
9682,1997-06-03,0.0
9681,1997-06-02,0.0
9679,1997-07-31,0.2
9678,1997-07-30,0.2
9677,1997-07-29,0.2
9676,1997-07-28,0.2
9672,1997-07-24,0.2
9671,1997-07-23,0.2
9670,1997-07-22,0.2
9669,1997-07-21,0.2
9666,1997-07-18,0.2
9665,1997-07-17,0.2
9664,1997-07-16,0.2
9663,1997-07-15,0.2
9662,1997-07-14,0.2
9659,1997-07-11,0.2
9658,1997-07-10,0.2
9657,1997-07-09,0.2
9656,1997-07-08,0.2
9655,1997-07-07,0.2
9652,1997-07-04,0.2
9651,1997-07-03,0.2
9650,1997-07-02,0.2
9649,1997-07-01,0.2
9646,1997-08-29,0.4
9645,1997-08-28,0.4
9644,1997-08-27,0.4
9643,1997-08-26,0.4
9642,1997-08-25,0.4
9639,1997-08-22,0.4
9638,1997-08-21,0.4
9637,1997-08-20,0.4
9636,1997-08-19,0.4
9635,1997-08-18,0.4
9631,1997-08-14,0.4
9630,1997-08-13,0.4
9629,1997-08-12,0.4
9628,1997-08-11,0.4
9625,1997-08-08,0.4
9624,1997-08-07,0.4
9623,1997-08-06,0.4
9622,1997-08-05,0.4
9621,1997-08-04,0.4
9618,1997-08-01,0.4
9617,1997-09-30,0.5
9616,1997-09-29,0.5
9613,1997-09-26,0.5
9612,1997-09-25,0.5
9611,1997-09-24,0.5
9610,1997-09-23,0.5
9609,1997-09-22,0.5
9606,1997-09-19,0.5
9605,1997-09-18,0.5
9604,1997-09-17,0.5
9603,1997-09-16,0.5
9602,1997-09-15,0.5
9599,1997-09-12,0.5
9598,1997-09-11,0.5
9597,1997-09-10,0.5
9596,1997-09-09,0.5
9595,1997-09-08,0.5
9592,1997-09-05,0.5
9591,1997-09-04,0.5
9590,1997-09-03,0.5
9589,1997-09-02,0.5
9588,1997-09-01,0.5
9587,1997-10-31,0.0
9586,1997-10-30,0.0
9585,1997-10-29,0.0
9584,1997-10-28,0.0
9583,1997-10-27,0.0
9580,1997-10-24,0.0
9579,1997-10-23,0.0
9578,1997-10-22,0.0
9577,1997-10-21,0.0
9576,1997-10-20,0.0
9573,1997-10-17,0.0
9572,1997-10-16,0.0
9571,1997-10-15,0.0
9570,1997-10-14,0.0
9569,1997-10-13,0.0
9566,1997-10-10,0.0
9565,1997-10-09,0.0
9564,1997-10-08,0.0
9563,1997-10-07,0.0
9562,1997-10-06,0.0
9559,1997-10-03,0.0
9558,1997-10-02,0.0
9557,1997-10-01,0.0
9554,1997-11-28,0.2
9553,1997-11-27,0.2
9552,1997-11-26,0.2
9551,1997-11-25,0.2
9550,1997-11-24,0.2
9547,1997-11-21,0.2
9546,1997-11-20,0.2
9545,1997-11-19,0.2
9544,1997-11-18,0.2
9543,1997-11-17,0.2
9540,1997-11-14,0.2
9539,1997-11-13,0.2
9538,1997-11-12,0.2
9537,1997-11-11,0.2
9536,1997-11-10,0.2
9533,1997-11-07,0.2
9532,1997-11-06,0.2
9531,1997-11-05,0.2
9530,1997-11-04,0.2
9529,1997-11-03,0.2
9526,1997-12-31,0.3
9525,1997-12-30,0.3
9524,1997-12-29,0.3
9521,1997-12-26,0.3
9518,1997-12-23,0.3
9517,1997-12-22,0.3
9514,1997-12-19,0.3
9513,1997-12-18,0.3
9512,1997-12-17,0.3
9511,1997-12-16,0.3
9510,1997-12-15,0.3
9507,1997-12-12,0.3
9506,1997-12-11,0.3
9505,1997-12-10,0.3
9504,1997-12-09,0.3
9500,1997-12-05,0.3
9499,1997-12-04,0.3
9498,1997-12-03,0.3
9497,1997-12-02,0.3
9496,1997-12-01,0.3
9494,1998-01-30,0.2
9493,1998-01-29,0.2
9492,1998-01-28,0.2
9491,1998-01-27,0.2
9490,1998-01-26,0.2
9487,1998-01-23,0.2
9486,1998-01-22,0.2
9485,1998-01-21,0.2
9484,1998-01-20,0.2
9483,1998-01-19,0.2
9480,1998-01-16,0.2
9479,1998-01-15,0.2
9478,1998-01-14,0.2
9477,1998-01-13,0.2
9476,1998-01-12,0.2
9473,1998-01-09,0.2
9472,1998-01-08,0.2
9471,1998-01-07,0.2
9469,1998-01-05,0.2
9466,1998-01-02,0.2
9463,1998-02-27,-0.2
9462,1998-02-26,-0.2
9461,1998-02-25,-0.2
9460,1998-02-24,-0.2
9459,1998-02-23,-0.2
9456,1998-02-20,-0.2
9455,1998-02-19,-0.2
9454,1998-02-18,-0.2
9453,1998-02-17,-0.2
9452,1998-02-16,-0.2
9449,1998-02-13,-0.2
9448,1998-02-12,-0.2
9447,1998-02-11,-0.2
9446,1998-02-10,-0.2
9445,1998-02-09,-0.2
9442,1998-02-06,-0.2
9441,1998-02-05,-0.2
9440,1998-02-04,-0.2
9439,1998-02-03,-0.2
9438,1998-02-02,-0.2
9436,1998-03-31,0.0
9435,1998-03-30,0.0
9432,1998-03-27,0.0
9431,1998-03-26,0.0
9430,1998-03-25,0.0
9429,1998-03-24,0.0
9428,1998-03-23,0.0
9425,1998-03-20,0.0
9423,1998-03-18,0.0
9422,1998-03-17,0.0
9421,1998-03-16,0.0
9418,1998-03-13,0.0
9417,1998-03-12,0.0
9416,1998-03-11,0.0
9415,1998-03-10,0.0
9414,1998-03-09,0.0
9411,1998-03-06,0.0
9410,1998-03-05,0.0
9409,1998-03-04,0.0
9408,1998-03-03,0.0
9407,1998-03-02,0.0
9405,1998-04-30,0.2
9404,1998-04-29,0.2
9403,1998-04-28,0.2
9402,1998-04-27,0.2
9399,1998-04-24,0.2
9398,1998-04-23,0.2
9397,1998-04-22,0.2
9396,1998-04-21,0.2
9395,1998-04-20,0.2
9392,1998-04-17,0.2
9391,1998-04-16,0.2
9390,1998-04-15,0.2
9389,1998-04-14,0.2
9383,1998-04-08,0.2
9382,1998-04-07,0.2
9381,1998-04-06,0.2
9378,1998-04-03,0.2
9377,1998-04-02,0.2
9376,1998-04-01,0.2
9373,1998-05-29,0.1
9372,1998-05-28,0.1
9371,1998-05-27,0.1
9370,1998-05-26,0.1
9369,1998-05-25,0.1
9366,1998-05-22,0.1
9365,1998-05-21,0.1
9364,1998-05-20,0.1
9363,1998-05-19,0.1
9362,1998-05-18,0.1
9359,1998-05-15,0.1
9358,1998-05-14,0.1
9357,1998-05-13,0.1
9356,1998-05-12,0.1
9355,1998-05-11,0.1
9352,1998-05-08,0.1
9351,1998-05-07,0.1
9350,1998-05-06,0.1
9349,1998-05-05,0.1
9348,1998-05-04,0.1
9344,1998-06-30,0.1
9343,1998-06-29,0.1
9340,1998-06-26,0.1
9339,1998-06-25,0.1
9338,1998-06-24,0.1
9337,1998-06-23,0.1
9336,1998-06-22,0.1
9333,1998-06-19,0.1
9332,1998-06-18,0.1
9331,1998-06-17,0.1
9330,1998-06-16,0.1
9329,1998-06-15,0.1
9326,1998-06-12,0.1
9325,1998-06-11,0.1
9324,1998-06-10,0.1
9323,1998-06-09,0.1
9322,1998-06-08,0.1
9319,1998-06-05,0.1
9318,1998-06-04,0.1
9317,1998-06-03,0.1
9316,1998-06-02,0.1
9314,1998-07-31,0.4
9313,1998-07-30,0.4
9312,1998-07-29,0.4
9311,1998-07-28,0.4
9310,1998-07-27,0.4
9307,1998-07-24,0.4
9306,1998-07-23,0.4
9305,1998-07-22,0.4
9304,1998-07-21,0.4
9303,1998-07-20,0.4
9300,1998-07-17,0.4
9299,1998-07-16,0.4
9298,1998-07-15,0.4
9297,1998-07-14,0.4
9296,1998-07-13,0.4
9293,1998-07-10,0.4
9292,1998-07-09,0.4
9291,1998-07-08,0.4
9290,1998-07-07,0.4
9289,1998-07-06,0.4
9286,1998-07-03,0.4
9285,1998-07-02,0.4
9284,1998-07-01,0.4
9283,1998-08-31,0.3
9280,1998-08-28,0.3
9279,1998-08-27,0.3
9278,1998-08-26,0.3
9277,1998-08-25,0.3
9276,1998-08-24,0.3
9273,1998-08-21,0.3
9272,1998-08-20,0.3
9271,1998-08-19,0.3
9270,1998-08-18,0.3
9269,1998-08-17,0.3
9266,1998-08-14,0.3
9265,1998-08-13,0.3
9264,1998-08-12,0.3
9263,1998-08-11,0.3
9262,1998-08-10,0.3
9259,1998-08-07,0.3
9258,1998-08-06,0.3
9257,1998-08-05,0.3
9256,1998-08-04,0.3
9255,1998-08-03,0.3
9252,1998-09-30,0.1
9251,1998-09-29,0.1
9250,1998-09-28,0.1
9247,1998-09-25,0.1
9246,1998-09-24,0.1
9245,1998-09-23,0.1
9244,1998-09-22,0.1
9243,1998-09-21,0.1
9240,1998-09-18,0.1
9239,1998-09-17,0.1
9238,1998-09-16,0.1
9237,1998-09-15,0.1
9236,1998-09-14,0.1
9233,1998-09-11,0.1
9232,1998-09-10,0.1
9231,1998-09-09,0.1
9230,1998-09-08,0.1
9229,1998-09-07,0.1
9226,1998-09-04,0.1
9225,1998-09-03,0.1
9224,1998-09-02,0.1
9223,1998-09-01,0.1
9221,1998-10-30,0.0
9220,1998-10-29,0.0
9219,1998-10-28,0.0
9218,1998-10-27,0.0
9217,1998-10-26,0.0
9214,1998-10-23,0.0
9213,1998-10-22,0.0
9212,1998-10-21,0.0
9211,1998-10-20,0.0
9210,1998-10-19,0.0
9207,1998-10-16,0.0
9206,1998-10-15,0.0
9205,1998-10-14,0.0
9204,1998-10-13,0.0
9200,1998-10-09,0.0
9199,1998-10-08,0.0
9198,1998-10-07,0.0
9197,1998-10-06,0.0
9196,1998-10-05,0.0
9193,1998-10-02,0.0
9192,1998-10-01,0.0
9191,1998-11-30,-0.1
9188,1998-11-27,-0.1
9187,1998-11-26,-0.1
9186,1998-11-25,-0.1
9185,1998-11-24,-0.1
9184,1998-11-23,-0.1
9181,1998-11-20,-0.1
9180,1998-11-19,-0.1
9179,1998-11-18,-0.1
9178,1998-11-17,-0.1
9177,1998-11-16,-0.1
9174,1998-11-13,-0.1
9173,1998-11-12,-0.1
9172,1998-11-11,-0.1
9171,1998-11-10,-0.1
9170,1998-11-09,-0.1
9167,1998-11-06,-0.1
9166,1998-11-05,-0.1
9165,1998-11-04,-0.1
9164,1998-11-03,-0.1
9163,1998-11-02,-0.1
9160,1998-12-30,0.3
9159,1998-12-29,0.3
9158,1998-12-28,0.3
9153,1998-12-23,0.3
9152,1998-12-22,0.3
9151,1998-12-21,0.3
9148,1998-12-18,0.3
9147,1998-12-17,0.3
9146,1998-12-16,0.3
9145,1998-12-15,0.3
9144,1998-12-14,0.3
9141,1998-12-11,0.3
9140,1998-12-10,0.3
9139,1998-12-09,0.3
9137,1998-12-07,0.3
9134,1998-12-04,0.3
9133,1998-12-03,0.3
9132,1998-12-02,0.3
9131,1998-12-01,0.3
9128,1999-01-29,0.4
9127,1999-01-28,0.4
9126,1999-01-27,0.4
9125,1999-01-26,0.4
9124,1999-01-25,0.4
9121,1999-01-22,0.4
9120,1999-01-21,0.4
9119,1999-01-20,0.4
9118,1999-01-19,0.4
9117,1999-01-18,0.4
9114,1999-01-15,0.4
9113,1999-01-14,0.4
9112,1999-01-13,0.4
9111,1999-01-12,0.4
9110,1999-01-11,0.4
9107,1999-01-08,0.4
9106,1999-01-07,0.4
9104,1999-01-05,0.4
9103,1999-01-04,0.4
9097,1999-02-26,0.1
9096,1999-02-25,0.1
9095,1999-02-24,0.1
9094,1999-02-23,0.1
9093,1999-02-22,0.1
9090,1999-02-19,0.1
9089,1999-02-18,0.1
9088,1999-02-17,0.1
9087,1999-02-16,0.1
9086,1999-02-15,0.1
9083,1999-02-12,0.1
9082,1999-02-11,0.1
9081,1999-02-10,0.1
9080,1999-02-09,0.1
9079,1999-02-08,0.1
9076,1999-02-05,0.1
9075,1999-02-04,0.1
9074,1999-02-03,0.1
9073,1999-02-02,0.1
9072,1999-02-01,0.1
9071,1999-03-31,0.4
9070,1999-03-30,0.4
9069,1999-03-29,0.4
9066,1999-03-26,0.4
9065,1999-03-25,0.4
9064,1999-03-24,0.4
9063,1999-03-23,0.4
9062,1999-03-22,0.4
9059,1999-03-19,0.4
9058,1999-03-18,0.4
9057,1999-03-17,0.4
9056,1999-03-16,0.4
9055,1999-03-15,0.4
9052,1999-03-12,0.4
9051,1999-03-11,0.4
9050,1999-03-10,0.4
9049,1999-03-09,0.4
9048,1999-03-08,0.4
9045,1999-03-05,0.4
9044,1999-03-04,0.4
9043,1999-03-03,0.4
9042,1999-03-02,0.4
9041,1999-03-01,0.4
9040,1999-04-30,0.4
9039,1999-04-29,0.4
9038,1999-04-28,0.4
9037,1999-04-27,0.4
9036,1999-04-26,0.4
9033,1999-04-23,0.4
9032,1999-04-22,0.4
9031,1999-04-21,0.4
9030,1999-04-20,0.4
9029,1999-04-19,0.4
9026,1999-04-16,0.4
9025,1999-04-15,0.4
9024,1999-04-14,0.4
9023,1999-04-13,0.4
9022,1999-04-12,0.4
9019,1999-04-09,0.4
9018,1999-04-08,0.4
9017,1999-04-07,0.4
9016,1999-04-06,0.4
9010,1999-05-31,0.0
9007,1999-05-28,0.0
9006,1999-05-27,0.0
9005,1999-05-26,0.0
9004,1999-05-25,0.0
9003,1999-05-24,0.0
9000,1999-05-21,0.0
8999,1999-05-20,0.0
8998,1999-05-19,0.0
8997,1999-05-18,0.0
8996,1999-05-17,0.0
8993,1999-05-14,0.0
8992,1999-05-13,0.0
8991,1999-05-12,0.0
8990,1999-05-11,0.0
8989,1999-05-10,0.0
8986,1999-05-07,0.0
8985,1999-05-06,0.0
8984,1999-05-05,0.0
8983,1999-05-04,0.0
8982,1999-05-03,0.0
8979,1999-06-30,0.0
8978,1999-06-29,0.0
8977,1999-06-28,0.0
8974,1999-06-25,0.0
8973,1999-06-24,0.0
8972,1999-06-23,0.0
8971,1999-06-22,0.0
8970,1999-06-21,0.0
8967,1999-06-18,0.0
8966,1999-06-17,0.0
8965,1999-06-16,0.0
8964,1999-06-15,0.0
8963,1999-06-14,0.0
8960,1999-06-11,0.0
8959,1999-06-10,0.0
8958,1999-06-09,0.0
8957,1999-06-08,0.0
8956,1999-06-07,0.0
8953,1999-06-04,0.0
8952,1999-06-03,0.0
8951,1999-06-02,0.0
8950,1999-06-01,0.0
8948,1999-07-30,0.4
8947,1999-07-29,0.4
8946,1999-07-28,0.4
8945,1999-07-27,0.4
8944,1999-07-26,0.4
8941,1999-07-23,0.4
8940,1999-07-22,0.4
8939,1999-07-21,0.4
8938,1999-07-20,0.4
8937,1999-07-19,0.4
8934,1999-07-16,0.4
8933,1999-07-15,0.4
8932,1999-07-14,0.4
8931,1999-07-13,0.4
8930,1999-07-12,0.4
8927,1999-07-09,0.4
8926,1999-07-08,0.4
8925,1999-07-07,0.4
8924,1999-07-06,0.4
8923,1999-07-05,0.4
8920,1999-07-02,0.4
8919,1999-07-01,0.4
8918,1999-08-31,0.4
8917,1999-08-30,0.4
8914,1999-08-27,0.4
8913,1999-08-26,0.4
8912,1999-08-25,0.4
8911,1999-08-24,0.4
8910,1999-08-23,0.4
8907,1999-08-20,0.4
8906,1999-08-19,0.4
8905,1999-08-18,0.4
8904,1999-08-17,0.4
8903,1999-08-16,0.4
8900,1999-08-13,0.4
8899,1999-08-12,0.4
8898,1999-08-11,0.4
8897,1999-08-10,0.4
8896,1999-08-09,0.4
8893,1999-08-06,0.4
8892,1999-08-05,0.4
8891,1999-08-04,0.4
8890,1999-08-03,0.4
8889,1999-08-02,0.4
8887,1999-09-30,0.2
8886,1999-09-29,0.2
8885,1999-09-28,0.2
8884,1999-09-27,0.2
8881,1999-09-24,0.2
8880,1999-09-23,0.2
8879,1999-09-22,0.2
8878,1999-09-21,0.2
8877,1999-09-20,0.2
8874,1999-09-17,0.2
8873,1999-09-16,0.2
8872,1999-09-15,0.2
8871,1999-09-14,0.2
8870,1999-09-13,0.2
8867,1999-09-10,0.2
8866,1999-09-09,0.2
8865,1999-09-08,0.2
8864,1999-09-07,0.2
8863,1999-09-06,0.2
8860,1999-09-03,0.2
8859,1999-09-02,0.2
8858,1999-09-01,0.2
8855,1999-10-29,0.0
8854,1999-10-28,0.0
8853,1999-10-27,0.0
8852,1999-10-26,0.0
8851,1999-10-25,0.0
8848,1999-10-22,0.0
8847,1999-10-21,0.0
8846,1999-10-20,0.0
8845,1999-10-19,0.0
8844,1999-10-18,0.0
8841,1999-10-15,0.0
8840,1999-10-14,0.0
8839,1999-10-13,0.0
8837,1999-10-11,0.0
8834,1999-10-08,0.0
8833,1999-10-07,0.0
8832,1999-10-06,0.0
8831,1999-10-05,0.0
8830,1999-10-04,0.0
8827,1999-10-01,0.0
8826,1999-11-30,0.2
8825,1999-11-29,0.2
8822,1999-11-26,0.2
8821,1999-11-25,0.2
8820,1999-11-24,0.2
8819,1999-11-23,0.2
8818,1999-11-22,0.2
8815,1999-11-19,0.2
8814,1999-11-18,0.2
8813,1999-11-17,0.2
8812,1999-11-16,0.2
8811,1999-11-15,0.2
8808,1999-11-12,0.2
8807,1999-11-11,0.2
8806,1999-11-10,0.2
8805,1999-11-09,0.2
8804,1999-11-08,0.2
8801,1999-11-05,0.2
8800,1999-11-04,0.2
8799,1999-11-03,0.2
8798,1999-11-02,0.2
8795,1999-12-30,0.5
8794,1999-12-29,0.5
8793,1999-12-28,0.5
8792,1999-12-27,0.5
8788,1999-12-23,0.5
8787,1999-12-22,0.5
8786,1999-12-21,0.5
8785,1999-12-20,0.5
8782,1999-12-17,0.5
8781,1999-12-16,0.5
8780,1999-12-15,0.5
8779,1999-12-14,0.5
8778,1999-12-13,0.5
8775,1999-12-10,0.5
8774,1999-12-09,0.5
8772,1999-12-07,0.5
8768,1999-12-03,0.5
8767,1999-12-02,0.5
8766,1999-12-01,0.5
8765,2000-01-31,0.3
8762,2000-01-28,0.3
8761,2000-01-27,0.3
8760,2000-01-26,0.3
8759,2000-01-25,0.3
8758,2000-01-24,0.3
8755,2000-01-21,0.3
8754,2000-01-20,0.3
8753,2000-01-19,0.3
8752,2000-01-18,0.3
8751,2000-01-17,0.3
8748,2000-01-14,0.3
8747,2000-01-13,0.3
8746,2000-01-12,0.3
8745,2000-01-11,0.3
8744,2000-01-10,0.3
8741,2000-01-07,0.3
8739,2000-01-05,0.3
8738,2000-01-04,0.3
8737,2000-01-03,0.3
8734,2000-02-29,0.1
8733,2000-02-28,0.1
8730,2000-02-25,0.1
8729,2000-02-24,0.1
8728,2000-02-23,0.1
8727,2000-02-22,0.1
8726,2000-02-21,0.1
8723,2000-02-18,0.1
8722,2000-02-17,0.1
8721,2000-02-16,0.1
8720,2000-02-15,0.1
8719,2000-02-14,0.1
8716,2000-02-11,0.1
8715,2000-02-10,0.1
8714,2000-02-09,0.1
8713,2000-02-08,0.1
8712,2000-02-07,0.1
8709,2000-02-04,0.1
8708,2000-02-03,0.1
8707,2000-02-02,0.1
8706,2000-02-01,0.1
8705,2000-03-31,0.4
8704,2000-03-30,0.4
8703,2000-03-29,0.4
8702,2000-03-28,0.4
8701,2000-03-27,0.4
8698,2000-03-24,0.4
8697,2000-03-23,0.4
8696,2000-03-22,0.4
8695,2000-03-21,0.4
8694,2000-03-20,0.4
8691,2000-03-17,0.4
8690,2000-03-16,0.4
8689,2000-03-15,0.4
8688,2000-03-14,0.4
8687,2000-03-13,0.4
8684,2000-03-10,0.4
8683,2000-03-09,0.4
8682,2000-03-08,0.4
8681,2000-03-07,0.4
8680,2000-03-06,0.4
8677,2000-03-03,0.4
8676,2000-03-02,0.4
8675,2000-03-01,0.4
8672,2000-04-28,0.4
8671,2000-04-27,0.4
8670,2000-04-26,0.4
8669,2000-04-25,0.4
8664,2000-04-20,0.4
8663,2000-04-19,0.4
8662,2000-04-18,0.4
8661,2000-04-17,0.4
8658,2000-04-14,0.4
8657,2000-04-13,0.4
8656,2000-04-12,0.4
8655,2000-04-11,0.4
8654,2000-04-10,0.4
8651,2000-04-07,0.4
8650,2000-04-06,0.4
8649,2000-04-05,0.4
8648,2000-04-04,0.4
8647,2000-04-03,0.4
8644,2000-05-31,0.2
8643,2000-05-30,0.2
8642,2000-05-29,0.2
8639,2000-05-26,0.2
8638,2000-05-25,0.2
8637,2000-05-24,0.2
8636,2000-05-23,0.2
8635,2000-05-22,0.2
8632,2000-05-19,0.2
8631,2000-05-18,0.2
8630,2000-05-17,0.2
8629,2000-05-16,0.2
8628,2000-05-15,0.2
8625,2000-05-12,0.2
8624,2000-05-11,0.2
8623,2000-05-10,0.2
8622,2000-05-09,0.2
8621,2000-05-08,0.2
8618,2000-05-05,0.2
8617,2000-05-04,0.2
8616,2000-05-03,0.2
8615,2000-05-02,0.2
8613,2000-06-30,0.3
8612,2000-06-29,0.3
8611,2000-06-28,0.3
8610,2000-06-27,0.3
8609,2000-06-26,0.3
8606,2000-06-23,0.3
8605,2000-06-22,0.3
8604,2000-06-21,0.3
8603,2000-06-20,0.3
8602,2000-06-19,0.3
8599,2000-06-16,0.3
8598,2000-06-15,0.3
8597,2000-06-14,0.3
8596,2000-06-13,0.3
8595,2000-06-12,0.3
8592,2000-06-09,0.3
8591,2000-06-08,0.3
8590,2000-06-07,0.3
8589,2000-06-06,0.3
8588,2000-06-05,0.3
8585,2000-06-02,0.3
8584,2000-06-01,0.3
8583,2000-07-31,0.6
8580,2000-07-28,0.6
8579,2000-07-27,0.6
8578,2000-07-26,0.6
8577,2000-07-25,0.6
8576,2000-07-24,0.6
8573,2000-07-21,0.6
8572,2000-07-20,0.6
8571,2000-07-19,0.6
8570,2000-07-18,0.6
8569,2000-07-17,0.6
8566,2000-07-14,0.6
8565,2000-07-13,0.6
8564,2000-07-12,0.6
8563,2000-07-11,0.6
8562,2000-07-10,0.6
8559,2000-07-07,0.6
8558,2000-07-06,0.6
8557,2000-07-05,0.6
8556,2000-07-04,0.6
8555,2000-07-03,0.6
8552,2000-08-31,0.4
8551,2000-08-30,0.4
8550,2000-08-29,0.4
8549,2000-08-28,0.4
8546,2000-08-25,0.4
8545,2000-08-24,0.4
8544,2000-08-23,0.4
8543,2000-08-22,0.4
8542,2000-08-21,0.4
8539,2000-08-18,0.4
8538,2000-08-17,0.4
8537,2000-08-16,0.4
8536,2000-08-15,0.4
8535,2000-08-14,0.4
8532,2000-08-11,0.4
8531,2000-08-10,0.4
8530,2000-08-09,0.4
8529,2000-08-08,0.4
8528,2000-08-07,0.4
8525,2000-08-04,0.4
8524,2000-08-03,0.4
8523,2000-08-02,0.4
8522,2000-08-01,0.4
8520,2000-09-29,0.3
8519,2000-09-28,0.3
8518,2000-09-27,0.3
8517,2000-09-26,0.3
8516,2000-09-25,0.3
8513,2000-09-22,0.3
8512,2000-09-21,0.3
8511,2000-09-20,0.3
8510,2000-09-19,0.3
8509,2000-09-18,0.3
8506,2000-09-15,0.3
8505,2000-09-14,0.3
8504,2000-09-13,0.3
8503,2000-09-12,0.3
8502,2000-09-11,0.3
8499,2000-09-08,0.3
8498,2000-09-07,0.3
8497,2000-09-06,0.3
8496,2000-09-05,0.3
8495,2000-09-04,0.3
8492,2000-09-01,0.3
8491,2000-10-31,0.3
8490,2000-10-30,0.3
8487,2000-10-27,0.3
8486,2000-10-26,0.3
8485,2000-10-25,0.3
8484,2000-10-24,0.3
8483,2000-10-23,0.3
8480,2000-10-20,0.3
8479,2000-10-19,0.3
8478,2000-10-18,0.3
8477,2000-10-17,0.3
8476,2000-10-16,0.3
8473,2000-10-13,0.3
8471,2000-10-11,0.3
8470,2000-10-10,0.3
8469,2000-10-09,0.3
8466,2000-10-06,0.3
8465,2000-10-05,0.3
8464,2000-10-04,0.3
8463,2000-10-03,0.3
8462,2000-10-02,0.3
8460,2000-11-30,0.2
8459,2000-11-29,0.2
8458,2000-11-28,0.2
8457,2000-11-27,0.2
8454,2000-11-24,0.2
8453,2000-11-23,0.2
8452,2000-11-22,0.2
8451,2000-11-21,0.2
8450,2000-11-20,0.2
8447,2000-11-17,0.2
8446,2000-11-16,0.2
8445,2000-11-15,0.2
8444,2000-11-14,0.2
8443,2000-11-13,0.2
8440,2000-11-10,0.2
8439,2000-11-09,0.2
8438,2000-11-08,0.2
8437,2000-11-07,0.2
8436,2000-11-06,0.2
8433,2000-11-03,0.2
8432,2000-11-02,0.2
8428,2000-12-29,0.3
8427,2000-12-28,0.3
8426,2000-12-27,0.3
8421,2000-12-22,0.3
8420,2000-12-21,0.3
8419,2000-12-20,0.3
8418,2000-12-19,0.3
8417,2000-12-18,0.3
8414,2000-12-15,0.3
8413,2000-12-14,0.3
8412,2000-12-13,0.3
8411,2000-12-12,0.3
8410,2000-12-11,0.3
8406,2000-12-07,0.3
8404,2000-12-05,0.3
8403,2000-12-04,0.3
8400,2000-12-01,0.3
8399,2001-01-31,0.0
8398,2001-01-30,0.0
8397,2001-01-29,0.0
8394,2001-01-26,0.0
8393,2001-01-25,0.0
8392,2001-01-24,0.0
8391,2001-01-23,0.0
8390,2001-01-22,0.0
8387,2001-01-19,0.0
8386,2001-01-18,0.0
8385,2001-01-17,0.0
8384,2001-01-16,0.0
8383,2001-01-15,0.0
8380,2001-01-12,0.0
8379,2001-01-11,0.0
8378,2001-01-10,0.0
8377,2001-01-09,0.0
8376,2001-01-08,0.0
8373,2001-01-05,0.0
8372,2001-01-04,0.0
8371,2001-01-03,0.0
8370,2001-01-02,0.0
8368,2001-02-28,0.3
8367,2001-02-27,0.3
8366,2001-02-26,0.3
8363,2001-02-23,0.3
8362,2001-02-22,0.3
8361,2001-02-21,0.3
8360,2001-02-20,0.3
8359,2001-02-19,0.3
8356,2001-02-16,0.3
8355,2001-02-15,0.3
8354,2001-02-14,0.3
8353,2001-02-13,0.3
8352,2001-02-12,0.3
8349,2001-02-09,0.3
8348,2001-02-08,0.3
8347,2001-02-07,0.3
8346,2001-02-06,0.3
8345,2001-02-05,0.3
8342,2001-02-02,0.3
8341,2001-02-01,0.3
8339,2001-03-30,0.4
8338,2001-03-29,0.4
8337,2001-03-28,0.4
8336,2001-03-27,0.4
8335,2001-03-26,0.4
8332,2001-03-23,0.4
8331,2001-03-22,0.4
8330,2001-03-21,0.4
8329,2001-03-20,0.4
8328,2001-03-19,0.4
8325,2001-03-16,0.4
8324,2001-03-15,0.4
8323,2001-03-14,0.4
8322,2001-03-13,0.4
8321,2001-03-12,0.4
8318,2001-03-09,0.4
8317,2001-03-08,0.4
8316,2001-03-07,0.4
8315,2001-03-06,0.4
8314,2001-03-05,0.4
8311,2001-03-02,0.4
8310,2001-03-01,0.4
8309,2001-04-30,0.5
8306,2001-04-27,0.5
8305,2001-04-26,0.5
8304,2001-04-25,0.5
8303,2001-04-24,0.5
8302,2001-04-23,0.5
8299,2001-04-20,0.5
8298,2001-04-19,0.5
8297,2001-04-18,0.5
8296,2001-04-17,0.5
8291,2001-04-12,0.5
8290,2001-04-11,0.5
8289,2001-04-10,0.5
8288,2001-04-09,0.5
8285,2001-04-06,0.5
8284,2001-04-05,0.5
8283,2001-04-04,0.5
8282,2001-04-03,0.5
8281,2001-04-02,0.5
8279,2001-05-31,0.4
8278,2001-05-30,0.4
8277,2001-05-29,0.4
8276,2001-05-28,0.4
8273,2001-05-25,0.4
8272,2001-05-24,0.4
8271,2001-05-23,0.4
8270,2001-05-22,0.4
8269,2001-05-21,0.4
8266,2001-05-18,0.4
8265,2001-05-17,0.4
8264,2001-05-16,0.4
8263,2001-05-15,0.4
8262,2001-05-14,0.4
8259,2001-05-11,0.4
8258,2001-05-10,0.4
8257,2001-05-09,0.4
8256,2001-05-08,0.4
8255,2001-05-07,0.4
8252,2001-05-04,0.4
8251,2001-05-03,0.4
8250,2001-05-02,0.4
8247,2001-06-29,0.3
8246,2001-06-28,0.3
8245,2001-06-27,0.3
8244,2001-06-26,0.3
8243,2001-06-25,0.3
8240,2001-06-22,0.3
8239,2001-06-21,0.3
8238,2001-06-20,0.3
8237,2001-06-19,0.3
8236,2001-06-18,0.3
8233,2001-06-15,0.3
8232,2001-06-14,0.3
8231,2001-06-13,0.3
8230,2001-06-12,0.3
8229,2001-06-11,0.3
8226,2001-06-08,0.3
8225,2001-06-07,0.3
8224,2001-06-06,0.3
8223,2001-06-05,0.3
8222,2001-06-04,0.3
8219,2001-06-01,0.3
8218,2001-07-31,0.2
8217,2001-07-30,0.2
8214,2001-07-27,0.2
8213,2001-07-26,0.2
8212,2001-07-25,0.2
8211,2001-07-24,0.2
8210,2001-07-23,0.2
8207,2001-07-20,0.2
8206,2001-07-19,0.2
8205,2001-07-18,0.2
8204,2001-07-17,0.2
8203,2001-07-16,0.2
8200,2001-07-13,0.2
8199,2001-07-12,0.2
8198,2001-07-11,0.2
8197,2001-07-10,0.2
8196,2001-07-09,0.2
8193,2001-07-06,0.2
8192,2001-07-05,0.2
8191,2001-07-04,0.2
8190,2001-07-03,0.2
8189,2001-07-02,0.2
8187,2001-08-31,0.2
8186,2001-08-30,0.2
8185,2001-08-29,0.2
8184,2001-08-28,0.2
8183,2001-08-27,0.2
8180,2001-08-24,0.2
8179,2001-08-23,0.2
8178,2001-08-22,0.2
8177,2001-08-21,0.2
8176,2001-08-20,0.2
8173,2001-08-17,0.2
8172,2001-08-16,0.2
8170,2001-08-14,0.2
8169,2001-08-13,0.2
8166,2001-08-10,0.2
8165,2001-08-09,0.2
8164,2001-08-08,0.2
8163,2001-08-07,0.2
8162,2001-08-06,0.2
8159,2001-08-03,0.2
8158,2001-08-02,0.2
8157,2001-08-01,0.2
8154,2001-09-28,0.0
8153,2001-09-27,0.0
8152,2001-09-26,0.0
8151,2001-09-25,0.0
8150,2001-09-24,0.0
8147,2001-09-21,0.0
8146,2001-09-20,0.0
8145,2001-09-19,0.0
8144,2001-09-18,0.0
8143,2001-09-17,0.0
8140,2001-09-14,0.0
8139,2001-09-13,0.0
8138,2001-09-12,0.0
8136,2001-09-10,0.0
8133,2001-09-07,0.0
8132,2001-09-06,0.0
8131,2001-09-05,0.0
8130,2001-09-04,0.0
8129,2001-09-03,0.0
8126,2001-10-31,-0.1
8125,2001-10-30,-0.1
8124,2001-10-29,-0.1
8121,2001-10-26,-0.1
8120,2001-10-25,-0.1
8119,2001-10-24,-0.1
8118,2001-10-23,-0.1
8117,2001-10-22,-0.1
8114,2001-10-19,-0.1
8113,2001-10-18,-0.1
8112,2001-10-17,-0.1
8111,2001-10-16,-0.1
8110,2001-10-15,-0.1
8106,2001-10-11,-0.1
8105,2001-10-10,-0.1
8104,2001-10-09,-0.1
8103,2001-10-08,-0.1
8100,2001-10-05,-0.1
8099,2001-10-04,-0.1
8098,2001-10-03,-0.1
8097,2001-10-02,-0.1
8096,2001-10-01,-0.1
8095,2001-11-30,-0.1
8094,2001-11-29,-0.1
8093,2001-11-28,-0.1
8092,2001-11-27,-0.1
8091,2001-11-26,-0.1
8088,2001-11-23,-0.1
8087,2001-11-22,-0.1
8086,2001-11-21,-0.1
8085,2001-11-20,-0.1
8084,2001-11-19,-0.1
8081,2001-11-16,-0.1
8080,2001-11-15,-0.1
8079,2001-11-14,-0.1
8078,2001-11-13,-0.1
8077,2001-11-12,-0.1
8074,2001-11-09,-0.1
8073,2001-11-08,-0.1
8072,2001-11-07,-0.1
8071,2001-11-06,-0.1
8070,2001-11-05,-0.1
8067,2001-11-02,-0.1
8066,2001-11-01,-0.1
8062,2001-12-28,0.4
8061,2001-12-27,0.4
8055,2001-12-21,0.4
8054,2001-12-20,0.4
8053,2001-12-19,0.4
8052,2001-12-18,0.4
8051,2001-12-17,0.4
8048,2001-12-14,0.4
8047,2001-12-13,0.4
8046,2001-12-12,0.4
8045,2001-12-11,0.4
8044,2001-12-10,0.4
8041,2001-12-07,0.4
8039,2001-12-05,0.4
8038,2001-12-04,0.4
8037,2001-12-03,0.4
8034,2002-01-31,-0.1
8033,2002-01-30,-0.1
8032,2002-01-29,-0.1
8031,2002-01-28,-0.1
8028,2002-01-25,-0.1
8027,2002-01-24,-0.1
8026,2002-01-23,-0.1
8025,2002-01-22,-0.1
8024,2002-01-21,-0.1
8021,2002-01-18,-0.1
8020,2002-01-17,-0.1
8019,2002-01-16,-0.1
8018,2002-01-15,-0.1
8017,2002-01-14,-0.1
8014,2002-01-11,-0.1
8013,2002-01-10,-0.1
8012,2002-01-09,-0.1
8011,2002-01-08,-0.1
8010,2002-01-07,-0.1
8007,2002-01-04,-0.1
8006,2002-01-03,-0.1
8005,2002-01-02,-0.1
8003,2002-02-28,0.1
8002,2002-02-27,0.1
8001,2002-02-26,0.1
8000,2002-02-25,0.1
7997,2002-02-22,0.1
7996,2002-02-21,0.1
7995,2002-02-20,0.1
7994,2002-02-19,0.1
7993,2002-02-18,0.1
7990,2002-02-15,0.1
7989,2002-02-14,0.1
7988,2002-02-13,0.1
7987,2002-02-12,0.1
7986,2002-02-11,0.1
7983,2002-02-08,0.1
7982,2002-02-07,0.1
7981,2002-02-06,0.1
7980,2002-02-05,0.1
7979,2002-02-04,0.1
7976,2002-02-01,0.1
7972,2002-03-28,0.8
7971,2002-03-27,0.8
7970,2002-03-26,0.8
7969,2002-03-25,0.8
7966,2002-03-22,0.8
7965,2002-03-21,0.8
7964,2002-03-20,0.8
7963,2002-03-19,0.8
7962,2002-03-18,0.8
7959,2002-03-15,0.8
7958,2002-03-14,0.8
7957,2002-03-13,0.8
7956,2002-03-12,0.8
7955,2002-03-11,0.8
7952,2002-03-08,0.8
7951,2002-03-07,0.8
7950,2002-03-06,0.8
7949,2002-03-05,0.8
7948,2002-03-04,0.8
7945,2002-03-01,0.8
7944,2002-04-30,1.4
7943,2002-04-29,1.4
7940,2002-04-26,1.4
7939,2002-04-25,1.4
7938,2002-04-24,1.4
7937,2002-04-23,1.4
7936,2002-04-22,1.4
7933,2002-04-19,1.4
7932,2002-04-18,1.4
7931,2002-04-17,1.4
7930,2002-04-16,1.4
7929,2002-04-15,1.4
7926,2002-04-12,1.4
7925,2002-04-11,1.4
7924,2002-04-10,1.4
7923,2002-04-09,1.4
7922,2002-04-08,1.4
7919,2002-04-05,1.4
7918,2002-04-04,1.4
7917,2002-04-03,1.4
7916,2002-04-02,1.4
7914,2002-05-31,0.4
7913,2002-05-30,0.4
7912,2002-05-29,0.4
7911,2002-05-28,0.4
7910,2002-05-27,0.4
7907,2002-05-24,0.4
7906,2002-05-23,0.4
7905,2002-05-22,0.4
7904,2002-05-21,0.4
7903,2002-05-20,0.4
7900,2002-05-17,0.4
7899,2002-05-16,0.4
7898,2002-05-15,0.4
7897,2002-05-14,0.4
7896,2002-05-13,0.4
7893,2002-05-10,0.4
7892,2002-05-09,0.4
7891,2002-05-08,0.4
7890,2002-05-07,0.4
7889,2002-05-06,0.4
7886,2002-05-03,0.4
7885,2002-05-02,0.4
7881,2002-06-28,0.0
7880,2002-06-27,0.0
7879,2002-06-26,0.0
7878,2002-06-25,0.0
7877,2002-06-24,0.0
7874,2002-06-21,0.0
7873,2002-06-20,0.0
7872,2002-06-19,0.0
7871,2002-06-18,0.0
7870,2002-06-17,0.0
7867,2002-06-14,0.0
7866,2002-06-13,0.0
7865,2002-06-12,0.0
7864,2002-06-11,0.0
7863,2002-06-10,0.0
7860,2002-06-07,0.0
7859,2002-06-06,0.0
7858,2002-06-05,0.0
7857,2002-06-04,0.0
7856,2002-06-03,0.0
7853,2002-07-31,-0.7
7852,2002-07-30,-0.7
7851,2002-07-29,-0.7
7848,2002-07-26,-0.7
7847,2002-07-25,-0.7
7846,2002-07-24,-0.7
7845,2002-07-23,-0.7
7844,2002-07-22,-0.7
7841,2002-07-19,-0.7
7840,2002-07-18,-0.7
7839,2002-07-17,-0.7
7838,2002-07-16,-0.7
7837,2002-07-15,-0.7
7834,2002-07-12,-0.7
7833,2002-07-11,-0.7
7832,2002-07-10,-0.7
7831,2002-07-09,-0.7
7830,2002-07-08,-0.7
7827,2002-07-05,-0.7
7826,2002-07-04,-0.7
7825,2002-07-03,-0.7
7824,2002-07-02,-0.7
7823,2002-07-01,-0.7
7821,2002-08-30,0.3
7820,2002-08-29,0.3
7819,2002-08-28,0.3
7818,2002-08-27,0.3
7817,2002-08-26,0.3
7814,2002-08-23,0.3
7813,2002-08-22,0.3
7812,2002-08-21,0.3
7811,2002-08-20,0.3
7810,2002-08-19,0.3
7807,2002-08-16,0.3
7805,2002-08-14,0.3
7804,2002-08-13,0.3
7803,2002-08-12,0.3
7800,2002-08-09,0.3
7799,2002-08-08,0.3
7798,2002-08-07,0.3
7797,2002-08-06,0.3
7796,2002-08-05,0.3
7793,2002-08-02,0.3
7792,2002-08-01,0.3
7791,2002-09-30,0.4
7788,2002-09-27,0.4
7787,2002-09-26,0.4
7786,2002-09-25,0.4
7785,2002-09-24,0.4
7784,2002-09-23,0.4
7781,2002-09-20,0.4
7780,2002-09-19,0.4
7779,2002-09-18,0.4
7778,2002-09-17,0.4
7777,2002-09-16,0.4
7774,2002-09-13,0.4
7773,2002-09-12,0.4
7772,2002-09-11,0.4
7771,2002-09-10,0.4
7770,2002-09-09,0.4
7767,2002-09-06,0.4
7766,2002-09-05,0.4
7765,2002-09-04,0.4
7764,2002-09-03,0.4
7763,2002-09-02,0.4
7761,2002-10-31,1.0
7760,2002-10-30,1.0
7759,2002-10-29,1.0
7758,2002-10-28,1.0
7755,2002-10-25,1.0
7754,2002-10-24,1.0
7753,2002-10-23,1.0
7752,2002-10-22,1.0
7751,2002-10-21,1.0
7748,2002-10-18,1.0
7747,2002-10-17,1.0
7746,2002-10-16,1.0
7745,2002-10-15,1.0
7744,2002-10-14,1.0
7741,2002-10-11,1.0
7740,2002-10-10,1.0
7739,2002-10-09,1.0
7738,2002-10-08,1.0
7737,2002-10-07,1.0
7734,2002-10-04,1.0
7733,2002-10-03,1.0
7732,2002-10-02,1.0
7731,2002-10-01,1.0
7729,2002-11-29,0.2
7728,2002-11-28,0.2
7727,2002-11-27,0.2
7726,2002-11-26,0.2
7725,2002-11-25,0.2
7722,2002-11-22,0.2
7721,2002-11-21,0.2
7720,2002-11-20,0.2
7719,2002-11-19,0.2
7718,2002-11-18,0.2
7715,2002-11-15,0.2
7714,2002-11-14,0.2
7713,2002-11-13,0.2
7712,2002-11-12,0.2
7711,2002-11-11,0.2
7708,2002-11-08,0.2
7707,2002-11-07,0.2
7706,2002-11-06,0.2
7705,2002-11-05,0.2
7704,2002-11-04,0.2
7699,2002-12-30,0.3
7696,2002-12-27,0.3
7692,2002-12-23,0.3
7689,2002-12-20,0.3
7688,2002-12-19,0.3
7687,2002-12-18,0.3
7686,2002-12-17,0.3
7685,2002-12-16,0.3
7682,2002-12-13,0.3
7681,2002-12-12,0.3
7680,2002-12-11,0.3
7679,2002-12-10,0.3
7678,2002-12-09,0.3
7674,2002-12-05,0.3
7673,2002-12-04,0.3
7672,2002-12-03,0.3
7671,2002-12-02,0.3
7669,2003-01-31,-0.4
7668,2003-01-30,-0.4
7667,2003-01-29,-0.4
7666,2003-01-28,-0.4
7665,2003-01-27,-0.4
7662,2003-01-24,-0.4
7661,2003-01-23,-0.4
7660,2003-01-22,-0.4
7659,2003-01-21,-0.4
7658,2003-01-20,-0.4
7655,2003-01-17,-0.4
7654,2003-01-16,-0.4
7653,2003-01-15,-0.4
7652,2003-01-14,-0.4
7651,2003-01-13,-0.4
7648,2003-01-10,-0.4
7647,2003-01-09,-0.4
7646,2003-01-08,-0.4
7645,2003-01-07,-0.4
7641,2003-01-03,-0.4
7640,2003-01-02,-0.4
7638,2003-02-28,0.2
7637,2003-02-27,0.2
7636,2003-02-26,0.2
7635,2003-02-25,0.2
7634,2003-02-24,0.2
7631,2003-02-21,0.2
7630,2003-02-20,0.2
7629,2003-02-19,0.2
7628,2003-02-18,0.2
7627,2003-02-17,0.2
7624,2003-02-14,0.2
7623,2003-02-13,0.2
7622,2003-02-12,0.2
7621,2003-02-11,0.2
7620,2003-02-10,0.2
7617,2003-02-07,0.2
7616,2003-02-06,0.2
7615,2003-02-05,0.2
7614,2003-02-04,0.2
7613,2003-02-03,0.2
7610,2003-03-31,0.7
7607,2003-03-28,0.7
7606,2003-03-27,0.7
7605,2003-03-26,0.7
7604,2003-03-25,0.7
7603,2003-03-24,0.7
7600,2003-03-21,0.7
7599,2003-03-20,0.7
7598,2003-03-19,0.7
7597,2003-03-18,0.7
7596,2003-03-17,0.7
7593,2003-03-14,0.7
7592,2003-03-13,0.7
7591,2003-03-12,0.7
7590,2003-03-11,0.7
7589,2003-03-10,0.7
7586,2003-03-07,0.7
7585,2003-03-06,0.7
7584,2003-03-05,0.7
7583,2003-03-04,0.7
7582,2003-03-03,0.7
7579,2003-04-30,0.8
7578,2003-04-29,0.8
7577,2003-04-28,0.8
7574,2003-04-25,0.8
7573,2003-04-24,0.8
7572,2003-04-23,0.8
7571,2003-04-22,0.8
7566,2003-04-17,0.8
7565,2003-04-16,0.8
7564,2003-04-15,0.8
7563,2003-04-14,0.8
7560,2003-04-11,0.8
7559,2003-04-10,0.8
7558,2003-04-09,0.8
7557,2003-04-08,0.8
7556,2003-04-07,0.8
7553,2003-04-04,0.8
7552,2003-04-03,0.8
7551,2003-04-02,0.8
7550,2003-04-01,0.8
7548,2003-05-30,-0.1
7547,2003-05-29,-0.1
7546,2003-05-28,-0.1
7545,2003-05-27,-0.1
7544,2003-05-26,-0.1
7541,2003-05-23,-0.1
7540,2003-05-22,-0.1
7539,2003-05-21,-0.1
7538,2003-05-20,-0.1
7537,2003-05-19,-0.1
7534,2003-05-16,-0.1
7533,2003-05-15,-0.1
7532,2003-05-14,-0.1
7531,2003-05-13,-0.1
7530,2003-05-12,-0.1
7527,2003-05-09,-0.1
7526,2003-05-08,-0.1
7525,2003-05-07,-0.1
7524,2003-05-06,-0.1
7523,2003-05-05,-0.1
7520,2003-05-02,-0.1
7518,2003-06-30,0.1
7515,2003-06-27,0.1
7514,2003-06-26,0.1
7513,2003-06-25,0.1
7512,2003-06-24,0.1
7511,2003-06-23,0.1
7508,2003-06-20,0.1
7507,2003-06-19,0.1
7506,2003-06-18,0.1
7505,2003-06-17,0.1
7504,2003-06-16,0.1
7501,2003-06-13,0.1
7500,2003-06-12,0.1
7499,2003-06-11,0.1
7498,2003-06-10,0.1
7497,2003-06-09,0.1
7494,2003-06-06,0.1
7493,2003-06-05,0.1
7492,2003-06-04,0.1
7491,2003-06-03,0.1
7490,2003-06-02,0.1
7488,2003-07-31,-0.6
7487,2003-07-30,-0.6
7486,2003-07-29,-0.6
7485,2003-07-28,-0.6
7482,2003-07-25,-0.6
7481,2003-07-24,-0.6
7480,2003-07-23,-0.6
7479,2003-07-22,-0.6
7478,2003-07-21,-0.6
7475,2003-07-18,-0.6
7474,2003-07-17,-0.6
7473,2003-07-16,-0.6
7472,2003-07-15,-0.6
7471,2003-07-14,-0.6
7468,2003-07-11,-0.6
7467,2003-07-10,-0.6
7466,2003-07-09,-0.6
7465,2003-07-08,-0.6
7464,2003-07-07,-0.6
7461,2003-07-04,-0.6
7460,2003-07-03,-0.6
7459,2003-07-02,-0.6
7458,2003-07-01,-0.6
7455,2003-08-29,0.5
7454,2003-08-28,0.5
7453,2003-08-27,0.5
7452,2003-08-26,0.5
7451,2003-08-25,0.5
7448,2003-08-22,0.5
7447,2003-08-21,0.5
7446,2003-08-20,0.5
7445,2003-08-19,0.5
7444,2003-08-18,0.5
7440,2003-08-14,0.5
7439,2003-08-13,0.5
7438,2003-08-12,0.5
7437,2003-08-11,0.5
7434,2003-08-08,0.5
7433,2003-08-07,0.5
7432,2003-08-06,0.5
7431,2003-08-05,0.5
7430,2003-08-04,0.5
7427,2003-08-01,0.5
7426,2003-09-30,0.3
7425,2003-09-29,0.3
7422,2003-09-26,0.3
7421,2003-09-25,0.3
7420,2003-09-24,0.3
7419,2003-09-23,0.3
7418,2003-09-22,0.3
7415,2003-09-19,0.3
7414,2003-09-18,0.3
7413,2003-09-17,0.3
7412,2003-09-16,0.3
7411,2003-09-15,0.3
7408,2003-09-12,0.3
7407,2003-09-11,0.3
7406,2003-09-10,0.3
7405,2003-09-09,0.3
7404,2003-09-08,0.3
7401,2003-09-05,0.3
7400,2003-09-04,0.3
7399,2003-09-03,0.3
7398,2003-09-02,0.3
7397,2003-09-01,0.3
7396,2003-10-31,0.7
7395,2003-10-30,0.7
7394,2003-10-29,0.7
7393,2003-10-28,0.7
7392,2003-10-27,0.7
7389,2003-10-24,0.7
7388,2003-10-23,0.7
7387,2003-10-22,0.7
7386,2003-10-21,0.7
7385,2003-10-20,0.7
7382,2003-10-17,0.7
7381,2003-10-16,0.7
7380,2003-10-15,0.7
7379,2003-10-14,0.7
7378,2003-10-13,0.7
7375,2003-10-10,0.7
7374,2003-10-09,0.7
7373,2003-10-08,0.7
7372,2003-10-07,0.7
7371,2003-10-06,0.7
7368,2003-10-03,0.7
7367,2003-10-02,0.7
7366,2003-10-01,0.7
7363,2003-11-28,0.3
7362,2003-11-27,0.3
7361,2003-11-26,0.3
7360,2003-11-25,0.3
7359,2003-11-24,0.3
7356,2003-11-21,0.3
7355,2003-11-20,0.3
7354,2003-11-19,0.3
7353,2003-11-18,0.3
7352,2003-11-17,0.3
7349,2003-11-14,0.3
7348,2003-11-13,0.3
7347,2003-11-12,0.3
7346,2003-11-11,0.3
7345,2003-11-10,0.3
7342,2003-11-07,0.3
7341,2003-11-06,0.3
7340,2003-11-05,0.3
7339,2003-11-04,0.3
7338,2003-11-03,0.3
7334,2003-12-30,0.2
7333,2003-12-29,0.2
7327,2003-12-23,0.2
7326,2003-12-22,0.2
7323,2003-12-19,0.2
7322,2003-12-18,0.2
7321,2003-12-17,0.2
7320,2003-12-16,0.2
7319,2003-12-15,0.2
7316,2003-12-12,0.2
7315,2003-12-11,0.2
7314,2003-12-10,0.2
7313,2003-12-09,0.2
7309,2003-12-05,0.2
7308,2003-12-04,0.2
7307,2003-12-03,0.2
7306,2003-12-02,0.2
7305,2003-12-01,0.2
7303,2004-01-30,-0.7
7302,2004-01-29,-0.7
7301,2004-01-28,-0.7
7300,2004-01-27,-0.7
7299,2004-01-26,-0.7
7296,2004-01-23,-0.7
7295,2004-01-22,-0.7
7294,2004-01-21,-0.7
7293,2004-01-20,-0.7
7292,2004-01-19,-0.7
7289,2004-01-16,-0.7
7288,2004-01-15,-0.7
7287,2004-01-14,-0.7
7286,2004-01-13,-0.7
7285,2004-01-12,-0.7
7282,2004-01-09,-0.7
7281,2004-01-08,-0.7
7280,2004-01-07,-0.7
7278,2004-01-05,-0.7
7275,2004-01-02,-0.7
7271,2004-02-27,0.0
7270,2004-02-26,0.0
7269,2004-02-25,0.0
7268,2004-02-24,0.0
7267,2004-02-23,0.0
7264,2004-02-20,0.0
7263,2004-02-19,0.0
7262,2004-02-18,0.0
7261,2004-02-17,0.0
7260,2004-02-16,0.0
7257,2004-02-13,0.0
7256,2004-02-12,0.0
7255,2004-02-11,0.0
7254,2004-02-10,0.0
7253,2004-02-09,0.0
7250,2004-02-06,0.0
7249,2004-02-05,0.0
7248,2004-02-04,0.0
7247,2004-02-03,0.0
7246,2004-02-02,0.0
7244,2004-03-31,0.7
7243,2004-03-30,0.7
7242,2004-03-29,0.7
7239,2004-03-26,0.7
7238,2004-03-25,0.7
7237,2004-03-24,0.7
7236,2004-03-23,0.7
7235,2004-03-22,0.7
7232,2004-03-19,0.7
7231,2004-03-18,0.7
7230,2004-03-17,0.7
7229,2004-03-16,0.7
7228,2004-03-15,0.7
7225,2004-03-12,0.7
7224,2004-03-11,0.7
7223,2004-03-10,0.7
7222,2004-03-09,0.7
7221,2004-03-08,0.7
7218,2004-03-05,0.7
7217,2004-03-04,0.7
7216,2004-03-03,0.7
7215,2004-03-02,0.7
7214,2004-03-01,0.7
7213,2004-04-30,1.4
7212,2004-04-29,1.4
7211,2004-04-28,1.4
7210,2004-04-27,1.4
7209,2004-04-26,1.4
7206,2004-04-23,1.4
7205,2004-04-22,1.4
7204,2004-04-21,1.4
7203,2004-04-20,1.4
7202,2004-04-19,1.4
7199,2004-04-16,1.4
7198,2004-04-15,1.4
7197,2004-04-14,1.4
7196,2004-04-13,1.4
7191,2004-04-08,1.4
7190,2004-04-07,1.4
7189,2004-04-06,1.4
7188,2004-04-05,1.4
7185,2004-04-02,1.4
7184,2004-04-01,1.4
7183,2004-05-31,0.6
7180,2004-05-28,0.6
7179,2004-05-27,0.6
7178,2004-05-26,0.6
7177,2004-05-25,0.6
7176,2004-05-24,0.6
7173,2004-05-21,0.6
7172,2004-05-20,0.6
7171,2004-05-19,0.6
7170,2004-05-18,0.6
7169,2004-05-17,0.6
7166,2004-05-14,0.6
7165,2004-05-13,0.6
7164,2004-05-12,0.6
7163,2004-05-11,0.6
7162,2004-05-10,0.6
7159,2004-05-07,0.6
7158,2004-05-06,0.6
7157,2004-05-05,0.6
7156,2004-05-04,0.6
7155,2004-05-03,0.6
7152,2004-06-30,0.2
7151,2004-06-29,0.2
7150,2004-06-28,0.2
7147,2004-06-25,0.2
7146,2004-06-24,0.2
7145,2004-06-23,0.2
7144,2004-06-22,0.2
7143,2004-06-21,0.2
7140,2004-06-18,0.2
7139,2004-06-17,0.2
7138,2004-06-16,0.2
7137,2004-06-15,0.2
7136,2004-06-14,0.2
7133,2004-06-11,0.2
7132,2004-06-10,0.2
7131,2004-06-09,0.2
7130,2004-06-08,0.2
7129,2004-06-07,0.2
7126,2004-06-04,0.2
7125,2004-06-03,0.2
7124,2004-06-02,0.2
7123,2004-06-01,0.2
7121,2004-07-30,-0.8
7120,2004-07-29,-0.8
7119,2004-07-28,-0.8
7118,2004-07-27,-0.8
7117,2004-07-26,-0.8
7114,2004-07-23,-0.8
7113,2004-07-22,-0.8
7112,2004-07-21,-0.8
7111,2004-07-20,-0.8
7110,2004-07-19,-0.8
7107,2004-07-16,-0.8
7106,2004-07-15,-0.8
7105,2004-07-14,-0.8
7104,2004-07-13,-0.8
7103,2004-07-12,-0.8
7100,2004-07-09,-0.8
7099,2004-07-08,-0.8
7098,2004-07-07,-0.8
7097,2004-07-06,-0.8
7096,2004-07-05,-0.8
7093,2004-07-02,-0.8
7092,2004-07-01,-0.8
7091,2004-08-31,0.4
7090,2004-08-30,0.4
7087,2004-08-27,0.4
7086,2004-08-26,0.4
7085,2004-08-25,0.4
7084,2004-08-24,0.4
7083,2004-08-23,0.4
7080,2004-08-20,0.4
7079,2004-08-19,0.4
7078,2004-08-18,0.4
7077,2004-08-17,0.4
7073,2004-08-13,0.4
7072,2004-08-12,0.4
7071,2004-08-11,0.4
7070,2004-08-10,0.4
7069,2004-08-09,0.4
7066,2004-08-06,0.4
7065,2004-08-05,0.4
7064,2004-08-04,0.4
7063,2004-08-03,0.4
7062,2004-08-02,0.4
7060,2004-09-30,0.2
7059,2004-09-29,0.2
7058,2004-09-28,0.2
7057,2004-09-27,0.2
7054,2004-09-24,0.2
7053,2004-09-23,0.2
7052,2004-09-22,0.2
7051,2004-09-21,0.2
7050,2004-09-20,0.2
7047,2004-09-17,0.2
7046,2004-09-16,0.2
7045,2004-09-15,0.2
7044,2004-09-14,0.2
7043,2004-09-13,0.2
7040,2004-09-10,0.2
7039,2004-09-09,0.2
7038,2004-09-08,0.2
7037,2004-09-07,0.2
7036,2004-09-06,0.2
7033,2004-09-03,0.2
7032,2004-09-02,0.2
7031,2004-09-01,0.2
7028,2004-10-29,1.0
7027,2004-10-28,1.0
7026,2004-10-27,1.0
7025,2004-10-26,1.0
7024,2004-10-25,1.0
7021,2004-10-22,1.0
7020,2004-10-21,1.0
7019,2004-10-20,1.0
7018,2004-10-19,1.0
7017,2004-10-18,1.0
7014,2004-10-15,1.0
7013,2004-10-14,1.0
7012,2004-10-13,1.0
7010,2004-10-11,1.0
7007,2004-10-08,1.0
7006,2004-10-07,1.0
7005,2004-10-06,1.0
7004,2004-10-05,1.0
7003,2004-10-04,1.0
7000,2004-10-01,1.0
6999,2004-11-30,0.2
6998,2004-11-29,0.2
6995,2004-11-26,0.2
6994,2004-11-25,0.2
6993,2004-11-24,0.2
6992,2004-11-23,0.2
6991,2004-11-22,0.2
6988,2004-11-19,0.2
6987,2004-11-18,0.2
6986,2004-11-17,0.2
6985,2004-11-16,0.2
6984,2004-11-15,0.2
6981,2004-11-12,0.2
6980,2004-11-11,0.2
6979,2004-11-10,0.2
6978,2004-11-09,0.2
6977,2004-11-08,0.2
6974,2004-11-05,0.2
6973,2004-11-04,0.2
6972,2004-11-03,0.2
6971,2004-11-02,0.2
6968,2004-12-30,-0.1
6967,2004-12-29,-0.1
6966,2004-12-28,-0.1
6965,2004-12-27,-0.1
6961,2004-12-23,-0.1
6960,2004-12-22,-0.1
6959,2004-12-21,-0.1
6958,2004-12-20,-0.1
6955,2004-12-17,-0.1
6954,2004-12-16,-0.1
6953,2004-12-15,-0.1
6952,2004-12-14,-0.1
6951,2004-12-13,-0.1
6948,2004-12-10,-0.1
6947,2004-12-09,-0.1
6945,2004-12-07,-0.1
6941,2004-12-03,-0.1
6940,2004-12-02,-0.1
6939,2004-12-01,-0.1
6938,2005-01-31,-0.8
6935,2005-01-28,-0.8
6934,2005-01-27,-0.8
6933,2005-01-26,-0.8
6932,2005-01-25,-0.8
6931,2005-01-24,-0.8
6928,2005-01-21,-0.8
6927,2005-01-20,-0.8
6926,2005-01-19,-0.8
6925,2005-01-18,-0.8
6924,2005-01-17,-0.8
6921,2005-01-14,-0.8
6920,2005-01-13,-0.8
6919,2005-01-12,-0.8
6918,2005-01-11,-0.8
6917,2005-01-10,-0.8
6914,2005-01-07,-0.8
6912,2005-01-05,-0.8
6911,2005-01-04,-0.8
6910,2005-01-03,-0.8
6907,2005-02-28,0.3
6904,2005-02-25,0.3
6903,2005-02-24,0.3
6902,2005-02-23,0.3
6901,2005-02-22,0.3
6900,2005-02-21,0.3
6897,2005-02-18,0.3
6896,2005-02-17,0.3
6895,2005-02-16,0.3
6894,2005-02-15,0.3
6893,2005-02-14,0.3
6890,2005-02-11,0.3
6889,2005-02-10,0.3
6888,2005-02-09,0.3
6887,2005-02-08,0.3
6886,2005-02-07,0.3
6883,2005-02-04,0.3
6882,2005-02-03,0.3
6881,2005-02-02,0.3
6880,2005-02-01,0.3
6879,2005-03-31,0.8
6878,2005-03-30,0.8
6877,2005-03-29,0.8
6872,2005-03-24,0.8
6871,2005-03-23,0.8
6870,2005-03-22,0.8
6869,2005-03-21,0.8
6866,2005-03-18,0.8
6865,2005-03-17,0.8
6864,2005-03-16,0.8
6863,2005-03-15,0.8
6862,2005-03-14,0.8
6859,2005-03-11,0.8
6858,2005-03-10,0.8
6857,2005-03-09,0.8
6856,2005-03-08,0.8
6855,2005-03-07,0.8
6852,2005-03-04,0.8
6851,2005-03-03,0.8
6850,2005-03-02,0.8
6849,2005-03-01,0.8
6847,2005-04-29,1.4
6846,2005-04-28,1.4
6845,2005-04-27,1.4
6844,2005-04-26,1.4
6843,2005-04-25,1.4
6840,2005-04-22,1.4
6839,2005-04-21,1.4
6838,2005-04-20,1.4
6837,2005-04-19,1.4
6836,2005-04-18,1.4
6833,2005-04-15,1.4
6832,2005-04-14,1.4
6831,2005-04-13,1.4
6830,2005-04-12,1.4
6829,2005-04-11,1.4
6826,2005-04-08,1.4
6825,2005-04-07,1.4
6824,2005-04-06,1.4
6823,2005-04-05,1.4
6822,2005-04-04,1.4
6819,2005-04-01,1.4
6818,2005-05-31,0.2
6817,2005-05-30,0.2
6814,2005-05-27,0.2
6813,2005-05-26,0.2
6812,2005-05-25,0.2
6811,2005-05-24,0.2
6810,2005-05-23,0.2
6807,2005-05-20,0.2
6806,2005-05-19,0.2
6805,2005-05-18,0.2
6804,2005-05-17,0.2
6803,2005-05-16,0.2
6800,2005-05-13,0.2
6799,2005-05-12,0.2
6798,2005-05-11,0.2
6797,2005-05-10,0.2
6796,2005-05-09,0.2
6793,2005-05-06,0.2
6792,2005-05-05,0.2
6791,2005-05-04,0.2
6790,2005-05-03,0.2
6789,2005-05-02,0.2
6787,2005-06-30,0.2
6786,2005-06-29,0.2
6785,2005-06-28,0.2
6784,2005-06-27,0.2
6781,2005-06-24,0.2
6780,2005-06-23,0.2
6779,2005-06-22,0.2
6778,2005-06-21,0.2
6777,2005-06-20,0.2
6774,2005-06-17,0.2
6773,2005-06-16,0.2
6772,2005-06-15,0.2
6771,2005-06-14,0.2
6770,2005-06-13,0.2
6767,2005-06-10,0.2
6766,2005-06-09,0.2
6765,2005-06-08,0.2
6764,2005-06-07,0.2
6763,2005-06-06,0.2
6760,2005-06-03,0.2
6759,2005-06-02,0.2
6758,2005-06-01,0.2
6755,2005-07-29,-0.6
6754,2005-07-28,-0.6
6753,2005-07-27,-0.6
6752,2005-07-26,-0.6
6751,2005-07-25,-0.6
6748,2005-07-22,-0.6
6747,2005-07-21,-0.6
6746,2005-07-20,-0.6
6745,2005-07-19,-0.6
6744,2005-07-18,-0.6
6741,2005-07-15,-0.6
6740,2005-07-14,-0.6
6739,2005-07-13,-0.6
6738,2005-07-12,-0.6
6737,2005-07-11,-0.6
6734,2005-07-08,-0.6
6733,2005-07-07,-0.6
6732,2005-07-06,-0.6
6731,2005-07-05,-0.6
6730,2005-07-04,-0.6
6727,2005-07-01,-0.6
6726,2005-08-31,0.4
6725,2005-08-30,0.4
6724,2005-08-29,0.4
6721,2005-08-26,0.4
6720,2005-08-25,0.4
6719,2005-08-24,0.4
6718,2005-08-23,0.4
6717,2005-08-22,0.4
6714,2005-08-19,0.4
6713,2005-08-18,0.4
6712,2005-08-17,0.4
6711,2005-08-16,0.4
6710,2005-08-15,0.4
6707,2005-08-12,0.4
6706,2005-08-11,0.4
6705,2005-08-10,0.4
6704,2005-08-09,0.4
6703,2005-08-08,0.4
6700,2005-08-05,0.4
6699,2005-08-04,0.4
6698,2005-08-03,0.4
6697,2005-08-02,0.4
6696,2005-08-01,0.4
6695,2005-09-30,0.6
6694,2005-09-29,0.6
6693,2005-09-28,0.6
6692,2005-09-27,0.6
6691,2005-09-26,0.6
6688,2005-09-23,0.6
6687,2005-09-22,0.6
6686,2005-09-21,0.6
6685,2005-09-20,0.6
6684,2005-09-19,0.6
6681,2005-09-16,0.6
6680,2005-09-15,0.6
6679,2005-09-14,0.6
6678,2005-09-13,0.6
6677,2005-09-12,0.6
6674,2005-09-09,0.6
6673,2005-09-08,0.6
6672,2005-09-07,0.6
6671,2005-09-06,0.6
6670,2005-09-05,0.6
6667,2005-09-02,0.6
6666,2005-09-01,0.6
6665,2005-10-31,0.8
6662,2005-10-28,0.8
6661,2005-10-27,0.8
6660,2005-10-26,0.8
6659,2005-10-25,0.8
6658,2005-10-24,0.8
6655,2005-10-21,0.8
6654,2005-10-20,0.8
6653,2005-10-19,0.8
6652,2005-10-18,0.8
6651,2005-10-17,0.8
6648,2005-10-14,0.8
6647,2005-10-13,0.8
6646,2005-10-12,0.8
6645,2005-10-11,0.8
6644,2005-10-10,0.8
6641,2005-10-07,0.8
6640,2005-10-06,0.8
6639,2005-10-05,0.8
6638,2005-10-04,0.8
6637,2005-10-03,0.8
6634,2005-11-30,0.2
6633,2005-11-29,0.2
6632,2005-11-28,0.2
6629,2005-11-25,0.2
6628,2005-11-24,0.2
6627,2005-11-23,0.2
6626,2005-11-22,0.2
6625,2005-11-21,0.2
6622,2005-11-18,0.2
6621,2005-11-17,0.2
6620,2005-11-16,0.2
6619,2005-11-15,0.2
6618,2005-11-14,0.2
6615,2005-11-11,0.2
6614,2005-11-10,0.2
6613,2005-11-09,0.2
6612,2005-11-08,0.2
6611,2005-11-07,0.2
6608,2005-11-04,0.2
6607,2005-11-03,0.2
6606,2005-11-02,0.2
6605,2005-11-01,0.2
6603,2005-12-30,0.2
6602,2005-12-29,0.2
6601,2005-12-28,0.2
6600,2005-12-27,0.2
6596,2005-12-23,0.2
6595,2005-12-22,0.2
6594,2005-12-21,0.2
6593,2005-12-20,0.2
6592,2005-12-19,0.2
6589,2005-12-16,0.2
6588,2005-12-15,0.2
6587,2005-12-14,0.2
6586,2005-12-13,0.2
6585,2005-12-12,0.2
6582,2005-12-09,0.2
6581,2005-12-08,0.2
6580,2005-12-07,0.2
6579,2005-12-06,0.2
6578,2005-12-05,0.2
6575,2005-12-02,0.2
6574,2005-12-01,0.2
6573,2006-01-31,-0.4
6572,2006-01-30,-0.4
6569,2006-01-27,-0.4
6568,2006-01-26,-0.4
6567,2006-01-25,-0.4
6566,2006-01-24,-0.4
6565,2006-01-23,-0.4
6562,2006-01-20,-0.4
6561,2006-01-19,-0.4
6560,2006-01-18,-0.4
6559,2006-01-17,-0.4
6558,2006-01-16,-0.4
6555,2006-01-13,-0.4
6554,2006-01-12,-0.4
6553,2006-01-11,-0.4
6552,2006-01-10,-0.4
6551,2006-01-09,-0.4
6548,2006-01-06,-0.4
6547,2006-01-05,-0.4
6546,2006-01-04,-0.4
6545,2006-01-03,-0.4
6544,2006-01-02,-0.4
6542,2006-02-28,0.0
6541,2006-02-27,0.0
6538,2006-02-24,0.0
6537,2006-02-23,0.0
6536,2006-02-22,0.0
6535,2006-02-21,0.0
6534,2006-02-20,0.0
6531,2006-02-17,0.0
6530,2006-02-16,0.0
6529,2006-02-15,0.0
6528,2006-02-14,0.0
6527,2006-02-13,0.0
6524,2006-02-10,0.0
6523,2006-02-09,0.0
6522,2006-02-08,0.0
6521,2006-02-07,0.0
6520,2006-02-06,0.0
6517,2006-02-03,0.0
6516,2006-02-02,0.0
6515,2006-02-01,0.0
6514,2006-03-31,0.7
6513,2006-03-30,0.7
6512,2006-03-29,0.7
6511,2006-03-28,0.7
6510,2006-03-27,0.7
6507,2006-03-24,0.7
6506,2006-03-23,0.7
6505,2006-03-22,0.7
6504,2006-03-21,0.7
6503,2006-03-20,0.7
6500,2006-03-17,0.7
6499,2006-03-16,0.7
6498,2006-03-15,0.7
6497,2006-03-14,0.7
6496,2006-03-13,0.7
6493,2006-03-10,0.7
6492,2006-03-09,0.7
6491,2006-03-08,0.7
6490,2006-03-07,0.7
6489,2006-03-06,0.7
6486,2006-03-03,0.7
6485,2006-03-02,0.7
6484,2006-03-01,0.7
6481,2006-04-28,1.4
6480,2006-04-27,1.4
6479,2006-04-26,1.4
6478,2006-04-25,1.4
6477,2006-04-24,1.4
6474,2006-04-21,1.4
6473,2006-04-20,1.4
6472,2006-04-19,1.4
6471,2006-04-18,1.4
6466,2006-04-13,1.4
6465,2006-04-12,1.4
6464,2006-04-11,1.4
6463,2006-04-10,1.4
6460,2006-04-07,1.4
6459,2006-04-06,1.4
6458,2006-04-05,1.4
6457,2006-04-04,1.4
6456,2006-04-03,1.4
6453,2006-05-31,0.4
6452,2006-05-30,0.4
6451,2006-05-29,0.4
6448,2006-05-26,0.4
6447,2006-05-25,0.4
6446,2006-05-24,0.4
6445,2006-05-23,0.4
6444,2006-05-22,0.4
6441,2006-05-19,0.4
6440,2006-05-18,0.4
6439,2006-05-17,0.4
6438,2006-05-16,0.4
6437,2006-05-15,0.4
6434,2006-05-12,0.4
6433,2006-05-11,0.4
6432,2006-05-10,0.4
6431,2006-05-09,0.4
6430,2006-05-08,0.4
6427,2006-05-05,0.4
6426,2006-05-04,0.4
6425,2006-05-03,0.4
6424,2006-05-02,0.4
6422,2006-06-30,0.2
6421,2006-06-29,0.2
6420,2006-06-28,0.2
6419,2006-06-27,0.2
6418,2006-06-26,0.2
6415,2006-06-23,0.2
6414,2006-06-22,0.2
6413,2006-06-21,0.2
6412,2006-06-20,0.2
6411,2006-06-19,0.2
6408,2006-06-16,0.2
6407,2006-06-15,0.2
6406,2006-06-14,0.2
6405,2006-06-13,0.2
6404,2006-06-12,0.2
6401,2006-06-09,0.2
6400,2006-06-08,0.2
6399,2006-06-07,0.2
6398,2006-06-06,0.2
6397,2006-06-05,0.2
6394,2006-06-02,0.2
6393,2006-06-01,0.2
6392,2006-07-31,-0.6
6389,2006-07-28,-0.6
6388,2006-07-27,-0.6
6387,2006-07-26,-0.6
6386,2006-07-25,-0.6
6385,2006-07-24,-0.6
6382,2006-07-21,-0.6
6381,2006-07-20,-0.6
6380,2006-07-19,-0.6
6379,2006-07-18,-0.6
6378,2006-07-17,-0.6
6375,2006-07-14,-0.6
6374,2006-07-13,-0.6
6373,2006-07-12,-0.6
6372,2006-07-11,-0.6
6371,2006-07-10,-0.6
6368,2006-07-07,-0.6
6367,2006-07-06,-0.6
6366,2006-07-05,-0.6
6365,2006-07-04,-0.6
6364,2006-07-03,-0.6
6361,2006-08-31,0.2
6360,2006-08-30,0.2
6359,2006-08-29,0.2
6358,2006-08-28,0.2
6355,2006-08-25,0.2
6354,2006-08-24,0.2
6353,2006-08-23,0.2
6352,2006-08-22,0.2
6351,2006-08-21,0.2
6348,2006-08-18,0.2
6347,2006-08-17,0.2
6346,2006-08-16,0.2
6345,2006-08-15,0.2
6344,2006-08-14,0.2
6341,2006-08-11,0.2
6340,2006-08-10,0.2
6339,2006-08-09,0.2
6338,2006-08-08,0.2
6337,2006-08-07,0.2
6334,2006-08-04,0.2
6333,2006-08-03,0.2
6332,2006-08-02,0.2
6331,2006-08-01,0.2
6329,2006-09-29,-0.2
6328,2006-09-28,-0.2
6327,2006-09-27,-0.2
6326,2006-09-26,-0.2
6325,2006-09-25,-0.2
6322,2006-09-22,-0.2
6321,2006-09-21,-0.2
6320,2006-09-20,-0.2
6319,2006-09-19,-0.2
6318,2006-09-18,-0.2
6315,2006-09-15,-0.2
6314,2006-09-14,-0.2
6313,2006-09-13,-0.2
6312,2006-09-12,-0.2
6311,2006-09-11,-0.2
6308,2006-09-08,-0.2
6307,2006-09-07,-0.2
6306,2006-09-06,-0.2
6305,2006-09-05,-0.2
6304,2006-09-04,-0.2
6301,2006-09-01,-0.2
6300,2006-10-31,0.4
6299,2006-10-30,0.4
6296,2006-10-27,0.4
6295,2006-10-26,0.4
6294,2006-10-25,0.4
6293,2006-10-24,0.4
6292,2006-10-23,0.4
6289,2006-10-20,0.4
6288,2006-10-19,0.4
6287,2006-10-18,0.4
6286,2006-10-17,0.4
6285,2006-10-16,0.4
6282,2006-10-13,0.4
6281,2006-10-12,0.4
6280,2006-10-11,0.4
6279,2006-10-10,0.4
6278,2006-10-09,0.4
6275,2006-10-06,0.4
6274,2006-10-05,0.4
6273,2006-10-04,0.4
6272,2006-10-03,0.4
6271,2006-10-02,0.4
6269,2006-11-30,0.2
6268,2006-11-29,0.2
6267,2006-11-28,0.2
6266,2006-11-27,0.2
6263,2006-11-24,0.2
6262,2006-11-23,0.2
6261,2006-11-22,0.2
6260,2006-11-21,0.2
6259,2006-11-20,0.2
6256,2006-11-17,0.2
6255,2006-11-16,0.2
6254,2006-11-15,0.2
6253,2006-11-14,0.2
6252,2006-11-13,0.2
6249,2006-11-10,0.2
6248,2006-11-09,0.2
6247,2006-11-08,0.2
6246,2006-11-07,0.2
6245,2006-11-06,0.2
6242,2006-11-03,0.2
6241,2006-11-02,0.2
6240,2006-11-01,0.2
6237,2006-12-29,0.3
6236,2006-12-28,0.3
6235,2006-12-27,0.3
6230,2006-12-22,0.3
6229,2006-12-21,0.3
6228,2006-12-20,0.3
6227,2006-12-19,0.3
6226,2006-12-18,0.3
6223,2006-12-15,0.3
6222,2006-12-14,0.3
6221,2006-12-13,0.3
6220,2006-12-12,0.3
6219,2006-12-11,0.3
6216,2006-12-08,0.3
6215,2006-12-07,0.3
6214,2006-12-06,0.3
6213,2006-12-05,0.3
6212,2006-12-04,0.3
6209,2006-12-01,0.3
6208,2007-01-31,-0.7
6207,2007-01-30,-0.7
6206,2007-01-29,-0.7
6203,2007-01-26,-0.7
6202,2007-01-25,-0.7
6201,2007-01-24,-0.7
6200,2007-01-23,-0.7
6199,2007-01-22,-0.7
6196,2007-01-19,-0.7
6195,2007-01-18,-0.7
6194,2007-01-17,-0.7
6193,2007-01-16,-0.7
6192,2007-01-15,-0.7
6189,2007-01-12,-0.7
6188,2007-01-11,-0.7
6187,2007-01-10,-0.7
6186,2007-01-09,-0.7
6185,2007-01-08,-0.7
6182,2007-01-05,-0.7
6181,2007-01-04,-0.7
6180,2007-01-03,-0.7
6179,2007-01-02,-0.7
6177,2007-02-28,0.1
6176,2007-02-27,0.1
6175,2007-02-26,0.1
6172,2007-02-23,0.1
6171,2007-02-22,0.1
6170,2007-02-21,0.1
6169,2007-02-20,0.1
6168,2007-02-19,0.1
6165,2007-02-16,0.1
6164,2007-02-15,0.1
6163,2007-02-14,0.1
6162,2007-02-13,0.1
6161,2007-02-12,0.1
6158,2007-02-09,0.1
6157,2007-02-08,0.1
6156,2007-02-07,0.1
6155,2007-02-06,0.1
6154,2007-02-05,0.1
6151,2007-02-02,0.1
6150,2007-02-01,0.1
6148,2007-03-30,0.8
6147,2007-03-29,0.8
6146,2007-03-28,0.8
6145,2007-03-27,0.8
6144,2007-03-26,0.8
6141,2007-03-23,0.8
6140,2007-03-22,0.8
6139,2007-03-21,0.8
6138,2007-03-20,0.8
6137,2007-03-19,0.8
6134,2007-03-16,0.8
6133,2007-03-15,0.8
6132,2007-03-14,0.8
6131,2007-03-13,0.8
6130,2007-03-12,0.8
6127,2007-03-09,0.8
6126,2007-03-08,0.8
6125,2007-03-07,0.8
6124,2007-03-06,0.8
6123,2007-03-05,0.8
6120,2007-03-02,0.8
6119,2007-03-01,0.8
6118,2007-04-30,1.4
6115,2007-04-27,1.4
6114,2007-04-26,1.4
6113,2007-04-25,1.4
6112,2007-04-24,1.4
6111,2007-04-23,1.4
6108,2007-04-20,1.4
6107,2007-04-19,1.4
6106,2007-04-18,1.4
6105,2007-04-17,1.4
6104,2007-04-16,1.4
6101,2007-04-13,1.4
6100,2007-04-12,1.4
6099,2007-04-11,1.4
6098,2007-04-10,1.4
6093,2007-04-05,1.4
6092,2007-04-04,1.4
6091,2007-04-03,1.4
6090,2007-04-02,1.4
6088,2007-05-31,0.3
6087,2007-05-30,0.3
6086,2007-05-29,0.3
6085,2007-05-28,0.3
6082,2007-05-25,0.3
6081,2007-05-24,0.3
6080,2007-05-23,0.3
6079,2007-05-22,0.3
6078,2007-05-21,0.3
6075,2007-05-18,0.3
6074,2007-05-17,0.3
6073,2007-05-16,0.3
6072,2007-05-15,0.3
6071,2007-05-14,0.3
6068,2007-05-11,0.3
6067,2007-05-10,0.3
6066,2007-05-09,0.3
6065,2007-05-08,0.3
6064,2007-05-07,0.3
6061,2007-05-04,0.3
6060,2007-05-03,0.3
6059,2007-05-02,0.3
6056,2007-06-29,0.2
6055,2007-06-28,0.2
6054,2007-06-27,0.2
6053,2007-06-26,0.2
6052,2007-06-25,0.2
6049,2007-06-22,0.2
6048,2007-06-21,0.2
6047,2007-06-20,0.2
6046,2007-06-19,0.2
6045,2007-06-18,0.2
6042,2007-06-15,0.2
6041,2007-06-14,0.2
6040,2007-06-13,0.2
6039,2007-06-12,0.2
6038,2007-06-11,0.2
6035,2007-06-08,0.2
6034,2007-06-07,0.2
6033,2007-06-06,0.2
6032,2007-06-05,0.2
6031,2007-06-04,0.2
6028,2007-06-01,0.2
6027,2007-07-31,-0.7
6026,2007-07-30,-0.7
6023,2007-07-27,-0.7
6022,2007-07-26,-0.7
6021,2007-07-25,-0.7
6020,2007-07-24,-0.7
6019,2007-07-23,-0.7
6016,2007-07-20,-0.7
6015,2007-07-19,-0.7
6014,2007-07-18,-0.7
6013,2007-07-17,-0.7
6012,2007-07-16,-0.7
6009,2007-07-13,-0.7
6008,2007-07-12,-0.7
6007,2007-07-11,-0.7
6006,2007-07-10,-0.7
6005,2007-07-09,-0.7
6002,2007-07-06,-0.7
6001,2007-07-05,-0.7
6000,2007-07-04,-0.7
5999,2007-07-03,-0.7
5998,2007-07-02,-0.7
5996,2007-08-31,0.1
5995,2007-08-30,0.1
5994,2007-08-29,0.1
5993,2007-08-28,0.1
5992,2007-08-27,0.1
5989,2007-08-24,0.1
5988,2007-08-23,0.1
5987,2007-08-22,0.1
5986,2007-08-21,0.1
5985,2007-08-20,0.1
5982,2007-08-17,0.1
5981,2007-08-16,0.1
5980,2007-08-15,0.1
5979,2007-08-14,0.1
5978,2007-08-13,0.1
5975,2007-08-10,0.1
5974,2007-08-09,0.1
5973,2007-08-08,0.1
5972,2007-08-07,0.1
5971,2007-08-06,0.1
5968,2007-08-03,0.1
5967,2007-08-02,0.1
5966,2007-08-01,0.1
5963,2007-09-28,0.3
5962,2007-09-27,0.3
5961,2007-09-26,0.3
5960,2007-09-25,0.3
5959,2007-09-24,0.3
5956,2007-09-21,0.3
5955,2007-09-20,0.3
5954,2007-09-19,0.3
5953,2007-09-18,0.3
5952,2007-09-17,0.3
5949,2007-09-14,0.3
5948,2007-09-13,0.3
5947,2007-09-12,0.3
5946,2007-09-11,0.3
5945,2007-09-10,0.3
5942,2007-09-07,0.3
5941,2007-09-06,0.3
5940,2007-09-05,0.3
5939,2007-09-04,0.3
5938,2007-09-03,0.3
5935,2007-10-31,1.3
5934,2007-10-30,1.3
5933,2007-10-29,1.3
5930,2007-10-26,1.3
5929,2007-10-25,1.3
5928,2007-10-24,1.3
5927,2007-10-23,1.3
5926,2007-10-22,1.3
5923,2007-10-19,1.3
5922,2007-10-18,1.3
5921,2007-10-17,1.3
5920,2007-10-16,1.3
5919,2007-10-15,1.3
5916,2007-10-12,1.3
5915,2007-10-11,1.3
5914,2007-10-10,1.3
5913,2007-10-09,1.3
5912,2007-10-08,1.3
5909,2007-10-05,1.3
5908,2007-10-04,1.3
5907,2007-10-03,1.3
5906,2007-10-02,1.3
5905,2007-10-01,1.3
5904,2007-11-30,0.7
5903,2007-11-29,0.7
5902,2007-11-28,0.7
5901,2007-11-27,0.7
5900,2007-11-26,0.7
5897,2007-11-23,0.7
5896,2007-11-22,0.7
5895,2007-11-21,0.7
5894,2007-11-20,0.7
5893,2007-11-19,0.7
5890,2007-11-16,0.7
5889,2007-11-15,0.7
5888,2007-11-14,0.7
5887,2007-11-13,0.7
5886,2007-11-12,0.7
5883,2007-11-09,0.7
5882,2007-11-08,0.7
5881,2007-11-07,0.7
5880,2007-11-06,0.7
5879,2007-11-05,0.7
5876,2007-11-02,0.7
5875,2007-11-01,0.7
5871,2007-12-28,0.4
5870,2007-12-27,0.4
5864,2007-12-21,0.4
5863,2007-12-20,0.4
5862,2007-12-19,0.4
5861,2007-12-18,0.4
5860,2007-12-17,0.4
5857,2007-12-14,0.4
5856,2007-12-13,0.4
5855,2007-12-12,0.4
5854,2007-12-11,0.4
5853,2007-12-10,0.4
5850,2007-12-07,0.4
5849,2007-12-06,0.4
5848,2007-12-05,0.4
5847,2007-12-04,0.4
5846,2007-12-03,0.4
5843,2008-01-31,-0.6
5842,2008-01-30,-0.6
5841,2008-01-29,-0.6
5840,2008-01-28,-0.6
5837,2008-01-25,-0.6
5836,2008-01-24,-0.6
5835,2008-01-23,-0.6
5834,2008-01-22,-0.6
5833,2008-01-21,-0.6
5830,2008-01-18,-0.6
5829,2008-01-17,-0.6
5828,2008-01-16,-0.6
5827,2008-01-15,-0.6
5826,2008-01-14,-0.6
5823,2008-01-11,-0.6
5822,2008-01-10,-0.6
5821,2008-01-09,-0.6
5820,2008-01-08,-0.6
5819,2008-01-07,-0.6
5816,2008-01-04,-0.6
5815,2008-01-03,-0.6
5814,2008-01-02,-0.6
5812,2008-02-29,0.2
5811,2008-02-28,0.2
5810,2008-02-27,0.2
5809,2008-02-26,0.2
5808,2008-02-25,0.2
5805,2008-02-22,0.2
5804,2008-02-21,0.2
5803,2008-02-20,0.2
5802,2008-02-19,0.2
5801,2008-02-18,0.2
5798,2008-02-15,0.2
5797,2008-02-14,0.2
5796,2008-02-13,0.2
5795,2008-02-12,0.2
5794,2008-02-11,0.2
5791,2008-02-08,0.2
5790,2008-02-07,0.2
5789,2008-02-06,0.2
5788,2008-02-05,0.2
5787,2008-02-04,0.2
5784,2008-02-01,0.2
5783,2008-03-31,0.9
5780,2008-03-28,0.9
5779,2008-03-27,0.9
5778,2008-03-26,0.9
5777,2008-03-25,0.9
5772,2008-03-20,0.9
5771,2008-03-19,0.9
5770,2008-03-18,0.9
5769,2008-03-17,0.9
5766,2008-03-14,0.9
5765,2008-03-13,0.9
5764,2008-03-12,0.9
5763,2008-03-11,0.9
5762,2008-03-10,0.9
5759,2008-03-07,0.9
5758,2008-03-06,0.9
5757,2008-03-05,0.9
5756,2008-03-04,0.9
5755,2008-03-03,0.9
5752,2008-04-30,1.1
5751,2008-04-29,1.1
5750,2008-04-28,1.1
5747,2008-04-25,1.1
5746,2008-04-24,1.1
5745,2008-04-23,1.1
5744,2008-04-22,1.1
5743,2008-04-21,1.1
5740,2008-04-18,1.1
5739,2008-04-17,1.1
5738,2008-04-16,1.1
5737,2008-04-15,1.1
5736,2008-04-14,1.1
5733,2008-04-11,1.1
5732,2008-04-10,1.1
5731,2008-04-09,1.1
5730,2008-04-08,1.1
5729,2008-04-07,1.1
5726,2008-04-04,1.1
5725,2008-04-03,1.1
5724,2008-04-02,1.1
5723,2008-04-01,1.1
5721,2008-05-30,0.7
5720,2008-05-29,0.7
5719,2008-05-28,0.7
5718,2008-05-27,0.7
5717,2008-05-26,0.7
5714,2008-05-23,0.7
5713,2008-05-22,0.7
5712,2008-05-21,0.7
5711,2008-05-20,0.7
5710,2008-05-19,0.7
5707,2008-05-16,0.7
5706,2008-05-15,0.7
5705,2008-05-14,0.7
5704,2008-05-13,0.7
5703,2008-05-12,0.7
5700,2008-05-09,0.7
5699,2008-05-08,0.7
5698,2008-05-07,0.7
5697,2008-05-06,0.7
5696,2008-05-05,0.7
5693,2008-05-02,0.7
5691,2008-06-30,0.6
5688,2008-06-27,0.6
5687,2008-06-26,0.6
5686,2008-06-25,0.6
5685,2008-06-24,0.6
5684,2008-06-23,0.6
5681,2008-06-20,0.6
5680,2008-06-19,0.6
5679,2008-06-18,0.6
5678,2008-06-17,0.6
5677,2008-06-16,0.6
5674,2008-06-13,0.6
5673,2008-06-12,0.6
5672,2008-06-11,0.6
5671,2008-06-10,0.6
5670,2008-06-09,0.6
5667,2008-06-06,0.6
5666,2008-06-05,0.6
5665,2008-06-04,0.6
5664,2008-06-03,0.6
5663,2008-06-02,0.6
5661,2008-07-31,-0.5
5660,2008-07-30,-0.5
5659,2008-07-29,-0.5
5658,2008-07-28,-0.5
5655,2008-07-25,-0.5
5654,2008-07-24,-0.5
5653,2008-07-23,-0.5
5652,2008-07-22,-0.5
5651,2008-07-21,-0.5
5648,2008-07-18,-0.5
5647,2008-07-17,-0.5
5646,2008-07-16,-0.5
5645,2008-07-15,-0.5
5644,2008-07-14,-0.5
5641,2008-07-11,-0.5
5640,2008-07-10,-0.5
5639,2008-07-09,-0.5
5638,2008-07-08,-0.5
5637,2008-07-07,-0.5
5634,2008-07-04,-0.5
5633,2008-07-03,-0.5
5632,2008-07-02,-0.5
5631,2008-07-01,-0.5
5628,2008-08-29,-0.2
5627,2008-08-28,-0.2
5626,2008-08-27,-0.2
5625,2008-08-26,-0.2
5624,2008-08-25,-0.2
5621,2008-08-22,-0.2
5620,2008-08-21,-0.2
5619,2008-08-20,-0.2
5618,2008-08-19,-0.2
5617,2008-08-18,-0.2
5614,2008-08-15,-0.2
5613,2008-08-14,-0.2
5612,2008-08-13,-0.2
5611,2008-08-12,-0.2
5610,2008-08-11,-0.2
5607,2008-08-08,-0.2
5606,2008-08-07,-0.2
5605,2008-08-06,-0.2
5604,2008-08-05,-0.2
5603,2008-08-04,-0.2
5600,2008-08-01,-0.2
5599,2008-09-30,0.0
5598,2008-09-29,0.0
5595,2008-09-26,0.0
5594,2008-09-25,0.0
5593,2008-09-24,0.0
5592,2008-09-23,0.0
5591,2008-09-22,0.0
5588,2008-09-19,0.0
5587,2008-09-18,0.0
5586,2008-09-17,0.0
5585,2008-09-16,0.0
5584,2008-09-15,0.0
5581,2008-09-12,0.0
5580,2008-09-11,0.0
5579,2008-09-10,0.0
5578,2008-09-09,0.0
5577,2008-09-08,0.0
5574,2008-09-05,0.0
5573,2008-09-04,0.0
5572,2008-09-03,0.0
5571,2008-09-02,0.0
5570,2008-09-01,0.0
5569,2008-10-31,0.3
5568,2008-10-30,0.3
5567,2008-10-29,0.3
5566,2008-10-28,0.3
5565,2008-10-27,0.3
5562,2008-10-24,0.3
5561,2008-10-23,0.3
5560,2008-10-22,0.3
5559,2008-10-21,0.3
5558,2008-10-20,0.3
5555,2008-10-17,0.3
5554,2008-10-16,0.3
5553,2008-10-15,0.3
5552,2008-10-14,0.3
5551,2008-10-13,0.3
5548,2008-10-10,0.3
5547,2008-10-09,0.3
5546,2008-10-08,0.3
5545,2008-10-07,0.3
5544,2008-10-06,0.3
5541,2008-10-03,0.3
5540,2008-10-02,0.3
5539,2008-10-01,0.3
5536,2008-11-28,-0.4
5535,2008-11-27,-0.4
5534,2008-11-26,-0.4
5533,2008-11-25,-0.4
5532,2008-11-24,-0.4
5529,2008-11-21,-0.4
5528,2008-11-20,-0.4
5527,2008-11-19,-0.4
5526,2008-11-18,-0.4
5525,2008-11-17,-0.4
5522,2008-11-14,-0.4
5521,2008-11-13,-0.4
5520,2008-11-12,-0.4
5519,2008-11-11,-0.4
5518,2008-11-10,-0.4
5515,2008-11-07,-0.4
5514,2008-11-06,-0.4
5513,2008-11-05,-0.4
5512,2008-11-04,-0.4
5511,2008-11-03,-0.4
5507,2008-12-30,-0.5
5506,2008-12-29,-0.5
5500,2008-12-23,-0.5
5499,2008-12-22,-0.5
5496,2008-12-19,-0.5
5495,2008-12-18,-0.5
5494,2008-12-17,-0.5
5493,2008-12-16,-0.5
5492,2008-12-15,-0.5
5489,2008-12-12,-0.5
5488,2008-12-11,-0.5
5487,2008-12-10,-0.5
5486,2008-12-09,-0.5
5485,2008-12-08,-0.5
5482,2008-12-05,-0.5
5481,2008-12-04,-0.5
5480,2008-12-03,-0.5
5479,2008-12-02,-0.5
5478,2008-12-01,-0.5
5476,2009-01-30,-1.2
5475,2009-01-29,-1.2
5474,2009-01-28,-1.2
5473,2009-01-27,-1.2
5472,2009-01-26,-1.2
5469,2009-01-23,-1.2
5468,2009-01-22,-1.2
5467,2009-01-21,-1.2
5466,2009-01-20,-1.2
5465,2009-01-19,-1.2
5462,2009-01-16,-1.2
5461,2009-01-15,-1.2
5460,2009-01-14,-1.2
5459,2009-01-13,-1.2
5458,2009-01-12,-1.2
5455,2009-01-09,-1.2
5454,2009-01-08,-1.2
5453,2009-01-07,-1.2
5452,2009-01-06,-1.2
5451,2009-01-05,-1.2
5448,2009-01-02,-1.2
5445,2009-02-27,0.0
5444,2009-02-26,0.0
5443,2009-02-25,0.0
5442,2009-02-24,0.0
5441,2009-02-23,0.0
5438,2009-02-20,0.0
5437,2009-02-19,0.0
5436,2009-02-18,0.0
5435,2009-02-17,0.0
5434,2009-02-16,0.0
5431,2009-02-13,0.0
5430,2009-02-12,0.0
5429,2009-02-11,0.0
5428,2009-02-10,0.0
5427,2009-02-09,0.0
5424,2009-02-06,0.0
5423,2009-02-05,0.0
5422,2009-02-04,0.0
5421,2009-02-03,0.0
5420,2009-02-02,0.0
5418,2009-03-31,0.2
5417,2009-03-30,0.2
5414,2009-03-27,0.2
5413,2009-03-26,0.2
5412,2009-03-25,0.2
5411,2009-03-24,0.2
5410,2009-03-23,0.2
5407,2009-03-20,0.2
5406,2009-03-19,0.2
5405,2009-03-18,0.2
5404,2009-03-17,0.2
5403,2009-03-16,0.2
5400,2009-03-13,0.2
5399,2009-03-12,0.2
5398,2009-03-11,0.2
5397,2009-03-10,0.2
5396,2009-03-09,0.2
5393,2009-03-06,0.2
5392,2009-03-05,0.2
5391,2009-03-04,0.2
5390,2009-03-03,0.2
5389,2009-03-02,0.2
5387,2009-04-30,1.0
5386,2009-04-29,1.0
5385,2009-04-28,1.0
5384,2009-04-27,1.0
5381,2009-04-24,1.0
5380,2009-04-23,1.0
5379,2009-04-22,1.0
5378,2009-04-21,1.0
5377,2009-04-20,1.0
5374,2009-04-17,1.0
5373,2009-04-16,1.0
5372,2009-04-15,1.0
5371,2009-04-14,1.0
5366,2009-04-09,1.0
5365,2009-04-08,1.0
5364,2009-04-07,1.0
5363,2009-04-06,1.0
5360,2009-04-03,1.0
5359,2009-04-02,1.0
5358,2009-04-01,1.0
5355,2009-05-29,0.0
5354,2009-05-28,0.0
5353,2009-05-27,0.0
5352,2009-05-26,0.0
5351,2009-05-25,0.0
5348,2009-05-22,0.0
5347,2009-05-21,0.0
5346,2009-05-20,0.0
5345,2009-05-19,0.0
5344,2009-05-18,0.0
5341,2009-05-15,0.0
5340,2009-05-14,0.0
5339,2009-05-13,0.0
5338,2009-05-12,0.0
5337,2009-05-11,0.0
5334,2009-05-08,0.0
5333,2009-05-07,0.0
5332,2009-05-06,0.0
5331,2009-05-05,0.0
5330,2009-05-04,0.0
5326,2009-06-30,0.4
5325,2009-06-29,0.4
5322,2009-06-26,0.4
5321,2009-06-25,0.4
5320,2009-06-24,0.4
5319,2009-06-23,0.4
5318,2009-06-22,0.4
5315,2009-06-19,0.4
5314,2009-06-18,0.4
5313,2009-06-17,0.4
5312,2009-06-16,0.4
5311,2009-06-15,0.4
5308,2009-06-12,0.4
5307,2009-06-11,0.4
5306,2009-06-10,0.4
5305,2009-06-09,0.4
5304,2009-06-08,0.4
5301,2009-06-05,0.4
5300,2009-06-04,0.4
5299,2009-06-03,0.4
5298,2009-06-02,0.4
5297,2009-06-01,0.4
5296,2009-07-31,-0.9
5295,2009-07-30,-0.9
5294,2009-07-29,-0.9
5293,2009-07-28,-0.9
5292,2009-07-27,-0.9
5289,2009-07-24,-0.9
5288,2009-07-23,-0.9
5287,2009-07-22,-0.9
5286,2009-07-21,-0.9
5285,2009-07-20,-0.9
5282,2009-07-17,-0.9
5281,2009-07-16,-0.9
5280,2009-07-15,-0.9
5279,2009-07-14,-0.9
5278,2009-07-13,-0.9
5275,2009-07-10,-0.9
5274,2009-07-09,-0.9
5273,2009-07-08,-0.9
5272,2009-07-07,-0.9
5271,2009-07-06,-0.9
5268,2009-07-03,-0.9
5267,2009-07-02,-0.9
5266,2009-07-01,-0.9
5265,2009-08-31,0.3
5262,2009-08-28,0.3
5261,2009-08-27,0.3
5260,2009-08-26,0.3
5259,2009-08-25,0.3
5258,2009-08-24,0.3
5255,2009-08-21,0.3
5254,2009-08-20,0.3
5253,2009-08-19,0.3
5252,2009-08-18,0.3
5251,2009-08-17,0.3
5248,2009-08-14,0.3
5247,2009-08-13,0.3
5246,2009-08-12,0.3
5245,2009-08-11,0.3
5244,2009-08-10,0.3
5241,2009-08-07,0.3
5240,2009-08-06,0.3
5239,2009-08-05,0.3
5238,2009-08-04,0.3
5237,2009-08-03,0.3
5234,2009-09-30,-0.2
5233,2009-09-29,-0.2
5232,2009-09-28,-0.2
5229,2009-09-25,-0.2
5228,2009-09-24,-0.2
5227,2009-09-23,-0.2
5226,2009-09-22,-0.2
5225,2009-09-21,-0.2
5222,2009-09-18,-0.2
5221,2009-09-17,-0.2
5220,2009-09-16,-0.2
5219,2009-09-15,-0.2
5218,2009-09-14,-0.2
5215,2009-09-11,-0.2
5214,2009-09-10,-0.2
5213,2009-09-09,-0.2
5212,2009-09-08,-0.2
5211,2009-09-07,-0.2
5208,2009-09-04,-0.2
5207,2009-09-03,-0.2
5206,2009-09-02,-0.2
5205,2009-09-01,-0.2
5203,2009-10-30,0.7
5202,2009-10-29,0.7
5201,2009-10-28,0.7
5200,2009-10-27,0.7
5199,2009-10-26,0.7
5196,2009-10-23,0.7
5195,2009-10-22,0.7
5194,2009-10-21,0.7
5193,2009-10-20,0.7
5192,2009-10-19,0.7
5189,2009-10-16,0.7
5188,2009-10-15,0.7
5187,2009-10-14,0.7
5186,2009-10-13,0.7
5185,2009-10-12,0.7
5182,2009-10-09,0.7
5181,2009-10-08,0.7
5180,2009-10-07,0.7
5179,2009-10-06,0.7
5178,2009-10-05,0.7
5175,2009-10-02,0.7
5174,2009-10-01,0.7
5173,2009-11-30,0.5
5170,2009-11-27,0.5
5169,2009-11-26,0.5
5168,2009-11-25,0.5
5167,2009-11-24,0.5
5166,2009-11-23,0.5
5163,2009-11-20,0.5
5162,2009-11-19,0.5
5161,2009-11-18,0.5
5160,2009-11-17,0.5
5159,2009-11-16,0.5
5156,2009-11-13,0.5
5155,2009-11-12,0.5
5154,2009-11-11,0.5
5153,2009-11-10,0.5
5152,2009-11-09,0.5
5149,2009-11-06,0.5
5148,2009-11-05,0.5
5147,2009-11-04,0.5
5146,2009-11-03,0.5
5145,2009-11-02,0.5
5142,2009-12-30,0.0
5141,2009-12-29,0.0
5140,2009-12-28,0.0
5135,2009-12-23,0.0
5134,2009-12-22,0.0
5133,2009-12-21,0.0
5130,2009-12-18,0.0
5129,2009-12-17,0.0
5128,2009-12-16,0.0
5127,2009-12-15,0.0
5126,2009-12-14,0.0
5123,2009-12-11,0.0
5122,2009-12-10,0.0
5121,2009-12-09,0.0
5120,2009-12-08,0.0
5119,2009-12-07,0.0
5116,2009-12-04,0.0
5115,2009-12-03,0.0
5114,2009-12-02,0.0
5113,2009-12-01,0.0
5110,2010-01-29,-1.0
5109,2010-01-28,-1.0
5108,2010-01-27,-1.0
5107,2010-01-26,-1.0
5106,2010-01-25,-1.0
5103,2010-01-22,-1.0
5102,2010-01-21,-1.0
5101,2010-01-20,-1.0
5100,2010-01-19,-1.0
5099,2010-01-18,-1.0
5096,2010-01-15,-1.0
5095,2010-01-14,-1.0
5094,2010-01-13,-1.0
5093,2010-01-12,-1.0
5092,2010-01-11,-1.0
5089,2010-01-08,-1.0
5088,2010-01-07,-1.0
5087,2010-01-06,-1.0
5086,2010-01-05,-1.0
5085,2010-01-04,-1.0
5079,2010-02-26,-0.2
5078,2010-02-25,-0.2
5077,2010-02-24,-0.2
5076,2010-02-23,-0.2
5075,2010-02-22,-0.2
5072,2010-02-19,-0.2
5071,2010-02-18,-0.2
5070,2010-02-17,-0.2
5069,2010-02-16,-0.2
5068,2010-02-15,-0.2
5065,2010-02-12,-0.2
5064,2010-02-11,-0.2
5063,2010-02-10,-0.2
5062,2010-02-09,-0.2
5061,2010-02-08,-0.2
5058,2010-02-05,-0.2
5057,2010-02-04,-0.2
5056,2010-02-03,-0.2
5055,2010-02-02,-0.2
5054,2010-02-01,-0.2
5053,2010-03-31,0.7
5052,2010-03-30,0.7
5051,2010-03-29,0.7
5048,2010-03-26,0.7
5047,2010-03-25,0.7
5046,2010-03-24,0.7
5045,2010-03-23,0.7
5044,2010-03-22,0.7
5041,2010-03-19,0.7
5040,2010-03-18,0.7
5039,2010-03-17,0.7
5038,2010-03-16,0.7
5037,2010-03-15,0.7
5034,2010-03-12,0.7
5033,2010-03-11,0.7
5032,2010-03-10,0.7
5031,2010-03-09,0.7
5030,2010-03-08,0.7
5027,2010-03-05,0.7
5026,2010-03-04,0.7
5025,2010-03-03,0.7
5024,2010-03-02,0.7
5023,2010-03-01,0.7
5022,2010-04-30,1.1
5021,2010-04-29,1.1
5020,2010-04-28,1.1
5019,2010-04-27,1.1
5018,2010-04-26,1.1
5015,2010-04-23,1.1
5014,2010-04-22,1.1
5013,2010-04-21,1.1
5012,2010-04-20,1.1
5011,2010-04-19,1.1
5008,2010-04-16,1.1
5007,2010-04-15,1.1
5006,2010-04-14,1.1
5005,2010-04-13,1.1
5004,2010-04-12,1.1
5001,2010-04-09,1.1
5000,2010-04-08,1.1
4999,2010-04-07,1.1
4998,2010-04-06,1.1
4993,2010-04-01,1.1
4992,2010-05-31,0.2
4989,2010-05-28,0.2
4988,2010-05-27,0.2
4987,2010-05-26,0.2
4986,2010-05-25,0.2
4985,2010-05-24,0.2
4982,2010-05-21,0.2
4981,2010-05-20,0.2
4980,2010-05-19,0.2
4979,2010-05-18,0.2
4978,2010-05-17,0.2
4975,2010-05-14,0.2
4974,2010-05-13,0.2
4973,2010-05-12,0.2
4972,2010-05-11,0.2
4971,2010-05-10,0.2
4968,2010-05-07,0.2
4967,2010-05-06,0.2
4966,2010-05-05,0.2
4965,2010-05-04,0.2
4964,2010-05-03,0.2
4961,2010-06-30,0.2
4960,2010-06-29,0.2
4959,2010-06-28,0.2
4956,2010-06-25,0.2
4955,2010-06-24,0.2
4954,2010-06-23,0.2
4953,2010-06-22,0.2
4952,2010-06-21,0.2
4949,2010-06-18,0.2
4948,2010-06-17,0.2
4947,2010-06-16,0.2
4946,2010-06-15,0.2
4945,2010-06-14,0.2
4942,2010-06-11,0.2
4941,2010-06-10,0.2
4940,2010-06-09,0.2
4939,2010-06-08,0.2
4938,2010-06-07,0.2
4935,2010-06-04,0.2
4934,2010-06-03,0.2
4933,2010-06-02,0.2
4932,2010-06-01,0.2
4930,2010-07-30,-0.4
4929,2010-07-29,-0.4
4928,2010-07-28,-0.4
4927,2010-07-27,-0.4
4926,2010-07-26,-0.4
4923,2010-07-23,-0.4
4922,2010-07-22,-0.4
4921,2010-07-21,-0.4
4920,2010-07-20,-0.4
4919,2010-07-19,-0.4
4916,2010-07-16,-0.4
4915,2010-07-15,-0.4
4914,2010-07-14,-0.4
4913,2010-07-13,-0.4
4912,2010-07-12,-0.4
4909,2010-07-09,-0.4
4908,2010-07-08,-0.4
4907,2010-07-07,-0.4
4906,2010-07-06,-0.4
4905,2010-07-05,-0.4
4902,2010-07-02,-0.4
4901,2010-07-01,-0.4
4900,2010-08-31,0.3
4899,2010-08-30,0.3
4896,2010-08-27,0.3
4895,2010-08-26,0.3
4894,2010-08-25,0.3
4893,2010-08-24,0.3
4892,2010-08-23,0.3
4889,2010-08-20,0.3
4888,2010-08-19,0.3
4887,2010-08-18,0.3
4886,2010-08-17,0.3
4885,2010-08-16,0.3
4882,2010-08-13,0.3
4881,2010-08-12,0.3
4880,2010-08-11,0.3
4879,2010-08-10,0.3
4878,2010-08-09,0.3
4875,2010-08-06,0.3
4874,2010-08-05,0.3
4873,2010-08-04,0.3
4872,2010-08-03,0.3
4871,2010-08-02,0.3
4869,2010-09-30,0.1
4868,2010-09-29,0.1
4867,2010-09-28,0.1
4866,2010-09-27,0.1
4863,2010-09-24,0.1
4862,2010-09-23,0.1
4861,2010-09-22,0.1
4860,2010-09-21,0.1
4859,2010-09-20,0.1
4856,2010-09-17,0.1
4855,2010-09-16,0.1
4854,2010-09-15,0.1
4853,2010-09-14,0.1
4852,2010-09-13,0.1
4849,2010-09-10,0.1
4848,2010-09-09,0.1
4847,2010-09-08,0.1
4846,2010-09-07,0.1
4845,2010-09-06,0.1
4842,2010-09-03,0.1
4841,2010-09-02,0.1
4840,2010-09-01,0.1
4837,2010-10-29,0.9
4836,2010-10-28,0.9
4835,2010-10-27,0.9
4834,2010-10-26,0.9
4833,2010-10-25,0.9
4830,2010-10-22,0.9
4829,2010-10-21,0.9
4828,2010-10-20,0.9
4827,2010-10-19,0.9
4826,2010-10-18,0.9
4823,2010-10-15,0.9
4822,2010-10-14,0.9
4821,2010-10-13,0.9
4820,2010-10-12,0.9
4819,2010-10-11,0.9
4816,2010-10-08,0.9
4815,2010-10-07,0.9
4814,2010-10-06,0.9
4813,2010-10-05,0.9
4812,2010-10-04,0.9
4809,2010-10-01,0.9
4808,2010-11-30,0.5
4807,2010-11-29,0.5
4804,2010-11-26,0.5
4803,2010-11-25,0.5
4802,2010-11-24,0.5
4801,2010-11-23,0.5
4800,2010-11-22,0.5
4797,2010-11-19,0.5
4796,2010-11-18,0.5
4795,2010-11-17,0.5
4794,2010-11-16,0.5
4793,2010-11-15,0.5
4790,2010-11-12,0.5
4789,2010-11-11,0.5
4788,2010-11-10,0.5
4787,2010-11-09,0.5
4786,2010-11-08,0.5
4783,2010-11-05,0.5
4782,2010-11-04,0.5
4781,2010-11-03,0.5
4780,2010-11-02,0.5
4779,2010-11-01,0.5
4777,2010-12-30,0.6
4776,2010-12-29,0.6
4775,2010-12-28,0.6
4774,2010-12-27,0.6
4770,2010-12-23,0.6
4769,2010-12-22,0.6
4768,2010-12-21,0.6
4767,2010-12-20,0.6
4764,2010-12-17,0.6
4763,2010-12-16,0.6
4762,2010-12-15,0.6
4761,2010-12-14,0.6
4760,2010-12-13,0.6
4757,2010-12-10,0.6
4756,2010-12-09,0.6
4755,2010-12-08,0.6
4754,2010-12-07,0.6
4753,2010-12-06,0.6
4750,2010-12-03,0.6
4749,2010-12-02,0.6
4748,2010-12-01,0.6
4747,2011-01-31,-0.7
4744,2011-01-28,-0.7
4743,2011-01-27,-0.7
4742,2011-01-26,-0.7
4741,2011-01-25,-0.7
4740,2011-01-24,-0.7
4737,2011-01-21,-0.7
4736,2011-01-20,-0.7
4735,2011-01-19,-0.7
4734,2011-01-18,-0.7
4733,2011-01-17,-0.7
4730,2011-01-14,-0.7
4729,2011-01-13,-0.7
4728,2011-01-12,-0.7
4727,2011-01-11,-0.7
4726,2011-01-10,-0.7
4723,2011-01-07,-0.7
4722,2011-01-06,-0.7
4721,2011-01-05,-0.7
4720,2011-01-04,-0.7
4719,2011-01-03,-0.7
4716,2011-02-28,0.1
4713,2011-02-25,0.1
4712,2011-02-24,0.1
4711,2011-02-23,0.1
4710,2011-02-22,0.1
4709,2011-02-21,0.1
4706,2011-02-18,0.1
4705,2011-02-17,0.1
4704,2011-02-16,0.1
4703,2011-02-15,0.1
4702,2011-02-14,0.1
4699,2011-02-11,0.1
4698,2011-02-10,0.1
4697,2011-02-09,0.1
4696,2011-02-08,0.1
4695,2011-02-07,0.1
4692,2011-02-04,0.1
4691,2011-02-03,0.1
4690,2011-02-02,0.1
4689,2011-02-01,0.1
4688,2011-03-31,0.7
4687,2011-03-30,0.7
4686,2011-03-29,0.7
4685,2011-03-28,0.7
4682,2011-03-25,0.7
4681,2011-03-24,0.7
4680,2011-03-23,0.7
4679,2011-03-22,0.7
4678,2011-03-21,0.7
4675,2011-03-18,0.7
4674,2011-03-17,0.7
4673,2011-03-16,0.7
4672,2011-03-15,0.7
4671,2011-03-14,0.7
4668,2011-03-11,0.7
4667,2011-03-10,0.7
4666,2011-03-09,0.7
4665,2011-03-08,0.7
4664,2011-03-07,0.7
4661,2011-03-04,0.7
4660,2011-03-03,0.7
4659,2011-03-02,0.7
4658,2011-03-01,0.7
4656,2011-04-29,1.2
4655,2011-04-28,1.2
4654,2011-04-27,1.2
4653,2011-04-26,1.2
4648,2011-04-21,1.2
4647,2011-04-20,1.2
4646,2011-04-19,1.2
4645,2011-04-18,1.2
4642,2011-04-15,1.2
4641,2011-04-14,1.2
4640,2011-04-13,1.2
4639,2011-04-12,1.2
4638,2011-04-11,1.2
4635,2011-04-08,1.2
4634,2011-04-07,1.2
4633,2011-04-06,1.2
4632,2011-04-05,1.2
4631,2011-04-04,1.2
4628,2011-04-01,1.2
4627,2011-05-31,0.0
4626,2011-05-30,0.0
4623,2011-05-27,0.0
4622,2011-05-26,0.0
4621,2011-05-25,0.0
4620,2011-05-24,0.0
4619,2011-05-23,0.0
4616,2011-05-20,0.0
4615,2011-05-19,0.0
4614,2011-05-18,0.0
4613,2011-05-17,0.0
4612,2011-05-16,0.0
4609,2011-05-13,0.0
4608,2011-05-12,0.0
4607,2011-05-11,0.0
4606,2011-05-10,0.0
4605,2011-05-09,0.0
4602,2011-05-06,0.0
4601,2011-05-05,0.0
4600,2011-05-04,0.0
4599,2011-05-03,0.0
4598,2011-05-02,0.0
4596,2011-06-30,-0.1
4595,2011-06-29,-0.1
4594,2011-06-28,-0.1
4593,2011-06-27,-0.1
4590,2011-06-24,-0.1
4589,2011-06-23,-0.1
4588,2011-06-22,-0.1
4587,2011-06-21,-0.1
4586,2011-06-20,-0.1
4583,2011-06-17,-0.1
4582,2011-06-16,-0.1
4581,2011-06-15,-0.1
4580,2011-06-14,-0.1
4579,2011-06-13,-0.1
4576,2011-06-10,-0.1
4575,2011-06-09,-0.1
4574,2011-06-08,-0.1
4573,2011-06-07,-0.1
4572,2011-06-06,-0.1
4569,2011-06-03,-0.1
4568,2011-06-02,-0.1
4567,2011-06-01,-0.1
4564,2011-07-29,-0.5
4563,2011-07-28,-0.5
4562,2011-07-27,-0.5
4561,2011-07-26,-0.5
4560,2011-07-25,-0.5
4557,2011-07-22,-0.5
4556,2011-07-21,-0.5
4555,2011-07-20,-0.5
4554,2011-07-19,-0.5
4553,2011-07-18,-0.5
4550,2011-07-15,-0.5
4549,2011-07-14,-0.5
4548,2011-07-13,-0.5
4547,2011-07-12,-0.5
4546,2011-07-11,-0.5
4543,2011-07-08,-0.5
4542,2011-07-07,-0.5
4541,2011-07-06,-0.5
4540,2011-07-05,-0.5
4539,2011-07-04,-0.5
4536,2011-07-01,-0.5
4535,2011-08-31,0.1
4534,2011-08-30,0.1
4533,2011-08-29,0.1
4530,2011-08-26,0.1
4529,2011-08-25,0.1
4528,2011-08-24,0.1
4527,2011-08-23,0.1
4526,2011-08-22,0.1
4523,2011-08-19,0.1
4522,2011-08-18,0.1
4521,2011-08-17,0.1
4520,2011-08-16,0.1
4519,2011-08-15,0.1
4516,2011-08-12,0.1
4515,2011-08-11,0.1
4514,2011-08-10,0.1
4513,2011-08-09,0.1
4512,2011-08-08,0.1
4509,2011-08-05,0.1
4508,2011-08-04,0.1
4507,2011-08-03,0.1
4506,2011-08-02,0.1
4505,2011-08-01,0.1
4504,2011-09-30,0.2
4503,2011-09-29,0.2
4502,2011-09-28,0.2
4501,2011-09-27,0.2
4500,2011-09-26,0.2
4497,2011-09-23,0.2
4496,2011-09-22,0.2
4495,2011-09-21,0.2
4494,2011-09-20,0.2
4493,2011-09-19,0.2
4490,2011-09-16,0.2
4489,2011-09-15,0.2
4488,2011-09-14,0.2
4487,2011-09-13,0.2
4486,2011-09-12,0.2
4483,2011-09-09,0.2
4482,2011-09-08,0.2
4481,2011-09-07,0.2
4480,2011-09-06,0.2
4479,2011-09-05,0.2
4476,2011-09-02,0.2
4475,2011-09-01,0.2
4474,2011-10-31,0.8
4471,2011-10-28,0.8
4470,2011-10-27,0.8
4469,2011-10-26,0.8
4468,2011-10-25,0.8
4467,2011-10-24,0.8
4464,2011-10-21,0.8
4463,2011-10-20,0.8
4462,2011-10-19,0.8
4461,2011-10-18,0.8
4460,2011-10-17,0.8
4457,2011-10-14,0.8
4456,2011-10-13,0.8
4455,2011-10-12,0.8
4454,2011-10-11,0.8
4453,2011-10-10,0.8
4450,2011-10-07,0.8
4449,2011-10-06,0.8
4448,2011-10-05,0.8
4447,2011-10-04,0.8
4446,2011-10-03,0.8
4443,2011-11-30,0.4
4442,2011-11-29,0.4
4441,2011-11-28,0.4
4438,2011-11-25,0.4
4437,2011-11-24,0.4
4436,2011-11-23,0.4
4435,2011-11-22,0.4
4434,2011-11-21,0.4
4431,2011-11-18,0.4
4430,2011-11-17,0.4
4429,2011-11-16,0.4
4428,2011-11-15,0.4
4427,2011-11-14,0.4
4424,2011-11-11,0.4
4423,2011-11-10,0.4
4422,2011-11-09,0.4
4421,2011-11-08,0.4
4420,2011-11-07,0.4
4417,2011-11-04,0.4
4416,2011-11-03,0.4
4415,2011-11-02,0.4
4414,2011-11-01,0.4
4412,2011-12-30,0.1
4411,2011-12-29,0.1
4410,2011-12-28,0.1
4409,2011-12-27,0.1
4405,2011-12-23,0.1
4404,2011-12-22,0.1
4403,2011-12-21,0.1
4402,2011-12-20,0.1
4401,2011-12-19,0.1
4398,2011-12-16,0.1
4397,2011-12-15,0.1
4396,2011-12-14,0.1
4395,2011-12-13,0.1
4394,2011-12-12,0.1
4391,2011-12-09,0.1
4390,2011-12-08,0.1
4389,2011-12-07,0.1
4388,2011-12-06,0.1
4387,2011-12-05,0.1
4384,2011-12-02,0.1
4383,2011-12-01,0.1
4382,2012-01-31,-1.1
4381,2012-01-30,-1.1
4378,2012-01-27,-1.1
4377,2012-01-26,-1.1
4376,2012-01-25,-1.1
4375,2012-01-24,-1.1
4374,2012-01-23,-1.1
4371,2012-01-20,-1.1
4370,2012-01-19,-1.1
4369,2012-01-18,-1.1
4368,2012-01-17,-1.1
4367,2012-01-16,-1.1
4364,2012-01-13,-1.1
4363,2012-01-12,-1.1
4362,2012-01-11,-1.1
4361,2012-01-10,-1.1
4360,2012-01-09,-1.1
4357,2012-01-06,-1.1
4356,2012-01-05,-1.1
4355,2012-01-04,-1.1
4354,2012-01-03,-1.1
4353,2012-01-02,-1.1
4351,2012-02-29,0.1
4350,2012-02-28,0.1
4349,2012-02-27,0.1
4346,2012-02-24,0.1
4345,2012-02-23,0.1
4344,2012-02-22,0.1
4343,2012-02-21,0.1
4342,2012-02-20,0.1
4339,2012-02-17,0.1
4338,2012-02-16,0.1
4337,2012-02-15,0.1
4336,2012-02-14,0.1
4335,2012-02-13,0.1
4332,2012-02-10,0.1
4331,2012-02-09,0.1
4330,2012-02-08,0.1
4329,2012-02-07,0.1
4328,2012-02-06,0.1
4325,2012-02-03,0.1
4324,2012-02-02,0.1
4323,2012-02-01,0.1
4321,2012-03-30,0.7
4320,2012-03-29,0.7
4319,2012-03-28,0.7
4318,2012-03-27,0.7
4317,2012-03-26,0.7
4314,2012-03-23,0.7
4313,2012-03-22,0.7
4312,2012-03-21,0.7
4311,2012-03-20,0.7
4310,2012-03-19,0.7
4307,2012-03-16,0.7
4306,2012-03-15,0.7
4305,2012-03-14,0.7
4304,2012-03-13,0.7
4303,2012-03-12,0.7
4300,2012-03-09,0.7
4299,2012-03-08,0.7
4298,2012-03-07,0.7
4297,2012-03-06,0.7
4296,2012-03-05,0.7
4293,2012-03-02,0.7
4292,2012-03-01,0.7
4291,2012-04-30,1.4
4288,2012-04-27,1.4
4287,2012-04-26,1.4
4286,2012-04-25,1.4
4285,2012-04-24,1.4
4284,2012-04-23,1.4
4281,2012-04-20,1.4
4280,2012-04-19,1.4
4279,2012-04-18,1.4
4278,2012-04-17,1.4
4277,2012-04-16,1.4
4274,2012-04-13,1.4
4273,2012-04-12,1.4
4272,2012-04-11,1.4
4271,2012-04-10,1.4
4266,2012-04-05,1.4
4265,2012-04-04,1.4
4264,2012-04-03,1.4
4263,2012-04-02,1.4
4261,2012-05-31,-0.1
4260,2012-05-30,-0.1
4259,2012-05-29,-0.1
4258,2012-05-28,-0.1
4255,2012-05-25,-0.1
4254,2012-05-24,-0.1
4253,2012-05-23,-0.1
4252,2012-05-22,-0.1
4251,2012-05-21,-0.1
4248,2012-05-18,-0.1
4247,2012-05-17,-0.1
4246,2012-05-16,-0.1
4245,2012-05-15,-0.1
4244,2012-05-14,-0.1
4241,2012-05-11,-0.1
4240,2012-05-10,-0.1
4239,2012-05-09,-0.1
4238,2012-05-08,-0.1
4237,2012-05-07,-0.1
4234,2012-05-04,-0.1
4233,2012-05-03,-0.1
4232,2012-05-02,-0.1
4229,2012-06-29,-0.2
4228,2012-06-28,-0.2
4227,2012-06-27,-0.2
4226,2012-06-26,-0.2
4225,2012-06-25,-0.2
4222,2012-06-22,-0.2
4221,2012-06-21,-0.2
4220,2012-06-20,-0.2
4219,2012-06-19,-0.2
4218,2012-06-18,-0.2
4215,2012-06-15,-0.2
4214,2012-06-14,-0.2
4213,2012-06-13,-0.2
4212,2012-06-12,-0.2
4211,2012-06-11,-0.2
4208,2012-06-08,-0.2
4207,2012-06-07,-0.2
4206,2012-06-06,-0.2
4205,2012-06-05,-0.2
4204,2012-06-04,-0.2
4201,2012-06-01,-0.2
4200,2012-07-31,-0.2
4199,2012-07-30,-0.2
4196,2012-07-27,-0.2
4195,2012-07-26,-0.2
4194,2012-07-25,-0.2
4193,2012-07-24,-0.2
4192,2012-07-23,-0.2
4189,2012-07-20,-0.2
4188,2012-07-19,-0.2
4187,2012-07-18,-0.2
4186,2012-07-17,-0.2
4185,2012-07-16,-0.2
4182,2012-07-13,-0.2
4181,2012-07-12,-0.2
4180,2012-07-11,-0.2
4179,2012-07-10,-0.2
4178,2012-07-09,-0.2
4175,2012-07-06,-0.2
4174,2012-07-05,-0.2
4173,2012-07-04,-0.2
4172,2012-07-03,-0.2
4171,2012-07-02,-0.2
4169,2012-08-31,0.6
4168,2012-08-30,0.6
4167,2012-08-29,0.6
4166,2012-08-28,0.6
4165,2012-08-27,0.6
4162,2012-08-24,0.6
4161,2012-08-23,0.6
4160,2012-08-22,0.6
4159,2012-08-21,0.6
4158,2012-08-20,0.6
4155,2012-08-17,0.6
4154,2012-08-16,0.6
4153,2012-08-15,0.6
4152,2012-08-14,0.6
4151,2012-08-13,0.6
4148,2012-08-10,0.6
4147,2012-08-09,0.6
4146,2012-08-08,0.6
4145,2012-08-07,0.6
4144,2012-08-06,0.6
4141,2012-08-03,0.6
4140,2012-08-02,0.6
4139,2012-08-01,0.6
4136,2012-09-28,1.0
4135,2012-09-27,1.0
4134,2012-09-26,1.0
4133,2012-09-25,1.0
4132,2012-09-24,1.0
4129,2012-09-21,1.0
4128,2012-09-20,1.0
4127,2012-09-19,1.0
4126,2012-09-18,1.0
4125,2012-09-17,1.0
4122,2012-09-14,1.0
4121,2012-09-13,1.0
4120,2012-09-12,1.0
4119,2012-09-11,1.0
4118,2012-09-10,1.0
4115,2012-09-07,1.0
4114,2012-09-06,1.0
4113,2012-09-05,1.0
4112,2012-09-04,1.0
4111,2012-09-03,1.0
4108,2012-10-31,0.8
4107,2012-10-30,0.8
4106,2012-10-29,0.8
4103,2012-10-26,0.8
4102,2012-10-25,0.8
4101,2012-10-24,0.8
4100,2012-10-23,0.8
4099,2012-10-22,0.8
4096,2012-10-19,0.8
4095,2012-10-18,0.8
4094,2012-10-17,0.8
4093,2012-10-16,0.8
4092,2012-10-15,0.8
4089,2012-10-12,0.8
4088,2012-10-11,0.8
4087,2012-10-10,0.8
4086,2012-10-09,0.8
4085,2012-10-08,0.8
4082,2012-10-05,0.8
4081,2012-10-04,0.8
4080,2012-10-03,0.8
4079,2012-10-02,0.8
4078,2012-10-01,0.8
4077,2012-11-30,-0.1
4076,2012-11-29,-0.1
4075,2012-11-28,-0.1
4074,2012-11-27,-0.1
4073,2012-11-26,-0.1
4070,2012-11-23,-0.1
4069,2012-11-22,-0.1
4068,2012-11-21,-0.1
4067,2012-11-20,-0.1
4066,2012-11-19,-0.1
4063,2012-11-16,-0.1
4062,2012-11-15,-0.1
4061,2012-11-14,-0.1
4060,2012-11-13,-0.1
4059,2012-11-12,-0.1
4056,2012-11-09,-0.1
4055,2012-11-08,-0.1
4054,2012-11-07,-0.1
4053,2012-11-06,-0.1
4052,2012-11-05,-0.1
4049,2012-11-02,-0.1
4048,2012-11-01,-0.1
4047,2012-12-31,0.1
4044,2012-12-28,0.1
4043,2012-12-27,0.1
4040,2012-12-24,0.1
4037,2012-12-21,0.1
4036,2012-12-20,0.1
4035,2012-12-19,0.1
4034,2012-12-18,0.1
4033,2012-12-17,0.1
4030,2012-12-14,0.1
4029,2012-12-13,0.1
4028,2012-12-12,0.1
4027,2012-12-11,0.1
4026,2012-12-10,0.1
4023,2012-12-07,0.1
4022,2012-12-06,0.1
4021,2012-12-05,0.1
4020,2012-12-04,0.1
4019,2012-12-03,0.1
4016,2013-01-31,-1.3
4015,2013-01-30,-1.3
4014,2013-01-29,-1.3
4013,2013-01-28,-1.3
4010,2013-01-25,-1.3
4009,2013-01-24,-1.3
4008,2013-01-23,-1.3
4007,2013-01-22,-1.3
4006,2013-01-21,-1.3
4003,2013-01-18,-1.3
4002,2013-01-17,-1.3
4001,2013-01-16,-1.3
4000,2013-01-15,-1.3
3999,2013-01-14,-1.3
3996,2013-01-11,-1.3
3995,2013-01-10,-1.3
3994,2013-01-09,-1.3
3993,2013-01-08,-1.3
3992,2013-01-07,-1.3
3989,2013-01-04,-1.3
3988,2013-01-03,-1.3
3987,2013-01-02,-1.3
3985,2013-02-28,0.2
3984,2013-02-27,0.2
3983,2013-02-26,0.2
3982,2013-02-25,0.2
3979,2013-02-22,0.2
3978,2013-02-21,0.2
3977,2013-02-20,0.2
3976,2013-02-19,0.2
3975,2013-02-18,0.2
3972,2013-02-15,0.2
3971,2013-02-14,0.2
3970,2013-02-13,0.2
3969,2013-02-12,0.2
3968,2013-02-11,0.2
3965,2013-02-08,0.2
3964,2013-02-07,0.2
3963,2013-02-06,0.2
3962,2013-02-05,0.2
3961,2013-02-04,0.2
3958,2013-02-01,0.2
3954,2013-03-28,0.4
3953,2013-03-27,0.4
3952,2013-03-26,0.4
3951,2013-03-25,0.4
3948,2013-03-22,0.4
3947,2013-03-21,0.4
3946,2013-03-20,0.4
3945,2013-03-19,0.4
3944,2013-03-18,0.4
3941,2013-03-15,0.4
3940,2013-03-14,0.4
3939,2013-03-13,0.4
3938,2013-03-12,0.4
3937,2013-03-11,0.4
3934,2013-03-08,0.4
3933,2013-03-07,0.4
3932,2013-03-06,0.4
3931,2013-03-05,0.4
3930,2013-03-04,0.4
3927,2013-03-01,0.4
3926,2013-04-30,0.4
3925,2013-04-29,0.4
3922,2013-04-26,0.4
3921,2013-04-25,0.4
3920,2013-04-24,0.4
3919,2013-04-23,0.4
3918,2013-04-22,0.4
3915,2013-04-19,0.4
3914,2013-04-18,0.4
3913,2013-04-17,0.4
3912,2013-04-16,0.4
3911,2013-04-15,0.4
3908,2013-04-12,0.4
3907,2013-04-11,0.4
3906,2013-04-10,0.4
3905,2013-04-09,0.4
3904,2013-04-08,0.4
3901,2013-04-05,0.4
3900,2013-04-04,0.4
3899,2013-04-03,0.4
3898,2013-04-02,0.4
3896,2013-05-31,0.2
3895,2013-05-30,0.2
3894,2013-05-29,0.2
3893,2013-05-28,0.2
3892,2013-05-27,0.2
3889,2013-05-24,0.2
3888,2013-05-23,0.2
3887,2013-05-22,0.2
3886,2013-05-21,0.2
3885,2013-05-20,0.2
3882,2013-05-17,0.2
3881,2013-05-16,0.2
3880,2013-05-15,0.2
3879,2013-05-14,0.2
3878,2013-05-13,0.2
3875,2013-05-10,0.2
3874,2013-05-09,0.2
3873,2013-05-08,0.2
3872,2013-05-07,0.2
3871,2013-05-06,0.2
3868,2013-05-03,0.2
3867,2013-05-02,0.2
3863,2013-06-28,0.1
3862,2013-06-27,0.1
3861,2013-06-26,0.1
3860,2013-06-25,0.1
3859,2013-06-24,0.1
3856,2013-06-21,0.1
3855,2013-06-20,0.1
3854,2013-06-19,0.1
3853,2013-06-18,0.1
3852,2013-06-17,0.1
3849,2013-06-14,0.1
3848,2013-06-13,0.1
3847,2013-06-12,0.1
3846,2013-06-11,0.1
3845,2013-06-10,0.1
3842,2013-06-07,0.1
3841,2013-06-06,0.1
3840,2013-06-05,0.1
3839,2013-06-04,0.1
3838,2013-06-03,0.1
3835,2013-07-31,-0.5
3834,2013-07-30,-0.5
3833,2013-07-29,-0.5
3830,2013-07-26,-0.5
3829,2013-07-25,-0.5
3828,2013-07-24,-0.5
3827,2013-07-23,-0.5
3826,2013-07-22,-0.5
3823,2013-07-19,-0.5
3822,2013-07-18,-0.5
3821,2013-07-17,-0.5
3820,2013-07-16,-0.5
3819,2013-07-15,-0.5
3816,2013-07-12,-0.5
3815,2013-07-11,-0.5
3814,2013-07-10,-0.5
3813,2013-07-09,-0.5
3812,2013-07-08,-0.5
3809,2013-07-05,-0.5
3808,2013-07-04,-0.5
3807,2013-07-03,-0.5
3806,2013-07-02,-0.5
3805,2013-07-01,-0.5
3803,2013-08-30,0.3
3802,2013-08-29,0.3
3801,2013-08-28,0.3
3800,2013-08-27,0.3
3799,2013-08-26,0.3
3796,2013-08-23,0.3
3795,2013-08-22,0.3
3794,2013-08-21,0.3
3793,2013-08-20,0.3
3792,2013-08-19,0.3
3789,2013-08-16,0.3
3788,2013-08-15,0.3
3787,2013-08-14,0.3
3786,2013-08-13,0.3
3785,2013-08-12,0.3
3782,2013-08-09,0.3
3781,2013-08-08,0.3
3780,2013-08-07,0.3
3779,2013-08-06,0.3
3778,2013-08-05,0.3
3775,2013-08-02,0.3
3774,2013-08-01,0.3
3773,2013-09-30,-0.2
3770,2013-09-27,-0.2
3769,2013-09-26,-0.2
3768,2013-09-25,-0.2
3767,2013-09-24,-0.2
3766,2013-09-23,-0.2
3763,2013-09-20,-0.2
3762,2013-09-19,-0.2
3761,2013-09-18,-0.2
3760,2013-09-17,-0.2
3759,2013-09-16,-0.2
3756,2013-09-13,-0.2
3755,2013-09-12,-0.2
3754,2013-09-11,-0.2
3753,2013-09-10,-0.2
3752,2013-09-09,-0.2
3749,2013-09-06,-0.2
3748,2013-09-05,-0.2
3747,2013-09-04,-0.2
3746,2013-09-03,-0.2
3745,2013-09-02,-0.2
3743,2013-10-31,0.4
3742,2013-10-30,0.4
3741,2013-10-29,0.4
3740,2013-10-28,0.4
3737,2013-10-25,0.4
3736,2013-10-24,0.4
3735,2013-10-23,0.4
3734,2013-10-22,0.4
3733,2013-10-21,0.4
3730,2013-10-18,0.4
3729,2013-10-17,0.4
3728,2013-10-16,0.4
3727,2013-10-15,0.4
3726,2013-10-14,0.4
3723,2013-10-11,0.4
3722,2013-10-10,0.4
3721,2013-10-09,0.4
3720,2013-10-08,0.4
3719,2013-10-07,0.4
3716,2013-10-04,0.4
3715,2013-10-03,0.4
3714,2013-10-02,0.4
3713,2013-10-01,0.4
3711,2013-11-29,0.2
3710,2013-11-28,0.2
3709,2013-11-27,0.2
3708,2013-11-26,0.2
3707,2013-11-25,0.2
3704,2013-11-22,0.2
3703,2013-11-21,0.2
3702,2013-11-20,0.2
3701,2013-11-19,0.2
3700,2013-11-18,0.2
3697,2013-11-15,0.2
3696,2013-11-14,0.2
3695,2013-11-13,0.2
3694,2013-11-12,0.2
3693,2013-11-11,0.2
3690,2013-11-08,0.2
3689,2013-11-07,0.2
3688,2013-11-06,0.2
3687,2013-11-05,0.2
3686,2013-11-04,0.2
3683,2013-11-01,0.2
3682,2013-12-31,0.1
3681,2013-12-30,0.1
3678,2013-12-27,0.1
3675,2013-12-24,0.1
3674,2013-12-23,0.1
3671,2013-12-20,0.1
3670,2013-12-19,0.1
3669,2013-12-18,0.1
3668,2013-12-17,0.1
3667,2013-12-16,0.1
3664,2013-12-13,0.1
3663,2013-12-12,0.1
3662,2013-12-11,0.1
3661,2013-12-10,0.1
3660,2013-12-09,0.1
3657,2013-12-06,0.1
3656,2013-12-05,0.1
3655,2013-12-04,0.1
3654,2013-12-03,0.1
3653,2013-12-02,0.1
3651,2014-01-31,-1.3
3650,2014-01-30,-1.3
3649,2014-01-29,-1.3
3648,2014-01-28,-1.3
3647,2014-01-27,-1.3
3644,2014-01-24,-1.3
3643,2014-01-23,-1.3
3642,2014-01-22,-1.3
3641,2014-01-21,-1.3
3640,2014-01-20,-1.3
3637,2014-01-17,-1.3
3636,2014-01-16,-1.3
3635,2014-01-15,-1.3
3634,2014-01-14,-1.3
3633,2014-01-13,-1.3
3630,2014-01-10,-1.3
3629,2014-01-09,-1.3
3628,2014-01-08,-1.3
3627,2014-01-07,-1.3
3626,2014-01-06,-1.3
3623,2014-01-03,-1.3
3622,2014-01-02,-1.3
3620,2014-02-28,0.0
3619,2014-02-27,0.0
3618,2014-02-26,0.0
3617,2014-02-25,0.0
3616,2014-02-24,0.0
3613,2014-02-21,0.0
3612,2014-02-20,0.0
3611,2014-02-19,0.0
3610,2014-02-18,0.0
3609,2014-02-17,0.0
3606,2014-02-14,0.0
3605,2014-02-13,0.0
3604,2014-02-12,0.0
3603,2014-02-11,0.0
3602,2014-02-10,0.0
3599,2014-02-07,0.0
3598,2014-02-06,0.0
3597,2014-02-05,0.0
3596,2014-02-04,0.0
3595,2014-02-03,0.0
3592,2014-03-31,0.2
3589,2014-03-28,0.2
3588,2014-03-27,0.2
3587,2014-03-26,0.2
3586,2014-03-25,0.2
3585,2014-03-24,0.2
3582,2014-03-21,0.2
3581,2014-03-20,0.2
3580,2014-03-19,0.2
3579,2014-03-18,0.2
3578,2014-03-17,0.2
3575,2014-03-14,0.2
3574,2014-03-13,0.2
3573,2014-03-12,0.2
3572,2014-03-11,0.2
3571,2014-03-10,0.2
3568,2014-03-07,0.2
3567,2014-03-06,0.2
3566,2014-03-05,0.2
3565,2014-03-04,0.2
3564,2014-03-03,0.2
3561,2014-04-30,0.9
3560,2014-04-29,0.9
3559,2014-04-28,0.9
3556,2014-04-25,0.9
3555,2014-04-24,0.9
3554,2014-04-23,0.9
3553,2014-04-22,0.9
3548,2014-04-17,0.9
3547,2014-04-16,0.9
3546,2014-04-15,0.9
3545,2014-04-14,0.9
3542,2014-04-11,0.9
3541,2014-04-10,0.9
3540,2014-04-09,0.9
3539,2014-04-08,0.9
3538,2014-04-07,0.9
3535,2014-04-04,0.9
3534,2014-04-03,0.9
3533,2014-04-02,0.9
3532,2014-04-01,0.9
3530,2014-05-30,0.0
3529,2014-05-29,0.0
3528,2014-05-28,0.0
3527,2014-05-27,0.0
3526,2014-05-26,0.0
3523,2014-05-23,0.0
3522,2014-05-22,0.0
3521,2014-05-21,0.0
3520,2014-05-20,0.0
3519,2014-05-19,0.0
3516,2014-05-16,0.0
3515,2014-05-15,0.0
3514,2014-05-14,0.0
3513,2014-05-13,0.0
3512,2014-05-12,0.0
3509,2014-05-09,0.0
3508,2014-05-08,0.0
3507,2014-05-07,0.0
3506,2014-05-06,0.0
3505,2014-05-05,0.0
3502,2014-05-02,0.0
3500,2014-06-30,0.0
3497,2014-06-27,0.0
3496,2014-06-26,0.0
3495,2014-06-25,0.0
3494,2014-06-24,0.0
3493,2014-06-23,0.0
3490,2014-06-20,0.0
3489,2014-06-19,0.0
3488,2014-06-18,0.0
3487,2014-06-17,0.0
3486,2014-06-16,0.0
3483,2014-06-13,0.0
3482,2014-06-12,0.0
3481,2014-06-11,0.0
3480,2014-06-10,0.0
3479,2014-06-09,0.0
3476,2014-06-06,0.0
3475,2014-06-05,0.0
3474,2014-06-04,0.0
3473,2014-06-03,0.0
3472,2014-06-02,0.0
3470,2014-07-31,-0.9
3469,2014-07-30,-0.9
3468,2014-07-29,-0.9
3467,2014-07-28,-0.9
3464,2014-07-25,-0.9
3463,2014-07-24,-0.9
3462,2014-07-23,-0.9
3461,2014-07-22,-0.9
3460,2014-07-21,-0.9
3457,2014-07-18,-0.9
3456,2014-07-17,-0.9
3455,2014-07-16,-0.9
3454,2014-07-15,-0.9
3453,2014-07-14,-0.9
3450,2014-07-11,-0.9
3449,2014-07-10,-0.9
3448,2014-07-09,-0.9
3447,2014-07-08,-0.9
3446,2014-07-07,-0.9
3443,2014-07-04,-0.9
3442,2014-07-03,-0.9
3441,2014-07-02,-0.9
3440,2014-07-01,-0.9
3437,2014-08-29,0.2
3436,2014-08-28,0.2
3435,2014-08-27,0.2
3434,2014-08-26,0.2
3433,2014-08-25,0.2
3430,2014-08-22,0.2
3429,2014-08-21,0.2
3428,2014-08-20,0.2
3427,2014-08-19,0.2
3426,2014-08-18,0.2
3423,2014-08-15,0.2
3422,2014-08-14,0.2
3421,2014-08-13,0.2
3420,2014-08-12,0.2
3419,2014-08-11,0.2
3416,2014-08-08,0.2
3415,2014-08-07,0.2
3414,2014-08-06,0.2
3413,2014-08-05,0.2
3412,2014-08-04,0.2
3409,2014-08-01,0.2
3408,2014-09-30,0.2
3407,2014-09-29,0.2
3404,2014-09-26,0.2
3403,2014-09-25,0.2
3402,2014-09-24,0.2
3401,2014-09-23,0.2
3400,2014-09-22,0.2
3397,2014-09-19,0.2
3396,2014-09-18,0.2
3395,2014-09-17,0.2
3394,2014-09-16,0.2
3393,2014-09-15,0.2
3390,2014-09-12,0.2
3389,2014-09-11,0.2
3388,2014-09-10,0.2
3387,2014-09-09,0.2
3386,2014-09-08,0.2
3383,2014-09-05,0.2
3382,2014-09-04,0.2
3381,2014-09-03,0.2
3380,2014-09-02,0.2
3379,2014-09-01,0.2
3378,2014-10-31,0.5
3377,2014-10-30,0.5
3376,2014-10-29,0.5
3375,2014-10-28,0.5
3374,2014-10-27,0.5
3371,2014-10-24,0.5
3370,2014-10-23,0.5
3369,2014-10-22,0.5
3368,2014-10-21,0.5
3367,2014-10-20,0.5
3364,2014-10-17,0.5
3363,2014-10-16,0.5
3362,2014-10-15,0.5
3361,2014-10-14,0.5
3360,2014-10-13,0.5
3357,2014-10-10,0.5
3356,2014-10-09,0.5
3355,2014-10-08,0.5
3354,2014-10-07,0.5
3353,2014-10-06,0.5
3350,2014-10-03,0.5
3349,2014-10-02,0.5
3348,2014-10-01,0.5
3345,2014-11-28,-0.1
3344,2014-11-27,-0.1
3343,2014-11-26,-0.1
3342,2014-11-25,-0.1
3341,2014-11-24,-0.1
3338,2014-11-21,-0.1
3337,2014-11-20,-0.1
3336,2014-11-19,-0.1
3335,2014-11-18,-0.1
3334,2014-11-17,-0.1
3331,2014-11-14,-0.1
3330,2014-11-13,-0.1
3329,2014-11-12,-0.1
3328,2014-11-11,-0.1
3327,2014-11-10,-0.1
3324,2014-11-07,-0.1
3323,2014-11-06,-0.1
3322,2014-11-05,-0.1
3321,2014-11-04,-0.1
3320,2014-11-03,-0.1
3317,2014-12-31,-0.6
3316,2014-12-30,-0.6
3315,2014-12-29,-0.6
3310,2014-12-24,-0.6
3309,2014-12-23,-0.6
3308,2014-12-22,-0.6
3305,2014-12-19,-0.6
3304,2014-12-18,-0.6
3303,2014-12-17,-0.6
3302,2014-12-16,-0.6
3301,2014-12-15,-0.6
3298,2014-12-12,-0.6
3297,2014-12-11,-0.6
3296,2014-12-10,-0.6
3295,2014-12-09,-0.6
3294,2014-12-08,-0.6
3291,2014-12-05,-0.6
3290,2014-12-04,-0.6
3289,2014-12-03,-0.6
3288,2014-12-02,-0.6
3287,2014-12-01,-0.6
3285,2015-01-30,-1.6
3284,2015-01-29,-1.6
3283,2015-01-28,-1.6
3282,2015-01-27,-1.6
3281,2015-01-26,-1.6
3278,2015-01-23,-1.6
3277,2015-01-22,-1.6
3276,2015-01-21,-1.6
3275,2015-01-20,-1.6
3274,2015-01-19,-1.6
3271,2015-01-16,-1.6
3270,2015-01-15,-1.6
3269,2015-01-14,-1.6
3268,2015-01-13,-1.6
3267,2015-01-12,-1.6
3264,2015-01-09,-1.6
3263,2015-01-08,-1.6
3262,2015-01-07,-1.6
3261,2015-01-06,-1.6
3260,2015-01-05,-1.6
3257,2015-01-02,-1.6
3254,2015-02-27,0.2
3253,2015-02-26,0.2
3252,2015-02-25,0.2
3251,2015-02-24,0.2
3250,2015-02-23,0.2
3247,2015-02-20,0.2
3246,2015-02-19,0.2
3245,2015-02-18,0.2
3244,2015-02-17,0.2
3243,2015-02-16,0.2
3240,2015-02-13,0.2
3239,2015-02-12,0.2
3238,2015-02-11,0.2
3237,2015-02-10,0.2
3236,2015-02-09,0.2
3233,2015-02-06,0.2
3232,2015-02-05,0.2
3231,2015-02-04,0.2
3230,2015-02-03,0.2
3229,2015-02-02,0.2
3227,2015-03-31,0.6
3226,2015-03-30,0.6
3223,2015-03-27,0.6
3222,2015-03-26,0.6
3221,2015-03-25,0.6
3220,2015-03-24,0.6
3219,2015-03-23,0.6
3216,2015-03-20,0.6
3215,2015-03-19,0.6
3214,2015-03-18,0.6
3213,2015-03-17,0.6
3212,2015-03-16,0.6
3209,2015-03-13,0.6
3208,2015-03-12,0.6
3207,2015-03-11,0.6
3206,2015-03-10,0.6
3205,2015-03-09,0.6
3202,2015-03-06,0.6
3201,2015-03-05,0.6
3200,2015-03-04,0.6
3199,2015-03-03,0.6
3198,2015-03-02,0.6
3196,2015-04-30,0.9
3195,2015-04-29,0.9
3194,2015-04-28,0.9
3193,2015-04-27,0.9
3190,2015-04-24,0.9
3189,2015-04-23,0.9
3188,2015-04-22,0.9
3187,2015-04-21,0.9
3186,2015-04-20,0.9
3183,2015-04-17,0.9
3182,2015-04-16,0.9
3181,2015-04-15,0.9
3180,2015-04-14,0.9
3179,2015-04-13,0.9
3176,2015-04-10,0.9
3175,2015-04-09,0.9
3174,2015-04-08,0.9
3173,2015-04-07,0.9
3168,2015-04-02,0.9
3167,2015-04-01,0.9
3164,2015-05-29,0.5
3163,2015-05-28,0.5
3162,2015-05-27,0.5
3161,2015-05-26,0.5
3160,2015-05-25,0.5
3157,2015-05-22,0.5
3156,2015-05-21,0.5
3155,2015-05-20,0.5
3154,2015-05-19,0.5
3153,2015-05-18,0.5
3150,2015-05-15,0.5
3149,2015-05-14,0.5
3148,2015-05-13,0.5
3147,2015-05-12,0.5
3146,2015-05-11,0.5
3143,2015-05-08,0.5
3142,2015-05-07,0.5
3141,2015-05-06,0.5
3140,2015-05-05,0.5
3139,2015-05-04,0.5
3135,2015-06-30,0.3
3134,2015-06-29,0.3
3131,2015-06-26,0.3
3130,2015-06-25,0.3
3129,2015-06-24,0.3
3128,2015-06-23,0.3
3127,2015-06-22,0.3
3124,2015-06-19,0.3
3123,2015-06-18,0.3
3122,2015-06-17,0.3
3121,2015-06-16,0.3
3120,2015-06-15,0.3
3117,2015-06-12,0.3
3116,2015-06-11,0.3
3115,2015-06-10,0.3
3114,2015-06-09,0.3
3113,2015-06-08,0.3
3110,2015-06-05,0.3
3109,2015-06-04,0.3
3108,2015-06-03,0.3
3107,2015-06-02,0.3
3106,2015-06-01,0.3
3105,2015-07-31,-0.9
3104,2015-07-30,-0.9
3103,2015-07-29,-0.9
3102,2015-07-28,-0.9
3101,2015-07-27,-0.9
3098,2015-07-24,-0.9
3097,2015-07-23,-0.9
3096,2015-07-22,-0.9
3095,2015-07-21,-0.9
3094,2015-07-20,-0.9
3091,2015-07-17,-0.9
3090,2015-07-16,-0.9
3089,2015-07-15,-0.9
3088,2015-07-14,-0.9
3087,2015-07-13,-0.9
3084,2015-07-10,-0.9
3083,2015-07-09,-0.9
3082,2015-07-08,-0.9
3081,2015-07-07,-0.9
3080,2015-07-06,-0.9
3077,2015-07-03,-0.9
3076,2015-07-02,-0.9
3075,2015-07-01,-0.9
3074,2015-08-31,-0.3
3071,2015-08-28,-0.3
3070,2015-08-27,-0.3
3069,2015-08-26,-0.3
3068,2015-08-25,-0.3
3067,2015-08-24,-0.3
3064,2015-08-21,-0.3
3063,2015-08-20,-0.3
3062,2015-08-19,-0.3
3061,2015-08-18,-0.3
3060,2015-08-17,-0.3
3057,2015-08-14,-0.3
3056,2015-08-13,-0.3
3055,2015-08-12,-0.3
3054,2015-08-11,-0.3
3053,2015-08-10,-0.3
3050,2015-08-07,-0.3
3049,2015-08-06,-0.3
3048,2015-08-05,-0.3
3047,2015-08-04,-0.3
3046,2015-08-03,-0.3
3043,2015-09-30,-0.3
3042,2015-09-29,-0.3
3041,2015-09-28,-0.3
3038,2015-09-25,-0.3
3037,2015-09-24,-0.3
3036,2015-09-23,-0.3
3035,2015-09-22,-0.3
3034,2015-09-21,-0.3
3031,2015-09-18,-0.3
3030,2015-09-17,-0.3
3029,2015-09-16,-0.3
3028,2015-09-15,-0.3
3027,2015-09-14,-0.3
3024,2015-09-11,-0.3
3023,2015-09-10,-0.3
3022,2015-09-09,-0.3
3021,2015-09-08,-0.3
3020,2015-09-07,-0.3
3017,2015-09-04,-0.3
3016,2015-09-03,-0.3
3015,2015-09-02,-0.3
3014,2015-09-01,-0.3
3012,2015-10-30,0.6
3011,2015-10-29,0.6
3010,2015-10-28,0.6
3009,2015-10-27,0.6
3008,2015-10-26,0.6
3005,2015-10-23,0.6
3004,2015-10-22,0.6
3003,2015-10-21,0.6
3002,2015-10-20,0.6
3001,2015-10-19,0.6
2998,2015-10-16,0.6
2997,2015-10-15,0.6
2996,2015-10-14,0.6
2995,2015-10-13,0.6
2994,2015-10-12,0.6
2991,2015-10-09,0.6
2990,2015-10-08,0.6
2989,2015-10-07,0.6
2988,2015-10-06,0.6
2987,2015-10-05,0.6
2984,2015-10-02,0.6
2983,2015-10-01,0.6
2982,2015-11-30,0.4
2979,2015-11-27,0.4
2978,2015-11-26,0.4
2977,2015-11-25,0.4
2976,2015-11-24,0.4
2975,2015-11-23,0.4
2972,2015-11-20,0.4
2971,2015-11-19,0.4
2970,2015-11-18,0.4
2969,2015-11-17,0.4
2968,2015-11-16,0.4
2965,2015-11-13,0.4
2964,2015-11-12,0.4
2963,2015-11-11,0.4
2962,2015-11-10,0.4
2961,2015-11-09,0.4
2958,2015-11-06,0.4
2957,2015-11-05,0.4
2956,2015-11-04,0.4
2955,2015-11-03,0.4
2954,2015-11-02,0.4
2952,2015-12-31,-0.3
2951,2015-12-30,-0.3
2950,2015-12-29,-0.3
2949,2015-12-28,-0.3
2945,2015-12-24,-0.3
2944,2015-12-23,-0.3
2943,2015-12-22,-0.3
2942,2015-12-21,-0.3
2939,2015-12-18,-0.3
2938,2015-12-17,-0.3
2937,2015-12-16,-0.3
2936,2015-12-15,-0.3
2935,2015-12-14,-0.3
2932,2015-12-11,-0.3
2931,2015-12-10,-0.3
2930,2015-12-09,-0.3
2929,2015-12-08,-0.3
2928,2015-12-07,-0.3
2925,2015-12-04,-0.3
2924,2015-12-03,-0.3
2923,2015-12-02,-0.3
2922,2015-12-01,-0.3
2919,2016-01-29,-1.9
2918,2016-01-28,-1.9
2917,2016-01-27,-1.9
2916,2016-01-26,-1.9
2915,2016-01-25,-1.9
2912,2016-01-22,-1.9
2911,2016-01-21,-1.9
2910,2016-01-20,-1.9
2909,2016-01-19,-1.9
2908,2016-01-18,-1.9
2905,2016-01-15,-1.9
2904,2016-01-14,-1.9
2903,2016-01-13,-1.9
2902,2016-01-12,-1.9
2901,2016-01-11,-1.9
2898,2016-01-08,-1.9
2897,2016-01-07,-1.9
2896,2016-01-06,-1.9
2895,2016-01-05,-1.9
2894,2016-01-04,-1.9
2890,2016-02-29,-0.4
2887,2016-02-26,-0.4
2886,2016-02-25,-0.4
2885,2016-02-24,-0.4
2884,2016-02-23,-0.4
2883,2016-02-22,-0.4
2880,2016-02-19,-0.4
2879,2016-02-18,-0.4
2878,2016-02-17,-0.4
2877,2016-02-16,-0.4
2876,2016-02-15,-0.4
2873,2016-02-12,-0.4
2872,2016-02-11,-0.4
2871,2016-02-10,-0.4
2870,2016-02-09,-0.4
2869,2016-02-08,-0.4
2866,2016-02-05,-0.4
2865,2016-02-04,-0.4
2864,2016-02-03,-0.4
2863,2016-02-02,-0.4
2862,2016-02-01,-0.4
2861,2016-03-31,0.6
2860,2016-03-30,0.6
2859,2016-03-29,0.6
2854,2016-03-24,0.6
2853,2016-03-23,0.6
2852,2016-03-22,0.6
2851,2016-03-21,0.6
2848,2016-03-18,0.6
2847,2016-03-17,0.6
2846,2016-03-16,0.6
2845,2016-03-15,0.6
2844,2016-03-14,0.6
2841,2016-03-11,0.6
2840,2016-03-10,0.6
2839,2016-03-09,0.6
2838,2016-03-08,0.6
2837,2016-03-07,0.6
2834,2016-03-04,0.6
2833,2016-03-03,0.6
2832,2016-03-02,0.6
2831,2016-03-01,0.6
2829,2016-04-29,0.7
2828,2016-04-28,0.7
2827,2016-04-27,0.7
2826,2016-04-26,0.7
2825,2016-04-25,0.7
2822,2016-04-22,0.7
2821,2016-04-21,0.7
2820,2016-04-20,0.7
2819,2016-04-19,0.7
2818,2016-04-18,0.7
2815,2016-04-15,0.7
2814,2016-04-14,0.7
2813,2016-04-13,0.7
2812,2016-04-12,0.7
2811,2016-04-11,0.7
2808,2016-04-08,0.7
2807,2016-04-07,0.7
2806,2016-04-06,0.7
2805,2016-04-05,0.7
2804,2016-04-04,0.7
2801,2016-04-01,0.7
2800,2016-05-31,0.5
2799,2016-05-30,0.5
2796,2016-05-27,0.5
2795,2016-05-26,0.5
2794,2016-05-25,0.5
2793,2016-05-24,0.5
2792,2016-05-23,0.5
2789,2016-05-20,0.5
2788,2016-05-19,0.5
2787,2016-05-18,0.5
2786,2016-05-17,0.5
2785,2016-05-16,0.5
2782,2016-05-13,0.5
2781,2016-05-12,0.5
2780,2016-05-11,0.5
2779,2016-05-10,0.5
2778,2016-05-09,0.5
2775,2016-05-06,0.5
2774,2016-05-05,0.5
2773,2016-05-04,0.5
2772,2016-05-03,0.5
2771,2016-05-02,0.5
2769,2016-06-30,0.5
2768,2016-06-29,0.5
2767,2016-06-28,0.5
2766,2016-06-27,0.5
2763,2016-06-24,0.5
2762,2016-06-23,0.5
2761,2016-06-22,0.5
2760,2016-06-21,0.5
2759,2016-06-20,0.5
2756,2016-06-17,0.5
2755,2016-06-16,0.5
2754,2016-06-15,0.5
2753,2016-06-14,0.5
2752,2016-06-13,0.5
2749,2016-06-10,0.5
2748,2016-06-09,0.5
2747,2016-06-08,0.5
2746,2016-06-07,0.5
2745,2016-06-06,0.5
2742,2016-06-03,0.5
2741,2016-06-02,0.5
2740,2016-06-01,0.5
2737,2016-07-29,-0.7
2736,2016-07-28,-0.7
2735,2016-07-27,-0.7
2734,2016-07-26,-0.7
2733,2016-07-25,-0.7
2730,2016-07-22,-0.7
2729,2016-07-21,-0.7
2728,2016-07-20,-0.7
2727,2016-07-19,-0.7
2726,2016-07-18,-0.7
2723,2016-07-15,-0.7
2722,2016-07-14,-0.7
2721,2016-07-13,-0.7
2720,2016-07-12,-0.7
2719,2016-07-11,-0.7
2716,2016-07-08,-0.7
2715,2016-07-07,-0.7
2714,2016-07-06,-0.7
2713,2016-07-05,-0.7
2712,2016-07-04,-0.7
2709,2016-07-01,-0.7
2708,2016-08-31,0.1
2707,2016-08-30,0.1
2706,2016-08-29,0.1
2703,2016-08-26,0.1
2702,2016-08-25,0.1
2701,2016-08-24,0.1
2700,2016-08-23,0.1
2699,2016-08-22,0.1
2696,2016-08-19,0.1
2695,2016-08-18,0.1
2694,2016-08-17,0.1
2693,2016-08-16,0.1
2692,2016-08-15,0.1
2689,2016-08-12,0.1
2688,2016-08-11,0.1
2687,2016-08-10,0.1
2686,2016-08-09,0.1
2685,2016-08-08,0.1
2682,2016-08-05,0.1
2681,2016-08-04,0.1
2680,2016-08-03,0.1
2679,2016-08-02,0.1
2678,2016-08-01,0.1
2677,2016-09-30,0.0
2676,2016-09-29,0.0
2675,2016-09-28,0.0
2674,2016-09-27,0.0
2673,2016-09-26,0.0
2670,2016-09-23,0.0
2669,2016-09-22,0.0
2668,2016-09-21,0.0
2667,2016-09-20,0.0
2666,2016-09-19,0.0
2663,2016-09-16,0.0
2662,2016-09-15,0.0
2661,2016-09-14,0.0
2660,2016-09-13,0.0
2659,2016-09-12,0.0
2656,2016-09-09,0.0
2655,2016-09-08,0.0
2654,2016-09-07,0.0
2653,2016-09-06,0.0
2652,2016-09-05,0.0
2649,2016-09-02,0.0
2648,2016-09-01,0.0
2647,2016-10-31,1.1
2644,2016-10-28,1.1
2643,2016-10-27,1.1
2642,2016-10-26,1.1
2641,2016-10-25,1.1
2640,2016-10-24,1.1
2637,2016-10-21,1.1
2636,2016-10-20,1.1
2635,2016-10-19,1.1
2634,2016-10-18,1.1
2633,2016-10-17,1.1
2630,2016-10-14,1.1
2629,2016-10-13,1.1
2628,2016-10-12,1.1
2627,2016-10-11,1.1
2626,2016-10-10,1.1
2623,2016-10-07,1.1
2622,2016-10-06,1.1
2621,2016-10-05,1.1
2620,2016-10-04,1.1
2619,2016-10-03,1.1
2616,2016-11-30,0.4
2615,2016-11-29,0.4
2614,2016-11-28,0.4
2611,2016-11-25,0.4
2610,2016-11-24,0.4
2609,2016-11-23,0.4
2608,2016-11-22,0.4
2607,2016-11-21,0.4
2604,2016-11-18,0.4
2603,2016-11-17,0.4
2602,2016-11-16,0.4
2601,2016-11-15,0.4
2600,2016-11-14,0.4
2597,2016-11-11,0.4
2596,2016-11-10,0.4
2595,2016-11-09,0.4
2594,2016-11-08,0.4
2593,2016-11-07,0.4
2590,2016-11-04,0.4
2589,2016-11-03,0.4
2588,2016-11-02,0.4
2587,2016-11-01,0.4
2585,2016-12-30,0.6
2584,2016-12-29,0.6
2583,2016-12-28,0.6
2582,2016-12-27,0.6
2578,2016-12-23,0.6
2577,2016-12-22,0.6
2576,2016-12-21,0.6
2575,2016-12-20,0.6
2574,2016-12-19,0.6
2571,2016-12-16,0.6
2570,2016-12-15,0.6
2569,2016-12-14,0.6
2568,2016-12-13,0.6
2567,2016-12-12,0.6
2564,2016-12-09,0.6
2563,2016-12-08,0.6
2562,2016-12-07,0.6
2561,2016-12-06,0.6
2560,2016-12-05,0.6
2557,2016-12-02,0.6
2556,2016-12-01,0.6
2555,2017-01-31,-0.5
2554,2017-01-30,-0.5
2551,2017-01-27,-0.5
2550,2017-01-26,-0.5
2549,2017-01-25,-0.5
2548,2017-01-24,-0.5
2547,2017-01-23,-0.5
2544,2017-01-20,-0.5
2543,2017-01-19,-0.5
2542,2017-01-18,-0.5
2541,2017-01-17,-0.5
2540,2017-01-16,-0.5
2537,2017-01-13,-0.5
2536,2017-01-12,-0.5
2535,2017-01-11,-0.5
2534,2017-01-10,-0.5
2533,2017-01-09,-0.5
2530,2017-01-06,-0.5
2529,2017-01-05,-0.5
2528,2017-01-04,-0.5
2527,2017-01-03,-0.5
2524,2017-02-28,-0.4
2523,2017-02-27,-0.4
2520,2017-02-24,-0.4
2519,2017-02-23,-0.4
2518,2017-02-22,-0.4
2517,2017-02-21,-0.4
2516,2017-02-20,-0.4
2513,2017-02-17,-0.4
2512,2017-02-16,-0.4
2511,2017-02-15,-0.4
2510,2017-02-14,-0.4
2509,2017-02-13,-0.4
2506,2017-02-10,-0.4
2505,2017-02-09,-0.4
2504,2017-02-08,-0.4
2503,2017-02-07,-0.4
2502,2017-02-06,-0.4
2499,2017-02-03,-0.4
2498,2017-02-02,-0.4
2497,2017-02-01,-0.4
2496,2017-03-31,0.0
2495,2017-03-30,0.0
2494,2017-03-29,0.0
2493,2017-03-28,0.0
2492,2017-03-27,0.0
2489,2017-03-24,0.0
2488,2017-03-23,0.0
2487,2017-03-22,0.0
2486,2017-03-21,0.0
2485,2017-03-20,0.0
2482,2017-03-17,0.0
2481,2017-03-16,0.0
2480,2017-03-15,0.0
2479,2017-03-14,0.0
2478,2017-03-13,0.0
2475,2017-03-10,0.0
2474,2017-03-09,0.0
2473,2017-03-08,0.0
2472,2017-03-07,0.0
2471,2017-03-06,0.0
2468,2017-03-03,0.0
2467,2017-03-02,0.0
2466,2017-03-01,0.0
2463,2017-04-28,1.0
2462,2017-04-27,1.0
2461,2017-04-26,1.0
2460,2017-04-25,1.0
2459,2017-04-24,1.0
2456,2017-04-21,1.0
2455,2017-04-20,1.0
2454,2017-04-19,1.0
2453,2017-04-18,1.0
2448,2017-04-13,1.0
2447,2017-04-12,1.0
2446,2017-04-11,1.0
2445,2017-04-10,1.0
2442,2017-04-07,1.0
2441,2017-04-06,1.0
2440,2017-04-05,1.0
2439,2017-04-04,1.0
2438,2017-04-03,1.0
2435,2017-05-31,-0.1
2434,2017-05-30,-0.1
2433,2017-05-29,-0.1
2430,2017-05-26,-0.1
2429,2017-05-25,-0.1
2428,2017-05-24,-0.1
2427,2017-05-23,-0.1
2426,2017-05-22,-0.1
2423,2017-05-19,-0.1
2422,2017-05-18,-0.1
2421,2017-05-17,-0.1
2420,2017-05-16,-0.1
2419,2017-05-15,-0.1
2416,2017-05-12,-0.1
2415,2017-05-11,-0.1
2414,2017-05-10,-0.1
2413,2017-05-09,-0.1
2412,2017-05-08,-0.1
2409,2017-05-05,-0.1
2408,2017-05-04,-0.1
2407,2017-05-03,-0.1
2406,2017-05-02,-0.1
2404,2017-06-30,0.0
2403,2017-06-29,0.0
2402,2017-06-28,0.0
2401,2017-06-27,0.0
2400,2017-06-26,0.0
2397,2017-06-23,0.0
2396,2017-06-22,0.0
2395,2017-06-21,0.0
2394,2017-06-20,0.0
2393,2017-06-19,0.0
2390,2017-06-16,0.0
2389,2017-06-15,0.0
2388,2017-06-14,0.0
2387,2017-06-13,0.0
2386,2017-06-12,0.0
2383,2017-06-09,0.0
2382,2017-06-08,0.0
2381,2017-06-07,0.0
2380,2017-06-06,0.0
2379,2017-06-05,0.0
2376,2017-06-02,0.0
2375,2017-06-01,0.0
2374,2017-07-31,-0.7
2371,2017-07-28,-0.7
2370,2017-07-27,-0.7
2369,2017-07-26,-0.7
2368,2017-07-25,-0.7
2367,2017-07-24,-0.7
2364,2017-07-21,-0.7
2363,2017-07-20,-0.7
2362,2017-07-19,-0.7
2361,2017-07-18,-0.7
2360,2017-07-17,-0.7
2357,2017-07-14,-0.7
2356,2017-07-13,-0.7
2355,2017-07-12,-0.7
2354,2017-07-11,-0.7
2353,2017-07-10,-0.7
2350,2017-07-07,-0.7
2349,2017-07-06,-0.7
2348,2017-07-05,-0.7
2347,2017-07-04,-0.7
2346,2017-07-03,-0.7
2343,2017-08-31,0.2
2342,2017-08-30,0.2
2341,2017-08-29,0.2
2340,2017-08-28,0.2
2337,2017-08-25,0.2
2336,2017-08-24,0.2
2335,2017-08-23,0.2
2334,2017-08-22,0.2
2333,2017-08-21,0.2
2330,2017-08-18,0.2
2329,2017-08-17,0.2
2328,2017-08-16,0.2
2327,2017-08-15,0.2
2326,2017-08-14,0.2
2323,2017-08-11,0.2
2322,2017-08-10,0.2
2321,2017-08-09,0.2
2320,2017-08-08,0.2
2319,2017-08-07,0.2
2316,2017-08-04,0.2
2315,2017-08-03,0.2
2314,2017-08-02,0.2
2313,2017-08-01,0.2
2311,2017-09-29,0.2
2310,2017-09-28,0.2
2309,2017-09-27,0.2
2308,2017-09-26,0.2
2307,2017-09-25,0.2
2304,2017-09-22,0.2
2303,2017-09-21,0.2
2302,2017-09-20,0.2
2301,2017-09-19,0.2
2300,2017-09-18,0.2
2297,2017-09-15,0.2
2296,2017-09-14,0.2
2295,2017-09-13,0.2
2294,2017-09-12,0.2
2293,2017-09-11,0.2
2290,2017-09-08,0.2
2289,2017-09-07,0.2
2288,2017-09-06,0.2
2287,2017-09-05,0.2
2286,2017-09-04,0.2
2283,2017-09-01,0.2
2282,2017-10-31,0.9
2281,2017-10-30,0.9
2278,2017-10-27,0.9
2277,2017-10-26,0.9
2276,2017-10-25,0.9
2275,2017-10-24,0.9
2274,2017-10-23,0.9
2271,2017-10-20,0.9
2270,2017-10-19,0.9
2269,2017-10-18,0.9
2268,2017-10-17,0.9
2267,2017-10-16,0.9
2264,2017-10-13,0.9
2263,2017-10-12,0.9
2262,2017-10-11,0.9
2261,2017-10-10,0.9
2260,2017-10-09,0.9
2257,2017-10-06,0.9
2256,2017-10-05,0.9
2255,2017-10-04,0.9
2254,2017-10-03,0.9
2253,2017-10-02,0.9
2251,2017-11-30,0.5
2250,2017-11-29,0.5
2249,2017-11-28,0.5
2248,2017-11-27,0.5
2245,2017-11-24,0.5
2244,2017-11-23,0.5
2243,2017-11-22,0.5
2242,2017-11-21,0.5
2241,2017-11-20,0.5
2238,2017-11-17,0.5
2237,2017-11-16,0.5
2236,2017-11-15,0.5
2235,2017-11-14,0.5
2234,2017-11-13,0.5
2231,2017-11-10,0.5
2230,2017-11-09,0.5
2229,2017-11-08,0.5
2228,2017-11-07,0.5
2227,2017-11-06,0.5
2224,2017-11-03,0.5
2223,2017-11-02,0.5
2222,2017-11-01,0.5
2219,2017-12-29,0.0
2218,2017-12-28,0.0
2217,2017-12-27,0.0
2212,2017-12-22,0.0
2211,2017-12-21,0.0
2210,2017-12-20,0.0
2209,2017-12-19,0.0
2208,2017-12-18,0.0
2205,2017-12-15,0.0
2204,2017-12-14,0.0
2203,2017-12-13,0.0
2202,2017-12-12,0.0
2201,2017-12-11,0.0
2198,2017-12-08,0.0
2197,2017-12-07,0.0
2196,2017-12-06,0.0
2195,2017-12-05,0.0
2194,2017-12-04,0.0
2191,2017-12-01,0.0
2190,2018-01-31,-1.1
2189,2018-01-30,-1.1
2188,2018-01-29,-1.1
2185,2018-01-26,-1.1
2184,2018-01-25,-1.1
2183,2018-01-24,-1.1
2182,2018-01-23,-1.1
2181,2018-01-22,-1.1
2178,2018-01-19,-1.1
2177,2018-01-18,-1.1
2176,2018-01-17,-1.1
2175,2018-01-16,-1.1
2174,2018-01-15,-1.1
2171,2018-01-12,-1.1
2170,2018-01-11,-1.1
2169,2018-01-10,-1.1
2168,2018-01-09,-1.1
2167,2018-01-08,-1.1
2164,2018-01-05,-1.1
2163,2018-01-04,-1.1
2162,2018-01-03,-1.1
2161,2018-01-02,-1.1
2159,2018-02-28,0.1
2158,2018-02-27,0.1
2157,2018-02-26,0.1
2154,2018-02-23,0.1
2153,2018-02-22,0.1
2152,2018-02-21,0.1
2151,2018-02-20,0.1
2150,2018-02-19,0.1
2147,2018-02-16,0.1
2146,2018-02-15,0.1
2145,2018-02-14,0.1
2144,2018-02-13,0.1
2143,2018-02-12,0.1
2140,2018-02-09,0.1
2139,2018-02-08,0.1
2138,2018-02-07,0.1
2137,2018-02-06,0.1
2136,2018-02-05,0.1
2133,2018-02-02,0.1
2132,2018-02-01,0.1
2129,2018-03-29,0.1
2128,2018-03-28,0.1
2127,2018-03-27,0.1
2126,2018-03-26,0.1
2123,2018-03-23,0.1
2122,2018-03-22,0.1
2121,2018-03-21,0.1
2120,2018-03-20,0.1
2119,2018-03-19,0.1
2116,2018-03-16,0.1
2115,2018-03-15,0.1
2114,2018-03-14,0.1
2113,2018-03-13,0.1
2112,2018-03-12,0.1
2109,2018-03-09,0.1
2108,2018-03-08,0.1
2107,2018-03-07,0.1
2106,2018-03-06,0.1
2105,2018-03-05,0.1
2102,2018-03-02,0.1
2101,2018-03-01,0.1
2100,2018-04-30,0.8
2097,2018-04-27,0.8
2096,2018-04-26,0.8
2095,2018-04-25,0.8
2094,2018-04-24,0.8
2093,2018-04-23,0.8
2090,2018-04-20,0.8
2089,2018-04-19,0.8
2088,2018-04-18,0.8
2087,2018-04-17,0.8
2086,2018-04-16,0.8
2083,2018-04-13,0.8
2082,2018-04-12,0.8
2081,2018-04-11,0.8
2080,2018-04-10,0.8
2079,2018-04-09,0.8
2076,2018-04-06,0.8
2075,2018-04-05,0.8
2074,2018-04-04,0.8
2073,2018-04-03,0.8
2070,2018-05-31,0.9
2069,2018-05-30,0.9
2068,2018-05-29,0.9
2067,2018-05-28,0.9
2064,2018-05-25,0.9
2063,2018-05-24,0.9
2062,2018-05-23,0.9
2061,2018-05-22,0.9
2060,2018-05-21,0.9
2057,2018-05-18,0.9
2056,2018-05-17,0.9
2055,2018-05-16,0.9
2054,2018-05-15,0.9
2053,2018-05-14,0.9
2050,2018-05-11,0.9
2049,2018-05-10,0.9
2048,2018-05-09,0.9
2047,2018-05-08,0.9
2046,2018-05-07,0.9
2043,2018-05-04,0.9
2042,2018-05-03,0.9
2041,2018-05-02,0.9
2038,2018-06-29,0.3
2037,2018-06-28,0.3
2036,2018-06-27,0.3
2035,2018-06-26,0.3
2034,2018-06-25,0.3
2031,2018-06-22,0.3
2030,2018-06-21,0.3
2029,2018-06-20,0.3
2028,2018-06-19,0.3
2027,2018-06-18,0.3
2024,2018-06-15,0.3
2023,2018-06-14,0.3
2022,2018-06-13,0.3
2021,2018-06-12,0.3
2020,2018-06-11,0.3
2017,2018-06-08,0.3
2016,2018-06-07,0.3
2015,2018-06-06,0.3
2014,2018-06-05,0.3
2013,2018-06-04,0.3
2010,2018-06-01,0.3
2009,2018-07-31,-0.7
2008,2018-07-30,-0.7
2005,2018-07-27,-0.7
2004,2018-07-26,-0.7
2003,2018-07-25,-0.7
2002,2018-07-24,-0.7
2001,2018-07-23,-0.7
1998,2018-07-20,-0.7
1997,2018-07-19,-0.7
1996,2018-07-18,-0.7
1995,2018-07-17,-0.7
1994,2018-07-16,-0.7
1991,2018-07-13,-0.7
1990,2018-07-12,-0.7
1989,2018-07-11,-0.7
1988,2018-07-10,-0.7
1987,2018-07-09,-0.7
1984,2018-07-06,-0.7
1983,2018-07-05,-0.7
1982,2018-07-04,-0.7
1981,2018-07-03,-0.7
1980,2018-07-02,-0.7
1978,2018-08-31,0.1
1977,2018-08-30,0.1
1976,2018-08-29,0.1
1975,2018-08-28,0.1
1974,2018-08-27,0.1
1971,2018-08-24,0.1
1970,2018-08-23,0.1
1969,2018-08-22,0.1
1968,2018-08-21,0.1
1967,2018-08-20,0.1
1964,2018-08-17,0.1
1963,2018-08-16,0.1
1962,2018-08-15,0.1
1961,2018-08-14,0.1
1960,2018-08-13,0.1
1957,2018-08-10,0.1
1956,2018-08-09,0.1
1955,2018-08-08,0.1
1954,2018-08-07,0.1
1953,2018-08-06,0.1
1950,2018-08-03,0.1
1949,2018-08-02,0.1
1948,2018-08-01,0.1
1945,2018-09-28,0.2
1944,2018-09-27,0.2
1943,2018-09-26,0.2
1942,2018-09-25,0.2
1941,2018-09-24,0.2
1938,2018-09-21,0.2
1937,2018-09-20,0.2
1936,2018-09-19,0.2
1935,2018-09-18,0.2
1934,2018-09-17,0.2
1931,2018-09-14,0.2
1930,2018-09-13,0.2
1929,2018-09-12,0.2
1928,2018-09-11,0.2
1927,2018-09-10,0.2
1924,2018-09-07,0.2
1923,2018-09-06,0.2
1922,2018-09-05,0.2
1921,2018-09-04,0.2
1920,2018-09-03,0.2
1917,2018-10-31,0.9
1916,2018-10-30,0.9
1915,2018-10-29,0.9
1912,2018-10-26,0.9
1911,2018-10-25,0.9
1910,2018-10-24,0.9
1909,2018-10-23,0.9
1908,2018-10-22,0.9
1905,2018-10-19,0.9
1904,2018-10-18,0.9
1903,2018-10-17,0.9
1902,2018-10-16,0.9
1901,2018-10-15,0.9
1898,2018-10-12,0.9
1897,2018-10-11,0.9
1896,2018-10-10,0.9
1895,2018-10-09,0.9
1894,2018-10-08,0.9
1891,2018-10-05,0.9
1890,2018-10-04,0.9
1889,2018-10-03,0.9
1888,2018-10-02,0.9
1887,2018-10-01,0.9
1886,2018-11-30,-0.1
1885,2018-11-29,-0.1
1884,2018-11-28,-0.1
1883,2018-11-27,-0.1
1882,2018-11-26,-0.1
1879,2018-11-23,-0.1
1878,2018-11-22,-0.1
1877,2018-11-21,-0.1
1876,2018-11-20,-0.1
1875,2018-11-19,-0.1
1872,2018-11-16,-0.1
1871,2018-11-15,-0.1
1870,2018-11-14,-0.1
1869,2018-11-13,-0.1
1868,2018-11-12,-0.1
1865,2018-11-09,-0.1
1864,2018-11-08,-0.1
1863,2018-11-07,-0.1
1862,2018-11-06,-0.1
1861,2018-11-05,-0.1
1858,2018-11-02,-0.1
1857,2018-11-01,-0.1
1856,2018-12-31,-0.4
1853,2018-12-28,-0.4
1852,2018-12-27,-0.4
1849,2018-12-24,-0.4
1846,2018-12-21,-0.4
1845,2018-12-20,-0.4
1844,2018-12-19,-0.4
1843,2018-12-18,-0.4
1842,2018-12-17,-0.4
1839,2018-12-14,-0.4
1838,2018-12-13,-0.4
1837,2018-12-12,-0.4
1836,2018-12-11,-0.4
1835,2018-12-10,-0.4
1832,2018-12-07,-0.4
1831,2018-12-06,-0.4
1830,2018-12-05,-0.4
1829,2018-12-04,-0.4
1828,2018-12-03,-0.4
1825,2019-01-31,-1.3
1824,2019-01-30,-1.3
1823,2019-01-29,-1.3
1822,2019-01-28,-1.3
1819,2019-01-25,-1.3
1818,2019-01-24,-1.3
1817,2019-01-23,-1.3
1816,2019-01-22,-1.3
1815,2019-01-21,-1.3
1812,2019-01-18,-1.3
1811,2019-01-17,-1.3
1810,2019-01-16,-1.3
1809,2019-01-15,-1.3
1808,2019-01-14,-1.3
1805,2019-01-11,-1.3
1804,2019-01-10,-1.3
1803,2019-01-09,-1.3
1802,2019-01-08,-1.3
1801,2019-01-07,-1.3
1798,2019-01-04,-1.3
1797,2019-01-03,-1.3
1796,2019-01-02,-1.3
1794,2019-02-28,0.2
1793,2019-02-27,0.2
1792,2019-02-26,0.2
1791,2019-02-25,0.2
1788,2019-02-22,0.2
1787,2019-02-21,0.2
1786,2019-02-20,0.2
1785,2019-02-19,0.2
1784,2019-02-18,0.2
1781,2019-02-15,0.2
1780,2019-02-14,0.2
1779,2019-02-13,0.2
1778,2019-02-12,0.2
1777,2019-02-11,0.2
1774,2019-02-08,0.2
1773,2019-02-07,0.2
1772,2019-02-06,0.2
1771,2019-02-05,0.2
1770,2019-02-04,0.2
1767,2019-02-01,0.2
1764,2019-03-29,0.4
1763,2019-03-28,0.4
1762,2019-03-27,0.4
1761,2019-03-26,0.4
1760,2019-03-25,0.4
1757,2019-03-22,0.4
1756,2019-03-21,0.4
1755,2019-03-20,0.4
1754,2019-03-19,0.4
1753,2019-03-18,0.4
1750,2019-03-15,0.4
1749,2019-03-14,0.4
1748,2019-03-13,0.4
1747,2019-03-12,0.4
1746,2019-03-11,0.4
1743,2019-03-08,0.4
1742,2019-03-07,0.4
1741,2019-03-06,0.4
1740,2019-03-05,0.4
1739,2019-03-04,0.4
1736,2019-03-01,0.4
1735,2019-04-30,1.0
1734,2019-04-29,1.0
1731,2019-04-26,1.0
1730,2019-04-25,1.0
1729,2019-04-24,1.0
1728,2019-04-23,1.0
1723,2019-04-18,1.0
1722,2019-04-17,1.0
1721,2019-04-16,1.0
1720,2019-04-15,1.0
1717,2019-04-12,1.0
1716,2019-04-11,1.0
1715,2019-04-10,1.0
1714,2019-04-09,1.0
1713,2019-04-08,1.0
1710,2019-04-05,1.0
1709,2019-04-04,1.0
1708,2019-04-03,1.0
1707,2019-04-02,1.0
1706,2019-04-01,1.0
1705,2019-05-31,0.2
1704,2019-05-30,0.2
1703,2019-05-29,0.2
1702,2019-05-28,0.2
1701,2019-05-27,0.2
1698,2019-05-24,0.2
1697,2019-05-23,0.2
1696,2019-05-22,0.2
1695,2019-05-21,0.2
1694,2019-05-20,0.2
1691,2019-05-17,0.2
1690,2019-05-16,0.2
1689,2019-05-15,0.2
1688,2019-05-14,0.2
1687,2019-05-13,0.2
1684,2019-05-10,0.2
1683,2019-05-09,0.2
1682,2019-05-08,0.2
1681,2019-05-07,0.2
1680,2019-05-06,0.2
1677,2019-05-03,0.2
1676,2019-05-02,0.2
1672,2019-06-28,-0.1
1671,2019-06-27,-0.1
1670,2019-06-26,-0.1
1669,2019-06-25,-0.1
1668,2019-06-24,-0.1
1665,2019-06-21,-0.1
1664,2019-06-20,-0.1
1663,2019-06-19,-0.1
1662,2019-06-18,-0.1
1661,2019-06-17,-0.1
1658,2019-06-14,-0.1
1657,2019-06-13,-0.1
1656,2019-06-12,-0.1
1655,2019-06-11,-0.1
1654,2019-06-10,-0.1
1651,2019-06-07,-0.1
1650,2019-06-06,-0.1
1649,2019-06-05,-0.1
1648,2019-06-04,-0.1
1647,2019-06-03,-0.1
1644,2019-07-31,-0.6
1643,2019-07-30,-0.6
1642,2019-07-29,-0.6
1639,2019-07-26,-0.6
1638,2019-07-25,-0.6
1637,2019-07-24,-0.6
1636,2019-07-23,-0.6
1635,2019-07-22,-0.6
1632,2019-07-19,-0.6
1631,2019-07-18,-0.6
1630,2019-07-17,-0.6
1629,2019-07-16,-0.6
1628,2019-07-15,-0.6
1625,2019-07-12,-0.6
1624,2019-07-11,-0.6
1623,2019-07-10,-0.6
1622,2019-07-09,-0.6
1621,2019-07-08,-0.6
1618,2019-07-05,-0.6
1617,2019-07-04,-0.6
1616,2019-07-03,-0.6
1615,2019-07-02,-0.6
1614,2019-07-01,-0.6
1612,2019-08-30,-0.1
1611,2019-08-29,-0.1
1610,2019-08-28,-0.1
1609,2019-08-27,-0.1
1608,2019-08-26,-0.1
1605,2019-08-23,-0.1
1604,2019-08-22,-0.1
1603,2019-08-21,-0.1
1602,2019-08-20,-0.1
1601,2019-08-19,-0.1
1598,2019-08-16,-0.1
1597,2019-08-15,-0.1
1596,2019-08-14,-0.1
1595,2019-08-13,-0.1
1594,2019-08-12,-0.1
1591,2019-08-09,-0.1
1590,2019-08-08,-0.1
1589,2019-08-07,-0.1
1588,2019-08-06,-0.1
1587,2019-08-05,-0.1
1584,2019-08-02,-0.1
1583,2019-08-01,-0.1
1582,2019-09-30,0.0
1579,2019-09-27,0.0
1578,2019-09-26,0.0
1577,2019-09-25,0.0
1576,2019-09-24,0.0
1575,2019-09-23,0.0
1572,2019-09-20,0.0
1571,2019-09-19,0.0
1570,2019-09-18,0.0
1569,2019-09-17,0.0
1568,2019-09-16,0.0
1565,2019-09-13,0.0
1564,2019-09-12,0.0
1563,2019-09-11,0.0
1562,2019-09-10,0.0
1561,2019-09-09,0.0
1558,2019-09-06,0.0
1557,2019-09-05,0.0
1556,2019-09-04,0.0
1555,2019-09-03,0.0
1554,2019-09-02,0.0
1552,2019-10-31,1.0
1551,2019-10-30,1.0
1550,2019-10-29,1.0
1549,2019-10-28,1.0
1546,2019-10-25,1.0
1545,2019-10-24,1.0
1544,2019-10-23,1.0
1543,2019-10-22,1.0
1542,2019-10-21,1.0
1539,2019-10-18,1.0
1538,2019-10-17,1.0
1537,2019-10-16,1.0
1536,2019-10-15,1.0
1535,2019-10-14,1.0
1532,2019-10-11,1.0
1531,2019-10-10,1.0
1530,2019-10-09,1.0
1529,2019-10-08,1.0
1528,2019-10-07,1.0
1525,2019-10-04,1.0
1524,2019-10-03,1.0
1523,2019-10-02,1.0
1522,2019-10-01,1.0
1520,2019-11-29,0.2
1519,2019-11-28,0.2
1518,2019-11-27,0.2
1517,2019-11-26,0.2
1516,2019-11-25,0.2
1513,2019-11-22,0.2
1512,2019-11-21,0.2
1511,2019-11-20,0.2
1510,2019-11-19,0.2
1509,2019-11-18,0.2
1506,2019-11-15,0.2
1505,2019-11-14,0.2
1504,2019-11-13,0.2
1503,2019-11-12,0.2
1502,2019-11-11,0.2
1499,2019-11-08,0.2
1498,2019-11-07,0.2
1497,2019-11-06,0.2
1496,2019-11-05,0.2
1495,2019-11-04,0.2
1492,2019-11-01,0.2
1491,2019-12-31,-0.1
1490,2019-12-30,-0.1
1487,2019-12-27,-0.1
1484,2019-12-24,-0.1
1483,2019-12-23,-0.1
1480,2019-12-20,-0.1
1479,2019-12-19,-0.1
1478,2019-12-18,-0.1
1477,2019-12-17,-0.1
1476,2019-12-16,-0.1
1473,2019-12-13,-0.1
1472,2019-12-12,-0.1
1471,2019-12-11,-0.1
1470,2019-12-10,-0.1
1469,2019-12-09,-0.1
1466,2019-12-06,-0.1
1465,2019-12-05,-0.1
1464,2019-12-04,-0.1
1463,2019-12-03,-0.1
1462,2019-12-02,-0.1
1460,2020-01-31,-1.0
1459,2020-01-30,-1.0
1458,2020-01-29,-1.0
1457,2020-01-28,-1.0
1456,2020-01-27,-1.0
1453,2020-01-24,-1.0
1452,2020-01-23,-1.0
1451,2020-01-22,-1.0
1450,2020-01-21,-1.0
1449,2020-01-20,-1.0
1446,2020-01-17,-1.0
1445,2020-01-16,-1.0
1444,2020-01-15,-1.0
1443,2020-01-14,-1.0
1442,2020-01-13,-1.0
1439,2020-01-10,-1.0
1438,2020-01-09,-1.0
1437,2020-01-08,-1.0
1436,2020-01-07,-1.0
1435,2020-01-06,-1.0
1432,2020-01-03,-1.0
1431,2020-01-02,-1.0
1428,2020-02-28,-0.1
1427,2020-02-27,-0.1
1426,2020-02-26,-0.1
1425,2020-02-25,-0.1
1424,2020-02-24,-0.1
1421,2020-02-21,-0.1
1420,2020-02-20,-0.1
1419,2020-02-19,-0.1
1418,2020-02-18,-0.1
1417,2020-02-17,-0.1
1414,2020-02-14,-0.1
1413,2020-02-13,-0.1
1412,2020-02-12,-0.1
1411,2020-02-11,-0.1
1410,2020-02-10,-0.1
1407,2020-02-07,-0.1
1406,2020-02-06,-0.1
1405,2020-02-05,-0.1
1404,2020-02-04,-0.1
1403,2020-02-03,-0.1
1400,2020-03-31,-0.4
1399,2020-03-30,-0.4
1396,2020-03-27,-0.4
1395,2020-03-26,-0.4
1394,2020-03-25,-0.4
1393,2020-03-24,-0.4
1392,2020-03-23,-0.4
1389,2020-03-20,-0.4
1388,2020-03-19,-0.4
1387,2020-03-18,-0.4
1386,2020-03-17,-0.4
1385,2020-03-16,-0.4
1382,2020-03-13,-0.4
1381,2020-03-12,-0.4
1380,2020-03-11,-0.4
1379,2020-03-10,-0.4
1378,2020-03-09,-0.4
1375,2020-03-06,-0.4
1374,2020-03-05,-0.4
1373,2020-03-04,-0.4
1372,2020-03-03,-0.4
1371,2020-03-02,-0.4
1369,2020-04-30,0.3
1368,2020-04-29,0.3
1367,2020-04-28,0.3
1366,2020-04-27,0.3
1363,2020-04-24,0.3
1362,2020-04-23,0.3
1361,2020-04-22,0.3
1360,2020-04-21,0.3
1359,2020-04-20,0.3
1356,2020-04-17,0.3
1355,2020-04-16,0.3
1354,2020-04-15,0.3
1353,2020-04-14,0.3
1348,2020-04-09,0.3
1347,2020-04-08,0.3
1346,2020-04-07,0.3
1345,2020-04-06,0.3
1342,2020-04-03,0.3
1341,2020-04-02,0.3
1340,2020-04-01,0.3
1337,2020-05-29,0.0
1336,2020-05-28,0.0
1335,2020-05-27,0.0
1334,2020-05-26,0.0
1333,2020-05-25,0.0
1330,2020-05-22,0.0
1329,2020-05-21,0.0
1328,2020-05-20,0.0
1327,2020-05-19,0.0
1326,2020-05-18,0.0
1323,2020-05-15,0.0
1322,2020-05-14,0.0
1321,2020-05-13,0.0
1320,2020-05-12,0.0
1319,2020-05-11,0.0
1316,2020-05-08,0.0
1315,2020-05-07,0.0
1314,2020-05-06,0.0
1313,2020-05-05,0.0
1312,2020-05-04,0.0
1308,2020-06-30,0.5
1307,2020-06-29,0.5
1304,2020-06-26,0.5
1303,2020-06-25,0.5
1302,2020-06-24,0.5
1301,2020-06-23,0.5
1300,2020-06-22,0.5
1297,2020-06-19,0.5
1296,2020-06-18,0.5
1295,2020-06-17,0.5
1294,2020-06-16,0.5
1293,2020-06-15,0.5
1290,2020-06-12,0.5
1289,2020-06-11,0.5
1288,2020-06-10,0.5
1287,2020-06-09,0.5
1286,2020-06-08,0.5
1283,2020-06-05,0.5
1282,2020-06-04,0.5
1281,2020-06-03,0.5
1280,2020-06-02,0.5
1279,2020-06-01,0.5
1278,2020-07-31,-0.9
1277,2020-07-30,-0.9
1276,2020-07-29,-0.9
1275,2020-07-28,-0.9
1274,2020-07-27,-0.9
1271,2020-07-24,-0.9
1270,2020-07-23,-0.9
1269,2020-07-22,-0.9
1268,2020-07-21,-0.9
1267,2020-07-20,-0.9
1264,2020-07-17,-0.9
1263,2020-07-16,-0.9
1262,2020-07-15,-0.9
1261,2020-07-14,-0.9
1260,2020-07-13,-0.9
1257,2020-07-10,-0.9
1256,2020-07-09,-0.9
1255,2020-07-08,-0.9
1254,2020-07-07,-0.9
1253,2020-07-06,-0.9
1250,2020-07-03,-0.9
1249,2020-07-02,-0.9
1248,2020-07-01,-0.9
1247,2020-08-31,0.0
1244,2020-08-28,0.0
1243,2020-08-27,0.0
1242,2020-08-26,0.0
1241,2020-08-25,0.0
1240,2020-08-24,0.0
1237,2020-08-21,0.0
1236,2020-08-20,0.0
1235,2020-08-19,0.0
1234,2020-08-18,0.0
1233,2020-08-17,0.0
1230,2020-08-14,0.0
1229,2020-08-13,0.0
1228,2020-08-12,0.0
1227,2020-08-11,0.0
1226,2020-08-10,0.0
1223,2020-08-07,0.0
1222,2020-08-06,0.0
1221,2020-08-05,0.0
1220,2020-08-04,0.0
1219,2020-08-03,0.0
1216,2020-09-30,0.2
1215,2020-09-29,0.2
1214,2020-09-28,0.2
1211,2020-09-25,0.2
1210,2020-09-24,0.2
1209,2020-09-23,0.2
1208,2020-09-22,0.2
1207,2020-09-21,0.2
1204,2020-09-18,0.2
1203,2020-09-17,0.2
1202,2020-09-16,0.2
1201,2020-09-15,0.2
1200,2020-09-14,0.2
1197,2020-09-11,0.2
1196,2020-09-10,0.2
1195,2020-09-09,0.2
1194,2020-09-08,0.2
1193,2020-09-07,0.2
1190,2020-09-04,0.2
1189,2020-09-03,0.2
1188,2020-09-02,0.2
1187,2020-09-01,0.2
1185,2020-10-30,0.5
1184,2020-10-29,0.5
1183,2020-10-28,0.5
1182,2020-10-27,0.5
1181,2020-10-26,0.5
1178,2020-10-23,0.5
1177,2020-10-22,0.5
1176,2020-10-21,0.5
1175,2020-10-20,0.5
1174,2020-10-19,0.5
1171,2020-10-16,0.5
1170,2020-10-15,0.5
1169,2020-10-14,0.5
1168,2020-10-13,0.5
1167,2020-10-12,0.5
1164,2020-10-09,0.5
1163,2020-10-08,0.5
1162,2020-10-07,0.5
1161,2020-10-06,0.5
1160,2020-10-05,0.5
1157,2020-10-02,0.5
1156,2020-10-01,0.5
1155,2020-11-30,0.2
1152,2020-11-27,0.2
1151,2020-11-26,0.2
1150,2020-11-25,0.2
1149,2020-11-24,0.2
1148,2020-11-23,0.2
1145,2020-11-20,0.2
1144,2020-11-19,0.2
1143,2020-11-18,0.2
1142,2020-11-17,0.2
1141,2020-11-16,0.2
1138,2020-11-13,0.2
1137,2020-11-12,0.2
1136,2020-11-11,0.2
1135,2020-11-10,0.2
1134,2020-11-09,0.2
1131,2020-11-06,0.2
1130,2020-11-05,0.2
1129,2020-11-04,0.2
1128,2020-11-03,0.2
1127,2020-11-02,0.2
1118,2020-12-24,0.2
1117,2020-12-23,0.2
1116,2020-12-22,0.2
1115,2020-12-21,0.2
1112,2020-12-18,0.2
1111,2020-12-17,0.2
1110,2020-12-16,0.2
1109,2020-12-15,0.2
1108,2020-12-14,0.2
1105,2020-12-11,0.2
1104,2020-12-10,0.2
1103,2020-12-09,0.2
1102,2020-12-08,0.2
1101,2020-12-07,0.2
1098,2020-12-04,0.2
1097,2020-12-03,0.2
1096,2020-12-02,0.2
1095,2020-12-01,0.2
