Date,Total_debt,Debt_GDP_percentage,Debt_per_capita
1994-01-01,249508.0,58.68,6294.0
1994-01-02,249508.0,58.68,6294.0
1994-01-03,249508.0,58.68,6294.0
1994-01-04,249508.0,58.68,6294.0
1994-01-05,249508.0,58.68,6294.0
1994-01-06,249508.0,58.68,6294.0
1994-01-07,249508.0,58.68,6294.0
1994-01-08,249508.0,58.68,6294.0
1994-01-09,249508.0,58.68,6294.0
1994-01-10,249508.0,58.68,6294.0
1994-01-11,249508.0,58.68,6294.0
1994-01-12,249508.0,58.68,6294.0
1994-01-13,249508.0,58.68,6294.0
1994-01-14,249508.0,58.68,6294.0
1994-01-15,249508.0,58.68,6294.0
1994-01-16,249508.0,58.68,6294.0
1994-01-17,249508.0,58.68,6294.0
1994-01-18,249508.0,58.68,6294.0
1994-01-19,249508.0,58.68,6294.0
1994-01-20,249508.0,58.68,6294.0
1994-01-21,249508.0,58.68,6294.0
1994-01-22,249508.0,58.68,6294.0
1994-01-23,249508.0,58.68,6294.0
1994-01-24,249508.0,58.68,6294.0
1994-01-25,249508.0,58.68,6294.0
1994-01-26,249508.0,58.68,6294.0
1994-01-27,249508.0,58.68,6294.0
1994-01-28,249508.0,58.68,6294.0
1994-01-29,249508.0,58.68,6294.0
1994-01-30,249508.0,58.68,6294.0
1994-01-31,249508.0,58.68,6294.0
1994-02-01,249508.0,58.68,6294.0
1994-02-02,249508.0,58.68,6294.0
1994-02-03,249508.0,58.68,6294.0
1994-02-04,249508.0,58.68,6294.0
1994-02-05,249508.0,58.68,6294.0
1994-02-06,249508.0,58.68,6294.0
1994-02-07,249508.0,58.68,6294.0
1994-02-08,249508.0,58.68,6294.0
1994-02-09,249508.0,58.68,6294.0
1994-02-10,249508.0,58.68,6294.0
1994-02-11,249508.0,58.68,6294.0
1994-02-12,249508.0,58.68,6294.0
1994-02-13,249508.0,58.68,6294.0
1994-02-14,249508.0,58.68,6294.0
1994-02-15,249508.0,58.68,6294.0
1994-02-16,249508.0,58.68,6294.0
1994-02-17,249508.0,58.68,6294.0
1994-02-18,249508.0,58.68,6294.0
1994-02-19,249508.0,58.68,6294.0
1994-02-20,249508.0,58.68,6294.0
1994-02-21,249508.0,58.68,6294.0
1994-02-22,249508.0,58.68,6294.0
1994-02-23,249508.0,58.68,6294.0
1994-02-24,249508.0,58.68,6294.0
1994-02-25,249508.0,58.68,6294.0
1994-02-26,249508.0,58.68,6294.0
1994-02-27,249508.0,58.68,6294.0
1994-02-28,249508.0,58.68,6294.0
1994-03-01,249508.0,58.68,6294.0
1994-03-02,249508.0,58.68,6294.0
1994-03-03,249508.0,58.68,6294.0
1994-03-04,249508.0,58.68,6294.0
1994-03-05,249508.0,58.68,6294.0
1994-03-06,249508.0,58.68,6294.0
1994-03-07,249508.0,58.68,6294.0
1994-03-08,249508.0,58.68,6294.0
1994-03-09,249508.0,58.68,6294.0
1994-03-10,249508.0,58.68,6294.0
1994-03-11,249508.0,58.68,6294.0
1994-03-12,249508.0,58.68,6294.0
1994-03-13,249508.0,58.68,6294.0
1994-03-14,249508.0,58.68,6294.0
1994-03-15,249508.0,58.68,6294.0
1994-03-16,249508.0,58.68,6294.0
1994-03-17,249508.0,58.68,6294.0
1994-03-18,249508.0,58.68,6294.0
1994-03-19,249508.0,58.68,6294.0
1994-03-20,249508.0,58.68,6294.0
1994-03-21,249508.0,58.68,6294.0
1994-03-22,249508.0,58.68,6294.0
1994-03-23,249508.0,58.68,6294.0
1994-03-24,249508.0,58.68,6294.0
1994-03-25,249508.0,58.68,6294.0
1994-03-26,249508.0,58.68,6294.0
1994-03-27,249508.0,58.68,6294.0
1994-03-28,249508.0,58.68,6294.0
1994-03-29,249508.0,58.68,6294.0
1994-03-30,249508.0,58.68,6294.0
1994-03-31,249508.0,58.68,6294.0
1994-04-01,249508.0,58.68,6294.0
1994-04-02,249508.0,58.68,6294.0
1994-04-03,249508.0,58.68,6294.0
1994-04-04,249508.0,58.68,6294.0
1994-04-05,249508.0,58.68,6294.0
1994-04-06,249508.0,58.68,6294.0
1994-04-07,249508.0,58.68,6294.0
1994-04-08,249508.0,58.68,6294.0
1994-04-09,249508.0,58.68,6294.0
1994-04-10,249508.0,58.68,6294.0
1994-04-11,249508.0,58.68,6294.0
1994-04-12,249508.0,58.68,6294.0
1994-04-13,249508.0,58.68,6294.0
1994-04-14,249508.0,58.68,6294.0
1994-04-15,249508.0,58.68,6294.0
1994-04-16,249508.0,58.68,6294.0
1994-04-17,249508.0,58.68,6294.0
1994-04-18,249508.0,58.68,6294.0
1994-04-19,249508.0,58.68,6294.0
1994-04-20,249508.0,58.68,6294.0
1994-04-21,249508.0,58.68,6294.0
1994-04-22,249508.0,58.68,6294.0
1994-04-23,249508.0,58.68,6294.0
1994-04-24,249508.0,58.68,6294.0
1994-04-25,249508.0,58.68,6294.0
1994-04-26,249508.0,58.68,6294.0
1994-04-27,249508.0,58.68,6294.0
1994-04-28,249508.0,58.68,6294.0
1994-04-29,249508.0,58.68,6294.0
1994-04-30,249508.0,58.68,6294.0
1994-05-01,249508.0,58.68,6294.0
1994-05-02,249508.0,58.68,6294.0
1994-05-03,249508.0,58.68,6294.0
1994-05-04,249508.0,58.68,6294.0
1994-05-05,249508.0,58.68,6294.0
1994-05-06,249508.0,58.68,6294.0
1994-05-07,249508.0,58.68,6294.0
1994-05-08,249508.0,58.68,6294.0
1994-05-09,249508.0,58.68,6294.0
1994-05-10,249508.0,58.68,6294.0
1994-05-11,249508.0,58.68,6294.0
1994-05-12,249508.0,58.68,6294.0
1994-05-13,249508.0,58.68,6294.0
1994-05-14,249508.0,58.68,6294.0
1994-05-15,249508.0,58.68,6294.0
1994-05-16,249508.0,58.68,6294.0
1994-05-17,249508.0,58.68,6294.0
1994-05-18,249508.0,58.68,6294.0
1994-05-19,249508.0,58.68,6294.0
1994-05-20,249508.0,58.68,6294.0
1994-05-21,249508.0,58.68,6294.0
1994-05-22,249508.0,58.68,6294.0
1994-05-23,249508.0,58.68,6294.0
1994-05-24,249508.0,58.68,6294.0
1994-05-25,249508.0,58.68,6294.0
1994-05-26,249508.0,58.68,6294.0
1994-05-27,249508.0,58.68,6294.0
1994-05-28,249508.0,58.68,6294.0
1994-05-29,249508.0,58.68,6294.0
1994-05-30,249508.0,58.68,6294.0
1994-05-31,249508.0,58.68,6294.0
1994-06-01,249508.0,58.68,6294.0
1994-06-02,249508.0,58.68,6294.0
1994-06-03,249508.0,58.68,6294.0
1994-06-04,249508.0,58.68,6294.0
1994-06-05,249508.0,58.68,6294.0
1994-06-06,249508.0,58.68,6294.0
1994-06-07,249508.0,58.68,6294.0
1994-06-08,249508.0,58.68,6294.0
1994-06-09,249508.0,58.68,6294.0
1994-06-10,249508.0,58.68,6294.0
1994-06-11,249508.0,58.68,6294.0
1994-06-12,249508.0,58.68,6294.0
1994-06-13,249508.0,58.68,6294.0
1994-06-14,249508.0,58.68,6294.0
1994-06-15,249508.0,58.68,6294.0
1994-06-16,249508.0,58.68,6294.0
1994-06-17,249508.0,58.68,6294.0
1994-06-18,249508.0,58.68,6294.0
1994-06-19,249508.0,58.68,6294.0
1994-06-20,249508.0,58.68,6294.0
1994-06-21,249508.0,58.68,6294.0
1994-06-22,249508.0,58.68,6294.0
1994-06-23,249508.0,58.68,6294.0
1994-06-24,249508.0,58.68,6294.0
1994-06-25,249508.0,58.68,6294.0
1994-06-26,249508.0,58.68,6294.0
1994-06-27,249508.0,58.68,6294.0
1994-06-28,249508.0,58.68,6294.0
1994-06-29,249508.0,58.68,6294.0
1994-06-30,249508.0,58.68,6294.0
1994-07-01,249508.0,58.68,6294.0
1994-07-02,249508.0,58.68,6294.0
1994-07-03,249508.0,58.68,6294.0
1994-07-04,249508.0,58.68,6294.0
1994-07-05,249508.0,58.68,6294.0
1994-07-06,249508.0,58.68,6294.0
1994-07-07,249508.0,58.68,6294.0
1994-07-08,249508.0,58.68,6294.0
1994-07-09,249508.0,58.68,6294.0
1994-07-10,249508.0,58.68,6294.0
1994-07-11,249508.0,58.68,6294.0
1994-07-12,249508.0,58.68,6294.0
1994-07-13,249508.0,58.68,6294.0
1994-07-14,249508.0,58.68,6294.0
1994-07-15,249508.0,58.68,6294.0
1994-07-16,249508.0,58.68,6294.0
1994-07-17,249508.0,58.68,6294.0
1994-07-18,249508.0,58.68,6294.0
1994-07-19,249508.0,58.68,6294.0
1994-07-20,249508.0,58.68,6294.0
1994-07-21,249508.0,58.68,6294.0
1994-07-22,249508.0,58.68,6294.0
1994-07-23,249508.0,58.68,6294.0
1994-07-24,249508.0,58.68,6294.0
1994-07-25,249508.0,58.68,6294.0
1994-07-26,249508.0,58.68,6294.0
1994-07-27,249508.0,58.68,6294.0
1994-07-28,249508.0,58.68,6294.0
1994-07-29,249508.0,58.68,6294.0
1994-07-30,249508.0,58.68,6294.0
1994-07-31,249508.0,58.68,6294.0
1994-08-01,249508.0,58.68,6294.0
1994-08-02,249508.0,58.68,6294.0
1994-08-03,249508.0,58.68,6294.0
1994-08-04,249508.0,58.68,6294.0
1994-08-05,249508.0,58.68,6294.0
1994-08-06,249508.0,58.68,6294.0
1994-08-07,249508.0,58.68,6294.0
1994-08-08,249508.0,58.68,6294.0
1994-08-09,249508.0,58.68,6294.0
1994-08-10,249508.0,58.68,6294.0
1994-08-11,249508.0,58.68,6294.0
1994-08-12,249508.0,58.68,6294.0
1994-08-13,249508.0,58.68,6294.0
1994-08-14,249508.0,58.68,6294.0
1994-08-15,249508.0,58.68,6294.0
1994-08-16,249508.0,58.68,6294.0
1994-08-17,249508.0,58.68,6294.0
1994-08-18,249508.0,58.68,6294.0
1994-08-19,249508.0,58.68,6294.0
1994-08-20,249508.0,58.68,6294.0
1994-08-21,249508.0,58.68,6294.0
1994-08-22,249508.0,58.68,6294.0
1994-08-23,249508.0,58.68,6294.0
1994-08-24,249508.0,58.68,6294.0
1994-08-25,249508.0,58.68,6294.0
1994-08-26,249508.0,58.68,6294.0
1994-08-27,249508.0,58.68,6294.0
1994-08-28,249508.0,58.68,6294.0
1994-08-29,249508.0,58.68,6294.0
1994-08-30,249508.0,58.68,6294.0
1994-08-31,249508.0,58.68,6294.0
1994-09-01,249508.0,58.68,6294.0
1994-09-02,249508.0,58.68,6294.0
1994-09-03,249508.0,58.68,6294.0
1994-09-04,249508.0,58.68,6294.0
1994-09-05,249508.0,58.68,6294.0
1994-09-06,249508.0,58.68,6294.0
1994-09-07,249508.0,58.68,6294.0
1994-09-08,249508.0,58.68,6294.0
1994-09-09,249508.0,58.68,6294.0
1994-09-10,249508.0,58.68,6294.0
1994-09-11,249508.0,58.68,6294.0
1994-09-12,249508.0,58.68,6294.0
1994-09-13,249508.0,58.68,6294.0
1994-09-14,249508.0,58.68,6294.0
1994-09-15,249508.0,58.68,6294.0
1994-09-16,249508.0,58.68,6294.0
1994-09-17,249508.0,58.68,6294.0
1994-09-18,249508.0,58.68,6294.0
1994-09-19,249508.0,58.68,6294.0
1994-09-20,249508.0,58.68,6294.0
1994-09-21,249508.0,58.68,6294.0
1994-09-22,249508.0,58.68,6294.0
1994-09-23,249508.0,58.68,6294.0
1994-09-24,249508.0,58.68,6294.0
1994-09-25,249508.0,58.68,6294.0
1994-09-26,249508.0,58.68,6294.0
1994-09-27,249508.0,58.68,6294.0
1994-09-28,249508.0,58.68,6294.0
1994-09-29,249508.0,58.68,6294.0
1994-09-30,249508.0,58.68,6294.0
1994-10-01,249508.0,58.68,6294.0
1994-10-02,249508.0,58.68,6294.0
1994-10-03,249508.0,58.68,6294.0
1994-10-04,249508.0,58.68,6294.0
1994-10-05,249508.0,58.68,6294.0
1994-10-06,249508.0,58.68,6294.0
1994-10-07,249508.0,58.68,6294.0
1994-10-08,249508.0,58.68,6294.0
1994-10-09,249508.0,58.68,6294.0
1994-10-10,249508.0,58.68,6294.0
1994-10-11,249508.0,58.68,6294.0
1994-10-12,249508.0,58.68,6294.0
1994-10-13,249508.0,58.68,6294.0
1994-10-14,249508.0,58.68,6294.0
1994-10-15,249508.0,58.68,6294.0
1994-10-16,249508.0,58.68,6294.0
1994-10-17,249508.0,58.68,6294.0
1994-10-18,249508.0,58.68,6294.0
1994-10-19,249508.0,58.68,6294.0
1994-10-20,249508.0,58.68,6294.0
1994-10-21,249508.0,58.68,6294.0
1994-10-22,249508.0,58.68,6294.0
1994-10-23,249508.0,58.68,6294.0
1994-10-24,249508.0,58.68,6294.0
1994-10-25,249508.0,58.68,6294.0
1994-10-26,249508.0,58.68,6294.0
1994-10-27,249508.0,58.68,6294.0
1994-10-28,249508.0,58.68,6294.0
1994-10-29,249508.0,58.68,6294.0
1994-10-30,249508.0,58.68,6294.0
1994-10-31,249508.0,58.68,6294.0
1994-11-01,249508.0,58.68,6294.0
1994-11-02,249508.0,58.68,6294.0
1994-11-03,249508.0,58.68,6294.0
1994-11-04,249508.0,58.68,6294.0
1994-11-05,249508.0,58.68,6294.0
1994-11-06,249508.0,58.68,6294.0
1994-11-07,249508.0,58.68,6294.0
1994-11-08,249508.0,58.68,6294.0
1994-11-09,249508.0,58.68,6294.0
1994-11-10,249508.0,58.68,6294.0
1994-11-11,249508.0,58.68,6294.0
1994-11-12,249508.0,58.68,6294.0
1994-11-13,249508.0,58.68,6294.0
1994-11-14,249508.0,58.68,6294.0
1994-11-15,249508.0,58.68,6294.0
1994-11-16,249508.0,58.68,6294.0
1994-11-17,249508.0,58.68,6294.0
1994-11-18,249508.0,58.68,6294.0
1994-11-19,249508.0,58.68,6294.0
1994-11-20,249508.0,58.68,6294.0
1994-11-21,249508.0,58.68,6294.0
1994-11-22,249508.0,58.68,6294.0
1994-11-23,249508.0,58.68,6294.0
1994-11-24,249508.0,58.68,6294.0
1994-11-25,249508.0,58.68,6294.0
1994-11-26,249508.0,58.68,6294.0
1994-11-27,249508.0,58.68,6294.0
1994-11-28,249508.0,58.68,6294.0
1994-11-29,249508.0,58.68,6294.0
1994-11-30,249508.0,58.68,6294.0
1994-12-01,249508.0,58.68,6294.0
1994-12-02,249508.0,58.68,6294.0
1994-12-03,249508.0,58.68,6294.0
1994-12-04,249508.0,58.68,6294.0
1994-12-05,249508.0,58.68,6294.0
1994-12-06,249508.0,58.68,6294.0
1994-12-07,249508.0,58.68,6294.0
1994-12-08,249508.0,58.68,6294.0
1994-12-09,249508.0,58.68,6294.0
1994-12-10,249508.0,58.68,6294.0
1994-12-11,249508.0,58.68,6294.0
1994-12-12,249508.0,58.68,6294.0
1994-12-13,249508.0,58.68,6294.0
1994-12-14,249508.0,58.68,6294.0
1994-12-15,249508.0,58.68,6294.0
1994-12-16,249508.0,58.68,6294.0
1994-12-17,249508.0,58.68,6294.0
1994-12-18,249508.0,58.68,6294.0
1994-12-19,249508.0,58.68,6294.0
1994-12-20,249508.0,58.68,6294.0
1994-12-21,249508.0,58.68,6294.0
1994-12-22,249508.0,58.68,6294.0
1994-12-23,249508.0,58.68,6294.0
1994-12-24,249508.0,58.68,6294.0
1994-12-25,249508.0,58.68,6294.0
1994-12-26,249508.0,58.68,6294.0
1994-12-27,249508.0,58.68,6294.0
1994-12-28,249508.0,58.68,6294.0
1994-12-29,249508.0,58.68,6294.0
1994-12-30,249508.0,58.68,6294.0
1994-12-31,249508.0,58.68,6294.0
1995-01-01,283457.0,61.5,7121.0
1995-01-02,283457.0,61.5,7121.0
1995-01-03,283457.0,61.5,7121.0
1995-01-04,283457.0,61.5,7121.0
1995-01-05,283457.0,61.5,7121.0
1995-01-06,283457.0,61.5,7121.0
1995-01-07,283457.0,61.5,7121.0
1995-01-08,283457.0,61.5,7121.0
1995-01-09,283457.0,61.5,7121.0
1995-01-10,283457.0,61.5,7121.0
1995-01-11,283457.0,61.5,7121.0
1995-01-12,283457.0,61.5,7121.0
1995-01-13,283457.0,61.5,7121.0
1995-01-14,283457.0,61.5,7121.0
1995-01-15,283457.0,61.5,7121.0
1995-01-16,283457.0,61.5,7121.0
1995-01-17,283457.0,61.5,7121.0
1995-01-18,283457.0,61.5,7121.0
1995-01-19,283457.0,61.5,7121.0
1995-01-20,283457.0,61.5,7121.0
1995-01-21,283457.0,61.5,7121.0
1995-01-22,283457.0,61.5,7121.0
1995-01-23,283457.0,61.5,7121.0
1995-01-24,283457.0,61.5,7121.0
1995-01-25,283457.0,61.5,7121.0
1995-01-26,283457.0,61.5,7121.0
1995-01-27,283457.0,61.5,7121.0
1995-01-28,283457.0,61.5,7121.0
1995-01-29,283457.0,61.5,7121.0
1995-01-30,283457.0,61.5,7121.0
1995-01-31,283457.0,61.5,7121.0
1995-02-01,283457.0,61.5,7121.0
1995-02-02,283457.0,61.5,7121.0
1995-02-03,283457.0,61.5,7121.0
1995-02-04,283457.0,61.5,7121.0
1995-02-05,283457.0,61.5,7121.0
1995-02-06,283457.0,61.5,7121.0
1995-02-07,283457.0,61.5,7121.0
1995-02-08,283457.0,61.5,7121.0
1995-02-09,283457.0,61.5,7121.0
1995-02-10,283457.0,61.5,7121.0
1995-02-11,283457.0,61.5,7121.0
1995-02-12,283457.0,61.5,7121.0
1995-02-13,283457.0,61.5,7121.0
1995-02-14,283457.0,61.5,7121.0
1995-02-15,283457.0,61.5,7121.0
1995-02-16,283457.0,61.5,7121.0
1995-02-17,283457.0,61.5,7121.0
1995-02-18,283457.0,61.5,7121.0
1995-02-19,283457.0,61.5,7121.0
1995-02-20,283457.0,61.5,7121.0
1995-02-21,283457.0,61.5,7121.0
1995-02-22,283457.0,61.5,7121.0
1995-02-23,283457.0,61.5,7121.0
1995-02-24,283457.0,61.5,7121.0
1995-02-25,283457.0,61.5,7121.0
1995-02-26,283457.0,61.5,7121.0
1995-02-27,283457.0,61.5,7121.0
1995-02-28,283457.0,61.5,7121.0
1995-03-01,283457.0,61.5,7121.0
1995-03-02,283457.0,61.5,7121.0
1995-03-03,283457.0,61.5,7121.0
1995-03-04,283457.0,61.5,7121.0
1995-03-05,283457.0,61.5,7121.0
1995-03-06,283457.0,61.5,7121.0
1995-03-07,283457.0,61.5,7121.0
1995-03-08,283457.0,61.5,7121.0
1995-03-09,283457.0,61.5,7121.0
1995-03-10,283457.0,61.5,7121.0
1995-03-11,283457.0,61.5,7121.0
1995-03-12,283457.0,61.5,7121.0
1995-03-13,283457.0,61.5,7121.0
1995-03-14,283457.0,61.5,7121.0
1995-03-15,283457.0,61.5,7121.0
1995-03-16,283457.0,61.5,7121.0
1995-03-17,283457.0,61.5,7121.0
1995-03-18,283457.0,61.5,7121.0
1995-03-19,283457.0,61.5,7121.0
1995-03-20,283457.0,61.5,7121.0
1995-03-21,283457.0,61.5,7121.0
1995-03-22,283457.0,61.5,7121.0
1995-03-23,283457.0,61.5,7121.0
1995-03-24,283457.0,61.5,7121.0
1995-03-25,283457.0,61.5,7121.0
1995-03-26,283457.0,61.5,7121.0
1995-03-27,283457.0,61.5,7121.0
1995-03-28,283457.0,61.5,7121.0
1995-03-29,283457.0,61.5,7121.0
1995-03-30,283457.0,61.5,7121.0
1995-03-31,283457.0,61.5,7121.0
1995-04-01,283457.0,61.5,7121.0
1995-04-02,283457.0,61.5,7121.0
1995-04-03,283457.0,61.5,7121.0
1995-04-04,283457.0,61.5,7121.0
1995-04-05,283457.0,61.5,7121.0
1995-04-06,283457.0,61.5,7121.0
1995-04-07,283457.0,61.5,7121.0
1995-04-08,283457.0,61.5,7121.0
1995-04-09,283457.0,61.5,7121.0
1995-04-10,283457.0,61.5,7121.0
1995-04-11,283457.0,61.5,7121.0
1995-04-12,283457.0,61.5,7121.0
1995-04-13,283457.0,61.5,7121.0
1995-04-14,283457.0,61.5,7121.0
1995-04-15,283457.0,61.5,7121.0
1995-04-16,283457.0,61.5,7121.0
1995-04-17,283457.0,61.5,7121.0
1995-04-18,283457.0,61.5,7121.0
1995-04-19,283457.0,61.5,7121.0
1995-04-20,283457.0,61.5,7121.0
1995-04-21,283457.0,61.5,7121.0
1995-04-22,283457.0,61.5,7121.0
1995-04-23,283457.0,61.5,7121.0
1995-04-24,283457.0,61.5,7121.0
1995-04-25,283457.0,61.5,7121.0
1995-04-26,283457.0,61.5,7121.0
1995-04-27,283457.0,61.5,7121.0
1995-04-28,283457.0,61.5,7121.0
1995-04-29,283457.0,61.5,7121.0
1995-04-30,283457.0,61.5,7121.0
1995-05-01,283457.0,61.5,7121.0
1995-05-02,283457.0,61.5,7121.0
1995-05-03,283457.0,61.5,7121.0
1995-05-04,283457.0,61.5,7121.0
1995-05-05,283457.0,61.5,7121.0
1995-05-06,283457.0,61.5,7121.0
1995-05-07,283457.0,61.5,7121.0
1995-05-08,283457.0,61.5,7121.0
1995-05-09,283457.0,61.5,7121.0
1995-05-10,283457.0,61.5,7121.0
1995-05-11,283457.0,61.5,7121.0
1995-05-12,283457.0,61.5,7121.0
1995-05-13,283457.0,61.5,7121.0
1995-05-14,283457.0,61.5,7121.0
1995-05-15,283457.0,61.5,7121.0
1995-05-16,283457.0,61.5,7121.0
1995-05-17,283457.0,61.5,7121.0
1995-05-18,283457.0,61.5,7121.0
1995-05-19,283457.0,61.5,7121.0
1995-05-20,283457.0,61.5,7121.0
1995-05-21,283457.0,61.5,7121.0
1995-05-22,283457.0,61.5,7121.0
1995-05-23,283457.0,61.5,7121.0
1995-05-24,283457.0,61.5,7121.0
1995-05-25,283457.0,61.5,7121.0
1995-05-26,283457.0,61.5,7121.0
1995-05-27,283457.0,61.5,7121.0
1995-05-28,283457.0,61.5,7121.0
1995-05-29,283457.0,61.5,7121.0
1995-05-30,283457.0,61.5,7121.0
1995-05-31,283457.0,61.5,7121.0
1995-06-01,283457.0,61.5,7121.0
1995-06-02,283457.0,61.5,7121.0
1995-06-03,283457.0,61.5,7121.0
1995-06-04,283457.0,61.5,7121.0
1995-06-05,283457.0,61.5,7121.0
1995-06-06,283457.0,61.5,7121.0
1995-06-07,283457.0,61.5,7121.0
1995-06-08,283457.0,61.5,7121.0
1995-06-09,283457.0,61.5,7121.0
1995-06-10,283457.0,61.5,7121.0
1995-06-11,283457.0,61.5,7121.0
1995-06-12,283457.0,61.5,7121.0
1995-06-13,283457.0,61.5,7121.0
1995-06-14,283457.0,61.5,7121.0
1995-06-15,283457.0,61.5,7121.0
1995-06-16,283457.0,61.5,7121.0
1995-06-17,283457.0,61.5,7121.0
1995-06-18,283457.0,61.5,7121.0
1995-06-19,283457.0,61.5,7121.0
1995-06-20,283457.0,61.5,7121.0
1995-06-21,283457.0,61.5,7121.0
1995-06-22,283457.0,61.5,7121.0
1995-06-23,283457.0,61.5,7121.0
1995-06-24,283457.0,61.5,7121.0
1995-06-25,283457.0,61.5,7121.0
1995-06-26,283457.0,61.5,7121.0
1995-06-27,283457.0,61.5,7121.0
1995-06-28,283457.0,61.5,7121.0
1995-06-29,283457.0,61.5,7121.0
1995-06-30,283457.0,61.5,7121.0
1995-07-01,283457.0,61.5,7121.0
1995-07-02,283457.0,61.5,7121.0
1995-07-03,283457.0,61.5,7121.0
1995-07-04,283457.0,61.5,7121.0
1995-07-05,283457.0,61.5,7121.0
1995-07-06,283457.0,61.5,7121.0
1995-07-07,283457.0,61.5,7121.0
1995-07-08,283457.0,61.5,7121.0
1995-07-09,283457.0,61.5,7121.0
1995-07-10,283457.0,61.5,7121.0
1995-07-11,283457.0,61.5,7121.0
1995-07-12,283457.0,61.5,7121.0
1995-07-13,283457.0,61.5,7121.0
1995-07-14,283457.0,61.5,7121.0
1995-07-15,283457.0,61.5,7121.0
1995-07-16,283457.0,61.5,7121.0
1995-07-17,283457.0,61.5,7121.0
1995-07-18,283457.0,61.5,7121.0
1995-07-19,283457.0,61.5,7121.0
1995-07-20,283457.0,61.5,7121.0
1995-07-21,283457.0,61.5,7121.0
1995-07-22,283457.0,61.5,7121.0
1995-07-23,283457.0,61.5,7121.0
1995-07-24,283457.0,61.5,7121.0
1995-07-25,283457.0,61.5,7121.0
1995-07-26,283457.0,61.5,7121.0
1995-07-27,283457.0,61.5,7121.0
1995-07-28,283457.0,61.5,7121.0
1995-07-29,283457.0,61.5,7121.0
1995-07-30,283457.0,61.5,7121.0
1995-07-31,283457.0,61.5,7121.0
1995-08-01,283457.0,61.5,7121.0
1995-08-02,283457.0,61.5,7121.0
1995-08-03,283457.0,61.5,7121.0
1995-08-04,283457.0,61.5,7121.0
1995-08-05,283457.0,61.5,7121.0
1995-08-06,283457.0,61.5,7121.0
1995-08-07,283457.0,61.5,7121.0
1995-08-08,283457.0,61.5,7121.0
1995-08-09,283457.0,61.5,7121.0
1995-08-10,283457.0,61.5,7121.0
1995-08-11,283457.0,61.5,7121.0
1995-08-12,283457.0,61.5,7121.0
1995-08-13,283457.0,61.5,7121.0
1995-08-14,283457.0,61.5,7121.0
1995-08-15,283457.0,61.5,7121.0
1995-08-16,283457.0,61.5,7121.0
1995-08-17,283457.0,61.5,7121.0
1995-08-18,283457.0,61.5,7121.0
1995-08-19,283457.0,61.5,7121.0
1995-08-20,283457.0,61.5,7121.0
1995-08-21,283457.0,61.5,7121.0
1995-08-22,283457.0,61.5,7121.0
1995-08-23,283457.0,61.5,7121.0
1995-08-24,283457.0,61.5,7121.0
1995-08-25,283457.0,61.5,7121.0
1995-08-26,283457.0,61.5,7121.0
1995-08-27,283457.0,61.5,7121.0
1995-08-28,283457.0,61.5,7121.0
1995-08-29,283457.0,61.5,7121.0
1995-08-30,283457.0,61.5,7121.0
1995-08-31,283457.0,61.5,7121.0
1995-09-01,283457.0,61.5,7121.0
1995-09-02,283457.0,61.5,7121.0
1995-09-03,283457.0,61.5,7121.0
1995-09-04,283457.0,61.5,7121.0
1995-09-05,283457.0,61.5,7121.0
1995-09-06,283457.0,61.5,7121.0
1995-09-07,283457.0,61.5,7121.0
1995-09-08,283457.0,61.5,7121.0
1995-09-09,283457.0,61.5,7121.0
1995-09-10,283457.0,61.5,7121.0
1995-09-11,283457.0,61.5,7121.0
1995-09-12,283457.0,61.5,7121.0
1995-09-13,283457.0,61.5,7121.0
1995-09-14,283457.0,61.5,7121.0
1995-09-15,283457.0,61.5,7121.0
1995-09-16,283457.0,61.5,7121.0
1995-09-17,283457.0,61.5,7121.0
1995-09-18,283457.0,61.5,7121.0
1995-09-19,283457.0,61.5,7121.0
1995-09-20,283457.0,61.5,7121.0
1995-09-21,283457.0,61.5,7121.0
1995-09-22,283457.0,61.5,7121.0
1995-09-23,283457.0,61.5,7121.0
1995-09-24,283457.0,61.5,7121.0
1995-09-25,283457.0,61.5,7121.0
1995-09-26,283457.0,61.5,7121.0
1995-09-27,283457.0,61.5,7121.0
1995-09-28,283457.0,61.5,7121.0
1995-09-29,283457.0,61.5,7121.0
1995-09-30,283457.0,61.5,7121.0
1995-10-01,283457.0,61.5,7121.0
1995-10-02,283457.0,61.5,7121.0
1995-10-03,283457.0,61.5,7121.0
1995-10-04,283457.0,61.5,7121.0
1995-10-05,283457.0,61.5,7121.0
1995-10-06,283457.0,61.5,7121.0
1995-10-07,283457.0,61.5,7121.0
1995-10-08,283457.0,61.5,7121.0
1995-10-09,283457.0,61.5,7121.0
1995-10-10,283457.0,61.5,7121.0
1995-10-11,283457.0,61.5,7121.0
1995-10-12,283457.0,61.5,7121.0
1995-10-13,283457.0,61.5,7121.0
1995-10-14,283457.0,61.5,7121.0
1995-10-15,283457.0,61.5,7121.0
1995-10-16,283457.0,61.5,7121.0
1995-10-17,283457.0,61.5,7121.0
1995-10-18,283457.0,61.5,7121.0
1995-10-19,283457.0,61.5,7121.0
1995-10-20,283457.0,61.5,7121.0
1995-10-21,283457.0,61.5,7121.0
1995-10-22,283457.0,61.5,7121.0
1995-10-23,283457.0,61.5,7121.0
1995-10-24,283457.0,61.5,7121.0
1995-10-25,283457.0,61.5,7121.0
1995-10-26,283457.0,61.5,7121.0
1995-10-27,283457.0,61.5,7121.0
1995-10-28,283457.0,61.5,7121.0
1995-10-29,283457.0,61.5,7121.0
1995-10-30,283457.0,61.5,7121.0
1995-10-31,283457.0,61.5,7121.0
1995-11-01,283457.0,61.5,7121.0
1995-11-02,283457.0,61.5,7121.0
1995-11-03,283457.0,61.5,7121.0
1995-11-04,283457.0,61.5,7121.0
1995-11-05,283457.0,61.5,7121.0
1995-11-06,283457.0,61.5,7121.0
1995-11-07,283457.0,61.5,7121.0
1995-11-08,283457.0,61.5,7121.0
1995-11-09,283457.0,61.5,7121.0
1995-11-10,283457.0,61.5,7121.0
1995-11-11,283457.0,61.5,7121.0
1995-11-12,283457.0,61.5,7121.0
1995-11-13,283457.0,61.5,7121.0
1995-11-14,283457.0,61.5,7121.0
1995-11-15,283457.0,61.5,7121.0
1995-11-16,283457.0,61.5,7121.0
1995-11-17,283457.0,61.5,7121.0
1995-11-18,283457.0,61.5,7121.0
1995-11-19,283457.0,61.5,7121.0
1995-11-20,283457.0,61.5,7121.0
1995-11-21,283457.0,61.5,7121.0
1995-11-22,283457.0,61.5,7121.0
1995-11-23,283457.0,61.5,7121.0
1995-11-24,283457.0,61.5,7121.0
1995-11-25,283457.0,61.5,7121.0
1995-11-26,283457.0,61.5,7121.0
1995-11-27,283457.0,61.5,7121.0
1995-11-28,283457.0,61.5,7121.0
1995-11-29,283457.0,61.5,7121.0
1995-11-30,283457.0,61.5,7121.0
1995-12-01,283457.0,61.5,7121.0
1995-12-02,283457.0,61.5,7121.0
1995-12-03,283457.0,61.5,7121.0
1995-12-04,283457.0,61.5,7121.0
1995-12-05,283457.0,61.5,7121.0
1995-12-06,283457.0,61.5,7121.0
1995-12-07,283457.0,61.5,7121.0
1995-12-08,283457.0,61.5,7121.0
1995-12-09,283457.0,61.5,7121.0
1995-12-10,283457.0,61.5,7121.0
1995-12-11,283457.0,61.5,7121.0
1995-12-12,283457.0,61.5,7121.0
1995-12-13,283457.0,61.5,7121.0
1995-12-14,283457.0,61.5,7121.0
1995-12-15,283457.0,61.5,7121.0
1995-12-16,283457.0,61.5,7121.0
1995-12-17,283457.0,61.5,7121.0
1995-12-18,283457.0,61.5,7121.0
1995-12-19,283457.0,61.5,7121.0
1995-12-20,283457.0,61.5,7121.0
1995-12-21,283457.0,61.5,7121.0
1995-12-22,283457.0,61.5,7121.0
1995-12-23,283457.0,61.5,7121.0
1995-12-24,283457.0,61.5,7121.0
1995-12-25,283457.0,61.5,7121.0
1995-12-26,283457.0,61.5,7121.0
1995-12-27,283457.0,61.5,7121.0
1995-12-28,283457.0,61.5,7121.0
1995-12-29,283457.0,61.5,7121.0
1995-12-30,283457.0,61.5,7121.0
1995-12-31,283457.0,61.5,7121.0
1996-01-01,319976.0,65.4,8005.000000000001
1996-01-02,319976.0,65.4,8005.000000000001
1996-01-03,319976.0,65.4,8005.000000000001
1996-01-04,319976.0,65.4,8005.000000000001
1996-01-05,319976.0,65.4,8005.000000000001
1996-01-06,319976.0,65.4,8005.000000000001
1996-01-07,319976.0,65.4,8005.000000000001
1996-01-08,319976.0,65.4,8005.000000000001
1996-01-09,319976.0,65.4,8005.000000000001
1996-01-10,319976.0,65.4,8005.000000000001
1996-01-11,319976.0,65.4,8005.000000000001
1996-01-12,319976.0,65.4,8005.000000000001
1996-01-13,319976.0,65.4,8005.000000000001
1996-01-14,319976.0,65.4,8005.000000000001
1996-01-15,319976.0,65.4,8005.000000000001
1996-01-16,319976.0,65.4,8005.000000000001
1996-01-17,319976.0,65.4,8005.000000000001
1996-01-18,319976.0,65.4,8005.000000000001
1996-01-19,319976.0,65.4,8005.000000000001
1996-01-20,319976.0,65.4,8005.000000000001
1996-01-21,319976.0,65.4,8005.000000000001
1996-01-22,319976.0,65.4,8005.000000000001
1996-01-23,319976.0,65.4,8005.000000000001
1996-01-24,319976.0,65.4,8005.000000000001
1996-01-25,319976.0,65.4,8005.000000000001
1996-01-26,319976.0,65.4,8005.000000000001
1996-01-27,319976.0,65.4,8005.000000000001
1996-01-28,319976.0,65.4,8005.000000000001
1996-01-29,319976.0,65.4,8005.000000000001
1996-01-30,319976.0,65.4,8005.000000000001
1996-01-31,319976.0,65.4,8005.000000000001
1996-02-01,319976.0,65.4,8005.000000000001
1996-02-02,319976.0,65.4,8005.000000000001
1996-02-03,319976.0,65.4,8005.000000000001
1996-02-04,319976.0,65.4,8005.000000000001
1996-02-05,319976.0,65.4,8005.000000000001
1996-02-06,319976.0,65.4,8005.000000000001
1996-02-07,319976.0,65.4,8005.000000000001
1996-02-08,319976.0,65.4,8005.000000000001
1996-02-09,319976.0,65.4,8005.000000000001
1996-02-10,319976.0,65.4,8005.000000000001
1996-02-11,319976.0,65.4,8005.000000000001
1996-02-12,319976.0,65.4,8005.000000000001
1996-02-13,319976.0,65.4,8005.000000000001
1996-02-14,319976.0,65.4,8005.000000000001
1996-02-15,319976.0,65.4,8005.000000000001
1996-02-16,319976.0,65.4,8005.000000000001
1996-02-17,319976.0,65.4,8005.000000000001
1996-02-18,319976.0,65.4,8005.000000000001
1996-02-19,319976.0,65.4,8005.000000000001
1996-02-20,319976.0,65.4,8005.000000000001
1996-02-21,319976.0,65.4,8005.000000000001
1996-02-22,319976.0,65.4,8005.000000000001
1996-02-23,319976.0,65.4,8005.000000000001
1996-02-24,319976.0,65.4,8005.000000000001
1996-02-25,319976.0,65.4,8005.000000000001
1996-02-26,319976.0,65.4,8005.000000000001
1996-02-27,319976.0,65.4,8005.000000000001
1996-02-28,319976.0,65.4,8005.000000000001
1996-02-29,319976.0,65.4,8005.000000000001
1996-03-01,319976.0,65.4,8005.000000000001
1996-03-02,319976.0,65.4,8005.000000000001
1996-03-03,319976.0,65.4,8005.000000000001
1996-03-04,319976.0,65.4,8005.000000000001
1996-03-05,319976.0,65.4,8005.000000000001
1996-03-06,319976.0,65.4,8005.000000000001
1996-03-07,319976.0,65.4,8005.000000000001
1996-03-08,319976.0,65.4,8005.000000000001
1996-03-09,319976.0,65.4,8005.000000000001
1996-03-10,319976.0,65.4,8005.000000000001
1996-03-11,319976.0,65.4,8005.000000000001
1996-03-12,319976.0,65.4,8005.000000000001
1996-03-13,319976.0,65.4,8005.000000000001
1996-03-14,319976.0,65.4,8005.000000000001
1996-03-15,319976.0,65.4,8005.000000000001
1996-03-16,319976.0,65.4,8005.000000000001
1996-03-17,319976.0,65.4,8005.000000000001
1996-03-18,319976.0,65.4,8005.000000000001
1996-03-19,319976.0,65.4,8005.000000000001
1996-03-20,319976.0,65.4,8005.000000000001
1996-03-21,319976.0,65.4,8005.000000000001
1996-03-22,319976.0,65.4,8005.000000000001
1996-03-23,319976.0,65.4,8005.000000000001
1996-03-24,319976.0,65.4,8005.000000000001
1996-03-25,319976.0,65.4,8005.000000000001
1996-03-26,319976.0,65.4,8005.000000000001
1996-03-27,319976.0,65.4,8005.000000000001
1996-03-28,319976.0,65.4,8005.000000000001
1996-03-29,319976.0,65.4,8005.000000000001
1996-03-30,319976.0,65.4,8005.000000000001
1996-03-31,319976.0,65.4,8005.000000000001
1996-04-01,319976.0,65.4,8005.000000000001
1996-04-02,319976.0,65.4,8005.000000000001
1996-04-03,319976.0,65.4,8005.000000000001
1996-04-04,319976.0,65.4,8005.000000000001
1996-04-05,319976.0,65.4,8005.000000000001
1996-04-06,319976.0,65.4,8005.000000000001
1996-04-07,319976.0,65.4,8005.000000000001
1996-04-08,319976.0,65.4,8005.000000000001
1996-04-09,319976.0,65.4,8005.000000000001
1996-04-10,319976.0,65.4,8005.000000000001
1996-04-11,319976.0,65.4,8005.000000000001
1996-04-12,319976.0,65.4,8005.000000000001
1996-04-13,319976.0,65.4,8005.000000000001
1996-04-14,319976.0,65.4,8005.000000000001
1996-04-15,319976.0,65.4,8005.000000000001
1996-04-16,319976.0,65.4,8005.000000000001
1996-04-17,319976.0,65.4,8005.000000000001
1996-04-18,319976.0,65.4,8005.000000000001
1996-04-19,319976.0,65.4,8005.000000000001
1996-04-20,319976.0,65.4,8005.000000000001
1996-04-21,319976.0,65.4,8005.000000000001
1996-04-22,319976.0,65.4,8005.000000000001
1996-04-23,319976.0,65.4,8005.000000000001
1996-04-24,319976.0,65.4,8005.000000000001
1996-04-25,319976.0,65.4,8005.000000000001
1996-04-26,319976.0,65.4,8005.000000000001
1996-04-27,319976.0,65.4,8005.000000000001
1996-04-28,319976.0,65.4,8005.000000000001
1996-04-29,319976.0,65.4,8005.000000000001
1996-04-30,319976.0,65.4,8005.000000000001
1996-05-01,319976.0,65.4,8005.000000000001
1996-05-02,319976.0,65.4,8005.000000000001
1996-05-03,319976.0,65.4,8005.000000000001
1996-05-04,319976.0,65.4,8005.000000000001
1996-05-05,319976.0,65.4,8005.000000000001
1996-05-06,319976.0,65.4,8005.000000000001
1996-05-07,319976.0,65.4,8005.000000000001
1996-05-08,319976.0,65.4,8005.000000000001
1996-05-09,319976.0,65.4,8005.000000000001
1996-05-10,319976.0,65.4,8005.000000000001
1996-05-11,319976.0,65.4,8005.000000000001
1996-05-12,319976.0,65.4,8005.000000000001
1996-05-13,319976.0,65.4,8005.000000000001
1996-05-14,319976.0,65.4,8005.000000000001
1996-05-15,319976.0,65.4,8005.000000000001
1996-05-16,319976.0,65.4,8005.000000000001
1996-05-17,319976.0,65.4,8005.000000000001
1996-05-18,319976.0,65.4,8005.000000000001
1996-05-19,319976.0,65.4,8005.000000000001
1996-05-20,319976.0,65.4,8005.000000000001
1996-05-21,319976.0,65.4,8005.000000000001
1996-05-22,319976.0,65.4,8005.000000000001
1996-05-23,319976.0,65.4,8005.000000000001
1996-05-24,319976.0,65.4,8005.000000000001
1996-05-25,319976.0,65.4,8005.000000000001
1996-05-26,319976.0,65.4,8005.000000000001
1996-05-27,319976.0,65.4,8005.000000000001
1996-05-28,319976.0,65.4,8005.000000000001
1996-05-29,319976.0,65.4,8005.000000000001
1996-05-30,319976.0,65.4,8005.000000000001
1996-05-31,319976.0,65.4,8005.000000000001
1996-06-01,319976.0,65.4,8005.000000000001
1996-06-02,319976.0,65.4,8005.000000000001
1996-06-03,319976.0,65.4,8005.000000000001
1996-06-04,319976.0,65.4,8005.000000000001
1996-06-05,319976.0,65.4,8005.000000000001
1996-06-06,319976.0,65.4,8005.000000000001
1996-06-07,319976.0,65.4,8005.000000000001
1996-06-08,319976.0,65.4,8005.000000000001
1996-06-09,319976.0,65.4,8005.000000000001
1996-06-10,319976.0,65.4,8005.000000000001
1996-06-11,319976.0,65.4,8005.000000000001
1996-06-12,319976.0,65.4,8005.000000000001
1996-06-13,319976.0,65.4,8005.000000000001
1996-06-14,319976.0,65.4,8005.000000000001
1996-06-15,319976.0,65.4,8005.000000000001
1996-06-16,319976.0,65.4,8005.000000000001
1996-06-17,319976.0,65.4,8005.000000000001
1996-06-18,319976.0,65.4,8005.000000000001
1996-06-19,319976.0,65.4,8005.000000000001
1996-06-20,319976.0,65.4,8005.000000000001
1996-06-21,319976.0,65.4,8005.000000000001
1996-06-22,319976.0,65.4,8005.000000000001
1996-06-23,319976.0,65.4,8005.000000000001
1996-06-24,319976.0,65.4,8005.000000000001
1996-06-25,319976.0,65.4,8005.000000000001
1996-06-26,319976.0,65.4,8005.000000000001
1996-06-27,319976.0,65.4,8005.000000000001
1996-06-28,319976.0,65.4,8005.000000000001
1996-06-29,319976.0,65.4,8005.000000000001
1996-06-30,319976.0,65.4,8005.000000000001
1996-07-01,319976.0,65.4,8005.000000000001
1996-07-02,319976.0,65.4,8005.000000000001
1996-07-03,319976.0,65.4,8005.000000000001
1996-07-04,319976.0,65.4,8005.000000000001
1996-07-05,319976.0,65.4,8005.000000000001
1996-07-06,319976.0,65.4,8005.000000000001
1996-07-07,319976.0,65.4,8005.000000000001
1996-07-08,319976.0,65.4,8005.000000000001
1996-07-09,319976.0,65.4,8005.000000000001
1996-07-10,319976.0,65.4,8005.000000000001
1996-07-11,319976.0,65.4,8005.000000000001
1996-07-12,319976.0,65.4,8005.000000000001
1996-07-13,319976.0,65.4,8005.000000000001
1996-07-14,319976.0,65.4,8005.000000000001
1996-07-15,319976.0,65.4,8005.000000000001
1996-07-16,319976.0,65.4,8005.000000000001
1996-07-17,319976.0,65.4,8005.000000000001
1996-07-18,319976.0,65.4,8005.000000000001
1996-07-19,319976.0,65.4,8005.000000000001
1996-07-20,319976.0,65.4,8005.000000000001
1996-07-21,319976.0,65.4,8005.000000000001
1996-07-22,319976.0,65.4,8005.000000000001
1996-07-23,319976.0,65.4,8005.000000000001
1996-07-24,319976.0,65.4,8005.000000000001
1996-07-25,319976.0,65.4,8005.000000000001
1996-07-26,319976.0,65.4,8005.000000000001
1996-07-27,319976.0,65.4,8005.000000000001
1996-07-28,319976.0,65.4,8005.000000000001
1996-07-29,319976.0,65.4,8005.000000000001
1996-07-30,319976.0,65.4,8005.000000000001
1996-07-31,319976.0,65.4,8005.000000000001
1996-08-01,319976.0,65.4,8005.000000000001
1996-08-02,319976.0,65.4,8005.000000000001
1996-08-03,319976.0,65.4,8005.000000000001
1996-08-04,319976.0,65.4,8005.000000000001
1996-08-05,319976.0,65.4,8005.000000000001
1996-08-06,319976.0,65.4,8005.000000000001
1996-08-07,319976.0,65.4,8005.000000000001
1996-08-08,319976.0,65.4,8005.000000000001
1996-08-09,319976.0,65.4,8005.000000000001
1996-08-10,319976.0,65.4,8005.000000000001
1996-08-11,319976.0,65.4,8005.000000000001
1996-08-12,319976.0,65.4,8005.000000000001
1996-08-13,319976.0,65.4,8005.000000000001
1996-08-14,319976.0,65.4,8005.000000000001
1996-08-15,319976.0,65.4,8005.000000000001
1996-08-16,319976.0,65.4,8005.000000000001
1996-08-17,319976.0,65.4,8005.000000000001
1996-08-18,319976.0,65.4,8005.000000000001
1996-08-19,319976.0,65.4,8005.000000000001
1996-08-20,319976.0,65.4,8005.000000000001
1996-08-21,319976.0,65.4,8005.000000000001
1996-08-22,319976.0,65.4,8005.000000000001
1996-08-23,319976.0,65.4,8005.000000000001
1996-08-24,319976.0,65.4,8005.000000000001
1996-08-25,319976.0,65.4,8005.000000000001
1996-08-26,319976.0,65.4,8005.000000000001
1996-08-27,319976.0,65.4,8005.000000000001
1996-08-28,319976.0,65.4,8005.000000000001
1996-08-29,319976.0,65.4,8005.000000000001
1996-08-30,319976.0,65.4,8005.000000000001
1996-08-31,319976.0,65.4,8005.000000000001
1996-09-01,319976.0,65.4,8005.000000000001
1996-09-02,319976.0,65.4,8005.000000000001
1996-09-03,319976.0,65.4,8005.000000000001
1996-09-04,319976.0,65.4,8005.000000000001
1996-09-05,319976.0,65.4,8005.000000000001
1996-09-06,319976.0,65.4,8005.000000000001
1996-09-07,319976.0,65.4,8005.000000000001
1996-09-08,319976.0,65.4,8005.000000000001
1996-09-09,319976.0,65.4,8005.000000000001
1996-09-10,319976.0,65.4,8005.000000000001
1996-09-11,319976.0,65.4,8005.000000000001
1996-09-12,319976.0,65.4,8005.000000000001
1996-09-13,319976.0,65.4,8005.000000000001
1996-09-14,319976.0,65.4,8005.000000000001
1996-09-15,319976.0,65.4,8005.000000000001
1996-09-16,319976.0,65.4,8005.000000000001
1996-09-17,319976.0,65.4,8005.000000000001
1996-09-18,319976.0,65.4,8005.000000000001
1996-09-19,319976.0,65.4,8005.000000000001
1996-09-20,319976.0,65.4,8005.000000000001
1996-09-21,319976.0,65.4,8005.000000000001
1996-09-22,319976.0,65.4,8005.000000000001
1996-09-23,319976.0,65.4,8005.000000000001
1996-09-24,319976.0,65.4,8005.000000000001
1996-09-25,319976.0,65.4,8005.000000000001
1996-09-26,319976.0,65.4,8005.000000000001
1996-09-27,319976.0,65.4,8005.000000000001
1996-09-28,319976.0,65.4,8005.000000000001
1996-09-29,319976.0,65.4,8005.000000000001
1996-09-30,319976.0,65.4,8005.000000000001
1996-10-01,319976.0,65.4,8005.000000000001
1996-10-02,319976.0,65.4,8005.000000000001
1996-10-03,319976.0,65.4,8005.000000000001
1996-10-04,319976.0,65.4,8005.000000000001
1996-10-05,319976.0,65.4,8005.000000000001
1996-10-06,319976.0,65.4,8005.000000000001
1996-10-07,319976.0,65.4,8005.000000000001
1996-10-08,319976.0,65.4,8005.000000000001
1996-10-09,319976.0,65.4,8005.000000000001
1996-10-10,319976.0,65.4,8005.000000000001
1996-10-11,319976.0,65.4,8005.000000000001
1996-10-12,319976.0,65.4,8005.000000000001
1996-10-13,319976.0,65.4,8005.000000000001
1996-10-14,319976.0,65.4,8005.000000000001
1996-10-15,319976.0,65.4,8005.000000000001
1996-10-16,319976.0,65.4,8005.000000000001
1996-10-17,319976.0,65.4,8005.000000000001
1996-10-18,319976.0,65.4,8005.000000000001
1996-10-19,319976.0,65.4,8005.000000000001
1996-10-20,319976.0,65.4,8005.000000000001
1996-10-21,319976.0,65.4,8005.000000000001
1996-10-22,319976.0,65.4,8005.000000000001
1996-10-23,319976.0,65.4,8005.000000000001
1996-10-24,319976.0,65.4,8005.000000000001
1996-10-25,319976.0,65.4,8005.000000000001
1996-10-26,319976.0,65.4,8005.000000000001
1996-10-27,319976.0,65.4,8005.000000000001
1996-10-28,319976.0,65.4,8005.000000000001
1996-10-29,319976.0,65.4,8005.000000000001
1996-10-30,319976.0,65.4,8005.000000000001
1996-10-31,319976.0,65.4,8005.000000000001
1996-11-01,319976.0,65.4,8005.000000000001
1996-11-02,319976.0,65.4,8005.000000000001
1996-11-03,319976.0,65.4,8005.000000000001
1996-11-04,319976.0,65.4,8005.000000000001
1996-11-05,319976.0,65.4,8005.000000000001
1996-11-06,319976.0,65.4,8005.000000000001
1996-11-07,319976.0,65.4,8005.000000000001
1996-11-08,319976.0,65.4,8005.000000000001
1996-11-09,319976.0,65.4,8005.000000000001
1996-11-10,319976.0,65.4,8005.000000000001
1996-11-11,319976.0,65.4,8005.000000000001
1996-11-12,319976.0,65.4,8005.000000000001
1996-11-13,319976.0,65.4,8005.000000000001
1996-11-14,319976.0,65.4,8005.000000000001
1996-11-15,319976.0,65.4,8005.000000000001
1996-11-16,319976.0,65.4,8005.000000000001
1996-11-17,319976.0,65.4,8005.000000000001
1996-11-18,319976.0,65.4,8005.000000000001
1996-11-19,319976.0,65.4,8005.000000000001
1996-11-20,319976.0,65.4,8005.000000000001
1996-11-21,319976.0,65.4,8005.000000000001
1996-11-22,319976.0,65.4,8005.000000000001
1996-11-23,319976.0,65.4,8005.000000000001
1996-11-24,319976.0,65.4,8005.000000000001
1996-11-25,319976.0,65.4,8005.000000000001
1996-11-26,319976.0,65.4,8005.000000000001
1996-11-27,319976.0,65.4,8005.000000000001
1996-11-28,319976.0,65.4,8005.000000000001
1996-11-29,319976.0,65.4,8005.000000000001
1996-11-30,319976.0,65.4,8005.000000000001
1996-12-01,319976.0,65.4,8005.000000000001
1996-12-02,319976.0,65.4,8005.000000000001
1996-12-03,319976.0,65.4,8005.000000000001
1996-12-04,319976.0,65.4,8005.000000000001
1996-12-05,319976.0,65.4,8005.000000000001
1996-12-06,319976.0,65.4,8005.000000000001
1996-12-07,319976.0,65.4,8005.000000000001
1996-12-08,319976.0,65.4,8005.000000000001
1996-12-09,319976.0,65.4,8005.000000000001
1996-12-10,319976.0,65.4,8005.000000000001
1996-12-11,319976.0,65.4,8005.000000000001
1996-12-12,319976.0,65.4,8005.000000000001
1996-12-13,319976.0,65.4,8005.000000000001
1996-12-14,319976.0,65.4,8005.000000000001
1996-12-15,319976.0,65.4,8005.000000000001
1996-12-16,319976.0,65.4,8005.000000000001
1996-12-17,319976.0,65.4,8005.000000000001
1996-12-18,319976.0,65.4,8005.000000000001
1996-12-19,319976.0,65.4,8005.000000000001
1996-12-20,319976.0,65.4,8005.000000000001
1996-12-21,319976.0,65.4,8005.000000000001
1996-12-22,319976.0,65.4,8005.000000000001
1996-12-23,319976.0,65.4,8005.000000000001
1996-12-24,319976.0,65.4,8005.000000000001
1996-12-25,319976.0,65.4,8005.000000000001
1996-12-26,319976.0,65.4,8005.000000000001
1996-12-27,319976.0,65.4,8005.000000000001
1996-12-28,319976.0,65.4,8005.000000000001
1996-12-29,319976.0,65.4,8005.000000000001
1996-12-30,319976.0,65.4,8005.000000000001
1996-12-31,319976.0,65.4,8005.000000000001
1997-01-01,333627.0,64.2,8311.0
1997-01-02,333627.0,64.2,8311.0
1997-01-03,333627.0,64.2,8311.0
1997-01-04,333627.0,64.2,8311.0
1997-01-05,333627.0,64.2,8311.0
1997-01-06,333627.0,64.2,8311.0
1997-01-07,333627.0,64.2,8311.0
1997-01-08,333627.0,64.2,8311.0
1997-01-09,333627.0,64.2,8311.0
1997-01-10,333627.0,64.2,8311.0
1997-01-11,333627.0,64.2,8311.0
1997-01-12,333627.0,64.2,8311.0
1997-01-13,333627.0,64.2,8311.0
1997-01-14,333627.0,64.2,8311.0
1997-01-15,333627.0,64.2,8311.0
1997-01-16,333627.0,64.2,8311.0
1997-01-17,333627.0,64.2,8311.0
1997-01-18,333627.0,64.2,8311.0
1997-01-19,333627.0,64.2,8311.0
1997-01-20,333627.0,64.2,8311.0
1997-01-21,333627.0,64.2,8311.0
1997-01-22,333627.0,64.2,8311.0
1997-01-23,333627.0,64.2,8311.0
1997-01-24,333627.0,64.2,8311.0
1997-01-25,333627.0,64.2,8311.0
1997-01-26,333627.0,64.2,8311.0
1997-01-27,333627.0,64.2,8311.0
1997-01-28,333627.0,64.2,8311.0
1997-01-29,333627.0,64.2,8311.0
1997-01-30,333627.0,64.2,8311.0
1997-01-31,333627.0,64.2,8311.0
1997-02-01,333627.0,64.2,8311.0
1997-02-02,333627.0,64.2,8311.0
1997-02-03,333627.0,64.2,8311.0
1997-02-04,333627.0,64.2,8311.0
1997-02-05,333627.0,64.2,8311.0
1997-02-06,333627.0,64.2,8311.0
1997-02-07,333627.0,64.2,8311.0
1997-02-08,333627.0,64.2,8311.0
1997-02-09,333627.0,64.2,8311.0
1997-02-10,333627.0,64.2,8311.0
1997-02-11,333627.0,64.2,8311.0
1997-02-12,333627.0,64.2,8311.0
1997-02-13,333627.0,64.2,8311.0
1997-02-14,333627.0,64.2,8311.0
1997-02-15,333627.0,64.2,8311.0
1997-02-16,333627.0,64.2,8311.0
1997-02-17,333627.0,64.2,8311.0
1997-02-18,333627.0,64.2,8311.0
1997-02-19,333627.0,64.2,8311.0
1997-02-20,333627.0,64.2,8311.0
1997-02-21,333627.0,64.2,8311.0
1997-02-22,333627.0,64.2,8311.0
1997-02-23,333627.0,64.2,8311.0
1997-02-24,333627.0,64.2,8311.0
1997-02-25,333627.0,64.2,8311.0
1997-02-26,333627.0,64.2,8311.0
1997-02-27,333627.0,64.2,8311.0
1997-02-28,333627.0,64.2,8311.0
1997-03-01,333627.0,64.2,8311.0
1997-03-02,333627.0,64.2,8311.0
1997-03-03,333627.0,64.2,8311.0
1997-03-04,333627.0,64.2,8311.0
1997-03-05,333627.0,64.2,8311.0
1997-03-06,333627.0,64.2,8311.0
1997-03-07,333627.0,64.2,8311.0
1997-03-08,333627.0,64.2,8311.0
1997-03-09,333627.0,64.2,8311.0
1997-03-10,333627.0,64.2,8311.0
1997-03-11,333627.0,64.2,8311.0
1997-03-12,333627.0,64.2,8311.0
1997-03-13,333627.0,64.2,8311.0
1997-03-14,333627.0,64.2,8311.0
1997-03-15,333627.0,64.2,8311.0
1997-03-16,333627.0,64.2,8311.0
1997-03-17,333627.0,64.2,8311.0
1997-03-18,333627.0,64.2,8311.0
1997-03-19,333627.0,64.2,8311.0
1997-03-20,333627.0,64.2,8311.0
1997-03-21,333627.0,64.2,8311.0
1997-03-22,333627.0,64.2,8311.0
1997-03-23,333627.0,64.2,8311.0
1997-03-24,333627.0,64.2,8311.0
1997-03-25,333627.0,64.2,8311.0
1997-03-26,333627.0,64.2,8311.0
1997-03-27,333627.0,64.2,8311.0
1997-03-28,333627.0,64.2,8311.0
1997-03-29,333627.0,64.2,8311.0
1997-03-30,333627.0,64.2,8311.0
1997-03-31,333627.0,64.2,8311.0
1997-04-01,333627.0,64.2,8311.0
1997-04-02,333627.0,64.2,8311.0
1997-04-03,333627.0,64.2,8311.0
1997-04-04,333627.0,64.2,8311.0
1997-04-05,333627.0,64.2,8311.0
1997-04-06,333627.0,64.2,8311.0
1997-04-07,333627.0,64.2,8311.0
1997-04-08,333627.0,64.2,8311.0
1997-04-09,333627.0,64.2,8311.0
1997-04-10,333627.0,64.2,8311.0
1997-04-11,333627.0,64.2,8311.0
1997-04-12,333627.0,64.2,8311.0
1997-04-13,333627.0,64.2,8311.0
1997-04-14,333627.0,64.2,8311.0
1997-04-15,333627.0,64.2,8311.0
1997-04-16,333627.0,64.2,8311.0
1997-04-17,333627.0,64.2,8311.0
1997-04-18,333627.0,64.2,8311.0
1997-04-19,333627.0,64.2,8311.0
1997-04-20,333627.0,64.2,8311.0
1997-04-21,333627.0,64.2,8311.0
1997-04-22,333627.0,64.2,8311.0
1997-04-23,333627.0,64.2,8311.0
1997-04-24,333627.0,64.2,8311.0
1997-04-25,333627.0,64.2,8311.0
1997-04-26,333627.0,64.2,8311.0
1997-04-27,333627.0,64.2,8311.0
1997-04-28,333627.0,64.2,8311.0
1997-04-29,333627.0,64.2,8311.0
1997-04-30,333627.0,64.2,8311.0
1997-05-01,333627.0,64.2,8311.0
1997-05-02,333627.0,64.2,8311.0
1997-05-03,333627.0,64.2,8311.0
1997-05-04,333627.0,64.2,8311.0
1997-05-05,333627.0,64.2,8311.0
1997-05-06,333627.0,64.2,8311.0
1997-05-07,333627.0,64.2,8311.0
1997-05-08,333627.0,64.2,8311.0
1997-05-09,333627.0,64.2,8311.0
1997-05-10,333627.0,64.2,8311.0
1997-05-11,333627.0,64.2,8311.0
1997-05-12,333627.0,64.2,8311.0
1997-05-13,333627.0,64.2,8311.0
1997-05-14,333627.0,64.2,8311.0
1997-05-15,333627.0,64.2,8311.0
1997-05-16,333627.0,64.2,8311.0
1997-05-17,333627.0,64.2,8311.0
1997-05-18,333627.0,64.2,8311.0
1997-05-19,333627.0,64.2,8311.0
1997-05-20,333627.0,64.2,8311.0
1997-05-21,333627.0,64.2,8311.0
1997-05-22,333627.0,64.2,8311.0
1997-05-23,333627.0,64.2,8311.0
1997-05-24,333627.0,64.2,8311.0
1997-05-25,333627.0,64.2,8311.0
1997-05-26,333627.0,64.2,8311.0
1997-05-27,333627.0,64.2,8311.0
1997-05-28,333627.0,64.2,8311.0
1997-05-29,333627.0,64.2,8311.0
1997-05-30,333627.0,64.2,8311.0
1997-05-31,333627.0,64.2,8311.0
1997-06-01,333627.0,64.2,8311.0
1997-06-02,333627.0,64.2,8311.0
1997-06-03,333627.0,64.2,8311.0
1997-06-04,333627.0,64.2,8311.0
1997-06-05,333627.0,64.2,8311.0
1997-06-06,333627.0,64.2,8311.0
1997-06-07,333627.0,64.2,8311.0
1997-06-08,333627.0,64.2,8311.0
1997-06-09,333627.0,64.2,8311.0
1997-06-10,333627.0,64.2,8311.0
1997-06-11,333627.0,64.2,8311.0
1997-06-12,333627.0,64.2,8311.0
1997-06-13,333627.0,64.2,8311.0
1997-06-14,333627.0,64.2,8311.0
1997-06-15,333627.0,64.2,8311.0
1997-06-16,333627.0,64.2,8311.0
1997-06-17,333627.0,64.2,8311.0
1997-06-18,333627.0,64.2,8311.0
1997-06-19,333627.0,64.2,8311.0
1997-06-20,333627.0,64.2,8311.0
1997-06-21,333627.0,64.2,8311.0
1997-06-22,333627.0,64.2,8311.0
1997-06-23,333627.0,64.2,8311.0
1997-06-24,333627.0,64.2,8311.0
1997-06-25,333627.0,64.2,8311.0
1997-06-26,333627.0,64.2,8311.0
1997-06-27,333627.0,64.2,8311.0
1997-06-28,333627.0,64.2,8311.0
1997-06-29,333627.0,64.2,8311.0
1997-06-30,333627.0,64.2,8311.0
1997-07-01,333627.0,64.2,8311.0
1997-07-02,333627.0,64.2,8311.0
1997-07-03,333627.0,64.2,8311.0
1997-07-04,333627.0,64.2,8311.0
1997-07-05,333627.0,64.2,8311.0
1997-07-06,333627.0,64.2,8311.0
1997-07-07,333627.0,64.2,8311.0
1997-07-08,333627.0,64.2,8311.0
1997-07-09,333627.0,64.2,8311.0
1997-07-10,333627.0,64.2,8311.0
1997-07-11,333627.0,64.2,8311.0
1997-07-12,333627.0,64.2,8311.0
1997-07-13,333627.0,64.2,8311.0
1997-07-14,333627.0,64.2,8311.0
1997-07-15,333627.0,64.2,8311.0
1997-07-16,333627.0,64.2,8311.0
1997-07-17,333627.0,64.2,8311.0
1997-07-18,333627.0,64.2,8311.0
1997-07-19,333627.0,64.2,8311.0
1997-07-20,333627.0,64.2,8311.0
1997-07-21,333627.0,64.2,8311.0
1997-07-22,333627.0,64.2,8311.0
1997-07-23,333627.0,64.2,8311.0
1997-07-24,333627.0,64.2,8311.0
1997-07-25,333627.0,64.2,8311.0
1997-07-26,333627.0,64.2,8311.0
1997-07-27,333627.0,64.2,8311.0
1997-07-28,333627.0,64.2,8311.0
1997-07-29,333627.0,64.2,8311.0
1997-07-30,333627.0,64.2,8311.0
1997-07-31,333627.0,64.2,8311.0
1997-08-01,333627.0,64.2,8311.0
1997-08-02,333627.0,64.2,8311.0
1997-08-03,333627.0,64.2,8311.0
1997-08-04,333627.0,64.2,8311.0
1997-08-05,333627.0,64.2,8311.0
1997-08-06,333627.0,64.2,8311.0
1997-08-07,333627.0,64.2,8311.0
1997-08-08,333627.0,64.2,8311.0
1997-08-09,333627.0,64.2,8311.0
1997-08-10,333627.0,64.2,8311.0
1997-08-11,333627.0,64.2,8311.0
1997-08-12,333627.0,64.2,8311.0
1997-08-13,333627.0,64.2,8311.0
1997-08-14,333627.0,64.2,8311.0
1997-08-15,333627.0,64.2,8311.0
1997-08-16,333627.0,64.2,8311.0
1997-08-17,333627.0,64.2,8311.0
1997-08-18,333627.0,64.2,8311.0
1997-08-19,333627.0,64.2,8311.0
1997-08-20,333627.0,64.2,8311.0
1997-08-21,333627.0,64.2,8311.0
1997-08-22,333627.0,64.2,8311.0
1997-08-23,333627.0,64.2,8311.0
1997-08-24,333627.0,64.2,8311.0
1997-08-25,333627.0,64.2,8311.0
1997-08-26,333627.0,64.2,8311.0
1997-08-27,333627.0,64.2,8311.0
1997-08-28,333627.0,64.2,8311.0
1997-08-29,333627.0,64.2,8311.0
1997-08-30,333627.0,64.2,8311.0
1997-08-31,333627.0,64.2,8311.0
1997-09-01,333627.0,64.2,8311.0
1997-09-02,333627.0,64.2,8311.0
1997-09-03,333627.0,64.2,8311.0
1997-09-04,333627.0,64.2,8311.0
1997-09-05,333627.0,64.2,8311.0
1997-09-06,333627.0,64.2,8311.0
1997-09-07,333627.0,64.2,8311.0
1997-09-08,333627.0,64.2,8311.0
1997-09-09,333627.0,64.2,8311.0
1997-09-10,333627.0,64.2,8311.0
1997-09-11,333627.0,64.2,8311.0
1997-09-12,333627.0,64.2,8311.0
1997-09-13,333627.0,64.2,8311.0
1997-09-14,333627.0,64.2,8311.0
1997-09-15,333627.0,64.2,8311.0
1997-09-16,333627.0,64.2,8311.0
1997-09-17,333627.0,64.2,8311.0
1997-09-18,333627.0,64.2,8311.0
1997-09-19,333627.0,64.2,8311.0
1997-09-20,333627.0,64.2,8311.0
1997-09-21,333627.0,64.2,8311.0
1997-09-22,333627.0,64.2,8311.0
1997-09-23,333627.0,64.2,8311.0
1997-09-24,333627.0,64.2,8311.0
1997-09-25,333627.0,64.2,8311.0
1997-09-26,333627.0,64.2,8311.0
1997-09-27,333627.0,64.2,8311.0
1997-09-28,333627.0,64.2,8311.0
1997-09-29,333627.0,64.2,8311.0
1997-09-30,333627.0,64.2,8311.0
1997-10-01,333627.0,64.2,8311.0
1997-10-02,333627.0,64.2,8311.0
1997-10-03,333627.0,64.2,8311.0
1997-10-04,333627.0,64.2,8311.0
1997-10-05,333627.0,64.2,8311.0
1997-10-06,333627.0,64.2,8311.0
1997-10-07,333627.0,64.2,8311.0
1997-10-08,333627.0,64.2,8311.0
1997-10-09,333627.0,64.2,8311.0
1997-10-10,333627.0,64.2,8311.0
1997-10-11,333627.0,64.2,8311.0
1997-10-12,333627.0,64.2,8311.0
1997-10-13,333627.0,64.2,8311.0
1997-10-14,333627.0,64.2,8311.0
1997-10-15,333627.0,64.2,8311.0
1997-10-16,333627.0,64.2,8311.0
1997-10-17,333627.0,64.2,8311.0
1997-10-18,333627.0,64.2,8311.0
1997-10-19,333627.0,64.2,8311.0
1997-10-20,333627.0,64.2,8311.0
1997-10-21,333627.0,64.2,8311.0
1997-10-22,333627.0,64.2,8311.0
1997-10-23,333627.0,64.2,8311.0
1997-10-24,333627.0,64.2,8311.0
1997-10-25,333627.0,64.2,8311.0
1997-10-26,333627.0,64.2,8311.0
1997-10-27,333627.0,64.2,8311.0
1997-10-28,333627.0,64.2,8311.0
1997-10-29,333627.0,64.2,8311.0
1997-10-30,333627.0,64.2,8311.0
1997-10-31,333627.0,64.2,8311.0
1997-11-01,333627.0,64.2,8311.0
1997-11-02,333627.0,64.2,8311.0
1997-11-03,333627.0,64.2,8311.0
1997-11-04,333627.0,64.2,8311.0
1997-11-05,333627.0,64.2,8311.0
1997-11-06,333627.0,64.2,8311.0
1997-11-07,333627.0,64.2,8311.0
1997-11-08,333627.0,64.2,8311.0
1997-11-09,333627.0,64.2,8311.0
1997-11-10,333627.0,64.2,8311.0
1997-11-11,333627.0,64.2,8311.0
1997-11-12,333627.0,64.2,8311.0
1997-11-13,333627.0,64.2,8311.0
1997-11-14,333627.0,64.2,8311.0
1997-11-15,333627.0,64.2,8311.0
1997-11-16,333627.0,64.2,8311.0
1997-11-17,333627.0,64.2,8311.0
1997-11-18,333627.0,64.2,8311.0
1997-11-19,333627.0,64.2,8311.0
1997-11-20,333627.0,64.2,8311.0
1997-11-21,333627.0,64.2,8311.0
1997-11-22,333627.0,64.2,8311.0
1997-11-23,333627.0,64.2,8311.0
1997-11-24,333627.0,64.2,8311.0
1997-11-25,333627.0,64.2,8311.0
1997-11-26,333627.0,64.2,8311.0
1997-11-27,333627.0,64.2,8311.0
1997-11-28,333627.0,64.2,8311.0
1997-11-29,333627.0,64.2,8311.0
1997-11-30,333627.0,64.2,8311.0
1997-12-01,333627.0,64.2,8311.0
1997-12-02,333627.0,64.2,8311.0
1997-12-03,333627.0,64.2,8311.0
1997-12-04,333627.0,64.2,8311.0
1997-12-05,333627.0,64.2,8311.0
1997-12-06,333627.0,64.2,8311.0
1997-12-07,333627.0,64.2,8311.0
1997-12-08,333627.0,64.2,8311.0
1997-12-09,333627.0,64.2,8311.0
1997-12-10,333627.0,64.2,8311.0
1997-12-11,333627.0,64.2,8311.0
1997-12-12,333627.0,64.2,8311.0
1997-12-13,333627.0,64.2,8311.0
1997-12-14,333627.0,64.2,8311.0
1997-12-15,333627.0,64.2,8311.0
1997-12-16,333627.0,64.2,8311.0
1997-12-17,333627.0,64.2,8311.0
1997-12-18,333627.0,64.2,8311.0
1997-12-19,333627.0,64.2,8311.0
1997-12-20,333627.0,64.2,8311.0
1997-12-21,333627.0,64.2,8311.0
1997-12-22,333627.0,64.2,8311.0
1997-12-23,333627.0,64.2,8311.0
1997-12-24,333627.0,64.2,8311.0
1997-12-25,333627.0,64.2,8311.0
1997-12-26,333627.0,64.2,8311.0
1997-12-27,333627.0,64.2,8311.0
1997-12-28,333627.0,64.2,8311.0
1997-12-29,333627.0,64.2,8311.0
1997-12-30,333627.0,64.2,8311.0
1997-12-31,333627.0,64.2,8311.0
1998-01-01,346417.0,62.3,8595.0
1998-01-02,346417.0,62.3,8595.0
1998-01-03,346417.0,62.3,8595.0
1998-01-04,346417.0,62.3,8595.0
1998-01-05,346417.0,62.3,8595.0
1998-01-06,346417.0,62.3,8595.0
1998-01-07,346417.0,62.3,8595.0
1998-01-08,346417.0,62.3,8595.0
1998-01-09,346417.0,62.3,8595.0
1998-01-10,346417.0,62.3,8595.0
1998-01-11,346417.0,62.3,8595.0
1998-01-12,346417.0,62.3,8595.0
1998-01-13,346417.0,62.3,8595.0
1998-01-14,346417.0,62.3,8595.0
1998-01-15,346417.0,62.3,8595.0
1998-01-16,346417.0,62.3,8595.0
1998-01-17,346417.0,62.3,8595.0
1998-01-18,346417.0,62.3,8595.0
1998-01-19,346417.0,62.3,8595.0
1998-01-20,346417.0,62.3,8595.0
1998-01-21,346417.0,62.3,8595.0
1998-01-22,346417.0,62.3,8595.0
1998-01-23,346417.0,62.3,8595.0
1998-01-24,346417.0,62.3,8595.0
1998-01-25,346417.0,62.3,8595.0
1998-01-26,346417.0,62.3,8595.0
1998-01-27,346417.0,62.3,8595.0
1998-01-28,346417.0,62.3,8595.0
1998-01-29,346417.0,62.3,8595.0
1998-01-30,346417.0,62.3,8595.0
1998-01-31,346417.0,62.3,8595.0
1998-02-01,346417.0,62.3,8595.0
1998-02-02,346417.0,62.3,8595.0
1998-02-03,346417.0,62.3,8595.0
1998-02-04,346417.0,62.3,8595.0
1998-02-05,346417.0,62.3,8595.0
1998-02-06,346417.0,62.3,8595.0
1998-02-07,346417.0,62.3,8595.0
1998-02-08,346417.0,62.3,8595.0
1998-02-09,346417.0,62.3,8595.0
1998-02-10,346417.0,62.3,8595.0
1998-02-11,346417.0,62.3,8595.0
1998-02-12,346417.0,62.3,8595.0
1998-02-13,346417.0,62.3,8595.0
1998-02-14,346417.0,62.3,8595.0
1998-02-15,346417.0,62.3,8595.0
1998-02-16,346417.0,62.3,8595.0
1998-02-17,346417.0,62.3,8595.0
1998-02-18,346417.0,62.3,8595.0
1998-02-19,346417.0,62.3,8595.0
1998-02-20,346417.0,62.3,8595.0
1998-02-21,346417.0,62.3,8595.0
1998-02-22,346417.0,62.3,8595.0
1998-02-23,346417.0,62.3,8595.0
1998-02-24,346417.0,62.3,8595.0
1998-02-25,346417.0,62.3,8595.0
1998-02-26,346417.0,62.3,8595.0
1998-02-27,346417.0,62.3,8595.0
1998-02-28,346417.0,62.3,8595.0
1998-03-01,346417.0,62.3,8595.0
1998-03-02,346417.0,62.3,8595.0
1998-03-03,346417.0,62.3,8595.0
1998-03-04,346417.0,62.3,8595.0
1998-03-05,346417.0,62.3,8595.0
1998-03-06,346417.0,62.3,8595.0
1998-03-07,346417.0,62.3,8595.0
1998-03-08,346417.0,62.3,8595.0
1998-03-09,346417.0,62.3,8595.0
1998-03-10,346417.0,62.3,8595.0
1998-03-11,346417.0,62.3,8595.0
1998-03-12,346417.0,62.3,8595.0
1998-03-13,346417.0,62.3,8595.0
1998-03-14,346417.0,62.3,8595.0
1998-03-15,346417.0,62.3,8595.0
1998-03-16,346417.0,62.3,8595.0
1998-03-17,346417.0,62.3,8595.0
1998-03-18,346417.0,62.3,8595.0
1998-03-19,346417.0,62.3,8595.0
1998-03-20,346417.0,62.3,8595.0
1998-03-21,346417.0,62.3,8595.0
1998-03-22,346417.0,62.3,8595.0
1998-03-23,346417.0,62.3,8595.0
1998-03-24,346417.0,62.3,8595.0
1998-03-25,346417.0,62.3,8595.0
1998-03-26,346417.0,62.3,8595.0
1998-03-27,346417.0,62.3,8595.0
1998-03-28,346417.0,62.3,8595.0
1998-03-29,346417.0,62.3,8595.0
1998-03-30,346417.0,62.3,8595.0
1998-03-31,346417.0,62.3,8595.0
1998-04-01,346417.0,62.3,8595.0
1998-04-02,346417.0,62.3,8595.0
1998-04-03,346417.0,62.3,8595.0
1998-04-04,346417.0,62.3,8595.0
1998-04-05,346417.0,62.3,8595.0
1998-04-06,346417.0,62.3,8595.0
1998-04-07,346417.0,62.3,8595.0
1998-04-08,346417.0,62.3,8595.0
1998-04-09,346417.0,62.3,8595.0
1998-04-10,346417.0,62.3,8595.0
1998-04-11,346417.0,62.3,8595.0
1998-04-12,346417.0,62.3,8595.0
1998-04-13,346417.0,62.3,8595.0
1998-04-14,346417.0,62.3,8595.0
1998-04-15,346417.0,62.3,8595.0
1998-04-16,346417.0,62.3,8595.0
1998-04-17,346417.0,62.3,8595.0
1998-04-18,346417.0,62.3,8595.0
1998-04-19,346417.0,62.3,8595.0
1998-04-20,346417.0,62.3,8595.0
1998-04-21,346417.0,62.3,8595.0
1998-04-22,346417.0,62.3,8595.0
1998-04-23,346417.0,62.3,8595.0
1998-04-24,346417.0,62.3,8595.0
1998-04-25,346417.0,62.3,8595.0
1998-04-26,346417.0,62.3,8595.0
1998-04-27,346417.0,62.3,8595.0
1998-04-28,346417.0,62.3,8595.0
1998-04-29,346417.0,62.3,8595.0
1998-04-30,346417.0,62.3,8595.0
1998-05-01,346417.0,62.3,8595.0
1998-05-02,346417.0,62.3,8595.0
1998-05-03,346417.0,62.3,8595.0
1998-05-04,346417.0,62.3,8595.0
1998-05-05,346417.0,62.3,8595.0
1998-05-06,346417.0,62.3,8595.0
1998-05-07,346417.0,62.3,8595.0
1998-05-08,346417.0,62.3,8595.0
1998-05-09,346417.0,62.3,8595.0
1998-05-10,346417.0,62.3,8595.0
1998-05-11,346417.0,62.3,8595.0
1998-05-12,346417.0,62.3,8595.0
1998-05-13,346417.0,62.3,8595.0
1998-05-14,346417.0,62.3,8595.0
1998-05-15,346417.0,62.3,8595.0
1998-05-16,346417.0,62.3,8595.0
1998-05-17,346417.0,62.3,8595.0
1998-05-18,346417.0,62.3,8595.0
1998-05-19,346417.0,62.3,8595.0
1998-05-20,346417.0,62.3,8595.0
1998-05-21,346417.0,62.3,8595.0
1998-05-22,346417.0,62.3,8595.0
1998-05-23,346417.0,62.3,8595.0
1998-05-24,346417.0,62.3,8595.0
1998-05-25,346417.0,62.3,8595.0
1998-05-26,346417.0,62.3,8595.0
1998-05-27,346417.0,62.3,8595.0
1998-05-28,346417.0,62.3,8595.0
1998-05-29,346417.0,62.3,8595.0
1998-05-30,346417.0,62.3,8595.0
1998-05-31,346417.0,62.3,8595.0
1998-06-01,346417.0,62.3,8595.0
1998-06-02,346417.0,62.3,8595.0
1998-06-03,346417.0,62.3,8595.0
1998-06-04,346417.0,62.3,8595.0
1998-06-05,346417.0,62.3,8595.0
1998-06-06,346417.0,62.3,8595.0
1998-06-07,346417.0,62.3,8595.0
1998-06-08,346417.0,62.3,8595.0
1998-06-09,346417.0,62.3,8595.0
1998-06-10,346417.0,62.3,8595.0
1998-06-11,346417.0,62.3,8595.0
1998-06-12,346417.0,62.3,8595.0
1998-06-13,346417.0,62.3,8595.0
1998-06-14,346417.0,62.3,8595.0
1998-06-15,346417.0,62.3,8595.0
1998-06-16,346417.0,62.3,8595.0
1998-06-17,346417.0,62.3,8595.0
1998-06-18,346417.0,62.3,8595.0
1998-06-19,346417.0,62.3,8595.0
1998-06-20,346417.0,62.3,8595.0
1998-06-21,346417.0,62.3,8595.0
1998-06-22,346417.0,62.3,8595.0
1998-06-23,346417.0,62.3,8595.0
1998-06-24,346417.0,62.3,8595.0
1998-06-25,346417.0,62.3,8595.0
1998-06-26,346417.0,62.3,8595.0
1998-06-27,346417.0,62.3,8595.0
1998-06-28,346417.0,62.3,8595.0
1998-06-29,346417.0,62.3,8595.0
1998-06-30,346417.0,62.3,8595.0
1998-07-01,346417.0,62.3,8595.0
1998-07-02,346417.0,62.3,8595.0
1998-07-03,346417.0,62.3,8595.0
1998-07-04,346417.0,62.3,8595.0
1998-07-05,346417.0,62.3,8595.0
1998-07-06,346417.0,62.3,8595.0
1998-07-07,346417.0,62.3,8595.0
1998-07-08,346417.0,62.3,8595.0
1998-07-09,346417.0,62.3,8595.0
1998-07-10,346417.0,62.3,8595.0
1998-07-11,346417.0,62.3,8595.0
1998-07-12,346417.0,62.3,8595.0
1998-07-13,346417.0,62.3,8595.0
1998-07-14,346417.0,62.3,8595.0
1998-07-15,346417.0,62.3,8595.0
1998-07-16,346417.0,62.3,8595.0
1998-07-17,346417.0,62.3,8595.0
1998-07-18,346417.0,62.3,8595.0
1998-07-19,346417.0,62.3,8595.0
1998-07-20,346417.0,62.3,8595.0
1998-07-21,346417.0,62.3,8595.0
1998-07-22,346417.0,62.3,8595.0
1998-07-23,346417.0,62.3,8595.0
1998-07-24,346417.0,62.3,8595.0
1998-07-25,346417.0,62.3,8595.0
1998-07-26,346417.0,62.3,8595.0
1998-07-27,346417.0,62.3,8595.0
1998-07-28,346417.0,62.3,8595.0
1998-07-29,346417.0,62.3,8595.0
1998-07-30,346417.0,62.3,8595.0
1998-07-31,346417.0,62.3,8595.0
1998-08-01,346417.0,62.3,8595.0
1998-08-02,346417.0,62.3,8595.0
1998-08-03,346417.0,62.3,8595.0
1998-08-04,346417.0,62.3,8595.0
1998-08-05,346417.0,62.3,8595.0
1998-08-06,346417.0,62.3,8595.0
1998-08-07,346417.0,62.3,8595.0
1998-08-08,346417.0,62.3,8595.0
1998-08-09,346417.0,62.3,8595.0
1998-08-10,346417.0,62.3,8595.0
1998-08-11,346417.0,62.3,8595.0
1998-08-12,346417.0,62.3,8595.0
1998-08-13,346417.0,62.3,8595.0
1998-08-14,346417.0,62.3,8595.0
1998-08-15,346417.0,62.3,8595.0
1998-08-16,346417.0,62.3,8595.0
1998-08-17,346417.0,62.3,8595.0
1998-08-18,346417.0,62.3,8595.0
1998-08-19,346417.0,62.3,8595.0
1998-08-20,346417.0,62.3,8595.0
1998-08-21,346417.0,62.3,8595.0
1998-08-22,346417.0,62.3,8595.0
1998-08-23,346417.0,62.3,8595.0
1998-08-24,346417.0,62.3,8595.0
1998-08-25,346417.0,62.3,8595.0
1998-08-26,346417.0,62.3,8595.0
1998-08-27,346417.0,62.3,8595.0
1998-08-28,346417.0,62.3,8595.0
1998-08-29,346417.0,62.3,8595.0
1998-08-30,346417.0,62.3,8595.0
1998-08-31,346417.0,62.3,8595.0
1998-09-01,346417.0,62.3,8595.0
1998-09-02,346417.0,62.3,8595.0
1998-09-03,346417.0,62.3,8595.0
1998-09-04,346417.0,62.3,8595.0
1998-09-05,346417.0,62.3,8595.0
1998-09-06,346417.0,62.3,8595.0
1998-09-07,346417.0,62.3,8595.0
1998-09-08,346417.0,62.3,8595.0
1998-09-09,346417.0,62.3,8595.0
1998-09-10,346417.0,62.3,8595.0
1998-09-11,346417.0,62.3,8595.0
1998-09-12,346417.0,62.3,8595.0
1998-09-13,346417.0,62.3,8595.0
1998-09-14,346417.0,62.3,8595.0
1998-09-15,346417.0,62.3,8595.0
1998-09-16,346417.0,62.3,8595.0
1998-09-17,346417.0,62.3,8595.0
1998-09-18,346417.0,62.3,8595.0
1998-09-19,346417.0,62.3,8595.0
1998-09-20,346417.0,62.3,8595.0
1998-09-21,346417.0,62.3,8595.0
1998-09-22,346417.0,62.3,8595.0
1998-09-23,346417.0,62.3,8595.0
1998-09-24,346417.0,62.3,8595.0
1998-09-25,346417.0,62.3,8595.0
1998-09-26,346417.0,62.3,8595.0
1998-09-27,346417.0,62.3,8595.0
1998-09-28,346417.0,62.3,8595.0
1998-09-29,346417.0,62.3,8595.0
1998-09-30,346417.0,62.3,8595.0
1998-10-01,346417.0,62.3,8595.0
1998-10-02,346417.0,62.3,8595.0
1998-10-03,346417.0,62.3,8595.0
1998-10-04,346417.0,62.3,8595.0
1998-10-05,346417.0,62.3,8595.0
1998-10-06,346417.0,62.3,8595.0
1998-10-07,346417.0,62.3,8595.0
1998-10-08,346417.0,62.3,8595.0
1998-10-09,346417.0,62.3,8595.0
1998-10-10,346417.0,62.3,8595.0
1998-10-11,346417.0,62.3,8595.0
1998-10-12,346417.0,62.3,8595.0
1998-10-13,346417.0,62.3,8595.0
1998-10-14,346417.0,62.3,8595.0
1998-10-15,346417.0,62.3,8595.0
1998-10-16,346417.0,62.3,8595.0
1998-10-17,346417.0,62.3,8595.0
1998-10-18,346417.0,62.3,8595.0
1998-10-19,346417.0,62.3,8595.0
1998-10-20,346417.0,62.3,8595.0
1998-10-21,346417.0,62.3,8595.0
1998-10-22,346417.0,62.3,8595.0
1998-10-23,346417.0,62.3,8595.0
1998-10-24,346417.0,62.3,8595.0
1998-10-25,346417.0,62.3,8595.0
1998-10-26,346417.0,62.3,8595.0
1998-10-27,346417.0,62.3,8595.0
1998-10-28,346417.0,62.3,8595.0
1998-10-29,346417.0,62.3,8595.0
1998-10-30,346417.0,62.3,8595.0
1998-10-31,346417.0,62.3,8595.0
1998-11-01,346417.0,62.3,8595.0
1998-11-02,346417.0,62.3,8595.0
1998-11-03,346417.0,62.3,8595.0
1998-11-04,346417.0,62.3,8595.0
1998-11-05,346417.0,62.3,8595.0
1998-11-06,346417.0,62.3,8595.0
1998-11-07,346417.0,62.3,8595.0
1998-11-08,346417.0,62.3,8595.0
1998-11-09,346417.0,62.3,8595.0
1998-11-10,346417.0,62.3,8595.0
1998-11-11,346417.0,62.3,8595.0
1998-11-12,346417.0,62.3,8595.0
1998-11-13,346417.0,62.3,8595.0
1998-11-14,346417.0,62.3,8595.0
1998-11-15,346417.0,62.3,8595.0
1998-11-16,346417.0,62.3,8595.0
1998-11-17,346417.0,62.3,8595.0
1998-11-18,346417.0,62.3,8595.0
1998-11-19,346417.0,62.3,8595.0
1998-11-20,346417.0,62.3,8595.0
1998-11-21,346417.0,62.3,8595.0
1998-11-22,346417.0,62.3,8595.0
1998-11-23,346417.0,62.3,8595.0
1998-11-24,346417.0,62.3,8595.0
1998-11-25,346417.0,62.3,8595.0
1998-11-26,346417.0,62.3,8595.0
1998-11-27,346417.0,62.3,8595.0
1998-11-28,346417.0,62.3,8595.0
1998-11-29,346417.0,62.3,8595.0
1998-11-30,346417.0,62.3,8595.0
1998-12-01,346417.0,62.3,8595.0
1998-12-02,346417.0,62.3,8595.0
1998-12-03,346417.0,62.3,8595.0
1998-12-04,346417.0,62.3,8595.0
1998-12-05,346417.0,62.3,8595.0
1998-12-06,346417.0,62.3,8595.0
1998-12-07,346417.0,62.3,8595.0
1998-12-08,346417.0,62.3,8595.0
1998-12-09,346417.0,62.3,8595.0
1998-12-10,346417.0,62.3,8595.0
1998-12-11,346417.0,62.3,8595.0
1998-12-12,346417.0,62.3,8595.0
1998-12-13,346417.0,62.3,8595.0
1998-12-14,346417.0,62.3,8595.0
1998-12-15,346417.0,62.3,8595.0
1998-12-16,346417.0,62.3,8595.0
1998-12-17,346417.0,62.3,8595.0
1998-12-18,346417.0,62.3,8595.0
1998-12-19,346417.0,62.3,8595.0
1998-12-20,346417.0,62.3,8595.0
1998-12-21,346417.0,62.3,8595.0
1998-12-22,346417.0,62.3,8595.0
1998-12-23,346417.0,62.3,8595.0
1998-12-24,346417.0,62.3,8595.0
1998-12-25,346417.0,62.3,8595.0
1998-12-26,346417.0,62.3,8595.0
1998-12-27,346417.0,62.3,8595.0
1998-12-28,346417.0,62.3,8595.0
1998-12-29,346417.0,62.3,8595.0
1998-12-30,346417.0,62.3,8595.0
1998-12-31,346417.0,62.3,8595.0
1999-01-01,362223.0,60.8,8950.0
1999-01-02,362223.0,60.8,8950.0
1999-01-03,362223.0,60.8,8950.0
1999-01-04,362223.0,60.8,8950.0
1999-01-05,362223.0,60.8,8950.0
1999-01-06,362223.0,60.8,8950.0
1999-01-07,362223.0,60.8,8950.0
1999-01-08,362223.0,60.8,8950.0
1999-01-09,362223.0,60.8,8950.0
1999-01-10,362223.0,60.8,8950.0
1999-01-11,362223.0,60.8,8950.0
1999-01-12,362223.0,60.8,8950.0
1999-01-13,362223.0,60.8,8950.0
1999-01-14,362223.0,60.8,8950.0
1999-01-15,362223.0,60.8,8950.0
1999-01-16,362223.0,60.8,8950.0
1999-01-17,362223.0,60.8,8950.0
1999-01-18,362223.0,60.8,8950.0
1999-01-19,362223.0,60.8,8950.0
1999-01-20,362223.0,60.8,8950.0
1999-01-21,362223.0,60.8,8950.0
1999-01-22,362223.0,60.8,8950.0
1999-01-23,362223.0,60.8,8950.0
1999-01-24,362223.0,60.8,8950.0
1999-01-25,362223.0,60.8,8950.0
1999-01-26,362223.0,60.8,8950.0
1999-01-27,362223.0,60.8,8950.0
1999-01-28,362223.0,60.8,8950.0
1999-01-29,362223.0,60.8,8950.0
1999-01-30,362223.0,60.8,8950.0
1999-01-31,362223.0,60.8,8950.0
1999-02-01,362223.0,60.8,8950.0
1999-02-02,362223.0,60.8,8950.0
1999-02-03,362223.0,60.8,8950.0
1999-02-04,362223.0,60.8,8950.0
1999-02-05,362223.0,60.8,8950.0
1999-02-06,362223.0,60.8,8950.0
1999-02-07,362223.0,60.8,8950.0
1999-02-08,362223.0,60.8,8950.0
1999-02-09,362223.0,60.8,8950.0
1999-02-10,362223.0,60.8,8950.0
1999-02-11,362223.0,60.8,8950.0
1999-02-12,362223.0,60.8,8950.0
1999-02-13,362223.0,60.8,8950.0
1999-02-14,362223.0,60.8,8950.0
1999-02-15,362223.0,60.8,8950.0
1999-02-16,362223.0,60.8,8950.0
1999-02-17,362223.0,60.8,8950.0
1999-02-18,362223.0,60.8,8950.0
1999-02-19,362223.0,60.8,8950.0
1999-02-20,362223.0,60.8,8950.0
1999-02-21,362223.0,60.8,8950.0
1999-02-22,362223.0,60.8,8950.0
1999-02-23,362223.0,60.8,8950.0
1999-02-24,362223.0,60.8,8950.0
1999-02-25,362223.0,60.8,8950.0
1999-02-26,362223.0,60.8,8950.0
1999-02-27,362223.0,60.8,8950.0
1999-02-28,362223.0,60.8,8950.0
1999-03-01,362223.0,60.8,8950.0
1999-03-02,362223.0,60.8,8950.0
1999-03-03,362223.0,60.8,8950.0
1999-03-04,362223.0,60.8,8950.0
1999-03-05,362223.0,60.8,8950.0
1999-03-06,362223.0,60.8,8950.0
1999-03-07,362223.0,60.8,8950.0
1999-03-08,362223.0,60.8,8950.0
1999-03-09,362223.0,60.8,8950.0
1999-03-10,362223.0,60.8,8950.0
1999-03-11,362223.0,60.8,8950.0
1999-03-12,362223.0,60.8,8950.0
1999-03-13,362223.0,60.8,8950.0
1999-03-14,362223.0,60.8,8950.0
1999-03-15,362223.0,60.8,8950.0
1999-03-16,362223.0,60.8,8950.0
1999-03-17,362223.0,60.8,8950.0
1999-03-18,362223.0,60.8,8950.0
1999-03-19,362223.0,60.8,8950.0
1999-03-20,362223.0,60.8,8950.0
1999-03-21,362223.0,60.8,8950.0
1999-03-22,362223.0,60.8,8950.0
1999-03-23,362223.0,60.8,8950.0
1999-03-24,362223.0,60.8,8950.0
1999-03-25,362223.0,60.8,8950.0
1999-03-26,362223.0,60.8,8950.0
1999-03-27,362223.0,60.8,8950.0
1999-03-28,362223.0,60.8,8950.0
1999-03-29,362223.0,60.8,8950.0
1999-03-30,362223.0,60.8,8950.0
1999-03-31,362223.0,60.8,8950.0
1999-04-01,362223.0,60.8,8950.0
1999-04-02,362223.0,60.8,8950.0
1999-04-03,362223.0,60.8,8950.0
1999-04-04,362223.0,60.8,8950.0
1999-04-05,362223.0,60.8,8950.0
1999-04-06,362223.0,60.8,8950.0
1999-04-07,362223.0,60.8,8950.0
1999-04-08,362223.0,60.8,8950.0
1999-04-09,362223.0,60.8,8950.0
1999-04-10,362223.0,60.8,8950.0
1999-04-11,362223.0,60.8,8950.0
1999-04-12,362223.0,60.8,8950.0
1999-04-13,362223.0,60.8,8950.0
1999-04-14,362223.0,60.8,8950.0
1999-04-15,362223.0,60.8,8950.0
1999-04-16,362223.0,60.8,8950.0
1999-04-17,362223.0,60.8,8950.0
1999-04-18,362223.0,60.8,8950.0
1999-04-19,362223.0,60.8,8950.0
1999-04-20,362223.0,60.8,8950.0
1999-04-21,362223.0,60.8,8950.0
1999-04-22,362223.0,60.8,8950.0
1999-04-23,362223.0,60.8,8950.0
1999-04-24,362223.0,60.8,8950.0
1999-04-25,362223.0,60.8,8950.0
1999-04-26,362223.0,60.8,8950.0
1999-04-27,362223.0,60.8,8950.0
1999-04-28,362223.0,60.8,8950.0
1999-04-29,362223.0,60.8,8950.0
1999-04-30,362223.0,60.8,8950.0
1999-05-01,362223.0,60.8,8950.0
1999-05-02,362223.0,60.8,8950.0
1999-05-03,362223.0,60.8,8950.0
1999-05-04,362223.0,60.8,8950.0
1999-05-05,362223.0,60.8,8950.0
1999-05-06,362223.0,60.8,8950.0
1999-05-07,362223.0,60.8,8950.0
1999-05-08,362223.0,60.8,8950.0
1999-05-09,362223.0,60.8,8950.0
1999-05-10,362223.0,60.8,8950.0
1999-05-11,362223.0,60.8,8950.0
1999-05-12,362223.0,60.8,8950.0
1999-05-13,362223.0,60.8,8950.0
1999-05-14,362223.0,60.8,8950.0
1999-05-15,362223.0,60.8,8950.0
1999-05-16,362223.0,60.8,8950.0
1999-05-17,362223.0,60.8,8950.0
1999-05-18,362223.0,60.8,8950.0
1999-05-19,362223.0,60.8,8950.0
1999-05-20,362223.0,60.8,8950.0
1999-05-21,362223.0,60.8,8950.0
1999-05-22,362223.0,60.8,8950.0
1999-05-23,362223.0,60.8,8950.0
1999-05-24,362223.0,60.8,8950.0
1999-05-25,362223.0,60.8,8950.0
1999-05-26,362223.0,60.8,8950.0
1999-05-27,362223.0,60.8,8950.0
1999-05-28,362223.0,60.8,8950.0
1999-05-29,362223.0,60.8,8950.0
1999-05-30,362223.0,60.8,8950.0
1999-05-31,362223.0,60.8,8950.0
1999-06-01,362223.0,60.8,8950.0
1999-06-02,362223.0,60.8,8950.0
1999-06-03,362223.0,60.8,8950.0
1999-06-04,362223.0,60.8,8950.0
1999-06-05,362223.0,60.8,8950.0
1999-06-06,362223.0,60.8,8950.0
1999-06-07,362223.0,60.8,8950.0
1999-06-08,362223.0,60.8,8950.0
1999-06-09,362223.0,60.8,8950.0
1999-06-10,362223.0,60.8,8950.0
1999-06-11,362223.0,60.8,8950.0
1999-06-12,362223.0,60.8,8950.0
1999-06-13,362223.0,60.8,8950.0
1999-06-14,362223.0,60.8,8950.0
1999-06-15,362223.0,60.8,8950.0
1999-06-16,362223.0,60.8,8950.0
1999-06-17,362223.0,60.8,8950.0
1999-06-18,362223.0,60.8,8950.0
1999-06-19,362223.0,60.8,8950.0
1999-06-20,362223.0,60.8,8950.0
1999-06-21,362223.0,60.8,8950.0
1999-06-22,362223.0,60.8,8950.0
1999-06-23,362223.0,60.8,8950.0
1999-06-24,362223.0,60.8,8950.0
1999-06-25,362223.0,60.8,8950.0
1999-06-26,362223.0,60.8,8950.0
1999-06-27,362223.0,60.8,8950.0
1999-06-28,362223.0,60.8,8950.0
1999-06-29,362223.0,60.8,8950.0
1999-06-30,362223.0,60.8,8950.0
1999-07-01,362223.0,60.8,8950.0
1999-07-02,362223.0,60.8,8950.0
1999-07-03,362223.0,60.8,8950.0
1999-07-04,362223.0,60.8,8950.0
1999-07-05,362223.0,60.8,8950.0
1999-07-06,362223.0,60.8,8950.0
1999-07-07,362223.0,60.8,8950.0
1999-07-08,362223.0,60.8,8950.0
1999-07-09,362223.0,60.8,8950.0
1999-07-10,362223.0,60.8,8950.0
1999-07-11,362223.0,60.8,8950.0
1999-07-12,362223.0,60.8,8950.0
1999-07-13,362223.0,60.8,8950.0
1999-07-14,362223.0,60.8,8950.0
1999-07-15,362223.0,60.8,8950.0
1999-07-16,362223.0,60.8,8950.0
1999-07-17,362223.0,60.8,8950.0
1999-07-18,362223.0,60.8,8950.0
1999-07-19,362223.0,60.8,8950.0
1999-07-20,362223.0,60.8,8950.0
1999-07-21,362223.0,60.8,8950.0
1999-07-22,362223.0,60.8,8950.0
1999-07-23,362223.0,60.8,8950.0
1999-07-24,362223.0,60.8,8950.0
1999-07-25,362223.0,60.8,8950.0
1999-07-26,362223.0,60.8,8950.0
1999-07-27,362223.0,60.8,8950.0
1999-07-28,362223.0,60.8,8950.0
1999-07-29,362223.0,60.8,8950.0
1999-07-30,362223.0,60.8,8950.0
1999-07-31,362223.0,60.8,8950.0
1999-08-01,362223.0,60.8,8950.0
1999-08-02,362223.0,60.8,8950.0
1999-08-03,362223.0,60.8,8950.0
1999-08-04,362223.0,60.8,8950.0
1999-08-05,362223.0,60.8,8950.0
1999-08-06,362223.0,60.8,8950.0
1999-08-07,362223.0,60.8,8950.0
1999-08-08,362223.0,60.8,8950.0
1999-08-09,362223.0,60.8,8950.0
1999-08-10,362223.0,60.8,8950.0
1999-08-11,362223.0,60.8,8950.0
1999-08-12,362223.0,60.8,8950.0
1999-08-13,362223.0,60.8,8950.0
1999-08-14,362223.0,60.8,8950.0
1999-08-15,362223.0,60.8,8950.0
1999-08-16,362223.0,60.8,8950.0
1999-08-17,362223.0,60.8,8950.0
1999-08-18,362223.0,60.8,8950.0
1999-08-19,362223.0,60.8,8950.0
1999-08-20,362223.0,60.8,8950.0
1999-08-21,362223.0,60.8,8950.0
1999-08-22,362223.0,60.8,8950.0
1999-08-23,362223.0,60.8,8950.0
1999-08-24,362223.0,60.8,8950.0
1999-08-25,362223.0,60.8,8950.0
1999-08-26,362223.0,60.8,8950.0
1999-08-27,362223.0,60.8,8950.0
1999-08-28,362223.0,60.8,8950.0
1999-08-29,362223.0,60.8,8950.0
1999-08-30,362223.0,60.8,8950.0
1999-08-31,362223.0,60.8,8950.0
1999-09-01,362223.0,60.8,8950.0
1999-09-02,362223.0,60.8,8950.0
1999-09-03,362223.0,60.8,8950.0
1999-09-04,362223.0,60.8,8950.0
1999-09-05,362223.0,60.8,8950.0
1999-09-06,362223.0,60.8,8950.0
1999-09-07,362223.0,60.8,8950.0
1999-09-08,362223.0,60.8,8950.0
1999-09-09,362223.0,60.8,8950.0
1999-09-10,362223.0,60.8,8950.0
1999-09-11,362223.0,60.8,8950.0
1999-09-12,362223.0,60.8,8950.0
1999-09-13,362223.0,60.8,8950.0
1999-09-14,362223.0,60.8,8950.0
1999-09-15,362223.0,60.8,8950.0
1999-09-16,362223.0,60.8,8950.0
1999-09-17,362223.0,60.8,8950.0
1999-09-18,362223.0,60.8,8950.0
1999-09-19,362223.0,60.8,8950.0
1999-09-20,362223.0,60.8,8950.0
1999-09-21,362223.0,60.8,8950.0
1999-09-22,362223.0,60.8,8950.0
1999-09-23,362223.0,60.8,8950.0
1999-09-24,362223.0,60.8,8950.0
1999-09-25,362223.0,60.8,8950.0
1999-09-26,362223.0,60.8,8950.0
1999-09-27,362223.0,60.8,8950.0
1999-09-28,362223.0,60.8,8950.0
1999-09-29,362223.0,60.8,8950.0
1999-09-30,362223.0,60.8,8950.0
1999-10-01,362223.0,60.8,8950.0
1999-10-02,362223.0,60.8,8950.0
1999-10-03,362223.0,60.8,8950.0
1999-10-04,362223.0,60.8,8950.0
1999-10-05,362223.0,60.8,8950.0
1999-10-06,362223.0,60.8,8950.0
1999-10-07,362223.0,60.8,8950.0
1999-10-08,362223.0,60.8,8950.0
1999-10-09,362223.0,60.8,8950.0
1999-10-10,362223.0,60.8,8950.0
1999-10-11,362223.0,60.8,8950.0
1999-10-12,362223.0,60.8,8950.0
1999-10-13,362223.0,60.8,8950.0
1999-10-14,362223.0,60.8,8950.0
1999-10-15,362223.0,60.8,8950.0
1999-10-16,362223.0,60.8,8950.0
1999-10-17,362223.0,60.8,8950.0
1999-10-18,362223.0,60.8,8950.0
1999-10-19,362223.0,60.8,8950.0
1999-10-20,362223.0,60.8,8950.0
1999-10-21,362223.0,60.8,8950.0
1999-10-22,362223.0,60.8,8950.0
1999-10-23,362223.0,60.8,8950.0
1999-10-24,362223.0,60.8,8950.0
1999-10-25,362223.0,60.8,8950.0
1999-10-26,362223.0,60.8,8950.0
1999-10-27,362223.0,60.8,8950.0
1999-10-28,362223.0,60.8,8950.0
1999-10-29,362223.0,60.8,8950.0
1999-10-30,362223.0,60.8,8950.0
1999-10-31,362223.0,60.8,8950.0
1999-11-01,362223.0,60.8,8950.0
1999-11-02,362223.0,60.8,8950.0
1999-11-03,362223.0,60.8,8950.0
1999-11-04,362223.0,60.8,8950.0
1999-11-05,362223.0,60.8,8950.0
1999-11-06,362223.0,60.8,8950.0
1999-11-07,362223.0,60.8,8950.0
1999-11-08,362223.0,60.8,8950.0
1999-11-09,362223.0,60.8,8950.0
1999-11-10,362223.0,60.8,8950.0
1999-11-11,362223.0,60.8,8950.0
1999-11-12,362223.0,60.8,8950.0
1999-11-13,362223.0,60.8,8950.0
1999-11-14,362223.0,60.8,8950.0
1999-11-15,362223.0,60.8,8950.0
1999-11-16,362223.0,60.8,8950.0
1999-11-17,362223.0,60.8,8950.0
1999-11-18,362223.0,60.8,8950.0
1999-11-19,362223.0,60.8,8950.0
1999-11-20,362223.0,60.8,8950.0
1999-11-21,362223.0,60.8,8950.0
1999-11-22,362223.0,60.8,8950.0
1999-11-23,362223.0,60.8,8950.0
1999-11-24,362223.0,60.8,8950.0
1999-11-25,362223.0,60.8,8950.0
1999-11-26,362223.0,60.8,8950.0
1999-11-27,362223.0,60.8,8950.0
1999-11-28,362223.0,60.8,8950.0
1999-11-29,362223.0,60.8,8950.0
1999-11-30,362223.0,60.8,8950.0
1999-12-01,362223.0,60.8,8950.0
1999-12-02,362223.0,60.8,8950.0
1999-12-03,362223.0,60.8,8950.0
1999-12-04,362223.0,60.8,8950.0
1999-12-05,362223.0,60.8,8950.0
1999-12-06,362223.0,60.8,8950.0
1999-12-07,362223.0,60.8,8950.0
1999-12-08,362223.0,60.8,8950.0
1999-12-09,362223.0,60.8,8950.0
1999-12-10,362223.0,60.8,8950.0
1999-12-11,362223.0,60.8,8950.0
1999-12-12,362223.0,60.8,8950.0
1999-12-13,362223.0,60.8,8950.0
1999-12-14,362223.0,60.8,8950.0
1999-12-15,362223.0,60.8,8950.0
1999-12-16,362223.0,60.8,8950.0
1999-12-17,362223.0,60.8,8950.0
1999-12-18,362223.0,60.8,8950.0
1999-12-19,362223.0,60.8,8950.0
1999-12-20,362223.0,60.8,8950.0
1999-12-21,362223.0,60.8,8950.0
1999-12-22,362223.0,60.8,8950.0
1999-12-23,362223.0,60.8,8950.0
1999-12-24,362223.0,60.8,8950.0
1999-12-25,362223.0,60.8,8950.0
1999-12-26,362223.0,60.8,8950.0
1999-12-27,362223.0,60.8,8950.0
1999-12-28,362223.0,60.8,8950.0
1999-12-29,362223.0,60.8,8950.0
1999-12-30,362223.0,60.8,8950.0
1999-12-31,362223.0,60.8,8950.0
2000-01-01,374557.0,57.8,9211.0
2000-01-02,374557.0,57.8,9211.0
2000-01-03,374557.0,57.8,9211.0
2000-01-04,374557.0,57.8,9211.0
2000-01-05,374557.0,57.8,9211.0
2000-01-06,374557.0,57.8,9211.0
2000-01-07,374557.0,57.8,9211.0
2000-01-08,374557.0,57.8,9211.0
2000-01-09,374557.0,57.8,9211.0
2000-01-10,374557.0,57.8,9211.0
2000-01-11,374557.0,57.8,9211.0
2000-01-12,374557.0,57.8,9211.0
2000-01-13,374557.0,57.8,9211.0
2000-01-14,374557.0,57.8,9211.0
2000-01-15,374557.0,57.8,9211.0
2000-01-16,374557.0,57.8,9211.0
2000-01-17,374557.0,57.8,9211.0
2000-01-18,374557.0,57.8,9211.0
2000-01-19,374557.0,57.8,9211.0
2000-01-20,374557.0,57.8,9211.0
2000-01-21,374557.0,57.8,9211.0
2000-01-22,374557.0,57.8,9211.0
2000-01-23,374557.0,57.8,9211.0
2000-01-24,374557.0,57.8,9211.0
2000-01-25,374557.0,57.8,9211.0
2000-01-26,374557.0,57.8,9211.0
2000-01-27,374557.0,57.8,9211.0
2000-01-28,374557.0,57.8,9211.0
2000-01-29,374557.0,57.8,9211.0
2000-01-30,374557.0,57.8,9211.0
2000-01-31,374557.0,57.8,9211.0
2000-02-01,374557.0,57.8,9211.0
2000-02-02,374557.0,57.8,9211.0
2000-02-03,374557.0,57.8,9211.0
2000-02-04,374557.0,57.8,9211.0
2000-02-05,374557.0,57.8,9211.0
2000-02-06,374557.0,57.8,9211.0
2000-02-07,374557.0,57.8,9211.0
2000-02-08,374557.0,57.8,9211.0
2000-02-09,374557.0,57.8,9211.0
2000-02-10,374557.0,57.8,9211.0
2000-02-11,374557.0,57.8,9211.0
2000-02-12,374557.0,57.8,9211.0
2000-02-13,374557.0,57.8,9211.0
2000-02-14,374557.0,57.8,9211.0
2000-02-15,374557.0,57.8,9211.0
2000-02-16,374557.0,57.8,9211.0
2000-02-17,374557.0,57.8,9211.0
2000-02-18,374557.0,57.8,9211.0
2000-02-19,374557.0,57.8,9211.0
2000-02-20,374557.0,57.8,9211.0
2000-02-21,374557.0,57.8,9211.0
2000-02-22,374557.0,57.8,9211.0
2000-02-23,374557.0,57.8,9211.0
2000-02-24,374557.0,57.8,9211.0
2000-02-25,374557.0,57.8,9211.0
2000-02-26,374557.0,57.8,9211.0
2000-02-27,374557.0,57.8,9211.0
2000-02-28,374557.0,57.8,9211.0
2000-02-29,374557.0,57.8,9211.0
2000-03-01,374557.0,57.8,9211.0
2000-03-02,374557.0,57.8,9211.0
2000-03-03,374557.0,57.8,9211.0
2000-03-04,374557.0,57.8,9211.0
2000-03-05,374557.0,57.8,9211.0
2000-03-06,374557.0,57.8,9211.0
2000-03-07,374557.0,57.8,9211.0
2000-03-08,374557.0,57.8,9211.0
2000-03-09,374557.0,57.8,9211.0
2000-03-10,374557.0,57.8,9211.0
2000-03-11,374557.0,57.8,9211.0
2000-03-12,374557.0,57.8,9211.0
2000-03-13,374557.0,57.8,9211.0
2000-03-14,374557.0,57.8,9211.0
2000-03-15,374557.0,57.8,9211.0
2000-03-16,374557.0,57.8,9211.0
2000-03-17,374557.0,57.8,9211.0
2000-03-18,374557.0,57.8,9211.0
2000-03-19,374557.0,57.8,9211.0
2000-03-20,374557.0,57.8,9211.0
2000-03-21,374557.0,57.8,9211.0
2000-03-22,374557.0,57.8,9211.0
2000-03-23,374557.0,57.8,9211.0
2000-03-24,374557.0,57.8,9211.0
2000-03-25,374557.0,57.8,9211.0
2000-03-26,374557.0,57.8,9211.0
2000-03-27,374557.0,57.8,9211.0
2000-03-28,374557.0,57.8,9211.0
2000-03-29,374557.0,57.8,9211.0
2000-03-30,374557.0,57.8,9211.0
2000-03-31,374557.0,57.8,9211.0
2000-04-01,374557.0,57.8,9211.0
2000-04-02,374557.0,57.8,9211.0
2000-04-03,374557.0,57.8,9211.0
2000-04-04,374557.0,57.8,9211.0
2000-04-05,374557.0,57.8,9211.0
2000-04-06,374557.0,57.8,9211.0
2000-04-07,374557.0,57.8,9211.0
2000-04-08,374557.0,57.8,9211.0
2000-04-09,374557.0,57.8,9211.0
2000-04-10,374557.0,57.8,9211.0
2000-04-11,374557.0,57.8,9211.0
2000-04-12,374557.0,57.8,9211.0
2000-04-13,374557.0,57.8,9211.0
2000-04-14,374557.0,57.8,9211.0
2000-04-15,374557.0,57.8,9211.0
2000-04-16,374557.0,57.8,9211.0
2000-04-17,374557.0,57.8,9211.0
2000-04-18,374557.0,57.8,9211.0
2000-04-19,374557.0,57.8,9211.0
2000-04-20,374557.0,57.8,9211.0
2000-04-21,374557.0,57.8,9211.0
2000-04-22,374557.0,57.8,9211.0
2000-04-23,374557.0,57.8,9211.0
2000-04-24,374557.0,57.8,9211.0
2000-04-25,374557.0,57.8,9211.0
2000-04-26,374557.0,57.8,9211.0
2000-04-27,374557.0,57.8,9211.0
2000-04-28,374557.0,57.8,9211.0
2000-04-29,374557.0,57.8,9211.0
2000-04-30,374557.0,57.8,9211.0
2000-05-01,374557.0,57.8,9211.0
2000-05-02,374557.0,57.8,9211.0
2000-05-03,374557.0,57.8,9211.0
2000-05-04,374557.0,57.8,9211.0
2000-05-05,374557.0,57.8,9211.0
2000-05-06,374557.0,57.8,9211.0
2000-05-07,374557.0,57.8,9211.0
2000-05-08,374557.0,57.8,9211.0
2000-05-09,374557.0,57.8,9211.0
2000-05-10,374557.0,57.8,9211.0
2000-05-11,374557.0,57.8,9211.0
2000-05-12,374557.0,57.8,9211.0
2000-05-13,374557.0,57.8,9211.0
2000-05-14,374557.0,57.8,9211.0
2000-05-15,374557.0,57.8,9211.0
2000-05-16,374557.0,57.8,9211.0
2000-05-17,374557.0,57.8,9211.0
2000-05-18,374557.0,57.8,9211.0
2000-05-19,374557.0,57.8,9211.0
2000-05-20,374557.0,57.8,9211.0
2000-05-21,374557.0,57.8,9211.0
2000-05-22,374557.0,57.8,9211.0
2000-05-23,374557.0,57.8,9211.0
2000-05-24,374557.0,57.8,9211.0
2000-05-25,374557.0,57.8,9211.0
2000-05-26,374557.0,57.8,9211.0
2000-05-27,374557.0,57.8,9211.0
2000-05-28,374557.0,57.8,9211.0
2000-05-29,374557.0,57.8,9211.0
2000-05-30,374557.0,57.8,9211.0
2000-05-31,374557.0,57.8,9211.0
2000-06-01,374557.0,57.8,9211.0
2000-06-02,374557.0,57.8,9211.0
2000-06-03,374557.0,57.8,9211.0
2000-06-04,374557.0,57.8,9211.0
2000-06-05,374557.0,57.8,9211.0
2000-06-06,374557.0,57.8,9211.0
2000-06-07,374557.0,57.8,9211.0
2000-06-08,374557.0,57.8,9211.0
2000-06-09,374557.0,57.8,9211.0
2000-06-10,374557.0,57.8,9211.0
2000-06-11,374557.0,57.8,9211.0
2000-06-12,374557.0,57.8,9211.0
2000-06-13,374557.0,57.8,9211.0
2000-06-14,374557.0,57.8,9211.0
2000-06-15,374557.0,57.8,9211.0
2000-06-16,374557.0,57.8,9211.0
2000-06-17,374557.0,57.8,9211.0
2000-06-18,374557.0,57.8,9211.0
2000-06-19,374557.0,57.8,9211.0
2000-06-20,374557.0,57.8,9211.0
2000-06-21,374557.0,57.8,9211.0
2000-06-22,374557.0,57.8,9211.0
2000-06-23,374557.0,57.8,9211.0
2000-06-24,374557.0,57.8,9211.0
2000-06-25,374557.0,57.8,9211.0
2000-06-26,374557.0,57.8,9211.0
2000-06-27,374557.0,57.8,9211.0
2000-06-28,374557.0,57.8,9211.0
2000-06-29,374557.0,57.8,9211.0
2000-06-30,374557.0,57.8,9211.0
2000-07-01,374557.0,57.8,9211.0
2000-07-02,374557.0,57.8,9211.0
2000-07-03,374557.0,57.8,9211.0
2000-07-04,374557.0,57.8,9211.0
2000-07-05,374557.0,57.8,9211.0
2000-07-06,374557.0,57.8,9211.0
2000-07-07,374557.0,57.8,9211.0
2000-07-08,374557.0,57.8,9211.0
2000-07-09,374557.0,57.8,9211.0
2000-07-10,374557.0,57.8,9211.0
2000-07-11,374557.0,57.8,9211.0
2000-07-12,374557.0,57.8,9211.0
2000-07-13,374557.0,57.8,9211.0
2000-07-14,374557.0,57.8,9211.0
2000-07-15,374557.0,57.8,9211.0
2000-07-16,374557.0,57.8,9211.0
2000-07-17,374557.0,57.8,9211.0
2000-07-18,374557.0,57.8,9211.0
2000-07-19,374557.0,57.8,9211.0
2000-07-20,374557.0,57.8,9211.0
2000-07-21,374557.0,57.8,9211.0
2000-07-22,374557.0,57.8,9211.0
2000-07-23,374557.0,57.8,9211.0
2000-07-24,374557.0,57.8,9211.0
2000-07-25,374557.0,57.8,9211.0
2000-07-26,374557.0,57.8,9211.0
2000-07-27,374557.0,57.8,9211.0
2000-07-28,374557.0,57.8,9211.0
2000-07-29,374557.0,57.8,9211.0
2000-07-30,374557.0,57.8,9211.0
2000-07-31,374557.0,57.8,9211.0
2000-08-01,374557.0,57.8,9211.0
2000-08-02,374557.0,57.8,9211.0
2000-08-03,374557.0,57.8,9211.0
2000-08-04,374557.0,57.8,9211.0
2000-08-05,374557.0,57.8,9211.0
2000-08-06,374557.0,57.8,9211.0
2000-08-07,374557.0,57.8,9211.0
2000-08-08,374557.0,57.8,9211.0
2000-08-09,374557.0,57.8,9211.0
2000-08-10,374557.0,57.8,9211.0
2000-08-11,374557.0,57.8,9211.0
2000-08-12,374557.0,57.8,9211.0
2000-08-13,374557.0,57.8,9211.0
2000-08-14,374557.0,57.8,9211.0
2000-08-15,374557.0,57.8,9211.0
2000-08-16,374557.0,57.8,9211.0
2000-08-17,374557.0,57.8,9211.0
2000-08-18,374557.0,57.8,9211.0
2000-08-19,374557.0,57.8,9211.0
2000-08-20,374557.0,57.8,9211.0
2000-08-21,374557.0,57.8,9211.0
2000-08-22,374557.0,57.8,9211.0
2000-08-23,374557.0,57.8,9211.0
2000-08-24,374557.0,57.8,9211.0
2000-08-25,374557.0,57.8,9211.0
2000-08-26,374557.0,57.8,9211.0
2000-08-27,374557.0,57.8,9211.0
2000-08-28,374557.0,57.8,9211.0
2000-08-29,374557.0,57.8,9211.0
2000-08-30,374557.0,57.8,9211.0
2000-08-31,374557.0,57.8,9211.0
2000-09-01,374557.0,57.8,9211.0
2000-09-02,374557.0,57.8,9211.0
2000-09-03,374557.0,57.8,9211.0
2000-09-04,374557.0,57.8,9211.0
2000-09-05,374557.0,57.8,9211.0
2000-09-06,374557.0,57.8,9211.0
2000-09-07,374557.0,57.8,9211.0
2000-09-08,374557.0,57.8,9211.0
2000-09-09,374557.0,57.8,9211.0
2000-09-10,374557.0,57.8,9211.0
2000-09-11,374557.0,57.8,9211.0
2000-09-12,374557.0,57.8,9211.0
2000-09-13,374557.0,57.8,9211.0
2000-09-14,374557.0,57.8,9211.0
2000-09-15,374557.0,57.8,9211.0
2000-09-16,374557.0,57.8,9211.0
2000-09-17,374557.0,57.8,9211.0
2000-09-18,374557.0,57.8,9211.0
2000-09-19,374557.0,57.8,9211.0
2000-09-20,374557.0,57.8,9211.0
2000-09-21,374557.0,57.8,9211.0
2000-09-22,374557.0,57.8,9211.0
2000-09-23,374557.0,57.8,9211.0
2000-09-24,374557.0,57.8,9211.0
2000-09-25,374557.0,57.8,9211.0
2000-09-26,374557.0,57.8,9211.0
2000-09-27,374557.0,57.8,9211.0
2000-09-28,374557.0,57.8,9211.0
2000-09-29,374557.0,57.8,9211.0
2000-09-30,374557.0,57.8,9211.0
2000-10-01,374557.0,57.8,9211.0
2000-10-02,374557.0,57.8,9211.0
2000-10-03,374557.0,57.8,9211.0
2000-10-04,374557.0,57.8,9211.0
2000-10-05,374557.0,57.8,9211.0
2000-10-06,374557.0,57.8,9211.0
2000-10-07,374557.0,57.8,9211.0
2000-10-08,374557.0,57.8,9211.0
2000-10-09,374557.0,57.8,9211.0
2000-10-10,374557.0,57.8,9211.0
2000-10-11,374557.0,57.8,9211.0
2000-10-12,374557.0,57.8,9211.0
2000-10-13,374557.0,57.8,9211.0
2000-10-14,374557.0,57.8,9211.0
2000-10-15,374557.0,57.8,9211.0
2000-10-16,374557.0,57.8,9211.0
2000-10-17,374557.0,57.8,9211.0
2000-10-18,374557.0,57.8,9211.0
2000-10-19,374557.0,57.8,9211.0
2000-10-20,374557.0,57.8,9211.0
2000-10-21,374557.0,57.8,9211.0
2000-10-22,374557.0,57.8,9211.0
2000-10-23,374557.0,57.8,9211.0
2000-10-24,374557.0,57.8,9211.0
2000-10-25,374557.0,57.8,9211.0
2000-10-26,374557.0,57.8,9211.0
2000-10-27,374557.0,57.8,9211.0
2000-10-28,374557.0,57.8,9211.0
2000-10-29,374557.0,57.8,9211.0
2000-10-30,374557.0,57.8,9211.0
2000-10-31,374557.0,57.8,9211.0
2000-11-01,374557.0,57.8,9211.0
2000-11-02,374557.0,57.8,9211.0
2000-11-03,374557.0,57.8,9211.0
2000-11-04,374557.0,57.8,9211.0
2000-11-05,374557.0,57.8,9211.0
2000-11-06,374557.0,57.8,9211.0
2000-11-07,374557.0,57.8,9211.0
2000-11-08,374557.0,57.8,9211.0
2000-11-09,374557.0,57.8,9211.0
2000-11-10,374557.0,57.8,9211.0
2000-11-11,374557.0,57.8,9211.0
2000-11-12,374557.0,57.8,9211.0
2000-11-13,374557.0,57.8,9211.0
2000-11-14,374557.0,57.8,9211.0
2000-11-15,374557.0,57.8,9211.0
2000-11-16,374557.0,57.8,9211.0
2000-11-17,374557.0,57.8,9211.0
2000-11-18,374557.0,57.8,9211.0
2000-11-19,374557.0,57.8,9211.0
2000-11-20,374557.0,57.8,9211.0
2000-11-21,374557.0,57.8,9211.0
2000-11-22,374557.0,57.8,9211.0
2000-11-23,374557.0,57.8,9211.0
2000-11-24,374557.0,57.8,9211.0
2000-11-25,374557.0,57.8,9211.0
2000-11-26,374557.0,57.8,9211.0
2000-11-27,374557.0,57.8,9211.0
2000-11-28,374557.0,57.8,9211.0
2000-11-29,374557.0,57.8,9211.0
2000-11-30,374557.0,57.8,9211.0
2000-12-01,374557.0,57.8,9211.0
2000-12-02,374557.0,57.8,9211.0
2000-12-03,374557.0,57.8,9211.0
2000-12-04,374557.0,57.8,9211.0
2000-12-05,374557.0,57.8,9211.0
2000-12-06,374557.0,57.8,9211.0
2000-12-07,374557.0,57.8,9211.0
2000-12-08,374557.0,57.8,9211.0
2000-12-09,374557.0,57.8,9211.0
2000-12-10,374557.0,57.8,9211.0
2000-12-11,374557.0,57.8,9211.0
2000-12-12,374557.0,57.8,9211.0
2000-12-13,374557.0,57.8,9211.0
2000-12-14,374557.0,57.8,9211.0
2000-12-15,374557.0,57.8,9211.0
2000-12-16,374557.0,57.8,9211.0
2000-12-17,374557.0,57.8,9211.0
2000-12-18,374557.0,57.8,9211.0
2000-12-19,374557.0,57.8,9211.0
2000-12-20,374557.0,57.8,9211.0
2000-12-21,374557.0,57.8,9211.0
2000-12-22,374557.0,57.8,9211.0
2000-12-23,374557.0,57.8,9211.0
2000-12-24,374557.0,57.8,9211.0
2000-12-25,374557.0,57.8,9211.0
2000-12-26,374557.0,57.8,9211.0
2000-12-27,374557.0,57.8,9211.0
2000-12-28,374557.0,57.8,9211.0
2000-12-29,374557.0,57.8,9211.0
2000-12-30,374557.0,57.8,9211.0
2000-12-31,374557.0,57.8,9211.0
2001-01-01,378883.0,54.0,9233.0
2001-01-02,378883.0,54.0,9233.0
2001-01-03,378883.0,54.0,9233.0
2001-01-04,378883.0,54.0,9233.0
2001-01-05,378883.0,54.0,9233.0
2001-01-06,378883.0,54.0,9233.0
2001-01-07,378883.0,54.0,9233.0
2001-01-08,378883.0,54.0,9233.0
2001-01-09,378883.0,54.0,9233.0
2001-01-10,378883.0,54.0,9233.0
2001-01-11,378883.0,54.0,9233.0
2001-01-12,378883.0,54.0,9233.0
2001-01-13,378883.0,54.0,9233.0
2001-01-14,378883.0,54.0,9233.0
2001-01-15,378883.0,54.0,9233.0
2001-01-16,378883.0,54.0,9233.0
2001-01-17,378883.0,54.0,9233.0
2001-01-18,378883.0,54.0,9233.0
2001-01-19,378883.0,54.0,9233.0
2001-01-20,378883.0,54.0,9233.0
2001-01-21,378883.0,54.0,9233.0
2001-01-22,378883.0,54.0,9233.0
2001-01-23,378883.0,54.0,9233.0
2001-01-24,378883.0,54.0,9233.0
2001-01-25,378883.0,54.0,9233.0
2001-01-26,378883.0,54.0,9233.0
2001-01-27,378883.0,54.0,9233.0
2001-01-28,378883.0,54.0,9233.0
2001-01-29,378883.0,54.0,9233.0
2001-01-30,378883.0,54.0,9233.0
2001-01-31,378883.0,54.0,9233.0
2001-02-01,378883.0,54.0,9233.0
2001-02-02,378883.0,54.0,9233.0
2001-02-03,378883.0,54.0,9233.0
2001-02-04,378883.0,54.0,9233.0
2001-02-05,378883.0,54.0,9233.0
2001-02-06,378883.0,54.0,9233.0
2001-02-07,378883.0,54.0,9233.0
2001-02-08,378883.0,54.0,9233.0
2001-02-09,378883.0,54.0,9233.0
2001-02-10,378883.0,54.0,9233.0
2001-02-11,378883.0,54.0,9233.0
2001-02-12,378883.0,54.0,9233.0
2001-02-13,378883.0,54.0,9233.0
2001-02-14,378883.0,54.0,9233.0
2001-02-15,378883.0,54.0,9233.0
2001-02-16,378883.0,54.0,9233.0
2001-02-17,378883.0,54.0,9233.0
2001-02-18,378883.0,54.0,9233.0
2001-02-19,378883.0,54.0,9233.0
2001-02-20,378883.0,54.0,9233.0
2001-02-21,378883.0,54.0,9233.0
2001-02-22,378883.0,54.0,9233.0
2001-02-23,378883.0,54.0,9233.0
2001-02-24,378883.0,54.0,9233.0
2001-02-25,378883.0,54.0,9233.0
2001-02-26,378883.0,54.0,9233.0
2001-02-27,378883.0,54.0,9233.0
2001-02-28,378883.0,54.0,9233.0
2001-03-01,378883.0,54.0,9233.0
2001-03-02,378883.0,54.0,9233.0
2001-03-03,378883.0,54.0,9233.0
2001-03-04,378883.0,54.0,9233.0
2001-03-05,378883.0,54.0,9233.0
2001-03-06,378883.0,54.0,9233.0
2001-03-07,378883.0,54.0,9233.0
2001-03-08,378883.0,54.0,9233.0
2001-03-09,378883.0,54.0,9233.0
2001-03-10,378883.0,54.0,9233.0
2001-03-11,378883.0,54.0,9233.0
2001-03-12,378883.0,54.0,9233.0
2001-03-13,378883.0,54.0,9233.0
2001-03-14,378883.0,54.0,9233.0
2001-03-15,378883.0,54.0,9233.0
2001-03-16,378883.0,54.0,9233.0
2001-03-17,378883.0,54.0,9233.0
2001-03-18,378883.0,54.0,9233.0
2001-03-19,378883.0,54.0,9233.0
2001-03-20,378883.0,54.0,9233.0
2001-03-21,378883.0,54.0,9233.0
2001-03-22,378883.0,54.0,9233.0
2001-03-23,378883.0,54.0,9233.0
2001-03-24,378883.0,54.0,9233.0
2001-03-25,378883.0,54.0,9233.0
2001-03-26,378883.0,54.0,9233.0
2001-03-27,378883.0,54.0,9233.0
2001-03-28,378883.0,54.0,9233.0
2001-03-29,378883.0,54.0,9233.0
2001-03-30,378883.0,54.0,9233.0
2001-03-31,378883.0,54.0,9233.0
2001-04-01,378883.0,54.0,9233.0
2001-04-02,378883.0,54.0,9233.0
2001-04-03,378883.0,54.0,9233.0
2001-04-04,378883.0,54.0,9233.0
2001-04-05,378883.0,54.0,9233.0
2001-04-06,378883.0,54.0,9233.0
2001-04-07,378883.0,54.0,9233.0
2001-04-08,378883.0,54.0,9233.0
2001-04-09,378883.0,54.0,9233.0
2001-04-10,378883.0,54.0,9233.0
2001-04-11,378883.0,54.0,9233.0
2001-04-12,378883.0,54.0,9233.0
2001-04-13,378883.0,54.0,9233.0
2001-04-14,378883.0,54.0,9233.0
2001-04-15,378883.0,54.0,9233.0
2001-04-16,378883.0,54.0,9233.0
2001-04-17,378883.0,54.0,9233.0
2001-04-18,378883.0,54.0,9233.0
2001-04-19,378883.0,54.0,9233.0
2001-04-20,378883.0,54.0,9233.0
2001-04-21,378883.0,54.0,9233.0
2001-04-22,378883.0,54.0,9233.0
2001-04-23,378883.0,54.0,9233.0
2001-04-24,378883.0,54.0,9233.0
2001-04-25,378883.0,54.0,9233.0
2001-04-26,378883.0,54.0,9233.0
2001-04-27,378883.0,54.0,9233.0
2001-04-28,378883.0,54.0,9233.0
2001-04-29,378883.0,54.0,9233.0
2001-04-30,378883.0,54.0,9233.0
2001-05-01,378883.0,54.0,9233.0
2001-05-02,378883.0,54.0,9233.0
2001-05-03,378883.0,54.0,9233.0
2001-05-04,378883.0,54.0,9233.0
2001-05-05,378883.0,54.0,9233.0
2001-05-06,378883.0,54.0,9233.0
2001-05-07,378883.0,54.0,9233.0
2001-05-08,378883.0,54.0,9233.0
2001-05-09,378883.0,54.0,9233.0
2001-05-10,378883.0,54.0,9233.0
2001-05-11,378883.0,54.0,9233.0
2001-05-12,378883.0,54.0,9233.0
2001-05-13,378883.0,54.0,9233.0
2001-05-14,378883.0,54.0,9233.0
2001-05-15,378883.0,54.0,9233.0
2001-05-16,378883.0,54.0,9233.0
2001-05-17,378883.0,54.0,9233.0
2001-05-18,378883.0,54.0,9233.0
2001-05-19,378883.0,54.0,9233.0
2001-05-20,378883.0,54.0,9233.0
2001-05-21,378883.0,54.0,9233.0
2001-05-22,378883.0,54.0,9233.0
2001-05-23,378883.0,54.0,9233.0
2001-05-24,378883.0,54.0,9233.0
2001-05-25,378883.0,54.0,9233.0
2001-05-26,378883.0,54.0,9233.0
2001-05-27,378883.0,54.0,9233.0
2001-05-28,378883.0,54.0,9233.0
2001-05-29,378883.0,54.0,9233.0
2001-05-30,378883.0,54.0,9233.0
2001-05-31,378883.0,54.0,9233.0
2001-06-01,378883.0,54.0,9233.0
2001-06-02,378883.0,54.0,9233.0
2001-06-03,378883.0,54.0,9233.0
2001-06-04,378883.0,54.0,9233.0
2001-06-05,378883.0,54.0,9233.0
2001-06-06,378883.0,54.0,9233.0
2001-06-07,378883.0,54.0,9233.0
2001-06-08,378883.0,54.0,9233.0
2001-06-09,378883.0,54.0,9233.0
2001-06-10,378883.0,54.0,9233.0
2001-06-11,378883.0,54.0,9233.0
2001-06-12,378883.0,54.0,9233.0
2001-06-13,378883.0,54.0,9233.0
2001-06-14,378883.0,54.0,9233.0
2001-06-15,378883.0,54.0,9233.0
2001-06-16,378883.0,54.0,9233.0
2001-06-17,378883.0,54.0,9233.0
2001-06-18,378883.0,54.0,9233.0
2001-06-19,378883.0,54.0,9233.0
2001-06-20,378883.0,54.0,9233.0
2001-06-21,378883.0,54.0,9233.0
2001-06-22,378883.0,54.0,9233.0
2001-06-23,378883.0,54.0,9233.0
2001-06-24,378883.0,54.0,9233.0
2001-06-25,378883.0,54.0,9233.0
2001-06-26,378883.0,54.0,9233.0
2001-06-27,378883.0,54.0,9233.0
2001-06-28,378883.0,54.0,9233.0
2001-06-29,378883.0,54.0,9233.0
2001-06-30,378883.0,54.0,9233.0
2001-07-01,378883.0,54.0,9233.0
2001-07-02,378883.0,54.0,9233.0
2001-07-03,378883.0,54.0,9233.0
2001-07-04,378883.0,54.0,9233.0
2001-07-05,378883.0,54.0,9233.0
2001-07-06,378883.0,54.0,9233.0
2001-07-07,378883.0,54.0,9233.0
2001-07-08,378883.0,54.0,9233.0
2001-07-09,378883.0,54.0,9233.0
2001-07-10,378883.0,54.0,9233.0
2001-07-11,378883.0,54.0,9233.0
2001-07-12,378883.0,54.0,9233.0
2001-07-13,378883.0,54.0,9233.0
2001-07-14,378883.0,54.0,9233.0
2001-07-15,378883.0,54.0,9233.0
2001-07-16,378883.0,54.0,9233.0
2001-07-17,378883.0,54.0,9233.0
2001-07-18,378883.0,54.0,9233.0
2001-07-19,378883.0,54.0,9233.0
2001-07-20,378883.0,54.0,9233.0
2001-07-21,378883.0,54.0,9233.0
2001-07-22,378883.0,54.0,9233.0
2001-07-23,378883.0,54.0,9233.0
2001-07-24,378883.0,54.0,9233.0
2001-07-25,378883.0,54.0,9233.0
2001-07-26,378883.0,54.0,9233.0
2001-07-27,378883.0,54.0,9233.0
2001-07-28,378883.0,54.0,9233.0
2001-07-29,378883.0,54.0,9233.0
2001-07-30,378883.0,54.0,9233.0
2001-07-31,378883.0,54.0,9233.0
2001-08-01,378883.0,54.0,9233.0
2001-08-02,378883.0,54.0,9233.0
2001-08-03,378883.0,54.0,9233.0
2001-08-04,378883.0,54.0,9233.0
2001-08-05,378883.0,54.0,9233.0
2001-08-06,378883.0,54.0,9233.0
2001-08-07,378883.0,54.0,9233.0
2001-08-08,378883.0,54.0,9233.0
2001-08-09,378883.0,54.0,9233.0
2001-08-10,378883.0,54.0,9233.0
2001-08-11,378883.0,54.0,9233.0
2001-08-12,378883.0,54.0,9233.0
2001-08-13,378883.0,54.0,9233.0
2001-08-14,378883.0,54.0,9233.0
2001-08-15,378883.0,54.0,9233.0
2001-08-16,378883.0,54.0,9233.0
2001-08-17,378883.0,54.0,9233.0
2001-08-18,378883.0,54.0,9233.0
2001-08-19,378883.0,54.0,9233.0
2001-08-20,378883.0,54.0,9233.0
2001-08-21,378883.0,54.0,9233.0
2001-08-22,378883.0,54.0,9233.0
2001-08-23,378883.0,54.0,9233.0
2001-08-24,378883.0,54.0,9233.0
2001-08-25,378883.0,54.0,9233.0
2001-08-26,378883.0,54.0,9233.0
2001-08-27,378883.0,54.0,9233.0
2001-08-28,378883.0,54.0,9233.0
2001-08-29,378883.0,54.0,9233.0
2001-08-30,378883.0,54.0,9233.0
2001-08-31,378883.0,54.0,9233.0
2001-09-01,378883.0,54.0,9233.0
2001-09-02,378883.0,54.0,9233.0
2001-09-03,378883.0,54.0,9233.0
2001-09-04,378883.0,54.0,9233.0
2001-09-05,378883.0,54.0,9233.0
2001-09-06,378883.0,54.0,9233.0
2001-09-07,378883.0,54.0,9233.0
2001-09-08,378883.0,54.0,9233.0
2001-09-09,378883.0,54.0,9233.0
2001-09-10,378883.0,54.0,9233.0
2001-09-11,378883.0,54.0,9233.0
2001-09-12,378883.0,54.0,9233.0
2001-09-13,378883.0,54.0,9233.0
2001-09-14,378883.0,54.0,9233.0
2001-09-15,378883.0,54.0,9233.0
2001-09-16,378883.0,54.0,9233.0
2001-09-17,378883.0,54.0,9233.0
2001-09-18,378883.0,54.0,9233.0
2001-09-19,378883.0,54.0,9233.0
2001-09-20,378883.0,54.0,9233.0
2001-09-21,378883.0,54.0,9233.0
2001-09-22,378883.0,54.0,9233.0
2001-09-23,378883.0,54.0,9233.0
2001-09-24,378883.0,54.0,9233.0
2001-09-25,378883.0,54.0,9233.0
2001-09-26,378883.0,54.0,9233.0
2001-09-27,378883.0,54.0,9233.0
2001-09-28,378883.0,54.0,9233.0
2001-09-29,378883.0,54.0,9233.0
2001-09-30,378883.0,54.0,9233.0
2001-10-01,378883.0,54.0,9233.0
2001-10-02,378883.0,54.0,9233.0
2001-10-03,378883.0,54.0,9233.0
2001-10-04,378883.0,54.0,9233.0
2001-10-05,378883.0,54.0,9233.0
2001-10-06,378883.0,54.0,9233.0
2001-10-07,378883.0,54.0,9233.0
2001-10-08,378883.0,54.0,9233.0
2001-10-09,378883.0,54.0,9233.0
2001-10-10,378883.0,54.0,9233.0
2001-10-11,378883.0,54.0,9233.0
2001-10-12,378883.0,54.0,9233.0
2001-10-13,378883.0,54.0,9233.0
2001-10-14,378883.0,54.0,9233.0
2001-10-15,378883.0,54.0,9233.0
2001-10-16,378883.0,54.0,9233.0
2001-10-17,378883.0,54.0,9233.0
2001-10-18,378883.0,54.0,9233.0
2001-10-19,378883.0,54.0,9233.0
2001-10-20,378883.0,54.0,9233.0
2001-10-21,378883.0,54.0,9233.0
2001-10-22,378883.0,54.0,9233.0
2001-10-23,378883.0,54.0,9233.0
2001-10-24,378883.0,54.0,9233.0
2001-10-25,378883.0,54.0,9233.0
2001-10-26,378883.0,54.0,9233.0
2001-10-27,378883.0,54.0,9233.0
2001-10-28,378883.0,54.0,9233.0
2001-10-29,378883.0,54.0,9233.0
2001-10-30,378883.0,54.0,9233.0
2001-10-31,378883.0,54.0,9233.0
2001-11-01,378883.0,54.0,9233.0
2001-11-02,378883.0,54.0,9233.0
2001-11-03,378883.0,54.0,9233.0
2001-11-04,378883.0,54.0,9233.0
2001-11-05,378883.0,54.0,9233.0
2001-11-06,378883.0,54.0,9233.0
2001-11-07,378883.0,54.0,9233.0
2001-11-08,378883.0,54.0,9233.0
2001-11-09,378883.0,54.0,9233.0
2001-11-10,378883.0,54.0,9233.0
2001-11-11,378883.0,54.0,9233.0
2001-11-12,378883.0,54.0,9233.0
2001-11-13,378883.0,54.0,9233.0
2001-11-14,378883.0,54.0,9233.0
2001-11-15,378883.0,54.0,9233.0
2001-11-16,378883.0,54.0,9233.0
2001-11-17,378883.0,54.0,9233.0
2001-11-18,378883.0,54.0,9233.0
2001-11-19,378883.0,54.0,9233.0
2001-11-20,378883.0,54.0,9233.0
2001-11-21,378883.0,54.0,9233.0
2001-11-22,378883.0,54.0,9233.0
2001-11-23,378883.0,54.0,9233.0
2001-11-24,378883.0,54.0,9233.0
2001-11-25,378883.0,54.0,9233.0
2001-11-26,378883.0,54.0,9233.0
2001-11-27,378883.0,54.0,9233.0
2001-11-28,378883.0,54.0,9233.0
2001-11-29,378883.0,54.0,9233.0
2001-11-30,378883.0,54.0,9233.0
2001-12-01,378883.0,54.0,9233.0
2001-12-02,378883.0,54.0,9233.0
2001-12-03,378883.0,54.0,9233.0
2001-12-04,378883.0,54.0,9233.0
2001-12-05,378883.0,54.0,9233.0
2001-12-06,378883.0,54.0,9233.0
2001-12-07,378883.0,54.0,9233.0
2001-12-08,378883.0,54.0,9233.0
2001-12-09,378883.0,54.0,9233.0
2001-12-10,378883.0,54.0,9233.0
2001-12-11,378883.0,54.0,9233.0
2001-12-12,378883.0,54.0,9233.0
2001-12-13,378883.0,54.0,9233.0
2001-12-14,378883.0,54.0,9233.0
2001-12-15,378883.0,54.0,9233.0
2001-12-16,378883.0,54.0,9233.0
2001-12-17,378883.0,54.0,9233.0
2001-12-18,378883.0,54.0,9233.0
2001-12-19,378883.0,54.0,9233.0
2001-12-20,378883.0,54.0,9233.0
2001-12-21,378883.0,54.0,9233.0
2001-12-22,378883.0,54.0,9233.0
2001-12-23,378883.0,54.0,9233.0
2001-12-24,378883.0,54.0,9233.0
2001-12-25,378883.0,54.0,9233.0
2001-12-26,378883.0,54.0,9233.0
2001-12-27,378883.0,54.0,9233.0
2001-12-28,378883.0,54.0,9233.0
2001-12-29,378883.0,54.0,9233.0
2001-12-30,378883.0,54.0,9233.0
2001-12-31,378883.0,54.0,9233.0
2002-01-01,384145.0,51.2,9184.0
2002-01-02,384145.0,51.2,9184.0
2002-01-03,384145.0,51.2,9184.0
2002-01-04,384145.0,51.2,9184.0
2002-01-05,384145.0,51.2,9184.0
2002-01-06,384145.0,51.2,9184.0
2002-01-07,384145.0,51.2,9184.0
2002-01-08,384145.0,51.2,9184.0
2002-01-09,384145.0,51.2,9184.0
2002-01-10,384145.0,51.2,9184.0
2002-01-11,384145.0,51.2,9184.0
2002-01-12,384145.0,51.2,9184.0
2002-01-13,384145.0,51.2,9184.0
2002-01-14,384145.0,51.2,9184.0
2002-01-15,384145.0,51.2,9184.0
2002-01-16,384145.0,51.2,9184.0
2002-01-17,384145.0,51.2,9184.0
2002-01-18,384145.0,51.2,9184.0
2002-01-19,384145.0,51.2,9184.0
2002-01-20,384145.0,51.2,9184.0
2002-01-21,384145.0,51.2,9184.0
2002-01-22,384145.0,51.2,9184.0
2002-01-23,384145.0,51.2,9184.0
2002-01-24,384145.0,51.2,9184.0
2002-01-25,384145.0,51.2,9184.0
2002-01-26,384145.0,51.2,9184.0
2002-01-27,384145.0,51.2,9184.0
2002-01-28,384145.0,51.2,9184.0
2002-01-29,384145.0,51.2,9184.0
2002-01-30,384145.0,51.2,9184.0
2002-01-31,384145.0,51.2,9184.0
2002-02-01,384145.0,51.2,9184.0
2002-02-02,384145.0,51.2,9184.0
2002-02-03,384145.0,51.2,9184.0
2002-02-04,384145.0,51.2,9184.0
2002-02-05,384145.0,51.2,9184.0
2002-02-06,384145.0,51.2,9184.0
2002-02-07,384145.0,51.2,9184.0
2002-02-08,384145.0,51.2,9184.0
2002-02-09,384145.0,51.2,9184.0
2002-02-10,384145.0,51.2,9184.0
2002-02-11,384145.0,51.2,9184.0
2002-02-12,384145.0,51.2,9184.0
2002-02-13,384145.0,51.2,9184.0
2002-02-14,384145.0,51.2,9184.0
2002-02-15,384145.0,51.2,9184.0
2002-02-16,384145.0,51.2,9184.0
2002-02-17,384145.0,51.2,9184.0
2002-02-18,384145.0,51.2,9184.0
2002-02-19,384145.0,51.2,9184.0
2002-02-20,384145.0,51.2,9184.0
2002-02-21,384145.0,51.2,9184.0
2002-02-22,384145.0,51.2,9184.0
2002-02-23,384145.0,51.2,9184.0
2002-02-24,384145.0,51.2,9184.0
2002-02-25,384145.0,51.2,9184.0
2002-02-26,384145.0,51.2,9184.0
2002-02-27,384145.0,51.2,9184.0
2002-02-28,384145.0,51.2,9184.0
2002-03-01,384145.0,51.2,9184.0
2002-03-02,384145.0,51.2,9184.0
2002-03-03,384145.0,51.2,9184.0
2002-03-04,384145.0,51.2,9184.0
2002-03-05,384145.0,51.2,9184.0
2002-03-06,384145.0,51.2,9184.0
2002-03-07,384145.0,51.2,9184.0
2002-03-08,384145.0,51.2,9184.0
2002-03-09,384145.0,51.2,9184.0
2002-03-10,384145.0,51.2,9184.0
2002-03-11,384145.0,51.2,9184.0
2002-03-12,384145.0,51.2,9184.0
2002-03-13,384145.0,51.2,9184.0
2002-03-14,384145.0,51.2,9184.0
2002-03-15,384145.0,51.2,9184.0
2002-03-16,384145.0,51.2,9184.0
2002-03-17,384145.0,51.2,9184.0
2002-03-18,384145.0,51.2,9184.0
2002-03-19,384145.0,51.2,9184.0
2002-03-20,384145.0,51.2,9184.0
2002-03-21,384145.0,51.2,9184.0
2002-03-22,384145.0,51.2,9184.0
2002-03-23,384145.0,51.2,9184.0
2002-03-24,384145.0,51.2,9184.0
2002-03-25,384145.0,51.2,9184.0
2002-03-26,384145.0,51.2,9184.0
2002-03-27,384145.0,51.2,9184.0
2002-03-28,384145.0,51.2,9184.0
2002-03-29,384145.0,51.2,9184.0
2002-03-30,384145.0,51.2,9184.0
2002-03-31,384145.0,51.2,9184.0
2002-04-01,384145.0,51.2,9184.0
2002-04-02,384145.0,51.2,9184.0
2002-04-03,384145.0,51.2,9184.0
2002-04-04,384145.0,51.2,9184.0
2002-04-05,384145.0,51.2,9184.0
2002-04-06,384145.0,51.2,9184.0
2002-04-07,384145.0,51.2,9184.0
2002-04-08,384145.0,51.2,9184.0
2002-04-09,384145.0,51.2,9184.0
2002-04-10,384145.0,51.2,9184.0
2002-04-11,384145.0,51.2,9184.0
2002-04-12,384145.0,51.2,9184.0
2002-04-13,384145.0,51.2,9184.0
2002-04-14,384145.0,51.2,9184.0
2002-04-15,384145.0,51.2,9184.0
2002-04-16,384145.0,51.2,9184.0
2002-04-17,384145.0,51.2,9184.0
2002-04-18,384145.0,51.2,9184.0
2002-04-19,384145.0,51.2,9184.0
2002-04-20,384145.0,51.2,9184.0
2002-04-21,384145.0,51.2,9184.0
2002-04-22,384145.0,51.2,9184.0
2002-04-23,384145.0,51.2,9184.0
2002-04-24,384145.0,51.2,9184.0
2002-04-25,384145.0,51.2,9184.0
2002-04-26,384145.0,51.2,9184.0
2002-04-27,384145.0,51.2,9184.0
2002-04-28,384145.0,51.2,9184.0
2002-04-29,384145.0,51.2,9184.0
2002-04-30,384145.0,51.2,9184.0
2002-05-01,384145.0,51.2,9184.0
2002-05-02,384145.0,51.2,9184.0
2002-05-03,384145.0,51.2,9184.0
2002-05-04,384145.0,51.2,9184.0
2002-05-05,384145.0,51.2,9184.0
2002-05-06,384145.0,51.2,9184.0
2002-05-07,384145.0,51.2,9184.0
2002-05-08,384145.0,51.2,9184.0
2002-05-09,384145.0,51.2,9184.0
2002-05-10,384145.0,51.2,9184.0
2002-05-11,384145.0,51.2,9184.0
2002-05-12,384145.0,51.2,9184.0
2002-05-13,384145.0,51.2,9184.0
2002-05-14,384145.0,51.2,9184.0
2002-05-15,384145.0,51.2,9184.0
2002-05-16,384145.0,51.2,9184.0
2002-05-17,384145.0,51.2,9184.0
2002-05-18,384145.0,51.2,9184.0
2002-05-19,384145.0,51.2,9184.0
2002-05-20,384145.0,51.2,9184.0
2002-05-21,384145.0,51.2,9184.0
2002-05-22,384145.0,51.2,9184.0
2002-05-23,384145.0,51.2,9184.0
2002-05-24,384145.0,51.2,9184.0
2002-05-25,384145.0,51.2,9184.0
2002-05-26,384145.0,51.2,9184.0
2002-05-27,384145.0,51.2,9184.0
2002-05-28,384145.0,51.2,9184.0
2002-05-29,384145.0,51.2,9184.0
2002-05-30,384145.0,51.2,9184.0
2002-05-31,384145.0,51.2,9184.0
2002-06-01,384145.0,51.2,9184.0
2002-06-02,384145.0,51.2,9184.0
2002-06-03,384145.0,51.2,9184.0
2002-06-04,384145.0,51.2,9184.0
2002-06-05,384145.0,51.2,9184.0
2002-06-06,384145.0,51.2,9184.0
2002-06-07,384145.0,51.2,9184.0
2002-06-08,384145.0,51.2,9184.0
2002-06-09,384145.0,51.2,9184.0
2002-06-10,384145.0,51.2,9184.0
2002-06-11,384145.0,51.2,9184.0
2002-06-12,384145.0,51.2,9184.0
2002-06-13,384145.0,51.2,9184.0
2002-06-14,384145.0,51.2,9184.0
2002-06-15,384145.0,51.2,9184.0
2002-06-16,384145.0,51.2,9184.0
2002-06-17,384145.0,51.2,9184.0
2002-06-18,384145.0,51.2,9184.0
2002-06-19,384145.0,51.2,9184.0
2002-06-20,384145.0,51.2,9184.0
2002-06-21,384145.0,51.2,9184.0
2002-06-22,384145.0,51.2,9184.0
2002-06-23,384145.0,51.2,9184.0
2002-06-24,384145.0,51.2,9184.0
2002-06-25,384145.0,51.2,9184.0
2002-06-26,384145.0,51.2,9184.0
2002-06-27,384145.0,51.2,9184.0
2002-06-28,384145.0,51.2,9184.0
2002-06-29,384145.0,51.2,9184.0
2002-06-30,384145.0,51.2,9184.0
2002-07-01,384145.0,51.2,9184.0
2002-07-02,384145.0,51.2,9184.0
2002-07-03,384145.0,51.2,9184.0
2002-07-04,384145.0,51.2,9184.0
2002-07-05,384145.0,51.2,9184.0
2002-07-06,384145.0,51.2,9184.0
2002-07-07,384145.0,51.2,9184.0
2002-07-08,384145.0,51.2,9184.0
2002-07-09,384145.0,51.2,9184.0
2002-07-10,384145.0,51.2,9184.0
2002-07-11,384145.0,51.2,9184.0
2002-07-12,384145.0,51.2,9184.0
2002-07-13,384145.0,51.2,9184.0
2002-07-14,384145.0,51.2,9184.0
2002-07-15,384145.0,51.2,9184.0
2002-07-16,384145.0,51.2,9184.0
2002-07-17,384145.0,51.2,9184.0
2002-07-18,384145.0,51.2,9184.0
2002-07-19,384145.0,51.2,9184.0
2002-07-20,384145.0,51.2,9184.0
2002-07-21,384145.0,51.2,9184.0
2002-07-22,384145.0,51.2,9184.0
2002-07-23,384145.0,51.2,9184.0
2002-07-24,384145.0,51.2,9184.0
2002-07-25,384145.0,51.2,9184.0
2002-07-26,384145.0,51.2,9184.0
2002-07-27,384145.0,51.2,9184.0
2002-07-28,384145.0,51.2,9184.0
2002-07-29,384145.0,51.2,9184.0
2002-07-30,384145.0,51.2,9184.0
2002-07-31,384145.0,51.2,9184.0
2002-08-01,384145.0,51.2,9184.0
2002-08-02,384145.0,51.2,9184.0
2002-08-03,384145.0,51.2,9184.0
2002-08-04,384145.0,51.2,9184.0
2002-08-05,384145.0,51.2,9184.0
2002-08-06,384145.0,51.2,9184.0
2002-08-07,384145.0,51.2,9184.0
2002-08-08,384145.0,51.2,9184.0
2002-08-09,384145.0,51.2,9184.0
2002-08-10,384145.0,51.2,9184.0
2002-08-11,384145.0,51.2,9184.0
2002-08-12,384145.0,51.2,9184.0
2002-08-13,384145.0,51.2,9184.0
2002-08-14,384145.0,51.2,9184.0
2002-08-15,384145.0,51.2,9184.0
2002-08-16,384145.0,51.2,9184.0
2002-08-17,384145.0,51.2,9184.0
2002-08-18,384145.0,51.2,9184.0
2002-08-19,384145.0,51.2,9184.0
2002-08-20,384145.0,51.2,9184.0
2002-08-21,384145.0,51.2,9184.0
2002-08-22,384145.0,51.2,9184.0
2002-08-23,384145.0,51.2,9184.0
2002-08-24,384145.0,51.2,9184.0
2002-08-25,384145.0,51.2,9184.0
2002-08-26,384145.0,51.2,9184.0
2002-08-27,384145.0,51.2,9184.0
2002-08-28,384145.0,51.2,9184.0
2002-08-29,384145.0,51.2,9184.0
2002-08-30,384145.0,51.2,9184.0
2002-08-31,384145.0,51.2,9184.0
2002-09-01,384145.0,51.2,9184.0
2002-09-02,384145.0,51.2,9184.0
2002-09-03,384145.0,51.2,9184.0
2002-09-04,384145.0,51.2,9184.0
2002-09-05,384145.0,51.2,9184.0
2002-09-06,384145.0,51.2,9184.0
2002-09-07,384145.0,51.2,9184.0
2002-09-08,384145.0,51.2,9184.0
2002-09-09,384145.0,51.2,9184.0
2002-09-10,384145.0,51.2,9184.0
2002-09-11,384145.0,51.2,9184.0
2002-09-12,384145.0,51.2,9184.0
2002-09-13,384145.0,51.2,9184.0
2002-09-14,384145.0,51.2,9184.0
2002-09-15,384145.0,51.2,9184.0
2002-09-16,384145.0,51.2,9184.0
2002-09-17,384145.0,51.2,9184.0
2002-09-18,384145.0,51.2,9184.0
2002-09-19,384145.0,51.2,9184.0
2002-09-20,384145.0,51.2,9184.0
2002-09-21,384145.0,51.2,9184.0
2002-09-22,384145.0,51.2,9184.0
2002-09-23,384145.0,51.2,9184.0
2002-09-24,384145.0,51.2,9184.0
2002-09-25,384145.0,51.2,9184.0
2002-09-26,384145.0,51.2,9184.0
2002-09-27,384145.0,51.2,9184.0
2002-09-28,384145.0,51.2,9184.0
2002-09-29,384145.0,51.2,9184.0
2002-09-30,384145.0,51.2,9184.0
2002-10-01,384145.0,51.2,9184.0
2002-10-02,384145.0,51.2,9184.0
2002-10-03,384145.0,51.2,9184.0
2002-10-04,384145.0,51.2,9184.0
2002-10-05,384145.0,51.2,9184.0
2002-10-06,384145.0,51.2,9184.0
2002-10-07,384145.0,51.2,9184.0
2002-10-08,384145.0,51.2,9184.0
2002-10-09,384145.0,51.2,9184.0
2002-10-10,384145.0,51.2,9184.0
2002-10-11,384145.0,51.2,9184.0
2002-10-12,384145.0,51.2,9184.0
2002-10-13,384145.0,51.2,9184.0
2002-10-14,384145.0,51.2,9184.0
2002-10-15,384145.0,51.2,9184.0
2002-10-16,384145.0,51.2,9184.0
2002-10-17,384145.0,51.2,9184.0
2002-10-18,384145.0,51.2,9184.0
2002-10-19,384145.0,51.2,9184.0
2002-10-20,384145.0,51.2,9184.0
2002-10-21,384145.0,51.2,9184.0
2002-10-22,384145.0,51.2,9184.0
2002-10-23,384145.0,51.2,9184.0
2002-10-24,384145.0,51.2,9184.0
2002-10-25,384145.0,51.2,9184.0
2002-10-26,384145.0,51.2,9184.0
2002-10-27,384145.0,51.2,9184.0
2002-10-28,384145.0,51.2,9184.0
2002-10-29,384145.0,51.2,9184.0
2002-10-30,384145.0,51.2,9184.0
2002-10-31,384145.0,51.2,9184.0
2002-11-01,384145.0,51.2,9184.0
2002-11-02,384145.0,51.2,9184.0
2002-11-03,384145.0,51.2,9184.0
2002-11-04,384145.0,51.2,9184.0
2002-11-05,384145.0,51.2,9184.0
2002-11-06,384145.0,51.2,9184.0
2002-11-07,384145.0,51.2,9184.0
2002-11-08,384145.0,51.2,9184.0
2002-11-09,384145.0,51.2,9184.0
2002-11-10,384145.0,51.2,9184.0
2002-11-11,384145.0,51.2,9184.0
2002-11-12,384145.0,51.2,9184.0
2002-11-13,384145.0,51.2,9184.0
2002-11-14,384145.0,51.2,9184.0
2002-11-15,384145.0,51.2,9184.0
2002-11-16,384145.0,51.2,9184.0
2002-11-17,384145.0,51.2,9184.0
2002-11-18,384145.0,51.2,9184.0
2002-11-19,384145.0,51.2,9184.0
2002-11-20,384145.0,51.2,9184.0
2002-11-21,384145.0,51.2,9184.0
2002-11-22,384145.0,51.2,9184.0
2002-11-23,384145.0,51.2,9184.0
2002-11-24,384145.0,51.2,9184.0
2002-11-25,384145.0,51.2,9184.0
2002-11-26,384145.0,51.2,9184.0
2002-11-27,384145.0,51.2,9184.0
2002-11-28,384145.0,51.2,9184.0
2002-11-29,384145.0,51.2,9184.0
2002-11-30,384145.0,51.2,9184.0
2002-12-01,384145.0,51.2,9184.0
2002-12-02,384145.0,51.2,9184.0
2002-12-03,384145.0,51.2,9184.0
2002-12-04,384145.0,51.2,9184.0
2002-12-05,384145.0,51.2,9184.0
2002-12-06,384145.0,51.2,9184.0
2002-12-07,384145.0,51.2,9184.0
2002-12-08,384145.0,51.2,9184.0
2002-12-09,384145.0,51.2,9184.0
2002-12-10,384145.0,51.2,9184.0
2002-12-11,384145.0,51.2,9184.0
2002-12-12,384145.0,51.2,9184.0
2002-12-13,384145.0,51.2,9184.0
2002-12-14,384145.0,51.2,9184.0
2002-12-15,384145.0,51.2,9184.0
2002-12-16,384145.0,51.2,9184.0
2002-12-17,384145.0,51.2,9184.0
2002-12-18,384145.0,51.2,9184.0
2002-12-19,384145.0,51.2,9184.0
2002-12-20,384145.0,51.2,9184.0
2002-12-21,384145.0,51.2,9184.0
2002-12-22,384145.0,51.2,9184.0
2002-12-23,384145.0,51.2,9184.0
2002-12-24,384145.0,51.2,9184.0
2002-12-25,384145.0,51.2,9184.0
2002-12-26,384145.0,51.2,9184.0
2002-12-27,384145.0,51.2,9184.0
2002-12-28,384145.0,51.2,9184.0
2002-12-29,384145.0,51.2,9184.0
2002-12-30,384145.0,51.2,9184.0
2002-12-31,384145.0,51.2,9184.0
2003-01-01,382775.0,47.7,8996.0
2003-01-02,382775.0,47.7,8996.0
2003-01-03,382775.0,47.7,8996.0
2003-01-04,382775.0,47.7,8996.0
2003-01-05,382775.0,47.7,8996.0
2003-01-06,382775.0,47.7,8996.0
2003-01-07,382775.0,47.7,8996.0
2003-01-08,382775.0,47.7,8996.0
2003-01-09,382775.0,47.7,8996.0
2003-01-10,382775.0,47.7,8996.0
2003-01-11,382775.0,47.7,8996.0
2003-01-12,382775.0,47.7,8996.0
2003-01-13,382775.0,47.7,8996.0
2003-01-14,382775.0,47.7,8996.0
2003-01-15,382775.0,47.7,8996.0
2003-01-16,382775.0,47.7,8996.0
2003-01-17,382775.0,47.7,8996.0
2003-01-18,382775.0,47.7,8996.0
2003-01-19,382775.0,47.7,8996.0
2003-01-20,382775.0,47.7,8996.0
2003-01-21,382775.0,47.7,8996.0
2003-01-22,382775.0,47.7,8996.0
2003-01-23,382775.0,47.7,8996.0
2003-01-24,382775.0,47.7,8996.0
2003-01-25,382775.0,47.7,8996.0
2003-01-26,382775.0,47.7,8996.0
2003-01-27,382775.0,47.7,8996.0
2003-01-28,382775.0,47.7,8996.0
2003-01-29,382775.0,47.7,8996.0
2003-01-30,382775.0,47.7,8996.0
2003-01-31,382775.0,47.7,8996.0
2003-02-01,382775.0,47.7,8996.0
2003-02-02,382775.0,47.7,8996.0
2003-02-03,382775.0,47.7,8996.0
2003-02-04,382775.0,47.7,8996.0
2003-02-05,382775.0,47.7,8996.0
2003-02-06,382775.0,47.7,8996.0
2003-02-07,382775.0,47.7,8996.0
2003-02-08,382775.0,47.7,8996.0
2003-02-09,382775.0,47.7,8996.0
2003-02-10,382775.0,47.7,8996.0
2003-02-11,382775.0,47.7,8996.0
2003-02-12,382775.0,47.7,8996.0
2003-02-13,382775.0,47.7,8996.0
2003-02-14,382775.0,47.7,8996.0
2003-02-15,382775.0,47.7,8996.0
2003-02-16,382775.0,47.7,8996.0
2003-02-17,382775.0,47.7,8996.0
2003-02-18,382775.0,47.7,8996.0
2003-02-19,382775.0,47.7,8996.0
2003-02-20,382775.0,47.7,8996.0
2003-02-21,382775.0,47.7,8996.0
2003-02-22,382775.0,47.7,8996.0
2003-02-23,382775.0,47.7,8996.0
2003-02-24,382775.0,47.7,8996.0
2003-02-25,382775.0,47.7,8996.0
2003-02-26,382775.0,47.7,8996.0
2003-02-27,382775.0,47.7,8996.0
2003-02-28,382775.0,47.7,8996.0
2003-03-01,382775.0,47.7,8996.0
2003-03-02,382775.0,47.7,8996.0
2003-03-03,382775.0,47.7,8996.0
2003-03-04,382775.0,47.7,8996.0
2003-03-05,382775.0,47.7,8996.0
2003-03-06,382775.0,47.7,8996.0
2003-03-07,382775.0,47.7,8996.0
2003-03-08,382775.0,47.7,8996.0
2003-03-09,382775.0,47.7,8996.0
2003-03-10,382775.0,47.7,8996.0
2003-03-11,382775.0,47.7,8996.0
2003-03-12,382775.0,47.7,8996.0
2003-03-13,382775.0,47.7,8996.0
2003-03-14,382775.0,47.7,8996.0
2003-03-15,382775.0,47.7,8996.0
2003-03-16,382775.0,47.7,8996.0
2003-03-17,382775.0,47.7,8996.0
2003-03-18,382775.0,47.7,8996.0
2003-03-19,382775.0,47.7,8996.0
2003-03-20,382775.0,47.7,8996.0
2003-03-21,382775.0,47.7,8996.0
2003-03-22,382775.0,47.7,8996.0
2003-03-23,382775.0,47.7,8996.0
2003-03-24,382775.0,47.7,8996.0
2003-03-25,382775.0,47.7,8996.0
2003-03-26,382775.0,47.7,8996.0
2003-03-27,382775.0,47.7,8996.0
2003-03-28,382775.0,47.7,8996.0
2003-03-29,382775.0,47.7,8996.0
2003-03-30,382775.0,47.7,8996.0
2003-03-31,382775.0,47.7,8996.0
2003-04-01,382775.0,47.7,8996.0
2003-04-02,382775.0,47.7,8996.0
2003-04-03,382775.0,47.7,8996.0
2003-04-04,382775.0,47.7,8996.0
2003-04-05,382775.0,47.7,8996.0
2003-04-06,382775.0,47.7,8996.0
2003-04-07,382775.0,47.7,8996.0
2003-04-08,382775.0,47.7,8996.0
2003-04-09,382775.0,47.7,8996.0
2003-04-10,382775.0,47.7,8996.0
2003-04-11,382775.0,47.7,8996.0
2003-04-12,382775.0,47.7,8996.0
2003-04-13,382775.0,47.7,8996.0
2003-04-14,382775.0,47.7,8996.0
2003-04-15,382775.0,47.7,8996.0
2003-04-16,382775.0,47.7,8996.0
2003-04-17,382775.0,47.7,8996.0
2003-04-18,382775.0,47.7,8996.0
2003-04-19,382775.0,47.7,8996.0
2003-04-20,382775.0,47.7,8996.0
2003-04-21,382775.0,47.7,8996.0
2003-04-22,382775.0,47.7,8996.0
2003-04-23,382775.0,47.7,8996.0
2003-04-24,382775.0,47.7,8996.0
2003-04-25,382775.0,47.7,8996.0
2003-04-26,382775.0,47.7,8996.0
2003-04-27,382775.0,47.7,8996.0
2003-04-28,382775.0,47.7,8996.0
2003-04-29,382775.0,47.7,8996.0
2003-04-30,382775.0,47.7,8996.0
2003-05-01,382775.0,47.7,8996.0
2003-05-02,382775.0,47.7,8996.0
2003-05-03,382775.0,47.7,8996.0
2003-05-04,382775.0,47.7,8996.0
2003-05-05,382775.0,47.7,8996.0
2003-05-06,382775.0,47.7,8996.0
2003-05-07,382775.0,47.7,8996.0
2003-05-08,382775.0,47.7,8996.0
2003-05-09,382775.0,47.7,8996.0
2003-05-10,382775.0,47.7,8996.0
2003-05-11,382775.0,47.7,8996.0
2003-05-12,382775.0,47.7,8996.0
2003-05-13,382775.0,47.7,8996.0
2003-05-14,382775.0,47.7,8996.0
2003-05-15,382775.0,47.7,8996.0
2003-05-16,382775.0,47.7,8996.0
2003-05-17,382775.0,47.7,8996.0
2003-05-18,382775.0,47.7,8996.0
2003-05-19,382775.0,47.7,8996.0
2003-05-20,382775.0,47.7,8996.0
2003-05-21,382775.0,47.7,8996.0
2003-05-22,382775.0,47.7,8996.0
2003-05-23,382775.0,47.7,8996.0
2003-05-24,382775.0,47.7,8996.0
2003-05-25,382775.0,47.7,8996.0
2003-05-26,382775.0,47.7,8996.0
2003-05-27,382775.0,47.7,8996.0
2003-05-28,382775.0,47.7,8996.0
2003-05-29,382775.0,47.7,8996.0
2003-05-30,382775.0,47.7,8996.0
2003-05-31,382775.0,47.7,8996.0
2003-06-01,382775.0,47.7,8996.0
2003-06-02,382775.0,47.7,8996.0
2003-06-03,382775.0,47.7,8996.0
2003-06-04,382775.0,47.7,8996.0
2003-06-05,382775.0,47.7,8996.0
2003-06-06,382775.0,47.7,8996.0
2003-06-07,382775.0,47.7,8996.0
2003-06-08,382775.0,47.7,8996.0
2003-06-09,382775.0,47.7,8996.0
2003-06-10,382775.0,47.7,8996.0
2003-06-11,382775.0,47.7,8996.0
2003-06-12,382775.0,47.7,8996.0
2003-06-13,382775.0,47.7,8996.0
2003-06-14,382775.0,47.7,8996.0
2003-06-15,382775.0,47.7,8996.0
2003-06-16,382775.0,47.7,8996.0
2003-06-17,382775.0,47.7,8996.0
2003-06-18,382775.0,47.7,8996.0
2003-06-19,382775.0,47.7,8996.0
2003-06-20,382775.0,47.7,8996.0
2003-06-21,382775.0,47.7,8996.0
2003-06-22,382775.0,47.7,8996.0
2003-06-23,382775.0,47.7,8996.0
2003-06-24,382775.0,47.7,8996.0
2003-06-25,382775.0,47.7,8996.0
2003-06-26,382775.0,47.7,8996.0
2003-06-27,382775.0,47.7,8996.0
2003-06-28,382775.0,47.7,8996.0
2003-06-29,382775.0,47.7,8996.0
2003-06-30,382775.0,47.7,8996.0
2003-07-01,382775.0,47.7,8996.0
2003-07-02,382775.0,47.7,8996.0
2003-07-03,382775.0,47.7,8996.0
2003-07-04,382775.0,47.7,8996.0
2003-07-05,382775.0,47.7,8996.0
2003-07-06,382775.0,47.7,8996.0
2003-07-07,382775.0,47.7,8996.0
2003-07-08,382775.0,47.7,8996.0
2003-07-09,382775.0,47.7,8996.0
2003-07-10,382775.0,47.7,8996.0
2003-07-11,382775.0,47.7,8996.0
2003-07-12,382775.0,47.7,8996.0
2003-07-13,382775.0,47.7,8996.0
2003-07-14,382775.0,47.7,8996.0
2003-07-15,382775.0,47.7,8996.0
2003-07-16,382775.0,47.7,8996.0
2003-07-17,382775.0,47.7,8996.0
2003-07-18,382775.0,47.7,8996.0
2003-07-19,382775.0,47.7,8996.0
2003-07-20,382775.0,47.7,8996.0
2003-07-21,382775.0,47.7,8996.0
2003-07-22,382775.0,47.7,8996.0
2003-07-23,382775.0,47.7,8996.0
2003-07-24,382775.0,47.7,8996.0
2003-07-25,382775.0,47.7,8996.0
2003-07-26,382775.0,47.7,8996.0
2003-07-27,382775.0,47.7,8996.0
2003-07-28,382775.0,47.7,8996.0
2003-07-29,382775.0,47.7,8996.0
2003-07-30,382775.0,47.7,8996.0
2003-07-31,382775.0,47.7,8996.0
2003-08-01,382775.0,47.7,8996.0
2003-08-02,382775.0,47.7,8996.0
2003-08-03,382775.0,47.7,8996.0
2003-08-04,382775.0,47.7,8996.0
2003-08-05,382775.0,47.7,8996.0
2003-08-06,382775.0,47.7,8996.0
2003-08-07,382775.0,47.7,8996.0
2003-08-08,382775.0,47.7,8996.0
2003-08-09,382775.0,47.7,8996.0
2003-08-10,382775.0,47.7,8996.0
2003-08-11,382775.0,47.7,8996.0
2003-08-12,382775.0,47.7,8996.0
2003-08-13,382775.0,47.7,8996.0
2003-08-14,382775.0,47.7,8996.0
2003-08-15,382775.0,47.7,8996.0
2003-08-16,382775.0,47.7,8996.0
2003-08-17,382775.0,47.7,8996.0
2003-08-18,382775.0,47.7,8996.0
2003-08-19,382775.0,47.7,8996.0
2003-08-20,382775.0,47.7,8996.0
2003-08-21,382775.0,47.7,8996.0
2003-08-22,382775.0,47.7,8996.0
2003-08-23,382775.0,47.7,8996.0
2003-08-24,382775.0,47.7,8996.0
2003-08-25,382775.0,47.7,8996.0
2003-08-26,382775.0,47.7,8996.0
2003-08-27,382775.0,47.7,8996.0
2003-08-28,382775.0,47.7,8996.0
2003-08-29,382775.0,47.7,8996.0
2003-08-30,382775.0,47.7,8996.0
2003-08-31,382775.0,47.7,8996.0
2003-09-01,382775.0,47.7,8996.0
2003-09-02,382775.0,47.7,8996.0
2003-09-03,382775.0,47.7,8996.0
2003-09-04,382775.0,47.7,8996.0
2003-09-05,382775.0,47.7,8996.0
2003-09-06,382775.0,47.7,8996.0
2003-09-07,382775.0,47.7,8996.0
2003-09-08,382775.0,47.7,8996.0
2003-09-09,382775.0,47.7,8996.0
2003-09-10,382775.0,47.7,8996.0
2003-09-11,382775.0,47.7,8996.0
2003-09-12,382775.0,47.7,8996.0
2003-09-13,382775.0,47.7,8996.0
2003-09-14,382775.0,47.7,8996.0
2003-09-15,382775.0,47.7,8996.0
2003-09-16,382775.0,47.7,8996.0
2003-09-17,382775.0,47.7,8996.0
2003-09-18,382775.0,47.7,8996.0
2003-09-19,382775.0,47.7,8996.0
2003-09-20,382775.0,47.7,8996.0
2003-09-21,382775.0,47.7,8996.0
2003-09-22,382775.0,47.7,8996.0
2003-09-23,382775.0,47.7,8996.0
2003-09-24,382775.0,47.7,8996.0
2003-09-25,382775.0,47.7,8996.0
2003-09-26,382775.0,47.7,8996.0
2003-09-27,382775.0,47.7,8996.0
2003-09-28,382775.0,47.7,8996.0
2003-09-29,382775.0,47.7,8996.0
2003-09-30,382775.0,47.7,8996.0
2003-10-01,382775.0,47.7,8996.0
2003-10-02,382775.0,47.7,8996.0
2003-10-03,382775.0,47.7,8996.0
2003-10-04,382775.0,47.7,8996.0
2003-10-05,382775.0,47.7,8996.0
2003-10-06,382775.0,47.7,8996.0
2003-10-07,382775.0,47.7,8996.0
2003-10-08,382775.0,47.7,8996.0
2003-10-09,382775.0,47.7,8996.0
2003-10-10,382775.0,47.7,8996.0
2003-10-11,382775.0,47.7,8996.0
2003-10-12,382775.0,47.7,8996.0
2003-10-13,382775.0,47.7,8996.0
2003-10-14,382775.0,47.7,8996.0
2003-10-15,382775.0,47.7,8996.0
2003-10-16,382775.0,47.7,8996.0
2003-10-17,382775.0,47.7,8996.0
2003-10-18,382775.0,47.7,8996.0
2003-10-19,382775.0,47.7,8996.0
2003-10-20,382775.0,47.7,8996.0
2003-10-21,382775.0,47.7,8996.0
2003-10-22,382775.0,47.7,8996.0
2003-10-23,382775.0,47.7,8996.0
2003-10-24,382775.0,47.7,8996.0
2003-10-25,382775.0,47.7,8996.0
2003-10-26,382775.0,47.7,8996.0
2003-10-27,382775.0,47.7,8996.0
2003-10-28,382775.0,47.7,8996.0
2003-10-29,382775.0,47.7,8996.0
2003-10-30,382775.0,47.7,8996.0
2003-10-31,382775.0,47.7,8996.0
2003-11-01,382775.0,47.7,8996.0
2003-11-02,382775.0,47.7,8996.0
2003-11-03,382775.0,47.7,8996.0
2003-11-04,382775.0,47.7,8996.0
2003-11-05,382775.0,47.7,8996.0
2003-11-06,382775.0,47.7,8996.0
2003-11-07,382775.0,47.7,8996.0
2003-11-08,382775.0,47.7,8996.0
2003-11-09,382775.0,47.7,8996.0
2003-11-10,382775.0,47.7,8996.0
2003-11-11,382775.0,47.7,8996.0
2003-11-12,382775.0,47.7,8996.0
2003-11-13,382775.0,47.7,8996.0
2003-11-14,382775.0,47.7,8996.0
2003-11-15,382775.0,47.7,8996.0
2003-11-16,382775.0,47.7,8996.0
2003-11-17,382775.0,47.7,8996.0
2003-11-18,382775.0,47.7,8996.0
2003-11-19,382775.0,47.7,8996.0
2003-11-20,382775.0,47.7,8996.0
2003-11-21,382775.0,47.7,8996.0
2003-11-22,382775.0,47.7,8996.0
2003-11-23,382775.0,47.7,8996.0
2003-11-24,382775.0,47.7,8996.0
2003-11-25,382775.0,47.7,8996.0
2003-11-26,382775.0,47.7,8996.0
2003-11-27,382775.0,47.7,8996.0
2003-11-28,382775.0,47.7,8996.0
2003-11-29,382775.0,47.7,8996.0
2003-11-30,382775.0,47.7,8996.0
2003-12-01,382775.0,47.7,8996.0
2003-12-02,382775.0,47.7,8996.0
2003-12-03,382775.0,47.7,8996.0
2003-12-04,382775.0,47.7,8996.0
2003-12-05,382775.0,47.7,8996.0
2003-12-06,382775.0,47.7,8996.0
2003-12-07,382775.0,47.7,8996.0
2003-12-08,382775.0,47.7,8996.0
2003-12-09,382775.0,47.7,8996.0
2003-12-10,382775.0,47.7,8996.0
2003-12-11,382775.0,47.7,8996.0
2003-12-12,382775.0,47.7,8996.0
2003-12-13,382775.0,47.7,8996.0
2003-12-14,382775.0,47.7,8996.0
2003-12-15,382775.0,47.7,8996.0
2003-12-16,382775.0,47.7,8996.0
2003-12-17,382775.0,47.7,8996.0
2003-12-18,382775.0,47.7,8996.0
2003-12-19,382775.0,47.7,8996.0
2003-12-20,382775.0,47.7,8996.0
2003-12-21,382775.0,47.7,8996.0
2003-12-22,382775.0,47.7,8996.0
2003-12-23,382775.0,47.7,8996.0
2003-12-24,382775.0,47.7,8996.0
2003-12-25,382775.0,47.7,8996.0
2003-12-26,382775.0,47.7,8996.0
2003-12-27,382775.0,47.7,8996.0
2003-12-28,382775.0,47.7,8996.0
2003-12-29,382775.0,47.7,8996.0
2003-12-30,382775.0,47.7,8996.0
2003-12-31,382775.0,47.7,8996.0
2004-01-01,389888.0,45.4,9005.0
2004-01-02,389888.0,45.4,9005.0
2004-01-03,389888.0,45.4,9005.0
2004-01-04,389888.0,45.4,9005.0
2004-01-05,389888.0,45.4,9005.0
2004-01-06,389888.0,45.4,9005.0
2004-01-07,389888.0,45.4,9005.0
2004-01-08,389888.0,45.4,9005.0
2004-01-09,389888.0,45.4,9005.0
2004-01-10,389888.0,45.4,9005.0
2004-01-11,389888.0,45.4,9005.0
2004-01-12,389888.0,45.4,9005.0
2004-01-13,389888.0,45.4,9005.0
2004-01-14,389888.0,45.4,9005.0
2004-01-15,389888.0,45.4,9005.0
2004-01-16,389888.0,45.4,9005.0
2004-01-17,389888.0,45.4,9005.0
2004-01-18,389888.0,45.4,9005.0
2004-01-19,389888.0,45.4,9005.0
2004-01-20,389888.0,45.4,9005.0
2004-01-21,389888.0,45.4,9005.0
2004-01-22,389888.0,45.4,9005.0
2004-01-23,389888.0,45.4,9005.0
2004-01-24,389888.0,45.4,9005.0
2004-01-25,389888.0,45.4,9005.0
2004-01-26,389888.0,45.4,9005.0
2004-01-27,389888.0,45.4,9005.0
2004-01-28,389888.0,45.4,9005.0
2004-01-29,389888.0,45.4,9005.0
2004-01-30,389888.0,45.4,9005.0
2004-01-31,389888.0,45.4,9005.0
2004-02-01,389888.0,45.4,9005.0
2004-02-02,389888.0,45.4,9005.0
2004-02-03,389888.0,45.4,9005.0
2004-02-04,389888.0,45.4,9005.0
2004-02-05,389888.0,45.4,9005.0
2004-02-06,389888.0,45.4,9005.0
2004-02-07,389888.0,45.4,9005.0
2004-02-08,389888.0,45.4,9005.0
2004-02-09,389888.0,45.4,9005.0
2004-02-10,389888.0,45.4,9005.0
2004-02-11,389888.0,45.4,9005.0
2004-02-12,389888.0,45.4,9005.0
2004-02-13,389888.0,45.4,9005.0
2004-02-14,389888.0,45.4,9005.0
2004-02-15,389888.0,45.4,9005.0
2004-02-16,389888.0,45.4,9005.0
2004-02-17,389888.0,45.4,9005.0
2004-02-18,389888.0,45.4,9005.0
2004-02-19,389888.0,45.4,9005.0
2004-02-20,389888.0,45.4,9005.0
2004-02-21,389888.0,45.4,9005.0
2004-02-22,389888.0,45.4,9005.0
2004-02-23,389888.0,45.4,9005.0
2004-02-24,389888.0,45.4,9005.0
2004-02-25,389888.0,45.4,9005.0
2004-02-26,389888.0,45.4,9005.0
2004-02-27,389888.0,45.4,9005.0
2004-02-28,389888.0,45.4,9005.0
2004-02-29,389888.0,45.4,9005.0
2004-03-01,389888.0,45.4,9005.0
2004-03-02,389888.0,45.4,9005.0
2004-03-03,389888.0,45.4,9005.0
2004-03-04,389888.0,45.4,9005.0
2004-03-05,389888.0,45.4,9005.0
2004-03-06,389888.0,45.4,9005.0
2004-03-07,389888.0,45.4,9005.0
2004-03-08,389888.0,45.4,9005.0
2004-03-09,389888.0,45.4,9005.0
2004-03-10,389888.0,45.4,9005.0
2004-03-11,389888.0,45.4,9005.0
2004-03-12,389888.0,45.4,9005.0
2004-03-13,389888.0,45.4,9005.0
2004-03-14,389888.0,45.4,9005.0
2004-03-15,389888.0,45.4,9005.0
2004-03-16,389888.0,45.4,9005.0
2004-03-17,389888.0,45.4,9005.0
2004-03-18,389888.0,45.4,9005.0
2004-03-19,389888.0,45.4,9005.0
2004-03-20,389888.0,45.4,9005.0
2004-03-21,389888.0,45.4,9005.0
2004-03-22,389888.0,45.4,9005.0
2004-03-23,389888.0,45.4,9005.0
2004-03-24,389888.0,45.4,9005.0
2004-03-25,389888.0,45.4,9005.0
2004-03-26,389888.0,45.4,9005.0
2004-03-27,389888.0,45.4,9005.0
2004-03-28,389888.0,45.4,9005.0
2004-03-29,389888.0,45.4,9005.0
2004-03-30,389888.0,45.4,9005.0
2004-03-31,389888.0,45.4,9005.0
2004-04-01,389888.0,45.4,9005.0
2004-04-02,389888.0,45.4,9005.0
2004-04-03,389888.0,45.4,9005.0
2004-04-04,389888.0,45.4,9005.0
2004-04-05,389888.0,45.4,9005.0
2004-04-06,389888.0,45.4,9005.0
2004-04-07,389888.0,45.4,9005.0
2004-04-08,389888.0,45.4,9005.0
2004-04-09,389888.0,45.4,9005.0
2004-04-10,389888.0,45.4,9005.0
2004-04-11,389888.0,45.4,9005.0
2004-04-12,389888.0,45.4,9005.0
2004-04-13,389888.0,45.4,9005.0
2004-04-14,389888.0,45.4,9005.0
2004-04-15,389888.0,45.4,9005.0
2004-04-16,389888.0,45.4,9005.0
2004-04-17,389888.0,45.4,9005.0
2004-04-18,389888.0,45.4,9005.0
2004-04-19,389888.0,45.4,9005.0
2004-04-20,389888.0,45.4,9005.0
2004-04-21,389888.0,45.4,9005.0
2004-04-22,389888.0,45.4,9005.0
2004-04-23,389888.0,45.4,9005.0
2004-04-24,389888.0,45.4,9005.0
2004-04-25,389888.0,45.4,9005.0
2004-04-26,389888.0,45.4,9005.0
2004-04-27,389888.0,45.4,9005.0
2004-04-28,389888.0,45.4,9005.0
2004-04-29,389888.0,45.4,9005.0
2004-04-30,389888.0,45.4,9005.0
2004-05-01,389888.0,45.4,9005.0
2004-05-02,389888.0,45.4,9005.0
2004-05-03,389888.0,45.4,9005.0
2004-05-04,389888.0,45.4,9005.0
2004-05-05,389888.0,45.4,9005.0
2004-05-06,389888.0,45.4,9005.0
2004-05-07,389888.0,45.4,9005.0
2004-05-08,389888.0,45.4,9005.0
2004-05-09,389888.0,45.4,9005.0
2004-05-10,389888.0,45.4,9005.0
2004-05-11,389888.0,45.4,9005.0
2004-05-12,389888.0,45.4,9005.0
2004-05-13,389888.0,45.4,9005.0
2004-05-14,389888.0,45.4,9005.0
2004-05-15,389888.0,45.4,9005.0
2004-05-16,389888.0,45.4,9005.0
2004-05-17,389888.0,45.4,9005.0
2004-05-18,389888.0,45.4,9005.0
2004-05-19,389888.0,45.4,9005.0
2004-05-20,389888.0,45.4,9005.0
2004-05-21,389888.0,45.4,9005.0
2004-05-22,389888.0,45.4,9005.0
2004-05-23,389888.0,45.4,9005.0
2004-05-24,389888.0,45.4,9005.0
2004-05-25,389888.0,45.4,9005.0
2004-05-26,389888.0,45.4,9005.0
2004-05-27,389888.0,45.4,9005.0
2004-05-28,389888.0,45.4,9005.0
2004-05-29,389888.0,45.4,9005.0
2004-05-30,389888.0,45.4,9005.0
2004-05-31,389888.0,45.4,9005.0
2004-06-01,389888.0,45.4,9005.0
2004-06-02,389888.0,45.4,9005.0
2004-06-03,389888.0,45.4,9005.0
2004-06-04,389888.0,45.4,9005.0
2004-06-05,389888.0,45.4,9005.0
2004-06-06,389888.0,45.4,9005.0
2004-06-07,389888.0,45.4,9005.0
2004-06-08,389888.0,45.4,9005.0
2004-06-09,389888.0,45.4,9005.0
2004-06-10,389888.0,45.4,9005.0
2004-06-11,389888.0,45.4,9005.0
2004-06-12,389888.0,45.4,9005.0
2004-06-13,389888.0,45.4,9005.0
2004-06-14,389888.0,45.4,9005.0
2004-06-15,389888.0,45.4,9005.0
2004-06-16,389888.0,45.4,9005.0
2004-06-17,389888.0,45.4,9005.0
2004-06-18,389888.0,45.4,9005.0
2004-06-19,389888.0,45.4,9005.0
2004-06-20,389888.0,45.4,9005.0
2004-06-21,389888.0,45.4,9005.0
2004-06-22,389888.0,45.4,9005.0
2004-06-23,389888.0,45.4,9005.0
2004-06-24,389888.0,45.4,9005.0
2004-06-25,389888.0,45.4,9005.0
2004-06-26,389888.0,45.4,9005.0
2004-06-27,389888.0,45.4,9005.0
2004-06-28,389888.0,45.4,9005.0
2004-06-29,389888.0,45.4,9005.0
2004-06-30,389888.0,45.4,9005.0
2004-07-01,389888.0,45.4,9005.0
2004-07-02,389888.0,45.4,9005.0
2004-07-03,389888.0,45.4,9005.0
2004-07-04,389888.0,45.4,9005.0
2004-07-05,389888.0,45.4,9005.0
2004-07-06,389888.0,45.4,9005.0
2004-07-07,389888.0,45.4,9005.0
2004-07-08,389888.0,45.4,9005.0
2004-07-09,389888.0,45.4,9005.0
2004-07-10,389888.0,45.4,9005.0
2004-07-11,389888.0,45.4,9005.0
2004-07-12,389888.0,45.4,9005.0
2004-07-13,389888.0,45.4,9005.0
2004-07-14,389888.0,45.4,9005.0
2004-07-15,389888.0,45.4,9005.0
2004-07-16,389888.0,45.4,9005.0
2004-07-17,389888.0,45.4,9005.0
2004-07-18,389888.0,45.4,9005.0
2004-07-19,389888.0,45.4,9005.0
2004-07-20,389888.0,45.4,9005.0
2004-07-21,389888.0,45.4,9005.0
2004-07-22,389888.0,45.4,9005.0
2004-07-23,389888.0,45.4,9005.0
2004-07-24,389888.0,45.4,9005.0
2004-07-25,389888.0,45.4,9005.0
2004-07-26,389888.0,45.4,9005.0
2004-07-27,389888.0,45.4,9005.0
2004-07-28,389888.0,45.4,9005.0
2004-07-29,389888.0,45.4,9005.0
2004-07-30,389888.0,45.4,9005.0
2004-07-31,389888.0,45.4,9005.0
2004-08-01,389888.0,45.4,9005.0
2004-08-02,389888.0,45.4,9005.0
2004-08-03,389888.0,45.4,9005.0
2004-08-04,389888.0,45.4,9005.0
2004-08-05,389888.0,45.4,9005.0
2004-08-06,389888.0,45.4,9005.0
2004-08-07,389888.0,45.4,9005.0
2004-08-08,389888.0,45.4,9005.0
2004-08-09,389888.0,45.4,9005.0
2004-08-10,389888.0,45.4,9005.0
2004-08-11,389888.0,45.4,9005.0
2004-08-12,389888.0,45.4,9005.0
2004-08-13,389888.0,45.4,9005.0
2004-08-14,389888.0,45.4,9005.0
2004-08-15,389888.0,45.4,9005.0
2004-08-16,389888.0,45.4,9005.0
2004-08-17,389888.0,45.4,9005.0
2004-08-18,389888.0,45.4,9005.0
2004-08-19,389888.0,45.4,9005.0
2004-08-20,389888.0,45.4,9005.0
2004-08-21,389888.0,45.4,9005.0
2004-08-22,389888.0,45.4,9005.0
2004-08-23,389888.0,45.4,9005.0
2004-08-24,389888.0,45.4,9005.0
2004-08-25,389888.0,45.4,9005.0
2004-08-26,389888.0,45.4,9005.0
2004-08-27,389888.0,45.4,9005.0
2004-08-28,389888.0,45.4,9005.0
2004-08-29,389888.0,45.4,9005.0
2004-08-30,389888.0,45.4,9005.0
2004-08-31,389888.0,45.4,9005.0
2004-09-01,389888.0,45.4,9005.0
2004-09-02,389888.0,45.4,9005.0
2004-09-03,389888.0,45.4,9005.0
2004-09-04,389888.0,45.4,9005.0
2004-09-05,389888.0,45.4,9005.0
2004-09-06,389888.0,45.4,9005.0
2004-09-07,389888.0,45.4,9005.0
2004-09-08,389888.0,45.4,9005.0
2004-09-09,389888.0,45.4,9005.0
2004-09-10,389888.0,45.4,9005.0
2004-09-11,389888.0,45.4,9005.0
2004-09-12,389888.0,45.4,9005.0
2004-09-13,389888.0,45.4,9005.0
2004-09-14,389888.0,45.4,9005.0
2004-09-15,389888.0,45.4,9005.0
2004-09-16,389888.0,45.4,9005.0
2004-09-17,389888.0,45.4,9005.0
2004-09-18,389888.0,45.4,9005.0
2004-09-19,389888.0,45.4,9005.0
2004-09-20,389888.0,45.4,9005.0
2004-09-21,389888.0,45.4,9005.0
2004-09-22,389888.0,45.4,9005.0
2004-09-23,389888.0,45.4,9005.0
2004-09-24,389888.0,45.4,9005.0
2004-09-25,389888.0,45.4,9005.0
2004-09-26,389888.0,45.4,9005.0
2004-09-27,389888.0,45.4,9005.0
2004-09-28,389888.0,45.4,9005.0
2004-09-29,389888.0,45.4,9005.0
2004-09-30,389888.0,45.4,9005.0
2004-10-01,389888.0,45.4,9005.0
2004-10-02,389888.0,45.4,9005.0
2004-10-03,389888.0,45.4,9005.0
2004-10-04,389888.0,45.4,9005.0
2004-10-05,389888.0,45.4,9005.0
2004-10-06,389888.0,45.4,9005.0
2004-10-07,389888.0,45.4,9005.0
2004-10-08,389888.0,45.4,9005.0
2004-10-09,389888.0,45.4,9005.0
2004-10-10,389888.0,45.4,9005.0
2004-10-11,389888.0,45.4,9005.0
2004-10-12,389888.0,45.4,9005.0
2004-10-13,389888.0,45.4,9005.0
2004-10-14,389888.0,45.4,9005.0
2004-10-15,389888.0,45.4,9005.0
2004-10-16,389888.0,45.4,9005.0
2004-10-17,389888.0,45.4,9005.0
2004-10-18,389888.0,45.4,9005.0
2004-10-19,389888.0,45.4,9005.0
2004-10-20,389888.0,45.4,9005.0
2004-10-21,389888.0,45.4,9005.0
2004-10-22,389888.0,45.4,9005.0
2004-10-23,389888.0,45.4,9005.0
2004-10-24,389888.0,45.4,9005.0
2004-10-25,389888.0,45.4,9005.0
2004-10-26,389888.0,45.4,9005.0
2004-10-27,389888.0,45.4,9005.0
2004-10-28,389888.0,45.4,9005.0
2004-10-29,389888.0,45.4,9005.0
2004-10-30,389888.0,45.4,9005.0
2004-10-31,389888.0,45.4,9005.0
2004-11-01,389888.0,45.4,9005.0
2004-11-02,389888.0,45.4,9005.0
2004-11-03,389888.0,45.4,9005.0
2004-11-04,389888.0,45.4,9005.0
2004-11-05,389888.0,45.4,9005.0
2004-11-06,389888.0,45.4,9005.0
2004-11-07,389888.0,45.4,9005.0
2004-11-08,389888.0,45.4,9005.0
2004-11-09,389888.0,45.4,9005.0
2004-11-10,389888.0,45.4,9005.0
2004-11-11,389888.0,45.4,9005.0
2004-11-12,389888.0,45.4,9005.0
2004-11-13,389888.0,45.4,9005.0
2004-11-14,389888.0,45.4,9005.0
2004-11-15,389888.0,45.4,9005.0
2004-11-16,389888.0,45.4,9005.0
2004-11-17,389888.0,45.4,9005.0
2004-11-18,389888.0,45.4,9005.0
2004-11-19,389888.0,45.4,9005.0
2004-11-20,389888.0,45.4,9005.0
2004-11-21,389888.0,45.4,9005.0
2004-11-22,389888.0,45.4,9005.0
2004-11-23,389888.0,45.4,9005.0
2004-11-24,389888.0,45.4,9005.0
2004-11-25,389888.0,45.4,9005.0
2004-11-26,389888.0,45.4,9005.0
2004-11-27,389888.0,45.4,9005.0
2004-11-28,389888.0,45.4,9005.0
2004-11-29,389888.0,45.4,9005.0
2004-11-30,389888.0,45.4,9005.0
2004-12-01,389888.0,45.4,9005.0
2004-12-02,389888.0,45.4,9005.0
2004-12-03,389888.0,45.4,9005.0
2004-12-04,389888.0,45.4,9005.0
2004-12-05,389888.0,45.4,9005.0
2004-12-06,389888.0,45.4,9005.0
2004-12-07,389888.0,45.4,9005.0
2004-12-08,389888.0,45.4,9005.0
2004-12-09,389888.0,45.4,9005.0
2004-12-10,389888.0,45.4,9005.0
2004-12-11,389888.0,45.4,9005.0
2004-12-12,389888.0,45.4,9005.0
2004-12-13,389888.0,45.4,9005.0
2004-12-14,389888.0,45.4,9005.0
2004-12-15,389888.0,45.4,9005.0
2004-12-16,389888.0,45.4,9005.0
2004-12-17,389888.0,45.4,9005.0
2004-12-18,389888.0,45.4,9005.0
2004-12-19,389888.0,45.4,9005.0
2004-12-20,389888.0,45.4,9005.0
2004-12-21,389888.0,45.4,9005.0
2004-12-22,389888.0,45.4,9005.0
2004-12-23,389888.0,45.4,9005.0
2004-12-24,389888.0,45.4,9005.0
2004-12-25,389888.0,45.4,9005.0
2004-12-26,389888.0,45.4,9005.0
2004-12-27,389888.0,45.4,9005.0
2004-12-28,389888.0,45.4,9005.0
2004-12-29,389888.0,45.4,9005.0
2004-12-30,389888.0,45.4,9005.0
2004-12-31,389888.0,45.4,9005.0
2005-01-01,393479.0,42.4,8941.0
2005-01-02,393479.0,42.4,8941.0
2005-01-03,393479.0,42.4,8941.0
2005-01-04,393479.0,42.4,8941.0
2005-01-05,393479.0,42.4,8941.0
2005-01-06,393479.0,42.4,8941.0
2005-01-07,393479.0,42.4,8941.0
2005-01-08,393479.0,42.4,8941.0
2005-01-09,393479.0,42.4,8941.0
2005-01-10,393479.0,42.4,8941.0
2005-01-11,393479.0,42.4,8941.0
2005-01-12,393479.0,42.4,8941.0
2005-01-13,393479.0,42.4,8941.0
2005-01-14,393479.0,42.4,8941.0
2005-01-15,393479.0,42.4,8941.0
2005-01-16,393479.0,42.4,8941.0
2005-01-17,393479.0,42.4,8941.0
2005-01-18,393479.0,42.4,8941.0
2005-01-19,393479.0,42.4,8941.0
2005-01-20,393479.0,42.4,8941.0
2005-01-21,393479.0,42.4,8941.0
2005-01-22,393479.0,42.4,8941.0
2005-01-23,393479.0,42.4,8941.0
2005-01-24,393479.0,42.4,8941.0
2005-01-25,393479.0,42.4,8941.0
2005-01-26,393479.0,42.4,8941.0
2005-01-27,393479.0,42.4,8941.0
2005-01-28,393479.0,42.4,8941.0
2005-01-29,393479.0,42.4,8941.0
2005-01-30,393479.0,42.4,8941.0
2005-01-31,393479.0,42.4,8941.0
2005-02-01,393479.0,42.4,8941.0
2005-02-02,393479.0,42.4,8941.0
2005-02-03,393479.0,42.4,8941.0
2005-02-04,393479.0,42.4,8941.0
2005-02-05,393479.0,42.4,8941.0
2005-02-06,393479.0,42.4,8941.0
2005-02-07,393479.0,42.4,8941.0
2005-02-08,393479.0,42.4,8941.0
2005-02-09,393479.0,42.4,8941.0
2005-02-10,393479.0,42.4,8941.0
2005-02-11,393479.0,42.4,8941.0
2005-02-12,393479.0,42.4,8941.0
2005-02-13,393479.0,42.4,8941.0
2005-02-14,393479.0,42.4,8941.0
2005-02-15,393479.0,42.4,8941.0
2005-02-16,393479.0,42.4,8941.0
2005-02-17,393479.0,42.4,8941.0
2005-02-18,393479.0,42.4,8941.0
2005-02-19,393479.0,42.4,8941.0
2005-02-20,393479.0,42.4,8941.0
2005-02-21,393479.0,42.4,8941.0
2005-02-22,393479.0,42.4,8941.0
2005-02-23,393479.0,42.4,8941.0
2005-02-24,393479.0,42.4,8941.0
2005-02-25,393479.0,42.4,8941.0
2005-02-26,393479.0,42.4,8941.0
2005-02-27,393479.0,42.4,8941.0
2005-02-28,393479.0,42.4,8941.0
2005-03-01,393479.0,42.4,8941.0
2005-03-02,393479.0,42.4,8941.0
2005-03-03,393479.0,42.4,8941.0
2005-03-04,393479.0,42.4,8941.0
2005-03-05,393479.0,42.4,8941.0
2005-03-06,393479.0,42.4,8941.0
2005-03-07,393479.0,42.4,8941.0
2005-03-08,393479.0,42.4,8941.0
2005-03-09,393479.0,42.4,8941.0
2005-03-10,393479.0,42.4,8941.0
2005-03-11,393479.0,42.4,8941.0
2005-03-12,393479.0,42.4,8941.0
2005-03-13,393479.0,42.4,8941.0
2005-03-14,393479.0,42.4,8941.0
2005-03-15,393479.0,42.4,8941.0
2005-03-16,393479.0,42.4,8941.0
2005-03-17,393479.0,42.4,8941.0
2005-03-18,393479.0,42.4,8941.0
2005-03-19,393479.0,42.4,8941.0
2005-03-20,393479.0,42.4,8941.0
2005-03-21,393479.0,42.4,8941.0
2005-03-22,393479.0,42.4,8941.0
2005-03-23,393479.0,42.4,8941.0
2005-03-24,393479.0,42.4,8941.0
2005-03-25,393479.0,42.4,8941.0
2005-03-26,393479.0,42.4,8941.0
2005-03-27,393479.0,42.4,8941.0
2005-03-28,393479.0,42.4,8941.0
2005-03-29,393479.0,42.4,8941.0
2005-03-30,393479.0,42.4,8941.0
2005-03-31,393479.0,42.4,8941.0
2005-04-01,393479.0,42.4,8941.0
2005-04-02,393479.0,42.4,8941.0
2005-04-03,393479.0,42.4,8941.0
2005-04-04,393479.0,42.4,8941.0
2005-04-05,393479.0,42.4,8941.0
2005-04-06,393479.0,42.4,8941.0
2005-04-07,393479.0,42.4,8941.0
2005-04-08,393479.0,42.4,8941.0
2005-04-09,393479.0,42.4,8941.0
2005-04-10,393479.0,42.4,8941.0
2005-04-11,393479.0,42.4,8941.0
2005-04-12,393479.0,42.4,8941.0
2005-04-13,393479.0,42.4,8941.0
2005-04-14,393479.0,42.4,8941.0
2005-04-15,393479.0,42.4,8941.0
2005-04-16,393479.0,42.4,8941.0
2005-04-17,393479.0,42.4,8941.0
2005-04-18,393479.0,42.4,8941.0
2005-04-19,393479.0,42.4,8941.0
2005-04-20,393479.0,42.4,8941.0
2005-04-21,393479.0,42.4,8941.0
2005-04-22,393479.0,42.4,8941.0
2005-04-23,393479.0,42.4,8941.0
2005-04-24,393479.0,42.4,8941.0
2005-04-25,393479.0,42.4,8941.0
2005-04-26,393479.0,42.4,8941.0
2005-04-27,393479.0,42.4,8941.0
2005-04-28,393479.0,42.4,8941.0
2005-04-29,393479.0,42.4,8941.0
2005-04-30,393479.0,42.4,8941.0
2005-05-01,393479.0,42.4,8941.0
2005-05-02,393479.0,42.4,8941.0
2005-05-03,393479.0,42.4,8941.0
2005-05-04,393479.0,42.4,8941.0
2005-05-05,393479.0,42.4,8941.0
2005-05-06,393479.0,42.4,8941.0
2005-05-07,393479.0,42.4,8941.0
2005-05-08,393479.0,42.4,8941.0
2005-05-09,393479.0,42.4,8941.0
2005-05-10,393479.0,42.4,8941.0
2005-05-11,393479.0,42.4,8941.0
2005-05-12,393479.0,42.4,8941.0
2005-05-13,393479.0,42.4,8941.0
2005-05-14,393479.0,42.4,8941.0
2005-05-15,393479.0,42.4,8941.0
2005-05-16,393479.0,42.4,8941.0
2005-05-17,393479.0,42.4,8941.0
2005-05-18,393479.0,42.4,8941.0
2005-05-19,393479.0,42.4,8941.0
2005-05-20,393479.0,42.4,8941.0
2005-05-21,393479.0,42.4,8941.0
2005-05-22,393479.0,42.4,8941.0
2005-05-23,393479.0,42.4,8941.0
2005-05-24,393479.0,42.4,8941.0
2005-05-25,393479.0,42.4,8941.0
2005-05-26,393479.0,42.4,8941.0
2005-05-27,393479.0,42.4,8941.0
2005-05-28,393479.0,42.4,8941.0
2005-05-29,393479.0,42.4,8941.0
2005-05-30,393479.0,42.4,8941.0
2005-05-31,393479.0,42.4,8941.0
2005-06-01,393479.0,42.4,8941.0
2005-06-02,393479.0,42.4,8941.0
2005-06-03,393479.0,42.4,8941.0
2005-06-04,393479.0,42.4,8941.0
2005-06-05,393479.0,42.4,8941.0
2005-06-06,393479.0,42.4,8941.0
2005-06-07,393479.0,42.4,8941.0
2005-06-08,393479.0,42.4,8941.0
2005-06-09,393479.0,42.4,8941.0
2005-06-10,393479.0,42.4,8941.0
2005-06-11,393479.0,42.4,8941.0
2005-06-12,393479.0,42.4,8941.0
2005-06-13,393479.0,42.4,8941.0
2005-06-14,393479.0,42.4,8941.0
2005-06-15,393479.0,42.4,8941.0
2005-06-16,393479.0,42.4,8941.0
2005-06-17,393479.0,42.4,8941.0
2005-06-18,393479.0,42.4,8941.0
2005-06-19,393479.0,42.4,8941.0
2005-06-20,393479.0,42.4,8941.0
2005-06-21,393479.0,42.4,8941.0
2005-06-22,393479.0,42.4,8941.0
2005-06-23,393479.0,42.4,8941.0
2005-06-24,393479.0,42.4,8941.0
2005-06-25,393479.0,42.4,8941.0
2005-06-26,393479.0,42.4,8941.0
2005-06-27,393479.0,42.4,8941.0
2005-06-28,393479.0,42.4,8941.0
2005-06-29,393479.0,42.4,8941.0
2005-06-30,393479.0,42.4,8941.0
2005-07-01,393479.0,42.4,8941.0
2005-07-02,393479.0,42.4,8941.0
2005-07-03,393479.0,42.4,8941.0
2005-07-04,393479.0,42.4,8941.0
2005-07-05,393479.0,42.4,8941.0
2005-07-06,393479.0,42.4,8941.0
2005-07-07,393479.0,42.4,8941.0
2005-07-08,393479.0,42.4,8941.0
2005-07-09,393479.0,42.4,8941.0
2005-07-10,393479.0,42.4,8941.0
2005-07-11,393479.0,42.4,8941.0
2005-07-12,393479.0,42.4,8941.0
2005-07-13,393479.0,42.4,8941.0
2005-07-14,393479.0,42.4,8941.0
2005-07-15,393479.0,42.4,8941.0
2005-07-16,393479.0,42.4,8941.0
2005-07-17,393479.0,42.4,8941.0
2005-07-18,393479.0,42.4,8941.0
2005-07-19,393479.0,42.4,8941.0
2005-07-20,393479.0,42.4,8941.0
2005-07-21,393479.0,42.4,8941.0
2005-07-22,393479.0,42.4,8941.0
2005-07-23,393479.0,42.4,8941.0
2005-07-24,393479.0,42.4,8941.0
2005-07-25,393479.0,42.4,8941.0
2005-07-26,393479.0,42.4,8941.0
2005-07-27,393479.0,42.4,8941.0
2005-07-28,393479.0,42.4,8941.0
2005-07-29,393479.0,42.4,8941.0
2005-07-30,393479.0,42.4,8941.0
2005-07-31,393479.0,42.4,8941.0
2005-08-01,393479.0,42.4,8941.0
2005-08-02,393479.0,42.4,8941.0
2005-08-03,393479.0,42.4,8941.0
2005-08-04,393479.0,42.4,8941.0
2005-08-05,393479.0,42.4,8941.0
2005-08-06,393479.0,42.4,8941.0
2005-08-07,393479.0,42.4,8941.0
2005-08-08,393479.0,42.4,8941.0
2005-08-09,393479.0,42.4,8941.0
2005-08-10,393479.0,42.4,8941.0
2005-08-11,393479.0,42.4,8941.0
2005-08-12,393479.0,42.4,8941.0
2005-08-13,393479.0,42.4,8941.0
2005-08-14,393479.0,42.4,8941.0
2005-08-15,393479.0,42.4,8941.0
2005-08-16,393479.0,42.4,8941.0
2005-08-17,393479.0,42.4,8941.0
2005-08-18,393479.0,42.4,8941.0
2005-08-19,393479.0,42.4,8941.0
2005-08-20,393479.0,42.4,8941.0
2005-08-21,393479.0,42.4,8941.0
2005-08-22,393479.0,42.4,8941.0
2005-08-23,393479.0,42.4,8941.0
2005-08-24,393479.0,42.4,8941.0
2005-08-25,393479.0,42.4,8941.0
2005-08-26,393479.0,42.4,8941.0
2005-08-27,393479.0,42.4,8941.0
2005-08-28,393479.0,42.4,8941.0
2005-08-29,393479.0,42.4,8941.0
2005-08-30,393479.0,42.4,8941.0
2005-08-31,393479.0,42.4,8941.0
2005-09-01,393479.0,42.4,8941.0
2005-09-02,393479.0,42.4,8941.0
2005-09-03,393479.0,42.4,8941.0
2005-09-04,393479.0,42.4,8941.0
2005-09-05,393479.0,42.4,8941.0
2005-09-06,393479.0,42.4,8941.0
2005-09-07,393479.0,42.4,8941.0
2005-09-08,393479.0,42.4,8941.0
2005-09-09,393479.0,42.4,8941.0
2005-09-10,393479.0,42.4,8941.0
2005-09-11,393479.0,42.4,8941.0
2005-09-12,393479.0,42.4,8941.0
2005-09-13,393479.0,42.4,8941.0
2005-09-14,393479.0,42.4,8941.0
2005-09-15,393479.0,42.4,8941.0
2005-09-16,393479.0,42.4,8941.0
2005-09-17,393479.0,42.4,8941.0
2005-09-18,393479.0,42.4,8941.0
2005-09-19,393479.0,42.4,8941.0
2005-09-20,393479.0,42.4,8941.0
2005-09-21,393479.0,42.4,8941.0
2005-09-22,393479.0,42.4,8941.0
2005-09-23,393479.0,42.4,8941.0
2005-09-24,393479.0,42.4,8941.0
2005-09-25,393479.0,42.4,8941.0
2005-09-26,393479.0,42.4,8941.0
2005-09-27,393479.0,42.4,8941.0
2005-09-28,393479.0,42.4,8941.0
2005-09-29,393479.0,42.4,8941.0
2005-09-30,393479.0,42.4,8941.0
2005-10-01,393479.0,42.4,8941.0
2005-10-02,393479.0,42.4,8941.0
2005-10-03,393479.0,42.4,8941.0
2005-10-04,393479.0,42.4,8941.0
2005-10-05,393479.0,42.4,8941.0
2005-10-06,393479.0,42.4,8941.0
2005-10-07,393479.0,42.4,8941.0
2005-10-08,393479.0,42.4,8941.0
2005-10-09,393479.0,42.4,8941.0
2005-10-10,393479.0,42.4,8941.0
2005-10-11,393479.0,42.4,8941.0
2005-10-12,393479.0,42.4,8941.0
2005-10-13,393479.0,42.4,8941.0
2005-10-14,393479.0,42.4,8941.0
2005-10-15,393479.0,42.4,8941.0
2005-10-16,393479.0,42.4,8941.0
2005-10-17,393479.0,42.4,8941.0
2005-10-18,393479.0,42.4,8941.0
2005-10-19,393479.0,42.4,8941.0
2005-10-20,393479.0,42.4,8941.0
2005-10-21,393479.0,42.4,8941.0
2005-10-22,393479.0,42.4,8941.0
2005-10-23,393479.0,42.4,8941.0
2005-10-24,393479.0,42.4,8941.0
2005-10-25,393479.0,42.4,8941.0
2005-10-26,393479.0,42.4,8941.0
2005-10-27,393479.0,42.4,8941.0
2005-10-28,393479.0,42.4,8941.0
2005-10-29,393479.0,42.4,8941.0
2005-10-30,393479.0,42.4,8941.0
2005-10-31,393479.0,42.4,8941.0
2005-11-01,393479.0,42.4,8941.0
2005-11-02,393479.0,42.4,8941.0
2005-11-03,393479.0,42.4,8941.0
2005-11-04,393479.0,42.4,8941.0
2005-11-05,393479.0,42.4,8941.0
2005-11-06,393479.0,42.4,8941.0
2005-11-07,393479.0,42.4,8941.0
2005-11-08,393479.0,42.4,8941.0
2005-11-09,393479.0,42.4,8941.0
2005-11-10,393479.0,42.4,8941.0
2005-11-11,393479.0,42.4,8941.0
2005-11-12,393479.0,42.4,8941.0
2005-11-13,393479.0,42.4,8941.0
2005-11-14,393479.0,42.4,8941.0
2005-11-15,393479.0,42.4,8941.0
2005-11-16,393479.0,42.4,8941.0
2005-11-17,393479.0,42.4,8941.0
2005-11-18,393479.0,42.4,8941.0
2005-11-19,393479.0,42.4,8941.0
2005-11-20,393479.0,42.4,8941.0
2005-11-21,393479.0,42.4,8941.0
2005-11-22,393479.0,42.4,8941.0
2005-11-23,393479.0,42.4,8941.0
2005-11-24,393479.0,42.4,8941.0
2005-11-25,393479.0,42.4,8941.0
2005-11-26,393479.0,42.4,8941.0
2005-11-27,393479.0,42.4,8941.0
2005-11-28,393479.0,42.4,8941.0
2005-11-29,393479.0,42.4,8941.0
2005-11-30,393479.0,42.4,8941.0
2005-12-01,393479.0,42.4,8941.0
2005-12-02,393479.0,42.4,8941.0
2005-12-03,393479.0,42.4,8941.0
2005-12-04,393479.0,42.4,8941.0
2005-12-05,393479.0,42.4,8941.0
2005-12-06,393479.0,42.4,8941.0
2005-12-07,393479.0,42.4,8941.0
2005-12-08,393479.0,42.4,8941.0
2005-12-09,393479.0,42.4,8941.0
2005-12-10,393479.0,42.4,8941.0
2005-12-11,393479.0,42.4,8941.0
2005-12-12,393479.0,42.4,8941.0
2005-12-13,393479.0,42.4,8941.0
2005-12-14,393479.0,42.4,8941.0
2005-12-15,393479.0,42.4,8941.0
2005-12-16,393479.0,42.4,8941.0
2005-12-17,393479.0,42.4,8941.0
2005-12-18,393479.0,42.4,8941.0
2005-12-19,393479.0,42.4,8941.0
2005-12-20,393479.0,42.4,8941.0
2005-12-21,393479.0,42.4,8941.0
2005-12-22,393479.0,42.4,8941.0
2005-12-23,393479.0,42.4,8941.0
2005-12-24,393479.0,42.4,8941.0
2005-12-25,393479.0,42.4,8941.0
2005-12-26,393479.0,42.4,8941.0
2005-12-27,393479.0,42.4,8941.0
2005-12-28,393479.0,42.4,8941.0
2005-12-29,393479.0,42.4,8941.0
2005-12-30,393479.0,42.4,8941.0
2005-12-31,393479.0,42.4,8941.0
2006-01-01,392132.0,39.1,8756.0
2006-01-02,392132.0,39.1,8756.0
2006-01-03,392132.0,39.1,8756.0
2006-01-04,392132.0,39.1,8756.0
2006-01-05,392132.0,39.1,8756.0
2006-01-06,392132.0,39.1,8756.0
2006-01-07,392132.0,39.1,8756.0
2006-01-08,392132.0,39.1,8756.0
2006-01-09,392132.0,39.1,8756.0
2006-01-10,392132.0,39.1,8756.0
2006-01-11,392132.0,39.1,8756.0
2006-01-12,392132.0,39.1,8756.0
2006-01-13,392132.0,39.1,8756.0
2006-01-14,392132.0,39.1,8756.0
2006-01-15,392132.0,39.1,8756.0
2006-01-16,392132.0,39.1,8756.0
2006-01-17,392132.0,39.1,8756.0
2006-01-18,392132.0,39.1,8756.0
2006-01-19,392132.0,39.1,8756.0
2006-01-20,392132.0,39.1,8756.0
2006-01-21,392132.0,39.1,8756.0
2006-01-22,392132.0,39.1,8756.0
2006-01-23,392132.0,39.1,8756.0
2006-01-24,392132.0,39.1,8756.0
2006-01-25,392132.0,39.1,8756.0
2006-01-26,392132.0,39.1,8756.0
2006-01-27,392132.0,39.1,8756.0
2006-01-28,392132.0,39.1,8756.0
2006-01-29,392132.0,39.1,8756.0
2006-01-30,392132.0,39.1,8756.0
2006-01-31,392132.0,39.1,8756.0
2006-02-01,392132.0,39.1,8756.0
2006-02-02,392132.0,39.1,8756.0
2006-02-03,392132.0,39.1,8756.0
2006-02-04,392132.0,39.1,8756.0
2006-02-05,392132.0,39.1,8756.0
2006-02-06,392132.0,39.1,8756.0
2006-02-07,392132.0,39.1,8756.0
2006-02-08,392132.0,39.1,8756.0
2006-02-09,392132.0,39.1,8756.0
2006-02-10,392132.0,39.1,8756.0
2006-02-11,392132.0,39.1,8756.0
2006-02-12,392132.0,39.1,8756.0
2006-02-13,392132.0,39.1,8756.0
2006-02-14,392132.0,39.1,8756.0
2006-02-15,392132.0,39.1,8756.0
2006-02-16,392132.0,39.1,8756.0
2006-02-17,392132.0,39.1,8756.0
2006-02-18,392132.0,39.1,8756.0
2006-02-19,392132.0,39.1,8756.0
2006-02-20,392132.0,39.1,8756.0
2006-02-21,392132.0,39.1,8756.0
2006-02-22,392132.0,39.1,8756.0
2006-02-23,392132.0,39.1,8756.0
2006-02-24,392132.0,39.1,8756.0
2006-02-25,392132.0,39.1,8756.0
2006-02-26,392132.0,39.1,8756.0
2006-02-27,392132.0,39.1,8756.0
2006-02-28,392132.0,39.1,8756.0
2006-03-01,392132.0,39.1,8756.0
2006-03-02,392132.0,39.1,8756.0
2006-03-03,392132.0,39.1,8756.0
2006-03-04,392132.0,39.1,8756.0
2006-03-05,392132.0,39.1,8756.0
2006-03-06,392132.0,39.1,8756.0
2006-03-07,392132.0,39.1,8756.0
2006-03-08,392132.0,39.1,8756.0
2006-03-09,392132.0,39.1,8756.0
2006-03-10,392132.0,39.1,8756.0
2006-03-11,392132.0,39.1,8756.0
2006-03-12,392132.0,39.1,8756.0
2006-03-13,392132.0,39.1,8756.0
2006-03-14,392132.0,39.1,8756.0
2006-03-15,392132.0,39.1,8756.0
2006-03-16,392132.0,39.1,8756.0
2006-03-17,392132.0,39.1,8756.0
2006-03-18,392132.0,39.1,8756.0
2006-03-19,392132.0,39.1,8756.0
2006-03-20,392132.0,39.1,8756.0
2006-03-21,392132.0,39.1,8756.0
2006-03-22,392132.0,39.1,8756.0
2006-03-23,392132.0,39.1,8756.0
2006-03-24,392132.0,39.1,8756.0
2006-03-25,392132.0,39.1,8756.0
2006-03-26,392132.0,39.1,8756.0
2006-03-27,392132.0,39.1,8756.0
2006-03-28,392132.0,39.1,8756.0
2006-03-29,392132.0,39.1,8756.0
2006-03-30,392132.0,39.1,8756.0
2006-03-31,392132.0,39.1,8756.0
2006-04-01,392132.0,39.1,8756.0
2006-04-02,392132.0,39.1,8756.0
2006-04-03,392132.0,39.1,8756.0
2006-04-04,392132.0,39.1,8756.0
2006-04-05,392132.0,39.1,8756.0
2006-04-06,392132.0,39.1,8756.0
2006-04-07,392132.0,39.1,8756.0
2006-04-08,392132.0,39.1,8756.0
2006-04-09,392132.0,39.1,8756.0
2006-04-10,392132.0,39.1,8756.0
2006-04-11,392132.0,39.1,8756.0
2006-04-12,392132.0,39.1,8756.0
2006-04-13,392132.0,39.1,8756.0
2006-04-14,392132.0,39.1,8756.0
2006-04-15,392132.0,39.1,8756.0
2006-04-16,392132.0,39.1,8756.0
2006-04-17,392132.0,39.1,8756.0
2006-04-18,392132.0,39.1,8756.0
2006-04-19,392132.0,39.1,8756.0
2006-04-20,392132.0,39.1,8756.0
2006-04-21,392132.0,39.1,8756.0
2006-04-22,392132.0,39.1,8756.0
2006-04-23,392132.0,39.1,8756.0
2006-04-24,392132.0,39.1,8756.0
2006-04-25,392132.0,39.1,8756.0
2006-04-26,392132.0,39.1,8756.0
2006-04-27,392132.0,39.1,8756.0
2006-04-28,392132.0,39.1,8756.0
2006-04-29,392132.0,39.1,8756.0
2006-04-30,392132.0,39.1,8756.0
2006-05-01,392132.0,39.1,8756.0
2006-05-02,392132.0,39.1,8756.0
2006-05-03,392132.0,39.1,8756.0
2006-05-04,392132.0,39.1,8756.0
2006-05-05,392132.0,39.1,8756.0
2006-05-06,392132.0,39.1,8756.0
2006-05-07,392132.0,39.1,8756.0
2006-05-08,392132.0,39.1,8756.0
2006-05-09,392132.0,39.1,8756.0
2006-05-10,392132.0,39.1,8756.0
2006-05-11,392132.0,39.1,8756.0
2006-05-12,392132.0,39.1,8756.0
2006-05-13,392132.0,39.1,8756.0
2006-05-14,392132.0,39.1,8756.0
2006-05-15,392132.0,39.1,8756.0
2006-05-16,392132.0,39.1,8756.0
2006-05-17,392132.0,39.1,8756.0
2006-05-18,392132.0,39.1,8756.0
2006-05-19,392132.0,39.1,8756.0
2006-05-20,392132.0,39.1,8756.0
2006-05-21,392132.0,39.1,8756.0
2006-05-22,392132.0,39.1,8756.0
2006-05-23,392132.0,39.1,8756.0
2006-05-24,392132.0,39.1,8756.0
2006-05-25,392132.0,39.1,8756.0
2006-05-26,392132.0,39.1,8756.0
2006-05-27,392132.0,39.1,8756.0
2006-05-28,392132.0,39.1,8756.0
2006-05-29,392132.0,39.1,8756.0
2006-05-30,392132.0,39.1,8756.0
2006-05-31,392132.0,39.1,8756.0
2006-06-01,392132.0,39.1,8756.0
2006-06-02,392132.0,39.1,8756.0
2006-06-03,392132.0,39.1,8756.0
2006-06-04,392132.0,39.1,8756.0
2006-06-05,392132.0,39.1,8756.0
2006-06-06,392132.0,39.1,8756.0
2006-06-07,392132.0,39.1,8756.0
2006-06-08,392132.0,39.1,8756.0
2006-06-09,392132.0,39.1,8756.0
2006-06-10,392132.0,39.1,8756.0
2006-06-11,392132.0,39.1,8756.0
2006-06-12,392132.0,39.1,8756.0
2006-06-13,392132.0,39.1,8756.0
2006-06-14,392132.0,39.1,8756.0
2006-06-15,392132.0,39.1,8756.0
2006-06-16,392132.0,39.1,8756.0
2006-06-17,392132.0,39.1,8756.0
2006-06-18,392132.0,39.1,8756.0
2006-06-19,392132.0,39.1,8756.0
2006-06-20,392132.0,39.1,8756.0
2006-06-21,392132.0,39.1,8756.0
2006-06-22,392132.0,39.1,8756.0
2006-06-23,392132.0,39.1,8756.0
2006-06-24,392132.0,39.1,8756.0
2006-06-25,392132.0,39.1,8756.0
2006-06-26,392132.0,39.1,8756.0
2006-06-27,392132.0,39.1,8756.0
2006-06-28,392132.0,39.1,8756.0
2006-06-29,392132.0,39.1,8756.0
2006-06-30,392132.0,39.1,8756.0
2006-07-01,392132.0,39.1,8756.0
2006-07-02,392132.0,39.1,8756.0
2006-07-03,392132.0,39.1,8756.0
2006-07-04,392132.0,39.1,8756.0
2006-07-05,392132.0,39.1,8756.0
2006-07-06,392132.0,39.1,8756.0
2006-07-07,392132.0,39.1,8756.0
2006-07-08,392132.0,39.1,8756.0
2006-07-09,392132.0,39.1,8756.0
2006-07-10,392132.0,39.1,8756.0
2006-07-11,392132.0,39.1,8756.0
2006-07-12,392132.0,39.1,8756.0
2006-07-13,392132.0,39.1,8756.0
2006-07-14,392132.0,39.1,8756.0
2006-07-15,392132.0,39.1,8756.0
2006-07-16,392132.0,39.1,8756.0
2006-07-17,392132.0,39.1,8756.0
2006-07-18,392132.0,39.1,8756.0
2006-07-19,392132.0,39.1,8756.0
2006-07-20,392132.0,39.1,8756.0
2006-07-21,392132.0,39.1,8756.0
2006-07-22,392132.0,39.1,8756.0
2006-07-23,392132.0,39.1,8756.0
2006-07-24,392132.0,39.1,8756.0
2006-07-25,392132.0,39.1,8756.0
2006-07-26,392132.0,39.1,8756.0
2006-07-27,392132.0,39.1,8756.0
2006-07-28,392132.0,39.1,8756.0
2006-07-29,392132.0,39.1,8756.0
2006-07-30,392132.0,39.1,8756.0
2006-07-31,392132.0,39.1,8756.0
2006-08-01,392132.0,39.1,8756.0
2006-08-02,392132.0,39.1,8756.0
2006-08-03,392132.0,39.1,8756.0
2006-08-04,392132.0,39.1,8756.0
2006-08-05,392132.0,39.1,8756.0
2006-08-06,392132.0,39.1,8756.0
2006-08-07,392132.0,39.1,8756.0
2006-08-08,392132.0,39.1,8756.0
2006-08-09,392132.0,39.1,8756.0
2006-08-10,392132.0,39.1,8756.0
2006-08-11,392132.0,39.1,8756.0
2006-08-12,392132.0,39.1,8756.0
2006-08-13,392132.0,39.1,8756.0
2006-08-14,392132.0,39.1,8756.0
2006-08-15,392132.0,39.1,8756.0
2006-08-16,392132.0,39.1,8756.0
2006-08-17,392132.0,39.1,8756.0
2006-08-18,392132.0,39.1,8756.0
2006-08-19,392132.0,39.1,8756.0
2006-08-20,392132.0,39.1,8756.0
2006-08-21,392132.0,39.1,8756.0
2006-08-22,392132.0,39.1,8756.0
2006-08-23,392132.0,39.1,8756.0
2006-08-24,392132.0,39.1,8756.0
2006-08-25,392132.0,39.1,8756.0
2006-08-26,392132.0,39.1,8756.0
2006-08-27,392132.0,39.1,8756.0
2006-08-28,392132.0,39.1,8756.0
2006-08-29,392132.0,39.1,8756.0
2006-08-30,392132.0,39.1,8756.0
2006-08-31,392132.0,39.1,8756.0
2006-09-01,392132.0,39.1,8756.0
2006-09-02,392132.0,39.1,8756.0
2006-09-03,392132.0,39.1,8756.0
2006-09-04,392132.0,39.1,8756.0
2006-09-05,392132.0,39.1,8756.0
2006-09-06,392132.0,39.1,8756.0
2006-09-07,392132.0,39.1,8756.0
2006-09-08,392132.0,39.1,8756.0
2006-09-09,392132.0,39.1,8756.0
2006-09-10,392132.0,39.1,8756.0
2006-09-11,392132.0,39.1,8756.0
2006-09-12,392132.0,39.1,8756.0
2006-09-13,392132.0,39.1,8756.0
2006-09-14,392132.0,39.1,8756.0
2006-09-15,392132.0,39.1,8756.0
2006-09-16,392132.0,39.1,8756.0
2006-09-17,392132.0,39.1,8756.0
2006-09-18,392132.0,39.1,8756.0
2006-09-19,392132.0,39.1,8756.0
2006-09-20,392132.0,39.1,8756.0
2006-09-21,392132.0,39.1,8756.0
2006-09-22,392132.0,39.1,8756.0
2006-09-23,392132.0,39.1,8756.0
2006-09-24,392132.0,39.1,8756.0
2006-09-25,392132.0,39.1,8756.0
2006-09-26,392132.0,39.1,8756.0
2006-09-27,392132.0,39.1,8756.0
2006-09-28,392132.0,39.1,8756.0
2006-09-29,392132.0,39.1,8756.0
2006-09-30,392132.0,39.1,8756.0
2006-10-01,392132.0,39.1,8756.0
2006-10-02,392132.0,39.1,8756.0
2006-10-03,392132.0,39.1,8756.0
2006-10-04,392132.0,39.1,8756.0
2006-10-05,392132.0,39.1,8756.0
2006-10-06,392132.0,39.1,8756.0
2006-10-07,392132.0,39.1,8756.0
2006-10-08,392132.0,39.1,8756.0
2006-10-09,392132.0,39.1,8756.0
2006-10-10,392132.0,39.1,8756.0
2006-10-11,392132.0,39.1,8756.0
2006-10-12,392132.0,39.1,8756.0
2006-10-13,392132.0,39.1,8756.0
2006-10-14,392132.0,39.1,8756.0
2006-10-15,392132.0,39.1,8756.0
2006-10-16,392132.0,39.1,8756.0
2006-10-17,392132.0,39.1,8756.0
2006-10-18,392132.0,39.1,8756.0
2006-10-19,392132.0,39.1,8756.0
2006-10-20,392132.0,39.1,8756.0
2006-10-21,392132.0,39.1,8756.0
2006-10-22,392132.0,39.1,8756.0
2006-10-23,392132.0,39.1,8756.0
2006-10-24,392132.0,39.1,8756.0
2006-10-25,392132.0,39.1,8756.0
2006-10-26,392132.0,39.1,8756.0
2006-10-27,392132.0,39.1,8756.0
2006-10-28,392132.0,39.1,8756.0
2006-10-29,392132.0,39.1,8756.0
2006-10-30,392132.0,39.1,8756.0
2006-10-31,392132.0,39.1,8756.0
2006-11-01,392132.0,39.1,8756.0
2006-11-02,392132.0,39.1,8756.0
2006-11-03,392132.0,39.1,8756.0
2006-11-04,392132.0,39.1,8756.0
2006-11-05,392132.0,39.1,8756.0
2006-11-06,392132.0,39.1,8756.0
2006-11-07,392132.0,39.1,8756.0
2006-11-08,392132.0,39.1,8756.0
2006-11-09,392132.0,39.1,8756.0
2006-11-10,392132.0,39.1,8756.0
2006-11-11,392132.0,39.1,8756.0
2006-11-12,392132.0,39.1,8756.0
2006-11-13,392132.0,39.1,8756.0
2006-11-14,392132.0,39.1,8756.0
2006-11-15,392132.0,39.1,8756.0
2006-11-16,392132.0,39.1,8756.0
2006-11-17,392132.0,39.1,8756.0
2006-11-18,392132.0,39.1,8756.0
2006-11-19,392132.0,39.1,8756.0
2006-11-20,392132.0,39.1,8756.0
2006-11-21,392132.0,39.1,8756.0
2006-11-22,392132.0,39.1,8756.0
2006-11-23,392132.0,39.1,8756.0
2006-11-24,392132.0,39.1,8756.0
2006-11-25,392132.0,39.1,8756.0
2006-11-26,392132.0,39.1,8756.0
2006-11-27,392132.0,39.1,8756.0
2006-11-28,392132.0,39.1,8756.0
2006-11-29,392132.0,39.1,8756.0
2006-11-30,392132.0,39.1,8756.0
2006-12-01,392132.0,39.1,8756.0
2006-12-02,392132.0,39.1,8756.0
2006-12-03,392132.0,39.1,8756.0
2006-12-04,392132.0,39.1,8756.0
2006-12-05,392132.0,39.1,8756.0
2006-12-06,392132.0,39.1,8756.0
2006-12-07,392132.0,39.1,8756.0
2006-12-08,392132.0,39.1,8756.0
2006-12-09,392132.0,39.1,8756.0
2006-12-10,392132.0,39.1,8756.0
2006-12-11,392132.0,39.1,8756.0
2006-12-12,392132.0,39.1,8756.0
2006-12-13,392132.0,39.1,8756.0
2006-12-14,392132.0,39.1,8756.0
2006-12-15,392132.0,39.1,8756.0
2006-12-16,392132.0,39.1,8756.0
2006-12-17,392132.0,39.1,8756.0
2006-12-18,392132.0,39.1,8756.0
2006-12-19,392132.0,39.1,8756.0
2006-12-20,392132.0,39.1,8756.0
2006-12-21,392132.0,39.1,8756.0
2006-12-22,392132.0,39.1,8756.0
2006-12-23,392132.0,39.1,8756.0
2006-12-24,392132.0,39.1,8756.0
2006-12-25,392132.0,39.1,8756.0
2006-12-26,392132.0,39.1,8756.0
2006-12-27,392132.0,39.1,8756.0
2006-12-28,392132.0,39.1,8756.0
2006-12-29,392132.0,39.1,8756.0
2006-12-30,392132.0,39.1,8756.0
2006-12-31,392132.0,39.1,8756.0
2007-01-01,384662.0,35.8,8423.0
2007-01-02,384662.0,35.8,8423.0
2007-01-03,384662.0,35.8,8423.0
2007-01-04,384662.0,35.8,8423.0
2007-01-05,384662.0,35.8,8423.0
2007-01-06,384662.0,35.8,8423.0
2007-01-07,384662.0,35.8,8423.0
2007-01-08,384662.0,35.8,8423.0
2007-01-09,384662.0,35.8,8423.0
2007-01-10,384662.0,35.8,8423.0
2007-01-11,384662.0,35.8,8423.0
2007-01-12,384662.0,35.8,8423.0
2007-01-13,384662.0,35.8,8423.0
2007-01-14,384662.0,35.8,8423.0
2007-01-15,384662.0,35.8,8423.0
2007-01-16,384662.0,35.8,8423.0
2007-01-17,384662.0,35.8,8423.0
2007-01-18,384662.0,35.8,8423.0
2007-01-19,384662.0,35.8,8423.0
2007-01-20,384662.0,35.8,8423.0
2007-01-21,384662.0,35.8,8423.0
2007-01-22,384662.0,35.8,8423.0
2007-01-23,384662.0,35.8,8423.0
2007-01-24,384662.0,35.8,8423.0
2007-01-25,384662.0,35.8,8423.0
2007-01-26,384662.0,35.8,8423.0
2007-01-27,384662.0,35.8,8423.0
2007-01-28,384662.0,35.8,8423.0
2007-01-29,384662.0,35.8,8423.0
2007-01-30,384662.0,35.8,8423.0
2007-01-31,384662.0,35.8,8423.0
2007-02-01,384662.0,35.8,8423.0
2007-02-02,384662.0,35.8,8423.0
2007-02-03,384662.0,35.8,8423.0
2007-02-04,384662.0,35.8,8423.0
2007-02-05,384662.0,35.8,8423.0
2007-02-06,384662.0,35.8,8423.0
2007-02-07,384662.0,35.8,8423.0
2007-02-08,384662.0,35.8,8423.0
2007-02-09,384662.0,35.8,8423.0
2007-02-10,384662.0,35.8,8423.0
2007-02-11,384662.0,35.8,8423.0
2007-02-12,384662.0,35.8,8423.0
2007-02-13,384662.0,35.8,8423.0
2007-02-14,384662.0,35.8,8423.0
2007-02-15,384662.0,35.8,8423.0
2007-02-16,384662.0,35.8,8423.0
2007-02-17,384662.0,35.8,8423.0
2007-02-18,384662.0,35.8,8423.0
2007-02-19,384662.0,35.8,8423.0
2007-02-20,384662.0,35.8,8423.0
2007-02-21,384662.0,35.8,8423.0
2007-02-22,384662.0,35.8,8423.0
2007-02-23,384662.0,35.8,8423.0
2007-02-24,384662.0,35.8,8423.0
2007-02-25,384662.0,35.8,8423.0
2007-02-26,384662.0,35.8,8423.0
2007-02-27,384662.0,35.8,8423.0
2007-02-28,384662.0,35.8,8423.0
2007-03-01,384662.0,35.8,8423.0
2007-03-02,384662.0,35.8,8423.0
2007-03-03,384662.0,35.8,8423.0
2007-03-04,384662.0,35.8,8423.0
2007-03-05,384662.0,35.8,8423.0
2007-03-06,384662.0,35.8,8423.0
2007-03-07,384662.0,35.8,8423.0
2007-03-08,384662.0,35.8,8423.0
2007-03-09,384662.0,35.8,8423.0
2007-03-10,384662.0,35.8,8423.0
2007-03-11,384662.0,35.8,8423.0
2007-03-12,384662.0,35.8,8423.0
2007-03-13,384662.0,35.8,8423.0
2007-03-14,384662.0,35.8,8423.0
2007-03-15,384662.0,35.8,8423.0
2007-03-16,384662.0,35.8,8423.0
2007-03-17,384662.0,35.8,8423.0
2007-03-18,384662.0,35.8,8423.0
2007-03-19,384662.0,35.8,8423.0
2007-03-20,384662.0,35.8,8423.0
2007-03-21,384662.0,35.8,8423.0
2007-03-22,384662.0,35.8,8423.0
2007-03-23,384662.0,35.8,8423.0
2007-03-24,384662.0,35.8,8423.0
2007-03-25,384662.0,35.8,8423.0
2007-03-26,384662.0,35.8,8423.0
2007-03-27,384662.0,35.8,8423.0
2007-03-28,384662.0,35.8,8423.0
2007-03-29,384662.0,35.8,8423.0
2007-03-30,384662.0,35.8,8423.0
2007-03-31,384662.0,35.8,8423.0
2007-04-01,384662.0,35.8,8423.0
2007-04-02,384662.0,35.8,8423.0
2007-04-03,384662.0,35.8,8423.0
2007-04-04,384662.0,35.8,8423.0
2007-04-05,384662.0,35.8,8423.0
2007-04-06,384662.0,35.8,8423.0
2007-04-07,384662.0,35.8,8423.0
2007-04-08,384662.0,35.8,8423.0
2007-04-09,384662.0,35.8,8423.0
2007-04-10,384662.0,35.8,8423.0
2007-04-11,384662.0,35.8,8423.0
2007-04-12,384662.0,35.8,8423.0
2007-04-13,384662.0,35.8,8423.0
2007-04-14,384662.0,35.8,8423.0
2007-04-15,384662.0,35.8,8423.0
2007-04-16,384662.0,35.8,8423.0
2007-04-17,384662.0,35.8,8423.0
2007-04-18,384662.0,35.8,8423.0
2007-04-19,384662.0,35.8,8423.0
2007-04-20,384662.0,35.8,8423.0
2007-04-21,384662.0,35.8,8423.0
2007-04-22,384662.0,35.8,8423.0
2007-04-23,384662.0,35.8,8423.0
2007-04-24,384662.0,35.8,8423.0
2007-04-25,384662.0,35.8,8423.0
2007-04-26,384662.0,35.8,8423.0
2007-04-27,384662.0,35.8,8423.0
2007-04-28,384662.0,35.8,8423.0
2007-04-29,384662.0,35.8,8423.0
2007-04-30,384662.0,35.8,8423.0
2007-05-01,384662.0,35.8,8423.0
2007-05-02,384662.0,35.8,8423.0
2007-05-03,384662.0,35.8,8423.0
2007-05-04,384662.0,35.8,8423.0
2007-05-05,384662.0,35.8,8423.0
2007-05-06,384662.0,35.8,8423.0
2007-05-07,384662.0,35.8,8423.0
2007-05-08,384662.0,35.8,8423.0
2007-05-09,384662.0,35.8,8423.0
2007-05-10,384662.0,35.8,8423.0
2007-05-11,384662.0,35.8,8423.0
2007-05-12,384662.0,35.8,8423.0
2007-05-13,384662.0,35.8,8423.0
2007-05-14,384662.0,35.8,8423.0
2007-05-15,384662.0,35.8,8423.0
2007-05-16,384662.0,35.8,8423.0
2007-05-17,384662.0,35.8,8423.0
2007-05-18,384662.0,35.8,8423.0
2007-05-19,384662.0,35.8,8423.0
2007-05-20,384662.0,35.8,8423.0
2007-05-21,384662.0,35.8,8423.0
2007-05-22,384662.0,35.8,8423.0
2007-05-23,384662.0,35.8,8423.0
2007-05-24,384662.0,35.8,8423.0
2007-05-25,384662.0,35.8,8423.0
2007-05-26,384662.0,35.8,8423.0
2007-05-27,384662.0,35.8,8423.0
2007-05-28,384662.0,35.8,8423.0
2007-05-29,384662.0,35.8,8423.0
2007-05-30,384662.0,35.8,8423.0
2007-05-31,384662.0,35.8,8423.0
2007-06-01,384662.0,35.8,8423.0
2007-06-02,384662.0,35.8,8423.0
2007-06-03,384662.0,35.8,8423.0
2007-06-04,384662.0,35.8,8423.0
2007-06-05,384662.0,35.8,8423.0
2007-06-06,384662.0,35.8,8423.0
2007-06-07,384662.0,35.8,8423.0
2007-06-08,384662.0,35.8,8423.0
2007-06-09,384662.0,35.8,8423.0
2007-06-10,384662.0,35.8,8423.0
2007-06-11,384662.0,35.8,8423.0
2007-06-12,384662.0,35.8,8423.0
2007-06-13,384662.0,35.8,8423.0
2007-06-14,384662.0,35.8,8423.0
2007-06-15,384662.0,35.8,8423.0
2007-06-16,384662.0,35.8,8423.0
2007-06-17,384662.0,35.8,8423.0
2007-06-18,384662.0,35.8,8423.0
2007-06-19,384662.0,35.8,8423.0
2007-06-20,384662.0,35.8,8423.0
2007-06-21,384662.0,35.8,8423.0
2007-06-22,384662.0,35.8,8423.0
2007-06-23,384662.0,35.8,8423.0
2007-06-24,384662.0,35.8,8423.0
2007-06-25,384662.0,35.8,8423.0
2007-06-26,384662.0,35.8,8423.0
2007-06-27,384662.0,35.8,8423.0
2007-06-28,384662.0,35.8,8423.0
2007-06-29,384662.0,35.8,8423.0
2007-06-30,384662.0,35.8,8423.0
2007-07-01,384662.0,35.8,8423.0
2007-07-02,384662.0,35.8,8423.0
2007-07-03,384662.0,35.8,8423.0
2007-07-04,384662.0,35.8,8423.0
2007-07-05,384662.0,35.8,8423.0
2007-07-06,384662.0,35.8,8423.0
2007-07-07,384662.0,35.8,8423.0
2007-07-08,384662.0,35.8,8423.0
2007-07-09,384662.0,35.8,8423.0
2007-07-10,384662.0,35.8,8423.0
2007-07-11,384662.0,35.8,8423.0
2007-07-12,384662.0,35.8,8423.0
2007-07-13,384662.0,35.8,8423.0
2007-07-14,384662.0,35.8,8423.0
2007-07-15,384662.0,35.8,8423.0
2007-07-16,384662.0,35.8,8423.0
2007-07-17,384662.0,35.8,8423.0
2007-07-18,384662.0,35.8,8423.0
2007-07-19,384662.0,35.8,8423.0
2007-07-20,384662.0,35.8,8423.0
2007-07-21,384662.0,35.8,8423.0
2007-07-22,384662.0,35.8,8423.0
2007-07-23,384662.0,35.8,8423.0
2007-07-24,384662.0,35.8,8423.0
2007-07-25,384662.0,35.8,8423.0
2007-07-26,384662.0,35.8,8423.0
2007-07-27,384662.0,35.8,8423.0
2007-07-28,384662.0,35.8,8423.0
2007-07-29,384662.0,35.8,8423.0
2007-07-30,384662.0,35.8,8423.0
2007-07-31,384662.0,35.8,8423.0
2007-08-01,384662.0,35.8,8423.0
2007-08-02,384662.0,35.8,8423.0
2007-08-03,384662.0,35.8,8423.0
2007-08-04,384662.0,35.8,8423.0
2007-08-05,384662.0,35.8,8423.0
2007-08-06,384662.0,35.8,8423.0
2007-08-07,384662.0,35.8,8423.0
2007-08-08,384662.0,35.8,8423.0
2007-08-09,384662.0,35.8,8423.0
2007-08-10,384662.0,35.8,8423.0
2007-08-11,384662.0,35.8,8423.0
2007-08-12,384662.0,35.8,8423.0
2007-08-13,384662.0,35.8,8423.0
2007-08-14,384662.0,35.8,8423.0
2007-08-15,384662.0,35.8,8423.0
2007-08-16,384662.0,35.8,8423.0
2007-08-17,384662.0,35.8,8423.0
2007-08-18,384662.0,35.8,8423.0
2007-08-19,384662.0,35.8,8423.0
2007-08-20,384662.0,35.8,8423.0
2007-08-21,384662.0,35.8,8423.0
2007-08-22,384662.0,35.8,8423.0
2007-08-23,384662.0,35.8,8423.0
2007-08-24,384662.0,35.8,8423.0
2007-08-25,384662.0,35.8,8423.0
2007-08-26,384662.0,35.8,8423.0
2007-08-27,384662.0,35.8,8423.0
2007-08-28,384662.0,35.8,8423.0
2007-08-29,384662.0,35.8,8423.0
2007-08-30,384662.0,35.8,8423.0
2007-08-31,384662.0,35.8,8423.0
2007-09-01,384662.0,35.8,8423.0
2007-09-02,384662.0,35.8,8423.0
2007-09-03,384662.0,35.8,8423.0
2007-09-04,384662.0,35.8,8423.0
2007-09-05,384662.0,35.8,8423.0
2007-09-06,384662.0,35.8,8423.0
2007-09-07,384662.0,35.8,8423.0
2007-09-08,384662.0,35.8,8423.0
2007-09-09,384662.0,35.8,8423.0
2007-09-10,384662.0,35.8,8423.0
2007-09-11,384662.0,35.8,8423.0
2007-09-12,384662.0,35.8,8423.0
2007-09-13,384662.0,35.8,8423.0
2007-09-14,384662.0,35.8,8423.0
2007-09-15,384662.0,35.8,8423.0
2007-09-16,384662.0,35.8,8423.0
2007-09-17,384662.0,35.8,8423.0
2007-09-18,384662.0,35.8,8423.0
2007-09-19,384662.0,35.8,8423.0
2007-09-20,384662.0,35.8,8423.0
2007-09-21,384662.0,35.8,8423.0
2007-09-22,384662.0,35.8,8423.0
2007-09-23,384662.0,35.8,8423.0
2007-09-24,384662.0,35.8,8423.0
2007-09-25,384662.0,35.8,8423.0
2007-09-26,384662.0,35.8,8423.0
2007-09-27,384662.0,35.8,8423.0
2007-09-28,384662.0,35.8,8423.0
2007-09-29,384662.0,35.8,8423.0
2007-09-30,384662.0,35.8,8423.0
2007-10-01,384662.0,35.8,8423.0
2007-10-02,384662.0,35.8,8423.0
2007-10-03,384662.0,35.8,8423.0
2007-10-04,384662.0,35.8,8423.0
2007-10-05,384662.0,35.8,8423.0
2007-10-06,384662.0,35.8,8423.0
2007-10-07,384662.0,35.8,8423.0
2007-10-08,384662.0,35.8,8423.0
2007-10-09,384662.0,35.8,8423.0
2007-10-10,384662.0,35.8,8423.0
2007-10-11,384662.0,35.8,8423.0
2007-10-12,384662.0,35.8,8423.0
2007-10-13,384662.0,35.8,8423.0
2007-10-14,384662.0,35.8,8423.0
2007-10-15,384662.0,35.8,8423.0
2007-10-16,384662.0,35.8,8423.0
2007-10-17,384662.0,35.8,8423.0
2007-10-18,384662.0,35.8,8423.0
2007-10-19,384662.0,35.8,8423.0
2007-10-20,384662.0,35.8,8423.0
2007-10-21,384662.0,35.8,8423.0
2007-10-22,384662.0,35.8,8423.0
2007-10-23,384662.0,35.8,8423.0
2007-10-24,384662.0,35.8,8423.0
2007-10-25,384662.0,35.8,8423.0
2007-10-26,384662.0,35.8,8423.0
2007-10-27,384662.0,35.8,8423.0
2007-10-28,384662.0,35.8,8423.0
2007-10-29,384662.0,35.8,8423.0
2007-10-30,384662.0,35.8,8423.0
2007-10-31,384662.0,35.8,8423.0
2007-11-01,384662.0,35.8,8423.0
2007-11-02,384662.0,35.8,8423.0
2007-11-03,384662.0,35.8,8423.0
2007-11-04,384662.0,35.8,8423.0
2007-11-05,384662.0,35.8,8423.0
2007-11-06,384662.0,35.8,8423.0
2007-11-07,384662.0,35.8,8423.0
2007-11-08,384662.0,35.8,8423.0
2007-11-09,384662.0,35.8,8423.0
2007-11-10,384662.0,35.8,8423.0
2007-11-11,384662.0,35.8,8423.0
2007-11-12,384662.0,35.8,8423.0
2007-11-13,384662.0,35.8,8423.0
2007-11-14,384662.0,35.8,8423.0
2007-11-15,384662.0,35.8,8423.0
2007-11-16,384662.0,35.8,8423.0
2007-11-17,384662.0,35.8,8423.0
2007-11-18,384662.0,35.8,8423.0
2007-11-19,384662.0,35.8,8423.0
2007-11-20,384662.0,35.8,8423.0
2007-11-21,384662.0,35.8,8423.0
2007-11-22,384662.0,35.8,8423.0
2007-11-23,384662.0,35.8,8423.0
2007-11-24,384662.0,35.8,8423.0
2007-11-25,384662.0,35.8,8423.0
2007-11-26,384662.0,35.8,8423.0
2007-11-27,384662.0,35.8,8423.0
2007-11-28,384662.0,35.8,8423.0
2007-11-29,384662.0,35.8,8423.0
2007-11-30,384662.0,35.8,8423.0
2007-12-01,384662.0,35.8,8423.0
2007-12-02,384662.0,35.8,8423.0
2007-12-03,384662.0,35.8,8423.0
2007-12-04,384662.0,35.8,8423.0
2007-12-05,384662.0,35.8,8423.0
2007-12-06,384662.0,35.8,8423.0
2007-12-07,384662.0,35.8,8423.0
2007-12-08,384662.0,35.8,8423.0
2007-12-09,384662.0,35.8,8423.0
2007-12-10,384662.0,35.8,8423.0
2007-12-11,384662.0,35.8,8423.0
2007-12-12,384662.0,35.8,8423.0
2007-12-13,384662.0,35.8,8423.0
2007-12-14,384662.0,35.8,8423.0
2007-12-15,384662.0,35.8,8423.0
2007-12-16,384662.0,35.8,8423.0
2007-12-17,384662.0,35.8,8423.0
2007-12-18,384662.0,35.8,8423.0
2007-12-19,384662.0,35.8,8423.0
2007-12-20,384662.0,35.8,8423.0
2007-12-21,384662.0,35.8,8423.0
2007-12-22,384662.0,35.8,8423.0
2007-12-23,384662.0,35.8,8423.0
2007-12-24,384662.0,35.8,8423.0
2007-12-25,384662.0,35.8,8423.0
2007-12-26,384662.0,35.8,8423.0
2007-12-27,384662.0,35.8,8423.0
2007-12-28,384662.0,35.8,8423.0
2007-12-29,384662.0,35.8,8423.0
2007-12-30,384662.0,35.8,8423.0
2007-12-31,384662.0,35.8,8423.0
2008-01-01,440621.0,39.7,9529.0
2008-01-02,440621.0,39.7,9529.0
2008-01-03,440621.0,39.7,9529.0
2008-01-04,440621.0,39.7,9529.0
2008-01-05,440621.0,39.7,9529.0
2008-01-06,440621.0,39.7,9529.0
2008-01-07,440621.0,39.7,9529.0
2008-01-08,440621.0,39.7,9529.0
2008-01-09,440621.0,39.7,9529.0
2008-01-10,440621.0,39.7,9529.0
2008-01-11,440621.0,39.7,9529.0
2008-01-12,440621.0,39.7,9529.0
2008-01-13,440621.0,39.7,9529.0
2008-01-14,440621.0,39.7,9529.0
2008-01-15,440621.0,39.7,9529.0
2008-01-16,440621.0,39.7,9529.0
2008-01-17,440621.0,39.7,9529.0
2008-01-18,440621.0,39.7,9529.0
2008-01-19,440621.0,39.7,9529.0
2008-01-20,440621.0,39.7,9529.0
2008-01-21,440621.0,39.7,9529.0
2008-01-22,440621.0,39.7,9529.0
2008-01-23,440621.0,39.7,9529.0
2008-01-24,440621.0,39.7,9529.0
2008-01-25,440621.0,39.7,9529.0
2008-01-26,440621.0,39.7,9529.0
2008-01-27,440621.0,39.7,9529.0
2008-01-28,440621.0,39.7,9529.0
2008-01-29,440621.0,39.7,9529.0
2008-01-30,440621.0,39.7,9529.0
2008-01-31,440621.0,39.7,9529.0
2008-02-01,440621.0,39.7,9529.0
2008-02-02,440621.0,39.7,9529.0
2008-02-03,440621.0,39.7,9529.0
2008-02-04,440621.0,39.7,9529.0
2008-02-05,440621.0,39.7,9529.0
2008-02-06,440621.0,39.7,9529.0
2008-02-07,440621.0,39.7,9529.0
2008-02-08,440621.0,39.7,9529.0
2008-02-09,440621.0,39.7,9529.0
2008-02-10,440621.0,39.7,9529.0
2008-02-11,440621.0,39.7,9529.0
2008-02-12,440621.0,39.7,9529.0
2008-02-13,440621.0,39.7,9529.0
2008-02-14,440621.0,39.7,9529.0
2008-02-15,440621.0,39.7,9529.0
2008-02-16,440621.0,39.7,9529.0
2008-02-17,440621.0,39.7,9529.0
2008-02-18,440621.0,39.7,9529.0
2008-02-19,440621.0,39.7,9529.0
2008-02-20,440621.0,39.7,9529.0
2008-02-21,440621.0,39.7,9529.0
2008-02-22,440621.0,39.7,9529.0
2008-02-23,440621.0,39.7,9529.0
2008-02-24,440621.0,39.7,9529.0
2008-02-25,440621.0,39.7,9529.0
2008-02-26,440621.0,39.7,9529.0
2008-02-27,440621.0,39.7,9529.0
2008-02-28,440621.0,39.7,9529.0
2008-02-29,440621.0,39.7,9529.0
2008-03-01,440621.0,39.7,9529.0
2008-03-02,440621.0,39.7,9529.0
2008-03-03,440621.0,39.7,9529.0
2008-03-04,440621.0,39.7,9529.0
2008-03-05,440621.0,39.7,9529.0
2008-03-06,440621.0,39.7,9529.0
2008-03-07,440621.0,39.7,9529.0
2008-03-08,440621.0,39.7,9529.0
2008-03-09,440621.0,39.7,9529.0
2008-03-10,440621.0,39.7,9529.0
2008-03-11,440621.0,39.7,9529.0
2008-03-12,440621.0,39.7,9529.0
2008-03-13,440621.0,39.7,9529.0
2008-03-14,440621.0,39.7,9529.0
2008-03-15,440621.0,39.7,9529.0
2008-03-16,440621.0,39.7,9529.0
2008-03-17,440621.0,39.7,9529.0
2008-03-18,440621.0,39.7,9529.0
2008-03-19,440621.0,39.7,9529.0
2008-03-20,440621.0,39.7,9529.0
2008-03-21,440621.0,39.7,9529.0
2008-03-22,440621.0,39.7,9529.0
2008-03-23,440621.0,39.7,9529.0
2008-03-24,440621.0,39.7,9529.0
2008-03-25,440621.0,39.7,9529.0
2008-03-26,440621.0,39.7,9529.0
2008-03-27,440621.0,39.7,9529.0
2008-03-28,440621.0,39.7,9529.0
2008-03-29,440621.0,39.7,9529.0
2008-03-30,440621.0,39.7,9529.0
2008-03-31,440621.0,39.7,9529.0
2008-04-01,440621.0,39.7,9529.0
2008-04-02,440621.0,39.7,9529.0
2008-04-03,440621.0,39.7,9529.0
2008-04-04,440621.0,39.7,9529.0
2008-04-05,440621.0,39.7,9529.0
2008-04-06,440621.0,39.7,9529.0
2008-04-07,440621.0,39.7,9529.0
2008-04-08,440621.0,39.7,9529.0
2008-04-09,440621.0,39.7,9529.0
2008-04-10,440621.0,39.7,9529.0
2008-04-11,440621.0,39.7,9529.0
2008-04-12,440621.0,39.7,9529.0
2008-04-13,440621.0,39.7,9529.0
2008-04-14,440621.0,39.7,9529.0
2008-04-15,440621.0,39.7,9529.0
2008-04-16,440621.0,39.7,9529.0
2008-04-17,440621.0,39.7,9529.0
2008-04-18,440621.0,39.7,9529.0
2008-04-19,440621.0,39.7,9529.0
2008-04-20,440621.0,39.7,9529.0
2008-04-21,440621.0,39.7,9529.0
2008-04-22,440621.0,39.7,9529.0
2008-04-23,440621.0,39.7,9529.0
2008-04-24,440621.0,39.7,9529.0
2008-04-25,440621.0,39.7,9529.0
2008-04-26,440621.0,39.7,9529.0
2008-04-27,440621.0,39.7,9529.0
2008-04-28,440621.0,39.7,9529.0
2008-04-29,440621.0,39.7,9529.0
2008-04-30,440621.0,39.7,9529.0
2008-05-01,440621.0,39.7,9529.0
2008-05-02,440621.0,39.7,9529.0
2008-05-03,440621.0,39.7,9529.0
2008-05-04,440621.0,39.7,9529.0
2008-05-05,440621.0,39.7,9529.0
2008-05-06,440621.0,39.7,9529.0
2008-05-07,440621.0,39.7,9529.0
2008-05-08,440621.0,39.7,9529.0
2008-05-09,440621.0,39.7,9529.0
2008-05-10,440621.0,39.7,9529.0
2008-05-11,440621.0,39.7,9529.0
2008-05-12,440621.0,39.7,9529.0
2008-05-13,440621.0,39.7,9529.0
2008-05-14,440621.0,39.7,9529.0
2008-05-15,440621.0,39.7,9529.0
2008-05-16,440621.0,39.7,9529.0
2008-05-17,440621.0,39.7,9529.0
2008-05-18,440621.0,39.7,9529.0
2008-05-19,440621.0,39.7,9529.0
2008-05-20,440621.0,39.7,9529.0
2008-05-21,440621.0,39.7,9529.0
2008-05-22,440621.0,39.7,9529.0
2008-05-23,440621.0,39.7,9529.0
2008-05-24,440621.0,39.7,9529.0
2008-05-25,440621.0,39.7,9529.0
2008-05-26,440621.0,39.7,9529.0
2008-05-27,440621.0,39.7,9529.0
2008-05-28,440621.0,39.7,9529.0
2008-05-29,440621.0,39.7,9529.0
2008-05-30,440621.0,39.7,9529.0
2008-05-31,440621.0,39.7,9529.0
2008-06-01,440621.0,39.7,9529.0
2008-06-02,440621.0,39.7,9529.0
2008-06-03,440621.0,39.7,9529.0
2008-06-04,440621.0,39.7,9529.0
2008-06-05,440621.0,39.7,9529.0
2008-06-06,440621.0,39.7,9529.0
2008-06-07,440621.0,39.7,9529.0
2008-06-08,440621.0,39.7,9529.0
2008-06-09,440621.0,39.7,9529.0
2008-06-10,440621.0,39.7,9529.0
2008-06-11,440621.0,39.7,9529.0
2008-06-12,440621.0,39.7,9529.0
2008-06-13,440621.0,39.7,9529.0
2008-06-14,440621.0,39.7,9529.0
2008-06-15,440621.0,39.7,9529.0
2008-06-16,440621.0,39.7,9529.0
2008-06-17,440621.0,39.7,9529.0
2008-06-18,440621.0,39.7,9529.0
2008-06-19,440621.0,39.7,9529.0
2008-06-20,440621.0,39.7,9529.0
2008-06-21,440621.0,39.7,9529.0
2008-06-22,440621.0,39.7,9529.0
2008-06-23,440621.0,39.7,9529.0
2008-06-24,440621.0,39.7,9529.0
2008-06-25,440621.0,39.7,9529.0
2008-06-26,440621.0,39.7,9529.0
2008-06-27,440621.0,39.7,9529.0
2008-06-28,440621.0,39.7,9529.0
2008-06-29,440621.0,39.7,9529.0
2008-06-30,440621.0,39.7,9529.0
2008-07-01,440621.0,39.7,9529.0
2008-07-02,440621.0,39.7,9529.0
2008-07-03,440621.0,39.7,9529.0
2008-07-04,440621.0,39.7,9529.0
2008-07-05,440621.0,39.7,9529.0
2008-07-06,440621.0,39.7,9529.0
2008-07-07,440621.0,39.7,9529.0
2008-07-08,440621.0,39.7,9529.0
2008-07-09,440621.0,39.7,9529.0
2008-07-10,440621.0,39.7,9529.0
2008-07-11,440621.0,39.7,9529.0
2008-07-12,440621.0,39.7,9529.0
2008-07-13,440621.0,39.7,9529.0
2008-07-14,440621.0,39.7,9529.0
2008-07-15,440621.0,39.7,9529.0
2008-07-16,440621.0,39.7,9529.0
2008-07-17,440621.0,39.7,9529.0
2008-07-18,440621.0,39.7,9529.0
2008-07-19,440621.0,39.7,9529.0
2008-07-20,440621.0,39.7,9529.0
2008-07-21,440621.0,39.7,9529.0
2008-07-22,440621.0,39.7,9529.0
2008-07-23,440621.0,39.7,9529.0
2008-07-24,440621.0,39.7,9529.0
2008-07-25,440621.0,39.7,9529.0
2008-07-26,440621.0,39.7,9529.0
2008-07-27,440621.0,39.7,9529.0
2008-07-28,440621.0,39.7,9529.0
2008-07-29,440621.0,39.7,9529.0
2008-07-30,440621.0,39.7,9529.0
2008-07-31,440621.0,39.7,9529.0
2008-08-01,440621.0,39.7,9529.0
2008-08-02,440621.0,39.7,9529.0
2008-08-03,440621.0,39.7,9529.0
2008-08-04,440621.0,39.7,9529.0
2008-08-05,440621.0,39.7,9529.0
2008-08-06,440621.0,39.7,9529.0
2008-08-07,440621.0,39.7,9529.0
2008-08-08,440621.0,39.7,9529.0
2008-08-09,440621.0,39.7,9529.0
2008-08-10,440621.0,39.7,9529.0
2008-08-11,440621.0,39.7,9529.0
2008-08-12,440621.0,39.7,9529.0
2008-08-13,440621.0,39.7,9529.0
2008-08-14,440621.0,39.7,9529.0
2008-08-15,440621.0,39.7,9529.0
2008-08-16,440621.0,39.7,9529.0
2008-08-17,440621.0,39.7,9529.0
2008-08-18,440621.0,39.7,9529.0
2008-08-19,440621.0,39.7,9529.0
2008-08-20,440621.0,39.7,9529.0
2008-08-21,440621.0,39.7,9529.0
2008-08-22,440621.0,39.7,9529.0
2008-08-23,440621.0,39.7,9529.0
2008-08-24,440621.0,39.7,9529.0
2008-08-25,440621.0,39.7,9529.0
2008-08-26,440621.0,39.7,9529.0
2008-08-27,440621.0,39.7,9529.0
2008-08-28,440621.0,39.7,9529.0
2008-08-29,440621.0,39.7,9529.0
2008-08-30,440621.0,39.7,9529.0
2008-08-31,440621.0,39.7,9529.0
2008-09-01,440621.0,39.7,9529.0
2008-09-02,440621.0,39.7,9529.0
2008-09-03,440621.0,39.7,9529.0
2008-09-04,440621.0,39.7,9529.0
2008-09-05,440621.0,39.7,9529.0
2008-09-06,440621.0,39.7,9529.0
2008-09-07,440621.0,39.7,9529.0
2008-09-08,440621.0,39.7,9529.0
2008-09-09,440621.0,39.7,9529.0
2008-09-10,440621.0,39.7,9529.0
2008-09-11,440621.0,39.7,9529.0
2008-09-12,440621.0,39.7,9529.0
2008-09-13,440621.0,39.7,9529.0
2008-09-14,440621.0,39.7,9529.0
2008-09-15,440621.0,39.7,9529.0
2008-09-16,440621.0,39.7,9529.0
2008-09-17,440621.0,39.7,9529.0
2008-09-18,440621.0,39.7,9529.0
2008-09-19,440621.0,39.7,9529.0
2008-09-20,440621.0,39.7,9529.0
2008-09-21,440621.0,39.7,9529.0
2008-09-22,440621.0,39.7,9529.0
2008-09-23,440621.0,39.7,9529.0
2008-09-24,440621.0,39.7,9529.0
2008-09-25,440621.0,39.7,9529.0
2008-09-26,440621.0,39.7,9529.0
2008-09-27,440621.0,39.7,9529.0
2008-09-28,440621.0,39.7,9529.0
2008-09-29,440621.0,39.7,9529.0
2008-09-30,440621.0,39.7,9529.0
2008-10-01,440621.0,39.7,9529.0
2008-10-02,440621.0,39.7,9529.0
2008-10-03,440621.0,39.7,9529.0
2008-10-04,440621.0,39.7,9529.0
2008-10-05,440621.0,39.7,9529.0
2008-10-06,440621.0,39.7,9529.0
2008-10-07,440621.0,39.7,9529.0
2008-10-08,440621.0,39.7,9529.0
2008-10-09,440621.0,39.7,9529.0
2008-10-10,440621.0,39.7,9529.0
2008-10-11,440621.0,39.7,9529.0
2008-10-12,440621.0,39.7,9529.0
2008-10-13,440621.0,39.7,9529.0
2008-10-14,440621.0,39.7,9529.0
2008-10-15,440621.0,39.7,9529.0
2008-10-16,440621.0,39.7,9529.0
2008-10-17,440621.0,39.7,9529.0
2008-10-18,440621.0,39.7,9529.0
2008-10-19,440621.0,39.7,9529.0
2008-10-20,440621.0,39.7,9529.0
2008-10-21,440621.0,39.7,9529.0
2008-10-22,440621.0,39.7,9529.0
2008-10-23,440621.0,39.7,9529.0
2008-10-24,440621.0,39.7,9529.0
2008-10-25,440621.0,39.7,9529.0
2008-10-26,440621.0,39.7,9529.0
2008-10-27,440621.0,39.7,9529.0
2008-10-28,440621.0,39.7,9529.0
2008-10-29,440621.0,39.7,9529.0
2008-10-30,440621.0,39.7,9529.0
2008-10-31,440621.0,39.7,9529.0
2008-11-01,440621.0,39.7,9529.0
2008-11-02,440621.0,39.7,9529.0
2008-11-03,440621.0,39.7,9529.0
2008-11-04,440621.0,39.7,9529.0
2008-11-05,440621.0,39.7,9529.0
2008-11-06,440621.0,39.7,9529.0
2008-11-07,440621.0,39.7,9529.0
2008-11-08,440621.0,39.7,9529.0
2008-11-09,440621.0,39.7,9529.0
2008-11-10,440621.0,39.7,9529.0
2008-11-11,440621.0,39.7,9529.0
2008-11-12,440621.0,39.7,9529.0
2008-11-13,440621.0,39.7,9529.0
2008-11-14,440621.0,39.7,9529.0
2008-11-15,440621.0,39.7,9529.0
2008-11-16,440621.0,39.7,9529.0
2008-11-17,440621.0,39.7,9529.0
2008-11-18,440621.0,39.7,9529.0
2008-11-19,440621.0,39.7,9529.0
2008-11-20,440621.0,39.7,9529.0
2008-11-21,440621.0,39.7,9529.0
2008-11-22,440621.0,39.7,9529.0
2008-11-23,440621.0,39.7,9529.0
2008-11-24,440621.0,39.7,9529.0
2008-11-25,440621.0,39.7,9529.0
2008-11-26,440621.0,39.7,9529.0
2008-11-27,440621.0,39.7,9529.0
2008-11-28,440621.0,39.7,9529.0
2008-11-29,440621.0,39.7,9529.0
2008-11-30,440621.0,39.7,9529.0
2008-12-01,440621.0,39.7,9529.0
2008-12-02,440621.0,39.7,9529.0
2008-12-03,440621.0,39.7,9529.0
2008-12-04,440621.0,39.7,9529.0
2008-12-05,440621.0,39.7,9529.0
2008-12-06,440621.0,39.7,9529.0
2008-12-07,440621.0,39.7,9529.0
2008-12-08,440621.0,39.7,9529.0
2008-12-09,440621.0,39.7,9529.0
2008-12-10,440621.0,39.7,9529.0
2008-12-11,440621.0,39.7,9529.0
2008-12-12,440621.0,39.7,9529.0
2008-12-13,440621.0,39.7,9529.0
2008-12-14,440621.0,39.7,9529.0
2008-12-15,440621.0,39.7,9529.0
2008-12-16,440621.0,39.7,9529.0
2008-12-17,440621.0,39.7,9529.0
2008-12-18,440621.0,39.7,9529.0
2008-12-19,440621.0,39.7,9529.0
2008-12-20,440621.0,39.7,9529.0
2008-12-21,440621.0,39.7,9529.0
2008-12-22,440621.0,39.7,9529.0
2008-12-23,440621.0,39.7,9529.0
2008-12-24,440621.0,39.7,9529.0
2008-12-25,440621.0,39.7,9529.0
2008-12-26,440621.0,39.7,9529.0
2008-12-27,440621.0,39.7,9529.0
2008-12-28,440621.0,39.7,9529.0
2008-12-29,440621.0,39.7,9529.0
2008-12-30,440621.0,39.7,9529.0
2008-12-31,440621.0,39.7,9529.0
2009-01-01,569535.0,53.3,12252.0
2009-01-02,569535.0,53.3,12252.0
2009-01-03,569535.0,53.3,12252.0
2009-01-04,569535.0,53.3,12252.0
2009-01-05,569535.0,53.3,12252.0
2009-01-06,569535.0,53.3,12252.0
2009-01-07,569535.0,53.3,12252.0
2009-01-08,569535.0,53.3,12252.0
2009-01-09,569535.0,53.3,12252.0
2009-01-10,569535.0,53.3,12252.0
2009-01-11,569535.0,53.3,12252.0
2009-01-12,569535.0,53.3,12252.0
2009-01-13,569535.0,53.3,12252.0
2009-01-14,569535.0,53.3,12252.0
2009-01-15,569535.0,53.3,12252.0
2009-01-16,569535.0,53.3,12252.0
2009-01-17,569535.0,53.3,12252.0
2009-01-18,569535.0,53.3,12252.0
2009-01-19,569535.0,53.3,12252.0
2009-01-20,569535.0,53.3,12252.0
2009-01-21,569535.0,53.3,12252.0
2009-01-22,569535.0,53.3,12252.0
2009-01-23,569535.0,53.3,12252.0
2009-01-24,569535.0,53.3,12252.0
2009-01-25,569535.0,53.3,12252.0
2009-01-26,569535.0,53.3,12252.0
2009-01-27,569535.0,53.3,12252.0
2009-01-28,569535.0,53.3,12252.0
2009-01-29,569535.0,53.3,12252.0
2009-01-30,569535.0,53.3,12252.0
2009-01-31,569535.0,53.3,12252.0
2009-02-01,569535.0,53.3,12252.0
2009-02-02,569535.0,53.3,12252.0
2009-02-03,569535.0,53.3,12252.0
2009-02-04,569535.0,53.3,12252.0
2009-02-05,569535.0,53.3,12252.0
2009-02-06,569535.0,53.3,12252.0
2009-02-07,569535.0,53.3,12252.0
2009-02-08,569535.0,53.3,12252.0
2009-02-09,569535.0,53.3,12252.0
2009-02-10,569535.0,53.3,12252.0
2009-02-11,569535.0,53.3,12252.0
2009-02-12,569535.0,53.3,12252.0
2009-02-13,569535.0,53.3,12252.0
2009-02-14,569535.0,53.3,12252.0
2009-02-15,569535.0,53.3,12252.0
2009-02-16,569535.0,53.3,12252.0
2009-02-17,569535.0,53.3,12252.0
2009-02-18,569535.0,53.3,12252.0
2009-02-19,569535.0,53.3,12252.0
2009-02-20,569535.0,53.3,12252.0
2009-02-21,569535.0,53.3,12252.0
2009-02-22,569535.0,53.3,12252.0
2009-02-23,569535.0,53.3,12252.0
2009-02-24,569535.0,53.3,12252.0
2009-02-25,569535.0,53.3,12252.0
2009-02-26,569535.0,53.3,12252.0
2009-02-27,569535.0,53.3,12252.0
2009-02-28,569535.0,53.3,12252.0
2009-03-01,569535.0,53.3,12252.0
2009-03-02,569535.0,53.3,12252.0
2009-03-03,569535.0,53.3,12252.0
2009-03-04,569535.0,53.3,12252.0
2009-03-05,569535.0,53.3,12252.0
2009-03-06,569535.0,53.3,12252.0
2009-03-07,569535.0,53.3,12252.0
2009-03-08,569535.0,53.3,12252.0
2009-03-09,569535.0,53.3,12252.0
2009-03-10,569535.0,53.3,12252.0
2009-03-11,569535.0,53.3,12252.0
2009-03-12,569535.0,53.3,12252.0
2009-03-13,569535.0,53.3,12252.0
2009-03-14,569535.0,53.3,12252.0
2009-03-15,569535.0,53.3,12252.0
2009-03-16,569535.0,53.3,12252.0
2009-03-17,569535.0,53.3,12252.0
2009-03-18,569535.0,53.3,12252.0
2009-03-19,569535.0,53.3,12252.0
2009-03-20,569535.0,53.3,12252.0
2009-03-21,569535.0,53.3,12252.0
2009-03-22,569535.0,53.3,12252.0
2009-03-23,569535.0,53.3,12252.0
2009-03-24,569535.0,53.3,12252.0
2009-03-25,569535.0,53.3,12252.0
2009-03-26,569535.0,53.3,12252.0
2009-03-27,569535.0,53.3,12252.0
2009-03-28,569535.0,53.3,12252.0
2009-03-29,569535.0,53.3,12252.0
2009-03-30,569535.0,53.3,12252.0
2009-03-31,569535.0,53.3,12252.0
2009-04-01,569535.0,53.3,12252.0
2009-04-02,569535.0,53.3,12252.0
2009-04-03,569535.0,53.3,12252.0
2009-04-04,569535.0,53.3,12252.0
2009-04-05,569535.0,53.3,12252.0
2009-04-06,569535.0,53.3,12252.0
2009-04-07,569535.0,53.3,12252.0
2009-04-08,569535.0,53.3,12252.0
2009-04-09,569535.0,53.3,12252.0
2009-04-10,569535.0,53.3,12252.0
2009-04-11,569535.0,53.3,12252.0
2009-04-12,569535.0,53.3,12252.0
2009-04-13,569535.0,53.3,12252.0
2009-04-14,569535.0,53.3,12252.0
2009-04-15,569535.0,53.3,12252.0
2009-04-16,569535.0,53.3,12252.0
2009-04-17,569535.0,53.3,12252.0
2009-04-18,569535.0,53.3,12252.0
2009-04-19,569535.0,53.3,12252.0
2009-04-20,569535.0,53.3,12252.0
2009-04-21,569535.0,53.3,12252.0
2009-04-22,569535.0,53.3,12252.0
2009-04-23,569535.0,53.3,12252.0
2009-04-24,569535.0,53.3,12252.0
2009-04-25,569535.0,53.3,12252.0
2009-04-26,569535.0,53.3,12252.0
2009-04-27,569535.0,53.3,12252.0
2009-04-28,569535.0,53.3,12252.0
2009-04-29,569535.0,53.3,12252.0
2009-04-30,569535.0,53.3,12252.0
2009-05-01,569535.0,53.3,12252.0
2009-05-02,569535.0,53.3,12252.0
2009-05-03,569535.0,53.3,12252.0
2009-05-04,569535.0,53.3,12252.0
2009-05-05,569535.0,53.3,12252.0
2009-05-06,569535.0,53.3,12252.0
2009-05-07,569535.0,53.3,12252.0
2009-05-08,569535.0,53.3,12252.0
2009-05-09,569535.0,53.3,12252.0
2009-05-10,569535.0,53.3,12252.0
2009-05-11,569535.0,53.3,12252.0
2009-05-12,569535.0,53.3,12252.0
2009-05-13,569535.0,53.3,12252.0
2009-05-14,569535.0,53.3,12252.0
2009-05-15,569535.0,53.3,12252.0
2009-05-16,569535.0,53.3,12252.0
2009-05-17,569535.0,53.3,12252.0
2009-05-18,569535.0,53.3,12252.0
2009-05-19,569535.0,53.3,12252.0
2009-05-20,569535.0,53.3,12252.0
2009-05-21,569535.0,53.3,12252.0
2009-05-22,569535.0,53.3,12252.0
2009-05-23,569535.0,53.3,12252.0
2009-05-24,569535.0,53.3,12252.0
2009-05-25,569535.0,53.3,12252.0
2009-05-26,569535.0,53.3,12252.0
2009-05-27,569535.0,53.3,12252.0
2009-05-28,569535.0,53.3,12252.0
2009-05-29,569535.0,53.3,12252.0
2009-05-30,569535.0,53.3,12252.0
2009-05-31,569535.0,53.3,12252.0
2009-06-01,569535.0,53.3,12252.0
2009-06-02,569535.0,53.3,12252.0
2009-06-03,569535.0,53.3,12252.0
2009-06-04,569535.0,53.3,12252.0
2009-06-05,569535.0,53.3,12252.0
2009-06-06,569535.0,53.3,12252.0
2009-06-07,569535.0,53.3,12252.0
2009-06-08,569535.0,53.3,12252.0
2009-06-09,569535.0,53.3,12252.0
2009-06-10,569535.0,53.3,12252.0
2009-06-11,569535.0,53.3,12252.0
2009-06-12,569535.0,53.3,12252.0
2009-06-13,569535.0,53.3,12252.0
2009-06-14,569535.0,53.3,12252.0
2009-06-15,569535.0,53.3,12252.0
2009-06-16,569535.0,53.3,12252.0
2009-06-17,569535.0,53.3,12252.0
2009-06-18,569535.0,53.3,12252.0
2009-06-19,569535.0,53.3,12252.0
2009-06-20,569535.0,53.3,12252.0
2009-06-21,569535.0,53.3,12252.0
2009-06-22,569535.0,53.3,12252.0
2009-06-23,569535.0,53.3,12252.0
2009-06-24,569535.0,53.3,12252.0
2009-06-25,569535.0,53.3,12252.0
2009-06-26,569535.0,53.3,12252.0
2009-06-27,569535.0,53.3,12252.0
2009-06-28,569535.0,53.3,12252.0
2009-06-29,569535.0,53.3,12252.0
2009-06-30,569535.0,53.3,12252.0
2009-07-01,569535.0,53.3,12252.0
2009-07-02,569535.0,53.3,12252.0
2009-07-03,569535.0,53.3,12252.0
2009-07-04,569535.0,53.3,12252.0
2009-07-05,569535.0,53.3,12252.0
2009-07-06,569535.0,53.3,12252.0
2009-07-07,569535.0,53.3,12252.0
2009-07-08,569535.0,53.3,12252.0
2009-07-09,569535.0,53.3,12252.0
2009-07-10,569535.0,53.3,12252.0
2009-07-11,569535.0,53.3,12252.0
2009-07-12,569535.0,53.3,12252.0
2009-07-13,569535.0,53.3,12252.0
2009-07-14,569535.0,53.3,12252.0
2009-07-15,569535.0,53.3,12252.0
2009-07-16,569535.0,53.3,12252.0
2009-07-17,569535.0,53.3,12252.0
2009-07-18,569535.0,53.3,12252.0
2009-07-19,569535.0,53.3,12252.0
2009-07-20,569535.0,53.3,12252.0
2009-07-21,569535.0,53.3,12252.0
2009-07-22,569535.0,53.3,12252.0
2009-07-23,569535.0,53.3,12252.0
2009-07-24,569535.0,53.3,12252.0
2009-07-25,569535.0,53.3,12252.0
2009-07-26,569535.0,53.3,12252.0
2009-07-27,569535.0,53.3,12252.0
2009-07-28,569535.0,53.3,12252.0
2009-07-29,569535.0,53.3,12252.0
2009-07-30,569535.0,53.3,12252.0
2009-07-31,569535.0,53.3,12252.0
2009-08-01,569535.0,53.3,12252.0
2009-08-02,569535.0,53.3,12252.0
2009-08-03,569535.0,53.3,12252.0
2009-08-04,569535.0,53.3,12252.0
2009-08-05,569535.0,53.3,12252.0
2009-08-06,569535.0,53.3,12252.0
2009-08-07,569535.0,53.3,12252.0
2009-08-08,569535.0,53.3,12252.0
2009-08-09,569535.0,53.3,12252.0
2009-08-10,569535.0,53.3,12252.0
2009-08-11,569535.0,53.3,12252.0
2009-08-12,569535.0,53.3,12252.0
2009-08-13,569535.0,53.3,12252.0
2009-08-14,569535.0,53.3,12252.0
2009-08-15,569535.0,53.3,12252.0
2009-08-16,569535.0,53.3,12252.0
2009-08-17,569535.0,53.3,12252.0
2009-08-18,569535.0,53.3,12252.0
2009-08-19,569535.0,53.3,12252.0
2009-08-20,569535.0,53.3,12252.0
2009-08-21,569535.0,53.3,12252.0
2009-08-22,569535.0,53.3,12252.0
2009-08-23,569535.0,53.3,12252.0
2009-08-24,569535.0,53.3,12252.0
2009-08-25,569535.0,53.3,12252.0
2009-08-26,569535.0,53.3,12252.0
2009-08-27,569535.0,53.3,12252.0
2009-08-28,569535.0,53.3,12252.0
2009-08-29,569535.0,53.3,12252.0
2009-08-30,569535.0,53.3,12252.0
2009-08-31,569535.0,53.3,12252.0
2009-09-01,569535.0,53.3,12252.0
2009-09-02,569535.0,53.3,12252.0
2009-09-03,569535.0,53.3,12252.0
2009-09-04,569535.0,53.3,12252.0
2009-09-05,569535.0,53.3,12252.0
2009-09-06,569535.0,53.3,12252.0
2009-09-07,569535.0,53.3,12252.0
2009-09-08,569535.0,53.3,12252.0
2009-09-09,569535.0,53.3,12252.0
2009-09-10,569535.0,53.3,12252.0
2009-09-11,569535.0,53.3,12252.0
2009-09-12,569535.0,53.3,12252.0
2009-09-13,569535.0,53.3,12252.0
2009-09-14,569535.0,53.3,12252.0
2009-09-15,569535.0,53.3,12252.0
2009-09-16,569535.0,53.3,12252.0
2009-09-17,569535.0,53.3,12252.0
2009-09-18,569535.0,53.3,12252.0
2009-09-19,569535.0,53.3,12252.0
2009-09-20,569535.0,53.3,12252.0
2009-09-21,569535.0,53.3,12252.0
2009-09-22,569535.0,53.3,12252.0
2009-09-23,569535.0,53.3,12252.0
2009-09-24,569535.0,53.3,12252.0
2009-09-25,569535.0,53.3,12252.0
2009-09-26,569535.0,53.3,12252.0
2009-09-27,569535.0,53.3,12252.0
2009-09-28,569535.0,53.3,12252.0
2009-09-29,569535.0,53.3,12252.0
2009-09-30,569535.0,53.3,12252.0
2009-10-01,569535.0,53.3,12252.0
2009-10-02,569535.0,53.3,12252.0
2009-10-03,569535.0,53.3,12252.0
2009-10-04,569535.0,53.3,12252.0
2009-10-05,569535.0,53.3,12252.0
2009-10-06,569535.0,53.3,12252.0
2009-10-07,569535.0,53.3,12252.0
2009-10-08,569535.0,53.3,12252.0
2009-10-09,569535.0,53.3,12252.0
2009-10-10,569535.0,53.3,12252.0
2009-10-11,569535.0,53.3,12252.0
2009-10-12,569535.0,53.3,12252.0
2009-10-13,569535.0,53.3,12252.0
2009-10-14,569535.0,53.3,12252.0
2009-10-15,569535.0,53.3,12252.0
2009-10-16,569535.0,53.3,12252.0
2009-10-17,569535.0,53.3,12252.0
2009-10-18,569535.0,53.3,12252.0
2009-10-19,569535.0,53.3,12252.0
2009-10-20,569535.0,53.3,12252.0
2009-10-21,569535.0,53.3,12252.0
2009-10-22,569535.0,53.3,12252.0
2009-10-23,569535.0,53.3,12252.0
2009-10-24,569535.0,53.3,12252.0
2009-10-25,569535.0,53.3,12252.0
2009-10-26,569535.0,53.3,12252.0
2009-10-27,569535.0,53.3,12252.0
2009-10-28,569535.0,53.3,12252.0
2009-10-29,569535.0,53.3,12252.0
2009-10-30,569535.0,53.3,12252.0
2009-10-31,569535.0,53.3,12252.0
2009-11-01,569535.0,53.3,12252.0
2009-11-02,569535.0,53.3,12252.0
2009-11-03,569535.0,53.3,12252.0
2009-11-04,569535.0,53.3,12252.0
2009-11-05,569535.0,53.3,12252.0
2009-11-06,569535.0,53.3,12252.0
2009-11-07,569535.0,53.3,12252.0
2009-11-08,569535.0,53.3,12252.0
2009-11-09,569535.0,53.3,12252.0
2009-11-10,569535.0,53.3,12252.0
2009-11-11,569535.0,53.3,12252.0
2009-11-12,569535.0,53.3,12252.0
2009-11-13,569535.0,53.3,12252.0
2009-11-14,569535.0,53.3,12252.0
2009-11-15,569535.0,53.3,12252.0
2009-11-16,569535.0,53.3,12252.0
2009-11-17,569535.0,53.3,12252.0
2009-11-18,569535.0,53.3,12252.0
2009-11-19,569535.0,53.3,12252.0
2009-11-20,569535.0,53.3,12252.0
2009-11-21,569535.0,53.3,12252.0
2009-11-22,569535.0,53.3,12252.0
2009-11-23,569535.0,53.3,12252.0
2009-11-24,569535.0,53.3,12252.0
2009-11-25,569535.0,53.3,12252.0
2009-11-26,569535.0,53.3,12252.0
2009-11-27,569535.0,53.3,12252.0
2009-11-28,569535.0,53.3,12252.0
2009-11-29,569535.0,53.3,12252.0
2009-11-30,569535.0,53.3,12252.0
2009-12-01,569535.0,53.3,12252.0
2009-12-02,569535.0,53.3,12252.0
2009-12-03,569535.0,53.3,12252.0
2009-12-04,569535.0,53.3,12252.0
2009-12-05,569535.0,53.3,12252.0
2009-12-06,569535.0,53.3,12252.0
2009-12-07,569535.0,53.3,12252.0
2009-12-08,569535.0,53.3,12252.0
2009-12-09,569535.0,53.3,12252.0
2009-12-10,569535.0,53.3,12252.0
2009-12-11,569535.0,53.3,12252.0
2009-12-12,569535.0,53.3,12252.0
2009-12-13,569535.0,53.3,12252.0
2009-12-14,569535.0,53.3,12252.0
2009-12-15,569535.0,53.3,12252.0
2009-12-16,569535.0,53.3,12252.0
2009-12-17,569535.0,53.3,12252.0
2009-12-18,569535.0,53.3,12252.0
2009-12-19,569535.0,53.3,12252.0
2009-12-20,569535.0,53.3,12252.0
2009-12-21,569535.0,53.3,12252.0
2009-12-22,569535.0,53.3,12252.0
2009-12-23,569535.0,53.3,12252.0
2009-12-24,569535.0,53.3,12252.0
2009-12-25,569535.0,53.3,12252.0
2009-12-26,569535.0,53.3,12252.0
2009-12-27,569535.0,53.3,12252.0
2009-12-28,569535.0,53.3,12252.0
2009-12-29,569535.0,53.3,12252.0
2009-12-30,569535.0,53.3,12252.0
2009-12-31,569535.0,53.3,12252.0
2010-01-01,649153.0,60.5,13910.0
2010-01-02,649153.0,60.5,13910.0
2010-01-03,649153.0,60.5,13910.0
2010-01-04,649153.0,60.5,13910.0
2010-01-05,649153.0,60.5,13910.0
2010-01-06,649153.0,60.5,13910.0
2010-01-07,649153.0,60.5,13910.0
2010-01-08,649153.0,60.5,13910.0
2010-01-09,649153.0,60.5,13910.0
2010-01-10,649153.0,60.5,13910.0
2010-01-11,649153.0,60.5,13910.0
2010-01-12,649153.0,60.5,13910.0
2010-01-13,649153.0,60.5,13910.0
2010-01-14,649153.0,60.5,13910.0
2010-01-15,649153.0,60.5,13910.0
2010-01-16,649153.0,60.5,13910.0
2010-01-17,649153.0,60.5,13910.0
2010-01-18,649153.0,60.5,13910.0
2010-01-19,649153.0,60.5,13910.0
2010-01-20,649153.0,60.5,13910.0
2010-01-21,649153.0,60.5,13910.0
2010-01-22,649153.0,60.5,13910.0
2010-01-23,649153.0,60.5,13910.0
2010-01-24,649153.0,60.5,13910.0
2010-01-25,649153.0,60.5,13910.0
2010-01-26,649153.0,60.5,13910.0
2010-01-27,649153.0,60.5,13910.0
2010-01-28,649153.0,60.5,13910.0
2010-01-29,649153.0,60.5,13910.0
2010-01-30,649153.0,60.5,13910.0
2010-01-31,649153.0,60.5,13910.0
2010-02-01,649153.0,60.5,13910.0
2010-02-02,649153.0,60.5,13910.0
2010-02-03,649153.0,60.5,13910.0
2010-02-04,649153.0,60.5,13910.0
2010-02-05,649153.0,60.5,13910.0
2010-02-06,649153.0,60.5,13910.0
2010-02-07,649153.0,60.5,13910.0
2010-02-08,649153.0,60.5,13910.0
2010-02-09,649153.0,60.5,13910.0
2010-02-10,649153.0,60.5,13910.0
2010-02-11,649153.0,60.5,13910.0
2010-02-12,649153.0,60.5,13910.0
2010-02-13,649153.0,60.5,13910.0
2010-02-14,649153.0,60.5,13910.0
2010-02-15,649153.0,60.5,13910.0
2010-02-16,649153.0,60.5,13910.0
2010-02-17,649153.0,60.5,13910.0
2010-02-18,649153.0,60.5,13910.0
2010-02-19,649153.0,60.5,13910.0
2010-02-20,649153.0,60.5,13910.0
2010-02-21,649153.0,60.5,13910.0
2010-02-22,649153.0,60.5,13910.0
2010-02-23,649153.0,60.5,13910.0
2010-02-24,649153.0,60.5,13910.0
2010-02-25,649153.0,60.5,13910.0
2010-02-26,649153.0,60.5,13910.0
2010-02-27,649153.0,60.5,13910.0
2010-02-28,649153.0,60.5,13910.0
2010-03-01,649153.0,60.5,13910.0
2010-03-02,649153.0,60.5,13910.0
2010-03-03,649153.0,60.5,13910.0
2010-03-04,649153.0,60.5,13910.0
2010-03-05,649153.0,60.5,13910.0
2010-03-06,649153.0,60.5,13910.0
2010-03-07,649153.0,60.5,13910.0
2010-03-08,649153.0,60.5,13910.0
2010-03-09,649153.0,60.5,13910.0
2010-03-10,649153.0,60.5,13910.0
2010-03-11,649153.0,60.5,13910.0
2010-03-12,649153.0,60.5,13910.0
2010-03-13,649153.0,60.5,13910.0
2010-03-14,649153.0,60.5,13910.0
2010-03-15,649153.0,60.5,13910.0
2010-03-16,649153.0,60.5,13910.0
2010-03-17,649153.0,60.5,13910.0
2010-03-18,649153.0,60.5,13910.0
2010-03-19,649153.0,60.5,13910.0
2010-03-20,649153.0,60.5,13910.0
2010-03-21,649153.0,60.5,13910.0
2010-03-22,649153.0,60.5,13910.0
2010-03-23,649153.0,60.5,13910.0
2010-03-24,649153.0,60.5,13910.0
2010-03-25,649153.0,60.5,13910.0
2010-03-26,649153.0,60.5,13910.0
2010-03-27,649153.0,60.5,13910.0
2010-03-28,649153.0,60.5,13910.0
2010-03-29,649153.0,60.5,13910.0
2010-03-30,649153.0,60.5,13910.0
2010-03-31,649153.0,60.5,13910.0
2010-04-01,649153.0,60.5,13910.0
2010-04-02,649153.0,60.5,13910.0
2010-04-03,649153.0,60.5,13910.0
2010-04-04,649153.0,60.5,13910.0
2010-04-05,649153.0,60.5,13910.0
2010-04-06,649153.0,60.5,13910.0
2010-04-07,649153.0,60.5,13910.0
2010-04-08,649153.0,60.5,13910.0
2010-04-09,649153.0,60.5,13910.0
2010-04-10,649153.0,60.5,13910.0
2010-04-11,649153.0,60.5,13910.0
2010-04-12,649153.0,60.5,13910.0
2010-04-13,649153.0,60.5,13910.0
2010-04-14,649153.0,60.5,13910.0
2010-04-15,649153.0,60.5,13910.0
2010-04-16,649153.0,60.5,13910.0
2010-04-17,649153.0,60.5,13910.0
2010-04-18,649153.0,60.5,13910.0
2010-04-19,649153.0,60.5,13910.0
2010-04-20,649153.0,60.5,13910.0
2010-04-21,649153.0,60.5,13910.0
2010-04-22,649153.0,60.5,13910.0
2010-04-23,649153.0,60.5,13910.0
2010-04-24,649153.0,60.5,13910.0
2010-04-25,649153.0,60.5,13910.0
2010-04-26,649153.0,60.5,13910.0
2010-04-27,649153.0,60.5,13910.0
2010-04-28,649153.0,60.5,13910.0
2010-04-29,649153.0,60.5,13910.0
2010-04-30,649153.0,60.5,13910.0
2010-05-01,649153.0,60.5,13910.0
2010-05-02,649153.0,60.5,13910.0
2010-05-03,649153.0,60.5,13910.0
2010-05-04,649153.0,60.5,13910.0
2010-05-05,649153.0,60.5,13910.0
2010-05-06,649153.0,60.5,13910.0
2010-05-07,649153.0,60.5,13910.0
2010-05-08,649153.0,60.5,13910.0
2010-05-09,649153.0,60.5,13910.0
2010-05-10,649153.0,60.5,13910.0
2010-05-11,649153.0,60.5,13910.0
2010-05-12,649153.0,60.5,13910.0
2010-05-13,649153.0,60.5,13910.0
2010-05-14,649153.0,60.5,13910.0
2010-05-15,649153.0,60.5,13910.0
2010-05-16,649153.0,60.5,13910.0
2010-05-17,649153.0,60.5,13910.0
2010-05-18,649153.0,60.5,13910.0
2010-05-19,649153.0,60.5,13910.0
2010-05-20,649153.0,60.5,13910.0
2010-05-21,649153.0,60.5,13910.0
2010-05-22,649153.0,60.5,13910.0
2010-05-23,649153.0,60.5,13910.0
2010-05-24,649153.0,60.5,13910.0
2010-05-25,649153.0,60.5,13910.0
2010-05-26,649153.0,60.5,13910.0
2010-05-27,649153.0,60.5,13910.0
2010-05-28,649153.0,60.5,13910.0
2010-05-29,649153.0,60.5,13910.0
2010-05-30,649153.0,60.5,13910.0
2010-05-31,649153.0,60.5,13910.0
2010-06-01,649153.0,60.5,13910.0
2010-06-02,649153.0,60.5,13910.0
2010-06-03,649153.0,60.5,13910.0
2010-06-04,649153.0,60.5,13910.0
2010-06-05,649153.0,60.5,13910.0
2010-06-06,649153.0,60.5,13910.0
2010-06-07,649153.0,60.5,13910.0
2010-06-08,649153.0,60.5,13910.0
2010-06-09,649153.0,60.5,13910.0
2010-06-10,649153.0,60.5,13910.0
2010-06-11,649153.0,60.5,13910.0
2010-06-12,649153.0,60.5,13910.0
2010-06-13,649153.0,60.5,13910.0
2010-06-14,649153.0,60.5,13910.0
2010-06-15,649153.0,60.5,13910.0
2010-06-16,649153.0,60.5,13910.0
2010-06-17,649153.0,60.5,13910.0
2010-06-18,649153.0,60.5,13910.0
2010-06-19,649153.0,60.5,13910.0
2010-06-20,649153.0,60.5,13910.0
2010-06-21,649153.0,60.5,13910.0
2010-06-22,649153.0,60.5,13910.0
2010-06-23,649153.0,60.5,13910.0
2010-06-24,649153.0,60.5,13910.0
2010-06-25,649153.0,60.5,13910.0
2010-06-26,649153.0,60.5,13910.0
2010-06-27,649153.0,60.5,13910.0
2010-06-28,649153.0,60.5,13910.0
2010-06-29,649153.0,60.5,13910.0
2010-06-30,649153.0,60.5,13910.0
2010-07-01,649153.0,60.5,13910.0
2010-07-02,649153.0,60.5,13910.0
2010-07-03,649153.0,60.5,13910.0
2010-07-04,649153.0,60.5,13910.0
2010-07-05,649153.0,60.5,13910.0
2010-07-06,649153.0,60.5,13910.0
2010-07-07,649153.0,60.5,13910.0
2010-07-08,649153.0,60.5,13910.0
2010-07-09,649153.0,60.5,13910.0
2010-07-10,649153.0,60.5,13910.0
2010-07-11,649153.0,60.5,13910.0
2010-07-12,649153.0,60.5,13910.0
2010-07-13,649153.0,60.5,13910.0
2010-07-14,649153.0,60.5,13910.0
2010-07-15,649153.0,60.5,13910.0
2010-07-16,649153.0,60.5,13910.0
2010-07-17,649153.0,60.5,13910.0
2010-07-18,649153.0,60.5,13910.0
2010-07-19,649153.0,60.5,13910.0
2010-07-20,649153.0,60.5,13910.0
2010-07-21,649153.0,60.5,13910.0
2010-07-22,649153.0,60.5,13910.0
2010-07-23,649153.0,60.5,13910.0
2010-07-24,649153.0,60.5,13910.0
2010-07-25,649153.0,60.5,13910.0
2010-07-26,649153.0,60.5,13910.0
2010-07-27,649153.0,60.5,13910.0
2010-07-28,649153.0,60.5,13910.0
2010-07-29,649153.0,60.5,13910.0
2010-07-30,649153.0,60.5,13910.0
2010-07-31,649153.0,60.5,13910.0
2010-08-01,649153.0,60.5,13910.0
2010-08-02,649153.0,60.5,13910.0
2010-08-03,649153.0,60.5,13910.0
2010-08-04,649153.0,60.5,13910.0
2010-08-05,649153.0,60.5,13910.0
2010-08-06,649153.0,60.5,13910.0
2010-08-07,649153.0,60.5,13910.0
2010-08-08,649153.0,60.5,13910.0
2010-08-09,649153.0,60.5,13910.0
2010-08-10,649153.0,60.5,13910.0
2010-08-11,649153.0,60.5,13910.0
2010-08-12,649153.0,60.5,13910.0
2010-08-13,649153.0,60.5,13910.0
2010-08-14,649153.0,60.5,13910.0
2010-08-15,649153.0,60.5,13910.0
2010-08-16,649153.0,60.5,13910.0
2010-08-17,649153.0,60.5,13910.0
2010-08-18,649153.0,60.5,13910.0
2010-08-19,649153.0,60.5,13910.0
2010-08-20,649153.0,60.5,13910.0
2010-08-21,649153.0,60.5,13910.0
2010-08-22,649153.0,60.5,13910.0
2010-08-23,649153.0,60.5,13910.0
2010-08-24,649153.0,60.5,13910.0
2010-08-25,649153.0,60.5,13910.0
2010-08-26,649153.0,60.5,13910.0
2010-08-27,649153.0,60.5,13910.0
2010-08-28,649153.0,60.5,13910.0
2010-08-29,649153.0,60.5,13910.0
2010-08-30,649153.0,60.5,13910.0
2010-08-31,649153.0,60.5,13910.0
2010-09-01,649153.0,60.5,13910.0
2010-09-02,649153.0,60.5,13910.0
2010-09-03,649153.0,60.5,13910.0
2010-09-04,649153.0,60.5,13910.0
2010-09-05,649153.0,60.5,13910.0
2010-09-06,649153.0,60.5,13910.0
2010-09-07,649153.0,60.5,13910.0
2010-09-08,649153.0,60.5,13910.0
2010-09-09,649153.0,60.5,13910.0
2010-09-10,649153.0,60.5,13910.0
2010-09-11,649153.0,60.5,13910.0
2010-09-12,649153.0,60.5,13910.0
2010-09-13,649153.0,60.5,13910.0
2010-09-14,649153.0,60.5,13910.0
2010-09-15,649153.0,60.5,13910.0
2010-09-16,649153.0,60.5,13910.0
2010-09-17,649153.0,60.5,13910.0
2010-09-18,649153.0,60.5,13910.0
2010-09-19,649153.0,60.5,13910.0
2010-09-20,649153.0,60.5,13910.0
2010-09-21,649153.0,60.5,13910.0
2010-09-22,649153.0,60.5,13910.0
2010-09-23,649153.0,60.5,13910.0
2010-09-24,649153.0,60.5,13910.0
2010-09-25,649153.0,60.5,13910.0
2010-09-26,649153.0,60.5,13910.0
2010-09-27,649153.0,60.5,13910.0
2010-09-28,649153.0,60.5,13910.0
2010-09-29,649153.0,60.5,13910.0
2010-09-30,649153.0,60.5,13910.0
2010-10-01,649153.0,60.5,13910.0
2010-10-02,649153.0,60.5,13910.0
2010-10-03,649153.0,60.5,13910.0
2010-10-04,649153.0,60.5,13910.0
2010-10-05,649153.0,60.5,13910.0
2010-10-06,649153.0,60.5,13910.0
2010-10-07,649153.0,60.5,13910.0
2010-10-08,649153.0,60.5,13910.0
2010-10-09,649153.0,60.5,13910.0
2010-10-10,649153.0,60.5,13910.0
2010-10-11,649153.0,60.5,13910.0
2010-10-12,649153.0,60.5,13910.0
2010-10-13,649153.0,60.5,13910.0
2010-10-14,649153.0,60.5,13910.0
2010-10-15,649153.0,60.5,13910.0
2010-10-16,649153.0,60.5,13910.0
2010-10-17,649153.0,60.5,13910.0
2010-10-18,649153.0,60.5,13910.0
2010-10-19,649153.0,60.5,13910.0
2010-10-20,649153.0,60.5,13910.0
2010-10-21,649153.0,60.5,13910.0
2010-10-22,649153.0,60.5,13910.0
2010-10-23,649153.0,60.5,13910.0
2010-10-24,649153.0,60.5,13910.0
2010-10-25,649153.0,60.5,13910.0
2010-10-26,649153.0,60.5,13910.0
2010-10-27,649153.0,60.5,13910.0
2010-10-28,649153.0,60.5,13910.0
2010-10-29,649153.0,60.5,13910.0
2010-10-30,649153.0,60.5,13910.0
2010-10-31,649153.0,60.5,13910.0
2010-11-01,649153.0,60.5,13910.0
2010-11-02,649153.0,60.5,13910.0
2010-11-03,649153.0,60.5,13910.0
2010-11-04,649153.0,60.5,13910.0
2010-11-05,649153.0,60.5,13910.0
2010-11-06,649153.0,60.5,13910.0
2010-11-07,649153.0,60.5,13910.0
2010-11-08,649153.0,60.5,13910.0
2010-11-09,649153.0,60.5,13910.0
2010-11-10,649153.0,60.5,13910.0
2010-11-11,649153.0,60.5,13910.0
2010-11-12,649153.0,60.5,13910.0
2010-11-13,649153.0,60.5,13910.0
2010-11-14,649153.0,60.5,13910.0
2010-11-15,649153.0,60.5,13910.0
2010-11-16,649153.0,60.5,13910.0
2010-11-17,649153.0,60.5,13910.0
2010-11-18,649153.0,60.5,13910.0
2010-11-19,649153.0,60.5,13910.0
2010-11-20,649153.0,60.5,13910.0
2010-11-21,649153.0,60.5,13910.0
2010-11-22,649153.0,60.5,13910.0
2010-11-23,649153.0,60.5,13910.0
2010-11-24,649153.0,60.5,13910.0
2010-11-25,649153.0,60.5,13910.0
2010-11-26,649153.0,60.5,13910.0
2010-11-27,649153.0,60.5,13910.0
2010-11-28,649153.0,60.5,13910.0
2010-11-29,649153.0,60.5,13910.0
2010-11-30,649153.0,60.5,13910.0
2010-12-01,649153.0,60.5,13910.0
2010-12-02,649153.0,60.5,13910.0
2010-12-03,649153.0,60.5,13910.0
2010-12-04,649153.0,60.5,13910.0
2010-12-05,649153.0,60.5,13910.0
2010-12-06,649153.0,60.5,13910.0
2010-12-07,649153.0,60.5,13910.0
2010-12-08,649153.0,60.5,13910.0
2010-12-09,649153.0,60.5,13910.0
2010-12-10,649153.0,60.5,13910.0
2010-12-11,649153.0,60.5,13910.0
2010-12-12,649153.0,60.5,13910.0
2010-12-13,649153.0,60.5,13910.0
2010-12-14,649153.0,60.5,13910.0
2010-12-15,649153.0,60.5,13910.0
2010-12-16,649153.0,60.5,13910.0
2010-12-17,649153.0,60.5,13910.0
2010-12-18,649153.0,60.5,13910.0
2010-12-19,649153.0,60.5,13910.0
2010-12-20,649153.0,60.5,13910.0
2010-12-21,649153.0,60.5,13910.0
2010-12-22,649153.0,60.5,13910.0
2010-12-23,649153.0,60.5,13910.0
2010-12-24,649153.0,60.5,13910.0
2010-12-25,649153.0,60.5,13910.0
2010-12-26,649153.0,60.5,13910.0
2010-12-27,649153.0,60.5,13910.0
2010-12-28,649153.0,60.5,13910.0
2010-12-29,649153.0,60.5,13910.0
2010-12-30,649153.0,60.5,13910.0
2010-12-31,649153.0,60.5,13910.0
2011-01-01,743043.0,69.89999999999999,15871.0
2011-01-02,743043.0,69.89999999999999,15871.0
2011-01-03,743043.0,69.89999999999999,15871.0
2011-01-04,743043.0,69.89999999999999,15871.0
2011-01-05,743043.0,69.89999999999999,15871.0
2011-01-06,743043.0,69.89999999999999,15871.0
2011-01-07,743043.0,69.89999999999999,15871.0
2011-01-08,743043.0,69.89999999999999,15871.0
2011-01-09,743043.0,69.89999999999999,15871.0
2011-01-10,743043.0,69.89999999999999,15871.0
2011-01-11,743043.0,69.89999999999999,15871.0
2011-01-12,743043.0,69.89999999999999,15871.0
2011-01-13,743043.0,69.89999999999999,15871.0
2011-01-14,743043.0,69.89999999999999,15871.0
2011-01-15,743043.0,69.89999999999999,15871.0
2011-01-16,743043.0,69.89999999999999,15871.0
2011-01-17,743043.0,69.89999999999999,15871.0
2011-01-18,743043.0,69.89999999999999,15871.0
2011-01-19,743043.0,69.89999999999999,15871.0
2011-01-20,743043.0,69.89999999999999,15871.0
2011-01-21,743043.0,69.89999999999999,15871.0
2011-01-22,743043.0,69.89999999999999,15871.0
2011-01-23,743043.0,69.89999999999999,15871.0
2011-01-24,743043.0,69.89999999999999,15871.0
2011-01-25,743043.0,69.89999999999999,15871.0
2011-01-26,743043.0,69.89999999999999,15871.0
2011-01-27,743043.0,69.89999999999999,15871.0
2011-01-28,743043.0,69.89999999999999,15871.0
2011-01-29,743043.0,69.89999999999999,15871.0
2011-01-30,743043.0,69.89999999999999,15871.0
2011-01-31,743043.0,69.89999999999999,15871.0
2011-02-01,743043.0,69.89999999999999,15871.0
2011-02-02,743043.0,69.89999999999999,15871.0
2011-02-03,743043.0,69.89999999999999,15871.0
2011-02-04,743043.0,69.89999999999999,15871.0
2011-02-05,743043.0,69.89999999999999,15871.0
2011-02-06,743043.0,69.89999999999999,15871.0
2011-02-07,743043.0,69.89999999999999,15871.0
2011-02-08,743043.0,69.89999999999999,15871.0
2011-02-09,743043.0,69.89999999999999,15871.0
2011-02-10,743043.0,69.89999999999999,15871.0
2011-02-11,743043.0,69.89999999999999,15871.0
2011-02-12,743043.0,69.89999999999999,15871.0
2011-02-13,743043.0,69.89999999999999,15871.0
2011-02-14,743043.0,69.89999999999999,15871.0
2011-02-15,743043.0,69.89999999999999,15871.0
2011-02-16,743043.0,69.89999999999999,15871.0
2011-02-17,743043.0,69.89999999999999,15871.0
2011-02-18,743043.0,69.89999999999999,15871.0
2011-02-19,743043.0,69.89999999999999,15871.0
2011-02-20,743043.0,69.89999999999999,15871.0
2011-02-21,743043.0,69.89999999999999,15871.0
2011-02-22,743043.0,69.89999999999999,15871.0
2011-02-23,743043.0,69.89999999999999,15871.0
2011-02-24,743043.0,69.89999999999999,15871.0
2011-02-25,743043.0,69.89999999999999,15871.0
2011-02-26,743043.0,69.89999999999999,15871.0
2011-02-27,743043.0,69.89999999999999,15871.0
2011-02-28,743043.0,69.89999999999999,15871.0
2011-03-01,743043.0,69.89999999999999,15871.0
2011-03-02,743043.0,69.89999999999999,15871.0
2011-03-03,743043.0,69.89999999999999,15871.0
2011-03-04,743043.0,69.89999999999999,15871.0
2011-03-05,743043.0,69.89999999999999,15871.0
2011-03-06,743043.0,69.89999999999999,15871.0
2011-03-07,743043.0,69.89999999999999,15871.0
2011-03-08,743043.0,69.89999999999999,15871.0
2011-03-09,743043.0,69.89999999999999,15871.0
2011-03-10,743043.0,69.89999999999999,15871.0
2011-03-11,743043.0,69.89999999999999,15871.0
2011-03-12,743043.0,69.89999999999999,15871.0
2011-03-13,743043.0,69.89999999999999,15871.0
2011-03-14,743043.0,69.89999999999999,15871.0
2011-03-15,743043.0,69.89999999999999,15871.0
2011-03-16,743043.0,69.89999999999999,15871.0
2011-03-17,743043.0,69.89999999999999,15871.0
2011-03-18,743043.0,69.89999999999999,15871.0
2011-03-19,743043.0,69.89999999999999,15871.0
2011-03-20,743043.0,69.89999999999999,15871.0
2011-03-21,743043.0,69.89999999999999,15871.0
2011-03-22,743043.0,69.89999999999999,15871.0
2011-03-23,743043.0,69.89999999999999,15871.0
2011-03-24,743043.0,69.89999999999999,15871.0
2011-03-25,743043.0,69.89999999999999,15871.0
2011-03-26,743043.0,69.89999999999999,15871.0
2011-03-27,743043.0,69.89999999999999,15871.0
2011-03-28,743043.0,69.89999999999999,15871.0
2011-03-29,743043.0,69.89999999999999,15871.0
2011-03-30,743043.0,69.89999999999999,15871.0
2011-03-31,743043.0,69.89999999999999,15871.0
2011-04-01,743043.0,69.89999999999999,15871.0
2011-04-02,743043.0,69.89999999999999,15871.0
2011-04-03,743043.0,69.89999999999999,15871.0
2011-04-04,743043.0,69.89999999999999,15871.0
2011-04-05,743043.0,69.89999999999999,15871.0
2011-04-06,743043.0,69.89999999999999,15871.0
2011-04-07,743043.0,69.89999999999999,15871.0
2011-04-08,743043.0,69.89999999999999,15871.0
2011-04-09,743043.0,69.89999999999999,15871.0
2011-04-10,743043.0,69.89999999999999,15871.0
2011-04-11,743043.0,69.89999999999999,15871.0
2011-04-12,743043.0,69.89999999999999,15871.0
2011-04-13,743043.0,69.89999999999999,15871.0
2011-04-14,743043.0,69.89999999999999,15871.0
2011-04-15,743043.0,69.89999999999999,15871.0
2011-04-16,743043.0,69.89999999999999,15871.0
2011-04-17,743043.0,69.89999999999999,15871.0
2011-04-18,743043.0,69.89999999999999,15871.0
2011-04-19,743043.0,69.89999999999999,15871.0
2011-04-20,743043.0,69.89999999999999,15871.0
2011-04-21,743043.0,69.89999999999999,15871.0
2011-04-22,743043.0,69.89999999999999,15871.0
2011-04-23,743043.0,69.89999999999999,15871.0
2011-04-24,743043.0,69.89999999999999,15871.0
2011-04-25,743043.0,69.89999999999999,15871.0
2011-04-26,743043.0,69.89999999999999,15871.0
2011-04-27,743043.0,69.89999999999999,15871.0
2011-04-28,743043.0,69.89999999999999,15871.0
2011-04-29,743043.0,69.89999999999999,15871.0
2011-04-30,743043.0,69.89999999999999,15871.0
2011-05-01,743043.0,69.89999999999999,15871.0
2011-05-02,743043.0,69.89999999999999,15871.0
2011-05-03,743043.0,69.89999999999999,15871.0
2011-05-04,743043.0,69.89999999999999,15871.0
2011-05-05,743043.0,69.89999999999999,15871.0
2011-05-06,743043.0,69.89999999999999,15871.0
2011-05-07,743043.0,69.89999999999999,15871.0
2011-05-08,743043.0,69.89999999999999,15871.0
2011-05-09,743043.0,69.89999999999999,15871.0
2011-05-10,743043.0,69.89999999999999,15871.0
2011-05-11,743043.0,69.89999999999999,15871.0
2011-05-12,743043.0,69.89999999999999,15871.0
2011-05-13,743043.0,69.89999999999999,15871.0
2011-05-14,743043.0,69.89999999999999,15871.0
2011-05-15,743043.0,69.89999999999999,15871.0
2011-05-16,743043.0,69.89999999999999,15871.0
2011-05-17,743043.0,69.89999999999999,15871.0
2011-05-18,743043.0,69.89999999999999,15871.0
2011-05-19,743043.0,69.89999999999999,15871.0
2011-05-20,743043.0,69.89999999999999,15871.0
2011-05-21,743043.0,69.89999999999999,15871.0
2011-05-22,743043.0,69.89999999999999,15871.0
2011-05-23,743043.0,69.89999999999999,15871.0
2011-05-24,743043.0,69.89999999999999,15871.0
2011-05-25,743043.0,69.89999999999999,15871.0
2011-05-26,743043.0,69.89999999999999,15871.0
2011-05-27,743043.0,69.89999999999999,15871.0
2011-05-28,743043.0,69.89999999999999,15871.0
2011-05-29,743043.0,69.89999999999999,15871.0
2011-05-30,743043.0,69.89999999999999,15871.0
2011-05-31,743043.0,69.89999999999999,15871.0
2011-06-01,743043.0,69.89999999999999,15871.0
2011-06-02,743043.0,69.89999999999999,15871.0
2011-06-03,743043.0,69.89999999999999,15871.0
2011-06-04,743043.0,69.89999999999999,15871.0
2011-06-05,743043.0,69.89999999999999,15871.0
2011-06-06,743043.0,69.89999999999999,15871.0
2011-06-07,743043.0,69.89999999999999,15871.0
2011-06-08,743043.0,69.89999999999999,15871.0
2011-06-09,743043.0,69.89999999999999,15871.0
2011-06-10,743043.0,69.89999999999999,15871.0
2011-06-11,743043.0,69.89999999999999,15871.0
2011-06-12,743043.0,69.89999999999999,15871.0
2011-06-13,743043.0,69.89999999999999,15871.0
2011-06-14,743043.0,69.89999999999999,15871.0
2011-06-15,743043.0,69.89999999999999,15871.0
2011-06-16,743043.0,69.89999999999999,15871.0
2011-06-17,743043.0,69.89999999999999,15871.0
2011-06-18,743043.0,69.89999999999999,15871.0
2011-06-19,743043.0,69.89999999999999,15871.0
2011-06-20,743043.0,69.89999999999999,15871.0
2011-06-21,743043.0,69.89999999999999,15871.0
2011-06-22,743043.0,69.89999999999999,15871.0
2011-06-23,743043.0,69.89999999999999,15871.0
2011-06-24,743043.0,69.89999999999999,15871.0
2011-06-25,743043.0,69.89999999999999,15871.0
2011-06-26,743043.0,69.89999999999999,15871.0
2011-06-27,743043.0,69.89999999999999,15871.0
2011-06-28,743043.0,69.89999999999999,15871.0
2011-06-29,743043.0,69.89999999999999,15871.0
2011-06-30,743043.0,69.89999999999999,15871.0
2011-07-01,743043.0,69.89999999999999,15871.0
2011-07-02,743043.0,69.89999999999999,15871.0
2011-07-03,743043.0,69.89999999999999,15871.0
2011-07-04,743043.0,69.89999999999999,15871.0
2011-07-05,743043.0,69.89999999999999,15871.0
2011-07-06,743043.0,69.89999999999999,15871.0
2011-07-07,743043.0,69.89999999999999,15871.0
2011-07-08,743043.0,69.89999999999999,15871.0
2011-07-09,743043.0,69.89999999999999,15871.0
2011-07-10,743043.0,69.89999999999999,15871.0
2011-07-11,743043.0,69.89999999999999,15871.0
2011-07-12,743043.0,69.89999999999999,15871.0
2011-07-13,743043.0,69.89999999999999,15871.0
2011-07-14,743043.0,69.89999999999999,15871.0
2011-07-15,743043.0,69.89999999999999,15871.0
2011-07-16,743043.0,69.89999999999999,15871.0
2011-07-17,743043.0,69.89999999999999,15871.0
2011-07-18,743043.0,69.89999999999999,15871.0
2011-07-19,743043.0,69.89999999999999,15871.0
2011-07-20,743043.0,69.89999999999999,15871.0
2011-07-21,743043.0,69.89999999999999,15871.0
2011-07-22,743043.0,69.89999999999999,15871.0
2011-07-23,743043.0,69.89999999999999,15871.0
2011-07-24,743043.0,69.89999999999999,15871.0
2011-07-25,743043.0,69.89999999999999,15871.0
2011-07-26,743043.0,69.89999999999999,15871.0
2011-07-27,743043.0,69.89999999999999,15871.0
2011-07-28,743043.0,69.89999999999999,15871.0
2011-07-29,743043.0,69.89999999999999,15871.0
2011-07-30,743043.0,69.89999999999999,15871.0
2011-07-31,743043.0,69.89999999999999,15871.0
2011-08-01,743043.0,69.89999999999999,15871.0
2011-08-02,743043.0,69.89999999999999,15871.0
2011-08-03,743043.0,69.89999999999999,15871.0
2011-08-04,743043.0,69.89999999999999,15871.0
2011-08-05,743043.0,69.89999999999999,15871.0
2011-08-06,743043.0,69.89999999999999,15871.0
2011-08-07,743043.0,69.89999999999999,15871.0
2011-08-08,743043.0,69.89999999999999,15871.0
2011-08-09,743043.0,69.89999999999999,15871.0
2011-08-10,743043.0,69.89999999999999,15871.0
2011-08-11,743043.0,69.89999999999999,15871.0
2011-08-12,743043.0,69.89999999999999,15871.0
2011-08-13,743043.0,69.89999999999999,15871.0
2011-08-14,743043.0,69.89999999999999,15871.0
2011-08-15,743043.0,69.89999999999999,15871.0
2011-08-16,743043.0,69.89999999999999,15871.0
2011-08-17,743043.0,69.89999999999999,15871.0
2011-08-18,743043.0,69.89999999999999,15871.0
2011-08-19,743043.0,69.89999999999999,15871.0
2011-08-20,743043.0,69.89999999999999,15871.0
2011-08-21,743043.0,69.89999999999999,15871.0
2011-08-22,743043.0,69.89999999999999,15871.0
2011-08-23,743043.0,69.89999999999999,15871.0
2011-08-24,743043.0,69.89999999999999,15871.0
2011-08-25,743043.0,69.89999999999999,15871.0
2011-08-26,743043.0,69.89999999999999,15871.0
2011-08-27,743043.0,69.89999999999999,15871.0
2011-08-28,743043.0,69.89999999999999,15871.0
2011-08-29,743043.0,69.89999999999999,15871.0
2011-08-30,743043.0,69.89999999999999,15871.0
2011-08-31,743043.0,69.89999999999999,15871.0
2011-09-01,743043.0,69.89999999999999,15871.0
2011-09-02,743043.0,69.89999999999999,15871.0
2011-09-03,743043.0,69.89999999999999,15871.0
2011-09-04,743043.0,69.89999999999999,15871.0
2011-09-05,743043.0,69.89999999999999,15871.0
2011-09-06,743043.0,69.89999999999999,15871.0
2011-09-07,743043.0,69.89999999999999,15871.0
2011-09-08,743043.0,69.89999999999999,15871.0
2011-09-09,743043.0,69.89999999999999,15871.0
2011-09-10,743043.0,69.89999999999999,15871.0
2011-09-11,743043.0,69.89999999999999,15871.0
2011-09-12,743043.0,69.89999999999999,15871.0
2011-09-13,743043.0,69.89999999999999,15871.0
2011-09-14,743043.0,69.89999999999999,15871.0
2011-09-15,743043.0,69.89999999999999,15871.0
2011-09-16,743043.0,69.89999999999999,15871.0
2011-09-17,743043.0,69.89999999999999,15871.0
2011-09-18,743043.0,69.89999999999999,15871.0
2011-09-19,743043.0,69.89999999999999,15871.0
2011-09-20,743043.0,69.89999999999999,15871.0
2011-09-21,743043.0,69.89999999999999,15871.0
2011-09-22,743043.0,69.89999999999999,15871.0
2011-09-23,743043.0,69.89999999999999,15871.0
2011-09-24,743043.0,69.89999999999999,15871.0
2011-09-25,743043.0,69.89999999999999,15871.0
2011-09-26,743043.0,69.89999999999999,15871.0
2011-09-27,743043.0,69.89999999999999,15871.0
2011-09-28,743043.0,69.89999999999999,15871.0
2011-09-29,743043.0,69.89999999999999,15871.0
2011-09-30,743043.0,69.89999999999999,15871.0
2011-10-01,743043.0,69.89999999999999,15871.0
2011-10-02,743043.0,69.89999999999999,15871.0
2011-10-03,743043.0,69.89999999999999,15871.0
2011-10-04,743043.0,69.89999999999999,15871.0
2011-10-05,743043.0,69.89999999999999,15871.0
2011-10-06,743043.0,69.89999999999999,15871.0
2011-10-07,743043.0,69.89999999999999,15871.0
2011-10-08,743043.0,69.89999999999999,15871.0
2011-10-09,743043.0,69.89999999999999,15871.0
2011-10-10,743043.0,69.89999999999999,15871.0
2011-10-11,743043.0,69.89999999999999,15871.0
2011-10-12,743043.0,69.89999999999999,15871.0
2011-10-13,743043.0,69.89999999999999,15871.0
2011-10-14,743043.0,69.89999999999999,15871.0
2011-10-15,743043.0,69.89999999999999,15871.0
2011-10-16,743043.0,69.89999999999999,15871.0
2011-10-17,743043.0,69.89999999999999,15871.0
2011-10-18,743043.0,69.89999999999999,15871.0
2011-10-19,743043.0,69.89999999999999,15871.0
2011-10-20,743043.0,69.89999999999999,15871.0
2011-10-21,743043.0,69.89999999999999,15871.0
2011-10-22,743043.0,69.89999999999999,15871.0
2011-10-23,743043.0,69.89999999999999,15871.0
2011-10-24,743043.0,69.89999999999999,15871.0
2011-10-25,743043.0,69.89999999999999,15871.0
2011-10-26,743043.0,69.89999999999999,15871.0
2011-10-27,743043.0,69.89999999999999,15871.0
2011-10-28,743043.0,69.89999999999999,15871.0
2011-10-29,743043.0,69.89999999999999,15871.0
2011-10-30,743043.0,69.89999999999999,15871.0
2011-10-31,743043.0,69.89999999999999,15871.0
2011-11-01,743043.0,69.89999999999999,15871.0
2011-11-02,743043.0,69.89999999999999,15871.0
2011-11-03,743043.0,69.89999999999999,15871.0
2011-11-04,743043.0,69.89999999999999,15871.0
2011-11-05,743043.0,69.89999999999999,15871.0
2011-11-06,743043.0,69.89999999999999,15871.0
2011-11-07,743043.0,69.89999999999999,15871.0
2011-11-08,743043.0,69.89999999999999,15871.0
2011-11-09,743043.0,69.89999999999999,15871.0
2011-11-10,743043.0,69.89999999999999,15871.0
2011-11-11,743043.0,69.89999999999999,15871.0
2011-11-12,743043.0,69.89999999999999,15871.0
2011-11-13,743043.0,69.89999999999999,15871.0
2011-11-14,743043.0,69.89999999999999,15871.0
2011-11-15,743043.0,69.89999999999999,15871.0
2011-11-16,743043.0,69.89999999999999,15871.0
2011-11-17,743043.0,69.89999999999999,15871.0
2011-11-18,743043.0,69.89999999999999,15871.0
2011-11-19,743043.0,69.89999999999999,15871.0
2011-11-20,743043.0,69.89999999999999,15871.0
2011-11-21,743043.0,69.89999999999999,15871.0
2011-11-22,743043.0,69.89999999999999,15871.0
2011-11-23,743043.0,69.89999999999999,15871.0
2011-11-24,743043.0,69.89999999999999,15871.0
2011-11-25,743043.0,69.89999999999999,15871.0
2011-11-26,743043.0,69.89999999999999,15871.0
2011-11-27,743043.0,69.89999999999999,15871.0
2011-11-28,743043.0,69.89999999999999,15871.0
2011-11-29,743043.0,69.89999999999999,15871.0
2011-11-30,743043.0,69.89999999999999,15871.0
2011-12-01,743043.0,69.89999999999999,15871.0
2011-12-02,743043.0,69.89999999999999,15871.0
2011-12-03,743043.0,69.89999999999999,15871.0
2011-12-04,743043.0,69.89999999999999,15871.0
2011-12-05,743043.0,69.89999999999999,15871.0
2011-12-06,743043.0,69.89999999999999,15871.0
2011-12-07,743043.0,69.89999999999999,15871.0
2011-12-08,743043.0,69.89999999999999,15871.0
2011-12-09,743043.0,69.89999999999999,15871.0
2011-12-10,743043.0,69.89999999999999,15871.0
2011-12-11,743043.0,69.89999999999999,15871.0
2011-12-12,743043.0,69.89999999999999,15871.0
2011-12-13,743043.0,69.89999999999999,15871.0
2011-12-14,743043.0,69.89999999999999,15871.0
2011-12-15,743043.0,69.89999999999999,15871.0
2011-12-16,743043.0,69.89999999999999,15871.0
2011-12-17,743043.0,69.89999999999999,15871.0
2011-12-18,743043.0,69.89999999999999,15871.0
2011-12-19,743043.0,69.89999999999999,15871.0
2011-12-20,743043.0,69.89999999999999,15871.0
2011-12-21,743043.0,69.89999999999999,15871.0
2011-12-22,743043.0,69.89999999999999,15871.0
2011-12-23,743043.0,69.89999999999999,15871.0
2011-12-24,743043.0,69.89999999999999,15871.0
2011-12-25,743043.0,69.89999999999999,15871.0
2011-12-26,743043.0,69.89999999999999,15871.0
2011-12-27,743043.0,69.89999999999999,15871.0
2011-12-28,743043.0,69.89999999999999,15871.0
2011-12-29,743043.0,69.89999999999999,15871.0
2011-12-30,743043.0,69.89999999999999,15871.0
2011-12-31,743043.0,69.89999999999999,15871.0
2012-01-01,927813.0,90.0,19856.0
2012-01-02,927813.0,90.0,19856.0
2012-01-03,927813.0,90.0,19856.0
2012-01-04,927813.0,90.0,19856.0
2012-01-05,927813.0,90.0,19856.0
2012-01-06,927813.0,90.0,19856.0
2012-01-07,927813.0,90.0,19856.0
2012-01-08,927813.0,90.0,19856.0
2012-01-09,927813.0,90.0,19856.0
2012-01-10,927813.0,90.0,19856.0
2012-01-11,927813.0,90.0,19856.0
2012-01-12,927813.0,90.0,19856.0
2012-01-13,927813.0,90.0,19856.0
2012-01-14,927813.0,90.0,19856.0
2012-01-15,927813.0,90.0,19856.0
2012-01-16,927813.0,90.0,19856.0
2012-01-17,927813.0,90.0,19856.0
2012-01-18,927813.0,90.0,19856.0
2012-01-19,927813.0,90.0,19856.0
2012-01-20,927813.0,90.0,19856.0
2012-01-21,927813.0,90.0,19856.0
2012-01-22,927813.0,90.0,19856.0
2012-01-23,927813.0,90.0,19856.0
2012-01-24,927813.0,90.0,19856.0
2012-01-25,927813.0,90.0,19856.0
2012-01-26,927813.0,90.0,19856.0
2012-01-27,927813.0,90.0,19856.0
2012-01-28,927813.0,90.0,19856.0
2012-01-29,927813.0,90.0,19856.0
2012-01-30,927813.0,90.0,19856.0
2012-01-31,927813.0,90.0,19856.0
2012-02-01,927813.0,90.0,19856.0
2012-02-02,927813.0,90.0,19856.0
2012-02-03,927813.0,90.0,19856.0
2012-02-04,927813.0,90.0,19856.0
2012-02-05,927813.0,90.0,19856.0
2012-02-06,927813.0,90.0,19856.0
2012-02-07,927813.0,90.0,19856.0
2012-02-08,927813.0,90.0,19856.0
2012-02-09,927813.0,90.0,19856.0
2012-02-10,927813.0,90.0,19856.0
2012-02-11,927813.0,90.0,19856.0
2012-02-12,927813.0,90.0,19856.0
2012-02-13,927813.0,90.0,19856.0
2012-02-14,927813.0,90.0,19856.0
2012-02-15,927813.0,90.0,19856.0
2012-02-16,927813.0,90.0,19856.0
2012-02-17,927813.0,90.0,19856.0
2012-02-18,927813.0,90.0,19856.0
2012-02-19,927813.0,90.0,19856.0
2012-02-20,927813.0,90.0,19856.0
2012-02-21,927813.0,90.0,19856.0
2012-02-22,927813.0,90.0,19856.0
2012-02-23,927813.0,90.0,19856.0
2012-02-24,927813.0,90.0,19856.0
2012-02-25,927813.0,90.0,19856.0
2012-02-26,927813.0,90.0,19856.0
2012-02-27,927813.0,90.0,19856.0
2012-02-28,927813.0,90.0,19856.0
2012-02-29,927813.0,90.0,19856.0
2012-03-01,927813.0,90.0,19856.0
2012-03-02,927813.0,90.0,19856.0
2012-03-03,927813.0,90.0,19856.0
2012-03-04,927813.0,90.0,19856.0
2012-03-05,927813.0,90.0,19856.0
2012-03-06,927813.0,90.0,19856.0
2012-03-07,927813.0,90.0,19856.0
2012-03-08,927813.0,90.0,19856.0
2012-03-09,927813.0,90.0,19856.0
2012-03-10,927813.0,90.0,19856.0
2012-03-11,927813.0,90.0,19856.0
2012-03-12,927813.0,90.0,19856.0
2012-03-13,927813.0,90.0,19856.0
2012-03-14,927813.0,90.0,19856.0
2012-03-15,927813.0,90.0,19856.0
2012-03-16,927813.0,90.0,19856.0
2012-03-17,927813.0,90.0,19856.0
2012-03-18,927813.0,90.0,19856.0
2012-03-19,927813.0,90.0,19856.0
2012-03-20,927813.0,90.0,19856.0
2012-03-21,927813.0,90.0,19856.0
2012-03-22,927813.0,90.0,19856.0
2012-03-23,927813.0,90.0,19856.0
2012-03-24,927813.0,90.0,19856.0
2012-03-25,927813.0,90.0,19856.0
2012-03-26,927813.0,90.0,19856.0
2012-03-27,927813.0,90.0,19856.0
2012-03-28,927813.0,90.0,19856.0
2012-03-29,927813.0,90.0,19856.0
2012-03-30,927813.0,90.0,19856.0
2012-03-31,927813.0,90.0,19856.0
2012-04-01,927813.0,90.0,19856.0
2012-04-02,927813.0,90.0,19856.0
2012-04-03,927813.0,90.0,19856.0
2012-04-04,927813.0,90.0,19856.0
2012-04-05,927813.0,90.0,19856.0
2012-04-06,927813.0,90.0,19856.0
2012-04-07,927813.0,90.0,19856.0
2012-04-08,927813.0,90.0,19856.0
2012-04-09,927813.0,90.0,19856.0
2012-04-10,927813.0,90.0,19856.0
2012-04-11,927813.0,90.0,19856.0
2012-04-12,927813.0,90.0,19856.0
2012-04-13,927813.0,90.0,19856.0
2012-04-14,927813.0,90.0,19856.0
2012-04-15,927813.0,90.0,19856.0
2012-04-16,927813.0,90.0,19856.0
2012-04-17,927813.0,90.0,19856.0
2012-04-18,927813.0,90.0,19856.0
2012-04-19,927813.0,90.0,19856.0
2012-04-20,927813.0,90.0,19856.0
2012-04-21,927813.0,90.0,19856.0
2012-04-22,927813.0,90.0,19856.0
2012-04-23,927813.0,90.0,19856.0
2012-04-24,927813.0,90.0,19856.0
2012-04-25,927813.0,90.0,19856.0
2012-04-26,927813.0,90.0,19856.0
2012-04-27,927813.0,90.0,19856.0
2012-04-28,927813.0,90.0,19856.0
2012-04-29,927813.0,90.0,19856.0
2012-04-30,927813.0,90.0,19856.0
2012-05-01,927813.0,90.0,19856.0
2012-05-02,927813.0,90.0,19856.0
2012-05-03,927813.0,90.0,19856.0
2012-05-04,927813.0,90.0,19856.0
2012-05-05,927813.0,90.0,19856.0
2012-05-06,927813.0,90.0,19856.0
2012-05-07,927813.0,90.0,19856.0
2012-05-08,927813.0,90.0,19856.0
2012-05-09,927813.0,90.0,19856.0
2012-05-10,927813.0,90.0,19856.0
2012-05-11,927813.0,90.0,19856.0
2012-05-12,927813.0,90.0,19856.0
2012-05-13,927813.0,90.0,19856.0
2012-05-14,927813.0,90.0,19856.0
2012-05-15,927813.0,90.0,19856.0
2012-05-16,927813.0,90.0,19856.0
2012-05-17,927813.0,90.0,19856.0
2012-05-18,927813.0,90.0,19856.0
2012-05-19,927813.0,90.0,19856.0
2012-05-20,927813.0,90.0,19856.0
2012-05-21,927813.0,90.0,19856.0
2012-05-22,927813.0,90.0,19856.0
2012-05-23,927813.0,90.0,19856.0
2012-05-24,927813.0,90.0,19856.0
2012-05-25,927813.0,90.0,19856.0
2012-05-26,927813.0,90.0,19856.0
2012-05-27,927813.0,90.0,19856.0
2012-05-28,927813.0,90.0,19856.0
2012-05-29,927813.0,90.0,19856.0
2012-05-30,927813.0,90.0,19856.0
2012-05-31,927813.0,90.0,19856.0
2012-06-01,927813.0,90.0,19856.0
2012-06-02,927813.0,90.0,19856.0
2012-06-03,927813.0,90.0,19856.0
2012-06-04,927813.0,90.0,19856.0
2012-06-05,927813.0,90.0,19856.0
2012-06-06,927813.0,90.0,19856.0
2012-06-07,927813.0,90.0,19856.0
2012-06-08,927813.0,90.0,19856.0
2012-06-09,927813.0,90.0,19856.0
2012-06-10,927813.0,90.0,19856.0
2012-06-11,927813.0,90.0,19856.0
2012-06-12,927813.0,90.0,19856.0
2012-06-13,927813.0,90.0,19856.0
2012-06-14,927813.0,90.0,19856.0
2012-06-15,927813.0,90.0,19856.0
2012-06-16,927813.0,90.0,19856.0
2012-06-17,927813.0,90.0,19856.0
2012-06-18,927813.0,90.0,19856.0
2012-06-19,927813.0,90.0,19856.0
2012-06-20,927813.0,90.0,19856.0
2012-06-21,927813.0,90.0,19856.0
2012-06-22,927813.0,90.0,19856.0
2012-06-23,927813.0,90.0,19856.0
2012-06-24,927813.0,90.0,19856.0
2012-06-25,927813.0,90.0,19856.0
2012-06-26,927813.0,90.0,19856.0
2012-06-27,927813.0,90.0,19856.0
2012-06-28,927813.0,90.0,19856.0
2012-06-29,927813.0,90.0,19856.0
2012-06-30,927813.0,90.0,19856.0
2012-07-01,927813.0,90.0,19856.0
2012-07-02,927813.0,90.0,19856.0
2012-07-03,927813.0,90.0,19856.0
2012-07-04,927813.0,90.0,19856.0
2012-07-05,927813.0,90.0,19856.0
2012-07-06,927813.0,90.0,19856.0
2012-07-07,927813.0,90.0,19856.0
2012-07-08,927813.0,90.0,19856.0
2012-07-09,927813.0,90.0,19856.0
2012-07-10,927813.0,90.0,19856.0
2012-07-11,927813.0,90.0,19856.0
2012-07-12,927813.0,90.0,19856.0
2012-07-13,927813.0,90.0,19856.0
2012-07-14,927813.0,90.0,19856.0
2012-07-15,927813.0,90.0,19856.0
2012-07-16,927813.0,90.0,19856.0
2012-07-17,927813.0,90.0,19856.0
2012-07-18,927813.0,90.0,19856.0
2012-07-19,927813.0,90.0,19856.0
2012-07-20,927813.0,90.0,19856.0
2012-07-21,927813.0,90.0,19856.0
2012-07-22,927813.0,90.0,19856.0
2012-07-23,927813.0,90.0,19856.0
2012-07-24,927813.0,90.0,19856.0
2012-07-25,927813.0,90.0,19856.0
2012-07-26,927813.0,90.0,19856.0
2012-07-27,927813.0,90.0,19856.0
2012-07-28,927813.0,90.0,19856.0
2012-07-29,927813.0,90.0,19856.0
2012-07-30,927813.0,90.0,19856.0
2012-07-31,927813.0,90.0,19856.0
2012-08-01,927813.0,90.0,19856.0
2012-08-02,927813.0,90.0,19856.0
2012-08-03,927813.0,90.0,19856.0
2012-08-04,927813.0,90.0,19856.0
2012-08-05,927813.0,90.0,19856.0
2012-08-06,927813.0,90.0,19856.0
2012-08-07,927813.0,90.0,19856.0
2012-08-08,927813.0,90.0,19856.0
2012-08-09,927813.0,90.0,19856.0
2012-08-10,927813.0,90.0,19856.0
2012-08-11,927813.0,90.0,19856.0
2012-08-12,927813.0,90.0,19856.0
2012-08-13,927813.0,90.0,19856.0
2012-08-14,927813.0,90.0,19856.0
2012-08-15,927813.0,90.0,19856.0
2012-08-16,927813.0,90.0,19856.0
2012-08-17,927813.0,90.0,19856.0
2012-08-18,927813.0,90.0,19856.0
2012-08-19,927813.0,90.0,19856.0
2012-08-20,927813.0,90.0,19856.0
2012-08-21,927813.0,90.0,19856.0
2012-08-22,927813.0,90.0,19856.0
2012-08-23,927813.0,90.0,19856.0
2012-08-24,927813.0,90.0,19856.0
2012-08-25,927813.0,90.0,19856.0
2012-08-26,927813.0,90.0,19856.0
2012-08-27,927813.0,90.0,19856.0
2012-08-28,927813.0,90.0,19856.0
2012-08-29,927813.0,90.0,19856.0
2012-08-30,927813.0,90.0,19856.0
2012-08-31,927813.0,90.0,19856.0
2012-09-01,927813.0,90.0,19856.0
2012-09-02,927813.0,90.0,19856.0
2012-09-03,927813.0,90.0,19856.0
2012-09-04,927813.0,90.0,19856.0
2012-09-05,927813.0,90.0,19856.0
2012-09-06,927813.0,90.0,19856.0
2012-09-07,927813.0,90.0,19856.0
2012-09-08,927813.0,90.0,19856.0
2012-09-09,927813.0,90.0,19856.0
2012-09-10,927813.0,90.0,19856.0
2012-09-11,927813.0,90.0,19856.0
2012-09-12,927813.0,90.0,19856.0
2012-09-13,927813.0,90.0,19856.0
2012-09-14,927813.0,90.0,19856.0
2012-09-15,927813.0,90.0,19856.0
2012-09-16,927813.0,90.0,19856.0
2012-09-17,927813.0,90.0,19856.0
2012-09-18,927813.0,90.0,19856.0
2012-09-19,927813.0,90.0,19856.0
2012-09-20,927813.0,90.0,19856.0
2012-09-21,927813.0,90.0,19856.0
2012-09-22,927813.0,90.0,19856.0
2012-09-23,927813.0,90.0,19856.0
2012-09-24,927813.0,90.0,19856.0
2012-09-25,927813.0,90.0,19856.0
2012-09-26,927813.0,90.0,19856.0
2012-09-27,927813.0,90.0,19856.0
2012-09-28,927813.0,90.0,19856.0
2012-09-29,927813.0,90.0,19856.0
2012-09-30,927813.0,90.0,19856.0
2012-10-01,927813.0,90.0,19856.0
2012-10-02,927813.0,90.0,19856.0
2012-10-03,927813.0,90.0,19856.0
2012-10-04,927813.0,90.0,19856.0
2012-10-05,927813.0,90.0,19856.0
2012-10-06,927813.0,90.0,19856.0
2012-10-07,927813.0,90.0,19856.0
2012-10-08,927813.0,90.0,19856.0
2012-10-09,927813.0,90.0,19856.0
2012-10-10,927813.0,90.0,19856.0
2012-10-11,927813.0,90.0,19856.0
2012-10-12,927813.0,90.0,19856.0
2012-10-13,927813.0,90.0,19856.0
2012-10-14,927813.0,90.0,19856.0
2012-10-15,927813.0,90.0,19856.0
2012-10-16,927813.0,90.0,19856.0
2012-10-17,927813.0,90.0,19856.0
2012-10-18,927813.0,90.0,19856.0
2012-10-19,927813.0,90.0,19856.0
2012-10-20,927813.0,90.0,19856.0
2012-10-21,927813.0,90.0,19856.0
2012-10-22,927813.0,90.0,19856.0
2012-10-23,927813.0,90.0,19856.0
2012-10-24,927813.0,90.0,19856.0
2012-10-25,927813.0,90.0,19856.0
2012-10-26,927813.0,90.0,19856.0
2012-10-27,927813.0,90.0,19856.0
2012-10-28,927813.0,90.0,19856.0
2012-10-29,927813.0,90.0,19856.0
2012-10-30,927813.0,90.0,19856.0
2012-10-31,927813.0,90.0,19856.0
2012-11-01,927813.0,90.0,19856.0
2012-11-02,927813.0,90.0,19856.0
2012-11-03,927813.0,90.0,19856.0
2012-11-04,927813.0,90.0,19856.0
2012-11-05,927813.0,90.0,19856.0
2012-11-06,927813.0,90.0,19856.0
2012-11-07,927813.0,90.0,19856.0
2012-11-08,927813.0,90.0,19856.0
2012-11-09,927813.0,90.0,19856.0
2012-11-10,927813.0,90.0,19856.0
2012-11-11,927813.0,90.0,19856.0
2012-11-12,927813.0,90.0,19856.0
2012-11-13,927813.0,90.0,19856.0
2012-11-14,927813.0,90.0,19856.0
2012-11-15,927813.0,90.0,19856.0
2012-11-16,927813.0,90.0,19856.0
2012-11-17,927813.0,90.0,19856.0
2012-11-18,927813.0,90.0,19856.0
2012-11-19,927813.0,90.0,19856.0
2012-11-20,927813.0,90.0,19856.0
2012-11-21,927813.0,90.0,19856.0
2012-11-22,927813.0,90.0,19856.0
2012-11-23,927813.0,90.0,19856.0
2012-11-24,927813.0,90.0,19856.0
2012-11-25,927813.0,90.0,19856.0
2012-11-26,927813.0,90.0,19856.0
2012-11-27,927813.0,90.0,19856.0
2012-11-28,927813.0,90.0,19856.0
2012-11-29,927813.0,90.0,19856.0
2012-11-30,927813.0,90.0,19856.0
2012-12-01,927813.0,90.0,19856.0
2012-12-02,927813.0,90.0,19856.0
2012-12-03,927813.0,90.0,19856.0
2012-12-04,927813.0,90.0,19856.0
2012-12-05,927813.0,90.0,19856.0
2012-12-06,927813.0,90.0,19856.0
2012-12-07,927813.0,90.0,19856.0
2012-12-08,927813.0,90.0,19856.0
2012-12-09,927813.0,90.0,19856.0
2012-12-10,927813.0,90.0,19856.0
2012-12-11,927813.0,90.0,19856.0
2012-12-12,927813.0,90.0,19856.0
2012-12-13,927813.0,90.0,19856.0
2012-12-14,927813.0,90.0,19856.0
2012-12-15,927813.0,90.0,19856.0
2012-12-16,927813.0,90.0,19856.0
2012-12-17,927813.0,90.0,19856.0
2012-12-18,927813.0,90.0,19856.0
2012-12-19,927813.0,90.0,19856.0
2012-12-20,927813.0,90.0,19856.0
2012-12-21,927813.0,90.0,19856.0
2012-12-22,927813.0,90.0,19856.0
2012-12-23,927813.0,90.0,19856.0
2012-12-24,927813.0,90.0,19856.0
2012-12-25,927813.0,90.0,19856.0
2012-12-26,927813.0,90.0,19856.0
2012-12-27,927813.0,90.0,19856.0
2012-12-28,927813.0,90.0,19856.0
2012-12-29,927813.0,90.0,19856.0
2012-12-30,927813.0,90.0,19856.0
2012-12-31,927813.0,90.0,19856.0
2013-01-01,1025655.0,100.5,22051.0
2013-01-02,1025655.0,100.5,22051.0
2013-01-03,1025655.0,100.5,22051.0
2013-01-04,1025655.0,100.5,22051.0
2013-01-05,1025655.0,100.5,22051.0
2013-01-06,1025655.0,100.5,22051.0
2013-01-07,1025655.0,100.5,22051.0
2013-01-08,1025655.0,100.5,22051.0
2013-01-09,1025655.0,100.5,22051.0
2013-01-10,1025655.0,100.5,22051.0
2013-01-11,1025655.0,100.5,22051.0
2013-01-12,1025655.0,100.5,22051.0
2013-01-13,1025655.0,100.5,22051.0
2013-01-14,1025655.0,100.5,22051.0
2013-01-15,1025655.0,100.5,22051.0
2013-01-16,1025655.0,100.5,22051.0
2013-01-17,1025655.0,100.5,22051.0
2013-01-18,1025655.0,100.5,22051.0
2013-01-19,1025655.0,100.5,22051.0
2013-01-20,1025655.0,100.5,22051.0
2013-01-21,1025655.0,100.5,22051.0
2013-01-22,1025655.0,100.5,22051.0
2013-01-23,1025655.0,100.5,22051.0
2013-01-24,1025655.0,100.5,22051.0
2013-01-25,1025655.0,100.5,22051.0
2013-01-26,1025655.0,100.5,22051.0
2013-01-27,1025655.0,100.5,22051.0
2013-01-28,1025655.0,100.5,22051.0
2013-01-29,1025655.0,100.5,22051.0
2013-01-30,1025655.0,100.5,22051.0
2013-01-31,1025655.0,100.5,22051.0
2013-02-01,1025655.0,100.5,22051.0
2013-02-02,1025655.0,100.5,22051.0
2013-02-03,1025655.0,100.5,22051.0
2013-02-04,1025655.0,100.5,22051.0
2013-02-05,1025655.0,100.5,22051.0
2013-02-06,1025655.0,100.5,22051.0
2013-02-07,1025655.0,100.5,22051.0
2013-02-08,1025655.0,100.5,22051.0
2013-02-09,1025655.0,100.5,22051.0
2013-02-10,1025655.0,100.5,22051.0
2013-02-11,1025655.0,100.5,22051.0
2013-02-12,1025655.0,100.5,22051.0
2013-02-13,1025655.0,100.5,22051.0
2013-02-14,1025655.0,100.5,22051.0
2013-02-15,1025655.0,100.5,22051.0
2013-02-16,1025655.0,100.5,22051.0
2013-02-17,1025655.0,100.5,22051.0
2013-02-18,1025655.0,100.5,22051.0
2013-02-19,1025655.0,100.5,22051.0
2013-02-20,1025655.0,100.5,22051.0
2013-02-21,1025655.0,100.5,22051.0
2013-02-22,1025655.0,100.5,22051.0
2013-02-23,1025655.0,100.5,22051.0
2013-02-24,1025655.0,100.5,22051.0
2013-02-25,1025655.0,100.5,22051.0
2013-02-26,1025655.0,100.5,22051.0
2013-02-27,1025655.0,100.5,22051.0
2013-02-28,1025655.0,100.5,22051.0
2013-03-01,1025655.0,100.5,22051.0
2013-03-02,1025655.0,100.5,22051.0
2013-03-03,1025655.0,100.5,22051.0
2013-03-04,1025655.0,100.5,22051.0
2013-03-05,1025655.0,100.5,22051.0
2013-03-06,1025655.0,100.5,22051.0
2013-03-07,1025655.0,100.5,22051.0
2013-03-08,1025655.0,100.5,22051.0
2013-03-09,1025655.0,100.5,22051.0
2013-03-10,1025655.0,100.5,22051.0
2013-03-11,1025655.0,100.5,22051.0
2013-03-12,1025655.0,100.5,22051.0
2013-03-13,1025655.0,100.5,22051.0
2013-03-14,1025655.0,100.5,22051.0
2013-03-15,1025655.0,100.5,22051.0
2013-03-16,1025655.0,100.5,22051.0
2013-03-17,1025655.0,100.5,22051.0
2013-03-18,1025655.0,100.5,22051.0
2013-03-19,1025655.0,100.5,22051.0
2013-03-20,1025655.0,100.5,22051.0
2013-03-21,1025655.0,100.5,22051.0
2013-03-22,1025655.0,100.5,22051.0
2013-03-23,1025655.0,100.5,22051.0
2013-03-24,1025655.0,100.5,22051.0
2013-03-25,1025655.0,100.5,22051.0
2013-03-26,1025655.0,100.5,22051.0
2013-03-27,1025655.0,100.5,22051.0
2013-03-28,1025655.0,100.5,22051.0
2013-03-29,1025655.0,100.5,22051.0
2013-03-30,1025655.0,100.5,22051.0
2013-03-31,1025655.0,100.5,22051.0
2013-04-01,1025655.0,100.5,22051.0
2013-04-02,1025655.0,100.5,22051.0
2013-04-03,1025655.0,100.5,22051.0
2013-04-04,1025655.0,100.5,22051.0
2013-04-05,1025655.0,100.5,22051.0
2013-04-06,1025655.0,100.5,22051.0
2013-04-07,1025655.0,100.5,22051.0
2013-04-08,1025655.0,100.5,22051.0
2013-04-09,1025655.0,100.5,22051.0
2013-04-10,1025655.0,100.5,22051.0
2013-04-11,1025655.0,100.5,22051.0
2013-04-12,1025655.0,100.5,22051.0
2013-04-13,1025655.0,100.5,22051.0
2013-04-14,1025655.0,100.5,22051.0
2013-04-15,1025655.0,100.5,22051.0
2013-04-16,1025655.0,100.5,22051.0
2013-04-17,1025655.0,100.5,22051.0
2013-04-18,1025655.0,100.5,22051.0
2013-04-19,1025655.0,100.5,22051.0
2013-04-20,1025655.0,100.5,22051.0
2013-04-21,1025655.0,100.5,22051.0
2013-04-22,1025655.0,100.5,22051.0
2013-04-23,1025655.0,100.5,22051.0
2013-04-24,1025655.0,100.5,22051.0
2013-04-25,1025655.0,100.5,22051.0
2013-04-26,1025655.0,100.5,22051.0
2013-04-27,1025655.0,100.5,22051.0
2013-04-28,1025655.0,100.5,22051.0
2013-04-29,1025655.0,100.5,22051.0
2013-04-30,1025655.0,100.5,22051.0
2013-05-01,1025655.0,100.5,22051.0
2013-05-02,1025655.0,100.5,22051.0
2013-05-03,1025655.0,100.5,22051.0
2013-05-04,1025655.0,100.5,22051.0
2013-05-05,1025655.0,100.5,22051.0
2013-05-06,1025655.0,100.5,22051.0
2013-05-07,1025655.0,100.5,22051.0
2013-05-08,1025655.0,100.5,22051.0
2013-05-09,1025655.0,100.5,22051.0
2013-05-10,1025655.0,100.5,22051.0
2013-05-11,1025655.0,100.5,22051.0
2013-05-12,1025655.0,100.5,22051.0
2013-05-13,1025655.0,100.5,22051.0
2013-05-14,1025655.0,100.5,22051.0
2013-05-15,1025655.0,100.5,22051.0
2013-05-16,1025655.0,100.5,22051.0
2013-05-17,1025655.0,100.5,22051.0
2013-05-18,1025655.0,100.5,22051.0
2013-05-19,1025655.0,100.5,22051.0
2013-05-20,1025655.0,100.5,22051.0
2013-05-21,1025655.0,100.5,22051.0
2013-05-22,1025655.0,100.5,22051.0
2013-05-23,1025655.0,100.5,22051.0
2013-05-24,1025655.0,100.5,22051.0
2013-05-25,1025655.0,100.5,22051.0
2013-05-26,1025655.0,100.5,22051.0
2013-05-27,1025655.0,100.5,22051.0
2013-05-28,1025655.0,100.5,22051.0
2013-05-29,1025655.0,100.5,22051.0
2013-05-30,1025655.0,100.5,22051.0
2013-05-31,1025655.0,100.5,22051.0
2013-06-01,1025655.0,100.5,22051.0
2013-06-02,1025655.0,100.5,22051.0
2013-06-03,1025655.0,100.5,22051.0
2013-06-04,1025655.0,100.5,22051.0
2013-06-05,1025655.0,100.5,22051.0
2013-06-06,1025655.0,100.5,22051.0
2013-06-07,1025655.0,100.5,22051.0
2013-06-08,1025655.0,100.5,22051.0
2013-06-09,1025655.0,100.5,22051.0
2013-06-10,1025655.0,100.5,22051.0
2013-06-11,1025655.0,100.5,22051.0
2013-06-12,1025655.0,100.5,22051.0
2013-06-13,1025655.0,100.5,22051.0
2013-06-14,1025655.0,100.5,22051.0
2013-06-15,1025655.0,100.5,22051.0
2013-06-16,1025655.0,100.5,22051.0
2013-06-17,1025655.0,100.5,22051.0
2013-06-18,1025655.0,100.5,22051.0
2013-06-19,1025655.0,100.5,22051.0
2013-06-20,1025655.0,100.5,22051.0
2013-06-21,1025655.0,100.5,22051.0
2013-06-22,1025655.0,100.5,22051.0
2013-06-23,1025655.0,100.5,22051.0
2013-06-24,1025655.0,100.5,22051.0
2013-06-25,1025655.0,100.5,22051.0
2013-06-26,1025655.0,100.5,22051.0
2013-06-27,1025655.0,100.5,22051.0
2013-06-28,1025655.0,100.5,22051.0
2013-06-29,1025655.0,100.5,22051.0
2013-06-30,1025655.0,100.5,22051.0
2013-07-01,1025655.0,100.5,22051.0
2013-07-02,1025655.0,100.5,22051.0
2013-07-03,1025655.0,100.5,22051.0
2013-07-04,1025655.0,100.5,22051.0
2013-07-05,1025655.0,100.5,22051.0
2013-07-06,1025655.0,100.5,22051.0
2013-07-07,1025655.0,100.5,22051.0
2013-07-08,1025655.0,100.5,22051.0
2013-07-09,1025655.0,100.5,22051.0
2013-07-10,1025655.0,100.5,22051.0
2013-07-11,1025655.0,100.5,22051.0
2013-07-12,1025655.0,100.5,22051.0
2013-07-13,1025655.0,100.5,22051.0
2013-07-14,1025655.0,100.5,22051.0
2013-07-15,1025655.0,100.5,22051.0
2013-07-16,1025655.0,100.5,22051.0
2013-07-17,1025655.0,100.5,22051.0
2013-07-18,1025655.0,100.5,22051.0
2013-07-19,1025655.0,100.5,22051.0
2013-07-20,1025655.0,100.5,22051.0
2013-07-21,1025655.0,100.5,22051.0
2013-07-22,1025655.0,100.5,22051.0
2013-07-23,1025655.0,100.5,22051.0
2013-07-24,1025655.0,100.5,22051.0
2013-07-25,1025655.0,100.5,22051.0
2013-07-26,1025655.0,100.5,22051.0
2013-07-27,1025655.0,100.5,22051.0
2013-07-28,1025655.0,100.5,22051.0
2013-07-29,1025655.0,100.5,22051.0
2013-07-30,1025655.0,100.5,22051.0
2013-07-31,1025655.0,100.5,22051.0
2013-08-01,1025655.0,100.5,22051.0
2013-08-02,1025655.0,100.5,22051.0
2013-08-03,1025655.0,100.5,22051.0
2013-08-04,1025655.0,100.5,22051.0
2013-08-05,1025655.0,100.5,22051.0
2013-08-06,1025655.0,100.5,22051.0
2013-08-07,1025655.0,100.5,22051.0
2013-08-08,1025655.0,100.5,22051.0
2013-08-09,1025655.0,100.5,22051.0
2013-08-10,1025655.0,100.5,22051.0
2013-08-11,1025655.0,100.5,22051.0
2013-08-12,1025655.0,100.5,22051.0
2013-08-13,1025655.0,100.5,22051.0
2013-08-14,1025655.0,100.5,22051.0
2013-08-15,1025655.0,100.5,22051.0
2013-08-16,1025655.0,100.5,22051.0
2013-08-17,1025655.0,100.5,22051.0
2013-08-18,1025655.0,100.5,22051.0
2013-08-19,1025655.0,100.5,22051.0
2013-08-20,1025655.0,100.5,22051.0
2013-08-21,1025655.0,100.5,22051.0
2013-08-22,1025655.0,100.5,22051.0
2013-08-23,1025655.0,100.5,22051.0
2013-08-24,1025655.0,100.5,22051.0
2013-08-25,1025655.0,100.5,22051.0
2013-08-26,1025655.0,100.5,22051.0
2013-08-27,1025655.0,100.5,22051.0
2013-08-28,1025655.0,100.5,22051.0
2013-08-29,1025655.0,100.5,22051.0
2013-08-30,1025655.0,100.5,22051.0
2013-08-31,1025655.0,100.5,22051.0
2013-09-01,1025655.0,100.5,22051.0
2013-09-02,1025655.0,100.5,22051.0
2013-09-03,1025655.0,100.5,22051.0
2013-09-04,1025655.0,100.5,22051.0
2013-09-05,1025655.0,100.5,22051.0
2013-09-06,1025655.0,100.5,22051.0
2013-09-07,1025655.0,100.5,22051.0
2013-09-08,1025655.0,100.5,22051.0
2013-09-09,1025655.0,100.5,22051.0
2013-09-10,1025655.0,100.5,22051.0
2013-09-11,1025655.0,100.5,22051.0
2013-09-12,1025655.0,100.5,22051.0
2013-09-13,1025655.0,100.5,22051.0
2013-09-14,1025655.0,100.5,22051.0
2013-09-15,1025655.0,100.5,22051.0
2013-09-16,1025655.0,100.5,22051.0
2013-09-17,1025655.0,100.5,22051.0
2013-09-18,1025655.0,100.5,22051.0
2013-09-19,1025655.0,100.5,22051.0
2013-09-20,1025655.0,100.5,22051.0
2013-09-21,1025655.0,100.5,22051.0
2013-09-22,1025655.0,100.5,22051.0
2013-09-23,1025655.0,100.5,22051.0
2013-09-24,1025655.0,100.5,22051.0
2013-09-25,1025655.0,100.5,22051.0
2013-09-26,1025655.0,100.5,22051.0
2013-09-27,1025655.0,100.5,22051.0
2013-09-28,1025655.0,100.5,22051.0
2013-09-29,1025655.0,100.5,22051.0
2013-09-30,1025655.0,100.5,22051.0
2013-10-01,1025655.0,100.5,22051.0
2013-10-02,1025655.0,100.5,22051.0
2013-10-03,1025655.0,100.5,22051.0
2013-10-04,1025655.0,100.5,22051.0
2013-10-05,1025655.0,100.5,22051.0
2013-10-06,1025655.0,100.5,22051.0
2013-10-07,1025655.0,100.5,22051.0
2013-10-08,1025655.0,100.5,22051.0
2013-10-09,1025655.0,100.5,22051.0
2013-10-10,1025655.0,100.5,22051.0
2013-10-11,1025655.0,100.5,22051.0
2013-10-12,1025655.0,100.5,22051.0
2013-10-13,1025655.0,100.5,22051.0
2013-10-14,1025655.0,100.5,22051.0
2013-10-15,1025655.0,100.5,22051.0
2013-10-16,1025655.0,100.5,22051.0
2013-10-17,1025655.0,100.5,22051.0
2013-10-18,1025655.0,100.5,22051.0
2013-10-19,1025655.0,100.5,22051.0
2013-10-20,1025655.0,100.5,22051.0
2013-10-21,1025655.0,100.5,22051.0
2013-10-22,1025655.0,100.5,22051.0
2013-10-23,1025655.0,100.5,22051.0
2013-10-24,1025655.0,100.5,22051.0
2013-10-25,1025655.0,100.5,22051.0
2013-10-26,1025655.0,100.5,22051.0
2013-10-27,1025655.0,100.5,22051.0
2013-10-28,1025655.0,100.5,22051.0
2013-10-29,1025655.0,100.5,22051.0
2013-10-30,1025655.0,100.5,22051.0
2013-10-31,1025655.0,100.5,22051.0
2013-11-01,1025655.0,100.5,22051.0
2013-11-02,1025655.0,100.5,22051.0
2013-11-03,1025655.0,100.5,22051.0
2013-11-04,1025655.0,100.5,22051.0
2013-11-05,1025655.0,100.5,22051.0
2013-11-06,1025655.0,100.5,22051.0
2013-11-07,1025655.0,100.5,22051.0
2013-11-08,1025655.0,100.5,22051.0
2013-11-09,1025655.0,100.5,22051.0
2013-11-10,1025655.0,100.5,22051.0
2013-11-11,1025655.0,100.5,22051.0
2013-11-12,1025655.0,100.5,22051.0
2013-11-13,1025655.0,100.5,22051.0
2013-11-14,1025655.0,100.5,22051.0
2013-11-15,1025655.0,100.5,22051.0
2013-11-16,1025655.0,100.5,22051.0
2013-11-17,1025655.0,100.5,22051.0
2013-11-18,1025655.0,100.5,22051.0
2013-11-19,1025655.0,100.5,22051.0
2013-11-20,1025655.0,100.5,22051.0
2013-11-21,1025655.0,100.5,22051.0
2013-11-22,1025655.0,100.5,22051.0
2013-11-23,1025655.0,100.5,22051.0
2013-11-24,1025655.0,100.5,22051.0
2013-11-25,1025655.0,100.5,22051.0
2013-11-26,1025655.0,100.5,22051.0
2013-11-27,1025655.0,100.5,22051.0
2013-11-28,1025655.0,100.5,22051.0
2013-11-29,1025655.0,100.5,22051.0
2013-11-30,1025655.0,100.5,22051.0
2013-12-01,1025655.0,100.5,22051.0
2013-12-02,1025655.0,100.5,22051.0
2013-12-03,1025655.0,100.5,22051.0
2013-12-04,1025655.0,100.5,22051.0
2013-12-05,1025655.0,100.5,22051.0
2013-12-06,1025655.0,100.5,22051.0
2013-12-07,1025655.0,100.5,22051.0
2013-12-08,1025655.0,100.5,22051.0
2013-12-09,1025655.0,100.5,22051.0
2013-12-10,1025655.0,100.5,22051.0
2013-12-11,1025655.0,100.5,22051.0
2013-12-12,1025655.0,100.5,22051.0
2013-12-13,1025655.0,100.5,22051.0
2013-12-14,1025655.0,100.5,22051.0
2013-12-15,1025655.0,100.5,22051.0
2013-12-16,1025655.0,100.5,22051.0
2013-12-17,1025655.0,100.5,22051.0
2013-12-18,1025655.0,100.5,22051.0
2013-12-19,1025655.0,100.5,22051.0
2013-12-20,1025655.0,100.5,22051.0
2013-12-21,1025655.0,100.5,22051.0
2013-12-22,1025655.0,100.5,22051.0
2013-12-23,1025655.0,100.5,22051.0
2013-12-24,1025655.0,100.5,22051.0
2013-12-25,1025655.0,100.5,22051.0
2013-12-26,1025655.0,100.5,22051.0
2013-12-27,1025655.0,100.5,22051.0
2013-12-28,1025655.0,100.5,22051.0
2013-12-29,1025655.0,100.5,22051.0
2013-12-30,1025655.0,100.5,22051.0
2013-12-31,1025655.0,100.5,22051.0
2014-01-01,1084846.0,105.1,23355.0
2014-01-02,1084846.0,105.1,23355.0
2014-01-03,1084846.0,105.1,23355.0
2014-01-04,1084846.0,105.1,23355.0
2014-01-05,1084846.0,105.1,23355.0
2014-01-06,1084846.0,105.1,23355.0
2014-01-07,1084846.0,105.1,23355.0
2014-01-08,1084846.0,105.1,23355.0
2014-01-09,1084846.0,105.1,23355.0
2014-01-10,1084846.0,105.1,23355.0
2014-01-11,1084846.0,105.1,23355.0
2014-01-12,1084846.0,105.1,23355.0
2014-01-13,1084846.0,105.1,23355.0
2014-01-14,1084846.0,105.1,23355.0
2014-01-15,1084846.0,105.1,23355.0
2014-01-16,1084846.0,105.1,23355.0
2014-01-17,1084846.0,105.1,23355.0
2014-01-18,1084846.0,105.1,23355.0
2014-01-19,1084846.0,105.1,23355.0
2014-01-20,1084846.0,105.1,23355.0
2014-01-21,1084846.0,105.1,23355.0
2014-01-22,1084846.0,105.1,23355.0
2014-01-23,1084846.0,105.1,23355.0
2014-01-24,1084846.0,105.1,23355.0
2014-01-25,1084846.0,105.1,23355.0
2014-01-26,1084846.0,105.1,23355.0
2014-01-27,1084846.0,105.1,23355.0
2014-01-28,1084846.0,105.1,23355.0
2014-01-29,1084846.0,105.1,23355.0
2014-01-30,1084846.0,105.1,23355.0
2014-01-31,1084846.0,105.1,23355.0
2014-02-01,1084846.0,105.1,23355.0
2014-02-02,1084846.0,105.1,23355.0
2014-02-03,1084846.0,105.1,23355.0
2014-02-04,1084846.0,105.1,23355.0
2014-02-05,1084846.0,105.1,23355.0
2014-02-06,1084846.0,105.1,23355.0
2014-02-07,1084846.0,105.1,23355.0
2014-02-08,1084846.0,105.1,23355.0
2014-02-09,1084846.0,105.1,23355.0
2014-02-10,1084846.0,105.1,23355.0
2014-02-11,1084846.0,105.1,23355.0
2014-02-12,1084846.0,105.1,23355.0
2014-02-13,1084846.0,105.1,23355.0
2014-02-14,1084846.0,105.1,23355.0
2014-02-15,1084846.0,105.1,23355.0
2014-02-16,1084846.0,105.1,23355.0
2014-02-17,1084846.0,105.1,23355.0
2014-02-18,1084846.0,105.1,23355.0
2014-02-19,1084846.0,105.1,23355.0
2014-02-20,1084846.0,105.1,23355.0
2014-02-21,1084846.0,105.1,23355.0
2014-02-22,1084846.0,105.1,23355.0
2014-02-23,1084846.0,105.1,23355.0
2014-02-24,1084846.0,105.1,23355.0
2014-02-25,1084846.0,105.1,23355.0
2014-02-26,1084846.0,105.1,23355.0
2014-02-27,1084846.0,105.1,23355.0
2014-02-28,1084846.0,105.1,23355.0
2014-03-01,1084846.0,105.1,23355.0
2014-03-02,1084846.0,105.1,23355.0
2014-03-03,1084846.0,105.1,23355.0
2014-03-04,1084846.0,105.1,23355.0
2014-03-05,1084846.0,105.1,23355.0
2014-03-06,1084846.0,105.1,23355.0
2014-03-07,1084846.0,105.1,23355.0
2014-03-08,1084846.0,105.1,23355.0
2014-03-09,1084846.0,105.1,23355.0
2014-03-10,1084846.0,105.1,23355.0
2014-03-11,1084846.0,105.1,23355.0
2014-03-12,1084846.0,105.1,23355.0
2014-03-13,1084846.0,105.1,23355.0
2014-03-14,1084846.0,105.1,23355.0
2014-03-15,1084846.0,105.1,23355.0
2014-03-16,1084846.0,105.1,23355.0
2014-03-17,1084846.0,105.1,23355.0
2014-03-18,1084846.0,105.1,23355.0
2014-03-19,1084846.0,105.1,23355.0
2014-03-20,1084846.0,105.1,23355.0
2014-03-21,1084846.0,105.1,23355.0
2014-03-22,1084846.0,105.1,23355.0
2014-03-23,1084846.0,105.1,23355.0
2014-03-24,1084846.0,105.1,23355.0
2014-03-25,1084846.0,105.1,23355.0
2014-03-26,1084846.0,105.1,23355.0
2014-03-27,1084846.0,105.1,23355.0
2014-03-28,1084846.0,105.1,23355.0
2014-03-29,1084846.0,105.1,23355.0
2014-03-30,1084846.0,105.1,23355.0
2014-03-31,1084846.0,105.1,23355.0
2014-04-01,1084846.0,105.1,23355.0
2014-04-02,1084846.0,105.1,23355.0
2014-04-03,1084846.0,105.1,23355.0
2014-04-04,1084846.0,105.1,23355.0
2014-04-05,1084846.0,105.1,23355.0
2014-04-06,1084846.0,105.1,23355.0
2014-04-07,1084846.0,105.1,23355.0
2014-04-08,1084846.0,105.1,23355.0
2014-04-09,1084846.0,105.1,23355.0
2014-04-10,1084846.0,105.1,23355.0
2014-04-11,1084846.0,105.1,23355.0
2014-04-12,1084846.0,105.1,23355.0
2014-04-13,1084846.0,105.1,23355.0
2014-04-14,1084846.0,105.1,23355.0
2014-04-15,1084846.0,105.1,23355.0
2014-04-16,1084846.0,105.1,23355.0
2014-04-17,1084846.0,105.1,23355.0
2014-04-18,1084846.0,105.1,23355.0
2014-04-19,1084846.0,105.1,23355.0
2014-04-20,1084846.0,105.1,23355.0
2014-04-21,1084846.0,105.1,23355.0
2014-04-22,1084846.0,105.1,23355.0
2014-04-23,1084846.0,105.1,23355.0
2014-04-24,1084846.0,105.1,23355.0
2014-04-25,1084846.0,105.1,23355.0
2014-04-26,1084846.0,105.1,23355.0
2014-04-27,1084846.0,105.1,23355.0
2014-04-28,1084846.0,105.1,23355.0
2014-04-29,1084846.0,105.1,23355.0
2014-04-30,1084846.0,105.1,23355.0
2014-05-01,1084846.0,105.1,23355.0
2014-05-02,1084846.0,105.1,23355.0
2014-05-03,1084846.0,105.1,23355.0
2014-05-04,1084846.0,105.1,23355.0
2014-05-05,1084846.0,105.1,23355.0
2014-05-06,1084846.0,105.1,23355.0
2014-05-07,1084846.0,105.1,23355.0
2014-05-08,1084846.0,105.1,23355.0
2014-05-09,1084846.0,105.1,23355.0
2014-05-10,1084846.0,105.1,23355.0
2014-05-11,1084846.0,105.1,23355.0
2014-05-12,1084846.0,105.1,23355.0
2014-05-13,1084846.0,105.1,23355.0
2014-05-14,1084846.0,105.1,23355.0
2014-05-15,1084846.0,105.1,23355.0
2014-05-16,1084846.0,105.1,23355.0
2014-05-17,1084846.0,105.1,23355.0
2014-05-18,1084846.0,105.1,23355.0
2014-05-19,1084846.0,105.1,23355.0
2014-05-20,1084846.0,105.1,23355.0
2014-05-21,1084846.0,105.1,23355.0
2014-05-22,1084846.0,105.1,23355.0
2014-05-23,1084846.0,105.1,23355.0
2014-05-24,1084846.0,105.1,23355.0
2014-05-25,1084846.0,105.1,23355.0
2014-05-26,1084846.0,105.1,23355.0
2014-05-27,1084846.0,105.1,23355.0
2014-05-28,1084846.0,105.1,23355.0
2014-05-29,1084846.0,105.1,23355.0
2014-05-30,1084846.0,105.1,23355.0
2014-05-31,1084846.0,105.1,23355.0
2014-06-01,1084846.0,105.1,23355.0
2014-06-02,1084846.0,105.1,23355.0
2014-06-03,1084846.0,105.1,23355.0
2014-06-04,1084846.0,105.1,23355.0
2014-06-05,1084846.0,105.1,23355.0
2014-06-06,1084846.0,105.1,23355.0
2014-06-07,1084846.0,105.1,23355.0
2014-06-08,1084846.0,105.1,23355.0
2014-06-09,1084846.0,105.1,23355.0
2014-06-10,1084846.0,105.1,23355.0
2014-06-11,1084846.0,105.1,23355.0
2014-06-12,1084846.0,105.1,23355.0
2014-06-13,1084846.0,105.1,23355.0
2014-06-14,1084846.0,105.1,23355.0
2014-06-15,1084846.0,105.1,23355.0
2014-06-16,1084846.0,105.1,23355.0
2014-06-17,1084846.0,105.1,23355.0
2014-06-18,1084846.0,105.1,23355.0
2014-06-19,1084846.0,105.1,23355.0
2014-06-20,1084846.0,105.1,23355.0
2014-06-21,1084846.0,105.1,23355.0
2014-06-22,1084846.0,105.1,23355.0
2014-06-23,1084846.0,105.1,23355.0
2014-06-24,1084846.0,105.1,23355.0
2014-06-25,1084846.0,105.1,23355.0
2014-06-26,1084846.0,105.1,23355.0
2014-06-27,1084846.0,105.1,23355.0
2014-06-28,1084846.0,105.1,23355.0
2014-06-29,1084846.0,105.1,23355.0
2014-06-30,1084846.0,105.1,23355.0
2014-07-01,1084846.0,105.1,23355.0
2014-07-02,1084846.0,105.1,23355.0
2014-07-03,1084846.0,105.1,23355.0
2014-07-04,1084846.0,105.1,23355.0
2014-07-05,1084846.0,105.1,23355.0
2014-07-06,1084846.0,105.1,23355.0
2014-07-07,1084846.0,105.1,23355.0
2014-07-08,1084846.0,105.1,23355.0
2014-07-09,1084846.0,105.1,23355.0
2014-07-10,1084846.0,105.1,23355.0
2014-07-11,1084846.0,105.1,23355.0
2014-07-12,1084846.0,105.1,23355.0
2014-07-13,1084846.0,105.1,23355.0
2014-07-14,1084846.0,105.1,23355.0
2014-07-15,1084846.0,105.1,23355.0
2014-07-16,1084846.0,105.1,23355.0
2014-07-17,1084846.0,105.1,23355.0
2014-07-18,1084846.0,105.1,23355.0
2014-07-19,1084846.0,105.1,23355.0
2014-07-20,1084846.0,105.1,23355.0
2014-07-21,1084846.0,105.1,23355.0
2014-07-22,1084846.0,105.1,23355.0
2014-07-23,1084846.0,105.1,23355.0
2014-07-24,1084846.0,105.1,23355.0
2014-07-25,1084846.0,105.1,23355.0
2014-07-26,1084846.0,105.1,23355.0
2014-07-27,1084846.0,105.1,23355.0
2014-07-28,1084846.0,105.1,23355.0
2014-07-29,1084846.0,105.1,23355.0
2014-07-30,1084846.0,105.1,23355.0
2014-07-31,1084846.0,105.1,23355.0
2014-08-01,1084846.0,105.1,23355.0
2014-08-02,1084846.0,105.1,23355.0
2014-08-03,1084846.0,105.1,23355.0
2014-08-04,1084846.0,105.1,23355.0
2014-08-05,1084846.0,105.1,23355.0
2014-08-06,1084846.0,105.1,23355.0
2014-08-07,1084846.0,105.1,23355.0
2014-08-08,1084846.0,105.1,23355.0
2014-08-09,1084846.0,105.1,23355.0
2014-08-10,1084846.0,105.1,23355.0
2014-08-11,1084846.0,105.1,23355.0
2014-08-12,1084846.0,105.1,23355.0
2014-08-13,1084846.0,105.1,23355.0
2014-08-14,1084846.0,105.1,23355.0
2014-08-15,1084846.0,105.1,23355.0
2014-08-16,1084846.0,105.1,23355.0
2014-08-17,1084846.0,105.1,23355.0
2014-08-18,1084846.0,105.1,23355.0
2014-08-19,1084846.0,105.1,23355.0
2014-08-20,1084846.0,105.1,23355.0
2014-08-21,1084846.0,105.1,23355.0
2014-08-22,1084846.0,105.1,23355.0
2014-08-23,1084846.0,105.1,23355.0
2014-08-24,1084846.0,105.1,23355.0
2014-08-25,1084846.0,105.1,23355.0
2014-08-26,1084846.0,105.1,23355.0
2014-08-27,1084846.0,105.1,23355.0
2014-08-28,1084846.0,105.1,23355.0
2014-08-29,1084846.0,105.1,23355.0
2014-08-30,1084846.0,105.1,23355.0
2014-08-31,1084846.0,105.1,23355.0
2014-09-01,1084846.0,105.1,23355.0
2014-09-02,1084846.0,105.1,23355.0
2014-09-03,1084846.0,105.1,23355.0
2014-09-04,1084846.0,105.1,23355.0
2014-09-05,1084846.0,105.1,23355.0
2014-09-06,1084846.0,105.1,23355.0
2014-09-07,1084846.0,105.1,23355.0
2014-09-08,1084846.0,105.1,23355.0
2014-09-09,1084846.0,105.1,23355.0
2014-09-10,1084846.0,105.1,23355.0
2014-09-11,1084846.0,105.1,23355.0
2014-09-12,1084846.0,105.1,23355.0
2014-09-13,1084846.0,105.1,23355.0
2014-09-14,1084846.0,105.1,23355.0
2014-09-15,1084846.0,105.1,23355.0
2014-09-16,1084846.0,105.1,23355.0
2014-09-17,1084846.0,105.1,23355.0
2014-09-18,1084846.0,105.1,23355.0
2014-09-19,1084846.0,105.1,23355.0
2014-09-20,1084846.0,105.1,23355.0
2014-09-21,1084846.0,105.1,23355.0
2014-09-22,1084846.0,105.1,23355.0
2014-09-23,1084846.0,105.1,23355.0
2014-09-24,1084846.0,105.1,23355.0
2014-09-25,1084846.0,105.1,23355.0
2014-09-26,1084846.0,105.1,23355.0
2014-09-27,1084846.0,105.1,23355.0
2014-09-28,1084846.0,105.1,23355.0
2014-09-29,1084846.0,105.1,23355.0
2014-09-30,1084846.0,105.1,23355.0
2014-10-01,1084846.0,105.1,23355.0
2014-10-02,1084846.0,105.1,23355.0
2014-10-03,1084846.0,105.1,23355.0
2014-10-04,1084846.0,105.1,23355.0
2014-10-05,1084846.0,105.1,23355.0
2014-10-06,1084846.0,105.1,23355.0
2014-10-07,1084846.0,105.1,23355.0
2014-10-08,1084846.0,105.1,23355.0
2014-10-09,1084846.0,105.1,23355.0
2014-10-10,1084846.0,105.1,23355.0
2014-10-11,1084846.0,105.1,23355.0
2014-10-12,1084846.0,105.1,23355.0
2014-10-13,1084846.0,105.1,23355.0
2014-10-14,1084846.0,105.1,23355.0
2014-10-15,1084846.0,105.1,23355.0
2014-10-16,1084846.0,105.1,23355.0
2014-10-17,1084846.0,105.1,23355.0
2014-10-18,1084846.0,105.1,23355.0
2014-10-19,1084846.0,105.1,23355.0
2014-10-20,1084846.0,105.1,23355.0
2014-10-21,1084846.0,105.1,23355.0
2014-10-22,1084846.0,105.1,23355.0
2014-10-23,1084846.0,105.1,23355.0
2014-10-24,1084846.0,105.1,23355.0
2014-10-25,1084846.0,105.1,23355.0
2014-10-26,1084846.0,105.1,23355.0
2014-10-27,1084846.0,105.1,23355.0
2014-10-28,1084846.0,105.1,23355.0
2014-10-29,1084846.0,105.1,23355.0
2014-10-30,1084846.0,105.1,23355.0
2014-10-31,1084846.0,105.1,23355.0
2014-11-01,1084846.0,105.1,23355.0
2014-11-02,1084846.0,105.1,23355.0
2014-11-03,1084846.0,105.1,23355.0
2014-11-04,1084846.0,105.1,23355.0
2014-11-05,1084846.0,105.1,23355.0
2014-11-06,1084846.0,105.1,23355.0
2014-11-07,1084846.0,105.1,23355.0
2014-11-08,1084846.0,105.1,23355.0
2014-11-09,1084846.0,105.1,23355.0
2014-11-10,1084846.0,105.1,23355.0
2014-11-11,1084846.0,105.1,23355.0
2014-11-12,1084846.0,105.1,23355.0
2014-11-13,1084846.0,105.1,23355.0
2014-11-14,1084846.0,105.1,23355.0
2014-11-15,1084846.0,105.1,23355.0
2014-11-16,1084846.0,105.1,23355.0
2014-11-17,1084846.0,105.1,23355.0
2014-11-18,1084846.0,105.1,23355.0
2014-11-19,1084846.0,105.1,23355.0
2014-11-20,1084846.0,105.1,23355.0
2014-11-21,1084846.0,105.1,23355.0
2014-11-22,1084846.0,105.1,23355.0
2014-11-23,1084846.0,105.1,23355.0
2014-11-24,1084846.0,105.1,23355.0
2014-11-25,1084846.0,105.1,23355.0
2014-11-26,1084846.0,105.1,23355.0
2014-11-27,1084846.0,105.1,23355.0
2014-11-28,1084846.0,105.1,23355.0
2014-11-29,1084846.0,105.1,23355.0
2014-11-30,1084846.0,105.1,23355.0
2014-12-01,1084846.0,105.1,23355.0
2014-12-02,1084846.0,105.1,23355.0
2014-12-03,1084846.0,105.1,23355.0
2014-12-04,1084846.0,105.1,23355.0
2014-12-05,1084846.0,105.1,23355.0
2014-12-06,1084846.0,105.1,23355.0
2014-12-07,1084846.0,105.1,23355.0
2014-12-08,1084846.0,105.1,23355.0
2014-12-09,1084846.0,105.1,23355.0
2014-12-10,1084846.0,105.1,23355.0
2014-12-11,1084846.0,105.1,23355.0
2014-12-12,1084846.0,105.1,23355.0
2014-12-13,1084846.0,105.1,23355.0
2014-12-14,1084846.0,105.1,23355.0
2014-12-15,1084846.0,105.1,23355.0
2014-12-16,1084846.0,105.1,23355.0
2014-12-17,1084846.0,105.1,23355.0
2014-12-18,1084846.0,105.1,23355.0
2014-12-19,1084846.0,105.1,23355.0
2014-12-20,1084846.0,105.1,23355.0
2014-12-21,1084846.0,105.1,23355.0
2014-12-22,1084846.0,105.1,23355.0
2014-12-23,1084846.0,105.1,23355.0
2014-12-24,1084846.0,105.1,23355.0
2014-12-25,1084846.0,105.1,23355.0
2014-12-26,1084846.0,105.1,23355.0
2014-12-27,1084846.0,105.1,23355.0
2014-12-28,1084846.0,105.1,23355.0
2014-12-29,1084846.0,105.1,23355.0
2014-12-30,1084846.0,105.1,23355.0
2014-12-31,1084846.0,105.1,23355.0
2015-01-01,1113661.0,103.3,23981.0
2015-01-02,1113661.0,103.3,23981.0
2015-01-03,1113661.0,103.3,23981.0
2015-01-04,1113661.0,103.3,23981.0
2015-01-05,1113661.0,103.3,23981.0
2015-01-06,1113661.0,103.3,23981.0
2015-01-07,1113661.0,103.3,23981.0
2015-01-08,1113661.0,103.3,23981.0
2015-01-09,1113661.0,103.3,23981.0
2015-01-10,1113661.0,103.3,23981.0
2015-01-11,1113661.0,103.3,23981.0
2015-01-12,1113661.0,103.3,23981.0
2015-01-13,1113661.0,103.3,23981.0
2015-01-14,1113661.0,103.3,23981.0
2015-01-15,1113661.0,103.3,23981.0
2015-01-16,1113661.0,103.3,23981.0
2015-01-17,1113661.0,103.3,23981.0
2015-01-18,1113661.0,103.3,23981.0
2015-01-19,1113661.0,103.3,23981.0
2015-01-20,1113661.0,103.3,23981.0
2015-01-21,1113661.0,103.3,23981.0
2015-01-22,1113661.0,103.3,23981.0
2015-01-23,1113661.0,103.3,23981.0
2015-01-24,1113661.0,103.3,23981.0
2015-01-25,1113661.0,103.3,23981.0
2015-01-26,1113661.0,103.3,23981.0
2015-01-27,1113661.0,103.3,23981.0
2015-01-28,1113661.0,103.3,23981.0
2015-01-29,1113661.0,103.3,23981.0
2015-01-30,1113661.0,103.3,23981.0
2015-01-31,1113661.0,103.3,23981.0
2015-02-01,1113661.0,103.3,23981.0
2015-02-02,1113661.0,103.3,23981.0
2015-02-03,1113661.0,103.3,23981.0
2015-02-04,1113661.0,103.3,23981.0
2015-02-05,1113661.0,103.3,23981.0
2015-02-06,1113661.0,103.3,23981.0
2015-02-07,1113661.0,103.3,23981.0
2015-02-08,1113661.0,103.3,23981.0
2015-02-09,1113661.0,103.3,23981.0
2015-02-10,1113661.0,103.3,23981.0
2015-02-11,1113661.0,103.3,23981.0
2015-02-12,1113661.0,103.3,23981.0
2015-02-13,1113661.0,103.3,23981.0
2015-02-14,1113661.0,103.3,23981.0
2015-02-15,1113661.0,103.3,23981.0
2015-02-16,1113661.0,103.3,23981.0
2015-02-17,1113661.0,103.3,23981.0
2015-02-18,1113661.0,103.3,23981.0
2015-02-19,1113661.0,103.3,23981.0
2015-02-20,1113661.0,103.3,23981.0
2015-02-21,1113661.0,103.3,23981.0
2015-02-22,1113661.0,103.3,23981.0
2015-02-23,1113661.0,103.3,23981.0
2015-02-24,1113661.0,103.3,23981.0
2015-02-25,1113661.0,103.3,23981.0
2015-02-26,1113661.0,103.3,23981.0
2015-02-27,1113661.0,103.3,23981.0
2015-02-28,1113661.0,103.3,23981.0
2015-03-01,1113661.0,103.3,23981.0
2015-03-02,1113661.0,103.3,23981.0
2015-03-03,1113661.0,103.3,23981.0
2015-03-04,1113661.0,103.3,23981.0
2015-03-05,1113661.0,103.3,23981.0
2015-03-06,1113661.0,103.3,23981.0
2015-03-07,1113661.0,103.3,23981.0
2015-03-08,1113661.0,103.3,23981.0
2015-03-09,1113661.0,103.3,23981.0
2015-03-10,1113661.0,103.3,23981.0
2015-03-11,1113661.0,103.3,23981.0
2015-03-12,1113661.0,103.3,23981.0
2015-03-13,1113661.0,103.3,23981.0
2015-03-14,1113661.0,103.3,23981.0
2015-03-15,1113661.0,103.3,23981.0
2015-03-16,1113661.0,103.3,23981.0
2015-03-17,1113661.0,103.3,23981.0
2015-03-18,1113661.0,103.3,23981.0
2015-03-19,1113661.0,103.3,23981.0
2015-03-20,1113661.0,103.3,23981.0
2015-03-21,1113661.0,103.3,23981.0
2015-03-22,1113661.0,103.3,23981.0
2015-03-23,1113661.0,103.3,23981.0
2015-03-24,1113661.0,103.3,23981.0
2015-03-25,1113661.0,103.3,23981.0
2015-03-26,1113661.0,103.3,23981.0
2015-03-27,1113661.0,103.3,23981.0
2015-03-28,1113661.0,103.3,23981.0
2015-03-29,1113661.0,103.3,23981.0
2015-03-30,1113661.0,103.3,23981.0
2015-03-31,1113661.0,103.3,23981.0
2015-04-01,1113661.0,103.3,23981.0
2015-04-02,1113661.0,103.3,23981.0
2015-04-03,1113661.0,103.3,23981.0
2015-04-04,1113661.0,103.3,23981.0
2015-04-05,1113661.0,103.3,23981.0
2015-04-06,1113661.0,103.3,23981.0
2015-04-07,1113661.0,103.3,23981.0
2015-04-08,1113661.0,103.3,23981.0
2015-04-09,1113661.0,103.3,23981.0
2015-04-10,1113661.0,103.3,23981.0
2015-04-11,1113661.0,103.3,23981.0
2015-04-12,1113661.0,103.3,23981.0
2015-04-13,1113661.0,103.3,23981.0
2015-04-14,1113661.0,103.3,23981.0
2015-04-15,1113661.0,103.3,23981.0
2015-04-16,1113661.0,103.3,23981.0
2015-04-17,1113661.0,103.3,23981.0
2015-04-18,1113661.0,103.3,23981.0
2015-04-19,1113661.0,103.3,23981.0
2015-04-20,1113661.0,103.3,23981.0
2015-04-21,1113661.0,103.3,23981.0
2015-04-22,1113661.0,103.3,23981.0
2015-04-23,1113661.0,103.3,23981.0
2015-04-24,1113661.0,103.3,23981.0
2015-04-25,1113661.0,103.3,23981.0
2015-04-26,1113661.0,103.3,23981.0
2015-04-27,1113661.0,103.3,23981.0
2015-04-28,1113661.0,103.3,23981.0
2015-04-29,1113661.0,103.3,23981.0
2015-04-30,1113661.0,103.3,23981.0
2015-05-01,1113661.0,103.3,23981.0
2015-05-02,1113661.0,103.3,23981.0
2015-05-03,1113661.0,103.3,23981.0
2015-05-04,1113661.0,103.3,23981.0
2015-05-05,1113661.0,103.3,23981.0
2015-05-06,1113661.0,103.3,23981.0
2015-05-07,1113661.0,103.3,23981.0
2015-05-08,1113661.0,103.3,23981.0
2015-05-09,1113661.0,103.3,23981.0
2015-05-10,1113661.0,103.3,23981.0
2015-05-11,1113661.0,103.3,23981.0
2015-05-12,1113661.0,103.3,23981.0
2015-05-13,1113661.0,103.3,23981.0
2015-05-14,1113661.0,103.3,23981.0
2015-05-15,1113661.0,103.3,23981.0
2015-05-16,1113661.0,103.3,23981.0
2015-05-17,1113661.0,103.3,23981.0
2015-05-18,1113661.0,103.3,23981.0
2015-05-19,1113661.0,103.3,23981.0
2015-05-20,1113661.0,103.3,23981.0
2015-05-21,1113661.0,103.3,23981.0
2015-05-22,1113661.0,103.3,23981.0
2015-05-23,1113661.0,103.3,23981.0
2015-05-24,1113661.0,103.3,23981.0
2015-05-25,1113661.0,103.3,23981.0
2015-05-26,1113661.0,103.3,23981.0
2015-05-27,1113661.0,103.3,23981.0
2015-05-28,1113661.0,103.3,23981.0
2015-05-29,1113661.0,103.3,23981.0
2015-05-30,1113661.0,103.3,23981.0
2015-05-31,1113661.0,103.3,23981.0
2015-06-01,1113661.0,103.3,23981.0
2015-06-02,1113661.0,103.3,23981.0
2015-06-03,1113661.0,103.3,23981.0
2015-06-04,1113661.0,103.3,23981.0
2015-06-05,1113661.0,103.3,23981.0
2015-06-06,1113661.0,103.3,23981.0
2015-06-07,1113661.0,103.3,23981.0
2015-06-08,1113661.0,103.3,23981.0
2015-06-09,1113661.0,103.3,23981.0
2015-06-10,1113661.0,103.3,23981.0
2015-06-11,1113661.0,103.3,23981.0
2015-06-12,1113661.0,103.3,23981.0
2015-06-13,1113661.0,103.3,23981.0
2015-06-14,1113661.0,103.3,23981.0
2015-06-15,1113661.0,103.3,23981.0
2015-06-16,1113661.0,103.3,23981.0
2015-06-17,1113661.0,103.3,23981.0
2015-06-18,1113661.0,103.3,23981.0
2015-06-19,1113661.0,103.3,23981.0
2015-06-20,1113661.0,103.3,23981.0
2015-06-21,1113661.0,103.3,23981.0
2015-06-22,1113661.0,103.3,23981.0
2015-06-23,1113661.0,103.3,23981.0
2015-06-24,1113661.0,103.3,23981.0
2015-06-25,1113661.0,103.3,23981.0
2015-06-26,1113661.0,103.3,23981.0
2015-06-27,1113661.0,103.3,23981.0
2015-06-28,1113661.0,103.3,23981.0
2015-06-29,1113661.0,103.3,23981.0
2015-06-30,1113661.0,103.3,23981.0
2015-07-01,1113661.0,103.3,23981.0
2015-07-02,1113661.0,103.3,23981.0
2015-07-03,1113661.0,103.3,23981.0
2015-07-04,1113661.0,103.3,23981.0
2015-07-05,1113661.0,103.3,23981.0
2015-07-06,1113661.0,103.3,23981.0
2015-07-07,1113661.0,103.3,23981.0
2015-07-08,1113661.0,103.3,23981.0
2015-07-09,1113661.0,103.3,23981.0
2015-07-10,1113661.0,103.3,23981.0
2015-07-11,1113661.0,103.3,23981.0
2015-07-12,1113661.0,103.3,23981.0
2015-07-13,1113661.0,103.3,23981.0
2015-07-14,1113661.0,103.3,23981.0
2015-07-15,1113661.0,103.3,23981.0
2015-07-16,1113661.0,103.3,23981.0
2015-07-17,1113661.0,103.3,23981.0
2015-07-18,1113661.0,103.3,23981.0
2015-07-19,1113661.0,103.3,23981.0
2015-07-20,1113661.0,103.3,23981.0
2015-07-21,1113661.0,103.3,23981.0
2015-07-22,1113661.0,103.3,23981.0
2015-07-23,1113661.0,103.3,23981.0
2015-07-24,1113661.0,103.3,23981.0
2015-07-25,1113661.0,103.3,23981.0
2015-07-26,1113661.0,103.3,23981.0
2015-07-27,1113661.0,103.3,23981.0
2015-07-28,1113661.0,103.3,23981.0
2015-07-29,1113661.0,103.3,23981.0
2015-07-30,1113661.0,103.3,23981.0
2015-07-31,1113661.0,103.3,23981.0
2015-08-01,1113661.0,103.3,23981.0
2015-08-02,1113661.0,103.3,23981.0
2015-08-03,1113661.0,103.3,23981.0
2015-08-04,1113661.0,103.3,23981.0
2015-08-05,1113661.0,103.3,23981.0
2015-08-06,1113661.0,103.3,23981.0
2015-08-07,1113661.0,103.3,23981.0
2015-08-08,1113661.0,103.3,23981.0
2015-08-09,1113661.0,103.3,23981.0
2015-08-10,1113661.0,103.3,23981.0
2015-08-11,1113661.0,103.3,23981.0
2015-08-12,1113661.0,103.3,23981.0
2015-08-13,1113661.0,103.3,23981.0
2015-08-14,1113661.0,103.3,23981.0
2015-08-15,1113661.0,103.3,23981.0
2015-08-16,1113661.0,103.3,23981.0
2015-08-17,1113661.0,103.3,23981.0
2015-08-18,1113661.0,103.3,23981.0
2015-08-19,1113661.0,103.3,23981.0
2015-08-20,1113661.0,103.3,23981.0
2015-08-21,1113661.0,103.3,23981.0
2015-08-22,1113661.0,103.3,23981.0
2015-08-23,1113661.0,103.3,23981.0
2015-08-24,1113661.0,103.3,23981.0
2015-08-25,1113661.0,103.3,23981.0
2015-08-26,1113661.0,103.3,23981.0
2015-08-27,1113661.0,103.3,23981.0
2015-08-28,1113661.0,103.3,23981.0
2015-08-29,1113661.0,103.3,23981.0
2015-08-30,1113661.0,103.3,23981.0
2015-08-31,1113661.0,103.3,23981.0
2015-09-01,1113661.0,103.3,23981.0
2015-09-02,1113661.0,103.3,23981.0
2015-09-03,1113661.0,103.3,23981.0
2015-09-04,1113661.0,103.3,23981.0
2015-09-05,1113661.0,103.3,23981.0
2015-09-06,1113661.0,103.3,23981.0
2015-09-07,1113661.0,103.3,23981.0
2015-09-08,1113661.0,103.3,23981.0
2015-09-09,1113661.0,103.3,23981.0
2015-09-10,1113661.0,103.3,23981.0
2015-09-11,1113661.0,103.3,23981.0
2015-09-12,1113661.0,103.3,23981.0
2015-09-13,1113661.0,103.3,23981.0
2015-09-14,1113661.0,103.3,23981.0
2015-09-15,1113661.0,103.3,23981.0
2015-09-16,1113661.0,103.3,23981.0
2015-09-17,1113661.0,103.3,23981.0
2015-09-18,1113661.0,103.3,23981.0
2015-09-19,1113661.0,103.3,23981.0
2015-09-20,1113661.0,103.3,23981.0
2015-09-21,1113661.0,103.3,23981.0
2015-09-22,1113661.0,103.3,23981.0
2015-09-23,1113661.0,103.3,23981.0
2015-09-24,1113661.0,103.3,23981.0
2015-09-25,1113661.0,103.3,23981.0
2015-09-26,1113661.0,103.3,23981.0
2015-09-27,1113661.0,103.3,23981.0
2015-09-28,1113661.0,103.3,23981.0
2015-09-29,1113661.0,103.3,23981.0
2015-09-30,1113661.0,103.3,23981.0
2015-10-01,1113661.0,103.3,23981.0
2015-10-02,1113661.0,103.3,23981.0
2015-10-03,1113661.0,103.3,23981.0
2015-10-04,1113661.0,103.3,23981.0
2015-10-05,1113661.0,103.3,23981.0
2015-10-06,1113661.0,103.3,23981.0
2015-10-07,1113661.0,103.3,23981.0
2015-10-08,1113661.0,103.3,23981.0
2015-10-09,1113661.0,103.3,23981.0
2015-10-10,1113661.0,103.3,23981.0
2015-10-11,1113661.0,103.3,23981.0
2015-10-12,1113661.0,103.3,23981.0
2015-10-13,1113661.0,103.3,23981.0
2015-10-14,1113661.0,103.3,23981.0
2015-10-15,1113661.0,103.3,23981.0
2015-10-16,1113661.0,103.3,23981.0
2015-10-17,1113661.0,103.3,23981.0
2015-10-18,1113661.0,103.3,23981.0
2015-10-19,1113661.0,103.3,23981.0
2015-10-20,1113661.0,103.3,23981.0
2015-10-21,1113661.0,103.3,23981.0
2015-10-22,1113661.0,103.3,23981.0
2015-10-23,1113661.0,103.3,23981.0
2015-10-24,1113661.0,103.3,23981.0
2015-10-25,1113661.0,103.3,23981.0
2015-10-26,1113661.0,103.3,23981.0
2015-10-27,1113661.0,103.3,23981.0
2015-10-28,1113661.0,103.3,23981.0
2015-10-29,1113661.0,103.3,23981.0
2015-10-30,1113661.0,103.3,23981.0
2015-10-31,1113661.0,103.3,23981.0
2015-11-01,1113661.0,103.3,23981.0
2015-11-02,1113661.0,103.3,23981.0
2015-11-03,1113661.0,103.3,23981.0
2015-11-04,1113661.0,103.3,23981.0
2015-11-05,1113661.0,103.3,23981.0
2015-11-06,1113661.0,103.3,23981.0
2015-11-07,1113661.0,103.3,23981.0
2015-11-08,1113661.0,103.3,23981.0
2015-11-09,1113661.0,103.3,23981.0
2015-11-10,1113661.0,103.3,23981.0
2015-11-11,1113661.0,103.3,23981.0
2015-11-12,1113661.0,103.3,23981.0
2015-11-13,1113661.0,103.3,23981.0
2015-11-14,1113661.0,103.3,23981.0
2015-11-15,1113661.0,103.3,23981.0
2015-11-16,1113661.0,103.3,23981.0
2015-11-17,1113661.0,103.3,23981.0
2015-11-18,1113661.0,103.3,23981.0
2015-11-19,1113661.0,103.3,23981.0
2015-11-20,1113661.0,103.3,23981.0
2015-11-21,1113661.0,103.3,23981.0
2015-11-22,1113661.0,103.3,23981.0
2015-11-23,1113661.0,103.3,23981.0
2015-11-24,1113661.0,103.3,23981.0
2015-11-25,1113661.0,103.3,23981.0
2015-11-26,1113661.0,103.3,23981.0
2015-11-27,1113661.0,103.3,23981.0
2015-11-28,1113661.0,103.3,23981.0
2015-11-29,1113661.0,103.3,23981.0
2015-11-30,1113661.0,103.3,23981.0
2015-12-01,1113661.0,103.3,23981.0
2015-12-02,1113661.0,103.3,23981.0
2015-12-03,1113661.0,103.3,23981.0
2015-12-04,1113661.0,103.3,23981.0
2015-12-05,1113661.0,103.3,23981.0
2015-12-06,1113661.0,103.3,23981.0
2015-12-07,1113661.0,103.3,23981.0
2015-12-08,1113661.0,103.3,23981.0
2015-12-09,1113661.0,103.3,23981.0
2015-12-10,1113661.0,103.3,23981.0
2015-12-11,1113661.0,103.3,23981.0
2015-12-12,1113661.0,103.3,23981.0
2015-12-13,1113661.0,103.3,23981.0
2015-12-14,1113661.0,103.3,23981.0
2015-12-15,1113661.0,103.3,23981.0
2015-12-16,1113661.0,103.3,23981.0
2015-12-17,1113661.0,103.3,23981.0
2015-12-18,1113661.0,103.3,23981.0
2015-12-19,1113661.0,103.3,23981.0
2015-12-20,1113661.0,103.3,23981.0
2015-12-21,1113661.0,103.3,23981.0
2015-12-22,1113661.0,103.3,23981.0
2015-12-23,1113661.0,103.3,23981.0
2015-12-24,1113661.0,103.3,23981.0
2015-12-25,1113661.0,103.3,23981.0
2015-12-26,1113661.0,103.3,23981.0
2015-12-27,1113661.0,103.3,23981.0
2015-12-28,1113661.0,103.3,23981.0
2015-12-29,1113661.0,103.3,23981.0
2015-12-30,1113661.0,103.3,23981.0
2015-12-31,1113661.0,103.3,23981.0
2016-01-01,1145050.0,102.7,24610.0
2016-01-02,1145050.0,102.7,24610.0
2016-01-03,1145050.0,102.7,24610.0
2016-01-04,1145050.0,102.7,24610.0
2016-01-05,1145050.0,102.7,24610.0
2016-01-06,1145050.0,102.7,24610.0
2016-01-07,1145050.0,102.7,24610.0
2016-01-08,1145050.0,102.7,24610.0
2016-01-09,1145050.0,102.7,24610.0
2016-01-10,1145050.0,102.7,24610.0
2016-01-11,1145050.0,102.7,24610.0
2016-01-12,1145050.0,102.7,24610.0
2016-01-13,1145050.0,102.7,24610.0
2016-01-14,1145050.0,102.7,24610.0
2016-01-15,1145050.0,102.7,24610.0
2016-01-16,1145050.0,102.7,24610.0
2016-01-17,1145050.0,102.7,24610.0
2016-01-18,1145050.0,102.7,24610.0
2016-01-19,1145050.0,102.7,24610.0
2016-01-20,1145050.0,102.7,24610.0
2016-01-21,1145050.0,102.7,24610.0
2016-01-22,1145050.0,102.7,24610.0
2016-01-23,1145050.0,102.7,24610.0
2016-01-24,1145050.0,102.7,24610.0
2016-01-25,1145050.0,102.7,24610.0
2016-01-26,1145050.0,102.7,24610.0
2016-01-27,1145050.0,102.7,24610.0
2016-01-28,1145050.0,102.7,24610.0
2016-01-29,1145050.0,102.7,24610.0
2016-01-30,1145050.0,102.7,24610.0
2016-01-31,1145050.0,102.7,24610.0
2016-02-01,1145050.0,102.7,24610.0
2016-02-02,1145050.0,102.7,24610.0
2016-02-03,1145050.0,102.7,24610.0
2016-02-04,1145050.0,102.7,24610.0
2016-02-05,1145050.0,102.7,24610.0
2016-02-06,1145050.0,102.7,24610.0
2016-02-07,1145050.0,102.7,24610.0
2016-02-08,1145050.0,102.7,24610.0
2016-02-09,1145050.0,102.7,24610.0
2016-02-10,1145050.0,102.7,24610.0
2016-02-11,1145050.0,102.7,24610.0
2016-02-12,1145050.0,102.7,24610.0
2016-02-13,1145050.0,102.7,24610.0
2016-02-14,1145050.0,102.7,24610.0
2016-02-15,1145050.0,102.7,24610.0
2016-02-16,1145050.0,102.7,24610.0
2016-02-17,1145050.0,102.7,24610.0
2016-02-18,1145050.0,102.7,24610.0
2016-02-19,1145050.0,102.7,24610.0
2016-02-20,1145050.0,102.7,24610.0
2016-02-21,1145050.0,102.7,24610.0
2016-02-22,1145050.0,102.7,24610.0
2016-02-23,1145050.0,102.7,24610.0
2016-02-24,1145050.0,102.7,24610.0
2016-02-25,1145050.0,102.7,24610.0
2016-02-26,1145050.0,102.7,24610.0
2016-02-27,1145050.0,102.7,24610.0
2016-02-28,1145050.0,102.7,24610.0
2016-02-29,1145050.0,102.7,24610.0
2016-03-01,1145050.0,102.7,24610.0
2016-03-02,1145050.0,102.7,24610.0
2016-03-03,1145050.0,102.7,24610.0
2016-03-04,1145050.0,102.7,24610.0
2016-03-05,1145050.0,102.7,24610.0
2016-03-06,1145050.0,102.7,24610.0
2016-03-07,1145050.0,102.7,24610.0
2016-03-08,1145050.0,102.7,24610.0
2016-03-09,1145050.0,102.7,24610.0
2016-03-10,1145050.0,102.7,24610.0
2016-03-11,1145050.0,102.7,24610.0
2016-03-12,1145050.0,102.7,24610.0
2016-03-13,1145050.0,102.7,24610.0
2016-03-14,1145050.0,102.7,24610.0
2016-03-15,1145050.0,102.7,24610.0
2016-03-16,1145050.0,102.7,24610.0
2016-03-17,1145050.0,102.7,24610.0
2016-03-18,1145050.0,102.7,24610.0
2016-03-19,1145050.0,102.7,24610.0
2016-03-20,1145050.0,102.7,24610.0
2016-03-21,1145050.0,102.7,24610.0
2016-03-22,1145050.0,102.7,24610.0
2016-03-23,1145050.0,102.7,24610.0
2016-03-24,1145050.0,102.7,24610.0
2016-03-25,1145050.0,102.7,24610.0
2016-03-26,1145050.0,102.7,24610.0
2016-03-27,1145050.0,102.7,24610.0
2016-03-28,1145050.0,102.7,24610.0
2016-03-29,1145050.0,102.7,24610.0
2016-03-30,1145050.0,102.7,24610.0
2016-03-31,1145050.0,102.7,24610.0
2016-04-01,1145050.0,102.7,24610.0
2016-04-02,1145050.0,102.7,24610.0
2016-04-03,1145050.0,102.7,24610.0
2016-04-04,1145050.0,102.7,24610.0
2016-04-05,1145050.0,102.7,24610.0
2016-04-06,1145050.0,102.7,24610.0
2016-04-07,1145050.0,102.7,24610.0
2016-04-08,1145050.0,102.7,24610.0
2016-04-09,1145050.0,102.7,24610.0
2016-04-10,1145050.0,102.7,24610.0
2016-04-11,1145050.0,102.7,24610.0
2016-04-12,1145050.0,102.7,24610.0
2016-04-13,1145050.0,102.7,24610.0
2016-04-14,1145050.0,102.7,24610.0
2016-04-15,1145050.0,102.7,24610.0
2016-04-16,1145050.0,102.7,24610.0
2016-04-17,1145050.0,102.7,24610.0
2016-04-18,1145050.0,102.7,24610.0
2016-04-19,1145050.0,102.7,24610.0
2016-04-20,1145050.0,102.7,24610.0
2016-04-21,1145050.0,102.7,24610.0
2016-04-22,1145050.0,102.7,24610.0
2016-04-23,1145050.0,102.7,24610.0
2016-04-24,1145050.0,102.7,24610.0
2016-04-25,1145050.0,102.7,24610.0
2016-04-26,1145050.0,102.7,24610.0
2016-04-27,1145050.0,102.7,24610.0
2016-04-28,1145050.0,102.7,24610.0
2016-04-29,1145050.0,102.7,24610.0
2016-04-30,1145050.0,102.7,24610.0
2016-05-01,1145050.0,102.7,24610.0
2016-05-02,1145050.0,102.7,24610.0
2016-05-03,1145050.0,102.7,24610.0
2016-05-04,1145050.0,102.7,24610.0
2016-05-05,1145050.0,102.7,24610.0
2016-05-06,1145050.0,102.7,24610.0
2016-05-07,1145050.0,102.7,24610.0
2016-05-08,1145050.0,102.7,24610.0
2016-05-09,1145050.0,102.7,24610.0
2016-05-10,1145050.0,102.7,24610.0
2016-05-11,1145050.0,102.7,24610.0
2016-05-12,1145050.0,102.7,24610.0
2016-05-13,1145050.0,102.7,24610.0
2016-05-14,1145050.0,102.7,24610.0
2016-05-15,1145050.0,102.7,24610.0
2016-05-16,1145050.0,102.7,24610.0
2016-05-17,1145050.0,102.7,24610.0
2016-05-18,1145050.0,102.7,24610.0
2016-05-19,1145050.0,102.7,24610.0
2016-05-20,1145050.0,102.7,24610.0
2016-05-21,1145050.0,102.7,24610.0
2016-05-22,1145050.0,102.7,24610.0
2016-05-23,1145050.0,102.7,24610.0
2016-05-24,1145050.0,102.7,24610.0
2016-05-25,1145050.0,102.7,24610.0
2016-05-26,1145050.0,102.7,24610.0
2016-05-27,1145050.0,102.7,24610.0
2016-05-28,1145050.0,102.7,24610.0
2016-05-29,1145050.0,102.7,24610.0
2016-05-30,1145050.0,102.7,24610.0
2016-05-31,1145050.0,102.7,24610.0
2016-06-01,1145050.0,102.7,24610.0
2016-06-02,1145050.0,102.7,24610.0
2016-06-03,1145050.0,102.7,24610.0
2016-06-04,1145050.0,102.7,24610.0
2016-06-05,1145050.0,102.7,24610.0
2016-06-06,1145050.0,102.7,24610.0
2016-06-07,1145050.0,102.7,24610.0
2016-06-08,1145050.0,102.7,24610.0
2016-06-09,1145050.0,102.7,24610.0
2016-06-10,1145050.0,102.7,24610.0
2016-06-11,1145050.0,102.7,24610.0
2016-06-12,1145050.0,102.7,24610.0
2016-06-13,1145050.0,102.7,24610.0
2016-06-14,1145050.0,102.7,24610.0
2016-06-15,1145050.0,102.7,24610.0
2016-06-16,1145050.0,102.7,24610.0
2016-06-17,1145050.0,102.7,24610.0
2016-06-18,1145050.0,102.7,24610.0
2016-06-19,1145050.0,102.7,24610.0
2016-06-20,1145050.0,102.7,24610.0
2016-06-21,1145050.0,102.7,24610.0
2016-06-22,1145050.0,102.7,24610.0
2016-06-23,1145050.0,102.7,24610.0
2016-06-24,1145050.0,102.7,24610.0
2016-06-25,1145050.0,102.7,24610.0
2016-06-26,1145050.0,102.7,24610.0
2016-06-27,1145050.0,102.7,24610.0
2016-06-28,1145050.0,102.7,24610.0
2016-06-29,1145050.0,102.7,24610.0
2016-06-30,1145050.0,102.7,24610.0
2016-07-01,1145050.0,102.7,24610.0
2016-07-02,1145050.0,102.7,24610.0
2016-07-03,1145050.0,102.7,24610.0
2016-07-04,1145050.0,102.7,24610.0
2016-07-05,1145050.0,102.7,24610.0
2016-07-06,1145050.0,102.7,24610.0
2016-07-07,1145050.0,102.7,24610.0
2016-07-08,1145050.0,102.7,24610.0
2016-07-09,1145050.0,102.7,24610.0
2016-07-10,1145050.0,102.7,24610.0
2016-07-11,1145050.0,102.7,24610.0
2016-07-12,1145050.0,102.7,24610.0
2016-07-13,1145050.0,102.7,24610.0
2016-07-14,1145050.0,102.7,24610.0
2016-07-15,1145050.0,102.7,24610.0
2016-07-16,1145050.0,102.7,24610.0
2016-07-17,1145050.0,102.7,24610.0
2016-07-18,1145050.0,102.7,24610.0
2016-07-19,1145050.0,102.7,24610.0
2016-07-20,1145050.0,102.7,24610.0
2016-07-21,1145050.0,102.7,24610.0
2016-07-22,1145050.0,102.7,24610.0
2016-07-23,1145050.0,102.7,24610.0
2016-07-24,1145050.0,102.7,24610.0
2016-07-25,1145050.0,102.7,24610.0
2016-07-26,1145050.0,102.7,24610.0
2016-07-27,1145050.0,102.7,24610.0
2016-07-28,1145050.0,102.7,24610.0
2016-07-29,1145050.0,102.7,24610.0
2016-07-30,1145050.0,102.7,24610.0
2016-07-31,1145050.0,102.7,24610.0
2016-08-01,1145050.0,102.7,24610.0
2016-08-02,1145050.0,102.7,24610.0
2016-08-03,1145050.0,102.7,24610.0
2016-08-04,1145050.0,102.7,24610.0
2016-08-05,1145050.0,102.7,24610.0
2016-08-06,1145050.0,102.7,24610.0
2016-08-07,1145050.0,102.7,24610.0
2016-08-08,1145050.0,102.7,24610.0
2016-08-09,1145050.0,102.7,24610.0
2016-08-10,1145050.0,102.7,24610.0
2016-08-11,1145050.0,102.7,24610.0
2016-08-12,1145050.0,102.7,24610.0
2016-08-13,1145050.0,102.7,24610.0
2016-08-14,1145050.0,102.7,24610.0
2016-08-15,1145050.0,102.7,24610.0
2016-08-16,1145050.0,102.7,24610.0
2016-08-17,1145050.0,102.7,24610.0
2016-08-18,1145050.0,102.7,24610.0
2016-08-19,1145050.0,102.7,24610.0
2016-08-20,1145050.0,102.7,24610.0
2016-08-21,1145050.0,102.7,24610.0
2016-08-22,1145050.0,102.7,24610.0
2016-08-23,1145050.0,102.7,24610.0
2016-08-24,1145050.0,102.7,24610.0
2016-08-25,1145050.0,102.7,24610.0
2016-08-26,1145050.0,102.7,24610.0
2016-08-27,1145050.0,102.7,24610.0
2016-08-28,1145050.0,102.7,24610.0
2016-08-29,1145050.0,102.7,24610.0
2016-08-30,1145050.0,102.7,24610.0
2016-08-31,1145050.0,102.7,24610.0
2016-09-01,1145050.0,102.7,24610.0
2016-09-02,1145050.0,102.7,24610.0
2016-09-03,1145050.0,102.7,24610.0
2016-09-04,1145050.0,102.7,24610.0
2016-09-05,1145050.0,102.7,24610.0
2016-09-06,1145050.0,102.7,24610.0
2016-09-07,1145050.0,102.7,24610.0
2016-09-08,1145050.0,102.7,24610.0
2016-09-09,1145050.0,102.7,24610.0
2016-09-10,1145050.0,102.7,24610.0
2016-09-11,1145050.0,102.7,24610.0
2016-09-12,1145050.0,102.7,24610.0
2016-09-13,1145050.0,102.7,24610.0
2016-09-14,1145050.0,102.7,24610.0
2016-09-15,1145050.0,102.7,24610.0
2016-09-16,1145050.0,102.7,24610.0
2016-09-17,1145050.0,102.7,24610.0
2016-09-18,1145050.0,102.7,24610.0
2016-09-19,1145050.0,102.7,24610.0
2016-09-20,1145050.0,102.7,24610.0
2016-09-21,1145050.0,102.7,24610.0
2016-09-22,1145050.0,102.7,24610.0
2016-09-23,1145050.0,102.7,24610.0
2016-09-24,1145050.0,102.7,24610.0
2016-09-25,1145050.0,102.7,24610.0
2016-09-26,1145050.0,102.7,24610.0
2016-09-27,1145050.0,102.7,24610.0
2016-09-28,1145050.0,102.7,24610.0
2016-09-29,1145050.0,102.7,24610.0
2016-09-30,1145050.0,102.7,24610.0
2016-10-01,1145050.0,102.7,24610.0
2016-10-02,1145050.0,102.7,24610.0
2016-10-03,1145050.0,102.7,24610.0
2016-10-04,1145050.0,102.7,24610.0
2016-10-05,1145050.0,102.7,24610.0
2016-10-06,1145050.0,102.7,24610.0
2016-10-07,1145050.0,102.7,24610.0
2016-10-08,1145050.0,102.7,24610.0
2016-10-09,1145050.0,102.7,24610.0
2016-10-10,1145050.0,102.7,24610.0
2016-10-11,1145050.0,102.7,24610.0
2016-10-12,1145050.0,102.7,24610.0
2016-10-13,1145050.0,102.7,24610.0
2016-10-14,1145050.0,102.7,24610.0
2016-10-15,1145050.0,102.7,24610.0
2016-10-16,1145050.0,102.7,24610.0
2016-10-17,1145050.0,102.7,24610.0
2016-10-18,1145050.0,102.7,24610.0
2016-10-19,1145050.0,102.7,24610.0
2016-10-20,1145050.0,102.7,24610.0
2016-10-21,1145050.0,102.7,24610.0
2016-10-22,1145050.0,102.7,24610.0
2016-10-23,1145050.0,102.7,24610.0
2016-10-24,1145050.0,102.7,24610.0
2016-10-25,1145050.0,102.7,24610.0
2016-10-26,1145050.0,102.7,24610.0
2016-10-27,1145050.0,102.7,24610.0
2016-10-28,1145050.0,102.7,24610.0
2016-10-29,1145050.0,102.7,24610.0
2016-10-30,1145050.0,102.7,24610.0
2016-10-31,1145050.0,102.7,24610.0
2016-11-01,1145050.0,102.7,24610.0
2016-11-02,1145050.0,102.7,24610.0
2016-11-03,1145050.0,102.7,24610.0
2016-11-04,1145050.0,102.7,24610.0
2016-11-05,1145050.0,102.7,24610.0
2016-11-06,1145050.0,102.7,24610.0
2016-11-07,1145050.0,102.7,24610.0
2016-11-08,1145050.0,102.7,24610.0
2016-11-09,1145050.0,102.7,24610.0
2016-11-10,1145050.0,102.7,24610.0
2016-11-11,1145050.0,102.7,24610.0
2016-11-12,1145050.0,102.7,24610.0
2016-11-13,1145050.0,102.7,24610.0
2016-11-14,1145050.0,102.7,24610.0
2016-11-15,1145050.0,102.7,24610.0
2016-11-16,1145050.0,102.7,24610.0
2016-11-17,1145050.0,102.7,24610.0
2016-11-18,1145050.0,102.7,24610.0
2016-11-19,1145050.0,102.7,24610.0
2016-11-20,1145050.0,102.7,24610.0
2016-11-21,1145050.0,102.7,24610.0
2016-11-22,1145050.0,102.7,24610.0
2016-11-23,1145050.0,102.7,24610.0
2016-11-24,1145050.0,102.7,24610.0
2016-11-25,1145050.0,102.7,24610.0
2016-11-26,1145050.0,102.7,24610.0
2016-11-27,1145050.0,102.7,24610.0
2016-11-28,1145050.0,102.7,24610.0
2016-11-29,1145050.0,102.7,24610.0
2016-11-30,1145050.0,102.7,24610.0
2016-12-01,1145050.0,102.7,24610.0
2016-12-02,1145050.0,102.7,24610.0
2016-12-03,1145050.0,102.7,24610.0
2016-12-04,1145050.0,102.7,24610.0
2016-12-05,1145050.0,102.7,24610.0
2016-12-06,1145050.0,102.7,24610.0
2016-12-07,1145050.0,102.7,24610.0
2016-12-08,1145050.0,102.7,24610.0
2016-12-09,1145050.0,102.7,24610.0
2016-12-10,1145050.0,102.7,24610.0
2016-12-11,1145050.0,102.7,24610.0
2016-12-12,1145050.0,102.7,24610.0
2016-12-13,1145050.0,102.7,24610.0
2016-12-14,1145050.0,102.7,24610.0
2016-12-15,1145050.0,102.7,24610.0
2016-12-16,1145050.0,102.7,24610.0
2016-12-17,1145050.0,102.7,24610.0
2016-12-18,1145050.0,102.7,24610.0
2016-12-19,1145050.0,102.7,24610.0
2016-12-20,1145050.0,102.7,24610.0
2016-12-21,1145050.0,102.7,24610.0
2016-12-22,1145050.0,102.7,24610.0
2016-12-23,1145050.0,102.7,24610.0
2016-12-24,1145050.0,102.7,24610.0
2016-12-25,1145050.0,102.7,24610.0
2016-12-26,1145050.0,102.7,24610.0
2016-12-27,1145050.0,102.7,24610.0
2016-12-28,1145050.0,102.7,24610.0
2016-12-29,1145050.0,102.7,24610.0
2016-12-30,1145050.0,102.7,24610.0
2016-12-31,1145050.0,102.7,24610.0
2017-01-01,1183412.0,101.8,25363.0
2017-01-02,1183412.0,101.8,25363.0
2017-01-03,1183412.0,101.8,25363.0
2017-01-04,1183412.0,101.8,25363.0
2017-01-05,1183412.0,101.8,25363.0
2017-01-06,1183412.0,101.8,25363.0
2017-01-07,1183412.0,101.8,25363.0
2017-01-08,1183412.0,101.8,25363.0
2017-01-09,1183412.0,101.8,25363.0
2017-01-10,1183412.0,101.8,25363.0
2017-01-11,1183412.0,101.8,25363.0
2017-01-12,1183412.0,101.8,25363.0
2017-01-13,1183412.0,101.8,25363.0
2017-01-14,1183412.0,101.8,25363.0
2017-01-15,1183412.0,101.8,25363.0
2017-01-16,1183412.0,101.8,25363.0
2017-01-17,1183412.0,101.8,25363.0
2017-01-18,1183412.0,101.8,25363.0
2017-01-19,1183412.0,101.8,25363.0
2017-01-20,1183412.0,101.8,25363.0
2017-01-21,1183412.0,101.8,25363.0
2017-01-22,1183412.0,101.8,25363.0
2017-01-23,1183412.0,101.8,25363.0
2017-01-24,1183412.0,101.8,25363.0
2017-01-25,1183412.0,101.8,25363.0
2017-01-26,1183412.0,101.8,25363.0
2017-01-27,1183412.0,101.8,25363.0
2017-01-28,1183412.0,101.8,25363.0
2017-01-29,1183412.0,101.8,25363.0
2017-01-30,1183412.0,101.8,25363.0
2017-01-31,1183412.0,101.8,25363.0
2017-02-01,1183412.0,101.8,25363.0
2017-02-02,1183412.0,101.8,25363.0
2017-02-03,1183412.0,101.8,25363.0
2017-02-04,1183412.0,101.8,25363.0
2017-02-05,1183412.0,101.8,25363.0
2017-02-06,1183412.0,101.8,25363.0
2017-02-07,1183412.0,101.8,25363.0
2017-02-08,1183412.0,101.8,25363.0
2017-02-09,1183412.0,101.8,25363.0
2017-02-10,1183412.0,101.8,25363.0
2017-02-11,1183412.0,101.8,25363.0
2017-02-12,1183412.0,101.8,25363.0
2017-02-13,1183412.0,101.8,25363.0
2017-02-14,1183412.0,101.8,25363.0
2017-02-15,1183412.0,101.8,25363.0
2017-02-16,1183412.0,101.8,25363.0
2017-02-17,1183412.0,101.8,25363.0
2017-02-18,1183412.0,101.8,25363.0
2017-02-19,1183412.0,101.8,25363.0
2017-02-20,1183412.0,101.8,25363.0
2017-02-21,1183412.0,101.8,25363.0
2017-02-22,1183412.0,101.8,25363.0
2017-02-23,1183412.0,101.8,25363.0
2017-02-24,1183412.0,101.8,25363.0
2017-02-25,1183412.0,101.8,25363.0
2017-02-26,1183412.0,101.8,25363.0
2017-02-27,1183412.0,101.8,25363.0
2017-02-28,1183412.0,101.8,25363.0
2017-03-01,1183412.0,101.8,25363.0
2017-03-02,1183412.0,101.8,25363.0
2017-03-03,1183412.0,101.8,25363.0
2017-03-04,1183412.0,101.8,25363.0
2017-03-05,1183412.0,101.8,25363.0
2017-03-06,1183412.0,101.8,25363.0
2017-03-07,1183412.0,101.8,25363.0
2017-03-08,1183412.0,101.8,25363.0
2017-03-09,1183412.0,101.8,25363.0
2017-03-10,1183412.0,101.8,25363.0
2017-03-11,1183412.0,101.8,25363.0
2017-03-12,1183412.0,101.8,25363.0
2017-03-13,1183412.0,101.8,25363.0
2017-03-14,1183412.0,101.8,25363.0
2017-03-15,1183412.0,101.8,25363.0
2017-03-16,1183412.0,101.8,25363.0
2017-03-17,1183412.0,101.8,25363.0
2017-03-18,1183412.0,101.8,25363.0
2017-03-19,1183412.0,101.8,25363.0
2017-03-20,1183412.0,101.8,25363.0
2017-03-21,1183412.0,101.8,25363.0
2017-03-22,1183412.0,101.8,25363.0
2017-03-23,1183412.0,101.8,25363.0
2017-03-24,1183412.0,101.8,25363.0
2017-03-25,1183412.0,101.8,25363.0
2017-03-26,1183412.0,101.8,25363.0
2017-03-27,1183412.0,101.8,25363.0
2017-03-28,1183412.0,101.8,25363.0
2017-03-29,1183412.0,101.8,25363.0
2017-03-30,1183412.0,101.8,25363.0
2017-03-31,1183412.0,101.8,25363.0
2017-04-01,1183412.0,101.8,25363.0
2017-04-02,1183412.0,101.8,25363.0
2017-04-03,1183412.0,101.8,25363.0
2017-04-04,1183412.0,101.8,25363.0
2017-04-05,1183412.0,101.8,25363.0
2017-04-06,1183412.0,101.8,25363.0
2017-04-07,1183412.0,101.8,25363.0
2017-04-08,1183412.0,101.8,25363.0
2017-04-09,1183412.0,101.8,25363.0
2017-04-10,1183412.0,101.8,25363.0
2017-04-11,1183412.0,101.8,25363.0
2017-04-12,1183412.0,101.8,25363.0
2017-04-13,1183412.0,101.8,25363.0
2017-04-14,1183412.0,101.8,25363.0
2017-04-15,1183412.0,101.8,25363.0
2017-04-16,1183412.0,101.8,25363.0
2017-04-17,1183412.0,101.8,25363.0
2017-04-18,1183412.0,101.8,25363.0
2017-04-19,1183412.0,101.8,25363.0
2017-04-20,1183412.0,101.8,25363.0
2017-04-21,1183412.0,101.8,25363.0
2017-04-22,1183412.0,101.8,25363.0
2017-04-23,1183412.0,101.8,25363.0
2017-04-24,1183412.0,101.8,25363.0
2017-04-25,1183412.0,101.8,25363.0
2017-04-26,1183412.0,101.8,25363.0
2017-04-27,1183412.0,101.8,25363.0
2017-04-28,1183412.0,101.8,25363.0
2017-04-29,1183412.0,101.8,25363.0
2017-04-30,1183412.0,101.8,25363.0
2017-05-01,1183412.0,101.8,25363.0
2017-05-02,1183412.0,101.8,25363.0
2017-05-03,1183412.0,101.8,25363.0
2017-05-04,1183412.0,101.8,25363.0
2017-05-05,1183412.0,101.8,25363.0
2017-05-06,1183412.0,101.8,25363.0
2017-05-07,1183412.0,101.8,25363.0
2017-05-08,1183412.0,101.8,25363.0
2017-05-09,1183412.0,101.8,25363.0
2017-05-10,1183412.0,101.8,25363.0
2017-05-11,1183412.0,101.8,25363.0
2017-05-12,1183412.0,101.8,25363.0
2017-05-13,1183412.0,101.8,25363.0
2017-05-14,1183412.0,101.8,25363.0
2017-05-15,1183412.0,101.8,25363.0
2017-05-16,1183412.0,101.8,25363.0
2017-05-17,1183412.0,101.8,25363.0
2017-05-18,1183412.0,101.8,25363.0
2017-05-19,1183412.0,101.8,25363.0
2017-05-20,1183412.0,101.8,25363.0
2017-05-21,1183412.0,101.8,25363.0
2017-05-22,1183412.0,101.8,25363.0
2017-05-23,1183412.0,101.8,25363.0
2017-05-24,1183412.0,101.8,25363.0
2017-05-25,1183412.0,101.8,25363.0
2017-05-26,1183412.0,101.8,25363.0
2017-05-27,1183412.0,101.8,25363.0
2017-05-28,1183412.0,101.8,25363.0
2017-05-29,1183412.0,101.8,25363.0
2017-05-30,1183412.0,101.8,25363.0
2017-05-31,1183412.0,101.8,25363.0
2017-06-01,1183412.0,101.8,25363.0
2017-06-02,1183412.0,101.8,25363.0
2017-06-03,1183412.0,101.8,25363.0
2017-06-04,1183412.0,101.8,25363.0
2017-06-05,1183412.0,101.8,25363.0
2017-06-06,1183412.0,101.8,25363.0
2017-06-07,1183412.0,101.8,25363.0
2017-06-08,1183412.0,101.8,25363.0
2017-06-09,1183412.0,101.8,25363.0
2017-06-10,1183412.0,101.8,25363.0
2017-06-11,1183412.0,101.8,25363.0
2017-06-12,1183412.0,101.8,25363.0
2017-06-13,1183412.0,101.8,25363.0
2017-06-14,1183412.0,101.8,25363.0
2017-06-15,1183412.0,101.8,25363.0
2017-06-16,1183412.0,101.8,25363.0
2017-06-17,1183412.0,101.8,25363.0
2017-06-18,1183412.0,101.8,25363.0
2017-06-19,1183412.0,101.8,25363.0
2017-06-20,1183412.0,101.8,25363.0
2017-06-21,1183412.0,101.8,25363.0
2017-06-22,1183412.0,101.8,25363.0
2017-06-23,1183412.0,101.8,25363.0
2017-06-24,1183412.0,101.8,25363.0
2017-06-25,1183412.0,101.8,25363.0
2017-06-26,1183412.0,101.8,25363.0
2017-06-27,1183412.0,101.8,25363.0
2017-06-28,1183412.0,101.8,25363.0
2017-06-29,1183412.0,101.8,25363.0
2017-06-30,1183412.0,101.8,25363.0
2017-07-01,1183412.0,101.8,25363.0
2017-07-02,1183412.0,101.8,25363.0
2017-07-03,1183412.0,101.8,25363.0
2017-07-04,1183412.0,101.8,25363.0
2017-07-05,1183412.0,101.8,25363.0
2017-07-06,1183412.0,101.8,25363.0
2017-07-07,1183412.0,101.8,25363.0
2017-07-08,1183412.0,101.8,25363.0
2017-07-09,1183412.0,101.8,25363.0
2017-07-10,1183412.0,101.8,25363.0
2017-07-11,1183412.0,101.8,25363.0
2017-07-12,1183412.0,101.8,25363.0
2017-07-13,1183412.0,101.8,25363.0
2017-07-14,1183412.0,101.8,25363.0
2017-07-15,1183412.0,101.8,25363.0
2017-07-16,1183412.0,101.8,25363.0
2017-07-17,1183412.0,101.8,25363.0
2017-07-18,1183412.0,101.8,25363.0
2017-07-19,1183412.0,101.8,25363.0
2017-07-20,1183412.0,101.8,25363.0
2017-07-21,1183412.0,101.8,25363.0
2017-07-22,1183412.0,101.8,25363.0
2017-07-23,1183412.0,101.8,25363.0
2017-07-24,1183412.0,101.8,25363.0
2017-07-25,1183412.0,101.8,25363.0
2017-07-26,1183412.0,101.8,25363.0
2017-07-27,1183412.0,101.8,25363.0
2017-07-28,1183412.0,101.8,25363.0
2017-07-29,1183412.0,101.8,25363.0
2017-07-30,1183412.0,101.8,25363.0
2017-07-31,1183412.0,101.8,25363.0
2017-08-01,1183412.0,101.8,25363.0
2017-08-02,1183412.0,101.8,25363.0
2017-08-03,1183412.0,101.8,25363.0
2017-08-04,1183412.0,101.8,25363.0
2017-08-05,1183412.0,101.8,25363.0
2017-08-06,1183412.0,101.8,25363.0
2017-08-07,1183412.0,101.8,25363.0
2017-08-08,1183412.0,101.8,25363.0
2017-08-09,1183412.0,101.8,25363.0
2017-08-10,1183412.0,101.8,25363.0
2017-08-11,1183412.0,101.8,25363.0
2017-08-12,1183412.0,101.8,25363.0
2017-08-13,1183412.0,101.8,25363.0
2017-08-14,1183412.0,101.8,25363.0
2017-08-15,1183412.0,101.8,25363.0
2017-08-16,1183412.0,101.8,25363.0
2017-08-17,1183412.0,101.8,25363.0
2017-08-18,1183412.0,101.8,25363.0
2017-08-19,1183412.0,101.8,25363.0
2017-08-20,1183412.0,101.8,25363.0
2017-08-21,1183412.0,101.8,25363.0
2017-08-22,1183412.0,101.8,25363.0
2017-08-23,1183412.0,101.8,25363.0
2017-08-24,1183412.0,101.8,25363.0
2017-08-25,1183412.0,101.8,25363.0
2017-08-26,1183412.0,101.8,25363.0
2017-08-27,1183412.0,101.8,25363.0
2017-08-28,1183412.0,101.8,25363.0
2017-08-29,1183412.0,101.8,25363.0
2017-08-30,1183412.0,101.8,25363.0
2017-08-31,1183412.0,101.8,25363.0
2017-09-01,1183412.0,101.8,25363.0
2017-09-02,1183412.0,101.8,25363.0
2017-09-03,1183412.0,101.8,25363.0
2017-09-04,1183412.0,101.8,25363.0
2017-09-05,1183412.0,101.8,25363.0
2017-09-06,1183412.0,101.8,25363.0
2017-09-07,1183412.0,101.8,25363.0
2017-09-08,1183412.0,101.8,25363.0
2017-09-09,1183412.0,101.8,25363.0
2017-09-10,1183412.0,101.8,25363.0
2017-09-11,1183412.0,101.8,25363.0
2017-09-12,1183412.0,101.8,25363.0
2017-09-13,1183412.0,101.8,25363.0
2017-09-14,1183412.0,101.8,25363.0
2017-09-15,1183412.0,101.8,25363.0
2017-09-16,1183412.0,101.8,25363.0
2017-09-17,1183412.0,101.8,25363.0
2017-09-18,1183412.0,101.8,25363.0
2017-09-19,1183412.0,101.8,25363.0
2017-09-20,1183412.0,101.8,25363.0
2017-09-21,1183412.0,101.8,25363.0
2017-09-22,1183412.0,101.8,25363.0
2017-09-23,1183412.0,101.8,25363.0
2017-09-24,1183412.0,101.8,25363.0
2017-09-25,1183412.0,101.8,25363.0
2017-09-26,1183412.0,101.8,25363.0
2017-09-27,1183412.0,101.8,25363.0
2017-09-28,1183412.0,101.8,25363.0
2017-09-29,1183412.0,101.8,25363.0
2017-09-30,1183412.0,101.8,25363.0
2017-10-01,1183412.0,101.8,25363.0
2017-10-02,1183412.0,101.8,25363.0
2017-10-03,1183412.0,101.8,25363.0
2017-10-04,1183412.0,101.8,25363.0
2017-10-05,1183412.0,101.8,25363.0
2017-10-06,1183412.0,101.8,25363.0
2017-10-07,1183412.0,101.8,25363.0
2017-10-08,1183412.0,101.8,25363.0
2017-10-09,1183412.0,101.8,25363.0
2017-10-10,1183412.0,101.8,25363.0
2017-10-11,1183412.0,101.8,25363.0
2017-10-12,1183412.0,101.8,25363.0
2017-10-13,1183412.0,101.8,25363.0
2017-10-14,1183412.0,101.8,25363.0
2017-10-15,1183412.0,101.8,25363.0
2017-10-16,1183412.0,101.8,25363.0
2017-10-17,1183412.0,101.8,25363.0
2017-10-18,1183412.0,101.8,25363.0
2017-10-19,1183412.0,101.8,25363.0
2017-10-20,1183412.0,101.8,25363.0
2017-10-21,1183412.0,101.8,25363.0
2017-10-22,1183412.0,101.8,25363.0
2017-10-23,1183412.0,101.8,25363.0
2017-10-24,1183412.0,101.8,25363.0
2017-10-25,1183412.0,101.8,25363.0
2017-10-26,1183412.0,101.8,25363.0
2017-10-27,1183412.0,101.8,25363.0
2017-10-28,1183412.0,101.8,25363.0
2017-10-29,1183412.0,101.8,25363.0
2017-10-30,1183412.0,101.8,25363.0
2017-10-31,1183412.0,101.8,25363.0
2017-11-01,1183412.0,101.8,25363.0
2017-11-02,1183412.0,101.8,25363.0
2017-11-03,1183412.0,101.8,25363.0
2017-11-04,1183412.0,101.8,25363.0
2017-11-05,1183412.0,101.8,25363.0
2017-11-06,1183412.0,101.8,25363.0
2017-11-07,1183412.0,101.8,25363.0
2017-11-08,1183412.0,101.8,25363.0
2017-11-09,1183412.0,101.8,25363.0
2017-11-10,1183412.0,101.8,25363.0
2017-11-11,1183412.0,101.8,25363.0
2017-11-12,1183412.0,101.8,25363.0
2017-11-13,1183412.0,101.8,25363.0
2017-11-14,1183412.0,101.8,25363.0
2017-11-15,1183412.0,101.8,25363.0
2017-11-16,1183412.0,101.8,25363.0
2017-11-17,1183412.0,101.8,25363.0
2017-11-18,1183412.0,101.8,25363.0
2017-11-19,1183412.0,101.8,25363.0
2017-11-20,1183412.0,101.8,25363.0
2017-11-21,1183412.0,101.8,25363.0
2017-11-22,1183412.0,101.8,25363.0
2017-11-23,1183412.0,101.8,25363.0
2017-11-24,1183412.0,101.8,25363.0
2017-11-25,1183412.0,101.8,25363.0
2017-11-26,1183412.0,101.8,25363.0
2017-11-27,1183412.0,101.8,25363.0
2017-11-28,1183412.0,101.8,25363.0
2017-11-29,1183412.0,101.8,25363.0
2017-11-30,1183412.0,101.8,25363.0
2017-12-01,1183412.0,101.8,25363.0
2017-12-02,1183412.0,101.8,25363.0
2017-12-03,1183412.0,101.8,25363.0
2017-12-04,1183412.0,101.8,25363.0
2017-12-05,1183412.0,101.8,25363.0
2017-12-06,1183412.0,101.8,25363.0
2017-12-07,1183412.0,101.8,25363.0
2017-12-08,1183412.0,101.8,25363.0
2017-12-09,1183412.0,101.8,25363.0
2017-12-10,1183412.0,101.8,25363.0
2017-12-11,1183412.0,101.8,25363.0
2017-12-12,1183412.0,101.8,25363.0
2017-12-13,1183412.0,101.8,25363.0
2017-12-14,1183412.0,101.8,25363.0
2017-12-15,1183412.0,101.8,25363.0
2017-12-16,1183412.0,101.8,25363.0
2017-12-17,1183412.0,101.8,25363.0
2017-12-18,1183412.0,101.8,25363.0
2017-12-19,1183412.0,101.8,25363.0
2017-12-20,1183412.0,101.8,25363.0
2017-12-21,1183412.0,101.8,25363.0
2017-12-22,1183412.0,101.8,25363.0
2017-12-23,1183412.0,101.8,25363.0
2017-12-24,1183412.0,101.8,25363.0
2017-12-25,1183412.0,101.8,25363.0
2017-12-26,1183412.0,101.8,25363.0
2017-12-27,1183412.0,101.8,25363.0
2017-12-28,1183412.0,101.8,25363.0
2017-12-29,1183412.0,101.8,25363.0
2017-12-30,1183412.0,101.8,25363.0
2017-12-31,1183412.0,101.8,25363.0
2018-01-01,1208861.0,100.4,25755.0
2018-01-02,1208861.0,100.4,25755.0
2018-01-03,1208861.0,100.4,25755.0
2018-01-04,1208861.0,100.4,25755.0
2018-01-05,1208861.0,100.4,25755.0
2018-01-06,1208861.0,100.4,25755.0
2018-01-07,1208861.0,100.4,25755.0
2018-01-08,1208861.0,100.4,25755.0
2018-01-09,1208861.0,100.4,25755.0
2018-01-10,1208861.0,100.4,25755.0
2018-01-11,1208861.0,100.4,25755.0
2018-01-12,1208861.0,100.4,25755.0
2018-01-13,1208861.0,100.4,25755.0
2018-01-14,1208861.0,100.4,25755.0
2018-01-15,1208861.0,100.4,25755.0
2018-01-16,1208861.0,100.4,25755.0
2018-01-17,1208861.0,100.4,25755.0
2018-01-18,1208861.0,100.4,25755.0
2018-01-19,1208861.0,100.4,25755.0
2018-01-20,1208861.0,100.4,25755.0
2018-01-21,1208861.0,100.4,25755.0
2018-01-22,1208861.0,100.4,25755.0
2018-01-23,1208861.0,100.4,25755.0
2018-01-24,1208861.0,100.4,25755.0
2018-01-25,1208861.0,100.4,25755.0
2018-01-26,1208861.0,100.4,25755.0
2018-01-27,1208861.0,100.4,25755.0
2018-01-28,1208861.0,100.4,25755.0
2018-01-29,1208861.0,100.4,25755.0
2018-01-30,1208861.0,100.4,25755.0
2018-01-31,1208861.0,100.4,25755.0
2018-02-01,1208861.0,100.4,25755.0
2018-02-02,1208861.0,100.4,25755.0
2018-02-03,1208861.0,100.4,25755.0
2018-02-04,1208861.0,100.4,25755.0
2018-02-05,1208861.0,100.4,25755.0
2018-02-06,1208861.0,100.4,25755.0
2018-02-07,1208861.0,100.4,25755.0
2018-02-08,1208861.0,100.4,25755.0
2018-02-09,1208861.0,100.4,25755.0
2018-02-10,1208861.0,100.4,25755.0
2018-02-11,1208861.0,100.4,25755.0
2018-02-12,1208861.0,100.4,25755.0
2018-02-13,1208861.0,100.4,25755.0
2018-02-14,1208861.0,100.4,25755.0
2018-02-15,1208861.0,100.4,25755.0
2018-02-16,1208861.0,100.4,25755.0
2018-02-17,1208861.0,100.4,25755.0
2018-02-18,1208861.0,100.4,25755.0
2018-02-19,1208861.0,100.4,25755.0
2018-02-20,1208861.0,100.4,25755.0
2018-02-21,1208861.0,100.4,25755.0
2018-02-22,1208861.0,100.4,25755.0
2018-02-23,1208861.0,100.4,25755.0
2018-02-24,1208861.0,100.4,25755.0
2018-02-25,1208861.0,100.4,25755.0
2018-02-26,1208861.0,100.4,25755.0
2018-02-27,1208861.0,100.4,25755.0
2018-02-28,1208861.0,100.4,25755.0
2018-03-01,1208861.0,100.4,25755.0
2018-03-02,1208861.0,100.4,25755.0
2018-03-03,1208861.0,100.4,25755.0
2018-03-04,1208861.0,100.4,25755.0
2018-03-05,1208861.0,100.4,25755.0
2018-03-06,1208861.0,100.4,25755.0
2018-03-07,1208861.0,100.4,25755.0
2018-03-08,1208861.0,100.4,25755.0
2018-03-09,1208861.0,100.4,25755.0
2018-03-10,1208861.0,100.4,25755.0
2018-03-11,1208861.0,100.4,25755.0
2018-03-12,1208861.0,100.4,25755.0
2018-03-13,1208861.0,100.4,25755.0
2018-03-14,1208861.0,100.4,25755.0
2018-03-15,1208861.0,100.4,25755.0
2018-03-16,1208861.0,100.4,25755.0
2018-03-17,1208861.0,100.4,25755.0
2018-03-18,1208861.0,100.4,25755.0
2018-03-19,1208861.0,100.4,25755.0
2018-03-20,1208861.0,100.4,25755.0
2018-03-21,1208861.0,100.4,25755.0
2018-03-22,1208861.0,100.4,25755.0
2018-03-23,1208861.0,100.4,25755.0
2018-03-24,1208861.0,100.4,25755.0
2018-03-25,1208861.0,100.4,25755.0
2018-03-26,1208861.0,100.4,25755.0
2018-03-27,1208861.0,100.4,25755.0
2018-03-28,1208861.0,100.4,25755.0
2018-03-29,1208861.0,100.4,25755.0
2018-03-30,1208861.0,100.4,25755.0
2018-03-31,1208861.0,100.4,25755.0
2018-04-01,1208861.0,100.4,25755.0
2018-04-02,1208861.0,100.4,25755.0
2018-04-03,1208861.0,100.4,25755.0
2018-04-04,1208861.0,100.4,25755.0
2018-04-05,1208861.0,100.4,25755.0
2018-04-06,1208861.0,100.4,25755.0
2018-04-07,1208861.0,100.4,25755.0
2018-04-08,1208861.0,100.4,25755.0
2018-04-09,1208861.0,100.4,25755.0
2018-04-10,1208861.0,100.4,25755.0
2018-04-11,1208861.0,100.4,25755.0
2018-04-12,1208861.0,100.4,25755.0
2018-04-13,1208861.0,100.4,25755.0
2018-04-14,1208861.0,100.4,25755.0
2018-04-15,1208861.0,100.4,25755.0
2018-04-16,1208861.0,100.4,25755.0
2018-04-17,1208861.0,100.4,25755.0
2018-04-18,1208861.0,100.4,25755.0
2018-04-19,1208861.0,100.4,25755.0
2018-04-20,1208861.0,100.4,25755.0
2018-04-21,1208861.0,100.4,25755.0
2018-04-22,1208861.0,100.4,25755.0
2018-04-23,1208861.0,100.4,25755.0
2018-04-24,1208861.0,100.4,25755.0
2018-04-25,1208861.0,100.4,25755.0
2018-04-26,1208861.0,100.4,25755.0
2018-04-27,1208861.0,100.4,25755.0
2018-04-28,1208861.0,100.4,25755.0
2018-04-29,1208861.0,100.4,25755.0
2018-04-30,1208861.0,100.4,25755.0
2018-05-01,1208861.0,100.4,25755.0
2018-05-02,1208861.0,100.4,25755.0
2018-05-03,1208861.0,100.4,25755.0
2018-05-04,1208861.0,100.4,25755.0
2018-05-05,1208861.0,100.4,25755.0
2018-05-06,1208861.0,100.4,25755.0
2018-05-07,1208861.0,100.4,25755.0
2018-05-08,1208861.0,100.4,25755.0
2018-05-09,1208861.0,100.4,25755.0
2018-05-10,1208861.0,100.4,25755.0
2018-05-11,1208861.0,100.4,25755.0
2018-05-12,1208861.0,100.4,25755.0
2018-05-13,1208861.0,100.4,25755.0
2018-05-14,1208861.0,100.4,25755.0
2018-05-15,1208861.0,100.4,25755.0
2018-05-16,1208861.0,100.4,25755.0
2018-05-17,1208861.0,100.4,25755.0
2018-05-18,1208861.0,100.4,25755.0
2018-05-19,1208861.0,100.4,25755.0
2018-05-20,1208861.0,100.4,25755.0
2018-05-21,1208861.0,100.4,25755.0
2018-05-22,1208861.0,100.4,25755.0
2018-05-23,1208861.0,100.4,25755.0
2018-05-24,1208861.0,100.4,25755.0
2018-05-25,1208861.0,100.4,25755.0
2018-05-26,1208861.0,100.4,25755.0
2018-05-27,1208861.0,100.4,25755.0
2018-05-28,1208861.0,100.4,25755.0
2018-05-29,1208861.0,100.4,25755.0
2018-05-30,1208861.0,100.4,25755.0
2018-05-31,1208861.0,100.4,25755.0
2018-06-01,1208861.0,100.4,25755.0
2018-06-02,1208861.0,100.4,25755.0
2018-06-03,1208861.0,100.4,25755.0
2018-06-04,1208861.0,100.4,25755.0
2018-06-05,1208861.0,100.4,25755.0
2018-06-06,1208861.0,100.4,25755.0
2018-06-07,1208861.0,100.4,25755.0
2018-06-08,1208861.0,100.4,25755.0
2018-06-09,1208861.0,100.4,25755.0
2018-06-10,1208861.0,100.4,25755.0
2018-06-11,1208861.0,100.4,25755.0
2018-06-12,1208861.0,100.4,25755.0
2018-06-13,1208861.0,100.4,25755.0
2018-06-14,1208861.0,100.4,25755.0
2018-06-15,1208861.0,100.4,25755.0
2018-06-16,1208861.0,100.4,25755.0
2018-06-17,1208861.0,100.4,25755.0
2018-06-18,1208861.0,100.4,25755.0
2018-06-19,1208861.0,100.4,25755.0
2018-06-20,1208861.0,100.4,25755.0
2018-06-21,1208861.0,100.4,25755.0
2018-06-22,1208861.0,100.4,25755.0
2018-06-23,1208861.0,100.4,25755.0
2018-06-24,1208861.0,100.4,25755.0
2018-06-25,1208861.0,100.4,25755.0
2018-06-26,1208861.0,100.4,25755.0
2018-06-27,1208861.0,100.4,25755.0
2018-06-28,1208861.0,100.4,25755.0
2018-06-29,1208861.0,100.4,25755.0
2018-06-30,1208861.0,100.4,25755.0
2018-07-01,1208861.0,100.4,25755.0
2018-07-02,1208861.0,100.4,25755.0
2018-07-03,1208861.0,100.4,25755.0
2018-07-04,1208861.0,100.4,25755.0
2018-07-05,1208861.0,100.4,25755.0
2018-07-06,1208861.0,100.4,25755.0
2018-07-07,1208861.0,100.4,25755.0
2018-07-08,1208861.0,100.4,25755.0
2018-07-09,1208861.0,100.4,25755.0
2018-07-10,1208861.0,100.4,25755.0
2018-07-11,1208861.0,100.4,25755.0
2018-07-12,1208861.0,100.4,25755.0
2018-07-13,1208861.0,100.4,25755.0
2018-07-14,1208861.0,100.4,25755.0
2018-07-15,1208861.0,100.4,25755.0
2018-07-16,1208861.0,100.4,25755.0
2018-07-17,1208861.0,100.4,25755.0
2018-07-18,1208861.0,100.4,25755.0
2018-07-19,1208861.0,100.4,25755.0
2018-07-20,1208861.0,100.4,25755.0
2018-07-21,1208861.0,100.4,25755.0
2018-07-22,1208861.0,100.4,25755.0
2018-07-23,1208861.0,100.4,25755.0
2018-07-24,1208861.0,100.4,25755.0
2018-07-25,1208861.0,100.4,25755.0
2018-07-26,1208861.0,100.4,25755.0
2018-07-27,1208861.0,100.4,25755.0
2018-07-28,1208861.0,100.4,25755.0
2018-07-29,1208861.0,100.4,25755.0
2018-07-30,1208861.0,100.4,25755.0
2018-07-31,1208861.0,100.4,25755.0
2018-08-01,1208861.0,100.4,25755.0
2018-08-02,1208861.0,100.4,25755.0
2018-08-03,1208861.0,100.4,25755.0
2018-08-04,1208861.0,100.4,25755.0
2018-08-05,1208861.0,100.4,25755.0
2018-08-06,1208861.0,100.4,25755.0
2018-08-07,1208861.0,100.4,25755.0
2018-08-08,1208861.0,100.4,25755.0
2018-08-09,1208861.0,100.4,25755.0
2018-08-10,1208861.0,100.4,25755.0
2018-08-11,1208861.0,100.4,25755.0
2018-08-12,1208861.0,100.4,25755.0
2018-08-13,1208861.0,100.4,25755.0
2018-08-14,1208861.0,100.4,25755.0
2018-08-15,1208861.0,100.4,25755.0
2018-08-16,1208861.0,100.4,25755.0
2018-08-17,1208861.0,100.4,25755.0
2018-08-18,1208861.0,100.4,25755.0
2018-08-19,1208861.0,100.4,25755.0
2018-08-20,1208861.0,100.4,25755.0
2018-08-21,1208861.0,100.4,25755.0
2018-08-22,1208861.0,100.4,25755.0
2018-08-23,1208861.0,100.4,25755.0
2018-08-24,1208861.0,100.4,25755.0
2018-08-25,1208861.0,100.4,25755.0
2018-08-26,1208861.0,100.4,25755.0
2018-08-27,1208861.0,100.4,25755.0
2018-08-28,1208861.0,100.4,25755.0
2018-08-29,1208861.0,100.4,25755.0
2018-08-30,1208861.0,100.4,25755.0
2018-08-31,1208861.0,100.4,25755.0
2018-09-01,1208861.0,100.4,25755.0
2018-09-02,1208861.0,100.4,25755.0
2018-09-03,1208861.0,100.4,25755.0
2018-09-04,1208861.0,100.4,25755.0
2018-09-05,1208861.0,100.4,25755.0
2018-09-06,1208861.0,100.4,25755.0
2018-09-07,1208861.0,100.4,25755.0
2018-09-08,1208861.0,100.4,25755.0
2018-09-09,1208861.0,100.4,25755.0
2018-09-10,1208861.0,100.4,25755.0
2018-09-11,1208861.0,100.4,25755.0
2018-09-12,1208861.0,100.4,25755.0
2018-09-13,1208861.0,100.4,25755.0
2018-09-14,1208861.0,100.4,25755.0
2018-09-15,1208861.0,100.4,25755.0
2018-09-16,1208861.0,100.4,25755.0
2018-09-17,1208861.0,100.4,25755.0
2018-09-18,1208861.0,100.4,25755.0
2018-09-19,1208861.0,100.4,25755.0
2018-09-20,1208861.0,100.4,25755.0
2018-09-21,1208861.0,100.4,25755.0
2018-09-22,1208861.0,100.4,25755.0
2018-09-23,1208861.0,100.4,25755.0
2018-09-24,1208861.0,100.4,25755.0
2018-09-25,1208861.0,100.4,25755.0
2018-09-26,1208861.0,100.4,25755.0
2018-09-27,1208861.0,100.4,25755.0
2018-09-28,1208861.0,100.4,25755.0
2018-09-29,1208861.0,100.4,25755.0
2018-09-30,1208861.0,100.4,25755.0
2018-10-01,1208861.0,100.4,25755.0
2018-10-02,1208861.0,100.4,25755.0
2018-10-03,1208861.0,100.4,25755.0
2018-10-04,1208861.0,100.4,25755.0
2018-10-05,1208861.0,100.4,25755.0
2018-10-06,1208861.0,100.4,25755.0
2018-10-07,1208861.0,100.4,25755.0
2018-10-08,1208861.0,100.4,25755.0
2018-10-09,1208861.0,100.4,25755.0
2018-10-10,1208861.0,100.4,25755.0
2018-10-11,1208861.0,100.4,25755.0
2018-10-12,1208861.0,100.4,25755.0
2018-10-13,1208861.0,100.4,25755.0
2018-10-14,1208861.0,100.4,25755.0
2018-10-15,1208861.0,100.4,25755.0
2018-10-16,1208861.0,100.4,25755.0
2018-10-17,1208861.0,100.4,25755.0
2018-10-18,1208861.0,100.4,25755.0
2018-10-19,1208861.0,100.4,25755.0
2018-10-20,1208861.0,100.4,25755.0
2018-10-21,1208861.0,100.4,25755.0
2018-10-22,1208861.0,100.4,25755.0
2018-10-23,1208861.0,100.4,25755.0
2018-10-24,1208861.0,100.4,25755.0
2018-10-25,1208861.0,100.4,25755.0
2018-10-26,1208861.0,100.4,25755.0
2018-10-27,1208861.0,100.4,25755.0
2018-10-28,1208861.0,100.4,25755.0
2018-10-29,1208861.0,100.4,25755.0
2018-10-30,1208861.0,100.4,25755.0
2018-10-31,1208861.0,100.4,25755.0
2018-11-01,1208861.0,100.4,25755.0
2018-11-02,1208861.0,100.4,25755.0
2018-11-03,1208861.0,100.4,25755.0
2018-11-04,1208861.0,100.4,25755.0
2018-11-05,1208861.0,100.4,25755.0
2018-11-06,1208861.0,100.4,25755.0
2018-11-07,1208861.0,100.4,25755.0
2018-11-08,1208861.0,100.4,25755.0
2018-11-09,1208861.0,100.4,25755.0
2018-11-10,1208861.0,100.4,25755.0
2018-11-11,1208861.0,100.4,25755.0
2018-11-12,1208861.0,100.4,25755.0
2018-11-13,1208861.0,100.4,25755.0
2018-11-14,1208861.0,100.4,25755.0
2018-11-15,1208861.0,100.4,25755.0
2018-11-16,1208861.0,100.4,25755.0
2018-11-17,1208861.0,100.4,25755.0
2018-11-18,1208861.0,100.4,25755.0
2018-11-19,1208861.0,100.4,25755.0
2018-11-20,1208861.0,100.4,25755.0
2018-11-21,1208861.0,100.4,25755.0
2018-11-22,1208861.0,100.4,25755.0
2018-11-23,1208861.0,100.4,25755.0
2018-11-24,1208861.0,100.4,25755.0
2018-11-25,1208861.0,100.4,25755.0
2018-11-26,1208861.0,100.4,25755.0
2018-11-27,1208861.0,100.4,25755.0
2018-11-28,1208861.0,100.4,25755.0
2018-11-29,1208861.0,100.4,25755.0
2018-11-30,1208861.0,100.4,25755.0
2018-12-01,1208861.0,100.4,25755.0
2018-12-02,1208861.0,100.4,25755.0
2018-12-03,1208861.0,100.4,25755.0
2018-12-04,1208861.0,100.4,25755.0
2018-12-05,1208861.0,100.4,25755.0
2018-12-06,1208861.0,100.4,25755.0
2018-12-07,1208861.0,100.4,25755.0
2018-12-08,1208861.0,100.4,25755.0
2018-12-09,1208861.0,100.4,25755.0
2018-12-10,1208861.0,100.4,25755.0
2018-12-11,1208861.0,100.4,25755.0
2018-12-12,1208861.0,100.4,25755.0
2018-12-13,1208861.0,100.4,25755.0
2018-12-14,1208861.0,100.4,25755.0
2018-12-15,1208861.0,100.4,25755.0
2018-12-16,1208861.0,100.4,25755.0
2018-12-17,1208861.0,100.4,25755.0
2018-12-18,1208861.0,100.4,25755.0
2018-12-19,1208861.0,100.4,25755.0
2018-12-20,1208861.0,100.4,25755.0
2018-12-21,1208861.0,100.4,25755.0
2018-12-22,1208861.0,100.4,25755.0
2018-12-23,1208861.0,100.4,25755.0
2018-12-24,1208861.0,100.4,25755.0
2018-12-25,1208861.0,100.4,25755.0
2018-12-26,1208861.0,100.4,25755.0
2018-12-27,1208861.0,100.4,25755.0
2018-12-28,1208861.0,100.4,25755.0
2018-12-29,1208861.0,100.4,25755.0
2018-12-30,1208861.0,100.4,25755.0
2018-12-31,1208861.0,100.4,25755.0
2019-01-01,1223355.0,98.2,25846.0
2019-01-02,1223355.0,98.2,25846.0
2019-01-03,1223355.0,98.2,25846.0
2019-01-04,1223355.0,98.2,25846.0
2019-01-05,1223355.0,98.2,25846.0
2019-01-06,1223355.0,98.2,25846.0
2019-01-07,1223355.0,98.2,25846.0
2019-01-08,1223355.0,98.2,25846.0
2019-01-09,1223355.0,98.2,25846.0
2019-01-10,1223355.0,98.2,25846.0
2019-01-11,1223355.0,98.2,25846.0
2019-01-12,1223355.0,98.2,25846.0
2019-01-13,1223355.0,98.2,25846.0
2019-01-14,1223355.0,98.2,25846.0
2019-01-15,1223355.0,98.2,25846.0
2019-01-16,1223355.0,98.2,25846.0
2019-01-17,1223355.0,98.2,25846.0
2019-01-18,1223355.0,98.2,25846.0
2019-01-19,1223355.0,98.2,25846.0
2019-01-20,1223355.0,98.2,25846.0
2019-01-21,1223355.0,98.2,25846.0
2019-01-22,1223355.0,98.2,25846.0
2019-01-23,1223355.0,98.2,25846.0
2019-01-24,1223355.0,98.2,25846.0
2019-01-25,1223355.0,98.2,25846.0
2019-01-26,1223355.0,98.2,25846.0
2019-01-27,1223355.0,98.2,25846.0
2019-01-28,1223355.0,98.2,25846.0
2019-01-29,1223355.0,98.2,25846.0
2019-01-30,1223355.0,98.2,25846.0
2019-01-31,1223355.0,98.2,25846.0
2019-02-01,1223355.0,98.2,25846.0
2019-02-02,1223355.0,98.2,25846.0
2019-02-03,1223355.0,98.2,25846.0
2019-02-04,1223355.0,98.2,25846.0
2019-02-05,1223355.0,98.2,25846.0
2019-02-06,1223355.0,98.2,25846.0
2019-02-07,1223355.0,98.2,25846.0
2019-02-08,1223355.0,98.2,25846.0
2019-02-09,1223355.0,98.2,25846.0
2019-02-10,1223355.0,98.2,25846.0
2019-02-11,1223355.0,98.2,25846.0
2019-02-12,1223355.0,98.2,25846.0
2019-02-13,1223355.0,98.2,25846.0
2019-02-14,1223355.0,98.2,25846.0
2019-02-15,1223355.0,98.2,25846.0
2019-02-16,1223355.0,98.2,25846.0
2019-02-17,1223355.0,98.2,25846.0
2019-02-18,1223355.0,98.2,25846.0
2019-02-19,1223355.0,98.2,25846.0
2019-02-20,1223355.0,98.2,25846.0
2019-02-21,1223355.0,98.2,25846.0
2019-02-22,1223355.0,98.2,25846.0
2019-02-23,1223355.0,98.2,25846.0
2019-02-24,1223355.0,98.2,25846.0
2019-02-25,1223355.0,98.2,25846.0
2019-02-26,1223355.0,98.2,25846.0
2019-02-27,1223355.0,98.2,25846.0
2019-02-28,1223355.0,98.2,25846.0
2019-03-01,1223355.0,98.2,25846.0
2019-03-02,1223355.0,98.2,25846.0
2019-03-03,1223355.0,98.2,25846.0
2019-03-04,1223355.0,98.2,25846.0
2019-03-05,1223355.0,98.2,25846.0
2019-03-06,1223355.0,98.2,25846.0
2019-03-07,1223355.0,98.2,25846.0
2019-03-08,1223355.0,98.2,25846.0
2019-03-09,1223355.0,98.2,25846.0
2019-03-10,1223355.0,98.2,25846.0
2019-03-11,1223355.0,98.2,25846.0
2019-03-12,1223355.0,98.2,25846.0
2019-03-13,1223355.0,98.2,25846.0
2019-03-14,1223355.0,98.2,25846.0
2019-03-15,1223355.0,98.2,25846.0
2019-03-16,1223355.0,98.2,25846.0
2019-03-17,1223355.0,98.2,25846.0
2019-03-18,1223355.0,98.2,25846.0
2019-03-19,1223355.0,98.2,25846.0
2019-03-20,1223355.0,98.2,25846.0
2019-03-21,1223355.0,98.2,25846.0
2019-03-22,1223355.0,98.2,25846.0
2019-03-23,1223355.0,98.2,25846.0
2019-03-24,1223355.0,98.2,25846.0
2019-03-25,1223355.0,98.2,25846.0
2019-03-26,1223355.0,98.2,25846.0
2019-03-27,1223355.0,98.2,25846.0
2019-03-28,1223355.0,98.2,25846.0
2019-03-29,1223355.0,98.2,25846.0
2019-03-30,1223355.0,98.2,25846.0
2019-03-31,1223355.0,98.2,25846.0
2019-04-01,1223355.0,98.2,25846.0
2019-04-02,1223355.0,98.2,25846.0
2019-04-03,1223355.0,98.2,25846.0
2019-04-04,1223355.0,98.2,25846.0
2019-04-05,1223355.0,98.2,25846.0
2019-04-06,1223355.0,98.2,25846.0
2019-04-07,1223355.0,98.2,25846.0
2019-04-08,1223355.0,98.2,25846.0
2019-04-09,1223355.0,98.2,25846.0
2019-04-10,1223355.0,98.2,25846.0
2019-04-11,1223355.0,98.2,25846.0
2019-04-12,1223355.0,98.2,25846.0
2019-04-13,1223355.0,98.2,25846.0
2019-04-14,1223355.0,98.2,25846.0
2019-04-15,1223355.0,98.2,25846.0
2019-04-16,1223355.0,98.2,25846.0
2019-04-17,1223355.0,98.2,25846.0
2019-04-18,1223355.0,98.2,25846.0
2019-04-19,1223355.0,98.2,25846.0
2019-04-20,1223355.0,98.2,25846.0
2019-04-21,1223355.0,98.2,25846.0
2019-04-22,1223355.0,98.2,25846.0
2019-04-23,1223355.0,98.2,25846.0
2019-04-24,1223355.0,98.2,25846.0
2019-04-25,1223355.0,98.2,25846.0
2019-04-26,1223355.0,98.2,25846.0
2019-04-27,1223355.0,98.2,25846.0
2019-04-28,1223355.0,98.2,25846.0
2019-04-29,1223355.0,98.2,25846.0
2019-04-30,1223355.0,98.2,25846.0
2019-05-01,1223355.0,98.2,25846.0
2019-05-02,1223355.0,98.2,25846.0
2019-05-03,1223355.0,98.2,25846.0
2019-05-04,1223355.0,98.2,25846.0
2019-05-05,1223355.0,98.2,25846.0
2019-05-06,1223355.0,98.2,25846.0
2019-05-07,1223355.0,98.2,25846.0
2019-05-08,1223355.0,98.2,25846.0
2019-05-09,1223355.0,98.2,25846.0
2019-05-10,1223355.0,98.2,25846.0
2019-05-11,1223355.0,98.2,25846.0
2019-05-12,1223355.0,98.2,25846.0
2019-05-13,1223355.0,98.2,25846.0
2019-05-14,1223355.0,98.2,25846.0
2019-05-15,1223355.0,98.2,25846.0
2019-05-16,1223355.0,98.2,25846.0
2019-05-17,1223355.0,98.2,25846.0
2019-05-18,1223355.0,98.2,25846.0
2019-05-19,1223355.0,98.2,25846.0
2019-05-20,1223355.0,98.2,25846.0
2019-05-21,1223355.0,98.2,25846.0
2019-05-22,1223355.0,98.2,25846.0
2019-05-23,1223355.0,98.2,25846.0
2019-05-24,1223355.0,98.2,25846.0
2019-05-25,1223355.0,98.2,25846.0
2019-05-26,1223355.0,98.2,25846.0
2019-05-27,1223355.0,98.2,25846.0
2019-05-28,1223355.0,98.2,25846.0
2019-05-29,1223355.0,98.2,25846.0
2019-05-30,1223355.0,98.2,25846.0
2019-05-31,1223355.0,98.2,25846.0
2019-06-01,1223355.0,98.2,25846.0
2019-06-02,1223355.0,98.2,25846.0
2019-06-03,1223355.0,98.2,25846.0
2019-06-04,1223355.0,98.2,25846.0
2019-06-05,1223355.0,98.2,25846.0
2019-06-06,1223355.0,98.2,25846.0
2019-06-07,1223355.0,98.2,25846.0
2019-06-08,1223355.0,98.2,25846.0
2019-06-09,1223355.0,98.2,25846.0
2019-06-10,1223355.0,98.2,25846.0
2019-06-11,1223355.0,98.2,25846.0
2019-06-12,1223355.0,98.2,25846.0
2019-06-13,1223355.0,98.2,25846.0
2019-06-14,1223355.0,98.2,25846.0
2019-06-15,1223355.0,98.2,25846.0
2019-06-16,1223355.0,98.2,25846.0
2019-06-17,1223355.0,98.2,25846.0
2019-06-18,1223355.0,98.2,25846.0
2019-06-19,1223355.0,98.2,25846.0
2019-06-20,1223355.0,98.2,25846.0
2019-06-21,1223355.0,98.2,25846.0
2019-06-22,1223355.0,98.2,25846.0
2019-06-23,1223355.0,98.2,25846.0
2019-06-24,1223355.0,98.2,25846.0
2019-06-25,1223355.0,98.2,25846.0
2019-06-26,1223355.0,98.2,25846.0
2019-06-27,1223355.0,98.2,25846.0
2019-06-28,1223355.0,98.2,25846.0
2019-06-29,1223355.0,98.2,25846.0
2019-06-30,1223355.0,98.2,25846.0
2019-07-01,1223355.0,98.2,25846.0
2019-07-02,1223355.0,98.2,25846.0
2019-07-03,1223355.0,98.2,25846.0
2019-07-04,1223355.0,98.2,25846.0
2019-07-05,1223355.0,98.2,25846.0
2019-07-06,1223355.0,98.2,25846.0
2019-07-07,1223355.0,98.2,25846.0
2019-07-08,1223355.0,98.2,25846.0
2019-07-09,1223355.0,98.2,25846.0
2019-07-10,1223355.0,98.2,25846.0
2019-07-11,1223355.0,98.2,25846.0
2019-07-12,1223355.0,98.2,25846.0
2019-07-13,1223355.0,98.2,25846.0
2019-07-14,1223355.0,98.2,25846.0
2019-07-15,1223355.0,98.2,25846.0
2019-07-16,1223355.0,98.2,25846.0
2019-07-17,1223355.0,98.2,25846.0
2019-07-18,1223355.0,98.2,25846.0
2019-07-19,1223355.0,98.2,25846.0
2019-07-20,1223355.0,98.2,25846.0
2019-07-21,1223355.0,98.2,25846.0
2019-07-22,1223355.0,98.2,25846.0
2019-07-23,1223355.0,98.2,25846.0
2019-07-24,1223355.0,98.2,25846.0
2019-07-25,1223355.0,98.2,25846.0
2019-07-26,1223355.0,98.2,25846.0
2019-07-27,1223355.0,98.2,25846.0
2019-07-28,1223355.0,98.2,25846.0
2019-07-29,1223355.0,98.2,25846.0
2019-07-30,1223355.0,98.2,25846.0
2019-07-31,1223355.0,98.2,25846.0
2019-08-01,1223355.0,98.2,25846.0
2019-08-02,1223355.0,98.2,25846.0
2019-08-03,1223355.0,98.2,25846.0
2019-08-04,1223355.0,98.2,25846.0
2019-08-05,1223355.0,98.2,25846.0
2019-08-06,1223355.0,98.2,25846.0
2019-08-07,1223355.0,98.2,25846.0
2019-08-08,1223355.0,98.2,25846.0
2019-08-09,1223355.0,98.2,25846.0
2019-08-10,1223355.0,98.2,25846.0
2019-08-11,1223355.0,98.2,25846.0
2019-08-12,1223355.0,98.2,25846.0
2019-08-13,1223355.0,98.2,25846.0
2019-08-14,1223355.0,98.2,25846.0
2019-08-15,1223355.0,98.2,25846.0
2019-08-16,1223355.0,98.2,25846.0
2019-08-17,1223355.0,98.2,25846.0
2019-08-18,1223355.0,98.2,25846.0
2019-08-19,1223355.0,98.2,25846.0
2019-08-20,1223355.0,98.2,25846.0
2019-08-21,1223355.0,98.2,25846.0
2019-08-22,1223355.0,98.2,25846.0
2019-08-23,1223355.0,98.2,25846.0
2019-08-24,1223355.0,98.2,25846.0
2019-08-25,1223355.0,98.2,25846.0
2019-08-26,1223355.0,98.2,25846.0
2019-08-27,1223355.0,98.2,25846.0
2019-08-28,1223355.0,98.2,25846.0
2019-08-29,1223355.0,98.2,25846.0
2019-08-30,1223355.0,98.2,25846.0
2019-08-31,1223355.0,98.2,25846.0
2019-09-01,1223355.0,98.2,25846.0
2019-09-02,1223355.0,98.2,25846.0
2019-09-03,1223355.0,98.2,25846.0
2019-09-04,1223355.0,98.2,25846.0
2019-09-05,1223355.0,98.2,25846.0
2019-09-06,1223355.0,98.2,25846.0
2019-09-07,1223355.0,98.2,25846.0
2019-09-08,1223355.0,98.2,25846.0
2019-09-09,1223355.0,98.2,25846.0
2019-09-10,1223355.0,98.2,25846.0
2019-09-11,1223355.0,98.2,25846.0
2019-09-12,1223355.0,98.2,25846.0
2019-09-13,1223355.0,98.2,25846.0
2019-09-14,1223355.0,98.2,25846.0
2019-09-15,1223355.0,98.2,25846.0
2019-09-16,1223355.0,98.2,25846.0
2019-09-17,1223355.0,98.2,25846.0
2019-09-18,1223355.0,98.2,25846.0
2019-09-19,1223355.0,98.2,25846.0
2019-09-20,1223355.0,98.2,25846.0
2019-09-21,1223355.0,98.2,25846.0
2019-09-22,1223355.0,98.2,25846.0
2019-09-23,1223355.0,98.2,25846.0
2019-09-24,1223355.0,98.2,25846.0
2019-09-25,1223355.0,98.2,25846.0
2019-09-26,1223355.0,98.2,25846.0
2019-09-27,1223355.0,98.2,25846.0
2019-09-28,1223355.0,98.2,25846.0
2019-09-29,1223355.0,98.2,25846.0
2019-09-30,1223355.0,98.2,25846.0
2019-10-01,1223355.0,98.2,25846.0
2019-10-02,1223355.0,98.2,25846.0
2019-10-03,1223355.0,98.2,25846.0
2019-10-04,1223355.0,98.2,25846.0
2019-10-05,1223355.0,98.2,25846.0
2019-10-06,1223355.0,98.2,25846.0
2019-10-07,1223355.0,98.2,25846.0
2019-10-08,1223355.0,98.2,25846.0
2019-10-09,1223355.0,98.2,25846.0
2019-10-10,1223355.0,98.2,25846.0
2019-10-11,1223355.0,98.2,25846.0
2019-10-12,1223355.0,98.2,25846.0
2019-10-13,1223355.0,98.2,25846.0
2019-10-14,1223355.0,98.2,25846.0
2019-10-15,1223355.0,98.2,25846.0
2019-10-16,1223355.0,98.2,25846.0
2019-10-17,1223355.0,98.2,25846.0
2019-10-18,1223355.0,98.2,25846.0
2019-10-19,1223355.0,98.2,25846.0
2019-10-20,1223355.0,98.2,25846.0
2019-10-21,1223355.0,98.2,25846.0
2019-10-22,1223355.0,98.2,25846.0
2019-10-23,1223355.0,98.2,25846.0
2019-10-24,1223355.0,98.2,25846.0
2019-10-25,1223355.0,98.2,25846.0
2019-10-26,1223355.0,98.2,25846.0
2019-10-27,1223355.0,98.2,25846.0
2019-10-28,1223355.0,98.2,25846.0
2019-10-29,1223355.0,98.2,25846.0
2019-10-30,1223355.0,98.2,25846.0
2019-10-31,1223355.0,98.2,25846.0
2019-11-01,1223355.0,98.2,25846.0
2019-11-02,1223355.0,98.2,25846.0
2019-11-03,1223355.0,98.2,25846.0
2019-11-04,1223355.0,98.2,25846.0
2019-11-05,1223355.0,98.2,25846.0
2019-11-06,1223355.0,98.2,25846.0
2019-11-07,1223355.0,98.2,25846.0
2019-11-08,1223355.0,98.2,25846.0
2019-11-09,1223355.0,98.2,25846.0
2019-11-10,1223355.0,98.2,25846.0
2019-11-11,1223355.0,98.2,25846.0
2019-11-12,1223355.0,98.2,25846.0
2019-11-13,1223355.0,98.2,25846.0
2019-11-14,1223355.0,98.2,25846.0
2019-11-15,1223355.0,98.2,25846.0
2019-11-16,1223355.0,98.2,25846.0
2019-11-17,1223355.0,98.2,25846.0
2019-11-18,1223355.0,98.2,25846.0
2019-11-19,1223355.0,98.2,25846.0
2019-11-20,1223355.0,98.2,25846.0
2019-11-21,1223355.0,98.2,25846.0
2019-11-22,1223355.0,98.2,25846.0
2019-11-23,1223355.0,98.2,25846.0
2019-11-24,1223355.0,98.2,25846.0
2019-11-25,1223355.0,98.2,25846.0
2019-11-26,1223355.0,98.2,25846.0
2019-11-27,1223355.0,98.2,25846.0
2019-11-28,1223355.0,98.2,25846.0
2019-11-29,1223355.0,98.2,25846.0
2019-11-30,1223355.0,98.2,25846.0
2019-12-01,1223355.0,98.2,25846.0
2019-12-02,1223355.0,98.2,25846.0
2019-12-03,1223355.0,98.2,25846.0
2019-12-04,1223355.0,98.2,25846.0
2019-12-05,1223355.0,98.2,25846.0
2019-12-06,1223355.0,98.2,25846.0
2019-12-07,1223355.0,98.2,25846.0
2019-12-08,1223355.0,98.2,25846.0
2019-12-09,1223355.0,98.2,25846.0
2019-12-10,1223355.0,98.2,25846.0
2019-12-11,1223355.0,98.2,25846.0
2019-12-12,1223355.0,98.2,25846.0
2019-12-13,1223355.0,98.2,25846.0
2019-12-14,1223355.0,98.2,25846.0
2019-12-15,1223355.0,98.2,25846.0
2019-12-16,1223355.0,98.2,25846.0
2019-12-17,1223355.0,98.2,25846.0
2019-12-18,1223355.0,98.2,25846.0
2019-12-19,1223355.0,98.2,25846.0
2019-12-20,1223355.0,98.2,25846.0
2019-12-21,1223355.0,98.2,25846.0
2019-12-22,1223355.0,98.2,25846.0
2019-12-23,1223355.0,98.2,25846.0
2019-12-24,1223355.0,98.2,25846.0
2019-12-25,1223355.0,98.2,25846.0
2019-12-26,1223355.0,98.2,25846.0
2019-12-27,1223355.0,98.2,25846.0
2019-12-28,1223355.0,98.2,25846.0
2019-12-29,1223355.0,98.2,25846.0
2019-12-30,1223355.0,98.2,25846.0
2019-12-31,1223355.0,98.2,25846.0
2020-01-01,1345786.0,120.3,28393.0
2020-01-02,1345786.0,120.3,28393.0
2020-01-03,1345786.0,120.3,28393.0
2020-01-04,1345786.0,120.3,28393.0
2020-01-05,1345786.0,120.3,28393.0
2020-01-06,1345786.0,120.3,28393.0
2020-01-07,1345786.0,120.3,28393.0
2020-01-08,1345786.0,120.3,28393.0
2020-01-09,1345786.0,120.3,28393.0
2020-01-10,1345786.0,120.3,28393.0
2020-01-11,1345786.0,120.3,28393.0
2020-01-12,1345786.0,120.3,28393.0
2020-01-13,1345786.0,120.3,28393.0
2020-01-14,1345786.0,120.3,28393.0
2020-01-15,1345786.0,120.3,28393.0
2020-01-16,1345786.0,120.3,28393.0
2020-01-17,1345786.0,120.3,28393.0
2020-01-18,1345786.0,120.3,28393.0
2020-01-19,1345786.0,120.3,28393.0
2020-01-20,1345786.0,120.3,28393.0
2020-01-21,1345786.0,120.3,28393.0
2020-01-22,1345786.0,120.3,28393.0
2020-01-23,1345786.0,120.3,28393.0
2020-01-24,1345786.0,120.3,28393.0
2020-01-25,1345786.0,120.3,28393.0
2020-01-26,1345786.0,120.3,28393.0
2020-01-27,1345786.0,120.3,28393.0
2020-01-28,1345786.0,120.3,28393.0
2020-01-29,1345786.0,120.3,28393.0
2020-01-30,1345786.0,120.3,28393.0
2020-01-31,1345786.0,120.3,28393.0
2020-02-01,1345786.0,120.3,28393.0
2020-02-02,1345786.0,120.3,28393.0
2020-02-03,1345786.0,120.3,28393.0
2020-02-04,1345786.0,120.3,28393.0
2020-02-05,1345786.0,120.3,28393.0
2020-02-06,1345786.0,120.3,28393.0
2020-02-07,1345786.0,120.3,28393.0
2020-02-08,1345786.0,120.3,28393.0
2020-02-09,1345786.0,120.3,28393.0
2020-02-10,1345786.0,120.3,28393.0
2020-02-11,1345786.0,120.3,28393.0
2020-02-12,1345786.0,120.3,28393.0
2020-02-13,1345786.0,120.3,28393.0
2020-02-14,1345786.0,120.3,28393.0
2020-02-15,1345786.0,120.3,28393.0
2020-02-16,1345786.0,120.3,28393.0
2020-02-17,1345786.0,120.3,28393.0
2020-02-18,1345786.0,120.3,28393.0
2020-02-19,1345786.0,120.3,28393.0
2020-02-20,1345786.0,120.3,28393.0
2020-02-21,1345786.0,120.3,28393.0
2020-02-22,1345786.0,120.3,28393.0
2020-02-23,1345786.0,120.3,28393.0
2020-02-24,1345786.0,120.3,28393.0
2020-02-25,1345786.0,120.3,28393.0
2020-02-26,1345786.0,120.3,28393.0
2020-02-27,1345786.0,120.3,28393.0
2020-02-28,1345786.0,120.3,28393.0
2020-02-29,1345786.0,120.3,28393.0
2020-03-01,1345786.0,120.3,28393.0
2020-03-02,1345786.0,120.3,28393.0
2020-03-03,1345786.0,120.3,28393.0
2020-03-04,1345786.0,120.3,28393.0
2020-03-05,1345786.0,120.3,28393.0
2020-03-06,1345786.0,120.3,28393.0
2020-03-07,1345786.0,120.3,28393.0
2020-03-08,1345786.0,120.3,28393.0
2020-03-09,1345786.0,120.3,28393.0
2020-03-10,1345786.0,120.3,28393.0
2020-03-11,1345786.0,120.3,28393.0
2020-03-12,1345786.0,120.3,28393.0
2020-03-13,1345786.0,120.3,28393.0
2020-03-14,1345786.0,120.3,28393.0
2020-03-15,1345786.0,120.3,28393.0
2020-03-16,1345786.0,120.3,28393.0
2020-03-17,1345786.0,120.3,28393.0
2020-03-18,1345786.0,120.3,28393.0
2020-03-19,1345786.0,120.3,28393.0
2020-03-20,1345786.0,120.3,28393.0
2020-03-21,1345786.0,120.3,28393.0
2020-03-22,1345786.0,120.3,28393.0
2020-03-23,1345786.0,120.3,28393.0
2020-03-24,1345786.0,120.3,28393.0
2020-03-25,1345786.0,120.3,28393.0
2020-03-26,1345786.0,120.3,28393.0
2020-03-27,1345786.0,120.3,28393.0
2020-03-28,1345786.0,120.3,28393.0
2020-03-29,1345786.0,120.3,28393.0
2020-03-30,1345786.0,120.3,28393.0
2020-03-31,1345786.0,120.3,28393.0
2020-04-01,1345786.0,120.3,28393.0
2020-04-02,1345786.0,120.3,28393.0
2020-04-03,1345786.0,120.3,28393.0
2020-04-04,1345786.0,120.3,28393.0
2020-04-05,1345786.0,120.3,28393.0
2020-04-06,1345786.0,120.3,28393.0
2020-04-07,1345786.0,120.3,28393.0
2020-04-08,1345786.0,120.3,28393.0
2020-04-09,1345786.0,120.3,28393.0
2020-04-10,1345786.0,120.3,28393.0
2020-04-11,1345786.0,120.3,28393.0
2020-04-12,1345786.0,120.3,28393.0
2020-04-13,1345786.0,120.3,28393.0
2020-04-14,1345786.0,120.3,28393.0
2020-04-15,1345786.0,120.3,28393.0
2020-04-16,1345786.0,120.3,28393.0
2020-04-17,1345786.0,120.3,28393.0
2020-04-18,1345786.0,120.3,28393.0
2020-04-19,1345786.0,120.3,28393.0
2020-04-20,1345786.0,120.3,28393.0
2020-04-21,1345786.0,120.3,28393.0
2020-04-22,1345786.0,120.3,28393.0
2020-04-23,1345786.0,120.3,28393.0
2020-04-24,1345786.0,120.3,28393.0
2020-04-25,1345786.0,120.3,28393.0
2020-04-26,1345786.0,120.3,28393.0
2020-04-27,1345786.0,120.3,28393.0
2020-04-28,1345786.0,120.3,28393.0
2020-04-29,1345786.0,120.3,28393.0
2020-04-30,1345786.0,120.3,28393.0
2020-05-01,1345786.0,120.3,28393.0
2020-05-02,1345786.0,120.3,28393.0
2020-05-03,1345786.0,120.3,28393.0
2020-05-04,1345786.0,120.3,28393.0
2020-05-05,1345786.0,120.3,28393.0
2020-05-06,1345786.0,120.3,28393.0
2020-05-07,1345786.0,120.3,28393.0
2020-05-08,1345786.0,120.3,28393.0
2020-05-09,1345786.0,120.3,28393.0
2020-05-10,1345786.0,120.3,28393.0
2020-05-11,1345786.0,120.3,28393.0
2020-05-12,1345786.0,120.3,28393.0
2020-05-13,1345786.0,120.3,28393.0
2020-05-14,1345786.0,120.3,28393.0
2020-05-15,1345786.0,120.3,28393.0
2020-05-16,1345786.0,120.3,28393.0
2020-05-17,1345786.0,120.3,28393.0
2020-05-18,1345786.0,120.3,28393.0
2020-05-19,1345786.0,120.3,28393.0
2020-05-20,1345786.0,120.3,28393.0
2020-05-21,1345786.0,120.3,28393.0
2020-05-22,1345786.0,120.3,28393.0
2020-05-23,1345786.0,120.3,28393.0
2020-05-24,1345786.0,120.3,28393.0
2020-05-25,1345786.0,120.3,28393.0
2020-05-26,1345786.0,120.3,28393.0
2020-05-27,1345786.0,120.3,28393.0
2020-05-28,1345786.0,120.3,28393.0
2020-05-29,1345786.0,120.3,28393.0
2020-05-30,1345786.0,120.3,28393.0
2020-05-31,1345786.0,120.3,28393.0
2020-06-01,1345786.0,120.3,28393.0
2020-06-02,1345786.0,120.3,28393.0
2020-06-03,1345786.0,120.3,28393.0
2020-06-04,1345786.0,120.3,28393.0
2020-06-05,1345786.0,120.3,28393.0
2020-06-06,1345786.0,120.3,28393.0
2020-06-07,1345786.0,120.3,28393.0
2020-06-08,1345786.0,120.3,28393.0
2020-06-09,1345786.0,120.3,28393.0
2020-06-10,1345786.0,120.3,28393.0
2020-06-11,1345786.0,120.3,28393.0
2020-06-12,1345786.0,120.3,28393.0
2020-06-13,1345786.0,120.3,28393.0
2020-06-14,1345786.0,120.3,28393.0
2020-06-15,1345786.0,120.3,28393.0
2020-06-16,1345786.0,120.3,28393.0
2020-06-17,1345786.0,120.3,28393.0
2020-06-18,1345786.0,120.3,28393.0
2020-06-19,1345786.0,120.3,28393.0
2020-06-20,1345786.0,120.3,28393.0
2020-06-21,1345786.0,120.3,28393.0
2020-06-22,1345786.0,120.3,28393.0
2020-06-23,1345786.0,120.3,28393.0
2020-06-24,1345786.0,120.3,28393.0
2020-06-25,1345786.0,120.3,28393.0
2020-06-26,1345786.0,120.3,28393.0
2020-06-27,1345786.0,120.3,28393.0
2020-06-28,1345786.0,120.3,28393.0
2020-06-29,1345786.0,120.3,28393.0
2020-06-30,1345786.0,120.3,28393.0
2020-07-01,1345786.0,120.3,28393.0
2020-07-02,1345786.0,120.3,28393.0
2020-07-03,1345786.0,120.3,28393.0
2020-07-04,1345786.0,120.3,28393.0
2020-07-05,1345786.0,120.3,28393.0
2020-07-06,1345786.0,120.3,28393.0
2020-07-07,1345786.0,120.3,28393.0
2020-07-08,1345786.0,120.3,28393.0
2020-07-09,1345786.0,120.3,28393.0
2020-07-10,1345786.0,120.3,28393.0
2020-07-11,1345786.0,120.3,28393.0
2020-07-12,1345786.0,120.3,28393.0
2020-07-13,1345786.0,120.3,28393.0
2020-07-14,1345786.0,120.3,28393.0
2020-07-15,1345786.0,120.3,28393.0
2020-07-16,1345786.0,120.3,28393.0
2020-07-17,1345786.0,120.3,28393.0
2020-07-18,1345786.0,120.3,28393.0
2020-07-19,1345786.0,120.3,28393.0
2020-07-20,1345786.0,120.3,28393.0
2020-07-21,1345786.0,120.3,28393.0
2020-07-22,1345786.0,120.3,28393.0
2020-07-23,1345786.0,120.3,28393.0
2020-07-24,1345786.0,120.3,28393.0
2020-07-25,1345786.0,120.3,28393.0
2020-07-26,1345786.0,120.3,28393.0
2020-07-27,1345786.0,120.3,28393.0
2020-07-28,1345786.0,120.3,28393.0
2020-07-29,1345786.0,120.3,28393.0
2020-07-30,1345786.0,120.3,28393.0
2020-07-31,1345786.0,120.3,28393.0
2020-08-01,1345786.0,120.3,28393.0
2020-08-02,1345786.0,120.3,28393.0
2020-08-03,1345786.0,120.3,28393.0
2020-08-04,1345786.0,120.3,28393.0
2020-08-05,1345786.0,120.3,28393.0
2020-08-06,1345786.0,120.3,28393.0
2020-08-07,1345786.0,120.3,28393.0
2020-08-08,1345786.0,120.3,28393.0
2020-08-09,1345786.0,120.3,28393.0
2020-08-10,1345786.0,120.3,28393.0
2020-08-11,1345786.0,120.3,28393.0
2020-08-12,1345786.0,120.3,28393.0
2020-08-13,1345786.0,120.3,28393.0
2020-08-14,1345786.0,120.3,28393.0
2020-08-15,1345786.0,120.3,28393.0
2020-08-16,1345786.0,120.3,28393.0
2020-08-17,1345786.0,120.3,28393.0
2020-08-18,1345786.0,120.3,28393.0
2020-08-19,1345786.0,120.3,28393.0
2020-08-20,1345786.0,120.3,28393.0
2020-08-21,1345786.0,120.3,28393.0
2020-08-22,1345786.0,120.3,28393.0
2020-08-23,1345786.0,120.3,28393.0
2020-08-24,1345786.0,120.3,28393.0
2020-08-25,1345786.0,120.3,28393.0
2020-08-26,1345786.0,120.3,28393.0
2020-08-27,1345786.0,120.3,28393.0
2020-08-28,1345786.0,120.3,28393.0
2020-08-29,1345786.0,120.3,28393.0
2020-08-30,1345786.0,120.3,28393.0
2020-08-31,1345786.0,120.3,28393.0
2020-09-01,1345786.0,120.3,28393.0
2020-09-02,1345786.0,120.3,28393.0
2020-09-03,1345786.0,120.3,28393.0
2020-09-04,1345786.0,120.3,28393.0
2020-09-05,1345786.0,120.3,28393.0
2020-09-06,1345786.0,120.3,28393.0
2020-09-07,1345786.0,120.3,28393.0
2020-09-08,1345786.0,120.3,28393.0
2020-09-09,1345786.0,120.3,28393.0
2020-09-10,1345786.0,120.3,28393.0
2020-09-11,1345786.0,120.3,28393.0
2020-09-12,1345786.0,120.3,28393.0
2020-09-13,1345786.0,120.3,28393.0
2020-09-14,1345786.0,120.3,28393.0
2020-09-15,1345786.0,120.3,28393.0
2020-09-16,1345786.0,120.3,28393.0
2020-09-17,1345786.0,120.3,28393.0
2020-09-18,1345786.0,120.3,28393.0
2020-09-19,1345786.0,120.3,28393.0
2020-09-20,1345786.0,120.3,28393.0
2020-09-21,1345786.0,120.3,28393.0
2020-09-22,1345786.0,120.3,28393.0
2020-09-23,1345786.0,120.3,28393.0
2020-09-24,1345786.0,120.3,28393.0
2020-09-25,1345786.0,120.3,28393.0
2020-09-26,1345786.0,120.3,28393.0
2020-09-27,1345786.0,120.3,28393.0
2020-09-28,1345786.0,120.3,28393.0
2020-09-29,1345786.0,120.3,28393.0
2020-09-30,1345786.0,120.3,28393.0
2020-10-01,1345786.0,120.3,28393.0
2020-10-02,1345786.0,120.3,28393.0
2020-10-03,1345786.0,120.3,28393.0
2020-10-04,1345786.0,120.3,28393.0
2020-10-05,1345786.0,120.3,28393.0
2020-10-06,1345786.0,120.3,28393.0
2020-10-07,1345786.0,120.3,28393.0
2020-10-08,1345786.0,120.3,28393.0
2020-10-09,1345786.0,120.3,28393.0
2020-10-10,1345786.0,120.3,28393.0
2020-10-11,1345786.0,120.3,28393.0
2020-10-12,1345786.0,120.3,28393.0
2020-10-13,1345786.0,120.3,28393.0
2020-10-14,1345786.0,120.3,28393.0
2020-10-15,1345786.0,120.3,28393.0
2020-10-16,1345786.0,120.3,28393.0
2020-10-17,1345786.0,120.3,28393.0
2020-10-18,1345786.0,120.3,28393.0
2020-10-19,1345786.0,120.3,28393.0
2020-10-20,1345786.0,120.3,28393.0
2020-10-21,1345786.0,120.3,28393.0
2020-10-22,1345786.0,120.3,28393.0
2020-10-23,1345786.0,120.3,28393.0
2020-10-24,1345786.0,120.3,28393.0
2020-10-25,1345786.0,120.3,28393.0
2020-10-26,1345786.0,120.3,28393.0
2020-10-27,1345786.0,120.3,28393.0
2020-10-28,1345786.0,120.3,28393.0
2020-10-29,1345786.0,120.3,28393.0
2020-10-30,1345786.0,120.3,28393.0
2020-10-31,1345786.0,120.3,28393.0
2020-11-01,1345786.0,120.3,28393.0
2020-11-02,1345786.0,120.3,28393.0
2020-11-03,1345786.0,120.3,28393.0
2020-11-04,1345786.0,120.3,28393.0
2020-11-05,1345786.0,120.3,28393.0
2020-11-06,1345786.0,120.3,28393.0
2020-11-07,1345786.0,120.3,28393.0
2020-11-08,1345786.0,120.3,28393.0
2020-11-09,1345786.0,120.3,28393.0
2020-11-10,1345786.0,120.3,28393.0
2020-11-11,1345786.0,120.3,28393.0
2020-11-12,1345786.0,120.3,28393.0
2020-11-13,1345786.0,120.3,28393.0
2020-11-14,1345786.0,120.3,28393.0
2020-11-15,1345786.0,120.3,28393.0
2020-11-16,1345786.0,120.3,28393.0
2020-11-17,1345786.0,120.3,28393.0
2020-11-18,1345786.0,120.3,28393.0
2020-11-19,1345786.0,120.3,28393.0
2020-11-20,1345786.0,120.3,28393.0
2020-11-21,1345786.0,120.3,28393.0
2020-11-22,1345786.0,120.3,28393.0
2020-11-23,1345786.0,120.3,28393.0
2020-11-24,1345786.0,120.3,28393.0
2020-11-25,1345786.0,120.3,28393.0
2020-11-26,1345786.0,120.3,28393.0
2020-11-27,1345786.0,120.3,28393.0
2020-11-28,1345786.0,120.3,28393.0
2020-11-29,1345786.0,120.3,28393.0
2020-11-30,1345786.0,120.3,28393.0
2020-12-01,1345786.0,120.3,28393.0
2020-12-02,1345786.0,120.3,28393.0
2020-12-03,1345786.0,120.3,28393.0
2020-12-04,1345786.0,120.3,28393.0
2020-12-05,1345786.0,120.3,28393.0
2020-12-06,1345786.0,120.3,28393.0
2020-12-07,1345786.0,120.3,28393.0
2020-12-08,1345786.0,120.3,28393.0
2020-12-09,1345786.0,120.3,28393.0
2020-12-10,1345786.0,120.3,28393.0
2020-12-11,1345786.0,120.3,28393.0
2020-12-12,1345786.0,120.3,28393.0
2020-12-13,1345786.0,120.3,28393.0
2020-12-14,1345786.0,120.3,28393.0
2020-12-15,1345786.0,120.3,28393.0
2020-12-16,1345786.0,120.3,28393.0
2020-12-17,1345786.0,120.3,28393.0
2020-12-18,1345786.0,120.3,28393.0
2020-12-19,1345786.0,120.3,28393.0
2020-12-20,1345786.0,120.3,28393.0
2020-12-21,1345786.0,120.3,28393.0
2020-12-22,1345786.0,120.3,28393.0
2020-12-23,1345786.0,120.3,28393.0
2020-12-24,1345786.0,120.3,28393.0
2020-12-25,1345786.0,120.3,28393.0
2020-12-26,1345786.0,120.3,28393.0
2020-12-27,1345786.0,120.3,28393.0
2020-12-28,1345786.0,120.3,28393.0
2020-12-29,1345786.0,120.3,28393.0
2020-12-30,1345786.0,120.3,28393.0
2020-12-31,1345786.0,120.3,28393.0
2021-01-01,1428133.0,116.8,30074.0
2021-01-02,1428133.0,116.8,30074.0
2021-01-03,1428133.0,116.8,30074.0
2021-01-04,1428133.0,116.8,30074.0
2021-01-05,1428133.0,116.8,30074.0
2021-01-06,1428133.0,116.8,30074.0
2021-01-07,1428133.0,116.8,30074.0
2021-01-08,1428133.0,116.8,30074.0
2021-01-09,1428133.0,116.8,30074.0
2021-01-10,1428133.0,116.8,30074.0
2021-01-11,1428133.0,116.8,30074.0
2021-01-12,1428133.0,116.8,30074.0
2021-01-13,1428133.0,116.8,30074.0
2021-01-14,1428133.0,116.8,30074.0
2021-01-15,1428133.0,116.8,30074.0
2021-01-16,1428133.0,116.8,30074.0
2021-01-17,1428133.0,116.8,30074.0
2021-01-18,1428133.0,116.8,30074.0
2021-01-19,1428133.0,116.8,30074.0
2021-01-20,1428133.0,116.8,30074.0
2021-01-21,1428133.0,116.8,30074.0
2021-01-22,1428133.0,116.8,30074.0
2021-01-23,1428133.0,116.8,30074.0
2021-01-24,1428133.0,116.8,30074.0
2021-01-25,1428133.0,116.8,30074.0
2021-01-26,1428133.0,116.8,30074.0
2021-01-27,1428133.0,116.8,30074.0
2021-01-28,1428133.0,116.8,30074.0
2021-01-29,1428133.0,116.8,30074.0
2021-01-30,1428133.0,116.8,30074.0
2021-01-31,1428133.0,116.8,30074.0
2021-02-01,1428133.0,116.8,30074.0
2021-02-02,1428133.0,116.8,30074.0
2021-02-03,1428133.0,116.8,30074.0
2021-02-04,1428133.0,116.8,30074.0
2021-02-05,1428133.0,116.8,30074.0
2021-02-06,1428133.0,116.8,30074.0
2021-02-07,1428133.0,116.8,30074.0
2021-02-08,1428133.0,116.8,30074.0
2021-02-09,1428133.0,116.8,30074.0
2021-02-10,1428133.0,116.8,30074.0
2021-02-11,1428133.0,116.8,30074.0
2021-02-12,1428133.0,116.8,30074.0
2021-02-13,1428133.0,116.8,30074.0
2021-02-14,1428133.0,116.8,30074.0
2021-02-15,1428133.0,116.8,30074.0
2021-02-16,1428133.0,116.8,30074.0
2021-02-17,1428133.0,116.8,30074.0
2021-02-18,1428133.0,116.8,30074.0
2021-02-19,1428133.0,116.8,30074.0
2021-02-20,1428133.0,116.8,30074.0
2021-02-21,1428133.0,116.8,30074.0
2021-02-22,1428133.0,116.8,30074.0
2021-02-23,1428133.0,116.8,30074.0
2021-02-24,1428133.0,116.8,30074.0
2021-02-25,1428133.0,116.8,30074.0
2021-02-26,1428133.0,116.8,30074.0
2021-02-27,1428133.0,116.8,30074.0
2021-02-28,1428133.0,116.8,30074.0
2021-03-01,1428133.0,116.8,30074.0
2021-03-02,1428133.0,116.8,30074.0
2021-03-03,1428133.0,116.8,30074.0
2021-03-04,1428133.0,116.8,30074.0
2021-03-05,1428133.0,116.8,30074.0
2021-03-06,1428133.0,116.8,30074.0
2021-03-07,1428133.0,116.8,30074.0
2021-03-08,1428133.0,116.8,30074.0
2021-03-09,1428133.0,116.8,30074.0
2021-03-10,1428133.0,116.8,30074.0
2021-03-11,1428133.0,116.8,30074.0
2021-03-12,1428133.0,116.8,30074.0
2021-03-13,1428133.0,116.8,30074.0
2021-03-14,1428133.0,116.8,30074.0
2021-03-15,1428133.0,116.8,30074.0
2021-03-16,1428133.0,116.8,30074.0
2021-03-17,1428133.0,116.8,30074.0
2021-03-18,1428133.0,116.8,30074.0
2021-03-19,1428133.0,116.8,30074.0
2021-03-20,1428133.0,116.8,30074.0
2021-03-21,1428133.0,116.8,30074.0
2021-03-22,1428133.0,116.8,30074.0
2021-03-23,1428133.0,116.8,30074.0
2021-03-24,1428133.0,116.8,30074.0
2021-03-25,1428133.0,116.8,30074.0
2021-03-26,1428133.0,116.8,30074.0
2021-03-27,1428133.0,116.8,30074.0
2021-03-28,1428133.0,116.8,30074.0
2021-03-29,1428133.0,116.8,30074.0
2021-03-30,1428133.0,116.8,30074.0
2021-03-31,1428133.0,116.8,30074.0
2021-04-01,1428133.0,116.8,30074.0
2021-04-02,1428133.0,116.8,30074.0
2021-04-03,1428133.0,116.8,30074.0
2021-04-04,1428133.0,116.8,30074.0
2021-04-05,1428133.0,116.8,30074.0
2021-04-06,1428133.0,116.8,30074.0
2021-04-07,1428133.0,116.8,30074.0
2021-04-08,1428133.0,116.8,30074.0
2021-04-09,1428133.0,116.8,30074.0
2021-04-10,1428133.0,116.8,30074.0
2021-04-11,1428133.0,116.8,30074.0
2021-04-12,1428133.0,116.8,30074.0
2021-04-13,1428133.0,116.8,30074.0
2021-04-14,1428133.0,116.8,30074.0
2021-04-15,1428133.0,116.8,30074.0
2021-04-16,1428133.0,116.8,30074.0
2021-04-17,1428133.0,116.8,30074.0
2021-04-18,1428133.0,116.8,30074.0
2021-04-19,1428133.0,116.8,30074.0
2021-04-20,1428133.0,116.8,30074.0
2021-04-21,1428133.0,116.8,30074.0
2021-04-22,1428133.0,116.8,30074.0
2021-04-23,1428133.0,116.8,30074.0
2021-04-24,1428133.0,116.8,30074.0
2021-04-25,1428133.0,116.8,30074.0
2021-04-26,1428133.0,116.8,30074.0
2021-04-27,1428133.0,116.8,30074.0
2021-04-28,1428133.0,116.8,30074.0
2021-04-29,1428133.0,116.8,30074.0
2021-04-30,1428133.0,116.8,30074.0
2021-05-01,1428133.0,116.8,30074.0
2021-05-02,1428133.0,116.8,30074.0
2021-05-03,1428133.0,116.8,30074.0
2021-05-04,1428133.0,116.8,30074.0
2021-05-05,1428133.0,116.8,30074.0
2021-05-06,1428133.0,116.8,30074.0
2021-05-07,1428133.0,116.8,30074.0
2021-05-08,1428133.0,116.8,30074.0
2021-05-09,1428133.0,116.8,30074.0
2021-05-10,1428133.0,116.8,30074.0
2021-05-11,1428133.0,116.8,30074.0
2021-05-12,1428133.0,116.8,30074.0
2021-05-13,1428133.0,116.8,30074.0
2021-05-14,1428133.0,116.8,30074.0
2021-05-15,1428133.0,116.8,30074.0
2021-05-16,1428133.0,116.8,30074.0
2021-05-17,1428133.0,116.8,30074.0
2021-05-18,1428133.0,116.8,30074.0
2021-05-19,1428133.0,116.8,30074.0
2021-05-20,1428133.0,116.8,30074.0
2021-05-21,1428133.0,116.8,30074.0
2021-05-22,1428133.0,116.8,30074.0
2021-05-23,1428133.0,116.8,30074.0
2021-05-24,1428133.0,116.8,30074.0
2021-05-25,1428133.0,116.8,30074.0
2021-05-26,1428133.0,116.8,30074.0
2021-05-27,1428133.0,116.8,30074.0
2021-05-28,1428133.0,116.8,30074.0
2021-05-29,1428133.0,116.8,30074.0
2021-05-30,1428133.0,116.8,30074.0
2021-05-31,1428133.0,116.8,30074.0
2021-06-01,1428133.0,116.8,30074.0
2021-06-02,1428133.0,116.8,30074.0
2021-06-03,1428133.0,116.8,30074.0
2021-06-04,1428133.0,116.8,30074.0
2021-06-05,1428133.0,116.8,30074.0
2021-06-06,1428133.0,116.8,30074.0
2021-06-07,1428133.0,116.8,30074.0
2021-06-08,1428133.0,116.8,30074.0
2021-06-09,1428133.0,116.8,30074.0
2021-06-10,1428133.0,116.8,30074.0
2021-06-11,1428133.0,116.8,30074.0
2021-06-12,1428133.0,116.8,30074.0
2021-06-13,1428133.0,116.8,30074.0
2021-06-14,1428133.0,116.8,30074.0
2021-06-15,1428133.0,116.8,30074.0
2021-06-16,1428133.0,116.8,30074.0
2021-06-17,1428133.0,116.8,30074.0
2021-06-18,1428133.0,116.8,30074.0
2021-06-19,1428133.0,116.8,30074.0
2021-06-20,1428133.0,116.8,30074.0
2021-06-21,1428133.0,116.8,30074.0
2021-06-22,1428133.0,116.8,30074.0
2021-06-23,1428133.0,116.8,30074.0
2021-06-24,1428133.0,116.8,30074.0
2021-06-25,1428133.0,116.8,30074.0
2021-06-26,1428133.0,116.8,30074.0
2021-06-27,1428133.0,116.8,30074.0
2021-06-28,1428133.0,116.8,30074.0
2021-06-29,1428133.0,116.8,30074.0
2021-06-30,1428133.0,116.8,30074.0
2021-07-01,1428133.0,116.8,30074.0
2021-07-02,1428133.0,116.8,30074.0
2021-07-03,1428133.0,116.8,30074.0
2021-07-04,1428133.0,116.8,30074.0
2021-07-05,1428133.0,116.8,30074.0
2021-07-06,1428133.0,116.8,30074.0
2021-07-07,1428133.0,116.8,30074.0
2021-07-08,1428133.0,116.8,30074.0
2021-07-09,1428133.0,116.8,30074.0
2021-07-10,1428133.0,116.8,30074.0
2021-07-11,1428133.0,116.8,30074.0
2021-07-12,1428133.0,116.8,30074.0
2021-07-13,1428133.0,116.8,30074.0
2021-07-14,1428133.0,116.8,30074.0
2021-07-15,1428133.0,116.8,30074.0
2021-07-16,1428133.0,116.8,30074.0
2021-07-17,1428133.0,116.8,30074.0
2021-07-18,1428133.0,116.8,30074.0
2021-07-19,1428133.0,116.8,30074.0
2021-07-20,1428133.0,116.8,30074.0
2021-07-21,1428133.0,116.8,30074.0
2021-07-22,1428133.0,116.8,30074.0
2021-07-23,1428133.0,116.8,30074.0
2021-07-24,1428133.0,116.8,30074.0
2021-07-25,1428133.0,116.8,30074.0
2021-07-26,1428133.0,116.8,30074.0
2021-07-27,1428133.0,116.8,30074.0
2021-07-28,1428133.0,116.8,30074.0
2021-07-29,1428133.0,116.8,30074.0
2021-07-30,1428133.0,116.8,30074.0
2021-07-31,1428133.0,116.8,30074.0
2021-08-01,1428133.0,116.8,30074.0
2021-08-02,1428133.0,116.8,30074.0
2021-08-03,1428133.0,116.8,30074.0
2021-08-04,1428133.0,116.8,30074.0
2021-08-05,1428133.0,116.8,30074.0
2021-08-06,1428133.0,116.8,30074.0
2021-08-07,1428133.0,116.8,30074.0
2021-08-08,1428133.0,116.8,30074.0
2021-08-09,1428133.0,116.8,30074.0
2021-08-10,1428133.0,116.8,30074.0
2021-08-11,1428133.0,116.8,30074.0
2021-08-12,1428133.0,116.8,30074.0
2021-08-13,1428133.0,116.8,30074.0
2021-08-14,1428133.0,116.8,30074.0
2021-08-15,1428133.0,116.8,30074.0
2021-08-16,1428133.0,116.8,30074.0
2021-08-17,1428133.0,116.8,30074.0
2021-08-18,1428133.0,116.8,30074.0
2021-08-19,1428133.0,116.8,30074.0
2021-08-20,1428133.0,116.8,30074.0
2021-08-21,1428133.0,116.8,30074.0
2021-08-22,1428133.0,116.8,30074.0
2021-08-23,1428133.0,116.8,30074.0
2021-08-24,1428133.0,116.8,30074.0
2021-08-25,1428133.0,116.8,30074.0
2021-08-26,1428133.0,116.8,30074.0
2021-08-27,1428133.0,116.8,30074.0
2021-08-28,1428133.0,116.8,30074.0
2021-08-29,1428133.0,116.8,30074.0
2021-08-30,1428133.0,116.8,30074.0
2021-08-31,1428133.0,116.8,30074.0
2021-09-01,1428133.0,116.8,30074.0
2021-09-02,1428133.0,116.8,30074.0
2021-09-03,1428133.0,116.8,30074.0
2021-09-04,1428133.0,116.8,30074.0
2021-09-05,1428133.0,116.8,30074.0
2021-09-06,1428133.0,116.8,30074.0
2021-09-07,1428133.0,116.8,30074.0
2021-09-08,1428133.0,116.8,30074.0
2021-09-09,1428133.0,116.8,30074.0
2021-09-10,1428133.0,116.8,30074.0
2021-09-11,1428133.0,116.8,30074.0
2021-09-12,1428133.0,116.8,30074.0
2021-09-13,1428133.0,116.8,30074.0
2021-09-14,1428133.0,116.8,30074.0
2021-09-15,1428133.0,116.8,30074.0
2021-09-16,1428133.0,116.8,30074.0
2021-09-17,1428133.0,116.8,30074.0
2021-09-18,1428133.0,116.8,30074.0
2021-09-19,1428133.0,116.8,30074.0
2021-09-20,1428133.0,116.8,30074.0
2021-09-21,1428133.0,116.8,30074.0
2021-09-22,1428133.0,116.8,30074.0
2021-09-23,1428133.0,116.8,30074.0
2021-09-24,1428133.0,116.8,30074.0
2021-09-25,1428133.0,116.8,30074.0
2021-09-26,1428133.0,116.8,30074.0
2021-09-27,1428133.0,116.8,30074.0
2021-09-28,1428133.0,116.8,30074.0
2021-09-29,1428133.0,116.8,30074.0
2021-09-30,1428133.0,116.8,30074.0
2021-10-01,1428133.0,116.8,30074.0
2021-10-02,1428133.0,116.8,30074.0
2021-10-03,1428133.0,116.8,30074.0
2021-10-04,1428133.0,116.8,30074.0
2021-10-05,1428133.0,116.8,30074.0
2021-10-06,1428133.0,116.8,30074.0
2021-10-07,1428133.0,116.8,30074.0
2021-10-08,1428133.0,116.8,30074.0
2021-10-09,1428133.0,116.8,30074.0
2021-10-10,1428133.0,116.8,30074.0
2021-10-11,1428133.0,116.8,30074.0
2021-10-12,1428133.0,116.8,30074.0
2021-10-13,1428133.0,116.8,30074.0
2021-10-14,1428133.0,116.8,30074.0
2021-10-15,1428133.0,116.8,30074.0
2021-10-16,1428133.0,116.8,30074.0
2021-10-17,1428133.0,116.8,30074.0
2021-10-18,1428133.0,116.8,30074.0
2021-10-19,1428133.0,116.8,30074.0
2021-10-20,1428133.0,116.8,30074.0
2021-10-21,1428133.0,116.8,30074.0
2021-10-22,1428133.0,116.8,30074.0
2021-10-23,1428133.0,116.8,30074.0
2021-10-24,1428133.0,116.8,30074.0
2021-10-25,1428133.0,116.8,30074.0
2021-10-26,1428133.0,116.8,30074.0
2021-10-27,1428133.0,116.8,30074.0
2021-10-28,1428133.0,116.8,30074.0
2021-10-29,1428133.0,116.8,30074.0
2021-10-30,1428133.0,116.8,30074.0
2021-10-31,1428133.0,116.8,30074.0
2021-11-01,1428133.0,116.8,30074.0
2021-11-02,1428133.0,116.8,30074.0
2021-11-03,1428133.0,116.8,30074.0
2021-11-04,1428133.0,116.8,30074.0
2021-11-05,1428133.0,116.8,30074.0
2021-11-06,1428133.0,116.8,30074.0
2021-11-07,1428133.0,116.8,30074.0
2021-11-08,1428133.0,116.8,30074.0
2021-11-09,1428133.0,116.8,30074.0
2021-11-10,1428133.0,116.8,30074.0
2021-11-11,1428133.0,116.8,30074.0
2021-11-12,1428133.0,116.8,30074.0
2021-11-13,1428133.0,116.8,30074.0
2021-11-14,1428133.0,116.8,30074.0
2021-11-15,1428133.0,116.8,30074.0
2021-11-16,1428133.0,116.8,30074.0
2021-11-17,1428133.0,116.8,30074.0
2021-11-18,1428133.0,116.8,30074.0
2021-11-19,1428133.0,116.8,30074.0
2021-11-20,1428133.0,116.8,30074.0
2021-11-21,1428133.0,116.8,30074.0
2021-11-22,1428133.0,116.8,30074.0
2021-11-23,1428133.0,116.8,30074.0
2021-11-24,1428133.0,116.8,30074.0
2021-11-25,1428133.0,116.8,30074.0
2021-11-26,1428133.0,116.8,30074.0
2021-11-27,1428133.0,116.8,30074.0
2021-11-28,1428133.0,116.8,30074.0
2021-11-29,1428133.0,116.8,30074.0
2021-11-30,1428133.0,116.8,30074.0
2021-12-01,1428133.0,116.8,30074.0
2021-12-02,1428133.0,116.8,30074.0
2021-12-03,1428133.0,116.8,30074.0
2021-12-04,1428133.0,116.8,30074.0
2021-12-05,1428133.0,116.8,30074.0
2021-12-06,1428133.0,116.8,30074.0
2021-12-07,1428133.0,116.8,30074.0
2021-12-08,1428133.0,116.8,30074.0
2021-12-09,1428133.0,116.8,30074.0
2021-12-10,1428133.0,116.8,30074.0
2021-12-11,1428133.0,116.8,30074.0
2021-12-12,1428133.0,116.8,30074.0
2021-12-13,1428133.0,116.8,30074.0
2021-12-14,1428133.0,116.8,30074.0
2021-12-15,1428133.0,116.8,30074.0
2021-12-16,1428133.0,116.8,30074.0
2021-12-17,1428133.0,116.8,30074.0
2021-12-18,1428133.0,116.8,30074.0
2021-12-19,1428133.0,116.8,30074.0
2021-12-20,1428133.0,116.8,30074.0
2021-12-21,1428133.0,116.8,30074.0
2021-12-22,1428133.0,116.8,30074.0
2021-12-23,1428133.0,116.8,30074.0
2021-12-24,1428133.0,116.8,30074.0
2021-12-25,1428133.0,116.8,30074.0
2021-12-26,1428133.0,116.8,30074.0
2021-12-27,1428133.0,116.8,30074.0
2021-12-28,1428133.0,116.8,30074.0
2021-12-29,1428133.0,116.8,30074.0
2021-12-30,1428133.0,116.8,30074.0
2021-12-31,1428133.0,116.8,30074.0
2022-01-01,1502804.0,111.6,31277.0
2022-01-02,1502804.0,111.6,31277.0
2022-01-03,1502804.0,111.6,31277.0
2022-01-04,1502804.0,111.6,31277.0
2022-01-05,1502804.0,111.6,31277.0
2022-01-06,1502804.0,111.6,31277.0
2022-01-07,1502804.0,111.6,31277.0
2022-01-08,1502804.0,111.6,31277.0
2022-01-09,1502804.0,111.6,31277.0
2022-01-10,1502804.0,111.6,31277.0
2022-01-11,1502804.0,111.6,31277.0
2022-01-12,1502804.0,111.6,31277.0
2022-01-13,1502804.0,111.6,31277.0
2022-01-14,1502804.0,111.6,31277.0
2022-01-15,1502804.0,111.6,31277.0
2022-01-16,1502804.0,111.6,31277.0
2022-01-17,1502804.0,111.6,31277.0
2022-01-18,1502804.0,111.6,31277.0
2022-01-19,1502804.0,111.6,31277.0
2022-01-20,1502804.0,111.6,31277.0
2022-01-21,1502804.0,111.6,31277.0
2022-01-22,1502804.0,111.6,31277.0
2022-01-23,1502804.0,111.6,31277.0
2022-01-24,1502804.0,111.6,31277.0
2022-01-25,1502804.0,111.6,31277.0
2022-01-26,1502804.0,111.6,31277.0
2022-01-27,1502804.0,111.6,31277.0
2022-01-28,1502804.0,111.6,31277.0
2022-01-29,1502804.0,111.6,31277.0
2022-01-30,1502804.0,111.6,31277.0
2022-01-31,1502804.0,111.6,31277.0
2022-02-01,1502804.0,111.6,31277.0
2022-02-02,1502804.0,111.6,31277.0
2022-02-03,1502804.0,111.6,31277.0
2022-02-04,1502804.0,111.6,31277.0
2022-02-05,1502804.0,111.6,31277.0
2022-02-06,1502804.0,111.6,31277.0
2022-02-07,1502804.0,111.6,31277.0
2022-02-08,1502804.0,111.6,31277.0
2022-02-09,1502804.0,111.6,31277.0
2022-02-10,1502804.0,111.6,31277.0
2022-02-11,1502804.0,111.6,31277.0
2022-02-12,1502804.0,111.6,31277.0
2022-02-13,1502804.0,111.6,31277.0
2022-02-14,1502804.0,111.6,31277.0
2022-02-15,1502804.0,111.6,31277.0
2022-02-16,1502804.0,111.6,31277.0
2022-02-17,1502804.0,111.6,31277.0
2022-02-18,1502804.0,111.6,31277.0
2022-02-19,1502804.0,111.6,31277.0
2022-02-20,1502804.0,111.6,31277.0
2022-02-21,1502804.0,111.6,31277.0
2022-02-22,1502804.0,111.6,31277.0
2022-02-23,1502804.0,111.6,31277.0
2022-02-24,1502804.0,111.6,31277.0
2022-02-25,1502804.0,111.6,31277.0
2022-02-26,1502804.0,111.6,31277.0
2022-02-27,1502804.0,111.6,31277.0
2022-02-28,1502804.0,111.6,31277.0
2022-03-01,1502804.0,111.6,31277.0
2022-03-02,1502804.0,111.6,31277.0
2022-03-03,1502804.0,111.6,31277.0
2022-03-04,1502804.0,111.6,31277.0
2022-03-05,1502804.0,111.6,31277.0
2022-03-06,1502804.0,111.6,31277.0
2022-03-07,1502804.0,111.6,31277.0
2022-03-08,1502804.0,111.6,31277.0
2022-03-09,1502804.0,111.6,31277.0
2022-03-10,1502804.0,111.6,31277.0
2022-03-11,1502804.0,111.6,31277.0
2022-03-12,1502804.0,111.6,31277.0
2022-03-13,1502804.0,111.6,31277.0
2022-03-14,1502804.0,111.6,31277.0
2022-03-15,1502804.0,111.6,31277.0
2022-03-16,1502804.0,111.6,31277.0
2022-03-17,1502804.0,111.6,31277.0
2022-03-18,1502804.0,111.6,31277.0
2022-03-19,1502804.0,111.6,31277.0
2022-03-20,1502804.0,111.6,31277.0
2022-03-21,1502804.0,111.6,31277.0
2022-03-22,1502804.0,111.6,31277.0
2022-03-23,1502804.0,111.6,31277.0
2022-03-24,1502804.0,111.6,31277.0
2022-03-25,1502804.0,111.6,31277.0
2022-03-26,1502804.0,111.6,31277.0
2022-03-27,1502804.0,111.6,31277.0
2022-03-28,1502804.0,111.6,31277.0
2022-03-29,1502804.0,111.6,31277.0
2022-03-30,1502804.0,111.6,31277.0
2022-03-31,1502804.0,111.6,31277.0
2022-04-01,1502804.0,111.6,31277.0
2022-04-02,1502804.0,111.6,31277.0
2022-04-03,1502804.0,111.6,31277.0
2022-04-04,1502804.0,111.6,31277.0
2022-04-05,1502804.0,111.6,31277.0
2022-04-06,1502804.0,111.6,31277.0
2022-04-07,1502804.0,111.6,31277.0
2022-04-08,1502804.0,111.6,31277.0
2022-04-09,1502804.0,111.6,31277.0
2022-04-10,1502804.0,111.6,31277.0
2022-04-11,1502804.0,111.6,31277.0
2022-04-12,1502804.0,111.6,31277.0
2022-04-13,1502804.0,111.6,31277.0
2022-04-14,1502804.0,111.6,31277.0
2022-04-15,1502804.0,111.6,31277.0
2022-04-16,1502804.0,111.6,31277.0
2022-04-17,1502804.0,111.6,31277.0
2022-04-18,1502804.0,111.6,31277.0
2022-04-19,1502804.0,111.6,31277.0
2022-04-20,1502804.0,111.6,31277.0
2022-04-21,1502804.0,111.6,31277.0
2022-04-22,1502804.0,111.6,31277.0
2022-04-23,1502804.0,111.6,31277.0
2022-04-24,1502804.0,111.6,31277.0
2022-04-25,1502804.0,111.6,31277.0
2022-04-26,1502804.0,111.6,31277.0
2022-04-27,1502804.0,111.6,31277.0
2022-04-28,1502804.0,111.6,31277.0
2022-04-29,1502804.0,111.6,31277.0
2022-04-30,1502804.0,111.6,31277.0
2022-05-01,1502804.0,111.6,31277.0
2022-05-02,1502804.0,111.6,31277.0
2022-05-03,1502804.0,111.6,31277.0
2022-05-04,1502804.0,111.6,31277.0
2022-05-05,1502804.0,111.6,31277.0
2022-05-06,1502804.0,111.6,31277.0
2022-05-07,1502804.0,111.6,31277.0
2022-05-08,1502804.0,111.6,31277.0
2022-05-09,1502804.0,111.6,31277.0
2022-05-10,1502804.0,111.6,31277.0
2022-05-11,1502804.0,111.6,31277.0
2022-05-12,1502804.0,111.6,31277.0
2022-05-13,1502804.0,111.6,31277.0
2022-05-14,1502804.0,111.6,31277.0
2022-05-15,1502804.0,111.6,31277.0
2022-05-16,1502804.0,111.6,31277.0
2022-05-17,1502804.0,111.6,31277.0
2022-05-18,1502804.0,111.6,31277.0
2022-05-19,1502804.0,111.6,31277.0
2022-05-20,1502804.0,111.6,31277.0
2022-05-21,1502804.0,111.6,31277.0
2022-05-22,1502804.0,111.6,31277.0
2022-05-23,1502804.0,111.6,31277.0
2022-05-24,1502804.0,111.6,31277.0
2022-05-25,1502804.0,111.6,31277.0
2022-05-26,1502804.0,111.6,31277.0
2022-05-27,1502804.0,111.6,31277.0
2022-05-28,1502804.0,111.6,31277.0
2022-05-29,1502804.0,111.6,31277.0
2022-05-30,1502804.0,111.6,31277.0
2022-05-31,1502804.0,111.6,31277.0
2022-06-01,1502804.0,111.6,31277.0
2022-06-02,1502804.0,111.6,31277.0
2022-06-03,1502804.0,111.6,31277.0
2022-06-04,1502804.0,111.6,31277.0
2022-06-05,1502804.0,111.6,31277.0
2022-06-06,1502804.0,111.6,31277.0
2022-06-07,1502804.0,111.6,31277.0
2022-06-08,1502804.0,111.6,31277.0
2022-06-09,1502804.0,111.6,31277.0
2022-06-10,1502804.0,111.6,31277.0
2022-06-11,1502804.0,111.6,31277.0
2022-06-12,1502804.0,111.6,31277.0
2022-06-13,1502804.0,111.6,31277.0
2022-06-14,1502804.0,111.6,31277.0
2022-06-15,1502804.0,111.6,31277.0
2022-06-16,1502804.0,111.6,31277.0
2022-06-17,1502804.0,111.6,31277.0
2022-06-18,1502804.0,111.6,31277.0
2022-06-19,1502804.0,111.6,31277.0
2022-06-20,1502804.0,111.6,31277.0
2022-06-21,1502804.0,111.6,31277.0
2022-06-22,1502804.0,111.6,31277.0
2022-06-23,1502804.0,111.6,31277.0
2022-06-24,1502804.0,111.6,31277.0
2022-06-25,1502804.0,111.6,31277.0
2022-06-26,1502804.0,111.6,31277.0
2022-06-27,1502804.0,111.6,31277.0
2022-06-28,1502804.0,111.6,31277.0
2022-06-29,1502804.0,111.6,31277.0
2022-06-30,1502804.0,111.6,31277.0
2022-07-01,1502804.0,111.6,31277.0
2022-07-02,1502804.0,111.6,31277.0
2022-07-03,1502804.0,111.6,31277.0
2022-07-04,1502804.0,111.6,31277.0
2022-07-05,1502804.0,111.6,31277.0
2022-07-06,1502804.0,111.6,31277.0
2022-07-07,1502804.0,111.6,31277.0
2022-07-08,1502804.0,111.6,31277.0
2022-07-09,1502804.0,111.6,31277.0
2022-07-10,1502804.0,111.6,31277.0
2022-07-11,1502804.0,111.6,31277.0
2022-07-12,1502804.0,111.6,31277.0
2022-07-13,1502804.0,111.6,31277.0
2022-07-14,1502804.0,111.6,31277.0
2022-07-15,1502804.0,111.6,31277.0
2022-07-16,1502804.0,111.6,31277.0
2022-07-17,1502804.0,111.6,31277.0
2022-07-18,1502804.0,111.6,31277.0
2022-07-19,1502804.0,111.6,31277.0
2022-07-20,1502804.0,111.6,31277.0
2022-07-21,1502804.0,111.6,31277.0
2022-07-22,1502804.0,111.6,31277.0
2022-07-23,1502804.0,111.6,31277.0
2022-07-24,1502804.0,111.6,31277.0
2022-07-25,1502804.0,111.6,31277.0
2022-07-26,1502804.0,111.6,31277.0
2022-07-27,1502804.0,111.6,31277.0
2022-07-28,1502804.0,111.6,31277.0
2022-07-29,1502804.0,111.6,31277.0
2022-07-30,1502804.0,111.6,31277.0
2022-07-31,1502804.0,111.6,31277.0
2022-08-01,1502804.0,111.6,31277.0
2022-08-02,1502804.0,111.6,31277.0
2022-08-03,1502804.0,111.6,31277.0
2022-08-04,1502804.0,111.6,31277.0
2022-08-05,1502804.0,111.6,31277.0
2022-08-06,1502804.0,111.6,31277.0
2022-08-07,1502804.0,111.6,31277.0
2022-08-08,1502804.0,111.6,31277.0
2022-08-09,1502804.0,111.6,31277.0
2022-08-10,1502804.0,111.6,31277.0
2022-08-11,1502804.0,111.6,31277.0
2022-08-12,1502804.0,111.6,31277.0
2022-08-13,1502804.0,111.6,31277.0
2022-08-14,1502804.0,111.6,31277.0
2022-08-15,1502804.0,111.6,31277.0
2022-08-16,1502804.0,111.6,31277.0
2022-08-17,1502804.0,111.6,31277.0
2022-08-18,1502804.0,111.6,31277.0
2022-08-19,1502804.0,111.6,31277.0
2022-08-20,1502804.0,111.6,31277.0
2022-08-21,1502804.0,111.6,31277.0
2022-08-22,1502804.0,111.6,31277.0
2022-08-23,1502804.0,111.6,31277.0
2022-08-24,1502804.0,111.6,31277.0
2022-08-25,1502804.0,111.6,31277.0
2022-08-26,1502804.0,111.6,31277.0
2022-08-27,1502804.0,111.6,31277.0
2022-08-28,1502804.0,111.6,31277.0
2022-08-29,1502804.0,111.6,31277.0
2022-08-30,1502804.0,111.6,31277.0
2022-08-31,1502804.0,111.6,31277.0
2022-09-01,1502804.0,111.6,31277.0
2022-09-02,1502804.0,111.6,31277.0
2022-09-03,1502804.0,111.6,31277.0
2022-09-04,1502804.0,111.6,31277.0
2022-09-05,1502804.0,111.6,31277.0
2022-09-06,1502804.0,111.6,31277.0
2022-09-07,1502804.0,111.6,31277.0
2022-09-08,1502804.0,111.6,31277.0
2022-09-09,1502804.0,111.6,31277.0
2022-09-10,1502804.0,111.6,31277.0
2022-09-11,1502804.0,111.6,31277.0
2022-09-12,1502804.0,111.6,31277.0
2022-09-13,1502804.0,111.6,31277.0
2022-09-14,1502804.0,111.6,31277.0
2022-09-15,1502804.0,111.6,31277.0
2022-09-16,1502804.0,111.6,31277.0
2022-09-17,1502804.0,111.6,31277.0
2022-09-18,1502804.0,111.6,31277.0
2022-09-19,1502804.0,111.6,31277.0
2022-09-20,1502804.0,111.6,31277.0
2022-09-21,1502804.0,111.6,31277.0
2022-09-22,1502804.0,111.6,31277.0
2022-09-23,1502804.0,111.6,31277.0
2022-09-24,1502804.0,111.6,31277.0
2022-09-25,1502804.0,111.6,31277.0
2022-09-26,1502804.0,111.6,31277.0
2022-09-27,1502804.0,111.6,31277.0
2022-09-28,1502804.0,111.6,31277.0
2022-09-29,1502804.0,111.6,31277.0
2022-09-30,1502804.0,111.6,31277.0
2022-10-01,1502804.0,111.6,31277.0
2022-10-02,1502804.0,111.6,31277.0
2022-10-03,1502804.0,111.6,31277.0
2022-10-04,1502804.0,111.6,31277.0
2022-10-05,1502804.0,111.6,31277.0
2022-10-06,1502804.0,111.6,31277.0
2022-10-07,1502804.0,111.6,31277.0
2022-10-08,1502804.0,111.6,31277.0
2022-10-09,1502804.0,111.6,31277.0
2022-10-10,1502804.0,111.6,31277.0
2022-10-11,1502804.0,111.6,31277.0
2022-10-12,1502804.0,111.6,31277.0
2022-10-13,1502804.0,111.6,31277.0
2022-10-14,1502804.0,111.6,31277.0
2022-10-15,1502804.0,111.6,31277.0
2022-10-16,1502804.0,111.6,31277.0
2022-10-17,1502804.0,111.6,31277.0
2022-10-18,1502804.0,111.6,31277.0
2022-10-19,1502804.0,111.6,31277.0
2022-10-20,1502804.0,111.6,31277.0
2022-10-21,1502804.0,111.6,31277.0
2022-10-22,1502804.0,111.6,31277.0
2022-10-23,1502804.0,111.6,31277.0
2022-10-24,1502804.0,111.6,31277.0
2022-10-25,1502804.0,111.6,31277.0
2022-10-26,1502804.0,111.6,31277.0
2022-10-27,1502804.0,111.6,31277.0
2022-10-28,1502804.0,111.6,31277.0
2022-10-29,1502804.0,111.6,31277.0
2022-10-30,1502804.0,111.6,31277.0
2022-10-31,1502804.0,111.6,31277.0
2022-11-01,1502804.0,111.6,31277.0
2022-11-02,1502804.0,111.6,31277.0
2022-11-03,1502804.0,111.6,31277.0
2022-11-04,1502804.0,111.6,31277.0
2022-11-05,1502804.0,111.6,31277.0
2022-11-06,1502804.0,111.6,31277.0
2022-11-07,1502804.0,111.6,31277.0
2022-11-08,1502804.0,111.6,31277.0
2022-11-09,1502804.0,111.6,31277.0
2022-11-10,1502804.0,111.6,31277.0
2022-11-11,1502804.0,111.6,31277.0
2022-11-12,1502804.0,111.6,31277.0
2022-11-13,1502804.0,111.6,31277.0
2022-11-14,1502804.0,111.6,31277.0
2022-11-15,1502804.0,111.6,31277.0
2022-11-16,1502804.0,111.6,31277.0
2022-11-17,1502804.0,111.6,31277.0
2022-11-18,1502804.0,111.6,31277.0
2022-11-19,1502804.0,111.6,31277.0
2022-11-20,1502804.0,111.6,31277.0
2022-11-21,1502804.0,111.6,31277.0
2022-11-22,1502804.0,111.6,31277.0
2022-11-23,1502804.0,111.6,31277.0
2022-11-24,1502804.0,111.6,31277.0
2022-11-25,1502804.0,111.6,31277.0
2022-11-26,1502804.0,111.6,31277.0
2022-11-27,1502804.0,111.6,31277.0
2022-11-28,1502804.0,111.6,31277.0
2022-11-29,1502804.0,111.6,31277.0
2022-11-30,1502804.0,111.6,31277.0
2022-12-01,1502804.0,111.6,31277.0
2022-12-02,1502804.0,111.6,31277.0
2022-12-03,1502804.0,111.6,31277.0
2022-12-04,1502804.0,111.6,31277.0
2022-12-05,1502804.0,111.6,31277.0
2022-12-06,1502804.0,111.6,31277.0
2022-12-07,1502804.0,111.6,31277.0
2022-12-08,1502804.0,111.6,31277.0
2022-12-09,1502804.0,111.6,31277.0
2022-12-10,1502804.0,111.6,31277.0
2022-12-11,1502804.0,111.6,31277.0
2022-12-12,1502804.0,111.6,31277.0
2022-12-13,1502804.0,111.6,31277.0
2022-12-14,1502804.0,111.6,31277.0
2022-12-15,1502804.0,111.6,31277.0
2022-12-16,1502804.0,111.6,31277.0
2022-12-17,1502804.0,111.6,31277.0
2022-12-18,1502804.0,111.6,31277.0
2022-12-19,1502804.0,111.6,31277.0
2022-12-20,1502804.0,111.6,31277.0
2022-12-21,1502804.0,111.6,31277.0
2022-12-22,1502804.0,111.6,31277.0
2022-12-23,1502804.0,111.6,31277.0
2022-12-24,1502804.0,111.6,31277.0
2022-12-25,1502804.0,111.6,31277.0
2022-12-26,1502804.0,111.6,31277.0
2022-12-27,1502804.0,111.6,31277.0
2022-12-28,1502804.0,111.6,31277.0
2022-12-29,1502804.0,111.6,31277.0
2022-12-30,1502804.0,111.6,31277.0
2022-12-31,1502804.0,111.6,31277.0
2023-01-01,1554194.0,110.85,32205.5
2023-01-02,1554194.0,110.85,32205.5
2023-01-03,1554194.0,110.85,32205.5
2023-01-04,1554194.0,110.85,32205.5
2023-01-05,1554194.0,110.85,32205.5
2023-01-06,1554194.0,110.85,32205.5
2023-01-07,1554194.0,110.85,32205.5
2023-01-08,1554194.0,110.85,32205.5
2023-01-09,1554194.0,110.85,32205.5
2023-01-10,1554194.0,110.85,32205.5
2023-01-11,1554194.0,110.85,32205.5
2023-01-12,1554194.0,110.85,32205.5
2023-01-13,1554194.0,110.85,32205.5
2023-01-14,1554194.0,110.85,32205.5
2023-01-15,1554194.0,110.85,32205.5
2023-01-16,1554194.0,110.85,32205.5
2023-01-17,1554194.0,110.85,32205.5
2023-01-18,1554194.0,110.85,32205.5
2023-01-19,1554194.0,110.85,32205.5
2023-01-20,1554194.0,110.85,32205.5
2023-01-21,1554194.0,110.85,32205.5
2023-01-22,1554194.0,110.85,32205.5
2023-01-23,1554194.0,110.85,32205.5
2023-01-24,1554194.0,110.85,32205.5
2023-01-25,1554194.0,110.85,32205.5
2023-01-26,1554194.0,110.85,32205.5
2023-01-27,1554194.0,110.85,32205.5
2023-01-28,1554194.0,110.85,32205.5
2023-01-29,1554194.0,110.85,32205.5
2023-01-30,1554194.0,110.85,32205.5
2023-01-31,1554194.0,110.85,32205.5
2023-02-01,1554194.0,110.85,32205.5
2023-02-02,1554194.0,110.85,32205.5
2023-02-03,1554194.0,110.85,32205.5
2023-02-04,1554194.0,110.85,32205.5
2023-02-05,1554194.0,110.85,32205.5
2023-02-06,1554194.0,110.85,32205.5
2023-02-07,1554194.0,110.85,32205.5
2023-02-08,1554194.0,110.85,32205.5
2023-02-09,1554194.0,110.85,32205.5
2023-02-10,1554194.0,110.85,32205.5
2023-02-11,1554194.0,110.85,32205.5
2023-02-12,1554194.0,110.85,32205.5
2023-02-13,1554194.0,110.85,32205.5
2023-02-14,1554194.0,110.85,32205.5
2023-02-15,1554194.0,110.85,32205.5
2023-02-16,1554194.0,110.85,32205.5
2023-02-17,1554194.0,110.85,32205.5
2023-02-18,1554194.0,110.85,32205.5
2023-02-19,1554194.0,110.85,32205.5
2023-02-20,1554194.0,110.85,32205.5
2023-02-21,1554194.0,110.85,32205.5
2023-02-22,1554194.0,110.85,32205.5
2023-02-23,1554194.0,110.85,32205.5
2023-02-24,1554194.0,110.85,32205.5
2023-02-25,1554194.0,110.85,32205.5
2023-02-26,1554194.0,110.85,32205.5
2023-02-27,1554194.0,110.85,32205.5
2023-02-28,1554194.0,110.85,32205.5
2023-03-01,1554194.0,110.85,32205.5
2023-03-02,1554194.0,110.85,32205.5
2023-03-03,1554194.0,110.85,32205.5
2023-03-04,1554194.0,110.85,32205.5
2023-03-05,1554194.0,110.85,32205.5
2023-03-06,1554194.0,110.85,32205.5
2023-03-07,1554194.0,110.85,32205.5
2023-03-08,1554194.0,110.85,32205.5
2023-03-09,1554194.0,110.85,32205.5
2023-03-10,1554194.0,110.85,32205.5
2023-03-11,1554194.0,110.85,32205.5
2023-03-12,1554194.0,110.85,32205.5
2023-03-13,1554194.0,110.85,32205.5
2023-03-14,1554194.0,110.85,32205.5
2023-03-15,1554194.0,110.85,32205.5
2023-03-16,1554194.0,110.85,32205.5
2023-03-17,1554194.0,110.85,32205.5
2023-03-18,1554194.0,110.85,32205.5
2023-03-19,1554194.0,110.85,32205.5
2023-03-20,1554194.0,110.85,32205.5
2023-03-21,1554194.0,110.85,32205.5
2023-03-22,1554194.0,110.85,32205.5
2023-03-23,1554194.0,110.85,32205.5
2023-03-24,1554194.0,110.85,32205.5
2023-03-25,1554194.0,110.85,32205.5
2023-03-26,1554194.0,110.85,32205.5
2023-03-27,1554194.0,110.85,32205.5
2023-03-28,1554194.0,110.85,32205.5
2023-03-29,1554194.0,110.85,32205.5
2023-03-30,1554194.0,110.85,32205.5
2023-03-31,1554194.0,110.85,32205.5
2023-04-01,1554194.0,110.85,32205.5
2023-04-02,1554194.0,110.85,32205.5
2023-04-03,1554194.0,110.85,32205.5
2023-04-04,1554194.0,110.85,32205.5
2023-04-05,1554194.0,110.85,32205.5
2023-04-06,1554194.0,110.85,32205.5
2023-04-07,1554194.0,110.85,32205.5
2023-04-08,1554194.0,110.85,32205.5
2023-04-09,1554194.0,110.85,32205.5
2023-04-10,1554194.0,110.85,32205.5
2023-04-11,1554194.0,110.85,32205.5
2023-04-12,1554194.0,110.85,32205.5
2023-04-13,1554194.0,110.85,32205.5
2023-04-14,1554194.0,110.85,32205.5
2023-04-15,1554194.0,110.85,32205.5
2023-04-16,1554194.0,110.85,32205.5
2023-04-17,1554194.0,110.85,32205.5
2023-04-18,1554194.0,110.85,32205.5
2023-04-19,1554194.0,110.85,32205.5
2023-04-20,1554194.0,110.85,32205.5
2023-04-21,1554194.0,110.85,32205.5
2023-04-22,1554194.0,110.85,32205.5
2023-04-23,1554194.0,110.85,32205.5
2023-04-24,1554194.0,110.85,32205.5
2023-04-25,1554194.0,110.85,32205.5
2023-04-26,1554194.0,110.85,32205.5
2023-04-27,1554194.0,110.85,32205.5
2023-04-28,1554194.0,110.85,32205.5
2023-04-29,1554194.0,110.85,32205.5
2023-04-30,1554194.0,110.85,32205.5
2023-05-01,1554194.0,110.85,32205.5
2023-05-02,1554194.0,110.85,32205.5
2023-05-03,1554194.0,110.85,32205.5
2023-05-04,1554194.0,110.85,32205.5
2023-05-05,1554194.0,110.85,32205.5
2023-05-06,1554194.0,110.85,32205.5
2023-05-07,1554194.0,110.85,32205.5
2023-05-08,1554194.0,110.85,32205.5
2023-05-09,1554194.0,110.85,32205.5
2023-05-10,1554194.0,110.85,32205.5
2023-05-11,1554194.0,110.85,32205.5
2023-05-12,1554194.0,110.85,32205.5
2023-05-13,1554194.0,110.85,32205.5
2023-05-14,1554194.0,110.85,32205.5
2023-05-15,1554194.0,110.85,32205.5
2023-05-16,1554194.0,110.85,32205.5
2023-05-17,1554194.0,110.85,32205.5
2023-05-18,1554194.0,110.85,32205.5
2023-05-19,1554194.0,110.85,32205.5
2023-05-20,1554194.0,110.85,32205.5
2023-05-21,1554194.0,110.85,32205.5
2023-05-22,1554194.0,110.85,32205.5
2023-05-23,1554194.0,110.85,32205.5
2023-05-24,1554194.0,110.85,32205.5
2023-05-25,1554194.0,110.85,32205.5
2023-05-26,1554194.0,110.85,32205.5
2023-05-27,1554194.0,110.85,32205.5
2023-05-28,1554194.0,110.85,32205.5
2023-05-29,1554194.0,110.85,32205.5
2023-05-30,1554194.0,110.85,32205.5
2023-05-31,1554194.0,110.85,32205.5
2023-06-01,1554194.0,110.85,32205.5
2023-06-02,1554194.0,110.85,32205.5
2023-06-03,1554194.0,110.85,32205.5
2023-06-04,1554194.0,110.85,32205.5
2023-06-05,1554194.0,110.85,32205.5
2023-06-06,1554194.0,110.85,32205.5
2023-06-07,1554194.0,110.85,32205.5
2023-06-08,1554194.0,110.85,32205.5
2023-06-09,1554194.0,110.85,32205.5
2023-06-10,1554194.0,110.85,32205.5
2023-06-11,1554194.0,110.85,32205.5
2023-06-12,1554194.0,110.85,32205.5
2023-06-13,1554194.0,110.85,32205.5
2023-06-14,1554194.0,110.85,32205.5
2023-06-15,1554194.0,110.85,32205.5
2023-06-16,1554194.0,110.85,32205.5
2023-06-17,1554194.0,110.85,32205.5
2023-06-18,1554194.0,110.85,32205.5
2023-06-19,1554194.0,110.85,32205.5
2023-06-20,1554194.0,110.85,32205.5
2023-06-21,1554194.0,110.85,32205.5
2023-06-22,1554194.0,110.85,32205.5
2023-06-23,1554194.0,110.85,32205.5
2023-06-24,1554194.0,110.85,32205.5
2023-06-25,1554194.0,110.85,32205.5
2023-06-26,1554194.0,110.85,32205.5
2023-06-27,1554194.0,110.85,32205.5
2023-06-28,1554194.0,110.85,32205.5
2023-06-29,1554194.0,110.85,32205.5
2023-06-30,1554194.0,110.85,32205.5
2023-07-01,1554194.0,110.85,32205.5
2023-07-02,1554194.0,110.85,32205.5
2023-07-03,1554194.0,110.85,32205.5
2023-07-04,1554194.0,110.85,32205.5
2023-07-05,1554194.0,110.85,32205.5
2023-07-06,1554194.0,110.85,32205.5
2023-07-07,1554194.0,110.85,32205.5
2023-07-08,1554194.0,110.85,32205.5
2023-07-09,1554194.0,110.85,32205.5
2023-07-10,1554194.0,110.85,32205.5
2023-07-11,1554194.0,110.85,32205.5
2023-07-12,1554194.0,110.85,32205.5
2023-07-13,1554194.0,110.85,32205.5
2023-07-14,1554194.0,110.85,32205.5
2023-07-15,1554194.0,110.85,32205.5
2023-07-16,1554194.0,110.85,32205.5
2023-07-17,1554194.0,110.85,32205.5
2023-07-18,1554194.0,110.85,32205.5
2023-07-19,1554194.0,110.85,32205.5
2023-07-20,1554194.0,110.85,32205.5
2023-07-21,1554194.0,110.85,32205.5
2023-07-22,1554194.0,110.85,32205.5
2023-07-23,1554194.0,110.85,32205.5
2023-07-24,1554194.0,110.85,32205.5
2023-07-25,1554194.0,110.85,32205.5
2023-07-26,1554194.0,110.85,32205.5
2023-07-27,1554194.0,110.85,32205.5
2023-07-28,1554194.0,110.85,32205.5
2023-07-29,1554194.0,110.85,32205.5
2023-07-30,1554194.0,110.85,32205.5
2023-07-31,1554194.0,110.85,32205.5
2023-08-01,1554194.0,110.85,32205.5
2023-08-02,1554194.0,110.85,32205.5
2023-08-03,1554194.0,110.85,32205.5
2023-08-04,1554194.0,110.85,32205.5
2023-08-05,1554194.0,110.85,32205.5
2023-08-06,1554194.0,110.85,32205.5
2023-08-07,1554194.0,110.85,32205.5
2023-08-08,1554194.0,110.85,32205.5
2023-08-09,1554194.0,110.85,32205.5
2023-08-10,1554194.0,110.85,32205.5
2023-08-11,1554194.0,110.85,32205.5
2023-08-12,1554194.0,110.85,32205.5
2023-08-13,1554194.0,110.85,32205.5
2023-08-14,1554194.0,110.85,32205.5
2023-08-15,1554194.0,110.85,32205.5
2023-08-16,1554194.0,110.85,32205.5
2023-08-17,1554194.0,110.85,32205.5
2023-08-18,1554194.0,110.85,32205.5
2023-08-19,1554194.0,110.85,32205.5
2023-08-20,1554194.0,110.85,32205.5
2023-08-21,1554194.0,110.85,32205.5
2023-08-22,1554194.0,110.85,32205.5
2023-08-23,1554194.0,110.85,32205.5
2023-08-24,1554194.0,110.85,32205.5
2023-08-25,1554194.0,110.85,32205.5
2023-08-26,1554194.0,110.85,32205.5
2023-08-27,1554194.0,110.85,32205.5
2023-08-28,1554194.0,110.85,32205.5
2023-08-29,1554194.0,110.85,32205.5
2023-08-30,1554194.0,110.85,32205.5
2023-08-31,1554194.0,110.85,32205.5
2023-09-01,1554194.0,110.85,32205.5
2023-09-02,1554194.0,110.85,32205.5
2023-09-03,1554194.0,110.85,32205.5
2023-09-04,1554194.0,110.85,32205.5
2023-09-05,1554194.0,110.85,32205.5
2023-09-06,1554194.0,110.85,32205.5
2023-09-07,1554194.0,110.85,32205.5
2023-09-08,1554194.0,110.85,32205.5
2023-09-09,1554194.0,110.85,32205.5
2023-09-10,1554194.0,110.85,32205.5
2023-09-11,1554194.0,110.85,32205.5
2023-09-12,1554194.0,110.85,32205.5
2023-09-13,1554194.0,110.85,32205.5
2023-09-14,1554194.0,110.85,32205.5
2023-09-15,1554194.0,110.85,32205.5
2023-09-16,1554194.0,110.85,32205.5
2023-09-17,1554194.0,110.85,32205.5
2023-09-18,1554194.0,110.85,32205.5
2023-09-19,1554194.0,110.85,32205.5
2023-09-20,1554194.0,110.85,32205.5
2023-09-21,1554194.0,110.85,32205.5
2023-09-22,1554194.0,110.85,32205.5
2023-09-23,1554194.0,110.85,32205.5
2023-09-24,1554194.0,110.85,32205.5
2023-09-25,1554194.0,110.85,32205.5
2023-09-26,1554194.0,110.85,32205.5
2023-09-27,1554194.0,110.85,32205.5
2023-09-28,1554194.0,110.85,32205.5
2023-09-29,1554194.0,110.85,32205.5
2023-09-30,1554194.0,110.85,32205.5
2023-10-01,1554194.0,110.85,32205.5
2023-10-02,1554194.0,110.85,32205.5
2023-10-03,1554194.0,110.85,32205.5
2023-10-04,1554194.0,110.85,32205.5
2023-10-05,1554194.0,110.85,32205.5
2023-10-06,1554194.0,110.85,32205.5
2023-10-07,1554194.0,110.85,32205.5
2023-10-08,1554194.0,110.85,32205.5
2023-10-09,1554194.0,110.85,32205.5
2023-10-10,1554194.0,110.85,32205.5
2023-10-11,1554194.0,110.85,32205.5
2023-10-12,1554194.0,110.85,32205.5
2023-10-13,1554194.0,110.85,32205.5
2023-10-14,1554194.0,110.85,32205.5
2023-10-15,1554194.0,110.85,32205.5
2023-10-16,1554194.0,110.85,32205.5
2023-10-17,1554194.0,110.85,32205.5
2023-10-18,1554194.0,110.85,32205.5
2023-10-19,1554194.0,110.85,32205.5
2023-10-20,1554194.0,110.85,32205.5
2023-10-21,1554194.0,110.85,32205.5
2023-10-22,1554194.0,110.85,32205.5
2023-10-23,1554194.0,110.85,32205.5
2023-10-24,1554194.0,110.85,32205.5
2023-10-25,1554194.0,110.85,32205.5
2023-10-26,1554194.0,110.85,32205.5
2023-10-27,1554194.0,110.85,32205.5
2023-10-28,1554194.0,110.85,32205.5
2023-10-29,1554194.0,110.85,32205.5
2023-10-30,1554194.0,110.85,32205.5
2023-10-31,1554194.0,110.85,32205.5
2023-11-01,1554194.0,110.85,32205.5
2023-11-02,1554194.0,110.85,32205.5
2023-11-03,1554194.0,110.85,32205.5
2023-11-04,1554194.0,110.85,32205.5
2023-11-05,1554194.0,110.85,32205.5
2023-11-06,1554194.0,110.85,32205.5
2023-11-07,1554194.0,110.85,32205.5
2023-11-08,1554194.0,110.85,32205.5
2023-11-09,1554194.0,110.85,32205.5
2023-11-10,1554194.0,110.85,32205.5
2023-11-11,1554194.0,110.85,32205.5
2023-11-12,1554194.0,110.85,32205.5
2023-11-13,1554194.0,110.85,32205.5
2023-11-14,1554194.0,110.85,32205.5
2023-11-15,1554194.0,110.85,32205.5
2023-11-16,1554194.0,110.85,32205.5
2023-11-17,1554194.0,110.85,32205.5
2023-11-18,1554194.0,110.85,32205.5
2023-11-19,1554194.0,110.85,32205.5
2023-11-20,1554194.0,110.85,32205.5
2023-11-21,1554194.0,110.85,32205.5
2023-11-22,1554194.0,110.85,32205.5
2023-11-23,1554194.0,110.85,32205.5
2023-11-24,1554194.0,110.85,32205.5
2023-11-25,1554194.0,110.85,32205.5
2023-11-26,1554194.0,110.85,32205.5
2023-11-27,1554194.0,110.85,32205.5
2023-11-28,1554194.0,110.85,32205.5
2023-11-29,1554194.0,110.85,32205.5
2023-11-30,1554194.0,110.85,32205.5
2023-12-01,1554194.0,110.85,32205.5
2023-12-02,1554194.0,110.85,32205.5
2023-12-03,1554194.0,110.85,32205.5
2023-12-04,1554194.0,110.85,32205.5
2023-12-05,1554194.0,110.85,32205.5
2023-12-06,1554194.0,110.85,32205.5
2023-12-07,1554194.0,110.85,32205.5
2023-12-08,1554194.0,110.85,32205.5
2023-12-09,1554194.0,110.85,32205.5
2023-12-10,1554194.0,110.85,32205.5
2023-12-11,1554194.0,110.85,32205.5
2023-12-12,1554194.0,110.85,32205.5
2023-12-13,1554194.0,110.85,32205.5
2023-12-14,1554194.0,110.85,32205.5
2023-12-15,1554194.0,110.85,32205.5
2023-12-16,1554194.0,110.85,32205.5
2023-12-17,1554194.0,110.85,32205.5
2023-12-18,1554194.0,110.85,32205.5
2023-12-19,1554194.0,110.85,32205.5
2023-12-20,1554194.0,110.85,32205.5
2023-12-21,1554194.0,110.85,32205.5
2023-12-22,1554194.0,110.85,32205.5
2023-12-23,1554194.0,110.85,32205.5
2023-12-24,1554194.0,110.85,32205.5
2023-12-25,1554194.0,110.85,32205.5
2023-12-26,1554194.0,110.85,32205.5
2023-12-27,1554194.0,110.85,32205.5
2023-12-28,1554194.0,110.85,32205.5
2023-12-29,1554194.0,110.85,32205.5
2023-12-30,1554194.0,110.85,32205.5
2023-12-31,1554194.0,110.85,32205.5