Date,EUR_Price,EUR_Open,EUR_High,EUR_Low
2002-01-01,0.8895,0.8909,0.8913,0.8863
2002-01-02,0.9036,0.8896,0.9069,0.8883
2002-01-03,0.8996,0.9039,0.9062,0.8976
2002-01-04,0.895,0.8987,0.9003,0.8937
2002-01-05,0.895,0.8987,0.9003,0.8937
2002-01-06,0.895,0.8987,0.9003,0.8937
2002-01-07,0.8935,0.8951,0.8998,0.888
2002-01-08,0.8931,0.8936,0.8938,0.8881
2002-01-09,0.8914,0.8933,0.8953,0.8864
2002-01-10,0.8914,0.8909,0.894,0.8898
2002-01-11,0.8926,0.8914,0.8934,0.8896
2002-01-12,0.8926,0.8914,0.8934,0.8896
2002-01-13,0.8926,0.8914,0.8934,0.8896
2002-01-14,0.8944,0.8943,0.8956,0.8913
2002-01-15,0.8834,0.8946,0.8947,0.8826
2002-01-16,0.8829,0.8828,0.8847,0.8796
2002-01-17,0.8806,0.8825,0.8853,0.8786
2002-01-18,0.8843,0.8814,0.8859,0.8789
2002-01-19,0.8843,0.8814,0.8859,0.8789
2002-01-20,0.8843,0.8814,0.8859,0.8789
2002-01-21,0.8838,0.8837,0.8869,0.8824
2002-01-22,0.8861,0.8837,0.8867,0.881
2002-01-23,0.8779,0.8863,0.8892,0.8767
2002-01-24,0.8774,0.8784,0.8795,0.8749
2002-01-25,0.8661,0.8779,0.8787,0.8627
2002-01-26,0.8661,0.8779,0.8787,0.8627
2002-01-27,0.8661,0.8779,0.8787,0.8627
2002-01-28,0.8627,0.865,0.8664,0.8569
2002-01-29,0.8655,0.8623,0.866,0.8591
2002-01-30,0.8617,0.8655,0.8676,0.8599
2002-01-31,0.8585,0.8618,0.865,0.8577
2002-02-01,0.8621,0.8589,0.8644,0.8562
2002-02-02,0.8621,0.8589,0.8644,0.8562
2002-02-03,0.8621,0.8589,0.8644,0.8562
2002-02-04,0.8706,0.8619,0.8715,0.8602
2002-02-05,0.8677,0.8706,0.8732,0.8651
2002-02-06,0.8676,0.867,0.8708,0.8631
2002-02-07,0.871,0.8679,0.872,0.8643
2002-02-08,0.8735,0.8702,0.8756,0.8697
2002-02-09,0.8735,0.8702,0.8756,0.8697
2002-02-10,0.8735,0.8702,0.8756,0.8697
2002-02-11,0.8764,0.8704,0.8803,0.8704
2002-02-12,0.8765,0.8768,0.8802,0.8738
2002-02-13,0.8712,0.8775,0.8777,0.8701
2002-02-14,0.8739,0.8713,0.875,0.8679
2002-02-15,0.8734,0.8741,0.8744,0.8691
2002-02-16,0.8734,0.8741,0.8744,0.8691
2002-02-17,0.8734,0.8741,0.8744,0.8691
2002-02-18,0.8709,0.8731,0.8741,0.8698
2002-02-19,0.8766,0.8706,0.8784,0.866
2002-02-20,0.8694,0.877,0.8786,0.8686
2002-02-21,0.8698,0.8695,0.8722,0.8679
2002-02-22,0.8757,0.8702,0.8779,0.8676
2002-02-23,0.8757,0.8702,0.8779,0.8676
2002-02-24,0.8757,0.8702,0.8779,0.8676
2002-02-25,0.8691,0.8752,0.8759,0.8686
2002-02-26,0.8638,0.8694,0.8726,0.8616
2002-02-27,0.8656,0.8639,0.8671,0.8619
2002-02-28,0.8686,0.8658,0.8698,0.8626
2002-03-01,0.8649,0.8688,0.8697,0.8628
2002-03-02,0.8649,0.8688,0.8697,0.8628
2002-03-03,0.8649,0.8688,0.8697,0.8628
2002-03-04,0.8696,0.8648,0.8717,0.8629
2002-03-05,0.8726,0.8699,0.8729,0.8648
2002-03-06,0.8766,0.8719,0.8777,0.8689
2002-03-07,0.8824,0.8767,0.8841,0.8738
2002-03-08,0.8739,0.8817,0.882,0.8721
2002-03-09,0.8739,0.8817,0.882,0.8721
2002-03-10,0.8739,0.8817,0.882,0.8721
2002-03-11,0.8752,0.8736,0.8774,0.873
2002-03-12,0.8758,0.8752,0.8769,0.8703
2002-03-13,0.8763,0.8762,0.8786,0.8723
2002-03-14,0.883,0.8758,0.8846,0.8751
2002-03-15,0.8824,0.8823,0.8872,0.8807
2002-03-16,0.8824,0.8823,0.8872,0.8807
2002-03-17,0.8824,0.8823,0.8872,0.8807
2002-03-18,0.8826,0.8818,0.8833,0.878
2002-03-19,0.8826,0.8829,0.885,0.8794
2002-03-20,0.8853,0.8824,0.8861,0.878
2002-03-21,0.8822,0.8856,0.8864,0.8805
2002-03-22,0.877,0.8823,0.883,0.8742
2002-03-23,0.877,0.8823,0.883,0.8742
2002-03-24,0.877,0.8823,0.883,0.8742
2002-03-25,0.8778,0.8765,0.8785,0.8751
2002-03-26,0.8769,0.8772,0.8799,0.873
2002-03-27,0.8729,0.8769,0.8772,0.8716
2002-03-28,0.8704,0.8728,0.8743,0.8697
2002-03-29,0.8718,0.8705,0.873,0.8701
2002-03-30,0.8718,0.8705,0.873,0.8701
2002-03-31,0.8718,0.8705,0.873,0.8701
2002-04-01,0.8805,0.8713,0.8825,0.8713
2002-04-02,0.8794,0.8805,0.8822,0.8772
2002-04-03,0.8805,0.8791,0.8833,0.8769
2002-04-04,0.8776,0.881,0.8859,0.8764
2002-04-05,0.879,0.8783,0.8817,0.877
2002-04-06,0.879,0.8783,0.8817,0.877
2002-04-07,0.879,0.8783,0.8817,0.877
2002-04-08,0.8746,0.8792,0.8795,0.8736
2002-04-09,0.8811,0.8749,0.8815,0.873
2002-04-10,0.8802,0.881,0.8827,0.8784
2002-04-11,0.8825,0.8804,0.8849,0.8785
2002-04-12,0.8802,0.8821,0.8828,0.8773
2002-04-13,0.8802,0.8821,0.8828,0.8773
2002-04-14,0.8802,0.8821,0.8828,0.8773
2002-04-15,0.8793,0.8794,0.8825,0.8784
2002-04-16,0.8826,0.8795,0.8841,0.8786
2002-04-17,0.8905,0.8824,0.8911,0.8816
2002-04-18,0.8911,0.8902,0.8922,0.8856
2002-04-19,0.8922,0.891,0.8925,0.8878
2002-04-20,0.8922,0.891,0.8925,0.8878
2002-04-21,0.8922,0.891,0.8925,0.8878
2002-04-22,0.8893,0.8895,0.8911,0.8865
2002-04-23,0.8887,0.8896,0.8904,0.8856
2002-04-24,0.893,0.8888,0.8935,0.8869
2002-04-25,0.8979,0.8927,0.8995,0.892
2002-04-26,0.9018,0.8977,0.9023,0.8958
2002-04-27,0.9018,0.8977,0.9023,0.8958
2002-04-28,0.9018,0.8977,0.9023,0.8958
2002-04-29,0.9041,0.9014,0.9047,0.9003
2002-04-30,0.9002,0.9032,0.9042,0.8988
2002-05-01,0.9064,0.9003,0.9088,0.899
2002-05-02,0.9032,0.9064,0.9078,0.9012
2002-05-03,0.9173,0.9032,0.9177,0.902
2002-05-04,0.9173,0.9032,0.9177,0.902
2002-05-05,0.9173,0.9032,0.9177,0.902
2002-05-06,0.9184,0.9163,0.9187,0.9133
2002-05-07,0.9153,0.9182,0.9193,0.9115
2002-05-08,0.9046,0.9143,0.9145,0.903
2002-05-09,0.9096,0.9049,0.9116,0.9035
2002-05-10,0.914,0.9093,0.9152,0.9083
2002-05-11,0.914,0.9093,0.9152,0.9083
2002-05-12,0.914,0.9093,0.9152,0.9083
2002-05-13,0.9116,0.9135,0.917,0.9092
2002-05-14,0.9026,0.9119,0.9121,0.9009
2002-05-15,0.9125,0.9026,0.9127,0.8992
2002-05-16,0.9114,0.9122,0.9145,0.9083
2002-05-17,0.9205,0.9117,0.9221,0.9112
2002-05-18,0.9205,0.9117,0.9221,0.9112
2002-05-19,0.9205,0.9117,0.9221,0.9112
2002-05-20,0.9213,0.9205,0.9236,0.9178
2002-05-21,0.9202,0.9208,0.9225,0.9159
2002-05-22,0.9257,0.9189,0.9282,0.9174
2002-05-23,0.9211,0.9258,0.9274,0.9182
2002-05-24,0.9203,0.9216,0.9237,0.9161
2002-05-25,0.9203,0.9216,0.9237,0.9161
2002-05-26,0.9203,0.9216,0.9237,0.9161
2002-05-27,0.9209,0.9211,0.9226,0.9185
2002-05-28,0.9282,0.9212,0.9314,0.9198
2002-05-29,0.9348,0.9287,0.9379,0.927
2002-05-30,0.9372,0.9345,0.9421,0.9343
2002-05-31,0.9339,0.9372,0.9406,0.9284
2002-06-01,0.9339,0.9372,0.9406,0.9284
2002-06-02,0.9339,0.9372,0.9406,0.9284
2002-06-03,0.9413,0.933,0.9417,0.9303
2002-06-04,0.9394,0.9406,0.9455,0.9384
2002-06-05,0.9391,0.9391,0.9421,0.9351
2002-06-06,0.9475,0.9395,0.9483,0.9334
2002-06-07,0.9438,0.9475,0.9495,0.9428
2002-06-08,0.9438,0.9475,0.9495,0.9428
2002-06-09,0.9438,0.9475,0.9495,0.9428
2002-06-10,0.9442,0.9433,0.949,0.939
2002-06-11,0.9484,0.9445,0.9499,0.9403
2002-06-12,0.9435,0.9485,0.9511,0.9427
2002-06-13,0.9432,0.9433,0.948,0.9395
2002-06-14,0.9461,0.9429,0.9528,0.9415
2002-06-15,0.9461,0.9429,0.9528,0.9415
2002-06-16,0.9461,0.9429,0.9528,0.9415
2002-06-17,0.9446,0.944,0.9471,0.941
2002-06-18,0.9522,0.9434,0.9524,0.9434
2002-06-19,0.9577,0.9523,0.9582,0.9512
2002-06-20,0.9649,0.9576,0.967,0.9556
2002-06-21,0.9708,0.9644,0.9724,0.9626
2002-06-22,0.9708,0.9644,0.9724,0.9626
2002-06-23,0.9708,0.9644,0.9724,0.9626
2002-06-24,0.9706,0.97,0.9821,0.968
2002-06-25,0.98,0.9707,0.9805,0.9661
2002-06-26,0.9815,0.9796,0.9946,0.9785
2002-06-27,0.9878,0.9817,0.9901,0.9808
2002-06-28,0.9918,0.9875,0.9992,0.9835
2002-06-29,0.9918,0.9875,0.9992,0.9835
2002-06-30,0.9918,0.9875,0.9992,0.9835
2002-07-01,0.992,0.9915,0.9981,0.9858
2002-07-02,0.9865,0.9915,0.9922,0.9796
2002-07-03,0.9808,0.9867,0.9868,0.9767
2002-07-04,0.9791,0.98,0.9821,0.9747
2002-07-05,0.9723,0.9791,0.9791,0.9716
2002-07-06,0.9723,0.9791,0.9791,0.9716
2002-07-07,0.9723,0.9791,0.9791,0.9716
2002-07-08,0.9913,0.9746,0.9917,0.9739
2002-07-09,0.9931,0.9913,0.9957,0.9874
2002-07-10,0.9894,0.9933,0.9974,0.986
2002-07-11,0.9883,0.9889,0.9942,0.9831
2002-07-12,0.9911,0.9879,0.9925,0.985
2002-07-13,0.9911,0.9879,0.9925,0.985
2002-07-14,0.9911,0.9879,0.9925,0.985
2002-07-15,1.003,0.9917,1.0095,0.9915
2002-07-16,1.0116,1.003,1.0149,1.0027
2002-07-17,1.0072,1.0124,1.0164,1.003
2002-07-18,1.0118,1.0072,1.0118,1.0036
2002-07-19,1.0116,1.012,1.0212,1.0103
2002-07-20,1.0116,1.012,1.0212,1.0103
2002-07-21,1.0116,1.012,1.0212,1.0103
2002-07-22,1.0083,1.0118,1.0136,1.0055
2002-07-23,0.9898,1.008,1.0086,0.9847
2002-07-24,0.9955,0.9896,0.9986,0.9872
2002-07-25,1.0053,0.9951,1.0063,0.9937
2002-07-26,0.9859,1.0044,1.0072,0.9857
2002-07-27,0.9859,1.0044,1.0072,0.9857
2002-07-28,0.9859,1.0044,1.0072,0.9857
2002-07-29,0.9813,0.9871,0.989,0.9768
2002-07-30,0.9825,0.9814,0.9897,0.978
2002-07-31,0.9775,0.9832,0.9858,0.976
2002-08-01,0.9843,0.9767,0.9863,0.9726
2002-08-02,0.9871,0.9847,0.9923,0.9834
2002-08-03,0.9871,0.9847,0.9923,0.9834
2002-08-04,0.9871,0.9847,0.9923,0.9834
2002-08-05,0.9803,0.9872,0.988,0.9798
2002-08-06,0.9662,0.981,0.9811,0.9623
2002-08-07,0.9749,0.9663,0.9767,0.9641
2002-08-08,0.9673,0.9739,0.9774,0.9639
2002-08-09,0.9699,0.9671,0.9744,0.9653
2002-08-10,0.9699,0.9671,0.9744,0.9653
2002-08-11,0.9699,0.9671,0.9744,0.9653
2002-08-12,0.9793,0.9704,0.9804,0.9689
2002-08-13,0.9843,0.9787,0.9847,0.9753
2002-08-14,0.979,0.9847,0.9895,0.9779
2002-08-15,0.9818,0.9769,0.9852,0.9748
2002-08-16,0.9844,0.982,0.9872,0.9785
2002-08-17,0.9844,0.982,0.9872,0.9785
2002-08-18,0.9844,0.982,0.9872,0.9785
2002-08-19,0.9767,0.9847,0.9871,0.9749
2002-08-20,0.9785,0.9773,0.9813,0.9731
2002-08-21,0.9812,0.9786,0.9851,0.9754
2002-08-22,0.9693,0.9801,0.9808,0.9672
2002-08-23,0.9725,0.9694,0.9737,0.9666
2002-08-24,0.9725,0.9694,0.9737,0.9666
2002-08-25,0.9725,0.9694,0.9737,0.9666
2002-08-26,0.972,0.9723,0.9744,0.9683
2002-08-27,0.9829,0.971,0.984,0.97
2002-08-28,0.9786,0.9818,0.9835,0.9784
2002-08-29,0.9846,0.9783,0.9889,0.977
2002-08-30,0.982,0.9839,0.9865,0.9792
2002-08-31,0.982,0.9839,0.9865,0.9792
2002-09-01,0.982,0.9839,0.9865,0.9792
2002-09-02,0.9845,0.9815,0.9858,0.9795
2002-09-03,0.9974,0.9835,0.9976,0.9829
2002-09-04,0.9919,0.9968,0.9977,0.9905
2002-09-05,0.9911,0.9923,0.9996,0.9887
2002-09-06,0.9811,0.991,0.9958,0.9806
2002-09-07,0.9811,0.991,0.9958,0.9806
2002-09-08,0.9811,0.991,0.9958,0.9806
2002-09-09,0.9797,0.9818,0.9835,0.9783
2002-09-10,0.9751,0.9793,0.9839,0.9721
2002-09-11,0.9759,0.9748,0.9776,0.9696
2002-09-12,0.9814,0.9764,0.9831,0.9739
2002-09-13,0.9713,0.9814,0.9844,0.9705
2002-09-14,0.9713,0.9814,0.9844,0.9705
2002-09-15,0.9713,0.9814,0.9844,0.9705
2002-09-16,0.9688,0.9702,0.9731,0.9659
2002-09-17,0.9745,0.969,0.9749,0.9603
2002-09-18,0.9782,0.9738,0.9799,0.9658
2002-09-19,0.987,0.9772,0.9872,0.9759
2002-09-20,0.9824,0.9869,0.9878,0.9782
2002-09-21,0.9824,0.9869,0.9878,0.9782
2002-09-22,0.9824,0.9869,0.9878,0.9782
2002-09-23,0.9782,0.981,0.9864,0.975
2002-09-24,0.9819,0.978,0.9839,0.9757
2002-09-25,0.9765,0.9823,0.9862,0.9755
2002-09-26,0.977,0.9768,0.9814,0.9729
2002-09-27,0.9808,0.977,0.9813,0.9742
2002-09-28,0.9808,0.977,0.9813,0.9742
2002-09-29,0.9808,0.977,0.9813,0.9742
2002-09-30,0.9868,0.981,0.9901,0.9801
2002-10-01,0.983,0.987,0.9897,0.9824
2002-10-02,0.9867,0.983,0.9871,0.9808
2002-10-03,0.9884,0.9864,0.9911,0.9855
2002-10-04,0.9794,0.9878,0.989,0.9782
2002-10-05,0.9794,0.9878,0.989,0.9782
2002-10-06,0.9794,0.9878,0.989,0.9782
2002-10-07,0.9831,0.9789,0.9841,0.9778
2002-10-08,0.9787,0.9823,0.9845,0.9763
2002-10-09,0.9896,0.9792,0.9914,0.9777
2002-10-10,0.9863,0.9907,0.9929,0.9847
2002-10-11,0.9876,0.9867,0.9885,0.9834
2002-10-12,0.9876,0.9867,0.9885,0.9834
2002-10-13,0.9876,0.9867,0.9885,0.9834
2002-10-14,0.9873,0.9879,0.9894,0.985
2002-10-15,0.9818,0.9873,0.9887,0.9789
2002-10-16,0.9808,0.9813,0.9836,0.9798
2002-10-17,0.9707,0.9809,0.9815,0.9697
2002-10-18,0.9719,0.9718,0.9743,0.9696
2002-10-19,0.9719,0.9718,0.9743,0.9696
2002-10-20,0.9719,0.9718,0.9743,0.9696
2002-10-21,0.9734,0.9721,0.9768,0.9688
2002-10-22,0.9781,0.9738,0.9806,0.9719
2002-10-23,0.9756,0.9777,0.9799,0.9745
2002-10-24,0.9779,0.9753,0.9786,0.9721
2002-10-25,0.9758,0.9777,0.9796,0.975
2002-10-26,0.9758,0.9777,0.9796,0.975
2002-10-27,0.9758,0.9777,0.9796,0.975
2002-10-28,0.9848,0.9764,0.9849,0.9723
2002-10-29,0.9834,0.9844,0.9868,0.9802
2002-10-30,0.9838,0.9828,0.9854,0.9814
2002-10-31,0.9907,0.9839,0.9909,0.9831
2002-11-01,0.9969,0.9909,1.0006,0.9886
2002-11-02,0.9969,0.9909,1.0006,0.9886
2002-11-03,0.9969,0.9909,1.0006,0.9886
2002-11-04,0.998,0.996,0.998,0.9925
2002-11-05,0.9998,0.998,1.0046,0.9965
2002-11-06,1.0025,1.0,1.005,0.9938
2002-11-07,1.0094,1.004,1.0102,0.9988
2002-11-08,1.013,1.0095,1.0151,1.0074
2002-11-09,1.013,1.0095,1.0151,1.0074
2002-11-10,1.013,1.0095,1.0151,1.0074
2002-11-11,1.0105,1.0124,1.0172,1.0091
2002-11-12,1.0125,1.0111,1.014,1.0068
2002-11-13,1.0081,1.013,1.0133,1.0044
2002-11-14,1.0045,1.0084,1.0103,1.0029
2002-11-15,1.0095,1.0045,1.0101,1.0011
2002-11-16,1.0095,1.0045,1.0101,1.0011
2002-11-17,1.0095,1.0045,1.0101,1.0011
2002-11-18,1.0086,1.0091,1.0123,1.006
2002-11-19,1.0032,1.0088,1.0145,1.0009
2002-11-20,1.0013,1.004,1.0046,0.9989
2002-11-21,1.0021,1.0017,1.0045,0.9976
2002-11-22,0.997,1.0023,1.004,0.9961
2002-11-23,0.997,1.0023,1.004,0.9961
2002-11-24,0.997,1.0023,1.004,0.9961
2002-11-25,0.9916,0.9968,0.9972,0.9891
2002-11-26,0.9936,0.9922,0.9937,0.9893
2002-11-27,0.9904,0.9938,0.9942,0.9873
2002-11-28,0.9944,0.9907,0.9963,0.9892
2002-11-29,0.9946,0.9939,0.9958,0.9912
2002-11-30,0.9946,0.9939,0.9958,0.9912
2002-12-01,0.9946,0.9939,0.9958,0.9912
2002-12-02,0.9969,0.9945,0.9985,0.9857
2002-12-03,0.9964,0.9976,1.0006,0.9948
2002-12-04,1.0006,0.9966,1.0033,0.9964
2002-12-05,1.0007,1.0009,1.0026,0.9969
2002-12-06,1.0099,1.0008,1.0131,0.9995
2002-12-07,1.0099,1.0008,1.0131,0.9995
2002-12-08,1.0099,1.0008,1.0131,0.9995
2002-12-09,1.0107,1.0101,1.012,1.0067
2002-12-10,1.0086,1.0105,1.0141,1.0069
2002-12-11,1.0084,1.0078,1.0103,1.0059
2002-12-12,1.0187,1.0088,1.0198,1.0072
2002-12-13,1.0234,1.0189,1.0261,1.0162
2002-12-14,1.0234,1.0189,1.0261,1.0162
2002-12-15,1.0234,1.0189,1.0261,1.0162
2002-12-16,1.0223,1.0236,1.025,1.0191
2002-12-17,1.0287,1.0229,1.0335,1.0209
2002-12-18,1.0267,1.0283,1.0288,1.0225
2002-12-19,1.0273,1.027,1.0292,1.0204
2002-12-20,1.0269,1.0276,1.0278,1.0242
2002-12-21,1.0269,1.0276,1.0278,1.0242
2002-12-22,1.0269,1.0276,1.0278,1.0242
2002-12-23,1.0265,1.0273,1.0318,1.0215
2002-12-24,1.03,1.0262,1.0327,1.0252
2002-12-25,1.0323,1.03,1.0327,1.027
2002-12-26,1.0379,1.0312,1.0379,1.0312
2002-12-27,1.0438,1.0376,1.0445,1.0359
2002-12-28,1.0438,1.0376,1.0445,1.0359
2002-12-29,1.0438,1.0376,1.0445,1.0359
2002-12-30,1.0488,1.0427,1.0488,1.0402
2002-12-31,1.0501,1.049,1.0507,1.0454
2003-01-01,1.0492,1.0494,1.0502,1.0492
2003-01-02,1.0362,1.0492,1.0498,1.0334
2003-01-03,1.0423,1.0359,1.0438,1.0336
2003-01-04,1.0423,1.0359,1.0438,1.0336
2003-01-05,1.0423,1.0359,1.0438,1.0336
2003-01-06,1.0469,1.0417,1.0497,1.0414
2003-01-07,1.0416,1.0463,1.0468,1.0394
2003-01-08,1.0497,1.0412,1.0537,1.036
2003-01-09,1.0486,1.0495,1.0541,1.046
2003-01-10,1.0576,1.0487,1.0587,1.0472
2003-01-11,1.0576,1.0487,1.0587,1.0472
2003-01-12,1.0576,1.0487,1.0587,1.0472
2003-01-13,1.0542,1.058,1.0585,1.0525
2003-01-14,1.0552,1.0538,1.0601,1.0535
2003-01-15,1.0551,1.0553,1.0595,1.0503
2003-01-16,1.0619,1.0558,1.0629,1.0543
2003-01-17,1.0669,1.0614,1.068,1.0602
2003-01-18,1.0669,1.0614,1.068,1.0602
2003-01-19,1.0669,1.0614,1.068,1.0602
2003-01-20,1.068,1.0656,1.0696,1.0633
2003-01-21,1.0724,1.0675,1.0736,1.0629
2003-01-22,1.0728,1.073,1.0745,1.068
2003-01-23,1.0758,1.0742,1.078,1.0705
2003-01-24,1.0821,1.0747,1.0857,1.0739
2003-01-25,1.0821,1.0747,1.0857,1.0739
2003-01-26,1.0821,1.0747,1.0857,1.0739
2003-01-27,1.0856,1.0838,1.0909,1.078
2003-01-28,1.0822,1.0855,1.0857,1.078
2003-01-29,1.0836,1.0831,1.0902,1.0809
2003-01-30,1.0823,1.084,1.0848,1.073
2003-01-31,1.0769,1.0818,1.0836,1.0722
2003-02-01,1.0769,1.0818,1.0836,1.0722
2003-02-02,1.0769,1.0818,1.0836,1.0722
2003-02-03,1.0779,1.0786,1.0793,1.0692
2003-02-04,1.0882,1.0789,1.0911,1.0764
2003-02-05,1.0787,1.0889,1.094,1.0737
2003-02-06,1.0824,1.0781,1.0866,1.0763
2003-02-07,1.0825,1.0837,1.084,1.073
2003-02-08,1.0825,1.0837,1.084,1.073
2003-02-09,1.0825,1.0837,1.084,1.073
2003-02-10,1.0737,1.0817,1.0832,1.0726
2003-02-11,1.0736,1.0732,1.0765,1.0664
2003-02-12,1.0722,1.0736,1.0772,1.0703
2003-02-13,1.0826,1.0707,1.086,1.0702
2003-02-14,1.0791,1.0828,1.0853,1.0761
2003-02-15,1.0791,1.0828,1.0853,1.0761
2003-02-16,1.0791,1.0828,1.0853,1.0761
2003-02-17,1.0732,1.0764,1.0779,1.0675
2003-02-18,1.069,1.0726,1.0758,1.0677
2003-02-19,1.0745,1.0685,1.0768,1.0668
2003-02-20,1.0816,1.0747,1.0837,1.0742
2003-02-21,1.0768,1.0818,1.085,1.0751
2003-02-22,1.0768,1.0818,1.085,1.0751
2003-02-23,1.0768,1.0818,1.085,1.0751
2003-02-24,1.0798,1.0727,1.0808,1.0708
2003-02-25,1.0758,1.0795,1.0823,1.0741
2003-02-26,1.0784,1.0759,1.0813,1.0728
2003-02-27,1.0749,1.0781,1.0838,1.0734
2003-02-28,1.0798,1.0745,1.081,1.0732
2003-03-01,1.0798,1.0745,1.081,1.0732
2003-03-02,1.0798,1.0745,1.081,1.0732
2003-03-03,1.0898,1.0777,1.0901,1.0767
2003-03-04,1.0891,1.0894,1.0938,1.0876
2003-03-05,1.0958,1.0889,1.1006,1.0883
2003-03-06,1.097,1.0958,1.1014,1.0926
2003-03-07,1.1008,1.0974,1.1069,1.0966
2003-03-08,1.1008,1.0974,1.1069,1.0966
2003-03-09,1.1008,1.0974,1.1069,1.0966
2003-03-10,1.1055,1.1007,1.1069,1.1004
2003-03-11,1.1044,1.1058,1.1086,1.1004
2003-03-12,1.1006,1.1042,1.1058,1.0979
2003-03-13,1.0795,1.0995,1.0998,1.0791
2003-03-14,1.0741,1.0783,1.0823,1.069
2003-03-15,1.0741,1.0783,1.0823,1.069
2003-03-16,1.0741,1.0783,1.0823,1.069
2003-03-17,1.0628,1.0771,1.0846,1.0586
2003-03-18,1.0633,1.062,1.0655,1.054
2003-03-19,1.0558,1.0635,1.0656,1.0551
2003-03-20,1.0623,1.056,1.0672,1.0533
2003-03-21,1.0534,1.0614,1.0619,1.0501
2003-03-22,1.0534,1.0614,1.0619,1.0501
2003-03-23,1.0534,1.0614,1.0619,1.0501
2003-03-24,1.0638,1.0606,1.0677,1.0566
2003-03-25,1.065,1.0638,1.0724,1.0631
2003-03-26,1.0686,1.0654,1.0705,1.0621
2003-03-27,1.0693,1.0692,1.0747,1.0674
2003-03-28,1.0782,1.0696,1.0804,1.0668
2003-03-29,1.0782,1.0696,1.0804,1.0668
2003-03-30,1.0782,1.0696,1.0804,1.0668
2003-03-31,1.0924,1.0798,1.0929,1.0781
2003-04-01,1.0912,1.0923,1.0929,1.0865
2003-04-02,1.0768,1.0913,1.0955,1.0751
2003-04-03,1.0757,1.077,1.0792,1.0683
2003-04-04,1.073,1.076,1.0768,1.0684
2003-04-05,1.073,1.076,1.0768,1.0684
2003-04-06,1.073,1.076,1.0768,1.0684
2003-04-07,1.0694,1.0668,1.0703,1.056
2003-04-08,1.0713,1.069,1.0726,1.0642
2003-04-09,1.0774,1.0718,1.0785,1.0673
2003-04-10,1.0789,1.0772,1.0833,1.0758
2003-04-11,1.0747,1.0789,1.0789,1.0692
2003-04-12,1.0747,1.0789,1.0789,1.0692
2003-04-13,1.0747,1.0789,1.0789,1.0692
2003-04-14,1.0773,1.0748,1.0813,1.0715
2003-04-15,1.0797,1.0773,1.0822,1.0733
2003-04-16,1.0912,1.0802,1.0922,1.0783
2003-04-17,1.0873,1.0909,1.0966,1.0867
2003-04-18,1.0874,1.0885,1.09,1.0868
2003-04-19,1.0874,1.0885,1.09,1.0868
2003-04-20,1.0874,1.0885,1.09,1.0868
2003-04-21,1.0873,1.0896,1.0909,1.0821
2003-04-22,1.0972,1.0864,1.1005,1.0848
2003-04-23,1.0964,1.0972,1.0985,1.092
2003-04-24,1.1033,1.0957,1.105,1.0945
2003-04-25,1.1034,1.1033,1.1054,1.096
2003-04-26,1.1034,1.1033,1.1054,1.096
2003-04-27,1.1034,1.1033,1.1054,1.096
2003-04-28,1.0986,1.1037,1.1081,1.0977
2003-04-29,1.1076,1.0987,1.1088,1.0933
2003-04-30,1.1183,1.1075,1.1189,1.1063
2003-05-01,1.1233,1.1183,1.129,1.1151
2003-05-02,1.1231,1.1239,1.1274,1.1189
2003-05-03,1.1231,1.1239,1.1274,1.1189
2003-05-04,1.1231,1.1239,1.1274,1.1189
2003-05-05,1.1292,1.1228,1.1305,1.1205
2003-05-06,1.1441,1.1291,1.1456,1.1277
2003-05-07,1.1357,1.1439,1.144,1.1329
2003-05-08,1.148,1.1356,1.1512,1.1309
2003-05-09,1.1487,1.148,1.1538,1.1437
2003-05-10,1.1487,1.148,1.1538,1.1437
2003-05-11,1.1487,1.148,1.1538,1.1437
2003-05-12,1.1563,1.1532,1.1626,1.1524
2003-05-13,1.1522,1.1562,1.1569,1.1463
2003-05-14,1.1486,1.1536,1.1538,1.1467
2003-05-15,1.1383,1.1479,1.1489,1.1377
2003-05-16,1.1592,1.1376,1.1595,1.137
2003-05-17,1.1592,1.1376,1.1595,1.137
2003-05-18,1.1592,1.1376,1.1595,1.137
2003-05-19,1.1655,1.1673,1.1741,1.1623
2003-05-20,1.1715,1.1643,1.1717,1.161
2003-05-21,1.1636,1.1712,1.1747,1.1633
2003-05-22,1.1697,1.1641,1.1732,1.1619
2003-05-23,1.1838,1.1696,1.184,1.1667
2003-05-24,1.1838,1.1696,1.184,1.1667
2003-05-25,1.1838,1.1696,1.184,1.1667
2003-05-26,1.1875,1.1836,1.188,1.1801
2003-05-27,1.1812,1.1864,1.1934,1.1812
2003-05-28,1.1766,1.1816,1.185,1.1707
2003-05-29,1.19,1.1754,1.1909,1.1692
2003-05-30,1.1787,1.1902,1.1918,1.1739
2003-05-31,1.1787,1.1902,1.1918,1.1739
2003-06-01,1.1787,1.1902,1.1918,1.1739
2003-06-02,1.1765,1.1714,1.1771,1.1653
2003-06-03,1.1729,1.176,1.1783,1.1687
2003-06-04,1.1643,1.1735,1.1752,1.1636
2003-06-05,1.1843,1.1643,1.1891,1.1628
2003-06-06,1.17,1.1842,1.1882,1.1685
2003-06-07,1.17,1.1842,1.1882,1.1685
2003-06-08,1.17,1.1842,1.1882,1.1685
2003-06-09,1.1714,1.1713,1.1791,1.1659
2003-06-10,1.1673,1.1719,1.1743,1.1668
2003-06-11,1.1753,1.167,1.1785,1.1661
2003-06-12,1.1767,1.1755,1.181,1.1703
2003-06-13,1.1863,1.1764,1.188,1.1736
2003-06-14,1.1863,1.1764,1.188,1.1736
2003-06-15,1.1863,1.1764,1.188,1.1736
2003-06-16,1.1826,1.1877,1.1934,1.182
2003-06-17,1.1785,1.1823,1.1869,1.1767
2003-06-18,1.1694,1.1782,1.1804,1.1664
2003-06-19,1.1721,1.1684,1.1742,1.1585
2003-06-20,1.161,1.1721,1.1735,1.1552
2003-06-21,1.161,1.1721,1.1735,1.1552
2003-06-22,1.161,1.1721,1.1735,1.1552
2003-06-23,1.1561,1.1578,1.1608,1.1506
2003-06-24,1.1511,1.1555,1.1585,1.1477
2003-06-25,1.1533,1.1515,1.1626,1.1495
2003-06-26,1.1423,1.1532,1.1543,1.1414
2003-06-27,1.1437,1.142,1.1472,1.14
2003-06-28,1.1437,1.142,1.1472,1.14
2003-06-29,1.1437,1.142,1.1472,1.14
2003-06-30,1.1511,1.1429,1.1517,1.1397
2003-07-01,1.1563,1.1526,1.1613,1.1508
2003-07-02,1.1538,1.1563,1.1572,1.1505
2003-07-03,1.1497,1.1531,1.1542,1.1432
2003-07-04,1.1493,1.1502,1.1502,1.1448
2003-07-05,1.1493,1.1502,1.1502,1.1448
2003-07-06,1.1493,1.1502,1.1502,1.1448
2003-07-07,1.1317,1.1479,1.1483,1.1313
2003-07-08,1.1321,1.1316,1.1355,1.1255
2003-07-09,1.1349,1.1316,1.1369,1.1306
2003-07-10,1.1377,1.1355,1.1394,1.131
2003-07-11,1.1288,1.1381,1.1387,1.1273
2003-07-12,1.1288,1.1381,1.1387,1.1273
2003-07-13,1.1288,1.1381,1.1387,1.1273
2003-07-14,1.1281,1.129,1.1311,1.1243
2003-07-15,1.1176,1.1281,1.134,1.1157
2003-07-16,1.122,1.1178,1.1235,1.1112
2003-07-17,1.1208,1.1221,1.1252,1.1157
2003-07-18,1.127,1.1212,1.1309,1.1171
2003-07-19,1.127,1.1212,1.1309,1.1171
2003-07-20,1.127,1.1212,1.1309,1.1171
2003-07-21,1.1341,1.125,1.136,1.1245
2003-07-22,1.1328,1.1345,1.1374,1.1307
2003-07-23,1.1489,1.1329,1.1491,1.1316
2003-07-24,1.1475,1.1484,1.1513,1.1423
2003-07-25,1.1512,1.1472,1.1553,1.1443
2003-07-26,1.1512,1.1472,1.1553,1.1443
2003-07-27,1.1512,1.1472,1.1553,1.1443
2003-07-28,1.1488,1.1494,1.1521,1.1452
2003-07-29,1.1433,1.1488,1.1542,1.1431
2003-07-30,1.1362,1.1442,1.1453,1.1337
2003-07-31,1.1231,1.1357,1.1365,1.1224
2003-08-01,1.1274,1.1229,1.128,1.1133
2003-08-02,1.1274,1.1229,1.128,1.1133
2003-08-03,1.1274,1.1229,1.128,1.1133
2003-08-04,1.1356,1.1278,1.1379,1.1261
2003-08-05,1.1397,1.1355,1.1403,1.1307
2003-08-06,1.1335,1.1393,1.143,1.1325
2003-08-07,1.1381,1.1335,1.142,1.1319
2003-08-08,1.1308,1.1377,1.1381,1.1287
2003-08-09,1.1308,1.1377,1.1381,1.1287
2003-08-10,1.1308,1.1377,1.1381,1.1287
2003-08-11,1.1364,1.1307,1.1385,1.1263
2003-08-12,1.128,1.1361,1.1376,1.1278
2003-08-13,1.1321,1.1277,1.1335,1.1219
2003-08-14,1.1284,1.1319,1.1343,1.1227
2003-08-15,1.1259,1.1279,1.1291,1.1241
2003-08-16,1.1259,1.1279,1.1291,1.1241
2003-08-17,1.1259,1.1279,1.1291,1.1241
2003-08-18,1.1149,1.1262,1.1271,1.1125
2003-08-19,1.1144,1.1147,1.1152,1.1055
2003-08-20,1.1117,1.1142,1.1149,1.108
2003-08-21,1.0924,1.1119,1.1122,1.0892
2003-08-22,1.0887,1.0925,1.095,1.0836
2003-08-23,1.0887,1.0925,1.095,1.0836
2003-08-24,1.0887,1.0925,1.095,1.0836
2003-08-25,1.0864,1.0871,1.0922,1.0848
2003-08-26,1.0856,1.0858,1.0912,1.0792
2003-08-27,1.088,1.0865,1.0936,1.0833
2003-08-28,1.0885,1.0874,1.0914,1.0809
2003-08-29,1.098,1.0884,1.1003,1.0872
2003-08-30,1.098,1.0884,1.1003,1.0872
2003-08-31,1.098,1.0884,1.1003,1.0872
2003-09-01,1.0968,1.0987,1.1018,1.0953
2003-09-02,1.081,1.0968,1.0968,1.0804
2003-09-03,1.0846,1.0806,1.0875,1.0763
2003-09-04,1.0945,1.084,1.0949,1.0808
2003-09-05,1.1107,1.0941,1.114,1.0915
2003-09-06,1.1107,1.0941,1.114,1.0915
2003-09-07,1.1107,1.0941,1.114,1.0915
2003-09-08,1.1069,1.1098,1.1132,1.1048
2003-09-09,1.1228,1.1069,1.1243,1.1053
2003-09-10,1.1212,1.1227,1.1239,1.1161
2003-09-11,1.1209,1.1206,1.1277,1.1155
2003-09-12,1.1291,1.1204,1.1327,1.1136
2003-09-13,1.1291,1.1204,1.1327,1.1136
2003-09-14,1.1291,1.1204,1.1327,1.1136
2003-09-15,1.1288,1.1271,1.1313,1.1241
2003-09-16,1.1179,1.1285,1.132,1.1157
2003-09-17,1.1287,1.1172,1.1303,1.1138
2003-09-18,1.1248,1.1286,1.1349,1.1229
2003-09-19,1.1381,1.1244,1.1384,1.1238
2003-09-20,1.1381,1.1244,1.1384,1.1238
2003-09-21,1.1381,1.1244,1.1384,1.1238
2003-09-22,1.1467,1.1448,1.1505,1.1414
2003-09-23,1.1447,1.1465,1.1533,1.144
2003-09-24,1.1495,1.1435,1.1505,1.1427
2003-09-25,1.1487,1.1487,1.1537,1.1457
2003-09-26,1.1474,1.1479,1.1503,1.1441
2003-09-27,1.1474,1.1479,1.1503,1.1441
2003-09-28,1.1474,1.1479,1.1503,1.1441
2003-09-29,1.1593,1.146,1.1604,1.1395
2003-09-30,1.166,1.1596,1.1739,1.1573
2003-10-01,1.1716,1.1662,1.1733,1.1643
2003-10-02,1.1693,1.173,1.1771,1.1662
2003-10-03,1.1579,1.1684,1.1724,1.1552
2003-10-04,1.1579,1.1684,1.1724,1.1552
2003-10-05,1.1579,1.1684,1.1724,1.1552
2003-10-06,1.1711,1.1574,1.1725,1.1533
2003-10-07,1.1769,1.1719,1.1815,1.17
2003-10-08,1.1812,1.1772,1.1841,1.1768
2003-10-09,1.1744,1.1821,1.1863,1.1687
2003-10-10,1.1799,1.1746,1.1852,1.1702
2003-10-11,1.1799,1.1746,1.1852,1.1702
2003-10-12,1.1799,1.1746,1.1852,1.1702
2003-10-13,1.1709,1.181,1.1816,1.1652
2003-10-14,1.1739,1.1714,1.177,1.1583
2003-10-15,1.1631,1.1738,1.1752,1.159
2003-10-16,1.1595,1.1618,1.17,1.1566
2003-10-17,1.1684,1.1598,1.1687,1.1549
2003-10-18,1.1684,1.1598,1.1687,1.1549
2003-10-19,1.1684,1.1598,1.1687,1.1549
2003-10-20,1.1631,1.1712,1.1716,1.1604
2003-10-21,1.1671,1.1625,1.1702,1.1616
2003-10-22,1.1806,1.1671,1.183,1.1651
2003-10-23,1.1822,1.1797,1.1829,1.1793
2003-10-24,1.1783,1.1798,1.186,1.1762
2003-10-25,1.1783,1.1798,1.186,1.1762
2003-10-26,1.1783,1.1798,1.186,1.1762
2003-10-27,1.1747,1.1776,1.1786,1.1719
2003-10-28,1.1665,1.1745,1.1751,1.1656
2003-10-29,1.1665,1.1666,1.1723,1.1661
2003-10-30,1.1629,1.1662,1.1759,1.162
2003-10-31,1.1584,1.1628,1.1661,1.1563
2003-11-01,1.1584,1.1628,1.1661,1.1563
2003-11-02,1.1584,1.1628,1.1661,1.1563
2003-11-03,1.1464,1.1581,1.1621,1.1429
2003-11-04,1.1503,1.1462,1.1516,1.1426
2003-11-05,1.144,1.1495,1.15,1.1412
2003-11-06,1.1412,1.1436,1.1466,1.1389
2003-11-07,1.1535,1.1412,1.1545,1.1377
2003-11-08,1.1535,1.1412,1.1545,1.1377
2003-11-09,1.1535,1.1412,1.1545,1.1377
2003-11-10,1.1484,1.1507,1.1538,1.1467
2003-11-11,1.1509,1.1473,1.1532,1.1446
2003-11-12,1.1637,1.1515,1.1662,1.1505
2003-11-13,1.1728,1.1631,1.1739,1.1627
2003-11-14,1.178,1.1727,1.1804,1.1726
2003-11-15,1.178,1.1727,1.1804,1.1726
2003-11-16,1.178,1.1727,1.1804,1.1726
2003-11-17,1.1748,1.1787,1.185,1.1726
2003-11-18,1.1961,1.1746,1.1962,1.1734
2003-11-19,1.1885,1.197,1.198,1.1876
2003-11-20,1.1913,1.1879,1.1972,1.1873
2003-11-21,1.1913,1.1909,1.1942,1.1858
2003-11-22,1.1913,1.1909,1.1942,1.1858
2003-11-23,1.1913,1.1909,1.1942,1.1858
2003-11-24,1.1768,1.1909,1.1918,1.1755
2003-11-25,1.1786,1.1767,1.182,1.1753
2003-11-26,1.1942,1.1785,1.1949,1.177
2003-11-27,1.1907,1.1938,1.1944,1.1887
2003-11-28,1.1994,1.1908,1.2017,1.1898
2003-11-29,1.1994,1.1908,1.2017,1.1898
2003-11-30,1.1994,1.1908,1.2017,1.1898
2003-12-01,1.1964,1.1978,1.2045,1.1938
2003-12-02,1.2087,1.1974,1.2093,1.1942
2003-12-03,1.2104,1.2081,1.213,1.2063
2003-12-04,1.209,1.2109,1.2159,1.2031
2003-12-05,1.2164,1.2085,1.218,1.2063
2003-12-06,1.2164,1.2085,1.218,1.2063
2003-12-07,1.2164,1.2085,1.218,1.2063
2003-12-08,1.2222,1.2172,1.2241,1.2151
2003-12-09,1.2263,1.2217,1.2277,1.2184
2003-12-10,1.2223,1.226,1.2268,1.2152
2003-12-11,1.2209,1.2222,1.2237,1.2111
2003-12-12,1.2288,1.2221,1.2308,1.2208
2003-12-13,1.2288,1.2221,1.2308,1.2208
2003-12-14,1.2288,1.2221,1.2308,1.2208
2003-12-15,1.2302,1.2142,1.2325,1.213
2003-12-16,1.2323,1.2308,1.2363,1.23
2003-12-17,1.2403,1.2324,1.2424,1.2293
2003-12-18,1.2435,1.2411,1.2441,1.2357
2003-12-19,1.2375,1.2423,1.2434,1.2341
2003-12-20,1.2375,1.2423,1.2434,1.2341
2003-12-21,1.2375,1.2423,1.2434,1.2341
2003-12-22,1.2391,1.2403,1.245,1.2349
2003-12-23,1.2388,1.2398,1.2429,1.2386
2003-12-24,1.2454,1.2401,1.2473,1.2392
2003-12-25,1.245,1.2449,1.2464,1.2442
2003-12-26,1.243,1.2455,1.2471,1.2425
2003-12-27,1.243,1.2455,1.2471,1.2425
2003-12-28,1.243,1.2455,1.2471,1.2425
2003-12-29,1.2484,1.2434,1.2513,1.2425
2003-12-30,1.2551,1.2486,1.2565,1.2478
2003-12-31,1.2588,1.2547,1.2649,1.2512
2004-01-01,1.2538,1.255,1.2624,1.2475
2004-01-02,1.2587,1.2543,1.2632,1.2523
2004-01-03,1.2587,1.2543,1.2632,1.2523
2004-01-04,1.2587,1.2543,1.2632,1.2523
2004-01-05,1.2662,1.2584,1.2697,1.2583
2004-01-06,1.2731,1.2664,1.2814,1.2664
2004-01-07,1.2639,1.2733,1.2745,1.2633
2004-01-08,1.2763,1.2632,1.2782,1.2561
2004-01-09,1.2831,1.2759,1.2871,1.2701
2004-01-10,1.2831,1.2759,1.2871,1.2701
2004-01-11,1.2831,1.2759,1.2871,1.2701
2004-01-12,1.2745,1.2847,1.2901,1.2736
2004-01-13,1.2767,1.2755,1.2799,1.2713
2004-01-14,1.2644,1.2773,1.2791,1.2628
2004-01-15,1.2578,1.2647,1.2675,1.2561
2004-01-16,1.2387,1.2576,1.2609,1.2351
2004-01-17,1.2387,1.2576,1.2609,1.2351
2004-01-18,1.2387,1.2576,1.2609,1.2351
2004-01-19,1.2357,1.2361,1.2424,1.2332
2004-01-20,1.258,1.2355,1.2599,1.2342
2004-01-21,1.2629,1.2578,1.2675,1.255
2004-01-22,1.2712,1.2631,1.2754,1.2631
2004-01-23,1.2588,1.2715,1.2778,1.2567
2004-01-24,1.2588,1.2715,1.2778,1.2567
2004-01-25,1.2588,1.2715,1.2778,1.2567
2004-01-26,1.2474,1.2574,1.2614,1.2459
2004-01-27,1.2641,1.2468,1.2654,1.2437
2004-01-28,1.2481,1.2642,1.2664,1.2464
2004-01-29,1.2413,1.2481,1.2529,1.2361
2004-01-30,1.2469,1.2415,1.2495,1.2349
2004-01-31,1.2469,1.2415,1.2495,1.2349
2004-02-01,1.2469,1.2415,1.2495,1.2349
2004-02-02,1.2429,1.2472,1.2488,1.239
2004-02-03,1.2532,1.2426,1.2601,1.2416
2004-02-04,1.2534,1.2538,1.2563,1.2491
2004-02-05,1.254,1.2538,1.2639,1.2521
2004-02-06,1.2704,1.2551,1.2725,1.2511
2004-02-07,1.2704,1.2551,1.2725,1.2511
2004-02-08,1.2704,1.2551,1.2725,1.2511
2004-02-09,1.2691,1.2612,1.2764,1.2604
2004-02-10,1.2695,1.2695,1.279,1.268
2004-02-11,1.2831,1.2673,1.2838,1.2647
2004-02-12,1.2802,1.2829,1.2847,1.2785
2004-02-13,1.274,1.2807,1.2895,1.2715
2004-02-14,1.274,1.2807,1.2895,1.2715
2004-02-15,1.274,1.2807,1.2895,1.2715
2004-02-16,1.2776,1.2752,1.2792,1.2715
2004-02-17,1.2837,1.2771,1.2879,1.2752
2004-02-18,1.2677,1.2844,1.2929,1.2659
2004-02-19,1.2713,1.2695,1.2739,1.2652
2004-02-20,1.2532,1.2712,1.2766,1.2493
2004-02-21,1.2532,1.2712,1.2766,1.2493
2004-02-22,1.2532,1.2712,1.2766,1.2493
2004-02-23,1.2554,1.251,1.2596,1.2451
2004-02-24,1.2686,1.2557,1.2715,1.2522
2004-02-25,1.2496,1.2685,1.271,1.2475
2004-02-26,1.2435,1.2498,1.2517,1.2382
2004-02-27,1.249,1.2438,1.251,1.2373
2004-02-28,1.249,1.2438,1.251,1.2373
2004-02-29,1.249,1.2438,1.251,1.2373
2004-03-01,1.2445,1.2489,1.2544,1.2422
2004-03-02,1.2223,1.2465,1.247,1.2196
2004-03-03,1.2208,1.222,1.2226,1.2059
2004-03-04,1.2197,1.2207,1.2245,1.2134
2004-03-05,1.2376,1.2198,1.2433,1.2174
2004-03-06,1.2376,1.2198,1.2433,1.2174
2004-03-07,1.2376,1.2198,1.2433,1.2174
2004-03-08,1.2404,1.2387,1.2416,1.2336
2004-03-09,1.2319,1.2406,1.2463,1.2274
2004-03-10,1.2241,1.2321,1.234,1.2195
2004-03-11,1.2358,1.2238,1.2358,1.2162
2004-03-12,1.2217,1.2355,1.2374,1.2172
2004-03-13,1.2217,1.2355,1.2374,1.2172
2004-03-14,1.2217,1.2355,1.2374,1.2172
2004-03-15,1.2269,1.2189,1.232,1.2188
2004-03-16,1.2265,1.2266,1.2374,1.2237
2004-03-17,1.2237,1.2271,1.229,1.2178
2004-03-18,1.239,1.2235,1.2436,1.222
2004-03-19,1.2272,1.2386,1.2408,1.2254
2004-03-20,1.2272,1.2386,1.2408,1.2254
2004-03-21,1.2272,1.2386,1.2408,1.2254
2004-03-22,1.2336,1.2287,1.2403,1.2222
2004-03-23,1.2329,1.2334,1.2371,1.2265
2004-03-24,1.2129,1.2336,1.2369,1.2118
2004-03-25,1.2129,1.2131,1.2203,1.2097
2004-03-26,1.2133,1.2136,1.2213,1.2072
2004-03-27,1.2133,1.2136,1.2213,1.2072
2004-03-28,1.2133,1.2136,1.2213,1.2072
2004-03-29,1.2159,1.2127,1.2172,1.205
2004-03-30,1.2168,1.2158,1.2231,1.2151
2004-03-31,1.2315,1.2166,1.2325,1.2165
2004-04-01,1.2361,1.2315,1.2391,1.2252
2004-04-02,1.2138,1.2365,1.2374,1.2102
2004-04-03,1.2138,1.2365,1.2374,1.2102
2004-04-04,1.2138,1.2365,1.2374,1.2102
2004-04-05,1.2014,1.2113,1.213,1.1982
2004-04-06,1.2113,1.2006,1.2134,1.1982
2004-04-07,1.2174,1.213,1.2199,1.205
2004-04-08,1.2081,1.2173,1.2223,1.2059
2004-04-09,1.2086,1.2083,1.2117,1.2064
2004-04-10,1.2086,1.2083,1.2117,1.2064
2004-04-11,1.2086,1.2083,1.2117,1.2064
2004-04-12,1.2081,1.2085,1.21,1.2051
2004-04-13,1.1945,1.2078,1.2083,1.1904
2004-04-14,1.1963,1.1946,1.1976,1.1866
2004-04-15,1.1984,1.1957,1.1996,1.1895
2004-04-16,1.2001,1.1978,1.205,1.1923
2004-04-17,1.2001,1.1978,1.205,1.1923
2004-04-18,1.2001,1.1978,1.205,1.1923
2004-04-19,1.201,1.2012,1.2081,1.2003
2004-04-20,1.1859,1.2004,1.2012,1.1842
2004-04-21,1.1845,1.1855,1.1919,1.1816
2004-04-22,1.1911,1.1837,1.1915,1.1784
2004-04-23,1.1846,1.1908,1.1946,1.1799
2004-04-24,1.1846,1.1908,1.1946,1.1799
2004-04-25,1.1846,1.1908,1.1946,1.1799
2004-04-26,1.1858,1.1808,1.1887,1.1762
2004-04-27,1.1928,1.1856,1.1947,1.1829
2004-04-28,1.184,1.1929,1.1956,1.1821
2004-04-29,1.1966,1.1848,1.1984,1.1803
2004-04-30,1.1982,1.1967,1.2014,1.192
2004-05-01,1.1982,1.1967,1.2014,1.192
2004-05-02,1.1982,1.1967,1.2014,1.192
2004-05-03,1.1932,1.1995,1.2001,1.1921
2004-05-04,1.2111,1.1939,1.2118,1.1926
2004-05-05,1.2161,1.2104,1.218,1.2096
2004-05-06,1.2077,1.2166,1.2175,1.2061
2004-05-07,1.1885,1.2071,1.2137,1.1876
2004-05-08,1.1885,1.2071,1.2137,1.1876
2004-05-09,1.1885,1.2071,1.2137,1.1876
2004-05-10,1.1837,1.1877,1.1894,1.181
2004-05-11,1.1877,1.1829,1.1892,1.1789
2004-05-12,1.1899,1.1864,1.1942,1.1832
2004-05-13,1.182,1.1908,1.1932,1.1772
2004-05-14,1.1881,1.1812,1.1902,1.178
2004-05-15,1.1881,1.1812,1.1902,1.178
2004-05-16,1.1881,1.1812,1.1902,1.178
2004-05-17,1.2022,1.189,1.2062,1.1875
2004-05-18,1.1955,1.2014,1.2039,1.193
2004-05-19,1.2014,1.1953,1.2046,1.1937
2004-05-20,1.1963,1.2018,1.202,1.1891
2004-05-21,1.1997,1.1964,1.2071,1.1951
2004-05-22,1.1997,1.1964,1.2071,1.1951
2004-05-23,1.1997,1.1964,1.2071,1.1951
2004-05-24,1.2003,1.1987,1.2026,1.1932
2004-05-25,1.2098,1.201,1.2131,1.1987
2004-05-26,1.2114,1.2099,1.2145,1.2079
2004-05-27,1.2269,1.2114,1.2289,1.2087
2004-05-28,1.2214,1.2268,1.2298,1.2199
2004-05-29,1.2214,1.2268,1.2298,1.2199
2004-05-30,1.2214,1.2268,1.2298,1.2199
2004-05-31,1.2186,1.2238,1.2244,1.2177
2004-06-01,1.2248,1.2186,1.2267,1.2155
2004-06-02,1.221,1.2245,1.2308,1.2207
2004-06-03,1.2219,1.2209,1.2254,1.217
2004-06-04,1.2266,1.2216,1.23,1.214
2004-06-05,1.2266,1.2216,1.23,1.214
2004-06-06,1.2266,1.2216,1.23,1.214
2004-06-07,1.2319,1.2299,1.2341,1.2292
2004-06-08,1.2262,1.2323,1.2353,1.2247
2004-06-09,1.2042,1.226,1.2276,1.2037
2004-06-10,1.2107,1.204,1.2118,1.2022
2004-06-11,1.2009,1.2113,1.2116,1.1963
2004-06-12,1.2009,1.2113,1.2116,1.1963
2004-06-13,1.2009,1.2113,1.2116,1.1963
2004-06-14,1.2054,1.1984,1.2088,1.1953
2004-06-15,1.2161,1.2056,1.217,1.2027
2004-06-16,1.2012,1.2162,1.2171,1.198
2004-06-17,1.2042,1.2008,1.2079,1.1991
2004-06-18,1.2142,1.2043,1.2148,1.1974
2004-06-19,1.2142,1.2043,1.2148,1.1974
2004-06-20,1.2142,1.2043,1.2148,1.1974
2004-06-21,1.2114,1.2143,1.2145,1.2076
2004-06-22,1.2113,1.2114,1.2132,1.2066
2004-06-23,1.2091,1.2114,1.2194,1.2062
2004-06-24,1.2175,1.2095,1.219,1.204
2004-06-25,1.2174,1.2178,1.2188,1.2106
2004-06-26,1.2174,1.2178,1.2188,1.2106
2004-06-27,1.2174,1.2178,1.2188,1.2106
2004-06-28,1.2187,1.2174,1.2231,1.2122
2004-06-29,1.2079,1.2183,1.2193,1.2068
2004-06-30,1.2187,1.2077,1.2205,1.2064
2004-07-01,1.2161,1.2188,1.2207,1.213
2004-07-02,1.2326,1.2158,1.2331,1.2145
2004-07-03,1.2326,1.2158,1.2331,1.2145
2004-07-04,1.2326,1.2158,1.2331,1.2145
2004-07-05,1.2291,1.2329,1.2339,1.2273
2004-07-06,1.2288,1.2285,1.2333,1.2264
2004-07-07,1.2374,1.2286,1.2391,1.2272
2004-07-08,1.2389,1.2367,1.2409,1.234
2004-07-09,1.2415,1.239,1.2424,1.2368
2004-07-10,1.2415,1.239,1.2424,1.2368
2004-07-11,1.2415,1.239,1.2424,1.2368
2004-07-12,1.2413,1.2412,1.2439,1.2382
2004-07-13,1.2333,1.2411,1.2413,1.2299
2004-07-14,1.2384,1.2337,1.2424,1.2318
2004-07-15,1.2357,1.238,1.2393,1.2326
2004-07-16,1.2453,1.2356,1.2462,1.2327
2004-07-17,1.2453,1.2356,1.2462,1.2327
2004-07-18,1.2453,1.2356,1.2462,1.2327
2004-07-19,1.2443,1.2443,1.2464,1.2397
2004-07-20,1.2329,1.2441,1.2457,1.2299
2004-07-21,1.227,1.2332,1.2354,1.2211
2004-07-22,1.2252,1.2259,1.2296,1.2231
2004-07-23,1.2094,1.2254,1.2268,1.2086
2004-07-24,1.2094,1.2254,1.2268,1.2086
2004-07-25,1.2094,1.2254,1.2268,1.2086
2004-07-26,1.2147,1.2106,1.2173,1.2087
2004-07-27,1.2056,1.2146,1.2191,1.2033
2004-07-28,1.2055,1.2059,1.208,1.1998
2004-07-29,1.2037,1.2052,1.2098,1.1991
2004-07-30,1.202,1.2038,1.2124,1.2001
2004-07-31,1.202,1.2038,1.2124,1.2001
2004-08-01,1.202,1.2038,1.2124,1.2001
2004-08-02,1.2023,1.2071,1.2096,1.2015
2004-08-03,1.2052,1.2024,1.2077,1.1991
2004-08-04,1.2052,1.2047,1.2069,1.197
2004-08-05,1.206,1.205,1.2075,1.2018
2004-08-06,1.2279,1.2062,1.2294,1.2045
2004-08-07,1.2279,1.2062,1.2294,1.2045
2004-08-08,1.2279,1.2062,1.2294,1.2045
2004-08-09,1.2271,1.2288,1.2292,1.2245
2004-08-10,1.2226,1.2271,1.2322,1.2226
2004-08-11,1.2228,1.2223,1.225,1.2194
2004-08-12,1.225,1.2219,1.2302,1.2212
2004-08-13,1.2376,1.2251,1.2377,1.2173
2004-08-14,1.2376,1.2251,1.2377,1.2173
2004-08-15,1.2376,1.2251,1.2377,1.2173
2004-08-16,1.2361,1.238,1.2382,1.2315
2004-08-17,1.2357,1.2359,1.2392,1.2312
2004-08-18,1.2339,1.2353,1.2368,1.2285
2004-08-19,1.2367,1.233,1.2381,1.2328
2004-08-20,1.2312,1.2372,1.2385,1.2278
2004-08-21,1.2312,1.2372,1.2385,1.2278
2004-08-22,1.2312,1.2372,1.2385,1.2278
2004-08-23,1.2134,1.2319,1.2319,1.2132
2004-08-24,1.2083,1.2138,1.2172,1.2061
2004-08-25,1.2083,1.2084,1.2117,1.2051
2004-08-26,1.2106,1.2085,1.2123,1.2041
2004-08-27,1.2008,1.2106,1.214,1.2004
2004-08-28,1.2008,1.2106,1.214,1.2004
2004-08-29,1.2008,1.2106,1.214,1.2004
2004-08-30,1.2058,1.2014,1.2071,1.1987
2004-08-31,1.2188,1.2055,1.2197,1.2043
2004-09-01,1.2198,1.2182,1.2224,1.2144
2004-09-02,1.2177,1.2194,1.2202,1.214
2004-09-03,1.2052,1.2172,1.2197,1.2041
2004-09-04,1.2052,1.2172,1.2197,1.2041
2004-09-05,1.2052,1.2172,1.2197,1.2041
2004-09-06,1.206,1.2063,1.2083,1.2046
2004-09-07,1.2107,1.2065,1.2114,1.2053
2004-09-08,1.2184,1.2107,1.2194,1.2025
2004-09-09,1.2229,1.2186,1.2241,1.2159
2004-09-10,1.2262,1.2234,1.2313,1.2196
2004-09-11,1.2262,1.2234,1.2313,1.2196
2004-09-12,1.2262,1.2234,1.2313,1.2196
2004-09-13,1.2258,1.2268,1.2288,1.2222
2004-09-14,1.2248,1.2261,1.2298,1.2224
2004-09-15,1.2151,1.2249,1.2264,1.2134
2004-09-16,1.2186,1.215,1.2201,1.212
2004-09-17,1.2199,1.2186,1.2228,1.2159
2004-09-18,1.2199,1.2186,1.2228,1.2159
2004-09-19,1.2199,1.2186,1.2228,1.2159
2004-09-20,1.2178,1.2173,1.218,1.2126
2004-09-21,1.2331,1.2169,1.2349,1.2166
2004-09-22,1.2268,1.2332,1.2334,1.2226
2004-09-23,1.2268,1.2267,1.2337,1.2255
2004-09-24,1.2278,1.2268,1.2368,1.2239
2004-09-25,1.2278,1.2268,1.2368,1.2239
2004-09-26,1.2278,1.2268,1.2368,1.2239
2004-09-27,1.2303,1.2282,1.2316,1.2246
2004-09-28,1.2326,1.2299,1.2352,1.2281
2004-09-29,1.2332,1.2325,1.2344,1.2289
2004-09-30,1.2432,1.233,1.2445,1.2311
2004-10-01,1.2414,1.2435,1.2441,1.2384
2004-10-02,1.2414,1.2435,1.2441,1.2384
2004-10-03,1.2414,1.2435,1.2441,1.2384
2004-10-04,1.2293,1.2404,1.2406,1.226
2004-10-05,1.2312,1.2288,1.2332,1.2262
2004-10-06,1.2288,1.2313,1.2325,1.2246
2004-10-07,1.2285,1.2283,1.2315,1.2271
2004-10-08,1.2407,1.2286,1.2437,1.2284
2004-10-09,1.2407,1.2286,1.2437,1.2284
2004-10-10,1.2407,1.2286,1.2437,1.2284
2004-10-11,1.2383,1.2417,1.2422,1.2367
2004-10-12,1.2321,1.2386,1.2393,1.2286
2004-10-13,1.2346,1.2328,1.236,1.2227
2004-10-14,1.238,1.2342,1.2424,1.2321
2004-10-15,1.2466,1.238,1.2508,1.2334
2004-10-16,1.2466,1.238,1.2508,1.2334
2004-10-17,1.2466,1.238,1.2508,1.2334
2004-10-18,1.2496,1.2479,1.2538,1.2462
2004-10-19,1.2519,1.2494,1.253,1.2451
2004-10-20,1.2586,1.2517,1.2631,1.2489
2004-10-21,1.2618,1.2584,1.2654,1.257
2004-10-22,1.2687,1.2611,1.2689,1.2599
2004-10-23,1.2687,1.2611,1.2689,1.2599
2004-10-24,1.2687,1.2611,1.2689,1.2599
2004-10-25,1.2807,1.2713,1.2833,1.271
2004-10-26,1.2755,1.2811,1.2843,1.2723
2004-10-27,1.2708,1.2748,1.2813,1.2692
2004-10-28,1.2746,1.2698,1.2767,1.263
2004-10-29,1.2785,1.2744,1.2802,1.2709
2004-10-30,1.2785,1.2744,1.2802,1.2709
2004-10-31,1.2785,1.2744,1.2802,1.2709
2004-11-01,1.2752,1.2805,1.2833,1.2717
2004-11-02,1.2727,1.2753,1.2758,1.2663
2004-11-03,1.282,1.2738,1.283,1.2656
2004-11-04,1.2869,1.2821,1.2898,1.2789
2004-11-05,1.2967,1.2872,1.2971,1.2761
2004-11-06,1.2967,1.2872,1.2971,1.2761
2004-11-07,1.2967,1.2872,1.2971,1.2761
2004-11-08,1.2919,1.2971,1.2986,1.2904
2004-11-09,1.2894,1.2916,1.2941,1.2881
2004-11-10,1.2889,1.2898,1.3007,1.2847
2004-11-11,1.2906,1.2888,1.2921,1.2858
2004-11-12,1.2976,1.2906,1.299,1.2875
2004-11-13,1.2976,1.2906,1.299,1.2875
2004-11-14,1.2976,1.2906,1.299,1.2875
2004-11-15,1.2948,1.2976,1.3001,1.2915
2004-11-16,1.2957,1.2944,1.2995,1.2916
2004-11-17,1.3039,1.2957,1.305,1.295
2004-11-18,1.2956,1.3033,1.3076,1.2939
2004-11-19,1.302,1.296,1.307,1.2938
2004-11-20,1.302,1.296,1.307,1.2938
2004-11-21,1.302,1.296,1.307,1.2938
2004-11-22,1.3043,1.3035,1.3053,1.3009
2004-11-23,1.3082,1.3046,1.3107,1.2974
2004-11-24,1.3177,1.3088,1.3181,1.308
2004-11-25,1.3247,1.3188,1.3251,1.3161
2004-11-26,1.3293,1.3249,1.3333,1.3184
2004-11-27,1.3293,1.3249,1.3333,1.3184
2004-11-28,1.3293,1.3249,1.3333,1.3184
2004-11-29,1.3272,1.3268,1.3304,1.3228
2004-11-30,1.3293,1.3279,1.3335,1.323
2004-12-01,1.3329,1.3283,1.3337,1.3274
2004-12-02,1.327,1.3346,1.3384,1.3234
2004-12-03,1.3456,1.3271,1.3463,1.3256
2004-12-04,1.3456,1.3271,1.3463,1.3256
2004-12-05,1.3456,1.3271,1.3463,1.3256
2004-12-06,1.3401,1.3442,1.3458,1.3389
2004-12-07,1.3426,1.3406,1.3471,1.3388
2004-12-08,1.3338,1.3427,1.3436,1.3193
2004-12-09,1.3319,1.334,1.3365,1.3251
2004-12-10,1.3225,1.3315,1.3318,1.3137
2004-12-11,1.3225,1.3315,1.3318,1.3137
2004-12-12,1.3225,1.3315,1.3318,1.3137
2004-12-13,1.3311,1.3197,1.3329,1.3188
2004-12-14,1.3303,1.3315,1.3338,1.3258
2004-12-15,1.3385,1.3303,1.3447,1.3261
2004-12-16,1.3244,1.34,1.3431,1.3204
2004-12-17,1.3309,1.3241,1.3318,1.3226
2004-12-18,1.3309,1.3241,1.3318,1.3226
2004-12-19,1.3309,1.3241,1.3318,1.3226
2004-12-20,1.3394,1.3334,1.3415,1.3298
2004-12-21,1.3371,1.3396,1.3409,1.335
2004-12-22,1.3388,1.3369,1.3407,1.3344
2004-12-23,1.3511,1.339,1.352,1.3381
2004-12-24,1.3531,1.3518,1.3552,1.3487
2004-12-25,1.3531,1.3518,1.3552,1.3487
2004-12-26,1.3531,1.3518,1.3552,1.3487
2004-12-27,1.3616,1.353,1.3642,1.3514
2004-12-28,1.3611,1.3617,1.3647,1.3588
2004-12-29,1.3605,1.3615,1.3647,1.3556
2004-12-30,1.3639,1.3609,1.3671,1.3575
2004-12-31,1.3558,1.3638,1.3662,1.3511
2005-01-01,1.3558,1.3638,1.3662,1.3511
2005-01-02,1.3558,1.3638,1.3662,1.3511
2005-01-03,1.3463,1.3547,1.3582,1.3386
2005-01-04,1.3272,1.3466,1.3496,1.3249
2005-01-05,1.3262,1.3282,1.3305,1.3215
2005-01-06,1.3171,1.3262,1.3286,1.3156
2005-01-07,1.3054,1.3171,1.3251,1.3024
2005-01-08,1.3054,1.3171,1.3251,1.3024
2005-01-09,1.3054,1.3171,1.3251,1.3024
2005-01-10,1.3084,1.3061,1.3124,1.3049
2005-01-11,1.3114,1.308,1.3172,1.3066
2005-01-12,1.3265,1.3109,1.3294,1.3082
2005-01-13,1.3218,1.3257,1.3268,1.3192
2005-01-14,1.3106,1.3218,1.3226,1.3056
2005-01-15,1.3106,1.3218,1.3226,1.3056
2005-01-16,1.3106,1.3218,1.3226,1.3056
2005-01-17,1.3064,1.3102,1.3129,1.3064
2005-01-18,1.3027,1.3061,1.3076,1.2994
2005-01-19,1.3001,1.3024,1.3119,1.2963
2005-01-20,1.2968,1.3009,1.3025,1.2921
2005-01-21,1.305,1.2966,1.3069,1.293
2005-01-22,1.305,1.2966,1.3069,1.293
2005-01-23,1.305,1.2966,1.3069,1.293
2005-01-24,1.3056,1.3039,1.3102,1.3026
2005-01-25,1.2974,1.3056,1.3079,1.2943
2005-01-26,1.3084,1.297,1.3109,1.2964
2005-01-27,1.3035,1.3083,1.3126,1.301
2005-01-28,1.3044,1.3043,1.3084,1.2985
2005-01-29,1.3044,1.3043,1.3084,1.2985
2005-01-30,1.3044,1.3043,1.3084,1.2985
2005-01-31,1.3034,1.3034,1.306,1.2974
2005-02-01,1.3042,1.3037,1.3069,1.3001
2005-02-02,1.3036,1.3047,1.3096,1.3009
2005-02-03,1.2973,1.3026,1.3038,1.2939
2005-02-04,1.2872,1.2974,1.3044,1.2863
2005-02-05,1.2872,1.2974,1.3044,1.2863
2005-02-06,1.2872,1.2974,1.3044,1.2863
2005-02-07,1.2759,1.2856,1.2865,1.273
2005-02-08,1.2769,1.2761,1.2801,1.2731
2005-02-09,1.2805,1.2766,1.2817,1.2739
2005-02-10,1.2876,1.2811,1.2907,1.2739
2005-02-11,1.2866,1.2877,1.2898,1.2845
2005-02-12,1.2866,1.2877,1.2898,1.2845
2005-02-13,1.2866,1.2877,1.2898,1.2845
2005-02-14,1.2963,1.2879,1.2991,1.2874
2005-02-15,1.302,1.2976,1.3054,1.2954
2005-02-16,1.3032,1.3028,1.3066,1.2955
2005-02-17,1.307,1.303,1.3091,1.3014
2005-02-18,1.3072,1.307,1.3083,1.3011
2005-02-19,1.3072,1.307,1.3083,1.3011
2005-02-20,1.3072,1.307,1.3083,1.3011
2005-02-21,1.3063,1.3048,1.3083,1.3034
2005-02-22,1.3251,1.3064,1.3264,1.3054
2005-02-23,1.3213,1.3254,1.3275,1.3186
2005-02-24,1.3203,1.3211,1.3272,1.3175
2005-02-25,1.3243,1.3196,1.3249,1.3142
2005-02-26,1.3243,1.3196,1.3249,1.3142
2005-02-27,1.3243,1.3196,1.3249,1.3142
2005-02-28,1.3237,1.3244,1.3281,1.3231
2005-03-01,1.3186,1.3226,1.3234,1.3167
2005-03-02,1.3131,1.3188,1.319,1.3087
2005-03-03,1.311,1.3141,1.3168,1.3097
2005-03-04,1.3241,1.311,1.326,1.3089
2005-03-05,1.3241,1.311,1.326,1.3089
2005-03-06,1.3241,1.311,1.326,1.3089
2005-03-07,1.3209,1.3241,1.3251,1.318
2005-03-08,1.3344,1.3211,1.3363,1.3207
2005-03-09,1.3388,1.3342,1.3426,1.3331
2005-03-10,1.3428,1.3393,1.3458,1.337
2005-03-11,1.3454,1.3417,1.3482,1.3392
2005-03-12,1.3454,1.3417,1.3482,1.3392
2005-03-13,1.3454,1.3417,1.3482,1.3392
2005-03-14,1.3371,1.3459,1.3479,1.3333
2005-03-15,1.3308,1.3371,1.3413,1.3296
2005-03-16,1.3421,1.3306,1.3439,1.3289
2005-03-17,1.3377,1.3417,1.3423,1.3342
2005-03-18,1.3318,1.3377,1.3388,1.3264
2005-03-19,1.3318,1.3377,1.3388,1.3264
2005-03-20,1.3318,1.3377,1.3388,1.3264
2005-03-21,1.3172,1.3312,1.3317,1.3139
2005-03-22,1.3087,1.3157,1.3228,1.3053
2005-03-23,1.2988,1.3077,1.3089,1.2959
2005-03-24,1.2941,1.299,1.3035,1.2932
2005-03-25,1.2958,1.2943,1.2971,1.2927
2005-03-26,1.2958,1.2943,1.2971,1.2927
2005-03-27,1.2958,1.2943,1.2971,1.2927
2005-03-28,1.2889,1.2961,1.2965,1.2854
2005-03-29,1.2921,1.2889,1.2957,1.2875
2005-03-30,1.2923,1.2927,1.2986,1.291
2005-03-31,1.2963,1.2917,1.302,1.291
2005-04-01,1.2908,1.296,1.306,1.2869
2005-04-02,1.2908,1.296,1.306,1.2869
2005-04-03,1.2908,1.296,1.306,1.2869
2005-04-04,1.2849,1.2881,1.2906,1.2816
2005-04-05,1.2858,1.2853,1.2879,1.2799
2005-04-06,1.2872,1.2857,1.2912,1.2838
2005-04-07,1.2855,1.2872,1.2941,1.2844
2005-04-08,1.2938,1.2853,1.2944,1.2809
2005-04-09,1.2938,1.2853,1.2944,1.2809
2005-04-10,1.2938,1.2853,1.2944,1.2809
2005-04-11,1.2976,1.2925,1.3005,1.2906
2005-04-12,1.2923,1.2973,1.3018,1.2864
2005-04-13,1.2917,1.2917,1.2955,1.2849
2005-04-14,1.2807,1.2921,1.2923,1.2767
2005-04-15,1.2917,1.2799,1.2941,1.2776
2005-04-16,1.2917,1.2799,1.2941,1.2776
2005-04-17,1.2917,1.2799,1.2941,1.2776
2005-04-18,1.3016,1.2914,1.3047,1.2877
2005-04-19,1.3057,1.302,1.3078,1.298
2005-04-20,1.3085,1.3054,1.3104,1.2988
2005-04-21,1.3054,1.3091,1.3127,1.3025
2005-04-22,1.3068,1.3051,1.3098,1.3022
2005-04-23,1.3068,1.3051,1.3098,1.3022
2005-04-24,1.3068,1.3051,1.3098,1.3022
2005-04-25,1.3001,1.3064,1.3065,1.2954
2005-04-26,1.299,1.299,1.3017,1.2944
2005-04-27,1.2929,1.2994,1.2994,1.2904
2005-04-28,1.29,1.2925,1.2944,1.2881
2005-04-29,1.2873,1.2898,1.2982,1.2853
2005-04-30,1.2873,1.2898,1.2982,1.2853
2005-05-01,1.2873,1.2898,1.2982,1.2853
2005-05-02,1.2864,1.2862,1.2877,1.2837
2005-05-03,1.2868,1.2853,1.2917,1.2826
2005-05-04,1.2946,1.2871,1.2974,1.2867
2005-05-05,1.2959,1.2952,1.2992,1.2925
2005-05-06,1.2837,1.296,1.2967,1.281
2005-05-07,1.2837,1.296,1.2967,1.281
2005-05-08,1.2837,1.296,1.2967,1.281
2005-05-09,1.2868,1.2817,1.2878,1.2789
2005-05-10,1.2883,1.2866,1.2893,1.2814
2005-05-11,1.2804,1.2881,1.2915,1.2777
2005-05-12,1.267,1.2805,1.2816,1.2664
2005-05-13,1.2618,1.2673,1.2691,1.2611
2005-05-14,1.2618,1.2673,1.2691,1.2611
2005-05-15,1.2618,1.2673,1.2691,1.2611
2005-05-16,1.2635,1.2626,1.2651,1.258
2005-05-17,1.2605,1.2628,1.2666,1.2592
2005-05-18,1.2679,1.2612,1.2692,1.2586
2005-05-19,1.2643,1.2675,1.2692,1.2605
2005-05-20,1.2559,1.2637,1.2656,1.2536
2005-05-21,1.2559,1.2637,1.2656,1.2536
2005-05-22,1.2559,1.2637,1.2656,1.2536
2005-05-23,1.2578,1.2544,1.2599,1.2534
2005-05-24,1.2579,1.2569,1.2632,1.2556
2005-05-25,1.2603,1.2577,1.262,1.2549
2005-05-26,1.2512,1.2605,1.2618,1.2496
2005-05-27,1.2575,1.2515,1.2593,1.2509
2005-05-28,1.2575,1.2515,1.2593,1.2509
2005-05-29,1.2575,1.2515,1.2593,1.2509
2005-05-30,1.2473,1.2534,1.2548,1.2462
2005-05-31,1.231,1.2473,1.2487,1.2295
2005-06-01,1.2188,1.2306,1.2343,1.216
2005-06-02,1.2275,1.2207,1.23,1.2184
2005-06-03,1.2235,1.2275,1.2346,1.2205
2005-06-04,1.2235,1.2275,1.2346,1.2205
2005-06-05,1.2235,1.2275,1.2346,1.2205
2005-06-06,1.2257,1.2224,1.2296,1.2218
2005-06-07,1.2285,1.2262,1.2317,1.2239
2005-06-08,1.2239,1.2281,1.2355,1.2207
2005-06-09,1.2231,1.2237,1.2258,1.2176
2005-06-10,1.2123,1.2231,1.2252,1.2108
2005-06-11,1.2123,1.2231,1.2252,1.2108
2005-06-12,1.2123,1.2231,1.2252,1.2108
2005-06-13,1.2114,1.2113,1.2123,1.2027
2005-06-14,1.2028,1.2118,1.2154,1.2022
2005-06-15,1.2121,1.2028,1.2133,1.2015
2005-06-16,1.2109,1.2123,1.2169,1.2055
2005-06-17,1.2289,1.2111,1.2291,1.2091
2005-06-18,1.2289,1.2111,1.2291,1.2091
2005-06-19,1.2289,1.2111,1.2291,1.2091
2005-06-20,1.2147,1.2195,1.2241,1.2124
2005-06-21,1.2178,1.2153,1.2187,1.2066
2005-06-22,1.2126,1.2174,1.2208,1.2096
2005-06-23,1.2039,1.2132,1.2146,1.2016
2005-06-24,1.2097,1.2029,1.211,1.1983
2005-06-25,1.2097,1.2029,1.211,1.1983
2005-06-26,1.2097,1.2029,1.211,1.1983
2005-06-27,1.2165,1.2092,1.2188,1.2092
2005-06-28,1.206,1.2168,1.2176,1.2047
2005-06-29,1.2077,1.2066,1.2113,1.2014
2005-06-30,1.2102,1.2073,1.2123,1.2043
2005-07-01,1.1959,1.21,1.2109,1.1942
2005-07-02,1.1959,1.21,1.2109,1.1942
2005-07-03,1.1959,1.21,1.2109,1.1942
2005-07-04,1.1902,1.1934,1.1951,1.1886
2005-07-05,1.1916,1.1901,1.1943,1.187
2005-07-06,1.1932,1.1917,1.1955,1.1892
2005-07-07,1.1953,1.1932,1.2043,1.1909
2005-07-08,1.1971,1.1947,1.1987,1.1873
2005-07-09,1.1971,1.1947,1.1987,1.1873
2005-07-10,1.1971,1.1947,1.1987,1.1873
2005-07-11,1.2075,1.1967,1.2087,1.1957
2005-07-12,1.2241,1.2075,1.2258,1.2052
2005-07-13,1.2094,1.2241,1.2241,1.2071
2005-07-14,1.2083,1.2083,1.2127,1.2056
2005-07-15,1.2035,1.2085,1.214,1.2012
2005-07-16,1.2035,1.2085,1.214,1.2012
2005-07-17,1.2035,1.2085,1.214,1.2012
2005-07-18,1.2054,1.2022,1.209,1.2021
2005-07-19,1.2035,1.2052,1.2068,1.1952
2005-07-20,1.2144,1.2033,1.2188,1.1995
2005-07-21,1.2167,1.2153,1.2259,1.2101
2005-07-22,1.2067,1.2165,1.2191,1.2053
2005-07-23,1.2067,1.2165,1.2191,1.2053
2005-07-24,1.2067,1.2165,1.2191,1.2053
2005-07-25,1.206,1.2054,1.2089,1.2027
2005-07-26,1.2012,1.2067,1.2071,1.198
2005-07-27,1.2071,1.2019,1.2089,1.1961
2005-07-28,1.2132,1.2065,1.215,1.2033
2005-07-29,1.213,1.2127,1.2159,1.2073
2005-07-30,1.213,1.2127,1.2159,1.2073
2005-07-31,1.213,1.2127,1.2159,1.2073
2005-08-01,1.2176,1.2125,1.2252,1.2117
2005-08-02,1.2199,1.2176,1.2255,1.2171
2005-08-03,1.2341,1.2192,1.2345,1.2148
2005-08-04,1.2387,1.2333,1.2404,1.2298
2005-08-05,1.2363,1.239,1.2399,1.2313
2005-08-06,1.2363,1.239,1.2399,1.2313
2005-08-07,1.2363,1.239,1.2399,1.2313
2005-08-08,1.235,1.2343,1.2394,1.2318
2005-08-09,1.2371,1.2348,1.2418,1.2329
2005-08-10,1.2385,1.2377,1.2427,1.2334
2005-08-11,1.2472,1.2387,1.2479,1.2379
2005-08-12,1.2437,1.247,1.2487,1.2383
2005-08-13,1.2437,1.247,1.2487,1.2383
2005-08-14,1.2437,1.247,1.2487,1.2383
2005-08-15,1.237,1.2458,1.2458,1.2344
2005-08-16,1.2363,1.2369,1.2374,1.2294
2005-08-17,1.2274,1.2351,1.237,1.2259
2005-08-18,1.2176,1.2277,1.2296,1.2157
2005-08-19,1.2154,1.2182,1.2197,1.2127
2005-08-20,1.2154,1.2182,1.2197,1.2127
2005-08-21,1.2154,1.2182,1.2197,1.2127
2005-08-22,1.2225,1.2163,1.2245,1.2156
2005-08-23,1.2231,1.2222,1.2256,1.2189
2005-08-24,1.2269,1.2227,1.2282,1.2159
2005-08-25,1.2298,1.2271,1.2329,1.2256
2005-08-26,1.2283,1.23,1.2344,1.2271
2005-08-27,1.2283,1.23,1.2344,1.2271
2005-08-28,1.2283,1.23,1.2344,1.2271
2005-08-29,1.2231,1.2285,1.2346,1.2215
2005-08-30,1.2218,1.2221,1.2238,1.2168
2005-08-31,1.2344,1.2218,1.2359,1.2188
2005-09-01,1.2501,1.2339,1.2525,1.2325
2005-09-02,1.2525,1.2502,1.259,1.2466
2005-09-03,1.2525,1.2502,1.259,1.2466
2005-09-04,1.2525,1.2502,1.259,1.2466
2005-09-05,1.254,1.2536,1.2586,1.251
2005-09-06,1.2462,1.2545,1.2546,1.2444
2005-09-07,1.2418,1.2466,1.2537,1.2406
2005-09-08,1.2403,1.2414,1.2458,1.2382
2005-09-09,1.2409,1.2396,1.2461,1.2374
2005-09-10,1.2409,1.2396,1.2461,1.2374
2005-09-11,1.2409,1.2396,1.2461,1.2374
2005-09-12,1.228,1.2404,1.2417,1.2272
2005-09-13,1.2265,1.2277,1.2318,1.2246
2005-09-14,1.2288,1.227,1.2337,1.2258
2005-09-15,1.2222,1.2283,1.2288,1.2191
2005-09-16,1.2236,1.2223,1.231,1.2196
2005-09-17,1.2236,1.2223,1.231,1.2196
2005-09-18,1.2236,1.2223,1.231,1.2196
2005-09-19,1.2138,1.2168,1.2178,1.21
2005-09-20,1.2117,1.2138,1.2193,1.2109
2005-09-21,1.2217,1.2121,1.2241,1.211
2005-09-22,1.2153,1.2224,1.2271,1.2132
2005-09-23,1.2039,1.2159,1.2172,1.2037
2005-09-24,1.2039,1.2159,1.2172,1.2037
2005-09-25,1.2039,1.2159,1.2172,1.2037
2005-09-26,1.2075,1.2035,1.2083,1.201
2005-09-27,1.2016,1.2074,1.2084,1.1977
2005-09-28,1.2041,1.2014,1.2058,1.1991
2005-09-29,1.2033,1.2043,1.2079,1.2005
2005-09-30,1.203,1.2034,1.209,1.1996
2005-10-01,1.203,1.2034,1.209,1.1996
2005-10-02,1.203,1.2034,1.209,1.1996
2005-10-03,1.1923,1.2022,1.2033,1.19
2005-10-04,1.1917,1.1921,1.1951,1.19
2005-10-05,1.1976,1.1919,1.1989,1.1915
2005-10-06,1.2185,1.1987,1.2208,1.1983
2005-10-07,1.2119,1.2185,1.2185,1.2093
2005-10-08,1.2119,1.2185,1.2185,1.2093
2005-10-09,1.2119,1.2185,1.2185,1.2093
2005-10-10,1.2071,1.2119,1.2155,1.2039
2005-10-11,1.1991,1.2064,1.2071,1.1974
2005-10-12,1.2024,1.1993,1.2056,1.1953
2005-10-13,1.2027,1.2026,1.2038,1.1911
2005-10-14,1.2077,1.2027,1.2109,1.1976
2005-10-15,1.2077,1.2027,1.2109,1.1976
2005-10-16,1.2077,1.2027,1.2109,1.1976
2005-10-17,1.2025,1.2082,1.2122,1.2009
2005-10-18,1.1963,1.2022,1.2026,1.1916
2005-10-19,1.1993,1.1963,1.2003,1.1873
2005-10-20,1.2016,1.1989,1.2026,1.1947
2005-10-21,1.1949,1.2018,1.2079,1.193
2005-10-22,1.1949,1.2018,1.2079,1.193
2005-10-23,1.1949,1.2018,1.2079,1.193
2005-10-24,1.1985,1.1948,1.2023,1.1921
2005-10-25,1.2113,1.198,1.2119,1.1936
2005-10-26,1.2066,1.2109,1.214,1.2048
2005-10-27,1.2138,1.2062,1.2174,1.2041
2005-10-28,1.2062,1.2138,1.2172,1.2048
2005-10-29,1.2062,1.2138,1.2172,1.2048
2005-10-30,1.2062,1.2138,1.2172,1.2048
2005-10-31,1.1988,1.2057,1.2091,1.1966
2005-11-01,1.201,1.1995,1.2027,1.197
2005-11-02,1.2067,1.2022,1.2085,1.1984
2005-11-03,1.1945,1.207,1.2087,1.1934
2005-11-04,1.1822,1.1947,1.1997,1.1801
2005-11-05,1.1822,1.1947,1.1997,1.1801
2005-11-06,1.1822,1.1947,1.1997,1.1801
2005-11-07,1.1812,1.1814,1.1837,1.1772
2005-11-08,1.1782,1.1805,1.1808,1.1709
2005-11-09,1.1766,1.1782,1.1795,1.1717
2005-11-10,1.1686,1.1766,1.1799,1.1677
2005-11-11,1.1724,1.1685,1.1735,1.1671
2005-11-12,1.1724,1.1685,1.1735,1.1671
2005-11-13,1.1724,1.1685,1.1735,1.1671
2005-11-14,1.1694,1.1723,1.1774,1.166
2005-11-15,1.1721,1.169,1.1732,1.1641
2005-11-16,1.1672,1.1719,1.1738,1.1643
2005-11-17,1.1759,1.1667,1.1765,1.1639
2005-11-18,1.1768,1.1757,1.1795,1.1662
2005-11-19,1.1768,1.1757,1.1795,1.1662
2005-11-20,1.1768,1.1757,1.1795,1.1662
2005-11-21,1.1728,1.1776,1.1841,1.1717
2005-11-22,1.1812,1.1728,1.1825,1.1684
2005-11-23,1.182,1.182,1.1865,1.1761
2005-11-24,1.1787,1.1824,1.1827,1.1765
2005-11-25,1.1724,1.1787,1.179,1.1708
2005-11-26,1.1724,1.1787,1.179,1.1708
2005-11-27,1.1724,1.1787,1.179,1.1708
2005-11-28,1.1851,1.1716,1.1905,1.1682
2005-11-29,1.1785,1.1845,1.1864,1.1738
2005-11-30,1.1789,1.1778,1.1805,1.1755
2005-12-01,1.1734,1.1789,1.1805,1.1688
2005-12-02,1.1717,1.1734,1.1751,1.1662
2005-12-03,1.1717,1.1734,1.1751,1.1662
2005-12-04,1.1717,1.1734,1.1751,1.1662
2005-12-05,1.1784,1.1704,1.1821,1.1688
2005-12-06,1.1787,1.1791,1.181,1.1755
2005-12-07,1.1722,1.1785,1.1804,1.1702
2005-12-08,1.1817,1.1721,1.185,1.1701
2005-12-09,1.1812,1.182,1.1839,1.1764
2005-12-10,1.1812,1.182,1.1839,1.1764
2005-12-11,1.1812,1.182,1.1839,1.1764
2005-12-12,1.1955,1.1781,1.1984,1.1777
2005-12-13,1.1937,1.1952,1.1987,1.1903
2005-12-14,1.2004,1.1945,1.2063,1.193
2005-12-15,1.1978,1.2001,1.2039,1.1934
2005-12-16,1.2013,1.1975,1.2028,1.1934
2005-12-17,1.2013,1.1975,1.2028,1.1934
2005-12-18,1.2013,1.1975,1.2028,1.1934
2005-12-19,1.2004,1.2027,1.204,1.1973
2005-12-20,1.187,1.2007,1.2015,1.1838
2005-12-21,1.1832,1.1858,1.1912,1.1799
2005-12-22,1.1869,1.1837,1.1902,1.181
2005-12-23,1.1875,1.1869,1.1885,1.1829
2005-12-24,1.1875,1.1869,1.1885,1.1829
2005-12-25,1.1875,1.1869,1.1885,1.1829
2005-12-26,1.1848,1.186,1.1867,1.1831
2005-12-27,1.1831,1.1848,1.1881,1.1829
2005-12-28,1.1835,1.1829,1.1936,1.1814
2005-12-29,1.1844,1.1836,1.1884,1.1816
2005-12-30,1.1843,1.1845,1.189,1.1778
2005-12-31,1.1843,1.1845,1.189,1.1778
2006-01-01,1.1843,1.1845,1.189,1.1778
2006-01-02,1.1825,1.1846,1.187,1.1801
2006-01-03,1.2012,1.1824,1.2031,1.181
2006-01-04,1.2128,1.2012,1.2144,1.2003
2006-01-05,1.2102,1.2123,1.2123,1.2064
2006-01-06,1.2149,1.2107,1.2182,1.2079
2006-01-07,1.2149,1.2107,1.2182,1.2079
2006-01-08,1.2149,1.2107,1.2182,1.2079
2006-01-09,1.2087,1.2147,1.2156,1.2051
2006-01-10,1.2067,1.2084,1.2111,1.2036
2006-01-11,1.2125,1.2062,1.2146,1.2043
2006-01-12,1.2035,1.2125,1.2165,1.2005
2006-01-13,1.2138,1.2037,1.2144,1.2026
2006-01-14,1.2138,1.2037,1.2144,1.2026
2006-01-15,1.2138,1.2037,1.2144,1.2026
2006-01-16,1.2121,1.2151,1.2177,1.2105
2006-01-17,1.2107,1.2119,1.2145,1.205
2006-01-18,1.2105,1.2107,1.2162,1.2071
2006-01-19,1.2098,1.2115,1.2125,1.2052
2006-01-20,1.2138,1.21,1.2142,1.2041
2006-01-21,1.2138,1.21,1.2142,1.2041
2006-01-22,1.2138,1.21,1.2142,1.2041
2006-01-23,1.2312,1.2141,1.2313,1.2138
2006-01-24,1.2281,1.231,1.2326,1.2259
2006-01-25,1.2246,1.2284,1.2324,1.2234
2006-01-26,1.2214,1.2244,1.2272,1.22
2006-01-27,1.21,1.2205,1.2237,1.2085
2006-01-28,1.21,1.2205,1.2237,1.2085
2006-01-29,1.21,1.2205,1.2237,1.2085
2006-01-30,1.2088,1.2106,1.2117,1.2062
2006-01-31,1.2155,1.2092,1.2191,1.2077
2006-02-01,1.2061,1.2153,1.2166,1.2048
2006-02-02,1.2098,1.2058,1.2109,1.2031
2006-02-03,1.2024,1.2092,1.2113,1.1968
2006-02-04,1.2024,1.2092,1.2113,1.1968
2006-02-05,1.2024,1.2092,1.2113,1.1968
2006-02-06,1.1963,1.2037,1.2048,1.1944
2006-02-07,1.1974,1.1966,1.2016,1.194
2006-02-08,1.1955,1.198,1.1997,1.1923
2006-02-09,1.1981,1.1964,1.1997,1.1946
2006-02-10,1.19,1.198,1.2027,1.1892
2006-02-11,1.19,1.198,1.2027,1.1892
2006-02-12,1.19,1.198,1.2027,1.1892
2006-02-13,1.1905,1.1903,1.1925,1.1878
2006-02-14,1.1915,1.19,1.1925,1.1856
2006-02-15,1.1885,1.1916,1.1956,1.1871
2006-02-16,1.1896,1.1892,1.1904,1.1847
2006-02-17,1.1934,1.1904,1.1944,1.1856
2006-02-18,1.1934,1.1904,1.1944,1.1856
2006-02-19,1.1934,1.1904,1.1944,1.1856
2006-02-20,1.1938,1.1932,1.1976,1.1923
2006-02-21,1.1911,1.1938,1.1944,1.189
2006-02-22,1.1911,1.1913,1.193,1.1858
2006-02-23,1.1923,1.1911,1.1972,1.1888
2006-02-24,1.1873,1.1923,1.1936,1.1864
2006-02-25,1.1873,1.1923,1.1936,1.1864
2006-02-26,1.1873,1.1923,1.1936,1.1864
2006-02-27,1.1846,1.1871,1.1879,1.1824
2006-02-28,1.1921,1.1848,1.1944,1.1835
2006-03-01,1.1915,1.1921,1.1976,1.189
2006-03-02,1.2041,1.1917,1.2046,1.1911
2006-03-03,1.2039,1.2039,1.2054,1.1993
2006-03-04,1.2039,1.2039,1.2054,1.1993
2006-03-05,1.2039,1.2039,1.2054,1.1993
2006-03-06,1.2018,1.205,1.2094,1.1989
2006-03-07,1.1886,1.2019,1.2024,1.1868
2006-03-08,1.1923,1.1886,1.1942,1.1871
2006-03-09,1.1914,1.1924,1.1954,1.1901
2006-03-10,1.1915,1.1912,1.1934,1.1859
2006-03-11,1.1915,1.1912,1.1934,1.1859
2006-03-12,1.1915,1.1912,1.1934,1.1859
2006-03-13,1.1961,1.1917,1.1972,1.1911
2006-03-14,1.2016,1.196,1.2033,1.1936
2006-03-15,1.2071,1.2013,1.2076,1.2005
2006-03-16,1.218,1.2069,1.219,1.2033
2006-03-17,1.219,1.2176,1.2208,1.2139
2006-03-18,1.219,1.2176,1.2208,1.2139
2006-03-19,1.219,1.2176,1.2208,1.2139
2006-03-20,1.2167,1.2186,1.22,1.2147
2006-03-21,1.2088,1.2167,1.2167,1.2073
2006-03-22,1.2079,1.2094,1.2115,1.2064
2006-03-23,1.1972,1.2077,1.2083,1.1955
2006-03-24,1.2036,1.1972,1.2048,1.195
2006-03-25,1.2036,1.1972,1.2048,1.195
2006-03-26,1.2036,1.1972,1.2048,1.195
2006-03-27,1.2014,1.2039,1.2064,1.2003
2006-03-28,1.2003,1.2014,1.2111,1.1992
2006-03-29,1.2029,1.2001,1.205,1.1976
2006-03-30,1.217,1.2027,1.217,1.202
2006-03-31,1.2119,1.2165,1.2176,1.2077
2006-04-01,1.2119,1.2165,1.2176,1.2077
2006-04-02,1.2119,1.2165,1.2176,1.2077
2006-04-03,1.2138,1.2121,1.2149,1.2031
2006-04-04,1.2256,1.2134,1.2279,1.2119
2006-04-05,1.2296,1.2262,1.2308,1.2243
2006-04-06,1.2226,1.2298,1.2334,1.2197
2006-04-07,1.209,1.2223,1.2228,1.2088
2006-04-08,1.209,1.2223,1.2228,1.2088
2006-04-09,1.209,1.2223,1.2228,1.2088
2006-04-10,1.2115,1.2109,1.213,1.2075
2006-04-11,1.2147,1.2113,1.2156,1.209
2006-04-12,1.2107,1.2142,1.217,1.2066
2006-04-13,1.2116,1.2104,1.2135,1.2065
2006-04-14,1.211,1.2108,1.212,1.2092
2006-04-15,1.211,1.2108,1.212,1.2092
2006-04-16,1.211,1.2108,1.212,1.2092
2006-04-17,1.2253,1.2124,1.2291,1.2122
2006-04-18,1.2351,1.2256,1.2361,1.2222
2006-04-19,1.2381,1.2358,1.2395,1.2283
2006-04-20,1.2321,1.2382,1.2382,1.2285
2006-04-21,1.2341,1.2317,1.2363,1.2267
2006-04-22,1.2341,1.2317,1.2363,1.2267
2006-04-23,1.2341,1.2317,1.2363,1.2267
2006-04-24,1.2395,1.2373,1.2416,1.2332
2006-04-25,1.2435,1.2386,1.244,1.2364
2006-04-26,1.2445,1.2429,1.2471,1.2386
2006-04-27,1.2532,1.2449,1.2551,1.2404
2006-04-28,1.2637,1.253,1.2642,1.2521
2006-04-29,1.2637,1.253,1.2642,1.2521
2006-04-30,1.2637,1.253,1.2642,1.2521
2006-05-01,1.2586,1.2626,1.2691,1.2555
2006-05-02,1.2616,1.2569,1.2668,1.2557
2006-05-03,1.2641,1.2614,1.267,1.2589
2006-05-04,1.2694,1.263,1.2723,1.2569
2006-05-05,1.2725,1.2692,1.2768,1.2673
2006-05-06,1.2725,1.2692,1.2768,1.2673
2006-05-07,1.2725,1.2692,1.2768,1.2673
2006-05-08,1.2708,1.2742,1.2788,1.2691
2006-05-09,1.2763,1.27,1.2784,1.266
2006-05-10,1.2788,1.2761,1.2832,1.275
2006-05-11,1.2834,1.2784,1.2873,1.2685
2006-05-12,1.2932,1.2838,1.2959,1.2831
2006-05-13,1.2932,1.2838,1.2959,1.2831
2006-05-14,1.2932,1.2838,1.2959,1.2831
2006-05-15,1.2797,1.295,1.2973,1.2778
2006-05-16,1.2862,1.2797,1.287,1.2769
2006-05-17,1.2736,1.286,1.2923,1.2702
2006-05-18,1.2862,1.2731,1.2866,1.2721
2006-05-19,1.2774,1.2858,1.2867,1.2695
2006-05-20,1.2774,1.2858,1.2867,1.2695
2006-05-21,1.2774,1.2858,1.2867,1.2695
2006-05-22,1.2873,1.2759,1.2887,1.2693
2006-05-23,1.282,1.2866,1.2879,1.2803
2006-05-24,1.2752,1.2814,1.2894,1.2729
2006-05-25,1.2805,1.2759,1.2818,1.2746
2006-05-26,1.2735,1.2816,1.2837,1.2701
2006-05-27,1.2735,1.2816,1.2837,1.2701
2006-05-28,1.2735,1.2816,1.2837,1.2701
2006-05-29,1.2752,1.2731,1.277,1.2719
2006-05-30,1.2875,1.2748,1.291,1.274
2006-05-31,1.2812,1.2876,1.2905,1.2804
2006-06-01,1.281,1.2813,1.2825,1.2721
2006-06-02,1.2918,1.2813,1.2942,1.2795
2006-06-03,1.2918,1.2813,1.2942,1.2795
2006-06-04,1.2918,1.2813,1.2942,1.2795
2006-06-05,1.2906,1.2929,1.298,1.29
2006-06-06,1.282,1.2908,1.2938,1.2807
2006-06-07,1.279,1.2819,1.2838,1.2758
2006-06-08,1.2651,1.2794,1.2809,1.2625
2006-06-09,1.2644,1.2653,1.2686,1.2596
2006-06-10,1.2644,1.2653,1.2686,1.2596
2006-06-11,1.2644,1.2653,1.2686,1.2596
2006-06-12,1.2585,1.2618,1.2653,1.2567
2006-06-13,1.2544,1.2582,1.262,1.2529
2006-06-14,1.2605,1.2548,1.265,1.2534
2006-06-15,1.2635,1.2605,1.2658,1.2578
2006-06-16,1.2645,1.2634,1.2678,1.2619
2006-06-17,1.2645,1.2634,1.2678,1.2619
2006-06-18,1.2645,1.2634,1.2678,1.2619
2006-06-19,1.2574,1.2649,1.2654,1.255
2006-06-20,1.2584,1.2578,1.2618,1.2538
2006-06-21,1.266,1.2584,1.2681,1.258
2006-06-22,1.2578,1.2664,1.2681,1.255
2006-06-23,1.2512,1.2572,1.2596,1.2479
2006-06-24,1.2512,1.2572,1.2596,1.2479
2006-06-25,1.2512,1.2572,1.2596,1.2479
2006-06-26,1.2588,1.2504,1.2605,1.25
2006-06-27,1.2584,1.2588,1.262,1.2559
2006-06-28,1.2557,1.2581,1.2586,1.2516
2006-06-29,1.2662,1.255,1.2668,1.2515
2006-06-30,1.2789,1.2668,1.2797,1.2657
2006-07-01,1.2789,1.2668,1.2797,1.2657
2006-07-02,1.2789,1.2668,1.2797,1.2657
2006-07-03,1.2798,1.279,1.2825,1.2762
2006-07-04,1.2795,1.279,1.2824,1.2784
2006-07-05,1.2721,1.2786,1.2841,1.2704
2006-07-06,1.2778,1.2723,1.2784,1.2719
2006-07-07,1.281,1.278,1.2864,1.2765
2006-07-08,1.281,1.278,1.2864,1.2765
2006-07-09,1.281,1.278,1.2864,1.2765
2006-07-10,1.2737,1.2812,1.2818,1.2718
2006-07-11,1.2772,1.2736,1.2779,1.2704
2006-07-12,1.2702,1.2763,1.2782,1.2675
2006-07-13,1.2692,1.2701,1.2734,1.2664
2006-07-14,1.2651,1.2692,1.2698,1.2625
2006-07-15,1.2651,1.2692,1.2698,1.2625
2006-07-16,1.2651,1.2692,1.2698,1.2625
2006-07-17,1.2519,1.2632,1.2647,1.251
2006-07-18,1.2506,1.2521,1.2561,1.2473
2006-07-19,1.2593,1.2503,1.261,1.2457
2006-07-20,1.2628,1.2591,1.2656,1.2588
2006-07-21,1.2697,1.263,1.2699,1.2624
2006-07-22,1.2697,1.263,1.2699,1.2624
2006-07-23,1.2697,1.263,1.2699,1.2624
2006-07-24,1.2635,1.2702,1.2708,1.2609
2006-07-25,1.2578,1.263,1.2675,1.2561
2006-07-26,1.2717,1.2579,1.2725,1.2559
2006-07-27,1.2698,1.2716,1.2774,1.2681
2006-07-28,1.2764,1.2697,1.2772,1.2658
2006-07-29,1.2764,1.2697,1.2772,1.2658
2006-07-30,1.2764,1.2697,1.2772,1.2658
2006-07-31,1.2763,1.2767,1.2784,1.2738
2006-08-01,1.2828,1.2763,1.283,1.2719
2006-08-02,1.2788,1.2824,1.2837,1.2774
2006-08-03,1.2805,1.279,1.2837,1.2742
2006-08-04,1.2874,1.2803,1.2912,1.276
2006-08-05,1.2874,1.2803,1.2912,1.276
2006-08-06,1.2874,1.2803,1.2912,1.276
2006-08-07,1.2833,1.2883,1.2893,1.283
2006-08-08,1.2834,1.2831,1.2896,1.2806
2006-08-09,1.2862,1.2822,1.2904,1.2765
2006-08-10,1.2794,1.2865,1.2914,1.2748
2006-08-11,1.2722,1.2793,1.2801,1.2716
2006-08-12,1.2722,1.2793,1.2801,1.2716
2006-08-13,1.2722,1.2793,1.2801,1.2716
2006-08-14,1.2719,1.2713,1.2767,1.2706
2006-08-15,1.2787,1.2723,1.2806,1.2695
2006-08-16,1.2845,1.2784,1.2868,1.2767
2006-08-17,1.2832,1.2843,1.2893,1.2813
2006-08-18,1.2826,1.2831,1.2848,1.2781
2006-08-19,1.2826,1.2831,1.2848,1.2781
2006-08-20,1.2826,1.2831,1.2848,1.2781
2006-08-21,1.2891,1.2828,1.294,1.2826
2006-08-22,1.2805,1.2887,1.2892,1.2783
2006-08-23,1.2788,1.2805,1.2853,1.2776
2006-08-24,1.2767,1.2784,1.2845,1.275
2006-08-25,1.275,1.2767,1.2784,1.2725
2006-08-26,1.275,1.2767,1.2784,1.2725
2006-08-27,1.275,1.2767,1.2784,1.2725
2006-08-28,1.2778,1.2761,1.2822,1.2753
2006-08-29,1.2829,1.2786,1.2845,1.275
2006-08-30,1.2839,1.2824,1.2855,1.2811
2006-08-31,1.2807,1.2835,1.2881,1.2784
2006-09-01,1.2836,1.2804,1.2848,1.2754
2006-09-02,1.2836,1.2804,1.2848,1.2754
2006-09-03,1.2836,1.2804,1.2848,1.2754
2006-09-04,1.2873,1.2846,1.2876,1.2838
2006-09-05,1.2818,1.2862,1.2866,1.2793
2006-09-06,1.2805,1.2818,1.2837,1.2767
2006-09-07,1.2732,1.2801,1.2832,1.2704
2006-09-08,1.2673,1.2732,1.2742,1.2649
2006-09-09,1.2673,1.2732,1.2742,1.2649
2006-09-10,1.2673,1.2732,1.2742,1.2649
2006-09-11,1.2704,1.2668,1.2744,1.2647
2006-09-12,1.2685,1.27,1.2734,1.267
2006-09-13,1.2694,1.2683,1.2717,1.2664
2006-09-14,1.2721,1.2698,1.2755,1.2674
2006-09-15,1.2647,1.2721,1.2736,1.263
2006-09-16,1.2647,1.2721,1.2736,1.263
2006-09-17,1.2647,1.2721,1.2736,1.263
2006-09-18,1.2703,1.2636,1.2712,1.263
2006-09-19,1.2679,1.2698,1.2729,1.2651
2006-09-20,1.2687,1.2673,1.2729,1.2662
2006-09-21,1.278,1.2688,1.2799,1.2681
2006-09-22,1.278,1.2783,1.2835,1.2774
2006-09-23,1.278,1.2783,1.2835,1.2774
2006-09-24,1.278,1.2783,1.2835,1.2774
2006-09-25,1.2752,1.2792,1.2827,1.2732
2006-09-26,1.2685,1.2748,1.2765,1.2662
2006-09-27,1.27,1.2685,1.2721,1.267
2006-09-28,1.2706,1.2698,1.2736,1.2677
2006-09-29,1.2672,1.2698,1.2714,1.2638
2006-09-30,1.2672,1.2698,1.2714,1.2638
2006-10-01,1.2672,1.2698,1.2714,1.2638
2006-10-02,1.2738,1.2683,1.2759,1.266
2006-10-03,1.2736,1.2738,1.2769,1.2719
2006-10-04,1.2717,1.2729,1.2744,1.2666
2006-10-05,1.2695,1.2717,1.2732,1.2674
2006-10-06,1.26,1.269,1.2717,1.2574
2006-10-07,1.26,1.269,1.2717,1.2574
2006-10-08,1.26,1.269,1.2717,1.2574
2006-10-09,1.2595,1.2593,1.2618,1.2584
2006-10-10,1.2538,1.2593,1.2618,1.2517
2006-10-11,1.2517,1.2534,1.2559,1.2502
2006-10-12,1.2559,1.2517,1.2567,1.2515
2006-10-13,1.2515,1.2556,1.258,1.2484
2006-10-14,1.2515,1.2556,1.258,1.2484
2006-10-15,1.2515,1.2556,1.258,1.2484
2006-10-16,1.253,1.2499,1.2538,1.2487
2006-10-17,1.2538,1.2532,1.2567,1.2508
2006-10-18,1.2533,1.2534,1.2561,1.25
2006-10-19,1.2628,1.2534,1.2645,1.253
2006-10-20,1.2614,1.2626,1.2641,1.2597
2006-10-21,1.2614,1.2626,1.2641,1.2597
2006-10-22,1.2614,1.2626,1.2641,1.2597
2006-10-23,1.2548,1.2618,1.2622,1.2534
2006-10-24,1.2557,1.2548,1.2578,1.2523
2006-10-25,1.2602,1.2553,1.2625,1.255
2006-10-26,1.2692,1.2602,1.2704,1.26
2006-10-27,1.2741,1.2688,1.2753,1.2664
2006-10-28,1.2741,1.2688,1.2753,1.2664
2006-10-29,1.2741,1.2688,1.2753,1.2664
2006-10-30,1.2732,1.2732,1.2739,1.2699
2006-10-31,1.2763,1.2726,1.2785,1.2679
2006-11-01,1.2755,1.2763,1.2799,1.2742
2006-11-02,1.2776,1.2757,1.2786,1.2736
2006-11-03,1.2718,1.2779,1.2793,1.2682
2006-11-04,1.2718,1.2779,1.2793,1.2682
2006-11-05,1.2718,1.2779,1.2793,1.2682
2006-11-06,1.2721,1.2719,1.2727,1.2689
2006-11-07,1.2772,1.2724,1.2821,1.2721
2006-11-08,1.2757,1.2773,1.2811,1.2744
2006-11-09,1.2826,1.2757,1.2849,1.275
2006-11-10,1.2844,1.2828,1.2901,1.2826
2006-11-11,1.2844,1.2828,1.2901,1.2826
2006-11-12,1.2844,1.2828,1.2901,1.2826
2006-11-13,1.2803,1.2843,1.2879,1.2795
2006-11-14,1.2812,1.2807,1.2873,1.279
2006-11-15,1.2826,1.2813,1.2837,1.2772
2006-11-16,1.2798,1.2826,1.2842,1.2784
2006-11-17,1.2828,1.2793,1.2847,1.2761
2006-11-18,1.2828,1.2793,1.2847,1.2761
2006-11-19,1.2828,1.2793,1.2847,1.2761
2006-11-20,1.2812,1.283,1.2856,1.2805
2006-11-21,1.2845,1.2818,1.2856,1.2797
2006-11-22,1.2944,1.2843,1.2959,1.2837
2006-11-23,1.2942,1.2946,1.2976,1.2927
2006-11-24,1.3093,1.2946,1.3112,1.2944
2006-11-25,1.3093,1.2946,1.3112,1.2944
2006-11-26,1.3093,1.2946,1.3112,1.2944
2006-11-27,1.3133,1.3171,1.3173,1.3087
2006-11-28,1.3201,1.3133,1.3209,1.3114
2006-11-29,1.3148,1.3199,1.322,1.3131
2006-11-30,1.3241,1.3154,1.3275,1.3141
2006-12-01,1.3336,1.3243,1.335,1.3217
2006-12-02,1.3336,1.3243,1.335,1.3217
2006-12-03,1.3336,1.3243,1.335,1.3217
2006-12-04,1.3321,1.3334,1.3369,1.3282
2006-12-05,1.3323,1.3338,1.3365,1.3285
2006-12-06,1.3293,1.3317,1.3342,1.3255
2006-12-07,1.3291,1.3283,1.3327,1.3274
2006-12-08,1.3201,1.3287,1.3365,1.3192
2006-12-09,1.3201,1.3287,1.3365,1.3192
2006-12-10,1.3201,1.3287,1.3365,1.3192
2006-12-11,1.3237,1.3178,1.3265,1.3131
2006-12-12,1.328,1.3238,1.3292,1.3211
2006-12-13,1.3218,1.3282,1.329,1.3191
2006-12-14,1.3146,1.3215,1.3255,1.314
2006-12-15,1.3083,1.3144,1.3188,1.3059
2006-12-16,1.3083,1.3144,1.3188,1.3059
2006-12-17,1.3083,1.3144,1.3188,1.3059
2006-12-18,1.31,1.3083,1.3123,1.3053
2006-12-19,1.3192,1.3102,1.3217,1.3083
2006-12-20,1.3178,1.3188,1.3246,1.316
2006-12-21,1.3173,1.3175,1.3218,1.314
2006-12-22,1.3144,1.3174,1.3216,1.3109
2006-12-23,1.3144,1.3174,1.3216,1.3109
2006-12-24,1.3144,1.3174,1.3216,1.3109
2006-12-25,1.3131,1.3133,1.3165,1.31
2006-12-26,1.3096,1.3117,1.3142,1.3089
2006-12-27,1.312,1.3098,1.318,1.3093
2006-12-28,1.3148,1.3119,1.3203,1.3104
2006-12-29,1.3199,1.315,1.3208,1.3138
2006-12-30,1.3199,1.315,1.3208,1.3138
2006-12-31,1.3199,1.315,1.3208,1.3138
2007-01-01,1.3199,1.3197,1.3203,1.3171
2007-01-02,1.3277,1.3201,1.3299,1.3196
2007-01-03,1.3163,1.3272,1.3291,1.3146
2007-01-04,1.3085,1.3167,1.3182,1.3074
2007-01-05,1.3003,1.3085,1.3106,1.298
2007-01-06,1.3003,1.3085,1.3106,1.298
2007-01-07,1.3003,1.3085,1.3106,1.298
2007-01-08,1.302,1.3013,1.3037,1.2973
2007-01-09,1.2997,1.3023,1.3054,1.2985
2007-01-10,1.2934,1.3002,1.3008,1.2931
2007-01-11,1.2893,1.2937,1.3016,1.2881
2007-01-12,1.2917,1.2891,1.2946,1.2866
2007-01-13,1.2917,1.2891,1.2946,1.2866
2007-01-14,1.2917,1.2891,1.2946,1.2866
2007-01-15,1.2936,1.2927,1.2959,1.2914
2007-01-16,1.2919,1.2941,1.2992,1.2909
2007-01-17,1.2938,1.2919,1.2952,1.2896
2007-01-18,1.2954,1.2944,1.2978,1.2896
2007-01-19,1.2966,1.2962,1.3002,1.2913
2007-01-20,1.2966,1.2962,1.3002,1.2913
2007-01-21,1.2966,1.2962,1.3002,1.2913
2007-01-22,1.2948,1.2963,1.2982,1.2921
2007-01-23,1.3025,1.2949,1.3046,1.2928
2007-01-24,1.2961,1.3022,1.3037,1.2946
2007-01-25,1.2933,1.2967,1.3004,1.2914
2007-01-26,1.2915,1.2936,1.2944,1.2875
2007-01-27,1.2915,1.2936,1.2944,1.2875
2007-01-28,1.2915,1.2936,1.2944,1.2875
2007-01-29,1.2955,1.2919,1.2967,1.2898
2007-01-30,1.2965,1.2957,1.2982,1.2942
2007-01-31,1.3034,1.2969,1.3038,1.2923
2007-02-01,1.3022,1.3032,1.3053,1.2999
2007-02-02,1.2969,1.3024,1.3064,1.295
2007-02-03,1.2969,1.3024,1.3064,1.295
2007-02-04,1.2969,1.3024,1.3064,1.295
2007-02-05,1.2923,1.2964,1.297,1.2913
2007-02-06,1.2982,1.2931,1.2992,1.2912
2007-02-07,1.3019,1.2981,1.3025,1.2965
2007-02-08,1.3039,1.3014,1.3043,1.2974
2007-02-09,1.3005,1.3041,1.3047,1.2982
2007-02-10,1.3005,1.3041,1.3047,1.2982
2007-02-11,1.3005,1.3041,1.3047,1.2982
2007-02-12,1.2965,1.2992,1.3041,1.2942
2007-02-13,1.3037,1.2965,1.3045,1.2952
2007-02-14,1.3129,1.3039,1.3154,1.3024
2007-02-15,1.3146,1.3131,1.3173,1.3117
2007-02-16,1.3141,1.3142,1.3148,1.3093
2007-02-17,1.3141,1.3142,1.3148,1.3093
2007-02-18,1.3141,1.3142,1.3148,1.3093
2007-02-19,1.3155,1.3158,1.3165,1.3122
2007-02-20,1.3138,1.3155,1.319,1.3127
2007-02-21,1.3138,1.3144,1.3167,1.311
2007-02-22,1.3125,1.3138,1.3144,1.3079
2007-02-23,1.3167,1.3123,1.319,1.3102
2007-02-24,1.3167,1.3123,1.319,1.3102
2007-02-25,1.3167,1.3123,1.319,1.3102
2007-02-26,1.3184,1.3165,1.3201,1.3152
2007-02-27,1.3242,1.3188,1.3261,1.316
2007-02-28,1.3235,1.3244,1.3249,1.318
2007-03-01,1.3186,1.323,1.3241,1.3154
2007-03-02,1.3194,1.3188,1.3203,1.3142
2007-03-03,1.3194,1.3188,1.3203,1.3142
2007-03-04,1.3194,1.3188,1.3203,1.3142
2007-03-05,1.3095,1.3205,1.3214,1.3071
2007-03-06,1.3127,1.3093,1.3133,1.3079
2007-03-07,1.3176,1.3127,1.3187,1.3109
2007-03-08,1.3129,1.3175,1.3184,1.3115
2007-03-09,1.3114,1.3131,1.3159,1.3085
2007-03-10,1.3114,1.3131,1.3159,1.3085
2007-03-11,1.3114,1.3131,1.3159,1.3085
2007-03-12,1.3188,1.3115,1.3202,1.3108
2007-03-13,1.3198,1.3189,1.3223,1.3155
2007-03-14,1.3224,1.3199,1.3247,1.3175
2007-03-15,1.3239,1.322,1.3254,1.3193
2007-03-16,1.3314,1.3238,1.3342,1.3232
2007-03-17,1.3314,1.3238,1.3342,1.3232
2007-03-18,1.3314,1.3238,1.3342,1.3232
2007-03-19,1.3302,1.3319,1.3327,1.3279
2007-03-20,1.3316,1.3301,1.3324,1.327
2007-03-21,1.3386,1.3321,1.339,1.3287
2007-03-22,1.3333,1.3384,1.3413,1.331
2007-03-23,1.3285,1.3333,1.3345,1.3282
2007-03-24,1.3285,1.3333,1.3345,1.3282
2007-03-25,1.3285,1.3333,1.3345,1.3282
2007-03-26,1.3335,1.329,1.3349,1.3254
2007-03-27,1.3354,1.3331,1.3371,1.3319
2007-03-28,1.3317,1.3356,1.3375,1.3307
2007-03-29,1.3333,1.3315,1.3356,1.3301
2007-03-30,1.3358,1.3329,1.3403,1.3289
2007-03-31,1.3358,1.3329,1.3403,1.3289
2007-04-01,1.3358,1.3329,1.3403,1.3289
2007-04-02,1.3369,1.3375,1.3384,1.3331
2007-04-03,1.3335,1.3367,1.3384,1.3319
2007-04-04,1.3373,1.3325,1.3382,1.3319
2007-04-05,1.3422,1.3373,1.3443,1.3352
2007-04-06,1.3379,1.3429,1.3435,1.3365
2007-04-07,1.3379,1.3429,1.3435,1.3365
2007-04-08,1.3379,1.3429,1.3435,1.3365
2007-04-09,1.3354,1.3373,1.338,1.334
2007-04-10,1.3437,1.3358,1.3457,1.3348
2007-04-11,1.3432,1.3434,1.3443,1.3407
2007-04-12,1.3487,1.3432,1.3504,1.343
2007-04-13,1.3529,1.3489,1.3554,1.3479
2007-04-14,1.3529,1.3489,1.3554,1.3479
2007-04-15,1.3529,1.3489,1.3554,1.3479
2007-04-16,1.3533,1.3556,1.3577,1.3529
2007-04-17,1.3572,1.3526,1.3595,1.3521
2007-04-18,1.3609,1.3575,1.3619,1.3544
2007-04-19,1.3608,1.3612,1.3621,1.3559
2007-04-20,1.3591,1.3614,1.3638,1.3585
2007-04-21,1.3591,1.3614,1.3638,1.3585
2007-04-22,1.3591,1.3614,1.3638,1.3585
2007-04-23,1.3577,1.3603,1.3609,1.3542
2007-04-24,1.3643,1.3579,1.3645,1.3548
2007-04-25,1.3638,1.3638,1.3666,1.3619
2007-04-26,1.3594,1.3643,1.3655,1.3584
2007-04-27,1.3653,1.3592,1.3683,1.3586
2007-04-28,1.3653,1.3592,1.3683,1.3586
2007-04-29,1.3653,1.3592,1.3683,1.3586
2007-04-30,1.3647,1.3634,1.368,1.3588
2007-05-01,1.3605,1.3641,1.3674,1.359
2007-05-02,1.359,1.3605,1.3613,1.356
2007-05-03,1.3556,1.3584,1.3624,1.3548
2007-05-04,1.359,1.3548,1.3611,1.3531
2007-05-05,1.359,1.3548,1.3611,1.3531
2007-05-06,1.359,1.3548,1.3611,1.3531
2007-05-07,1.3599,1.3602,1.3629,1.3592
2007-05-08,1.3542,1.36,1.3623,1.3515
2007-05-09,1.3529,1.3546,1.3567,1.3519
2007-05-10,1.3485,1.3527,1.3565,1.3465
2007-05-11,1.3529,1.3476,1.3533,1.3462
2007-05-12,1.3529,1.3476,1.3533,1.3462
2007-05-13,1.3529,1.3476,1.3533,1.3462
2007-05-14,1.3542,1.3533,1.3559,1.3525
2007-05-15,1.3592,1.3542,1.3611,1.3527
2007-05-16,1.3521,1.3594,1.3611,1.3504
2007-05-17,1.3495,1.3516,1.3545,1.3475
2007-05-18,1.3509,1.3498,1.3522,1.3465
2007-05-19,1.3509,1.3498,1.3522,1.3465
2007-05-20,1.3509,1.3498,1.3522,1.3465
2007-05-21,1.3468,1.3519,1.3529,1.3436
2007-05-22,1.3451,1.3461,1.348,1.3438
2007-05-23,1.3462,1.3451,1.3504,1.3415
2007-05-24,1.3428,1.346,1.3462,1.3415
2007-05-25,1.3441,1.3431,1.3474,1.3411
2007-05-26,1.3441,1.3431,1.3474,1.3411
2007-05-27,1.3441,1.3431,1.3474,1.3411
2007-05-28,1.3453,1.3447,1.3464,1.3445
2007-05-29,1.3446,1.345,1.3522,1.342
2007-05-30,1.3428,1.3447,1.3457,1.3407
2007-05-31,1.3453,1.343,1.3478,1.3424
2007-06-01,1.3449,1.3453,1.3464,1.3392
2007-06-02,1.3449,1.3453,1.3464,1.3392
2007-06-03,1.3449,1.3453,1.3464,1.3392
2007-06-04,1.3493,1.3445,1.35,1.3432
2007-06-05,1.3524,1.3494,1.3555,1.3487
2007-06-06,1.3504,1.3517,1.3541,1.3485
2007-06-07,1.343,1.3504,1.3514,1.3422
2007-06-08,1.3374,1.3426,1.3429,1.332
2007-06-09,1.3374,1.3426,1.3429,1.332
2007-06-10,1.3374,1.3426,1.3429,1.332
2007-06-11,1.3359,1.3363,1.3365,1.3333
2007-06-12,1.3302,1.3357,1.3369,1.33
2007-06-13,1.3312,1.3302,1.3316,1.3264
2007-06-14,1.3312,1.3314,1.3325,1.3279
2007-06-15,1.3388,1.3306,1.339,1.3304
2007-06-16,1.3388,1.3306,1.339,1.3304
2007-06-17,1.3388,1.3306,1.339,1.3304
2007-06-18,1.3415,1.3377,1.342,1.3376
2007-06-19,1.3427,1.3414,1.3437,1.3382
2007-06-20,1.3405,1.3424,1.3438,1.3396
2007-06-21,1.3396,1.3403,1.3409,1.3373
2007-06-22,1.3469,1.3386,1.3471,1.3381
2007-06-23,1.3469,1.3386,1.3471,1.3381
2007-06-24,1.3469,1.3386,1.3471,1.3381
2007-06-25,1.3464,1.3466,1.3474,1.3439
2007-06-26,1.3453,1.3462,1.3481,1.3432
2007-06-27,1.3452,1.3457,1.346,1.3415
2007-06-28,1.3446,1.3451,1.3482,1.3423
2007-06-29,1.3542,1.3447,1.3542,1.343
2007-06-30,1.3542,1.3447,1.3542,1.343
2007-07-01,1.3542,1.3447,1.3542,1.343
2007-07-02,1.3626,1.3542,1.3639,1.3529
2007-07-03,1.3612,1.3632,1.3636,1.3583
2007-07-04,1.3612,1.3609,1.3632,1.3605
2007-07-05,1.3598,1.3613,1.3662,1.3579
2007-07-06,1.3628,1.3597,1.3642,1.3568
2007-07-07,1.3628,1.3597,1.3642,1.3568
2007-07-08,1.3628,1.3597,1.3642,1.3568
2007-07-09,1.3629,1.3633,1.364,1.3609
2007-07-10,1.3746,1.3632,1.375,1.3594
2007-07-11,1.3746,1.3748,1.3786,1.3731
2007-07-12,1.3794,1.3746,1.38,1.3742
2007-07-13,1.3784,1.3788,1.3815,1.3763
2007-07-14,1.3784,1.3788,1.3815,1.3763
2007-07-15,1.3784,1.3788,1.3815,1.3763
2007-07-16,1.3771,1.3779,1.3803,1.3758
2007-07-17,1.3788,1.3774,1.3801,1.3758
2007-07-18,1.3803,1.3782,1.3834,1.3752
2007-07-19,1.3798,1.3805,1.3832,1.3786
2007-07-20,1.3827,1.3797,1.3844,1.3779
2007-07-21,1.3827,1.3797,1.3844,1.3779
2007-07-22,1.3827,1.3797,1.3844,1.3779
2007-07-23,1.3811,1.3838,1.3845,1.3796
2007-07-24,1.3828,1.3809,1.3854,1.3799
2007-07-25,1.3724,1.3828,1.3831,1.3697
2007-07-26,1.3744,1.3725,1.3773,1.3691
2007-07-27,1.3634,1.3737,1.3754,1.3627
2007-07-28,1.3634,1.3737,1.3754,1.3627
2007-07-29,1.3634,1.3737,1.3754,1.3627
2007-07-30,1.3693,1.3615,1.3706,1.3609
2007-07-31,1.3673,1.3695,1.3728,1.3669
2007-08-01,1.367,1.3676,1.3712,1.3638
2007-08-02,1.37,1.3681,1.3708,1.3651
2007-08-03,1.3774,1.3703,1.382,1.3682
2007-08-04,1.3774,1.3703,1.382,1.3682
2007-08-05,1.3774,1.3703,1.382,1.3682
2007-08-06,1.3794,1.3828,1.384,1.378
2007-08-07,1.3744,1.379,1.3817,1.3735
2007-08-08,1.3796,1.3744,1.3828,1.372
2007-08-09,1.3672,1.3794,1.3819,1.3655
2007-08-10,1.3693,1.3678,1.3706,1.3641
2007-08-11,1.3693,1.3678,1.3706,1.3641
2007-08-12,1.3693,1.3678,1.3706,1.3641
2007-08-13,1.3611,1.3687,1.371,1.3603
2007-08-14,1.3537,1.3607,1.363,1.3531
2007-08-15,1.3426,1.3536,1.3539,1.3425
2007-08-16,1.3424,1.3426,1.3449,1.3359
2007-08-17,1.3476,1.342,1.3546,1.3371
2007-08-18,1.3476,1.342,1.3546,1.3371
2007-08-19,1.3476,1.342,1.3546,1.3371
2007-08-20,1.3473,1.348,1.3509,1.346
2007-08-21,1.3462,1.3476,1.3523,1.3457
2007-08-22,1.355,1.3462,1.355,1.3449
2007-08-23,1.3569,1.3549,1.3589,1.3535
2007-08-24,1.3681,1.3566,1.3682,1.3554
2007-08-25,1.3681,1.3566,1.3682,1.3554
2007-08-26,1.3681,1.3566,1.3682,1.3554
2007-08-27,1.3644,1.3671,1.3686,1.3634
2007-08-28,1.3604,1.3642,1.3681,1.3599
2007-08-29,1.3676,1.3601,1.3681,1.3563
2007-08-30,1.3638,1.3678,1.3679,1.3593
2007-08-31,1.363,1.3637,1.3721,1.3621
2007-09-01,1.363,1.3637,1.3721,1.3621
2007-09-02,1.363,1.3637,1.3721,1.3621
2007-09-03,1.3621,1.3628,1.3656,1.3603
2007-09-04,1.3607,1.3622,1.3628,1.3552
2007-09-05,1.365,1.3604,1.3673,1.3569
2007-09-06,1.3689,1.365,1.3711,1.3635
2007-09-07,1.3768,1.3695,1.38,1.3664
2007-09-08,1.3768,1.3695,1.38,1.3664
2007-09-09,1.3768,1.3695,1.38,1.3664
2007-09-10,1.3798,1.3784,1.3817,1.3767
2007-09-11,1.3838,1.3807,1.3849,1.3779
2007-09-12,1.3904,1.3834,1.3916,1.3825
2007-09-13,1.3868,1.3904,1.3927,1.3862
2007-09-14,1.3875,1.3868,1.3897,1.3845
2007-09-15,1.3875,1.3868,1.3897,1.3845
2007-09-16,1.3875,1.3868,1.3897,1.3845
2007-09-17,1.3866,1.3868,1.3889,1.3849
2007-09-18,1.3982,1.3863,1.399,1.3828
2007-09-19,1.3967,1.3979,1.3988,1.3935
2007-09-20,1.4074,1.3967,1.4101,1.3962
2007-09-21,1.4091,1.4064,1.4122,1.4043
2007-09-22,1.4091,1.4064,1.4122,1.4043
2007-09-23,1.4091,1.4064,1.4122,1.4043
2007-09-24,1.4085,1.4091,1.4131,1.4068
2007-09-25,1.4146,1.4084,1.4154,1.406
2007-09-26,1.413,1.4146,1.4163,1.4111
2007-09-27,1.4151,1.4131,1.4191,1.4124
2007-09-28,1.4272,1.4149,1.4279,1.4145
2007-09-29,1.4272,1.4149,1.4279,1.4145
2007-09-30,1.4272,1.4149,1.4279,1.4145
2007-10-01,1.4232,1.4278,1.4282,1.4211
2007-10-02,1.4153,1.4233,1.4239,1.4139
2007-10-03,1.4085,1.4152,1.4202,1.4082
2007-10-04,1.4135,1.4091,1.415,1.4068
2007-10-05,1.4136,1.4133,1.4157,1.4031
2007-10-06,1.4136,1.4133,1.4157,1.4031
2007-10-07,1.4136,1.4133,1.4157,1.4031
2007-10-08,1.4057,1.4146,1.4154,1.4034
2007-10-09,1.4108,1.4058,1.4115,1.4015
2007-10-10,1.4147,1.4103,1.4173,1.4094
2007-10-11,1.4194,1.4143,1.4242,1.4135
2007-10-12,1.4179,1.4201,1.4214,1.4153
2007-10-13,1.4179,1.4201,1.4214,1.4153
2007-10-14,1.4179,1.4201,1.4214,1.4153
2007-10-15,1.4212,1.4182,1.4245,1.4161
2007-10-16,1.4163,1.4215,1.4229,1.4143
2007-10-17,1.4203,1.4169,1.4231,1.4157
2007-10-18,1.4293,1.4209,1.4312,1.4196
2007-10-19,1.4305,1.4286,1.432,1.4245
2007-10-20,1.4305,1.4286,1.432,1.4245
2007-10-21,1.4305,1.4286,1.432,1.4245
2007-10-22,1.4177,1.4327,1.4348,1.4125
2007-10-23,1.4261,1.4179,1.4281,1.417
2007-10-24,1.4267,1.4261,1.427,1.4189
2007-10-25,1.4323,1.4266,1.4346,1.4247
2007-10-26,1.4397,1.433,1.4398,1.4317
2007-10-27,1.4397,1.433,1.4398,1.4317
2007-10-28,1.4397,1.433,1.4398,1.4317
2007-10-29,1.4425,1.4412,1.444,1.4377
2007-10-30,1.444,1.4425,1.4442,1.4375
2007-10-31,1.4481,1.444,1.4505,1.4418
2007-11-01,1.442,1.448,1.4484,1.4404
2007-11-02,1.4508,1.4423,1.4528,1.4417
2007-11-03,1.4508,1.4423,1.4528,1.4417
2007-11-04,1.4508,1.4423,1.4528,1.4417
2007-11-05,1.4463,1.4514,1.4526,1.4444
2007-11-06,1.4556,1.4466,1.4573,1.4464
2007-11-07,1.4644,1.4559,1.4731,1.4553
2007-11-08,1.4674,1.4642,1.4705,1.4616
2007-11-09,1.4676,1.4672,1.4754,1.463
2007-11-10,1.4676,1.4672,1.4754,1.463
2007-11-11,1.4676,1.4672,1.4754,1.463
2007-11-12,1.4535,1.4671,1.4676,1.4526
2007-11-13,1.4603,1.4533,1.4635,1.4521
2007-11-14,1.4657,1.4604,1.4726,1.4598
2007-11-15,1.4619,1.4644,1.4707,1.4606
2007-11-16,1.4659,1.4611,1.4674,1.4581
2007-11-17,1.4659,1.4611,1.4674,1.4581
2007-11-18,1.4659,1.4611,1.4674,1.4581
2007-11-19,1.4663,1.4671,1.4688,1.4618
2007-11-20,1.4823,1.4665,1.4834,1.4634
2007-11-21,1.4857,1.4842,1.4872,1.4773
2007-11-22,1.4855,1.4857,1.4874,1.4821
2007-11-23,1.4837,1.4849,1.4968,1.4784
2007-11-24,1.4837,1.4849,1.4968,1.4784
2007-11-25,1.4837,1.4849,1.4968,1.4784
2007-11-26,1.4881,1.4823,1.4888,1.4805
2007-11-27,1.4831,1.4872,1.491,1.4809
2007-11-28,1.4831,1.4824,1.486,1.471
2007-11-29,1.4741,1.4844,1.4847,1.472
2007-11-30,1.4632,1.4745,1.4785,1.4628
2007-12-01,1.4632,1.4745,1.4785,1.4628
2007-12-02,1.4632,1.4745,1.4785,1.4628
2007-12-03,1.4665,1.4638,1.4708,1.4619
2007-12-04,1.4766,1.4667,1.4768,1.4634
2007-12-05,1.4604,1.4765,1.4771,1.4591
2007-12-06,1.4632,1.4611,1.4653,1.4527
2007-12-07,1.4657,1.4632,1.4674,1.46
2007-12-08,1.4657,1.4632,1.4674,1.46
2007-12-09,1.4657,1.4632,1.4674,1.46
2007-12-10,1.4714,1.4655,1.4737,1.464
2007-12-11,1.4651,1.4714,1.4752,1.464
2007-12-12,1.4707,1.4657,1.4748,1.4649
2007-12-13,1.4627,1.4706,1.4738,1.4576
2007-12-14,1.4419,1.463,1.4661,1.4411
2007-12-15,1.4419,1.463,1.4661,1.4411
2007-12-16,1.4419,1.463,1.4661,1.4411
2007-12-17,1.44,1.4388,1.4455,1.4331
2007-12-18,1.4409,1.44,1.4438,1.4367
2007-12-19,1.4378,1.4416,1.4424,1.4325
2007-12-20,1.432,1.4375,1.4392,1.4309
2007-12-21,1.4367,1.4327,1.4411,1.4316
2007-12-22,1.4367,1.4327,1.4411,1.4316
2007-12-23,1.4367,1.4327,1.4411,1.4316
2007-12-24,1.4399,1.4374,1.4414,1.4359
2007-12-25,1.4405,1.4397,1.4415,1.4389
2007-12-26,1.4493,1.4402,1.4507,1.439
2007-12-27,1.4613,1.4487,1.464,1.4469
2007-12-28,1.4717,1.4624,1.4729,1.4592
2007-12-29,1.4717,1.4624,1.4729,1.4592
2007-12-30,1.4717,1.4624,1.4729,1.4592
2007-12-31,1.459,1.472,1.4748,1.4569
2008-01-01,1.4589,1.4587,1.461,1.4578
2008-01-02,1.4727,1.4593,1.4752,1.4589
2008-01-03,1.4748,1.4726,1.4783,1.4687
2008-01-04,1.4745,1.4748,1.4825,1.4695
2008-01-05,1.4745,1.4748,1.4825,1.4695
2008-01-06,1.4745,1.4748,1.4825,1.4695
2008-01-07,1.4689,1.4747,1.4758,1.4659
2008-01-08,1.4708,1.4692,1.4746,1.468
2008-01-09,1.4661,1.4705,1.4745,1.464
2008-01-10,1.4807,1.4658,1.4816,1.464
2008-01-11,1.4777,1.4808,1.4821,1.4762
2008-01-12,1.4777,1.4808,1.4821,1.4762
2008-01-13,1.4777,1.4808,1.4821,1.4762
2008-01-14,1.4868,1.4783,1.4916,1.478
2008-01-15,1.4808,1.4867,1.4923,1.48
2008-01-16,1.4659,1.4802,1.486,1.4595
2008-01-17,1.4659,1.4651,1.4715,1.4588
2008-01-18,1.4611,1.4647,1.4697,1.4604
2008-01-19,1.4611,1.4647,1.4697,1.4604
2008-01-20,1.4611,1.4647,1.4697,1.4604
2008-01-21,1.4446,1.4605,1.4606,1.4422
2008-01-22,1.4627,1.4446,1.4644,1.4365
2008-01-23,1.4638,1.4627,1.4684,1.451
2008-01-24,1.4768,1.463,1.4781,1.4591
2008-01-25,1.4672,1.4758,1.4777,1.4661
2008-01-26,1.4672,1.4758,1.4777,1.4661
2008-01-27,1.4672,1.4758,1.4777,1.4661
2008-01-28,1.4786,1.4681,1.4799,1.466
2008-01-29,1.4777,1.4784,1.4798,1.4737
2008-01-30,1.488,1.4777,1.4907,1.4756
2008-01-31,1.4866,1.4862,1.4915,1.4801
2008-02-01,1.48,1.486,1.4954,1.4787
2008-02-02,1.48,1.486,1.4954,1.4787
2008-02-03,1.48,1.486,1.4954,1.4787
2008-02-04,1.4827,1.4807,1.4851,1.4794
2008-02-05,1.4639,1.4832,1.4836,1.4622
2008-02-06,1.4622,1.4645,1.4672,1.4591
2008-02-07,1.4485,1.4636,1.4655,1.444
2008-02-08,1.451,1.4482,1.4548,1.4449
2008-02-09,1.451,1.4482,1.4548,1.4449
2008-02-10,1.451,1.4482,1.4548,1.4449
2008-02-11,1.4526,1.4518,1.4579,1.4482
2008-02-12,1.4583,1.452,1.4615,1.4495
2008-02-13,1.457,1.4579,1.46,1.4531
2008-02-14,1.4638,1.457,1.4648,1.4548
2008-02-15,1.468,1.4638,1.4711,1.4632
2008-02-16,1.468,1.4638,1.4711,1.4632
2008-02-17,1.468,1.4638,1.4711,1.4632
2008-02-18,1.4659,1.4679,1.4692,1.4611
2008-02-19,1.4727,1.4655,1.4759,1.4642
2008-02-20,1.4713,1.4727,1.4732,1.4614
2008-02-21,1.4813,1.4712,1.4838,1.4703
2008-02-22,1.4832,1.4812,1.4864,1.4789
2008-02-23,1.4832,1.4812,1.4864,1.4789
2008-02-24,1.4832,1.4812,1.4864,1.4789
2008-02-25,1.4829,1.4839,1.4846,1.4795
2008-02-26,1.4975,1.4829,1.4984,1.4779
2008-02-27,1.5123,1.498,1.5145,1.4972
2008-02-28,1.5223,1.5124,1.5231,1.5074
2008-02-29,1.5181,1.5205,1.524,1.5144
2008-03-01,1.5181,1.5205,1.524,1.5144
2008-03-02,1.5181,1.5205,1.524,1.5144
2008-03-03,1.5208,1.5194,1.5276,1.5156
2008-03-04,1.521,1.5206,1.525,1.5173
2008-03-05,1.5271,1.5215,1.5303,1.5146
2008-03-06,1.5389,1.5265,1.5396,1.5261
2008-03-07,1.5351,1.5388,1.5461,1.5314
2008-03-08,1.5351,1.5388,1.5461,1.5314
2008-03-09,1.5351,1.5388,1.5461,1.5314
2008-03-10,1.5341,1.5364,1.5404,1.5313
2008-03-11,1.5333,1.5346,1.5497,1.5283
2008-03-12,1.5571,1.5337,1.5571,1.5334
2008-03-13,1.564,1.5566,1.5646,1.5522
2008-03-14,1.5675,1.5627,1.569,1.5532
2008-03-15,1.5675,1.5627,1.569,1.5532
2008-03-16,1.5675,1.5627,1.569,1.5532
2008-03-17,1.5729,1.5725,1.5906,1.5685
2008-03-18,1.5626,1.5731,1.5834,1.5618
2008-03-19,1.5633,1.5623,1.5787,1.5583
2008-03-20,1.5434,1.5641,1.5652,1.5397
2008-03-21,1.5432,1.5433,1.5474,1.5406
2008-03-22,1.5432,1.5433,1.5474,1.5406
2008-03-23,1.5432,1.5433,1.5474,1.5406
2008-03-24,1.5432,1.5422,1.5458,1.5342
2008-03-25,1.5629,1.5433,1.5659,1.5408
2008-03-26,1.5845,1.563,1.586,1.5584
2008-03-27,1.5781,1.5842,1.5848,1.5726
2008-03-28,1.5802,1.5779,1.5841,1.5741
2008-03-29,1.5802,1.5779,1.5841,1.5741
2008-03-30,1.5802,1.5779,1.5841,1.5741
2008-03-31,1.5774,1.5812,1.5896,1.576
2008-04-01,1.561,1.5764,1.5787,1.556
2008-04-02,1.5688,1.5617,1.5703,1.5534
2008-04-03,1.568,1.5689,1.5694,1.551
2008-04-04,1.5737,1.5683,1.5775,1.5637
2008-04-05,1.5737,1.5683,1.5775,1.5637
2008-04-06,1.5737,1.5683,1.5775,1.5637
2008-04-07,1.5703,1.5732,1.5737,1.5627
2008-04-08,1.5701,1.571,1.5799,1.5674
2008-04-09,1.5832,1.5702,1.5866,1.5684
2008-04-10,1.5743,1.583,1.5913,1.5724
2008-04-11,1.5807,1.5743,1.5857,1.5739
2008-04-12,1.5807,1.5743,1.5857,1.5739
2008-04-13,1.5807,1.5743,1.5857,1.5739
2008-04-14,1.5845,1.5698,1.5887,1.5671
2008-04-15,1.5792,1.5841,1.5876,1.5751
2008-04-16,1.595,1.5791,1.5978,1.5758
2008-04-17,1.5896,1.594,1.5984,1.5846
2008-04-18,1.5815,1.5895,1.5959,1.5712
2008-04-19,1.5815,1.5895,1.5959,1.5712
2008-04-20,1.5815,1.5895,1.5959,1.5712
2008-04-21,1.5906,1.5812,1.5948,1.5791
2008-04-22,1.5988,1.5912,1.6019,1.5834
2008-04-23,1.5888,1.6,1.6,1.5859
2008-04-24,1.5683,1.5883,1.5892,1.5638
2008-04-25,1.5625,1.568,1.5709,1.5555
2008-04-26,1.5625,1.568,1.5709,1.5555
2008-04-27,1.5625,1.568,1.5709,1.5555
2008-04-28,1.566,1.5617,1.5693,1.5593
2008-04-29,1.5569,1.5651,1.5661,1.5541
2008-04-30,1.5617,1.5568,1.5643,1.5517
2008-05-01,1.547,1.5614,1.5644,1.5429
2008-05-02,1.5429,1.5467,1.5501,1.536
2008-05-03,1.5429,1.5467,1.5501,1.536
2008-05-04,1.5429,1.5467,1.5501,1.536
2008-05-05,1.5492,1.5433,1.5519,1.5422
2008-05-06,1.5531,1.5498,1.5594,1.5451
2008-05-07,1.5391,1.5531,1.5539,1.5365
2008-05-08,1.5407,1.5394,1.5441,1.5285
2008-05-09,1.5483,1.5404,1.5491,1.5394
2008-05-10,1.5483,1.5404,1.5491,1.5394
2008-05-11,1.5483,1.5404,1.5491,1.5394
2008-05-12,1.5547,1.5462,1.5571,1.5365
2008-05-13,1.546,1.5541,1.5567,1.5431
2008-05-14,1.5476,1.5471,1.5487,1.5395
2008-05-15,1.5444,1.5482,1.5548,1.5419
2008-05-16,1.5577,1.5442,1.5602,1.5437
2008-05-17,1.5577,1.5442,1.5602,1.5437
2008-05-18,1.5577,1.5442,1.5602,1.5437
2008-05-19,1.5518,1.5597,1.5633,1.5485
2008-05-20,1.5657,1.5518,1.568,1.5503
2008-05-21,1.5789,1.565,1.5795,1.5631
2008-05-22,1.573,1.5795,1.5816,1.5692
2008-05-23,1.5766,1.5726,1.5796,1.5697
2008-05-24,1.5766,1.5726,1.5796,1.5697
2008-05-25,1.5766,1.5726,1.5796,1.5697
2008-05-26,1.5776,1.5772,1.5794,1.5742
2008-05-27,1.5685,1.5774,1.5819,1.5681
2008-05-28,1.5638,1.5678,1.5762,1.5608
2008-05-29,1.5516,1.5646,1.5665,1.5486
2008-05-30,1.5554,1.5517,1.5571,1.5462
2008-05-31,1.5554,1.5517,1.5571,1.5462
2008-06-01,1.5554,1.5517,1.5571,1.5462
2008-06-02,1.5544,1.556,1.5591,1.5487
2008-06-03,1.5446,1.5538,1.563,1.541
2008-06-04,1.5433,1.5434,1.5484,1.5419
2008-06-05,1.5586,1.5423,1.5603,1.5366
2008-06-06,1.5777,1.5583,1.5777,1.557
2008-06-07,1.5777,1.5583,1.5777,1.557
2008-06-08,1.5777,1.5583,1.5777,1.557
2008-06-09,1.5644,1.5793,1.5846,1.5617
2008-06-10,1.5463,1.5642,1.5654,1.5439
2008-06-11,1.5554,1.5452,1.5587,1.5452
2008-06-12,1.5447,1.5557,1.5566,1.5379
2008-06-13,1.538,1.545,1.5484,1.5302
2008-06-14,1.538,1.545,1.5484,1.5302
2008-06-15,1.538,1.545,1.5484,1.5302
2008-06-16,1.5467,1.541,1.5518,1.5345
2008-06-17,1.5509,1.5466,1.5552,1.546
2008-06-18,1.5534,1.5506,1.5539,1.546
2008-06-19,1.5501,1.5531,1.5587,1.5466
2008-06-20,1.5605,1.5505,1.5652,1.5491
2008-06-21,1.5605,1.5505,1.5652,1.5491
2008-06-22,1.5605,1.5505,1.5652,1.5491
2008-06-23,1.5524,1.563,1.5631,1.5468
2008-06-24,1.5566,1.5518,1.5623,1.5492
2008-06-25,1.5671,1.5567,1.5688,1.5537
2008-06-26,1.5755,1.5669,1.5768,1.5627
2008-06-27,1.5795,1.5753,1.5795,1.5716
2008-06-28,1.5795,1.5753,1.5795,1.5716
2008-06-29,1.5795,1.5753,1.5795,1.5716
2008-06-30,1.5756,1.5776,1.5837,1.573
2008-07-01,1.579,1.5756,1.5828,1.5723
2008-07-02,1.588,1.5795,1.589,1.5775
2008-07-03,1.5698,1.5887,1.5911,1.5682
2008-07-04,1.5706,1.5698,1.5729,1.5653
2008-07-05,1.5706,1.5698,1.5729,1.5653
2008-07-06,1.5706,1.5698,1.5729,1.5653
2008-07-07,1.5722,1.5696,1.5753,1.5609
2008-07-08,1.5672,1.5724,1.574,1.5634
2008-07-09,1.5742,1.5669,1.5753,1.5649
2008-07-10,1.5785,1.574,1.5801,1.569
2008-07-11,1.5942,1.5787,1.5948,1.5765
2008-07-12,1.5942,1.5787,1.5948,1.5765
2008-07-13,1.5942,1.5787,1.5948,1.5765
2008-07-14,1.5905,1.5964,1.5972,1.5841
2008-07-15,1.5919,1.59,1.6039,1.5865
2008-07-16,1.5824,1.5916,1.5949,1.58
2008-07-17,1.5863,1.5824,1.5895,1.5784
2008-07-18,1.5848,1.5859,1.5889,1.5805
2008-07-19,1.5848,1.5859,1.5889,1.5805
2008-07-20,1.5848,1.5859,1.5889,1.5805
2008-07-21,1.593,1.5837,1.5932,1.5827
2008-07-22,1.5784,1.5926,1.5945,1.5757
2008-07-23,1.5688,1.5791,1.5798,1.5669
2008-07-24,1.5676,1.5683,1.5714,1.5628
2008-07-25,1.571,1.5676,1.5754,1.5662
2008-07-26,1.571,1.5676,1.5754,1.5662
2008-07-27,1.571,1.5676,1.5754,1.5662
2008-07-28,1.5746,1.57,1.5769,1.5683
2008-07-29,1.5589,1.5739,1.576,1.5553
2008-07-30,1.5577,1.5583,1.5617,1.552
2008-07-31,1.5601,1.5577,1.5701,1.5568
2008-08-01,1.5566,1.5598,1.56,1.5513
2008-08-02,1.5566,1.5598,1.56,1.5513
2008-08-03,1.5566,1.5598,1.56,1.5513
2008-08-04,1.5577,1.557,1.5633,1.5554
2008-08-05,1.5458,1.5574,1.5577,1.5447
2008-08-06,1.5414,1.5454,1.5518,1.5399
2008-08-07,1.5322,1.5414,1.5505,1.5309
2008-08-08,1.5006,1.532,1.5335,1.4996
2008-08-09,1.5006,1.532,1.5335,1.4996
2008-08-10,1.5006,1.532,1.5335,1.4996
2008-08-11,1.4905,1.4934,1.5084,1.4879
2008-08-12,1.492,1.4898,1.4965,1.4813
2008-08-13,1.4924,1.4907,1.4979,1.484
2008-08-14,1.4808,1.4923,1.495,1.4778
2008-08-15,1.4689,1.4802,1.4808,1.4657
2008-08-16,1.4689,1.4802,1.4808,1.4657
2008-08-17,1.4689,1.4802,1.4808,1.4657
2008-08-18,1.4696,1.4682,1.4768,1.4672
2008-08-19,1.4789,1.4683,1.4796,1.463
2008-08-20,1.4744,1.4786,1.4807,1.4673
2008-08-21,1.4907,1.4742,1.4908,1.4731
2008-08-22,1.4793,1.4895,1.4902,1.4758
2008-08-23,1.4793,1.4895,1.4902,1.4758
2008-08-24,1.4793,1.4895,1.4902,1.4758
2008-08-25,1.4751,1.4787,1.4808,1.4696
2008-08-26,1.465,1.4751,1.4761,1.4568
2008-08-27,1.4722,1.4647,1.4777,1.4633
2008-08-28,1.4699,1.4712,1.4811,1.467
2008-08-29,1.4674,1.4704,1.477,1.4641
2008-08-30,1.4674,1.4704,1.477,1.4641
2008-08-31,1.4674,1.4704,1.477,1.4641
2008-09-01,1.4606,1.4702,1.4719,1.4582
2008-09-02,1.4517,1.4607,1.4607,1.4466
2008-09-03,1.4489,1.4516,1.4531,1.4385
2008-09-04,1.4251,1.4493,1.4546,1.4217
2008-09-05,1.4269,1.4234,1.4349,1.4197
2008-09-06,1.4269,1.4234,1.4349,1.4197
2008-09-07,1.4269,1.4234,1.4349,1.4197
2008-09-08,1.4127,1.4384,1.4429,1.4054
2008-09-09,1.4137,1.4126,1.4227,1.4047
2008-09-10,1.3986,1.4111,1.4179,1.3972
2008-09-11,1.403,1.3975,1.4036,1.388
2008-09-12,1.4228,1.4019,1.4232,1.3971
2008-09-13,1.4228,1.4019,1.4232,1.3971
2008-09-14,1.4228,1.4019,1.4232,1.3971
2008-09-15,1.4266,1.4315,1.4481,1.4086
2008-09-16,1.4121,1.4263,1.4285,1.4079
2008-09-17,1.4305,1.4112,1.4385,1.4092
2008-09-18,1.4339,1.4319,1.4543,1.428
2008-09-19,1.4466,1.4327,1.45,1.4151
2008-09-20,1.4466,1.4327,1.45,1.4151
2008-09-21,1.4466,1.4327,1.45,1.4151
2008-09-22,1.4786,1.4492,1.4867,1.4438
2008-09-23,1.4645,1.4795,1.4827,1.4623
2008-09-24,1.4613,1.4646,1.4748,1.4611
2008-09-25,1.4622,1.461,1.4769,1.456
2008-09-26,1.4615,1.4617,1.4678,1.4554
2008-09-27,1.4615,1.4617,1.4678,1.4554
2008-09-28,1.4615,1.4617,1.4678,1.4554
2008-09-29,1.4418,1.4522,1.4566,1.43
2008-09-30,1.4104,1.4418,1.4427,1.401
2008-10-01,1.4021,1.4124,1.4176,1.3976
2008-10-02,1.3818,1.4026,1.4027,1.3745
2008-10-03,1.3771,1.3818,1.3907,1.3704
2008-10-04,1.3771,1.3818,1.3907,1.3704
2008-10-05,1.3771,1.3818,1.3907,1.3704
2008-10-06,1.349,1.3665,1.3676,1.3443
2008-10-07,1.3619,1.3486,1.3741,1.3481
2008-10-08,1.363,1.363,1.3758,1.3544
2008-10-09,1.3597,1.3631,1.3785,1.358
2008-10-10,1.3414,1.3589,1.3652,1.3259
2008-10-11,1.3414,1.3589,1.3652,1.3259
2008-10-12,1.3414,1.3589,1.3652,1.3259
2008-10-13,1.3593,1.3559,1.3683,1.3458
2008-10-14,1.3624,1.3594,1.3771,1.3586
2008-10-15,1.346,1.362,1.3685,1.3453
2008-10-16,1.3487,1.3467,1.3539,1.3346
2008-10-17,1.3409,1.3483,1.3518,1.3387
2008-10-18,1.3409,1.3483,1.3518,1.3387
2008-10-19,1.3409,1.3483,1.3518,1.3387
2008-10-20,1.3344,1.3403,1.3532,1.3286
2008-10-21,1.3059,1.3332,1.3355,1.3051
2008-10-22,1.2854,1.3065,1.3078,1.2773
2008-10-23,1.298,1.2828,1.3003,1.2727
2008-10-24,1.2624,1.2973,1.298,1.2498
2008-10-25,1.2624,1.2973,1.298,1.2498
2008-10-26,1.2624,1.2973,1.298,1.2498
2008-10-27,1.2467,1.2549,1.2686,1.2333
2008-10-28,1.2715,1.2475,1.2744,1.233
2008-10-29,1.2963,1.2768,1.2994,1.2627
2008-10-30,1.2908,1.2965,1.3295,1.2803
2008-10-31,1.2733,1.2855,1.2897,1.2668
2008-11-01,1.2733,1.2855,1.2897,1.2668
2008-11-02,1.2733,1.2855,1.2897,1.2668
2008-11-03,1.2643,1.275,1.29,1.2596
2008-11-04,1.3034,1.2631,1.3038,1.2527
2008-11-05,1.2952,1.298,1.3118,1.2792
2008-11-06,1.2702,1.2961,1.2967,1.2702
2008-11-07,1.2739,1.2718,1.2853,1.2654
2008-11-08,1.2739,1.2718,1.2853,1.2654
2008-11-09,1.2739,1.2718,1.2853,1.2654
2008-11-10,1.2733,1.2821,1.293,1.2719
2008-11-11,1.2519,1.2755,1.2801,1.2506
2008-11-12,1.2472,1.253,1.2636,1.247
2008-11-13,1.283,1.2505,1.2855,1.2389
2008-11-14,1.2634,1.2787,1.283,1.2617
2008-11-15,1.2634,1.2787,1.283,1.2617
2008-11-16,1.2634,1.2787,1.283,1.2617
2008-11-17,1.2647,1.2534,1.2742,1.2513
2008-11-18,1.2622,1.2649,1.27,1.2567
2008-11-19,1.2523,1.2616,1.2814,1.2517
2008-11-20,1.2458,1.2502,1.2595,1.2456
2008-11-21,1.2581,1.2447,1.2643,1.2425
2008-11-22,1.2581,1.2447,1.2643,1.2425
2008-11-23,1.2581,1.2447,1.2643,1.2425
2008-11-24,1.2914,1.2592,1.293,1.2568
2008-11-25,1.3058,1.2929,1.3081,1.2805
2008-11-26,1.2893,1.3064,1.3073,1.2821
2008-11-27,1.2893,1.2881,1.297,1.2859
2008-11-28,1.2698,1.2904,1.2961,1.2647
2008-11-29,1.2698,1.2904,1.2961,1.2647
2008-11-30,1.2698,1.2904,1.2961,1.2647
2008-12-01,1.2626,1.271,1.2712,1.2581
2008-12-02,1.2715,1.2611,1.277,1.2564
2008-12-03,1.2715,1.2712,1.2742,1.2602
2008-12-04,1.2771,1.2702,1.2849,1.2549
2008-12-05,1.2736,1.2788,1.2801,1.2628
2008-12-06,1.2736,1.2788,1.2801,1.2628
2008-12-07,1.2736,1.2788,1.2801,1.2628
2008-12-08,1.2937,1.2726,1.2964,1.2717
2008-12-09,1.2913,1.2953,1.3001,1.2796
2008-12-10,1.3018,1.2927,1.3072,1.2902
2008-12-11,1.3359,1.3013,1.3407,1.3001
2008-12-12,1.3373,1.3356,1.3417,1.3251
2008-12-13,1.3373,1.3356,1.3417,1.3251
2008-12-14,1.3373,1.3356,1.3417,1.3251
2008-12-15,1.3712,1.3368,1.3713,1.3365
2008-12-16,1.41,1.3703,1.4146,1.3631
2008-12-17,1.4403,1.4052,1.4438,1.3995
2008-12-18,1.4211,1.4406,1.4721,1.4187
2008-12-19,1.3919,1.4244,1.4312,1.3825
2008-12-20,1.3919,1.4244,1.4312,1.3825
2008-12-21,1.3919,1.4244,1.4312,1.3825
2008-12-22,1.3945,1.3934,1.4126,1.3902
2008-12-23,1.3963,1.3948,1.4021,1.3918
2008-12-24,1.4004,1.3941,1.4022,1.3914
2008-12-25,1.4015,1.4013,1.4051,1.3977
2008-12-26,1.4063,1.4009,1.4121,1.399
2008-12-27,1.4063,1.4009,1.4121,1.399
2008-12-28,1.4063,1.4009,1.4121,1.399
2008-12-29,1.3977,1.406,1.4362,1.3968
2008-12-30,1.4072,1.3946,1.4223,1.3918
2008-12-31,1.398,1.4067,1.4148,1.385
2009-01-01,1.399,1.3967,1.4002,1.3948
2009-01-02,1.3879,1.3993,1.4058,1.384
2009-01-03,1.3879,1.3993,1.4058,1.384
2009-01-04,1.3879,1.3993,1.4058,1.384
2009-01-05,1.3605,1.3902,1.3965,1.3546
2009-01-06,1.351,1.3611,1.3659,1.3312
2009-01-07,1.3634,1.3529,1.3748,1.343
2009-01-08,1.3727,1.3651,1.38,1.3533
2009-01-09,1.344,1.371,1.3752,1.3415
2009-01-10,1.344,1.371,1.3752,1.3415
2009-01-11,1.344,1.371,1.3752,1.3415
2009-01-12,1.3371,1.3474,1.3476,1.3287
2009-01-13,1.3196,1.3361,1.3375,1.3142
2009-01-14,1.3162,1.319,1.3336,1.3092
2009-01-15,1.3154,1.3184,1.3242,1.3026
2009-01-16,1.3304,1.3127,1.3344,1.311
2009-01-17,1.3304,1.3127,1.3344,1.311
2009-01-18,1.3304,1.3127,1.3344,1.311
2009-01-19,1.3112,1.3327,1.3386,1.31
2009-01-20,1.2889,1.309,1.3105,1.2856
2009-01-21,1.3041,1.2907,1.307,1.2826
2009-01-22,1.2986,1.3051,1.3085,1.2908
2009-01-23,1.2992,1.3004,1.3036,1.2766
2009-01-24,1.2992,1.3004,1.3036,1.2766
2009-01-25,1.2992,1.3004,1.3036,1.2766
2009-01-26,1.3166,1.2969,1.3207,1.286
2009-01-27,1.3178,1.3181,1.333,1.3118
2009-01-28,1.3138,1.3164,1.3327,1.3103
2009-01-29,1.2959,1.3154,1.318,1.2933
2009-01-30,1.2782,1.2954,1.2961,1.2778
2009-01-31,1.2782,1.2954,1.2961,1.2778
2009-02-01,1.2782,1.2954,1.2961,1.2778
2009-02-02,1.2851,1.2769,1.29,1.2706
2009-02-03,1.3037,1.2849,1.3058,1.2801
2009-02-04,1.283,1.3028,1.307,1.2812
2009-02-05,1.2786,1.2854,1.2906,1.2759
2009-02-06,1.2933,1.2797,1.2994,1.2749
2009-02-07,1.2933,1.2797,1.2994,1.2749
2009-02-08,1.2933,1.2797,1.2994,1.2749
2009-02-09,1.301,1.2961,1.3094,1.2872
2009-02-10,1.2898,1.3012,1.3075,1.2809
2009-02-11,1.2896,1.2916,1.3,1.2832
2009-02-12,1.2864,1.2902,1.2944,1.2723
2009-02-13,1.2862,1.287,1.2944,1.2818
2009-02-14,1.2862,1.287,1.2944,1.2818
2009-02-15,1.2862,1.287,1.2944,1.2818
2009-02-16,1.2778,1.2788,1.2826,1.2727
2009-02-17,1.2591,1.2792,1.2811,1.2563
2009-02-18,1.2539,1.2583,1.2641,1.2513
2009-02-19,1.2663,1.2534,1.276,1.2525
2009-02-20,1.2843,1.2671,1.2885,1.2558
2009-02-21,1.2843,1.2671,1.2885,1.2558
2009-02-22,1.2843,1.2671,1.2885,1.2558
2009-02-23,1.2708,1.2797,1.2992,1.2691
2009-02-24,1.284,1.2694,1.2877,1.2661
2009-02-25,1.271,1.2843,1.2904,1.2692
2009-02-26,1.2731,1.2718,1.281,1.2682
2009-02-27,1.2669,1.2744,1.2752,1.2603
2009-02-28,1.2669,1.2744,1.2752,1.2603
2009-03-01,1.2669,1.2744,1.2752,1.2603
2009-03-02,1.2584,1.2626,1.2636,1.2545
2009-03-03,1.2567,1.2578,1.2679,1.2521
2009-03-04,1.2637,1.2557,1.2658,1.2456
2009-03-05,1.2561,1.266,1.2664,1.2479
2009-03-06,1.2641,1.2546,1.2755,1.253
2009-03-07,1.2641,1.2546,1.2755,1.253
2009-03-08,1.2641,1.2546,1.2755,1.253
2009-03-09,1.2611,1.2668,1.2729,1.2553
2009-03-10,1.2671,1.2603,1.2822,1.2577
2009-03-11,1.2829,1.2683,1.2866,1.2617
2009-03-12,1.2912,1.2842,1.2948,1.2732
2009-03-13,1.2925,1.2916,1.2959,1.2864
2009-03-14,1.2925,1.2916,1.2959,1.2864
2009-03-15,1.2925,1.2916,1.2959,1.2864
2009-03-16,1.2966,1.2884,1.3071,1.2835
2009-03-17,1.3013,1.2982,1.3033,1.2929
2009-03-18,1.3508,1.3015,1.352,1.2987
2009-03-19,1.3666,1.3519,1.3739,1.3418
2009-03-20,1.3583,1.3662,1.373,1.3517
2009-03-21,1.3583,1.3662,1.373,1.3517
2009-03-22,1.3583,1.3662,1.373,1.3517
2009-03-23,1.363,1.3632,1.3737,1.3487
2009-03-24,1.346,1.3622,1.3678,1.3432
2009-03-25,1.3586,1.3474,1.3653,1.3419
2009-03-26,1.3534,1.3588,1.364,1.3494
2009-03-27,1.3301,1.3527,1.3594,1.3258
2009-03-28,1.3301,1.3527,1.3594,1.3258
2009-03-29,1.3301,1.3527,1.3594,1.3258
2009-03-30,1.3207,1.3225,1.3286,1.3112
2009-03-31,1.3251,1.3202,1.3343,1.3173
2009-04-01,1.3232,1.3247,1.3287,1.3167
2009-04-02,1.3463,1.3227,1.3518,1.3222
2009-04-03,1.3483,1.346,1.3498,1.3365
2009-04-04,1.3483,1.346,1.3498,1.3365
2009-04-05,1.3483,1.346,1.3498,1.3365
2009-04-06,1.3407,1.351,1.3582,1.3357
2009-04-07,1.3268,1.3395,1.3408,1.3226
2009-04-08,1.326,1.3267,1.3311,1.3146
2009-04-09,1.3165,1.3265,1.3336,1.3125
2009-04-10,1.3188,1.3167,1.319,1.3091
2009-04-11,1.3188,1.3167,1.319,1.3091
2009-04-12,1.3188,1.3167,1.319,1.3091
2009-04-13,1.3365,1.3189,1.3393,1.3127
2009-04-14,1.3255,1.3369,1.3383,1.3228
2009-04-15,1.322,1.3259,1.3297,1.3146
2009-04-16,1.3179,1.3211,1.3268,1.3126
2009-04-17,1.3041,1.3185,1.32,1.3019
2009-04-18,1.3041,1.3185,1.32,1.3019
2009-04-19,1.3041,1.3185,1.32,1.3019
2009-04-20,1.2916,1.3046,1.3049,1.2884
2009-04-21,1.2935,1.2922,1.2995,1.2898
2009-04-22,1.2999,1.2948,1.3038,1.2885
2009-04-23,1.3147,1.2994,1.3161,1.2979
2009-04-24,1.3255,1.3139,1.3304,1.3114
2009-04-25,1.3255,1.3139,1.3304,1.3114
2009-04-26,1.3255,1.3139,1.3304,1.3114
2009-04-27,1.3019,1.3241,1.3246,1.2998
2009-04-28,1.3146,1.302,1.3168,1.2964
2009-04-29,1.3266,1.314,1.3342,1.3121
2009-04-30,1.3226,1.3251,1.3384,1.319
2009-05-01,1.3266,1.3228,1.333,1.3219
2009-05-02,1.3266,1.3228,1.333,1.3219
2009-05-03,1.3266,1.3228,1.333,1.3219
2009-05-04,1.3405,1.3288,1.3428,1.3212
2009-05-05,1.3323,1.3409,1.3438,1.3281
2009-05-06,1.3319,1.3306,1.3375,1.3247
2009-05-07,1.3399,1.3308,1.3471,1.325
2009-05-08,1.3647,1.339,1.3651,1.334
2009-05-09,1.3647,1.339,1.3651,1.334
2009-05-10,1.3647,1.339,1.3651,1.334
2009-05-11,1.3575,1.3647,1.3668,1.3554
2009-05-12,1.3644,1.3571,1.3707,1.3563
2009-05-13,1.3599,1.3643,1.3722,1.3565
2009-05-14,1.3634,1.3596,1.3664,1.3523
2009-05-15,1.3496,1.3637,1.3653,1.3464
2009-05-16,1.3496,1.3637,1.3653,1.3464
2009-05-17,1.3496,1.3637,1.3653,1.3464
2009-05-18,1.3557,1.3486,1.3565,1.3422
2009-05-19,1.3625,1.3555,1.367,1.3531
2009-05-20,1.3771,1.3626,1.383,1.3582
2009-05-21,1.3893,1.3761,1.3925,1.3727
2009-05-22,1.3994,1.3895,1.4053,1.3894
2009-05-23,1.3994,1.3895,1.4053,1.3894
2009-05-24,1.3994,1.3895,1.4053,1.3894
2009-05-25,1.4009,1.4036,1.4038,1.396
2009-05-26,1.3991,1.4011,1.4024,1.3858
2009-05-27,1.3836,1.3988,1.4002,1.3823
2009-05-28,1.3937,1.3832,1.3982,1.379
2009-05-29,1.4154,1.3937,1.4171,1.3926
2009-05-30,1.4154,1.3937,1.4171,1.3926
2009-05-31,1.4154,1.3937,1.4171,1.3926
2009-06-01,1.4165,1.4123,1.4247,1.4099
2009-06-02,1.4305,1.4149,1.4334,1.4102
2009-06-03,1.4152,1.431,1.4339,1.4108
2009-06-04,1.4188,1.4146,1.4242,1.4068
2009-06-05,1.3975,1.4178,1.4269,1.3933
2009-06-06,1.3975,1.4178,1.4269,1.3933
2009-06-07,1.3975,1.4178,1.4269,1.3933
2009-06-08,1.3898,1.3945,1.4004,1.3806
2009-06-09,1.4066,1.3895,1.4101,1.3851
2009-06-10,1.3967,1.4068,1.4146,1.3914
2009-06-11,1.4106,1.3963,1.4179,1.3941
2009-06-12,1.4024,1.4101,1.4131,1.3937
2009-06-13,1.4024,1.4101,1.4131,1.3937
2009-06-14,1.4024,1.4101,1.4131,1.3937
2009-06-15,1.3792,1.3989,1.4004,1.3756
2009-06-16,1.3836,1.3788,1.3933,1.3748
2009-06-17,1.3942,1.3836,1.3986,1.3807
2009-06-18,1.3906,1.3944,1.4004,1.3872
2009-06-19,1.3943,1.3905,1.4014,1.3884
2009-06-20,1.3943,1.3905,1.4014,1.3884
2009-06-21,1.3943,1.3905,1.4014,1.3884
2009-06-22,1.3862,1.3952,1.3954,1.3826
2009-06-23,1.4079,1.386,1.4108,1.3828
2009-06-24,1.3926,1.4077,1.414,1.3888
2009-06-25,1.3988,1.3936,1.4016,1.389
2009-06-26,1.4053,1.3994,1.412,1.3983
2009-06-27,1.4053,1.3994,1.412,1.3983
2009-06-28,1.4053,1.3994,1.412,1.3983
2009-06-29,1.4076,1.4063,1.4104,1.3982
2009-06-30,1.4036,1.408,1.4154,1.4002
2009-07-01,1.4152,1.4034,1.4203,1.4001
2009-07-02,1.3941,1.415,1.4156,1.3929
2009-07-03,1.3964,1.3938,1.403,1.3937
2009-07-04,1.3964,1.3938,1.403,1.3937
2009-07-05,1.3964,1.3938,1.403,1.3937
2009-07-06,1.3975,1.3956,1.4,1.3876
2009-07-07,1.3922,1.3978,1.4053,1.3902
2009-07-08,1.3877,1.3918,1.3939,1.3831
2009-07-09,1.4026,1.3874,1.4074,1.3857
2009-07-10,1.3933,1.4024,1.4033,1.3879
2009-07-11,1.3933,1.4024,1.4033,1.3879
2009-07-12,1.3933,1.4024,1.4033,1.3879
2009-07-13,1.3979,1.3946,1.4002,1.3897
2009-07-14,1.397,1.3981,1.4017,1.3911
2009-07-15,1.4106,1.3969,1.4135,1.3962
2009-07-16,1.4148,1.4102,1.4167,1.4055
2009-07-17,1.4099,1.4145,1.415,1.4063
2009-07-18,1.4099,1.4145,1.415,1.4063
2009-07-19,1.4099,1.4145,1.415,1.4063
2009-07-20,1.4228,1.4116,1.4251,1.4109
2009-07-21,1.4213,1.4223,1.4278,1.4162
2009-07-22,1.4211,1.422,1.426,1.4155
2009-07-23,1.416,1.4206,1.4292,1.4119
2009-07-24,1.4205,1.416,1.4256,1.4136
2009-07-25,1.4205,1.416,1.4256,1.4136
2009-07-26,1.4205,1.416,1.4256,1.4136
2009-07-27,1.4245,1.4226,1.4301,1.4171
2009-07-28,1.4177,1.4242,1.4303,1.4127
2009-07-29,1.4037,1.4174,1.4197,1.4007
2009-07-30,1.4074,1.4036,1.4097,1.4007
2009-07-31,1.425,1.4067,1.4282,1.4065
2009-08-01,1.425,1.4067,1.4282,1.4065
2009-08-02,1.425,1.4067,1.4282,1.4065
2009-08-03,1.4418,1.4268,1.4447,1.4206
2009-08-04,1.44,1.4417,1.4434,1.4367
2009-08-05,1.4412,1.4394,1.4449,1.4357
2009-08-06,1.4348,1.4416,1.4433,1.4329
2009-08-07,1.4188,1.4356,1.4417,1.4155
2009-08-08,1.4188,1.4356,1.4417,1.4155
2009-08-09,1.4188,1.4356,1.4417,1.4155
2009-08-10,1.4146,1.4175,1.4219,1.4103
2009-08-11,1.4146,1.4146,1.4186,1.411
2009-08-12,1.4203,1.4148,1.4248,1.4084
2009-08-13,1.4289,1.4204,1.433,1.4202
2009-08-14,1.4205,1.4283,1.4309,1.4161
2009-08-15,1.4205,1.4283,1.4309,1.4161
2009-08-16,1.4205,1.4283,1.4309,1.4161
2009-08-17,1.4078,1.4186,1.4194,1.4045
2009-08-18,1.4133,1.4074,1.4156,1.4067
2009-08-19,1.4236,1.4133,1.4269,1.4083
2009-08-20,1.425,1.4234,1.4278,1.4201
2009-08-21,1.4323,1.4249,1.4378,1.421
2009-08-22,1.4323,1.4249,1.4378,1.421
2009-08-23,1.4323,1.4249,1.4378,1.421
2009-08-24,1.4303,1.4344,1.4362,1.4281
2009-08-25,1.4298,1.4299,1.4364,1.4254
2009-08-26,1.425,1.4303,1.4351,1.4206
2009-08-27,1.4351,1.4244,1.4405,1.4218
2009-08-28,1.4299,1.4346,1.4391,1.4282
2009-08-29,1.4299,1.4346,1.4391,1.4282
2009-08-30,1.4299,1.4346,1.4391,1.4282
2009-08-31,1.4331,1.4306,1.4369,1.4255
2009-09-01,1.4221,1.4332,1.4379,1.4177
2009-09-02,1.4264,1.4217,1.4296,1.4191
2009-09-03,1.4254,1.4265,1.435,1.4236
2009-09-04,1.4293,1.426,1.433,1.4191
2009-09-05,1.4293,1.426,1.433,1.4191
2009-09-06,1.4293,1.426,1.433,1.4191
2009-09-07,1.4335,1.431,1.4362,1.4301
2009-09-08,1.4485,1.4335,1.4538,1.4329
2009-09-09,1.4561,1.4488,1.4602,1.4465
2009-09-10,1.4579,1.4571,1.4615,1.4501
2009-09-11,1.457,1.4577,1.4637,1.4555
2009-09-12,1.457,1.4577,1.4637,1.4555
2009-09-13,1.457,1.4577,1.4637,1.4555
2009-09-14,1.4624,1.4596,1.4653,1.4515
2009-09-15,1.4661,1.4629,1.4688,1.4561
2009-09-16,1.4712,1.4658,1.4738,1.4642
2009-09-17,1.4739,1.4707,1.4768,1.4686
2009-09-18,1.471,1.4744,1.4747,1.4648
2009-09-19,1.471,1.4744,1.4747,1.4648
2009-09-20,1.471,1.4744,1.4747,1.4648
2009-09-21,1.4675,1.4689,1.4714,1.4607
2009-09-22,1.479,1.4679,1.4825,1.4677
2009-09-23,1.4731,1.479,1.4844,1.4725
2009-09-24,1.4661,1.471,1.4806,1.4628
2009-09-25,1.4688,1.4664,1.4726,1.4614
2009-09-26,1.4688,1.4664,1.4726,1.4614
2009-09-27,1.4688,1.4664,1.4726,1.4614
2009-09-28,1.4621,1.4699,1.4722,1.456
2009-09-29,1.4585,1.4619,1.4646,1.4526
2009-09-30,1.4636,1.4583,1.4674,1.4575
2009-10-01,1.4533,1.4638,1.467,1.4518
2009-10-02,1.4572,1.4534,1.465,1.4482
2009-10-03,1.4572,1.4534,1.465,1.4482
2009-10-04,1.4572,1.4534,1.465,1.4482
2009-10-05,1.465,1.4592,1.4671,1.4581
2009-10-06,1.4718,1.4648,1.4766,1.4646
2009-10-07,1.4688,1.4718,1.4739,1.4652
2009-10-08,1.479,1.4688,1.4817,1.468
2009-10-09,1.473,1.4794,1.4798,1.4675
2009-10-10,1.473,1.4794,1.4798,1.4675
2009-10-11,1.473,1.4794,1.4798,1.4675
2009-10-12,1.4773,1.4724,1.4815,1.4678
2009-10-13,1.4859,1.4781,1.4878,1.476
2009-10-14,1.4926,1.4854,1.4948,1.4839
2009-10-15,1.4945,1.4935,1.4968,1.4842
2009-10-16,1.4906,1.4945,1.497,1.4848
2009-10-17,1.4906,1.4945,1.497,1.4848
2009-10-18,1.4906,1.4945,1.497,1.4848
2009-10-19,1.4964,1.4893,1.4979,1.4829
2009-10-20,1.4939,1.4973,1.4994,1.4882
2009-10-21,1.501,1.4934,1.5048,1.4888
2009-10-22,1.5023,1.5,1.504,1.4943
2009-10-23,1.5003,1.5024,1.5063,1.4987
2009-10-24,1.5003,1.5024,1.5063,1.4987
2009-10-25,1.5003,1.5024,1.5063,1.4987
2009-10-26,1.487,1.5,1.5063,1.4844
2009-10-27,1.4809,1.4862,1.4928,1.477
2009-10-28,1.4712,1.4813,1.4843,1.4692
2009-10-29,1.4834,1.4714,1.4859,1.4682
2009-10-30,1.4718,1.4835,1.4861,1.4704
2009-10-31,1.4718,1.4835,1.4861,1.4704
2009-11-01,1.4718,1.4835,1.4861,1.4704
2009-11-02,1.4769,1.4713,1.4846,1.4684
2009-11-03,1.4715,1.4772,1.4811,1.4624
2009-11-04,1.4878,1.4731,1.4909,1.4701
2009-11-05,1.4881,1.4871,1.4918,1.4808
2009-11-06,1.4849,1.4869,1.4915,1.4813
2009-11-07,1.4849,1.4869,1.4915,1.4813
2009-11-08,1.4849,1.4869,1.4915,1.4813
2009-11-09,1.4994,1.4884,1.5021,1.4851
2009-11-10,1.4983,1.4996,1.5021,1.4937
2009-11-11,1.4983,1.4985,1.505,1.4953
2009-11-12,1.4843,1.498,1.5017,1.482
2009-11-13,1.4917,1.4848,1.4939,1.4826
2009-11-14,1.4917,1.4848,1.4939,1.4826
2009-11-15,1.4917,1.4848,1.4939,1.4826
2009-11-16,1.4973,1.4924,1.5017,1.488
2009-11-17,1.4867,1.4971,1.5,1.4806
2009-11-18,1.4965,1.4875,1.4991,1.4857
2009-11-19,1.4918,1.4962,1.4966,1.484
2009-11-20,1.4861,1.4924,1.4937,1.4798
2009-11-21,1.4861,1.4924,1.4937,1.4798
2009-11-22,1.4861,1.4924,1.4937,1.4798
2009-11-23,1.4966,1.4859,1.5002,1.4832
2009-11-24,1.4961,1.4965,1.499,1.4888
2009-11-25,1.514,1.496,1.5145,1.4954
2009-11-26,1.5013,1.5132,1.5143,1.4958
2009-11-27,1.4967,1.5021,1.5024,1.4828
2009-11-28,1.4967,1.5021,1.5024,1.4828
2009-11-29,1.4967,1.5021,1.5024,1.4828
2009-11-30,1.5009,1.5011,1.5085,1.4964
2009-12-01,1.5088,1.5006,1.5118,1.497
2009-12-02,1.5046,1.5084,1.5111,1.5031
2009-12-03,1.507,1.5044,1.5143,1.5042
2009-12-04,1.4851,1.505,1.5091,1.4819
2009-12-05,1.4851,1.505,1.5091,1.4819
2009-12-06,1.4851,1.505,1.5091,1.4819
2009-12-07,1.4819,1.4853,1.4905,1.4756
2009-12-08,1.4699,1.4821,1.4867,1.468
2009-12-09,1.4727,1.4706,1.4785,1.467
2009-12-10,1.4735,1.4726,1.4762,1.4685
2009-12-11,1.4623,1.4733,1.4777,1.4585
2009-12-12,1.4623,1.4733,1.4777,1.4585
2009-12-13,1.4623,1.4733,1.4777,1.4585
2009-12-14,1.4656,1.4625,1.4686,1.4597
2009-12-15,1.4536,1.4658,1.4666,1.4504
2009-12-16,1.4537,1.4535,1.459,1.4503
2009-12-17,1.4345,1.4535,1.4537,1.4303
2009-12-18,1.4343,1.4339,1.4413,1.4259
2009-12-19,1.4343,1.4339,1.4413,1.4259
2009-12-20,1.4343,1.4339,1.4413,1.4259
2009-12-21,1.4284,1.4305,1.4374,1.4267
2009-12-22,1.425,1.4283,1.4333,1.4217
2009-12-23,1.4327,1.4251,1.4367,1.4234
2009-12-24,1.4375,1.4335,1.4419,1.4322
2009-12-25,1.4397,1.4376,1.4436,1.4363
2009-12-26,1.4397,1.4376,1.4436,1.4363
2009-12-27,1.4397,1.4376,1.4436,1.4363
2009-12-28,1.4383,1.4376,1.4415,1.4354
2009-12-29,1.4354,1.4377,1.446,1.4332
2009-12-30,1.4335,1.4352,1.4364,1.4274
2009-12-31,1.4318,1.4339,1.4442,1.4306
2010-01-01,1.4326,1.4328,1.433,1.4322
2010-01-02,1.4326,1.4328,1.433,1.4322
2010-01-03,1.4326,1.4328,1.433,1.4322
2010-01-04,1.4413,1.4325,1.4457,1.4257
2010-01-05,1.4369,1.4409,1.4484,1.4346
2010-01-06,1.4413,1.4364,1.4436,1.4282
2010-01-07,1.4318,1.4407,1.4447,1.4295
2010-01-08,1.4413,1.432,1.444,1.4263
2010-01-09,1.4413,1.432,1.444,1.4263
2010-01-10,1.4413,1.432,1.444,1.4263
2010-01-11,1.4514,1.4432,1.4558,1.4407
2010-01-12,1.4495,1.4514,1.4548,1.4453
2010-01-13,1.4512,1.4484,1.4584,1.4456
2010-01-14,1.4503,1.451,1.4556,1.4446
2010-01-15,1.4385,1.4504,1.4514,1.4338
2010-01-16,1.4385,1.4504,1.4514,1.4338
2010-01-17,1.4385,1.4504,1.4514,1.4338
2010-01-18,1.4386,1.434,1.4403,1.4334
2010-01-19,1.4301,1.4385,1.4415,1.4251
2010-01-20,1.4101,1.4291,1.4297,1.4078
2010-01-21,1.4091,1.4106,1.4144,1.4026
2010-01-22,1.4138,1.408,1.4182,1.4065
2010-01-23,1.4138,1.408,1.4182,1.4065
2010-01-24,1.4138,1.408,1.4182,1.4065
2010-01-25,1.4152,1.4161,1.4199,1.4128
2010-01-26,1.4076,1.415,1.4181,1.4042
2010-01-27,1.4019,1.4075,1.4098,1.3994
2010-01-28,1.3963,1.4021,1.4053,1.3936
2010-01-29,1.3864,1.3973,1.399,1.3861
2010-01-30,1.3864,1.3973,1.399,1.3861
2010-01-31,1.3864,1.3973,1.399,1.3861
2010-02-01,1.3929,1.3864,1.3939,1.3851
2010-02-02,1.3963,1.3931,1.3977,1.3887
2010-02-03,1.3899,1.3963,1.4026,1.3889
2010-02-04,1.3736,1.389,1.3905,1.3727
2010-02-05,1.3664,1.3729,1.3748,1.3586
2010-02-06,1.3664,1.3729,1.3748,1.3586
2010-02-07,1.3664,1.3729,1.3748,1.3586
2010-02-08,1.3653,1.3664,1.3714,1.362
2010-02-09,1.379,1.3651,1.384,1.3642
2010-02-10,1.3727,1.3792,1.3816,1.3676
2010-02-11,1.3682,1.3732,1.3802,1.3594
2010-02-12,1.3618,1.3694,1.3699,1.3532
2010-02-13,1.3618,1.3694,1.3699,1.3532
2010-02-14,1.3618,1.3694,1.3699,1.3532
2010-02-15,1.3599,1.3614,1.3636,1.3579
2010-02-16,1.3769,1.3596,1.3779,1.3588
2010-02-17,1.3606,1.3765,1.379,1.3585
2010-02-18,1.3617,1.3606,1.3656,1.3539
2010-02-19,1.3615,1.3529,1.3619,1.3443
2010-02-20,1.3615,1.3529,1.3619,1.3443
2010-02-21,1.3615,1.3529,1.3619,1.3443
2010-02-22,1.3598,1.3636,1.3653,1.3571
2010-02-23,1.3506,1.3592,1.3693,1.3495
2010-02-24,1.3531,1.351,1.3627,1.3501
2010-02-25,1.3556,1.3536,1.3572,1.3451
2010-02-26,1.3626,1.3548,1.3685,1.3531
2010-02-27,1.3626,1.3548,1.3685,1.3531
2010-02-28,1.3626,1.3548,1.3685,1.3531
2010-03-01,1.3561,1.3624,1.3657,1.3458
2010-03-02,1.3605,1.3557,1.3623,1.3433
2010-03-03,1.37,1.3616,1.3738,1.3592
2010-03-04,1.358,1.3695,1.3714,1.355
2010-03-05,1.3622,1.3581,1.363,1.3527
2010-03-06,1.3622,1.3581,1.363,1.3527
2010-03-07,1.3622,1.3581,1.363,1.3527
2010-03-08,1.363,1.3632,1.3706,1.3607
2010-03-09,1.3601,1.363,1.3636,1.3535
2010-03-10,1.366,1.36,1.368,1.3543
2010-03-11,1.3679,1.3656,1.3689,1.3618
2010-03-12,1.3763,1.3678,1.3798,1.3668
2010-03-13,1.3763,1.3678,1.3798,1.3668
2010-03-14,1.3763,1.3678,1.3798,1.3668
2010-03-15,1.3676,1.3777,1.3779,1.3639
2010-03-16,1.3772,1.3677,1.3786,1.3657
2010-03-17,1.3738,1.377,1.3818,1.3725
2010-03-18,1.3607,1.3732,1.3743,1.3583
2010-03-19,1.3534,1.3607,1.3629,1.3502
2010-03-20,1.3534,1.3607,1.3629,1.3502
2010-03-21,1.3534,1.3607,1.3629,1.3502
2010-03-22,1.3556,1.3525,1.3569,1.3462
2010-03-23,1.35,1.3563,1.3571,1.3474
2010-03-24,1.3314,1.3495,1.3502,1.3304
2010-03-25,1.3279,1.3316,1.3386,1.3266
2010-03-26,1.3413,1.328,1.3428,1.3268
2010-03-27,1.3413,1.328,1.3428,1.3268
2010-03-28,1.3413,1.328,1.3428,1.3268
2010-03-29,1.3478,1.3488,1.3508,1.3418
2010-03-30,1.3413,1.3479,1.354,1.3394
2010-03-31,1.3512,1.3415,1.355,1.3384
2010-04-01,1.3582,1.351,1.3592,1.3457
2010-04-02,1.3504,1.3584,1.3593,1.3474
2010-04-03,1.3504,1.3584,1.3593,1.3474
2010-04-04,1.3504,1.3584,1.3593,1.3474
2010-04-05,1.3486,1.3491,1.3541,1.3461
2010-04-06,1.3399,1.3483,1.3497,1.3354
2010-04-07,1.334,1.3396,1.3409,1.3323
2010-04-08,1.336,1.3337,1.3368,1.328
2010-04-09,1.3499,1.336,1.3503,1.3341
2010-04-10,1.3499,1.336,1.3503,1.3341
2010-04-11,1.3499,1.336,1.3503,1.3341
2010-04-12,1.3586,1.3622,1.3693,1.3563
2010-04-13,1.3607,1.3584,1.3627,1.3545
2010-04-14,1.3653,1.3617,1.3679,1.3596
2010-04-15,1.358,1.3653,1.3668,1.3518
2010-04-16,1.3499,1.358,1.3584,1.3473
2010-04-17,1.3499,1.358,1.3584,1.3473
2010-04-18,1.3499,1.358,1.3584,1.3473
2010-04-19,1.3485,1.3478,1.3498,1.3413
2010-04-20,1.3438,1.349,1.3524,1.3427
2010-04-21,1.3387,1.3437,1.3448,1.3357
2010-04-22,1.3293,1.3385,1.3422,1.3258
2010-04-23,1.3386,1.3286,1.3403,1.3202
2010-04-24,1.3386,1.3286,1.3403,1.3202
2010-04-25,1.3386,1.3286,1.3403,1.3202
2010-04-26,1.3397,1.3346,1.3398,1.3289
2010-04-27,1.3165,1.3396,1.3415,1.3159
2010-04-28,1.3214,1.3156,1.3271,1.3115
2010-04-29,1.3225,1.3204,1.3281,1.3183
2010-04-30,1.3298,1.3245,1.3345,1.3226
2010-05-01,1.3298,1.3245,1.3345,1.3226
2010-05-02,1.3298,1.3245,1.3345,1.3226
2010-05-03,1.3194,1.3342,1.3342,1.3154
2010-05-04,1.2982,1.3192,1.3215,1.2976
2010-05-05,1.2814,1.2968,1.2998,1.2789
2010-05-06,1.2656,1.2824,1.2856,1.2521
2010-05-07,1.2762,1.2633,1.28,1.2588
2010-05-08,1.2762,1.2633,1.28,1.2588
2010-05-09,1.2762,1.2633,1.28,1.2588
2010-05-10,1.2782,1.2933,1.3094,1.2758
2010-05-11,1.2655,1.2791,1.2804,1.2652
2010-05-12,1.2622,1.2639,1.274,1.2603
2010-05-13,1.253,1.2631,1.2686,1.2518
2010-05-14,1.2363,1.2524,1.2578,1.2355
2010-05-15,1.2363,1.2524,1.2578,1.2355
2010-05-16,1.2363,1.2524,1.2578,1.2355
2010-05-17,1.2395,1.2351,1.2416,1.2235
2010-05-18,1.2183,1.2395,1.2447,1.2163
2010-05-19,1.2429,1.2183,1.2434,1.2144
2010-05-20,1.2468,1.2429,1.2601,1.2298
2010-05-21,1.2573,1.2468,1.2675,1.2461
2010-05-22,1.2573,1.2468,1.2675,1.2461
2010-05-23,1.2573,1.2468,1.2675,1.2461
2010-05-24,1.2353,1.2546,1.2561,1.2344
2010-05-25,1.2365,1.2344,1.2372,1.2172
2010-05-26,1.2168,1.2373,1.2376,1.2164
2010-05-27,1.2369,1.2157,1.2395,1.2153
2010-05-28,1.227,1.2363,1.2455,1.2266
2010-05-29,1.227,1.2363,1.2455,1.2266
2010-05-30,1.227,1.2363,1.2455,1.2266
2010-05-31,1.2306,1.2273,1.2334,1.2264
2010-06-01,1.2227,1.2305,1.2355,1.2111
2010-06-02,1.2251,1.2207,1.2277,1.2174
2010-06-03,1.2157,1.2247,1.2327,1.2151
2010-06-04,1.1976,1.2165,1.2218,1.1956
2010-06-05,1.1976,1.2165,1.2218,1.1956
2010-06-06,1.1976,1.2165,1.2218,1.1956
2010-06-07,1.1915,1.1946,1.1992,1.1876
2010-06-08,1.1975,1.1919,1.2011,1.1901
2010-06-09,1.1986,1.197,1.2076,1.1923
2010-06-10,1.2109,1.1981,1.2143,1.1955
2010-06-11,1.2113,1.2109,1.2155,1.2046
2010-06-12,1.2113,1.2109,1.2155,1.2046
2010-06-13,1.2113,1.2109,1.2155,1.2046
2010-06-14,1.2218,1.2125,1.23,1.2115
2010-06-15,1.2324,1.2213,1.235,1.2164
2010-06-16,1.2308,1.2322,1.2357,1.2256
2010-06-17,1.238,1.2299,1.2414,1.2243
2010-06-18,1.2387,1.2384,1.2419,1.2354
2010-06-19,1.2387,1.2384,1.2419,1.2354
2010-06-20,1.2387,1.2384,1.2419,1.2354
2010-06-21,1.2308,1.2439,1.2469,1.2303
2010-06-22,1.2268,1.2322,1.2355,1.225
2010-06-23,1.2315,1.2264,1.2346,1.2209
2010-06-24,1.2334,1.2317,1.2388,1.226
2010-06-25,1.2377,1.233,1.2398,1.2253
2010-06-26,1.2377,1.233,1.2398,1.2253
2010-06-27,1.2377,1.233,1.2398,1.2253
2010-06-28,1.2279,1.2372,1.2399,1.2264
2010-06-29,1.2182,1.2277,1.2293,1.2152
2010-06-30,1.2236,1.2185,1.2306,1.2166
2010-07-01,1.2519,1.2235,1.254,1.2193
2010-07-02,1.2563,1.2517,1.2616,1.2483
2010-07-03,1.2563,1.2517,1.2616,1.2483
2010-07-04,1.2563,1.2517,1.2616,1.2483
2010-07-05,1.254,1.2557,1.2565,1.2508
2010-07-06,1.2624,1.2538,1.2664,1.2479
2010-07-07,1.2635,1.2628,1.2666,1.2553
2010-07-08,1.2694,1.2633,1.2712,1.262
2010-07-09,1.2637,1.2698,1.2725,1.2608
2010-07-10,1.2637,1.2698,1.2725,1.2608
2010-07-11,1.2637,1.2698,1.2725,1.2608
2010-07-12,1.259,1.2639,1.2647,1.2548
2010-07-13,1.2728,1.259,1.2739,1.2522
2010-07-14,1.2741,1.2723,1.2779,1.2681
2010-07-15,1.2939,1.2741,1.2956,1.2708
2010-07-16,1.2933,1.293,1.301,1.2891
2010-07-17,1.2933,1.293,1.301,1.2891
2010-07-18,1.2933,1.293,1.301,1.2891
2010-07-19,1.294,1.2893,1.2992,1.2868
2010-07-20,1.2886,1.2948,1.303,1.284
2010-07-21,1.2757,1.2881,1.2914,1.2731
2010-07-22,1.2891,1.2753,1.2932,1.2738
2010-07-23,1.2907,1.2887,1.297,1.2794
2010-07-24,1.2907,1.2887,1.297,1.2794
2010-07-25,1.2907,1.2887,1.297,1.2794
2010-07-26,1.2995,1.29,1.3005,1.2875
2010-07-27,1.2995,1.299,1.3047,1.2951
2010-07-28,1.2993,1.3002,1.3042,1.2965
2010-07-29,1.3079,1.299,1.3108,1.298
2010-07-30,1.3048,1.3081,1.3096,1.2981
2010-07-31,1.3048,1.3081,1.3096,1.2981
2010-08-01,1.3048,1.3081,1.3096,1.2981
2010-08-02,1.3182,1.3062,1.3197,1.3053
2010-08-03,1.3228,1.3181,1.3263,1.3145
2010-08-04,1.316,1.3229,1.3241,1.3132
2010-08-05,1.3192,1.3153,1.3235,1.3118
2010-08-06,1.3285,1.3185,1.3336,1.3158
2010-08-07,1.3285,1.3185,1.3336,1.3158
2010-08-08,1.3285,1.3185,1.3336,1.3158
2010-08-09,1.3235,1.3292,1.331,1.3216
2010-08-10,1.3178,1.3222,1.3235,1.3072
2010-08-11,1.2833,1.3176,1.3191,1.2829
2010-08-12,1.2824,1.2846,1.2933,1.278
2010-08-13,1.2752,1.283,1.2909,1.275
2010-08-14,1.2752,1.283,1.2909,1.275
2010-08-15,1.2752,1.283,1.2909,1.275
2010-08-16,1.2826,1.2761,1.2874,1.2736
2010-08-17,1.2881,1.2824,1.2917,1.2804
2010-08-18,1.2857,1.2881,1.2925,1.2823
2010-08-19,1.2821,1.2855,1.2903,1.2771
2010-08-20,1.2708,1.2821,1.2835,1.2664
2010-08-21,1.2708,1.2821,1.2835,1.2664
2010-08-22,1.2708,1.2821,1.2835,1.2664
2010-08-23,1.2658,1.2704,1.2731,1.2645
2010-08-24,1.2625,1.265,1.2719,1.2585
2010-08-25,1.2658,1.2631,1.2726,1.2604
2010-08-26,1.272,1.266,1.2765,1.2649
2010-08-27,1.2765,1.2716,1.2781,1.2679
2010-08-28,1.2765,1.2716,1.2781,1.2679
2010-08-29,1.2765,1.2716,1.2781,1.2679
2010-08-30,1.2664,1.2766,1.277,1.2658
2010-08-31,1.2687,1.2664,1.2744,1.2624
2010-09-01,1.2812,1.2686,1.2856,1.2662
2010-09-02,1.2826,1.2799,1.2849,1.2776
2010-09-03,1.2896,1.2829,1.29,1.281
2010-09-04,1.2896,1.2829,1.29,1.281
2010-09-05,1.2896,1.2829,1.29,1.281
2010-09-06,1.2873,1.2889,1.292,1.2865
2010-09-07,1.2683,1.2873,1.2877,1.2676
2010-09-08,1.2723,1.2686,1.2766,1.2661
2010-09-09,1.2694,1.2721,1.2767,1.2662
2010-09-10,1.268,1.2699,1.275,1.2645
2010-09-11,1.268,1.2699,1.275,1.2645
2010-09-12,1.268,1.2699,1.275,1.2645
2010-09-13,1.288,1.2708,1.2894,1.2703
2010-09-14,1.2996,1.2878,1.3034,1.2827
2010-09-15,1.3005,1.2993,1.3037,1.2954
2010-09-16,1.3076,1.3012,1.3119,1.2976
2010-09-17,1.3048,1.3081,1.3162,1.3019
2010-09-18,1.3048,1.3081,1.3162,1.3019
2010-09-19,1.3048,1.3081,1.3162,1.3019
2010-09-20,1.3066,1.3053,1.3121,1.3026
2010-09-21,1.3252,1.3062,1.3282,1.3056
2010-09-22,1.34,1.3253,1.3441,1.3246
2010-09-23,1.3312,1.3394,1.3415,1.3304
2010-09-24,1.3491,1.3315,1.3498,1.3287
2010-09-25,1.3491,1.3315,1.3498,1.3287
2010-09-26,1.3491,1.3315,1.3498,1.3287
2010-09-27,1.3457,1.3482,1.3509,1.3426
2010-09-28,1.3582,1.3445,1.3598,1.3382
2010-09-29,1.3629,1.3579,1.3648,1.3565
2010-09-30,1.3633,1.3626,1.3686,1.3561
2010-10-01,1.3792,1.3632,1.3796,1.362
2010-10-02,1.3792,1.3632,1.3796,1.362
2010-10-03,1.3792,1.3632,1.3796,1.362
2010-10-04,1.3682,1.3792,1.3793,1.3666
2010-10-05,1.3834,1.3679,1.3861,1.3636
2010-10-06,1.3937,1.3836,1.3948,1.3798
2010-10-07,1.3927,1.3929,1.4028,1.3855
2010-10-08,1.3943,1.3921,1.3986,1.3836
2010-10-09,1.3943,1.3921,1.3986,1.3836
2010-10-10,1.3943,1.3921,1.3986,1.3836
2010-10-11,1.3874,1.3994,1.4013,1.3866
2010-10-12,1.3925,1.3874,1.3933,1.3773
2010-10-13,1.3963,1.3915,1.4002,1.391
2010-10-14,1.4081,1.3958,1.4124,1.3955
2010-10-15,1.3979,1.4078,1.416,1.3938
2010-10-16,1.3979,1.4078,1.416,1.3938
2010-10-17,1.3979,1.4078,1.416,1.3938
2010-10-18,1.3948,1.3977,1.4,1.3832
2010-10-19,1.3735,1.3951,1.4006,1.3714
2010-10-20,1.3967,1.3731,1.3994,1.3699
2010-10-21,1.392,1.396,1.4051,1.387
2010-10-22,1.3952,1.3924,1.3976,1.3858
2010-10-23,1.3952,1.3924,1.3976,1.3858
2010-10-24,1.3952,1.3924,1.3976,1.3858
2010-10-25,1.3966,1.3958,1.4083,1.3935
2010-10-26,1.3861,1.3966,1.3984,1.3825
2010-10-27,1.3769,1.3859,1.3878,1.3733
2010-10-28,1.3932,1.3761,1.3946,1.3757
2010-10-29,1.395,1.3927,1.3954,1.3806
2010-10-30,1.395,1.3927,1.3954,1.3806
2010-10-31,1.395,1.3927,1.3954,1.3806
2010-11-01,1.3891,1.3963,1.4013,1.3862
2010-11-02,1.404,1.3897,1.4061,1.3881
2010-11-03,1.4145,1.4038,1.4177,1.3991
2010-11-04,1.42,1.4139,1.4284,1.4103
2010-11-05,1.4034,1.4216,1.425,1.4025
2010-11-06,1.4034,1.4216,1.425,1.4025
2010-11-07,1.4034,1.4216,1.425,1.4025
2010-11-08,1.3921,1.4051,1.4085,1.3886
2010-11-09,1.3779,1.392,1.3975,1.375
2010-11-10,1.3784,1.3777,1.3828,1.3672
2010-11-11,1.3658,1.3784,1.3823,1.3637
2010-11-12,1.3693,1.3666,1.3779,1.3573
2010-11-13,1.3693,1.3666,1.3779,1.3573
2010-11-14,1.3693,1.3666,1.3779,1.3573
2010-11-15,1.3586,1.3712,1.3752,1.3565
2010-11-16,1.3493,1.3587,1.3655,1.3447
2010-11-17,1.3519,1.3487,1.3566,1.3458
2010-11-18,1.3645,1.3527,1.3668,1.3525
2010-11-19,1.3687,1.3647,1.3733,1.3609
2010-11-20,1.3687,1.3647,1.3733,1.3609
2010-11-21,1.3687,1.3647,1.3733,1.3609
2010-11-22,1.3626,1.3714,1.3786,1.3575
2010-11-23,1.3373,1.3619,1.3634,1.3361
2010-11-24,1.3332,1.3367,1.3424,1.3284
2010-11-25,1.3363,1.3333,1.3388,1.3287
2010-11-26,1.3243,1.3355,1.3368,1.3199
2010-11-27,1.3243,1.3355,1.3368,1.3199
2010-11-28,1.3243,1.3355,1.3368,1.3199
2010-11-29,1.3121,1.3287,1.3304,1.3064
2010-11-30,1.298,1.3124,1.3152,1.2967
2010-12-01,1.3143,1.2985,1.3181,1.297
2010-12-02,1.3227,1.3137,1.325,1.3059
2010-12-03,1.3415,1.3222,1.3418,1.3192
2010-12-04,1.3415,1.3222,1.3418,1.3192
2010-12-05,1.3415,1.3222,1.3418,1.3192
2010-12-06,1.3306,1.3382,1.3422,1.3243
2010-12-07,1.3264,1.3304,1.3401,1.326
2010-12-08,1.3259,1.3263,1.3283,1.318
2010-12-09,1.3245,1.3264,1.3325,1.3165
2010-12-10,1.3234,1.3237,1.3283,1.3178
2010-12-11,1.3234,1.3237,1.3283,1.3178
2010-12-12,1.3234,1.3237,1.3283,1.3178
2010-12-13,1.3391,1.3207,1.3435,1.3182
2010-12-14,1.3384,1.3388,1.3498,1.3361
2010-12-15,1.3213,1.3383,1.3384,1.3209
2010-12-16,1.3239,1.3213,1.3268,1.318
2010-12-17,1.3182,1.3239,1.3361,1.3133
2010-12-18,1.3182,1.3239,1.3361,1.3133
2010-12-19,1.3182,1.3239,1.3361,1.3133
2010-12-20,1.3121,1.3182,1.319,1.3095
2010-12-21,1.3096,1.3127,1.3203,1.3072
2010-12-22,1.31,1.3095,1.3182,1.3076
2010-12-23,1.312,1.3096,1.3154,1.3054
2010-12-24,1.3118,1.3117,1.3151,1.3095
2010-12-25,1.3118,1.3117,1.3151,1.3095
2010-12-26,1.3118,1.3117,1.3151,1.3095
2010-12-27,1.3161,1.3115,1.3171,1.3072
2010-12-28,1.312,1.3166,1.3277,1.3094
2010-12-29,1.3224,1.3116,1.3239,1.3082
2010-12-30,1.3283,1.3225,1.3316,1.3212
2010-12-31,1.3379,1.329,1.3427,1.3283
2011-01-01,1.3379,1.329,1.3427,1.3283
2011-01-02,1.3379,1.329,1.3427,1.3283
2011-01-03,1.3354,1.3348,1.3397,1.3251
2011-01-04,1.3304,1.3358,1.3436,1.3291
2011-01-05,1.3152,1.3304,1.3325,1.3123
2011-01-06,1.3001,1.3146,1.3171,1.2995
2011-01-07,1.2919,1.3005,1.3023,1.2906
2011-01-08,1.2919,1.3005,1.3023,1.2906
2011-01-09,1.2919,1.3005,1.3023,1.2906
2011-01-10,1.2944,1.2883,1.2967,1.2874
2011-01-11,1.2978,1.295,1.2995,1.2905
2011-01-12,1.3137,1.2972,1.3146,1.2961
2011-01-13,1.3354,1.3129,1.3384,1.3087
2011-01-14,1.3377,1.3363,1.3458,1.3313
2011-01-15,1.3377,1.3363,1.3458,1.3313
2011-01-16,1.3377,1.3363,1.3458,1.3313
2011-01-17,1.3294,1.3383,1.3389,1.3245
2011-01-18,1.3381,1.3292,1.3467,1.3252
2011-01-19,1.3469,1.3389,1.3541,1.3369
2011-01-20,1.3478,1.3476,1.3524,1.3395
2011-01-21,1.3618,1.3475,1.3629,1.3448
2011-01-22,1.3618,1.3475,1.3629,1.3448
2011-01-23,1.3618,1.3475,1.3629,1.3448
2011-01-24,1.3643,1.3638,1.3687,1.3537
2011-01-25,1.369,1.3638,1.3704,1.3571
2011-01-26,1.3698,1.3686,1.3722,1.3642
2011-01-27,1.3727,1.371,1.376,1.3636
2011-01-28,1.3613,1.3733,1.3746,1.358
2011-01-29,1.3613,1.3733,1.3746,1.358
2011-01-30,1.3613,1.3733,1.3746,1.358
2011-01-31,1.3686,1.3599,1.374,1.3568
2011-02-01,1.3834,1.3685,1.3845,1.3685
2011-02-02,1.3805,1.383,1.3863,1.3767
2011-02-03,1.3632,1.3813,1.3828,1.3611
2011-02-04,1.3586,1.3639,1.3679,1.3542
2011-02-05,1.3586,1.3639,1.3679,1.3542
2011-02-06,1.3586,1.3639,1.3679,1.3542
2011-02-07,1.3588,1.3563,1.3628,1.3508
2011-02-08,1.3634,1.3582,1.369,1.3571
2011-02-09,1.3731,1.3625,1.3745,1.3607
2011-02-10,1.3595,1.3729,1.3737,1.3577
2011-02-11,1.3549,1.3599,1.3624,1.3498
2011-02-12,1.3549,1.3599,1.3624,1.3498
2011-02-13,1.3549,1.3599,1.3624,1.3498
2011-02-14,1.3486,1.351,1.3562,1.3429
2011-02-15,1.349,1.3488,1.3553,1.3459
2011-02-16,1.3568,1.3488,1.3591,1.3461
2011-02-17,1.3602,1.3568,1.362,1.3534
2011-02-18,1.3697,1.3609,1.3718,1.3548
2011-02-19,1.3697,1.3609,1.3718,1.3548
2011-02-20,1.3697,1.3609,1.3718,1.3548
2011-02-21,1.3677,1.3703,1.3719,1.3646
2011-02-22,1.3654,1.3677,1.3704,1.3525
2011-02-23,1.3747,1.3659,1.3788,1.3646
2011-02-24,1.3804,1.3747,1.3821,1.3702
2011-02-25,1.3751,1.3797,1.3838,1.3722
2011-02-26,1.3751,1.3797,1.3838,1.3722
2011-02-27,1.3751,1.3797,1.3838,1.3722
2011-02-28,1.3802,1.3757,1.3856,1.371
2011-03-01,1.3776,1.3803,1.3855,1.3762
2011-03-02,1.3864,1.3775,1.3889,1.3742
2011-03-03,1.3966,1.3868,1.3974,1.3833
2011-03-04,1.3985,1.3968,1.4009,1.3939
2011-03-05,1.3985,1.3968,1.4009,1.3939
2011-03-06,1.3985,1.3968,1.4009,1.3939
2011-03-07,1.3973,1.3996,1.4038,1.3952
2011-03-08,1.3904,1.3972,1.3994,1.3861
2011-03-09,1.3908,1.3904,1.3943,1.3854
2011-03-10,1.3794,1.3906,1.3927,1.3775
2011-03-11,1.391,1.3798,1.3916,1.3752
2011-03-12,1.391,1.3798,1.3916,1.3752
2011-03-13,1.391,1.3798,1.3916,1.3752
2011-03-14,1.399,1.3962,1.4003,1.3902
2011-03-15,1.3996,1.3986,1.4013,1.3853
2011-03-16,1.3903,1.3998,1.4002,1.3865
2011-03-17,1.4022,1.3906,1.4053,1.3869
2011-03-18,1.4179,1.4017,1.4187,1.3981
2011-03-19,1.4179,1.4017,1.4187,1.3981
2011-03-20,1.4179,1.4017,1.4187,1.3981
2011-03-21,1.4227,1.4182,1.4241,1.4138
2011-03-22,1.4202,1.4219,1.4249,1.4173
2011-03-23,1.4083,1.4198,1.4217,1.4078
2011-03-24,1.4175,1.4091,1.4223,1.4051
2011-03-25,1.4084,1.4171,1.4196,1.4055
2011-03-26,1.4084,1.4171,1.4196,1.4055
2011-03-27,1.4084,1.4171,1.4196,1.4055
2011-03-28,1.4085,1.4046,1.4116,1.402
2011-03-29,1.4111,1.4081,1.4151,1.4047
2011-03-30,1.4127,1.4112,1.4148,1.4051
2011-03-31,1.4167,1.4129,1.4234,1.4114
2011-04-01,1.4231,1.4174,1.4248,1.4062
2011-04-02,1.4231,1.4174,1.4248,1.4062
2011-04-03,1.4231,1.4174,1.4248,1.4062
2011-04-04,1.4222,1.4226,1.4272,1.4194
2011-04-05,1.4223,1.422,1.4248,1.4152
2011-04-06,1.4333,1.4217,1.4351,1.4209
2011-04-07,1.4304,1.4335,1.4346,1.4243
2011-04-08,1.4481,1.4304,1.4491,1.4292
2011-04-09,1.4481,1.4304,1.4491,1.4292
2011-04-10,1.4481,1.4304,1.4491,1.4292
2011-04-11,1.4435,1.4454,1.4484,1.4417
2011-04-12,1.4477,1.4432,1.452,1.4375
2011-04-13,1.4441,1.4477,1.4521,1.4411
2011-04-14,1.4489,1.4441,1.4516,1.4363
2011-04-15,1.4432,1.4488,1.4507,1.4392
2011-04-16,1.4432,1.4488,1.4507,1.4392
2011-04-17,1.4432,1.4488,1.4507,1.4392
2011-04-18,1.4234,1.4419,1.4422,1.4157
2011-04-19,1.4337,1.4224,1.4354,1.4204
2011-04-20,1.4518,1.4337,1.4546,1.4325
2011-04-21,1.4552,1.452,1.465,1.4504
2011-04-22,1.4556,1.4552,1.4589,1.4533
2011-04-23,1.4556,1.4552,1.4589,1.4533
2011-04-24,1.4556,1.4552,1.4589,1.4533
2011-04-25,1.4581,1.456,1.4629,1.4524
2011-04-26,1.4644,1.4579,1.4659,1.4493
2011-04-27,1.4777,1.4646,1.4796,1.4632
2011-04-28,1.4824,1.4783,1.4883,1.4769
2011-04-29,1.4802,1.4828,1.4881,1.4802
2011-04-30,1.4802,1.4828,1.4881,1.4802
2011-05-01,1.4802,1.4828,1.4881,1.4802
2011-05-02,1.4827,1.4826,1.4905,1.4763
2011-05-03,1.4828,1.482,1.4892,1.4753
2011-05-04,1.4824,1.4823,1.4942,1.4776
2011-05-05,1.4541,1.4829,1.4903,1.4512
2011-05-06,1.431,1.4543,1.459,1.431
2011-05-07,1.431,1.4543,1.459,1.431
2011-05-08,1.431,1.4543,1.459,1.431
2011-05-09,1.4364,1.4369,1.4443,1.4255
2011-05-10,1.4407,1.4353,1.4414,1.4268
2011-05-11,1.4197,1.4406,1.4425,1.4172
2011-05-12,1.4243,1.4205,1.4278,1.4123
2011-05-13,1.4121,1.4243,1.4342,1.4067
2011-05-14,1.4121,1.4243,1.4342,1.4067
2011-05-15,1.4121,1.4243,1.4342,1.4067
2011-05-16,1.4154,1.4078,1.4245,1.4047
2011-05-17,1.4238,1.416,1.424,1.4118
2011-05-18,1.4246,1.4236,1.4288,1.4194
2011-05-19,1.4314,1.4249,1.4327,1.4205
2011-05-20,1.4155,1.4308,1.4348,1.4134
2011-05-21,1.4155,1.4308,1.4348,1.4134
2011-05-22,1.4155,1.4308,1.4348,1.4134
2011-05-23,1.4051,1.4131,1.4144,1.3969
2011-05-24,1.4104,1.4045,1.4133,1.4
2011-05-25,1.4087,1.4101,1.412,1.4013
2011-05-26,1.4139,1.4085,1.4207,1.4066
2011-05-27,1.4324,1.4137,1.4325,1.4126
2011-05-28,1.4324,1.4137,1.4325,1.4126
2011-05-29,1.4324,1.4137,1.4325,1.4126
2011-05-30,1.428,1.4314,1.4314,1.4257
2011-05-31,1.4396,1.4284,1.4425,1.4284
2011-06-01,1.4314,1.4393,1.446,1.4307
2011-06-02,1.4491,1.4322,1.4514,1.4322
2011-06-03,1.4637,1.4494,1.4645,1.4454
2011-06-04,1.4637,1.4494,1.4645,1.4454
2011-06-05,1.4637,1.4494,1.4645,1.4454
2011-06-06,1.4577,1.4628,1.4659,1.4556
2011-06-07,1.4691,1.4577,1.4698,1.4563
2011-06-08,1.4577,1.4691,1.4695,1.4564
2011-06-09,1.4508,1.4577,1.4651,1.4476
2011-06-10,1.4348,1.451,1.4553,1.4323
2011-06-11,1.4348,1.451,1.4553,1.4323
2011-06-12,1.4348,1.451,1.4553,1.4323
2011-06-13,1.4417,1.4329,1.4432,1.432
2011-06-14,1.4441,1.442,1.4501,1.4379
2011-06-15,1.4168,1.4442,1.4456,1.4156
2011-06-16,1.4213,1.4164,1.4221,1.4074
2011-06-17,1.4311,1.4213,1.4342,1.4127
2011-06-18,1.4311,1.4213,1.4342,1.4127
2011-06-19,1.4311,1.4213,1.4342,1.4127
2011-06-20,1.4309,1.4274,1.4329,1.4191
2011-06-21,1.4407,1.4306,1.4423,1.4304
2011-06-22,1.4354,1.4396,1.4442,1.4339
2011-06-23,1.4259,1.4335,1.4341,1.4127
2011-06-24,1.4193,1.4264,1.4312,1.4142
2011-06-25,1.4193,1.4264,1.4312,1.4142
2011-06-26,1.4193,1.4264,1.4312,1.4142
2011-06-27,1.4284,1.4193,1.4296,1.4103
2011-06-28,1.4369,1.4284,1.4398,1.4235
2011-06-29,1.4436,1.4364,1.4449,1.4327
2011-06-30,1.4506,1.4434,1.4541,1.4426
2011-07-01,1.4525,1.45,1.4554,1.4437
2011-07-02,1.4525,1.45,1.4554,1.4437
2011-07-03,1.4525,1.45,1.4554,1.4437
2011-07-04,1.4541,1.4543,1.4581,1.4493
2011-07-05,1.4423,1.4541,1.4554,1.4396
2011-07-06,1.4318,1.4421,1.4468,1.4284
2011-07-07,1.4361,1.4318,1.4376,1.4221
2011-07-08,1.427,1.436,1.4371,1.4207
2011-07-09,1.427,1.436,1.4371,1.4207
2011-07-10,1.427,1.436,1.4371,1.4207
2011-07-11,1.4036,1.4215,1.4228,1.3984
2011-07-12,1.3979,1.4046,1.4065,1.3838
2011-07-13,1.4184,1.3976,1.4212,1.3952
2011-07-14,1.4145,1.4189,1.4284,1.4116
2011-07-15,1.4153,1.4144,1.4202,1.4093
2011-07-16,1.4153,1.4144,1.4202,1.4093
2011-07-17,1.4153,1.4144,1.4202,1.4093
2011-07-18,1.4111,1.4113,1.4135,1.4011
2011-07-19,1.4156,1.4101,1.4219,1.4068
2011-07-20,1.422,1.4153,1.4243,1.4133
2011-07-21,1.4423,1.4226,1.444,1.4139
2011-07-22,1.4356,1.4423,1.444,1.4325
2011-07-23,1.4356,1.4423,1.444,1.4325
2011-07-24,1.4356,1.4423,1.444,1.4325
2011-07-25,1.4376,1.4398,1.4408,1.4325
2011-07-26,1.4512,1.4375,1.4526,1.4356
2011-07-27,1.4365,1.4514,1.4537,1.4339
2011-07-28,1.4331,1.4373,1.4402,1.4253
2011-07-29,1.4396,1.4328,1.4414,1.4229
2011-07-30,1.4396,1.4328,1.4414,1.4229
2011-07-31,1.4396,1.4328,1.4414,1.4229
2011-08-01,1.4251,1.4358,1.4455,1.4186
2011-08-02,1.4193,1.4262,1.4284,1.415
2011-08-03,1.4325,1.4183,1.4345,1.4143
2011-08-04,1.4108,1.4332,1.4371,1.4089
2011-08-05,1.4282,1.4099,1.4299,1.4056
2011-08-06,1.4282,1.4099,1.4299,1.4056
2011-08-07,1.4282,1.4099,1.4299,1.4056
2011-08-08,1.4177,1.4387,1.4404,1.4131
2011-08-09,1.437,1.4173,1.4381,1.4152
2011-08-10,1.4174,1.4395,1.4403,1.4162
2011-08-11,1.4243,1.4163,1.4296,1.4103
2011-08-12,1.4249,1.424,1.4293,1.415
2011-08-13,1.4249,1.424,1.4293,1.415
2011-08-14,1.4249,1.424,1.4293,1.415
2011-08-15,1.4446,1.4261,1.4478,1.4261
2011-08-16,1.4409,1.4447,1.4474,1.4354
2011-08-17,1.4425,1.4403,1.4519,1.4325
2011-08-18,1.4331,1.4423,1.4451,1.427
2011-08-19,1.4398,1.4329,1.4455,1.4259
2011-08-20,1.4398,1.4329,1.4455,1.4259
2011-08-21,1.4398,1.4329,1.4455,1.4259
2011-08-22,1.436,1.4375,1.4436,1.4346
2011-08-23,1.4438,1.4358,1.4499,1.4352
2011-08-24,1.4413,1.4432,1.4482,1.4379
2011-08-25,1.438,1.4412,1.4476,1.4327
2011-08-26,1.4499,1.4374,1.4503,1.4329
2011-08-27,1.4499,1.4374,1.4503,1.4329
2011-08-28,1.4499,1.4374,1.4503,1.4329
2011-08-29,1.451,1.4497,1.455,1.4466
2011-08-30,1.4446,1.4516,1.4535,1.4385
2011-08-31,1.4379,1.4436,1.447,1.436
2011-09-01,1.4259,1.4375,1.4381,1.4224
2011-09-02,1.4205,1.426,1.4291,1.4184
2011-09-03,1.4205,1.426,1.4291,1.4184
2011-09-04,1.4205,1.426,1.4291,1.4184
2011-09-05,1.4092,1.4167,1.4174,1.4061
2011-09-06,1.4,1.4097,1.4277,1.3973
2011-09-07,1.4097,1.3994,1.4148,1.3992
2011-09-08,1.3882,1.4094,1.4097,1.3872
2011-09-09,1.3653,1.3883,1.3938,1.3628
2011-09-10,1.3653,1.3883,1.3938,1.3628
2011-09-11,1.3653,1.3883,1.3938,1.3628
2011-09-12,1.3673,1.3568,1.3693,1.35
2011-09-13,1.3683,1.367,1.3741,1.3558
2011-09-14,1.3747,1.3683,1.3785,1.3591
2011-09-15,1.3878,1.3744,1.3939,1.3704
2011-09-16,1.38,1.3886,1.3887,1.3755
2011-09-17,1.38,1.3886,1.3887,1.3755
2011-09-18,1.38,1.3886,1.3887,1.3755
2011-09-19,1.3685,1.3672,1.3721,1.3587
2011-09-20,1.3706,1.3674,1.3746,1.3594
2011-09-21,1.3566,1.3702,1.379,1.3558
2011-09-22,1.346,1.3579,1.3601,1.3382
2011-09-23,1.3498,1.3462,1.357,1.3417
2011-09-24,1.3498,1.3462,1.357,1.3417
2011-09-25,1.3498,1.3462,1.357,1.3417
2011-09-26,1.354,1.351,1.3552,1.3364
2011-09-27,1.3592,1.3527,1.3668,1.3478
2011-09-28,1.3542,1.359,1.3691,1.3533
2011-09-29,1.3594,1.3529,1.368,1.352
2011-09-30,1.3386,1.3585,1.3604,1.3383
2011-10-01,1.3386,1.3585,1.3604,1.3383
2011-10-02,1.3386,1.3585,1.3604,1.3383
2011-10-03,1.3169,1.3337,1.3382,1.3163
2011-10-04,1.334,1.3183,1.3371,1.3146
2011-10-05,1.3348,1.3346,1.3385,1.3259
2011-10-06,1.3432,1.3354,1.3451,1.3241
2011-10-07,1.3377,1.3431,1.3527,1.3362
2011-10-08,1.3377,1.3431,1.3527,1.3362
2011-10-09,1.3377,1.3431,1.3527,1.3362
2011-10-10,1.3643,1.3396,1.3699,1.3377
2011-10-11,1.3645,1.364,1.3685,1.3565
2011-10-12,1.3787,1.3649,1.3834,1.3581
2011-10-13,1.3776,1.3785,1.3829,1.3685
2011-10-14,1.3877,1.3773,1.3896,1.3722
2011-10-15,1.3877,1.3773,1.3896,1.3722
2011-10-16,1.3877,1.3773,1.3896,1.3722
2011-10-17,1.3742,1.3885,1.3916,1.3726
2011-10-18,1.3739,1.3735,1.3819,1.3653
2011-10-19,1.3756,1.3739,1.387,1.3725
2011-10-20,1.3777,1.3756,1.3845,1.3657
2011-10-21,1.3896,1.3775,1.3903,1.3705
2011-10-22,1.3896,1.3775,1.3903,1.3705
2011-10-23,1.3896,1.3775,1.3903,1.3705
2011-10-24,1.3925,1.3864,1.3956,1.3821
2011-10-25,1.3906,1.3931,1.3962,1.3849
2011-10-26,1.3902,1.3912,1.3977,1.3799
2011-10-27,1.4192,1.3884,1.4249,1.3865
2011-10-28,1.4148,1.4183,1.4202,1.4135
2011-10-29,1.4148,1.4183,1.4202,1.4135
2011-10-30,1.4148,1.4183,1.4202,1.4135
2011-10-31,1.3857,1.415,1.4171,1.3828
2011-11-01,1.3696,1.3857,1.3873,1.361
2011-11-02,1.3746,1.3695,1.383,1.3636
2011-11-03,1.3815,1.375,1.3855,1.3655
2011-11-04,1.3796,1.3813,1.3868,1.3712
2011-11-05,1.3796,1.3813,1.3868,1.3712
2011-11-06,1.3796,1.3813,1.3868,1.3712
2011-11-07,1.3776,1.3837,1.3838,1.368
2011-11-08,1.3838,1.3776,1.3848,1.3723
2011-11-09,1.3546,1.3836,1.3859,1.3523
2011-11-10,1.3603,1.3546,1.3655,1.3483
2011-11-11,1.3752,1.3601,1.3798,1.3579
2011-11-12,1.3752,1.3601,1.3798,1.3579
2011-11-13,1.3752,1.3601,1.3798,1.3579
2011-11-14,1.3626,1.3809,1.3813,1.3592
2011-11-15,1.3533,1.3632,1.3641,1.3497
2011-11-16,1.3463,1.3536,1.3559,1.3428
2011-11-17,1.346,1.3457,1.354,1.342
2011-11-18,1.351,1.346,1.3615,1.3447
2011-11-19,1.351,1.346,1.3615,1.3447
2011-11-20,1.351,1.346,1.3615,1.3447
2011-11-21,1.3495,1.3507,1.3541,1.343
2011-11-22,1.3514,1.3493,1.3569,1.3468
2011-11-23,1.3335,1.351,1.3533,1.332
2011-11-24,1.335,1.3345,1.3413,1.3317
2011-11-25,1.3234,1.3346,1.3356,1.3211
2011-11-26,1.3234,1.3346,1.3356,1.3211
2011-11-27,1.3234,1.3346,1.3356,1.3211
2011-11-28,1.331,1.3319,1.34,1.3273
2011-11-29,1.3331,1.3314,1.3445,1.3287
2011-11-30,1.3443,1.3317,1.3533,1.326
2011-12-01,1.3464,1.3437,1.3522,1.3416
2011-12-02,1.3403,1.3463,1.3549,1.3362
2011-12-03,1.3403,1.3463,1.3549,1.3362
2011-12-04,1.3403,1.3463,1.3549,1.3362
2011-12-05,1.3403,1.3436,1.3487,1.3375
2011-12-06,1.3403,1.339,1.3428,1.3333
2011-12-07,1.3413,1.3397,1.3455,1.335
2011-12-08,1.3346,1.3413,1.346,1.3289
2011-12-09,1.3375,1.3344,1.3436,1.3283
2011-12-10,1.3375,1.3344,1.3436,1.3283
2011-12-11,1.3375,1.3344,1.3436,1.3283
2011-12-12,1.3186,1.3384,1.3388,1.3163
2011-12-13,1.3034,1.3188,1.3237,1.3007
2011-12-14,1.2981,1.303,1.3064,1.2945
2011-12-15,1.3018,1.2982,1.3051,1.2957
2011-12-16,1.3035,1.302,1.3087,1.2997
2011-12-17,1.3035,1.302,1.3087,1.2997
2011-12-18,1.3035,1.302,1.3087,1.2997
2011-12-19,1.2995,1.3043,1.3044,1.2981
2011-12-20,1.3079,1.3003,1.3133,1.2994
2011-12-21,1.3045,1.3079,1.3197,1.3024
2011-12-22,1.3051,1.3047,1.3121,1.3018
2011-12-23,1.3043,1.3051,1.3098,1.3026
2011-12-24,1.3043,1.3051,1.3098,1.3026
2011-12-25,1.3043,1.3051,1.3098,1.3026
2011-12-26,1.306,1.3046,1.3084,1.3032
2011-12-27,1.3068,1.3062,1.3083,1.3041
2011-12-28,1.2936,1.307,1.3081,1.291
2011-12-29,1.2962,1.2939,1.2965,1.2857
2011-12-30,1.2948,1.2963,1.3001,1.2904
2011-12-31,1.2948,1.2963,1.3001,1.2904
2012-01-01,1.2948,1.2963,1.3001,1.2904
2012-01-02,1.2929,1.2938,1.2968,1.2916
2012-01-03,1.3051,1.2933,1.3077,1.2931
2012-01-04,1.2942,1.3051,1.3074,1.2898
2012-01-05,1.278,1.2944,1.2948,1.2769
2012-01-06,1.2721,1.2788,1.2812,1.2696
2012-01-07,1.2721,1.2788,1.2812,1.2696
2012-01-08,1.2721,1.2788,1.2812,1.2696
2012-01-09,1.2767,1.2693,1.2788,1.2666
2012-01-10,1.2772,1.2766,1.2819,1.2742
2012-01-11,1.2704,1.2774,1.279,1.2662
2012-01-12,1.2826,1.2706,1.2845,1.2698
2012-01-13,1.2677,1.2822,1.2879,1.2624
2012-01-14,1.2677,1.2822,1.2879,1.2624
2012-01-15,1.2677,1.2822,1.2879,1.2624
2012-01-16,1.2664,1.2639,1.2689,1.2626
2012-01-17,1.274,1.2664,1.2811,1.2649
2012-01-18,1.2854,1.2736,1.2864,1.2732
2012-01-19,1.2965,1.2858,1.2971,1.2837
2012-01-20,1.2938,1.2967,1.2986,1.2887
2012-01-21,1.2938,1.2967,1.2986,1.2887
2012-01-22,1.2938,1.2967,1.2986,1.2887
2012-01-23,1.303,1.2872,1.3054,1.2872
2012-01-24,1.3022,1.3028,1.3064,1.2954
2012-01-25,1.311,1.3028,1.3121,1.2929
2012-01-26,1.31,1.3104,1.3186,1.3091
2012-01-27,1.3226,1.3106,1.323,1.3077
2012-01-28,1.3226,1.3106,1.323,1.3077
2012-01-29,1.3226,1.3106,1.323,1.3077
2012-01-30,1.3127,1.3226,1.3232,1.3076
2012-01-31,1.3079,1.3135,1.3213,1.3041
2012-02-01,1.3159,1.3081,1.3218,1.3024
2012-02-02,1.3146,1.3161,1.3197,1.3085
2012-02-03,1.3144,1.3144,1.3205,1.3066
2012-02-04,1.3144,1.3144,1.3205,1.3066
2012-02-05,1.3144,1.3144,1.3205,1.3066
2012-02-06,1.3134,1.3114,1.3144,1.3029
2012-02-07,1.3266,1.3135,1.3272,1.3087
2012-02-08,1.3258,1.326,1.3291,1.3218
2012-02-09,1.3283,1.3262,1.3323,1.3215
2012-02-10,1.3175,1.3284,1.3293,1.3155
2012-02-11,1.3175,1.3284,1.3293,1.3155
2012-02-12,1.3175,1.3284,1.3293,1.3155
2012-02-13,1.3194,1.3208,1.3284,1.3187
2012-02-14,1.3119,1.3193,1.3217,1.3079
2012-02-15,1.3071,1.3126,1.3191,1.3044
2012-02-16,1.3141,1.3067,1.3161,1.2975
2012-02-17,1.3152,1.3133,1.3199,1.3114
2012-02-18,1.3152,1.3133,1.3199,1.3114
2012-02-19,1.3152,1.3133,1.3199,1.3114
2012-02-20,1.324,1.3185,1.3277,1.3173
2012-02-21,1.3241,1.3246,1.3294,1.3186
2012-02-22,1.3245,1.3236,1.3268,1.3211
2012-02-23,1.3369,1.3245,1.3375,1.323
2012-02-24,1.3457,1.3375,1.3489,1.3357
2012-02-25,1.3457,1.3375,1.3489,1.3357
2012-02-26,1.3457,1.3375,1.3489,1.3357
2012-02-27,1.34,1.3464,1.3479,1.3365
2012-02-28,1.347,1.3396,1.3472,1.3388
2012-02-29,1.3326,1.3466,1.3487,1.3315
2012-03-01,1.3312,1.3327,1.3357,1.3281
2012-03-02,1.3203,1.3314,1.3335,1.3188
2012-03-03,1.3203,1.3314,1.3335,1.3188
2012-03-04,1.3203,1.3314,1.3335,1.3188
2012-03-05,1.3218,1.319,1.3241,1.3159
2012-03-06,1.3115,1.322,1.3227,1.3102
2012-03-07,1.315,1.3116,1.3165,1.3096
2012-03-08,1.3271,1.3147,1.3292,1.3134
2012-03-09,1.3114,1.3281,1.3283,1.3096
2012-03-10,1.3114,1.3281,1.3283,1.3096
2012-03-11,1.3114,1.3281,1.3283,1.3096
2012-03-12,1.3155,1.3112,1.316,1.3079
2012-03-13,1.3084,1.315,1.3193,1.3052
2012-03-14,1.3029,1.3078,1.3092,1.301
2012-03-15,1.3083,1.303,1.312,1.3003
2012-03-16,1.3175,1.3083,1.3189,1.3048
2012-03-17,1.3175,1.3083,1.3189,1.3048
2012-03-18,1.3175,1.3083,1.3189,1.3048
2012-03-19,1.3241,1.318,1.3266,1.3142
2012-03-20,1.3225,1.3239,1.3253,1.3172
2012-03-21,1.3212,1.3224,1.3285,1.3178
2012-03-22,1.3198,1.321,1.3256,1.3135
2012-03-23,1.3273,1.3198,1.3295,1.319
2012-03-24,1.3273,1.3198,1.3295,1.319
2012-03-25,1.3273,1.3198,1.3295,1.319
2012-03-26,1.3358,1.3272,1.3368,1.3191
2012-03-27,1.3318,1.3354,1.3386,1.3311
2012-03-28,1.3317,1.3318,1.3376,1.3277
2012-03-29,1.3302,1.3316,1.3346,1.3251
2012-03-30,1.3344,1.3299,1.3377,1.3296
2012-03-31,1.3344,1.3299,1.3377,1.3296
2012-04-01,1.3344,1.3299,1.3377,1.3296
2012-04-02,1.3323,1.3359,1.3382,1.3277
2012-04-03,1.3234,1.332,1.3368,1.3213
2012-04-04,1.3142,1.3232,1.3238,1.3106
2012-04-05,1.3064,1.314,1.3165,1.3034
2012-04-06,1.3096,1.3064,1.3114,1.3052
2012-04-07,1.3096,1.3064,1.3114,1.3052
2012-04-08,1.3096,1.3064,1.3114,1.3052
2012-04-09,1.3102,1.3102,1.3135,1.3034
2012-04-10,1.3081,1.3107,1.3145,1.3053
2012-04-11,1.311,1.3082,1.3157,1.3065
2012-04-12,1.3186,1.3108,1.3213,1.31
2012-04-13,1.3077,1.3186,1.3203,1.307
2012-04-14,1.3077,1.3186,1.3203,1.307
2012-04-15,1.3077,1.3186,1.3203,1.307
2012-04-16,1.3139,1.3066,1.3148,1.2994
2012-04-17,1.3125,1.3136,1.3174,1.309
2012-04-18,1.3121,1.3127,1.3142,1.3058
2012-04-19,1.3136,1.3122,1.3166,1.307
2012-04-20,1.3224,1.3137,1.3228,1.3129
2012-04-21,1.3224,1.3137,1.3228,1.3129
2012-04-22,1.3224,1.3137,1.3228,1.3129
2012-04-23,1.3155,1.3192,1.3211,1.3104
2012-04-24,1.3194,1.3157,1.3218,1.3144
2012-04-25,1.3223,1.3195,1.3236,1.3174
2012-04-26,1.3209,1.3222,1.3264,1.3199
2012-04-27,1.3255,1.3191,1.3273,1.3157
2012-04-28,1.3255,1.3191,1.3273,1.3157
2012-04-29,1.3255,1.3191,1.3273,1.3157
2012-04-30,1.3241,1.3239,1.3266,1.3207
2012-05-01,1.3239,1.3243,1.3285,1.3205
2012-05-02,1.3157,1.3239,1.3244,1.3124
2012-05-03,1.3152,1.3154,1.3182,1.3099
2012-05-04,1.3083,1.3152,1.318,1.3079
2012-05-05,1.3083,1.3152,1.318,1.3079
2012-05-06,1.3083,1.3152,1.318,1.3079
2012-05-07,1.3054,1.303,1.3067,1.2957
2012-05-08,1.3003,1.3058,1.3066,1.2982
2012-05-09,1.2933,1.2999,1.3005,1.291
2012-05-10,1.2936,1.2931,1.298,1.2923
2012-05-11,1.2917,1.2933,1.2959,1.2905
2012-05-12,1.2917,1.2933,1.2959,1.2905
2012-05-13,1.2917,1.2933,1.2959,1.2905
2012-05-14,1.2826,1.2882,1.2905,1.282
2012-05-15,1.2731,1.2824,1.287,1.2721
2012-05-16,1.2716,1.2732,1.276,1.268
2012-05-17,1.2694,1.2716,1.275,1.2666
2012-05-18,1.2783,1.2685,1.2795,1.2641
2012-05-19,1.2783,1.2685,1.2795,1.2641
2012-05-20,1.2783,1.2685,1.2795,1.2641
2012-05-21,1.2814,1.2784,1.2827,1.2726
2012-05-22,1.2684,1.2814,1.2819,1.2658
2012-05-23,1.2586,1.2687,1.2689,1.2546
2012-05-24,1.2536,1.259,1.262,1.2515
2012-05-25,1.2517,1.2541,1.2604,1.2497
2012-05-26,1.2517,1.2541,1.2604,1.2497
2012-05-27,1.2517,1.2541,1.2604,1.2497
2012-05-28,1.2542,1.2567,1.2626,1.2525
2012-05-29,1.2498,1.2542,1.2576,1.2463
2012-05-30,1.237,1.2485,1.2494,1.2361
2012-05-31,1.2359,1.2367,1.243,1.2338
2012-06-01,1.2435,1.2361,1.2458,1.2288
2012-06-02,1.2435,1.2361,1.2458,1.2288
2012-06-03,1.2435,1.2361,1.2458,1.2288
2012-06-04,1.2498,1.2433,1.2511,1.2386
2012-06-05,1.2454,1.2494,1.2543,1.241
2012-06-06,1.2572,1.2452,1.2586,1.2439
2012-06-07,1.2562,1.2579,1.2627,1.254
2012-06-08,1.2517,1.2563,1.2576,1.2435
2012-06-09,1.2517,1.2563,1.2576,1.2435
2012-06-10,1.2517,1.2563,1.2576,1.2435
2012-06-11,1.2475,1.2658,1.2668,1.2471
2012-06-12,1.2513,1.2466,1.253,1.2441
2012-06-13,1.2556,1.2506,1.2611,1.2473
2012-06-14,1.2631,1.2565,1.2638,1.2542
2012-06-15,1.2638,1.2628,1.2666,1.2592
2012-06-16,1.2638,1.2628,1.2666,1.2592
2012-06-17,1.2638,1.2628,1.2666,1.2592
2012-06-18,1.2576,1.2721,1.2748,1.2557
2012-06-19,1.2688,1.2575,1.2731,1.2568
2012-06-20,1.2704,1.2687,1.2744,1.2637
2012-06-21,1.2544,1.2706,1.2706,1.2531
2012-06-22,1.257,1.2548,1.2585,1.252
2012-06-23,1.257,1.2548,1.2585,1.252
2012-06-24,1.257,1.2548,1.2585,1.252
2012-06-25,1.2505,1.2553,1.2559,1.2471
2012-06-26,1.249,1.2502,1.2531,1.2442
2012-06-27,1.247,1.2492,1.2511,1.2445
2012-06-28,1.244,1.2471,1.2526,1.2407
2012-06-29,1.266,1.2441,1.2694,1.2434
2012-06-30,1.266,1.2441,1.2694,1.2434
2012-07-01,1.266,1.2441,1.2694,1.2434
2012-07-02,1.2586,1.2671,1.2673,1.2567
2012-07-03,1.2607,1.2584,1.263,1.2559
2012-07-04,1.2523,1.2605,1.2607,1.2507
2012-07-05,1.2393,1.2527,1.2539,1.2363
2012-07-06,1.2288,1.2392,1.2403,1.226
2012-07-07,1.2288,1.2392,1.2403,1.226
2012-07-08,1.2288,1.2392,1.2403,1.226
2012-07-09,1.2319,1.2271,1.2325,1.2256
2012-07-10,1.2252,1.2317,1.2336,1.2235
2012-07-11,1.2239,1.2252,1.2298,1.2213
2012-07-12,1.2198,1.2239,1.225,1.2167
2012-07-13,1.2252,1.2197,1.2258,1.2161
2012-07-14,1.2252,1.2197,1.2258,1.2161
2012-07-15,1.2252,1.2197,1.2258,1.2161
2012-07-16,1.2273,1.2255,1.2291,1.2174
2012-07-17,1.2294,1.2273,1.2317,1.2188
2012-07-18,1.2284,1.2296,1.2307,1.2216
2012-07-19,1.228,1.2284,1.2322,1.2228
2012-07-20,1.2157,1.2279,1.2283,1.2144
2012-07-21,1.2157,1.2279,1.2283,1.2144
2012-07-22,1.2157,1.2279,1.2283,1.2144
2012-07-23,1.2115,1.2119,1.2146,1.2069
2012-07-24,1.206,1.2116,1.2138,1.2041
2012-07-25,1.2159,1.206,1.2172,1.2052
2012-07-26,1.2283,1.2159,1.233,1.2117
2012-07-27,1.2319,1.2283,1.239,1.2241
2012-07-28,1.2319,1.2283,1.239,1.2241
2012-07-29,1.2319,1.2283,1.239,1.2241
2012-07-30,1.226,1.234,1.234,1.2224
2012-07-31,1.2304,1.2262,1.233,1.2247
2012-08-01,1.2226,1.2304,1.2338,1.2218
2012-08-02,1.218,1.2224,1.2405,1.2132
2012-08-03,1.2387,1.218,1.2394,1.2166
2012-08-04,1.2387,1.218,1.2394,1.2166
2012-08-05,1.2387,1.218,1.2394,1.2166
2012-08-06,1.2401,1.2379,1.2444,1.2341
2012-08-07,1.2401,1.2401,1.2442,1.2375
2012-08-08,1.2365,1.2401,1.2403,1.2327
2012-08-09,1.2306,1.2367,1.2388,1.2266
2012-08-10,1.229,1.2306,1.2317,1.2239
2012-08-11,1.229,1.2306,1.2317,1.2239
2012-08-12,1.229,1.2306,1.2317,1.2239
2012-08-13,1.2332,1.228,1.2374,1.226
2012-08-14,1.2322,1.2332,1.2386,1.2316
2012-08-15,1.2289,1.2322,1.2344,1.2263
2012-08-16,1.2355,1.2292,1.2374,1.2256
2012-08-17,1.2334,1.2355,1.2382,1.2288
2012-08-18,1.2334,1.2355,1.2382,1.2288
2012-08-19,1.2334,1.2355,1.2382,1.2288
2012-08-20,1.2344,1.2344,1.2369,1.2294
2012-08-21,1.2472,1.2347,1.249,1.2342
2012-08-22,1.2528,1.2473,1.254,1.2431
2012-08-23,1.2564,1.2528,1.2591,1.2524
2012-08-24,1.2513,1.2563,1.2569,1.2483
2012-08-25,1.2513,1.2563,1.2569,1.2483
2012-08-26,1.2513,1.2563,1.2569,1.2483
2012-08-27,1.25,1.2511,1.2536,1.2489
2012-08-28,1.2565,1.2498,1.2576,1.2464
2012-08-29,1.2529,1.2565,1.2574,1.2517
2012-08-30,1.2506,1.2531,1.2565,1.2488
2012-08-31,1.2577,1.2506,1.2638,1.2493
2012-09-01,1.2577,1.2506,1.2638,1.2493
2012-09-02,1.2577,1.2506,1.2638,1.2493
2012-09-03,1.2594,1.2567,1.2611,1.2556
2012-09-04,1.2567,1.2593,1.263,1.2557
2012-09-05,1.2601,1.2567,1.2626,1.2502
2012-09-06,1.2631,1.2603,1.2652,1.2562
2012-09-07,1.2816,1.2631,1.2818,1.2626
2012-09-08,1.2816,1.2631,1.2818,1.2626
2012-09-09,1.2816,1.2631,1.2818,1.2626
2012-09-10,1.2759,1.2807,1.2813,1.2755
2012-09-11,1.2855,1.2757,1.2872,1.2754
2012-09-12,1.29,1.2855,1.2937,1.2816
2012-09-13,1.2989,1.29,1.3002,1.2857
2012-09-14,1.3127,1.299,1.3171,1.298
2012-09-15,1.3127,1.299,1.3171,1.298
2012-09-16,1.3127,1.299,1.3171,1.298
2012-09-17,1.3117,1.3127,1.317,1.3083
2012-09-18,1.3048,1.3118,1.3122,1.3028
2012-09-19,1.3048,1.3046,1.3086,1.2992
2012-09-20,1.2969,1.3049,1.306,1.292
2012-09-21,1.298,1.2969,1.3047,1.2954
2012-09-22,1.298,1.2969,1.3047,1.2954
2012-09-23,1.298,1.2969,1.3047,1.2954
2012-09-24,1.2931,1.2981,1.299,1.289
2012-09-25,1.29,1.2933,1.2973,1.2887
2012-09-26,1.2872,1.2899,1.2913,1.2835
2012-09-27,1.2914,1.2871,1.2929,1.2828
2012-09-28,1.2858,1.2912,1.2959,1.2837
2012-09-29,1.2858,1.2912,1.2959,1.2837
2012-09-30,1.2858,1.2912,1.2959,1.2837
2012-10-01,1.2889,1.2859,1.294,1.2803
2012-10-02,1.292,1.2888,1.2969,1.288
2012-10-03,1.2906,1.2919,1.2938,1.2877
2012-10-04,1.3018,1.2905,1.3032,1.2901
2012-10-05,1.3034,1.3018,1.3072,1.2993
2012-10-06,1.3034,1.3018,1.3072,1.2993
2012-10-07,1.3034,1.3018,1.3072,1.2993
2012-10-08,1.297,1.303,1.3036,1.2936
2012-10-09,1.2885,1.297,1.2991,1.2858
2012-10-10,1.2875,1.2885,1.2914,1.2835
2012-10-11,1.2927,1.2875,1.2954,1.2826
2012-10-12,1.295,1.2927,1.2992,1.2921
2012-10-13,1.295,1.2927,1.2992,1.2921
2012-10-14,1.295,1.2927,1.2992,1.2921
2012-10-15,1.295,1.2957,1.298,1.2891
2012-10-16,1.3054,1.295,1.3062,1.2943
2012-10-17,1.3119,1.3054,1.3141,1.3053
2012-10-18,1.3066,1.3119,1.3129,1.3055
2012-10-19,1.3022,1.3065,1.3078,1.3012
2012-10-20,1.3022,1.3065,1.3078,1.3012
2012-10-21,1.3022,1.3065,1.3078,1.3012
2012-10-22,1.306,1.3013,1.3085,1.3011
2012-10-23,1.2986,1.306,1.3077,1.2952
2012-10-24,1.2974,1.2986,1.2999,1.2921
2012-10-25,1.2934,1.2973,1.3024,1.2926
2012-10-26,1.2942,1.2934,1.2959,1.2883
2012-10-27,1.2942,1.2934,1.2959,1.2883
2012-10-28,1.2942,1.2934,1.2959,1.2883
2012-10-29,1.2904,1.2948,1.2967,1.2885
2012-10-30,1.2959,1.2904,1.2986,1.2887
2012-10-31,1.296,1.2961,1.3023,1.2946
2012-11-01,1.2942,1.2959,1.2982,1.2923
2012-11-02,1.2837,1.2942,1.2952,1.282
2012-11-03,1.2837,1.2942,1.2952,1.282
2012-11-04,1.2837,1.2942,1.2952,1.282
2012-11-05,1.2797,1.2812,1.2843,1.2767
2012-11-06,1.2814,1.2795,1.2828,1.2763
2012-11-07,1.2771,1.2813,1.2877,1.2735
2012-11-08,1.2747,1.2771,1.2782,1.2718
2012-11-09,1.2709,1.2747,1.279,1.2689
2012-11-10,1.2709,1.2747,1.279,1.2689
2012-11-11,1.2709,1.2747,1.279,1.2689
2012-11-12,1.271,1.2712,1.2742,1.2698
2012-11-13,1.2704,1.2709,1.2728,1.2662
2012-11-14,1.2736,1.2706,1.2778,1.27
2012-11-15,1.278,1.2736,1.2803,1.2717
2012-11-16,1.2744,1.278,1.2788,1.2689
2012-11-17,1.2744,1.278,1.2788,1.2689
2012-11-18,1.2744,1.278,1.2788,1.2689
2012-11-19,1.2813,1.2739,1.2822,1.2731
2012-11-20,1.2818,1.2813,1.283,1.2765
2012-11-21,1.2829,1.2817,1.2833,1.2734
2012-11-22,1.2883,1.2828,1.2902,1.2826
2012-11-23,1.2976,1.2883,1.2992,1.2868
2012-11-24,1.2976,1.2883,1.2992,1.2868
2012-11-25,1.2976,1.2883,1.2992,1.2868
2012-11-26,1.2973,1.2972,1.2985,1.2943
2012-11-27,1.2945,1.297,1.301,1.2915
2012-11-28,1.2953,1.2944,1.2956,1.288
2012-11-29,1.2978,1.2952,1.3014,1.2938
2012-11-30,1.2986,1.2978,1.3028,1.2969
2012-12-01,1.2986,1.2978,1.3028,1.2969
2012-12-02,1.2986,1.2978,1.3028,1.2969
2012-12-03,1.3054,1.2984,1.3077,1.2972
2012-12-04,1.3094,1.3053,1.3109,1.3045
2012-12-05,1.3068,1.3095,1.3128,1.3061
2012-12-06,1.2968,1.3068,1.3088,1.2949
2012-12-07,1.2927,1.2969,1.2974,1.2881
2012-12-08,1.2927,1.2969,1.2974,1.2881
2012-12-09,1.2927,1.2969,1.2974,1.2881
2012-12-10,1.2941,1.2901,1.2947,1.2879
2012-12-11,1.3006,1.2942,1.3016,1.2929
2012-12-12,1.3074,1.3007,1.3098,1.2994
2012-12-13,1.3078,1.3074,1.3102,1.3041
2012-12-14,1.3163,1.3079,1.3175,1.3067
2012-12-15,1.3163,1.3079,1.3175,1.3067
2012-12-16,1.3163,1.3079,1.3175,1.3067
2012-12-17,1.3165,1.319,1.3192,1.3144
2012-12-18,1.323,1.3164,1.3239,1.3155
2012-12-19,1.3228,1.323,1.331,1.3222
2012-12-20,1.3244,1.3228,1.3297,1.3189
2012-12-21,1.3188,1.3245,1.3255,1.3159
2012-12-22,1.3188,1.3245,1.3255,1.3159
2012-12-23,1.3188,1.3245,1.3255,1.3159
2012-12-24,1.3186,1.3188,1.3234,1.3167
2012-12-25,1.3183,1.3184,1.3208,1.317
2012-12-26,1.3224,1.3183,1.3255,1.317
2012-12-27,1.3236,1.3225,1.3285,1.3201
2012-12-28,1.3216,1.3236,1.3258,1.3167
2012-12-29,1.3216,1.3236,1.3258,1.3167
2012-12-30,1.3216,1.3236,1.3258,1.3167
2012-12-31,1.3196,1.3214,1.3236,1.3173
2013-01-01,1.3205,1.3194,1.322,1.318
2013-01-02,1.3186,1.3205,1.3302,1.3157
2013-01-03,1.3048,1.3187,1.3192,1.3046
2013-01-04,1.3069,1.3048,1.3091,1.2999
2013-01-05,1.3069,1.3048,1.3091,1.2999
2013-01-06,1.3069,1.3048,1.3091,1.2999
2013-01-07,1.3117,1.3072,1.3121,1.3018
2013-01-08,1.3083,1.3116,1.3142,1.3058
2013-01-09,1.3064,1.3081,1.3096,1.3037
2013-01-10,1.3271,1.3065,1.3273,1.3039
2013-01-11,1.3344,1.3272,1.3366,1.3248
2013-01-12,1.3344,1.3272,1.3366,1.3248
2013-01-13,1.3344,1.3272,1.3366,1.3248
2013-01-14,1.3383,1.334,1.3404,1.3334
2013-01-15,1.3304,1.3382,1.3394,1.3268
2013-01-16,1.329,1.3304,1.3325,1.3257
2013-01-17,1.3377,1.3291,1.339,1.3271
2013-01-18,1.3319,1.3377,1.3403,1.3281
2013-01-19,1.3319,1.3377,1.3403,1.3281
2013-01-20,1.3319,1.3377,1.3403,1.3281
2013-01-21,1.3314,1.3321,1.3333,1.33
2013-01-22,1.3321,1.3312,1.3373,1.3268
2013-01-23,1.3318,1.3321,1.3356,1.3265
2013-01-24,1.3376,1.3319,1.3394,1.3287
2013-01-25,1.3462,1.3377,1.3481,1.335
2013-01-26,1.3462,1.3377,1.3481,1.335
2013-01-27,1.3462,1.3377,1.3481,1.335
2013-01-28,1.3456,1.3464,1.3478,1.3424
2013-01-29,1.3493,1.3455,1.3498,1.3415
2013-01-30,1.3568,1.3491,1.3588,1.3481
2013-01-31,1.3579,1.3567,1.3594,1.354
2013-02-01,1.364,1.3577,1.3712,1.3572
2013-02-02,1.364,1.3577,1.3712,1.3572
2013-02-03,1.364,1.3577,1.3712,1.3572
2013-02-04,1.3514,1.3642,1.3659,1.3504
2013-02-05,1.3584,1.3514,1.3599,1.3459
2013-02-06,1.3523,1.3584,1.3598,1.3495
2013-02-07,1.3396,1.3521,1.3577,1.3369
2013-02-08,1.3365,1.3398,1.3431,1.3354
2013-02-09,1.3365,1.3398,1.3431,1.3354
2013-02-10,1.3365,1.3398,1.3431,1.3354
2013-02-11,1.3407,1.3359,1.3428,1.3325
2013-02-12,1.3454,1.3406,1.3476,1.3365
2013-02-13,1.3453,1.3453,1.3521,1.3426
2013-02-14,1.3361,1.3451,1.3456,1.3314
2013-02-15,1.3363,1.3363,1.3394,1.3306
2013-02-16,1.3363,1.3363,1.3394,1.3306
2013-02-17,1.3363,1.3363,1.3394,1.3306
2013-02-18,1.3352,1.3357,1.3377,1.3321
2013-02-19,1.3388,1.3352,1.3397,1.3329
2013-02-20,1.3281,1.3387,1.3434,1.327
2013-02-21,1.3189,1.3283,1.3291,1.3161
2013-02-22,1.319,1.319,1.3247,1.3146
2013-02-23,1.319,1.319,1.3247,1.3146
2013-02-24,1.319,1.319,1.3247,1.3146
2013-02-25,1.3062,1.3175,1.3319,1.3047
2013-02-26,1.3062,1.3062,1.3121,1.3018
2013-02-27,1.3139,1.306,1.3148,1.3041
2013-02-28,1.3056,1.3138,1.3163,1.3051
2013-03-01,1.3022,1.3055,1.3102,1.2967
2013-03-02,1.3022,1.3055,1.3102,1.2967
2013-03-03,1.3022,1.3055,1.3102,1.2967
2013-03-04,1.3026,1.3018,1.3032,1.2982
2013-03-05,1.3051,1.3026,1.3077,1.3009
2013-03-06,1.2967,1.3053,1.3072,1.2963
2013-03-07,1.3106,1.2967,1.3121,1.2967
2013-03-08,1.3006,1.3107,1.3136,1.2957
2013-03-09,1.3006,1.3107,1.3136,1.2957
2013-03-10,1.3006,1.3107,1.3136,1.2957
2013-03-11,1.3045,1.2999,1.3054,1.298
2013-03-12,1.3034,1.3044,1.3076,1.2992
2013-03-13,1.2961,1.3034,1.3065,1.2923
2013-03-14,1.3005,1.2961,1.3033,1.2911
2013-03-15,1.3076,1.3005,1.3109,1.2999
2013-03-16,1.3076,1.3005,1.3109,1.2999
2013-03-17,1.3076,1.3005,1.3109,1.2999
2013-03-18,1.2956,1.2959,1.2997,1.2882
2013-03-19,1.2883,1.2957,1.2971,1.2845
2013-03-20,1.2933,1.2881,1.2978,1.2854
2013-03-21,1.2898,1.2932,1.2956,1.288
2013-03-22,1.2988,1.2898,1.3011,1.2889
2013-03-23,1.2988,1.2898,1.3011,1.2889
2013-03-24,1.2988,1.2898,1.3011,1.2889
2013-03-25,1.2852,1.2972,1.3049,1.283
2013-03-26,1.2861,1.2852,1.289,1.2828
2013-03-27,1.278,1.2862,1.2868,1.275
2013-03-28,1.2816,1.278,1.2845,1.2755
2013-03-29,1.282,1.2816,1.2839,1.2793
2013-03-30,1.282,1.2816,1.2839,1.2793
2013-03-31,1.282,1.2816,1.2839,1.2793
2013-04-01,1.2849,1.2814,1.2868,1.2771
2013-04-02,1.282,1.2847,1.2879,1.2809
2013-04-03,1.2851,1.282,1.2865,1.279
2013-04-04,1.2936,1.2849,1.295,1.2746
2013-04-05,1.299,1.2936,1.3041,1.29
2013-04-06,1.299,1.2936,1.3041,1.29
2013-04-07,1.299,1.2936,1.3041,1.29
2013-04-08,1.3009,1.2975,1.3039,1.2963
2013-04-09,1.3082,1.3008,1.3104,1.3004
2013-04-10,1.307,1.3082,1.3123,1.3052
2013-04-11,1.3103,1.3069,1.3139,1.3044
2013-04-12,1.3112,1.3098,1.3127,1.3037
2013-04-13,1.3112,1.3098,1.3127,1.3037
2013-04-14,1.3112,1.3098,1.3127,1.3037
2013-04-15,1.3036,1.3134,1.3135,1.3023
2013-04-16,1.3178,1.3034,1.3203,1.3028
2013-04-17,1.303,1.3177,1.3203,1.3003
2013-04-18,1.3052,1.3031,1.3098,1.3022
2013-04-19,1.3052,1.305,1.3129,1.3046
2013-04-20,1.3052,1.305,1.3129,1.3046
2013-04-21,1.3052,1.305,1.3129,1.3046
2013-04-22,1.3067,1.3079,1.3094,1.3015
2013-04-23,1.2999,1.3066,1.3085,1.2973
2013-04-24,1.3016,1.2998,1.3035,1.2955
2013-04-25,1.3013,1.3013,1.3094,1.2989
2013-04-26,1.3028,1.3013,1.3049,1.2992
2013-04-27,1.3028,1.3013,1.3049,1.2992
2013-04-28,1.3028,1.3013,1.3049,1.2992
2013-04-29,1.31,1.3032,1.3117,1.3028
2013-04-30,1.3167,1.3098,1.3186,1.3056
2013-05-01,1.318,1.3169,1.3245,1.3161
2013-05-02,1.3064,1.318,1.3216,1.3037
2013-05-03,1.3115,1.3065,1.316,1.3035
2013-05-04,1.3115,1.3065,1.316,1.3035
2013-05-05,1.3115,1.3065,1.316,1.3035
2013-05-06,1.3076,1.3115,1.3143,1.3054
2013-05-07,1.3079,1.3075,1.3133,1.3068
2013-05-08,1.3152,1.3079,1.3196,1.3072
2013-05-09,1.3043,1.3154,1.318,1.3011
2013-05-10,1.2993,1.3042,1.3051,1.2936
2013-05-11,1.2993,1.3042,1.3051,1.2936
2013-05-12,1.2993,1.3042,1.3051,1.2936
2013-05-13,1.2976,1.2957,1.2999,1.2942
2013-05-14,1.292,1.2976,1.303,1.2916
2013-05-15,1.2887,1.2919,1.2943,1.2843
2013-05-16,1.2882,1.2886,1.293,1.2846
2013-05-17,1.2839,1.2881,1.289,1.2796
2013-05-18,1.2839,1.2881,1.289,1.2796
2013-05-19,1.2839,1.2881,1.289,1.2796
2013-05-20,1.2883,1.2811,1.2902,1.2803
2013-05-21,1.2906,1.2883,1.2934,1.2841
2013-05-22,1.2858,1.2906,1.3,1.2833
2013-05-23,1.2936,1.2857,1.2956,1.2821
2013-05-24,1.2932,1.2938,1.2998,1.2906
2013-05-25,1.2932,1.2938,1.2998,1.2906
2013-05-26,1.2932,1.2938,1.2998,1.2906
2013-05-27,1.2932,1.2928,1.2951,1.2917
2013-05-28,1.2856,1.2929,1.2951,1.2849
2013-05-29,1.2941,1.2857,1.298,1.284
2013-05-30,1.305,1.294,1.3063,1.2934
2013-05-31,1.2999,1.3053,1.3063,1.2947
2013-06-01,1.2999,1.3053,1.3063,1.2947
2013-06-02,1.2999,1.3053,1.3063,1.2947
2013-06-03,1.3076,1.2983,1.3108,1.2955
2013-06-04,1.3081,1.3077,1.3104,1.3043
2013-06-05,1.3094,1.3081,1.3115,1.3053
2013-06-06,1.3247,1.3095,1.3306,1.3075
2013-06-07,1.3223,1.3246,1.3285,1.3191
2013-06-08,1.3223,1.3246,1.3285,1.3191
2013-06-09,1.3223,1.3246,1.3285,1.3191
2013-06-10,1.3257,1.3207,1.327,1.3177
2013-06-11,1.3315,1.3257,1.3318,1.3232
2013-06-12,1.3337,1.3314,1.3361,1.3266
2013-06-13,1.3375,1.3336,1.3391,1.3278
2013-06-14,1.3347,1.3375,1.3376,1.3294
2013-06-15,1.3347,1.3375,1.3376,1.3294
2013-06-16,1.3347,1.3375,1.3376,1.3294
2013-06-17,1.3369,1.3342,1.3382,1.3317
2013-06-18,1.3394,1.3368,1.3416,1.3325
2013-06-19,1.3295,1.3392,1.3415,1.326
2013-06-20,1.322,1.3296,1.3303,1.3163
2013-06-21,1.3123,1.3219,1.3254,1.3099
2013-06-22,1.3123,1.3219,1.3254,1.3099
2013-06-23,1.3123,1.3219,1.3254,1.3099
2013-06-24,1.3119,1.3117,1.3146,1.306
2013-06-25,1.3085,1.3118,1.3151,1.3064
2013-06-26,1.3012,1.3081,1.3088,1.2984
2013-06-27,1.3037,1.3013,1.3058,1.3001
2013-06-28,1.301,1.3037,1.3105,1.2992
2013-06-29,1.301,1.3037,1.3105,1.2992
2013-06-30,1.301,1.3037,1.3105,1.2992
2013-07-01,1.3064,1.3006,1.3067,1.3001
2013-07-02,1.2979,1.3065,1.308,1.2964
2013-07-03,1.3009,1.2978,1.3032,1.2923
2013-07-04,1.2913,1.3009,1.3024,1.2883
2013-07-05,1.2832,1.2913,1.2918,1.2807
2013-07-06,1.2832,1.2913,1.2918,1.2807
2013-07-07,1.2832,1.2913,1.2918,1.2807
2013-07-08,1.287,1.2825,1.2883,1.2809
2013-07-09,1.2781,1.287,1.2899,1.2755
2013-07-10,1.2976,1.2781,1.2985,1.2765
2013-07-11,1.3096,1.298,1.3204,1.2965
2013-07-12,1.3068,1.3097,1.3103,1.3
2013-07-13,1.3068,1.3097,1.3103,1.3
2013-07-14,1.3068,1.3097,1.3103,1.3
2013-07-15,1.3062,1.3066,1.3085,1.2994
2013-07-16,1.3162,1.3062,1.3175,1.3052
2013-07-17,1.3125,1.3161,1.3177,1.3084
2013-07-18,1.311,1.3125,1.3128,1.3066
2013-07-19,1.3142,1.311,1.3154,1.3087
2013-07-20,1.3142,1.311,1.3154,1.3087
2013-07-21,1.3142,1.311,1.3154,1.3087
2013-07-22,1.3186,1.3142,1.322,1.3131
2013-07-23,1.3224,1.3186,1.3241,1.3165
2013-07-24,1.3201,1.3222,1.3256,1.3176
2013-07-25,1.3277,1.3199,1.3296,1.3165
2013-07-26,1.3279,1.3277,1.3297,1.3252
2013-07-27,1.3279,1.3277,1.3297,1.3252
2013-07-28,1.3279,1.3277,1.3297,1.3252
2013-07-29,1.3262,1.3276,1.3297,1.3241
2013-07-30,1.3263,1.3262,1.3302,1.3234
2013-07-31,1.3302,1.3264,1.3346,1.3215
2013-08-01,1.3207,1.3301,1.3311,1.3197
2013-08-02,1.3283,1.3207,1.3295,1.319
2013-08-03,1.3283,1.3207,1.3295,1.319
2013-08-04,1.3283,1.3207,1.3295,1.319
2013-08-05,1.3258,1.3274,1.3302,1.3232
2013-08-06,1.3306,1.3258,1.3325,1.3245
2013-08-07,1.3337,1.3307,1.3347,1.3266
2013-08-08,1.3382,1.3338,1.3403,1.3329
2013-08-09,1.3343,1.338,1.3391,1.3333
2013-08-10,1.3343,1.338,1.3391,1.3333
2013-08-11,1.3343,1.338,1.3391,1.3333
2013-08-12,1.33,1.334,1.3346,1.3278
2013-08-13,1.3262,1.3299,1.3317,1.3233
2013-08-14,1.3256,1.3262,1.3279,1.3239
2013-08-15,1.3348,1.3256,1.3365,1.3207
2013-08-16,1.3329,1.3346,1.338,1.331
2013-08-17,1.3329,1.3346,1.338,1.331
2013-08-18,1.3329,1.3346,1.338,1.331
2013-08-19,1.3335,1.3328,1.3376,1.3316
2013-08-20,1.3417,1.3336,1.3453,1.3323
2013-08-21,1.3357,1.3416,1.3428,1.3335
2013-08-22,1.3356,1.3355,1.3375,1.3299
2013-08-23,1.3382,1.3356,1.341,1.3333
2013-08-24,1.3382,1.3356,1.341,1.3333
2013-08-25,1.3382,1.3356,1.341,1.3333
2013-08-26,1.3369,1.3382,1.3394,1.3356
2013-08-27,1.3393,1.3368,1.34,1.3324
2013-08-28,1.334,1.3393,1.3399,1.3306
2013-08-29,1.3241,1.3339,1.3344,1.3219
2013-08-30,1.3222,1.3243,1.3256,1.3175
2013-08-31,1.3222,1.3243,1.3256,1.3175
2013-09-01,1.3222,1.3243,1.3256,1.3175
2013-09-02,1.3192,1.3234,1.3238,1.3184
2013-09-03,1.317,1.3191,1.3198,1.3138
2013-09-04,1.3209,1.3171,1.322,1.3156
2013-09-05,1.312,1.3207,1.3223,1.311
2013-09-06,1.318,1.3119,1.3189,1.3104
2013-09-07,1.318,1.3119,1.3189,1.3104
2013-09-08,1.318,1.3119,1.3189,1.3104
2013-09-09,1.3255,1.3169,1.3281,1.3159
2013-09-10,1.3268,1.3255,1.3276,1.323
2013-09-11,1.3312,1.327,1.3327,1.3245
2013-09-12,1.3299,1.331,1.3326,1.3261
2013-09-13,1.3294,1.3299,1.3323,1.3255
2013-09-14,1.3294,1.3299,1.3323,1.3255
2013-09-15,1.3294,1.3299,1.3323,1.3255
2013-09-16,1.3334,1.3306,1.3386,1.3296
2013-09-17,1.3359,1.3334,1.3371,1.3326
2013-09-18,1.3522,1.3359,1.3542,1.3338
2013-09-19,1.353,1.3521,1.3569,1.35
2013-09-20,1.3524,1.3531,1.355,1.3498
2013-09-21,1.3524,1.3531,1.355,1.3498
2013-09-22,1.3524,1.3531,1.355,1.3498
2013-09-23,1.3493,1.3546,1.3556,1.3479
2013-09-24,1.3474,1.3493,1.3519,1.3464
2013-09-25,1.3526,1.3473,1.3538,1.3461
2013-09-26,1.3489,1.3526,1.3529,1.3471
2013-09-27,1.3522,1.3487,1.3565,1.3473
2013-09-28,1.3522,1.3487,1.3565,1.3473
2013-09-29,1.3522,1.3487,1.3565,1.3473
2013-09-30,1.3526,1.348,1.3557,1.3468
2013-10-01,1.3526,1.3528,1.359,1.3517
2013-10-02,1.3579,1.3527,1.3609,1.3509
2013-10-03,1.3618,1.3577,1.3646,1.3576
2013-10-04,1.3558,1.3618,1.3632,1.3538
2013-10-05,1.3558,1.3618,1.3632,1.3538
2013-10-06,1.3558,1.3618,1.3632,1.3538
2013-10-07,1.3582,1.3556,1.3592,1.3542
2013-10-08,1.3573,1.3583,1.3609,1.3558
2013-10-09,1.3524,1.3573,1.3605,1.3486
2013-10-10,1.352,1.3524,1.3546,1.3488
2013-10-11,1.3542,1.3519,1.3582,1.3517
2013-10-12,1.3542,1.3519,1.3582,1.3517
2013-10-13,1.3542,1.3519,1.3582,1.3517
2013-10-14,1.3561,1.3544,1.3598,1.3542
2013-10-15,1.3523,1.3561,1.3571,1.3479
2013-10-16,1.3535,1.3523,1.3567,1.3472
2013-10-17,1.3676,1.3535,1.3681,1.3514
2013-10-18,1.3685,1.3674,1.3704,1.3659
2013-10-19,1.3685,1.3674,1.3704,1.3659
2013-10-20,1.3685,1.3674,1.3704,1.3659
2013-10-21,1.3683,1.3687,1.3691,1.3651
2013-10-22,1.3781,1.3683,1.3794,1.3662
2013-10-23,1.3777,1.3784,1.3794,1.3741
2013-10-24,1.38,1.3776,1.3826,1.3764
2013-10-25,1.3805,1.3801,1.3833,1.3774
2013-10-26,1.3805,1.3801,1.3833,1.3774
2013-10-27,1.3805,1.3801,1.3833,1.3774
2013-10-28,1.3784,1.3803,1.3817,1.3775
2013-10-29,1.3746,1.3784,1.3813,1.3735
2013-10-30,1.3736,1.3745,1.3785,1.3696
2013-10-31,1.3584,1.3737,1.374,1.3577
2013-11-01,1.3487,1.3584,1.3592,1.3481
2013-11-02,1.3487,1.3584,1.3592,1.3481
2013-11-03,1.3487,1.3584,1.3592,1.3481
2013-11-04,1.3516,1.3489,1.3527,1.3443
2013-11-05,1.3474,1.3514,1.3523,1.3449
2013-11-06,1.3512,1.3476,1.355,1.3468
2013-11-07,1.342,1.3514,1.3529,1.3296
2013-11-08,1.3371,1.342,1.3439,1.3317
2013-11-09,1.3371,1.342,1.3439,1.3317
2013-11-10,1.3371,1.342,1.3439,1.3317
2013-11-11,1.3407,1.3361,1.3417,1.3344
2013-11-12,1.3436,1.3407,1.3457,1.3359
2013-11-13,1.3487,1.3436,1.3497,1.3392
2013-11-14,1.3459,1.3489,1.3499,1.3419
2013-11-15,1.3495,1.3458,1.3506,1.3432
2013-11-16,1.3495,1.3458,1.3506,1.3432
2013-11-17,1.3495,1.3458,1.3506,1.3432
2013-11-18,1.3505,1.3502,1.3543,1.3475
2013-11-19,1.3539,1.3505,1.3549,1.3488
2013-11-20,1.3439,1.3539,1.3579,1.3417
2013-11-21,1.3482,1.344,1.3487,1.3399
2013-11-22,1.3558,1.3482,1.3558,1.3462
2013-11-23,1.3558,1.3482,1.3558,1.3462
2013-11-24,1.3558,1.3482,1.3558,1.3462
2013-11-25,1.3516,1.355,1.3561,1.3491
2013-11-26,1.3572,1.3517,1.3575,1.3514
2013-11-27,1.3579,1.3571,1.3613,1.3557
2013-11-28,1.3605,1.358,1.3619,1.3563
2013-11-29,1.359,1.3605,1.3622,1.3579
2013-11-30,1.359,1.3605,1.3622,1.3579
2013-12-01,1.359,1.3605,1.3622,1.3579
2013-12-02,1.3542,1.359,1.3617,1.3525
2013-12-03,1.359,1.354,1.3613,1.3523
2013-12-04,1.3594,1.3589,1.3605,1.3528
2013-12-05,1.3668,1.3594,1.3678,1.3542
2013-12-06,1.3706,1.3668,1.3708,1.363
2013-12-07,1.3706,1.3668,1.3708,1.363
2013-12-08,1.3706,1.3668,1.3708,1.363
2013-12-09,1.3739,1.372,1.3747,1.3694
2013-12-10,1.3761,1.3738,1.3797,1.3733
2013-12-11,1.3786,1.376,1.3811,1.3739
2013-12-12,1.3755,1.3787,1.3804,1.3736
2013-12-13,1.3743,1.3755,1.3771,1.371
2013-12-14,1.3743,1.3755,1.3771,1.371
2013-12-15,1.3743,1.3755,1.3771,1.371
2013-12-16,1.3761,1.374,1.3799,1.3724
2013-12-17,1.3768,1.3762,1.3784,1.3724
2013-12-18,1.3685,1.377,1.3813,1.3675
2013-12-19,1.3663,1.3685,1.3695,1.3649
2013-12-20,1.3672,1.3662,1.371,1.3624
2013-12-21,1.3672,1.3662,1.371,1.3624
2013-12-22,1.3672,1.3662,1.371,1.3624
2013-12-23,1.3696,1.367,1.3717,1.3666
2013-12-24,1.3684,1.3697,1.3704,1.3655
2013-12-25,1.368,1.3684,1.371,1.3661
2013-12-26,1.3691,1.3679,1.3702,1.3662
2013-12-27,1.3742,1.3692,1.3893,1.3686
2013-12-28,1.3742,1.3692,1.3893,1.3686
2013-12-29,1.3742,1.3692,1.3893,1.3686
2013-12-30,1.3805,1.3744,1.3821,1.3729
2013-12-31,1.3746,1.3803,1.3813,1.3742
2014-01-01,1.3754,1.3742,1.3769,1.3742
2014-01-02,1.3672,1.3756,1.3777,1.363
2014-01-03,1.3588,1.3672,1.3674,1.3582
2014-01-04,1.3588,1.3672,1.3674,1.3582
2014-01-05,1.3588,1.3672,1.3674,1.3582
2014-01-06,1.3628,1.3589,1.3653,1.3571
2014-01-07,1.3616,1.3627,1.3657,1.3596
2014-01-08,1.3575,1.3617,1.3636,1.3554
2014-01-09,1.3609,1.3577,1.3636,1.355
2014-01-10,1.367,1.3609,1.3689,1.3577
2014-01-11,1.367,1.3609,1.3689,1.3577
2014-01-12,1.367,1.3609,1.3689,1.3577
2014-01-13,1.3672,1.3669,1.3685,1.3637
2014-01-14,1.3679,1.367,1.3699,1.3648
2014-01-15,1.3605,1.368,1.3684,1.3582
2014-01-16,1.362,1.3604,1.365,1.3582
2014-01-17,1.3541,1.362,1.3623,1.3517
2014-01-18,1.3541,1.362,1.3623,1.3517
2014-01-19,1.3541,1.362,1.3623,1.3517
2014-01-20,1.3552,1.3543,1.357,1.3508
2014-01-21,1.3561,1.3552,1.3571,1.3518
2014-01-22,1.3548,1.3559,1.3584,1.3535
2014-01-23,1.3695,1.3547,1.3699,1.353
2014-01-24,1.3678,1.3697,1.3741,1.3665
2014-01-25,1.3678,1.3697,1.3741,1.3665
2014-01-26,1.3678,1.3697,1.3741,1.3665
2014-01-27,1.3672,1.3677,1.3718,1.3654
2014-01-28,1.3669,1.3673,1.3689,1.3629
2014-01-29,1.3663,1.3668,1.3685,1.3603
2014-01-30,1.3556,1.3662,1.3666,1.3543
2014-01-31,1.3487,1.3557,1.357,1.348
2014-02-01,1.3487,1.3557,1.357,1.348
2014-02-02,1.3487,1.3557,1.357,1.348
2014-02-03,1.3525,1.3493,1.3536,1.3476
2014-02-04,1.3519,1.3525,1.3539,1.3494
2014-02-05,1.3533,1.3519,1.3555,1.3498
2014-02-06,1.359,1.3533,1.3621,1.3485
2014-02-07,1.3635,1.359,1.3642,1.3553
2014-02-08,1.3635,1.359,1.3642,1.3553
2014-02-09,1.3635,1.359,1.3642,1.3553
2014-02-10,1.3647,1.3634,1.3653,1.3609
2014-02-11,1.3639,1.3648,1.3686,1.3631
2014-02-12,1.3594,1.3639,1.3655,1.3563
2014-02-13,1.3681,1.3594,1.3694,1.3586
2014-02-14,1.3693,1.3681,1.3718,1.3674
2014-02-15,1.3693,1.3681,1.3718,1.3674
2014-02-16,1.3693,1.3681,1.3718,1.3674
2014-02-17,1.3708,1.3688,1.3725,1.3687
2014-02-18,1.3758,1.3706,1.377,1.3694
2014-02-19,1.3733,1.3757,1.3774,1.3724
2014-02-20,1.3718,1.3733,1.3763,1.3685
2014-02-21,1.374,1.372,1.376,1.3704
2014-02-22,1.374,1.372,1.376,1.3704
2014-02-23,1.374,1.372,1.376,1.3704
2014-02-24,1.3735,1.3735,1.377,1.3708
2014-02-25,1.3746,1.3735,1.3767,1.3714
2014-02-26,1.3688,1.3744,1.3758,1.3661
2014-02-27,1.3709,1.3687,1.3727,1.3642
2014-02-28,1.3803,1.3708,1.3824,1.3693
2014-03-01,1.3803,1.3708,1.3824,1.3693
2014-03-02,1.3803,1.3708,1.3824,1.3693
2014-03-03,1.3735,1.3786,1.3793,1.3725
2014-03-04,1.3744,1.3735,1.3782,1.372
2014-03-05,1.3733,1.3742,1.3746,1.3706
2014-03-06,1.3861,1.3734,1.3874,1.3723
2014-03-07,1.3878,1.386,1.3917,1.3854
2014-03-08,1.3878,1.386,1.3917,1.3854
2014-03-09,1.3878,1.386,1.3917,1.3854
2014-03-10,1.3877,1.3875,1.3898,1.3861
2014-03-11,1.3859,1.3874,1.388,1.3832
2014-03-12,1.3904,1.3859,1.3914,1.3841
2014-03-13,1.3869,1.3903,1.3968,1.3844
2014-03-14,1.3914,1.3866,1.3937,1.3847
2014-03-15,1.3914,1.3866,1.3937,1.3847
2014-03-16,1.3914,1.3866,1.3937,1.3847
2014-03-17,1.3922,1.3911,1.3949,1.3879
2014-03-18,1.3934,1.3921,1.3942,1.388
2014-03-19,1.3833,1.3933,1.3935,1.3809
2014-03-20,1.3779,1.3832,1.3845,1.3749
2014-03-21,1.3794,1.3779,1.3813,1.3767
2014-03-22,1.3794,1.3779,1.3813,1.3767
2014-03-23,1.3794,1.3779,1.3813,1.3767
2014-03-24,1.3839,1.3792,1.3876,1.376
2014-03-25,1.3827,1.3839,1.3848,1.375
2014-03-26,1.3783,1.3827,1.3829,1.3777
2014-03-27,1.374,1.3781,1.3798,1.3729
2014-03-28,1.3753,1.374,1.3773,1.3705
2014-03-29,1.3753,1.374,1.3773,1.3705
2014-03-30,1.3753,1.374,1.3773,1.3705
2014-03-31,1.3771,1.3755,1.3807,1.3734
2014-04-01,1.3794,1.3769,1.3817,1.3767
2014-04-02,1.3767,1.3792,1.3821,1.3752
2014-04-03,1.372,1.3768,1.3807,1.3699
2014-04-04,1.3703,1.3719,1.3732,1.3672
2014-04-05,1.3703,1.3719,1.3732,1.3672
2014-04-06,1.3703,1.3719,1.3732,1.3672
2014-04-07,1.3741,1.3696,1.3749,1.3689
2014-04-08,1.3796,1.3741,1.3813,1.3737
2014-04-09,1.3855,1.3794,1.3862,1.3779
2014-04-10,1.3888,1.3855,1.3899,1.3835
2014-04-11,1.3885,1.3888,1.3907,1.3864
2014-04-12,1.3885,1.3888,1.3907,1.3864
2014-04-13,1.3885,1.3888,1.3907,1.3864
2014-04-14,1.3821,1.3839,1.3866,1.381
2014-04-15,1.3814,1.3821,1.3835,1.379
2014-04-16,1.3816,1.3814,1.3852,1.3804
2014-04-17,1.3815,1.3816,1.3866,1.381
2014-04-18,1.3815,1.3814,1.3825,1.3808
2014-04-19,1.3815,1.3814,1.3825,1.3808
2014-04-20,1.3815,1.3814,1.3825,1.3808
2014-04-21,1.3792,1.3809,1.3832,1.3786
2014-04-22,1.3805,1.3794,1.3826,1.3785
2014-04-23,1.3817,1.3805,1.3855,1.38
2014-04-24,1.3832,1.3819,1.3843,1.3792
2014-04-25,1.3833,1.3832,1.385,1.3826
2014-04-26,1.3833,1.3832,1.385,1.3826
2014-04-27,1.3833,1.3832,1.385,1.3826
2014-04-28,1.385,1.3834,1.388,1.3814
2014-04-29,1.3812,1.3849,1.3879,1.3805
2014-04-30,1.3868,1.3813,1.3878,1.3777
2014-05-01,1.387,1.3866,1.3889,1.3861
2014-05-02,1.387,1.3868,1.3881,1.3811
2014-05-03,1.387,1.3868,1.3881,1.3811
2014-05-04,1.387,1.3868,1.3881,1.3811
2014-05-05,1.3876,1.3872,1.3892,1.3865
2014-05-06,1.3928,1.3875,1.3952,1.3869
2014-05-07,1.3912,1.3928,1.394,1.391
2014-05-08,1.3841,1.3911,1.3993,1.3832
2014-05-09,1.376,1.3841,1.3847,1.3746
2014-05-10,1.376,1.3841,1.3847,1.3746
2014-05-11,1.376,1.3841,1.3847,1.3746
2014-05-12,1.3757,1.375,1.3775,1.3748
2014-05-13,1.3704,1.3758,1.3773,1.3691
2014-05-14,1.3715,1.3704,1.3732,1.3697
2014-05-15,1.3711,1.3715,1.3733,1.3648
2014-05-16,1.3695,1.3712,1.3729,1.3687
2014-05-17,1.3695,1.3712,1.3729,1.3687
2014-05-18,1.3695,1.3712,1.3729,1.3687
2014-05-19,1.3709,1.3703,1.3736,1.3688
2014-05-20,1.3703,1.3708,1.3714,1.3678
2014-05-21,1.3687,1.3703,1.3724,1.3635
2014-05-22,1.3656,1.3687,1.3689,1.3645
2014-05-23,1.3634,1.3656,1.366,1.3615
2014-05-24,1.3634,1.3656,1.366,1.3615
2014-05-25,1.3634,1.3656,1.366,1.3615
2014-05-26,1.3646,1.3626,1.3655,1.3615
2014-05-27,1.3634,1.3647,1.367,1.3613
2014-05-28,1.3591,1.3635,1.3639,1.3588
2014-05-29,1.3602,1.3589,1.3626,1.3585
2014-05-30,1.3631,1.3601,1.365,1.3598
2014-05-31,1.3631,1.3601,1.365,1.3598
2014-06-01,1.3631,1.3601,1.365,1.3598
2014-06-02,1.3597,1.3636,1.3646,1.3589
2014-06-03,1.3628,1.3596,1.3647,1.3586
2014-06-04,1.3599,1.3628,1.3639,1.3595
2014-06-05,1.366,1.3599,1.3671,1.3504
2014-06-06,1.3643,1.3662,1.3678,1.362
2014-06-07,1.3643,1.3662,1.3678,1.362
2014-06-08,1.3643,1.3662,1.3678,1.362
2014-06-09,1.3594,1.3645,1.367,1.3583
2014-06-10,1.3548,1.3594,1.3603,1.3533
2014-06-11,1.3533,1.3548,1.3558,1.3521
2014-06-12,1.3553,1.3533,1.3574,1.3512
2014-06-13,1.3542,1.3552,1.358,1.3519
2014-06-14,1.3542,1.3552,1.358,1.3519
2014-06-15,1.3542,1.3552,1.358,1.3519
2014-06-16,1.3575,1.3535,1.358,1.3514
2014-06-17,1.3546,1.3574,1.3588,1.3536
2014-06-18,1.3596,1.3546,1.3599,1.354
2014-06-19,1.3609,1.3596,1.3643,1.3582
2014-06-20,1.3599,1.3607,1.3634,1.3563
2014-06-21,1.3599,1.3607,1.3634,1.3563
2014-06-22,1.3599,1.3607,1.3634,1.3563
2014-06-23,1.3605,1.3596,1.3615,1.3575
2014-06-24,1.3605,1.3603,1.3628,1.3582
2014-06-25,1.363,1.3607,1.3652,1.3599
2014-06-26,1.3611,1.3628,1.3641,1.3575
2014-06-27,1.3649,1.3611,1.3652,1.3609
2014-06-28,1.3649,1.3611,1.3652,1.3609
2014-06-29,1.3649,1.3611,1.3652,1.3609
2014-06-30,1.3692,1.3646,1.3698,1.3639
2014-07-01,1.3679,1.3692,1.3701,1.3675
2014-07-02,1.366,1.3679,1.3684,1.3642
2014-07-03,1.3611,1.3659,1.3665,1.3596
2014-07-04,1.3596,1.3613,1.3613,1.3586
2014-07-05,1.3596,1.3613,1.3613,1.3586
2014-07-06,1.3596,1.3613,1.3613,1.3586
2014-07-07,1.3605,1.3596,1.3611,1.3575
2014-07-08,1.3613,1.3605,1.3619,1.3588
2014-07-09,1.3645,1.3613,1.3648,1.3601
2014-07-10,1.361,1.3644,1.3651,1.3589
2014-07-11,1.3609,1.3609,1.3625,1.3591
2014-07-12,1.3609,1.3609,1.3625,1.3591
2014-07-13,1.3609,1.3609,1.3625,1.3591
2014-07-14,1.362,1.3602,1.364,1.3597
2014-07-15,1.3572,1.362,1.3628,1.3561
2014-07-16,1.3525,1.3567,1.3575,1.3519
2014-07-17,1.3527,1.3525,1.3541,1.3516
2014-07-18,1.3525,1.3525,1.3535,1.3491
2014-07-19,1.3525,1.3525,1.3535,1.3491
2014-07-20,1.3525,1.3525,1.3535,1.3491
2014-07-21,1.3523,1.3527,1.355,1.3512
2014-07-22,1.3466,1.3525,1.3531,1.346
2014-07-23,1.3465,1.3465,1.3475,1.3454
2014-07-24,1.3464,1.3463,1.3485,1.3437
2014-07-25,1.3432,1.3466,1.3478,1.3422
2014-07-26,1.3432,1.3466,1.3478,1.3422
2014-07-27,1.3432,1.3466,1.3478,1.3422
2014-07-28,1.3441,1.3432,1.3445,1.3426
2014-07-29,1.341,1.344,1.3445,1.3403
2014-07-30,1.3397,1.3409,1.3416,1.3366
2014-07-31,1.3389,1.3396,1.3401,1.3371
2014-08-01,1.343,1.3392,1.3445,1.3378
2014-08-02,1.343,1.3392,1.3445,1.3378
2014-08-03,1.343,1.3392,1.3445,1.3378
2014-08-04,1.3422,1.3427,1.3434,1.3408
2014-08-05,1.3376,1.3422,1.3425,1.3358
2014-08-06,1.3382,1.3377,1.3388,1.3333
2014-08-07,1.3363,1.3384,1.3394,1.3337
2014-08-08,1.3411,1.3363,1.3433,1.3343
2014-08-09,1.3411,1.3363,1.3433,1.3343
2014-08-10,1.3411,1.3363,1.3433,1.3343
2014-08-11,1.3386,1.3401,1.3415,1.3378
2014-08-12,1.3369,1.3386,1.3386,1.3335
2014-08-13,1.3365,1.3369,1.3415,1.3342
2014-08-14,1.3365,1.3365,1.3409,1.3348
2014-08-15,1.3399,1.3366,1.3412,1.3358
2014-08-16,1.3399,1.3366,1.3412,1.3358
2014-08-17,1.3399,1.3366,1.3412,1.3358
2014-08-18,1.3363,1.3393,1.34,1.3352
2014-08-19,1.332,1.3363,1.3366,1.3312
2014-08-20,1.326,1.3321,1.3327,1.3255
2014-08-21,1.3282,1.326,1.3289,1.3242
2014-08-22,1.3243,1.3283,1.3298,1.322
2014-08-23,1.3243,1.3283,1.3298,1.322
2014-08-24,1.3243,1.3283,1.3298,1.322
2014-08-25,1.3192,1.322,1.322,1.3184
2014-08-26,1.3169,1.3193,1.3216,1.3165
2014-08-27,1.3193,1.3168,1.3211,1.3152
2014-08-28,1.3183,1.3193,1.3221,1.3159
2014-08-29,1.3133,1.3178,1.3197,1.3131
2014-08-30,1.3133,1.3178,1.3197,1.3131
2014-08-31,1.3133,1.3178,1.3197,1.3131
2014-09-01,1.3128,1.3138,1.3146,1.3118
2014-09-02,1.3133,1.313,1.3139,1.311
2014-09-03,1.3151,1.3131,1.3161,1.3122
2014-09-04,1.2945,1.3147,1.3155,1.2919
2014-09-05,1.295,1.2944,1.2986,1.2921
2014-09-06,1.295,1.2944,1.2986,1.2921
2014-09-07,1.295,1.2944,1.2986,1.2921
2014-09-08,1.2897,1.2943,1.2963,1.2882
2014-09-09,1.2938,1.2898,1.2959,1.286
2014-09-10,1.2917,1.2936,1.2963,1.2883
2014-09-11,1.2926,1.2917,1.2952,1.2896
2014-09-12,1.2965,1.2925,1.298,1.2909
2014-09-13,1.2965,1.2925,1.298,1.2909
2014-09-14,1.2965,1.2925,1.298,1.2909
2014-09-15,1.2942,1.2976,1.2982,1.2908
2014-09-16,1.296,1.2938,1.2995,1.2922
2014-09-17,1.2866,1.2959,1.2982,1.2851
2014-09-18,1.2923,1.2865,1.2931,1.2834
2014-09-19,1.2829,1.2923,1.293,1.2827
2014-09-20,1.2829,1.2923,1.293,1.2827
2014-09-21,1.2829,1.2923,1.293,1.2827
2014-09-22,1.285,1.2827,1.2868,1.2815
2014-09-23,1.2847,1.2851,1.2903,1.2842
2014-09-24,1.278,1.2846,1.2864,1.2774
2014-09-25,1.275,1.278,1.2784,1.2698
2014-09-26,1.2685,1.2752,1.2761,1.2677
2014-09-27,1.2685,1.2752,1.2761,1.2677
2014-09-28,1.2685,1.2752,1.2761,1.2677
2014-09-29,1.2685,1.2685,1.2716,1.2664
2014-09-30,1.2632,1.2684,1.2703,1.2571
2014-10-01,1.2624,1.2631,1.264,1.2584
2014-10-02,1.2668,1.2622,1.2698,1.2612
2014-10-03,1.2517,1.2668,1.2676,1.25
2014-10-04,1.2517,1.2668,1.2676,1.25
2014-10-05,1.2517,1.2668,1.2676,1.25
2014-10-06,1.2654,1.251,1.2677,1.2504
2014-10-07,1.267,1.2656,1.2683,1.2584
2014-10-08,1.2734,1.2669,1.2749,1.2622
2014-10-09,1.2691,1.2732,1.2792,1.2664
2014-10-10,1.2628,1.2691,1.2716,1.2605
2014-10-11,1.2628,1.2691,1.2716,1.2605
2014-10-12,1.2628,1.2691,1.2716,1.2605
2014-10-13,1.2753,1.2637,1.2762,1.2619
2014-10-14,1.2659,1.2752,1.2769,1.264
2014-10-15,1.2837,1.2659,1.2886,1.2624
2014-10-16,1.2809,1.2837,1.2847,1.2706
2014-10-17,1.2763,1.2811,1.2837,1.2744
2014-10-18,1.2763,1.2811,1.2837,1.2744
2014-10-19,1.2763,1.2811,1.2837,1.2744
2014-10-20,1.2799,1.2758,1.2817,1.2731
2014-10-21,1.2715,1.2801,1.2841,1.2713
2014-10-22,1.2649,1.2716,1.274,1.2636
2014-10-23,1.2647,1.2651,1.2679,1.2614
2014-10-24,1.267,1.2645,1.2696,1.2633
2014-10-25,1.267,1.2645,1.2696,1.2633
2014-10-26,1.267,1.2645,1.2696,1.2633
2014-10-27,1.2698,1.2683,1.2725,1.2666
2014-10-28,1.2734,1.2698,1.2765,1.2683
2014-10-29,1.2632,1.2735,1.2772,1.2631
2014-10-30,1.2613,1.2631,1.264,1.2547
2014-10-31,1.2525,1.2612,1.2618,1.2485
2014-11-01,1.2525,1.2612,1.2618,1.2485
2014-11-02,1.2525,1.2612,1.2618,1.2485
2014-11-03,1.2483,1.2515,1.2517,1.2441
2014-11-04,1.2546,1.2483,1.2578,1.2481
2014-11-05,1.2486,1.2546,1.2568,1.2457
2014-11-06,1.2375,1.2487,1.2535,1.2365
2014-11-07,1.2454,1.2376,1.2471,1.2359
2014-11-08,1.2454,1.2376,1.2471,1.2359
2014-11-09,1.2454,1.2376,1.2471,1.2359
2014-11-10,1.2421,1.2452,1.251,1.2417
2014-11-11,1.2475,1.2421,1.25,1.2394
2014-11-12,1.2439,1.2476,1.2499,1.2418
2014-11-13,1.2477,1.2439,1.2492,1.2426
2014-11-14,1.2523,1.2477,1.2548,1.2399
2014-11-15,1.2523,1.2477,1.2548,1.2399
2014-11-16,1.2523,1.2477,1.2548,1.2399
2014-11-17,1.245,1.2526,1.2578,1.2444
2014-11-18,1.2537,1.245,1.2546,1.2442
2014-11-19,1.2554,1.2537,1.26,1.2512
2014-11-20,1.254,1.2555,1.2576,1.2504
2014-11-21,1.239,1.2541,1.2571,1.2376
2014-11-22,1.239,1.2541,1.2571,1.2376
2014-11-23,1.239,1.2541,1.2571,1.2376
2014-11-24,1.2443,1.2376,1.2445,1.2357
2014-11-25,1.2475,1.2443,1.2487,1.2401
2014-11-26,1.2506,1.2475,1.2532,1.2443
2014-11-27,1.2467,1.2506,1.2524,1.2464
2014-11-28,1.2452,1.2468,1.2492,1.2427
2014-11-29,1.2452,1.2468,1.2492,1.2427
2014-11-30,1.2452,1.2468,1.2492,1.2427
2014-12-01,1.247,1.2456,1.2507,1.2419
2014-12-02,1.2383,1.2471,1.2478,1.2377
2014-12-03,1.2311,1.2382,1.2391,1.23
2014-12-04,1.2379,1.2313,1.2458,1.2282
2014-12-05,1.2285,1.238,1.2393,1.2271
2014-12-06,1.2285,1.238,1.2393,1.2271
2014-12-07,1.2285,1.238,1.2393,1.2271
2014-12-08,1.2317,1.2278,1.2344,1.2246
2014-12-09,1.2375,1.2317,1.2448,1.2292
2014-12-10,1.2448,1.2374,1.2449,1.2361
2014-12-11,1.2411,1.2448,1.2496,1.237
2014-12-12,1.2462,1.2413,1.2487,1.2384
2014-12-13,1.2462,1.2413,1.2487,1.2384
2014-12-14,1.2462,1.2413,1.2487,1.2384
2014-12-15,1.2437,1.2462,1.2485,1.2414
2014-12-16,1.2511,1.2437,1.2571,1.2433
2014-12-17,1.2343,1.2512,1.2517,1.2322
2014-12-18,1.2286,1.2342,1.2353,1.2265
2014-12-19,1.2228,1.2288,1.2305,1.2222
2014-12-20,1.2228,1.2288,1.2305,1.2222
2014-12-21,1.2228,1.2288,1.2305,1.2222
2014-12-22,1.2231,1.2226,1.2273,1.2216
2014-12-23,1.2172,1.2231,1.2247,1.2165
2014-12-24,1.2195,1.2172,1.2222,1.217
2014-12-25,1.2222,1.2195,1.2256,1.2186
2014-12-26,1.2176,1.2224,1.2228,1.2168
2014-12-27,1.2176,1.2224,1.2228,1.2168
2014-12-28,1.2176,1.2224,1.2228,1.2168
2014-12-29,1.2152,1.2182,1.2221,1.2142
2014-12-30,1.2157,1.2151,1.2188,1.2123
2014-12-31,1.2098,1.2155,1.2172,1.2096
2015-01-01,1.2104,1.21,1.2107,1.2094
2015-01-02,1.2003,1.2106,1.2111,1.2001
2015-01-03,1.2003,1.2106,1.2111,1.2001
2015-01-04,1.2003,1.2106,1.2111,1.2001
2015-01-05,1.1934,1.2003,1.2008,1.1883
2015-01-06,1.1889,1.1933,1.1969,1.1884
2015-01-07,1.1839,1.1892,1.1898,1.1803
2015-01-08,1.1793,1.1839,1.1848,1.1753
2015-01-09,1.1841,1.1793,1.1848,1.1763
2015-01-10,1.1841,1.1793,1.1848,1.1763
2015-01-11,1.1841,1.1793,1.1848,1.1763
2015-01-12,1.1834,1.1838,1.1871,1.1786
2015-01-13,1.1772,1.1833,1.186,1.1753
2015-01-14,1.1789,1.1772,1.1846,1.1726
2015-01-15,1.1631,1.1789,1.1795,1.157
2015-01-16,1.157,1.1633,1.165,1.1462
2015-01-17,1.157,1.1633,1.165,1.1462
2015-01-18,1.157,1.1633,1.165,1.1462
2015-01-19,1.1606,1.1551,1.1641,1.1545
2015-01-20,1.1551,1.1606,1.1616,1.154
2015-01-21,1.161,1.1553,1.1677,1.1542
2015-01-22,1.1366,1.161,1.1648,1.1317
2015-01-23,1.1208,1.1366,1.1374,1.1114
2015-01-24,1.1208,1.1366,1.1374,1.1114
2015-01-25,1.1208,1.1366,1.1374,1.1114
2015-01-26,1.1239,1.1186,1.1297,1.1099
2015-01-27,1.1381,1.1237,1.1423,1.1224
2015-01-28,1.1288,1.1382,1.1385,1.1276
2015-01-29,1.132,1.1287,1.1369,1.1261
2015-01-30,1.1288,1.1321,1.1366,1.1279
2015-01-31,1.1288,1.1321,1.1366,1.1279
2015-02-01,1.1288,1.1321,1.1366,1.1279
2015-02-02,1.1342,1.1284,1.1364,1.128
2015-02-03,1.1481,1.1343,1.1534,1.1313
2015-02-04,1.1347,1.1482,1.1486,1.1317
2015-02-05,1.1477,1.1345,1.15,1.1304
2015-02-06,1.1315,1.1477,1.1488,1.1313
2015-02-07,1.1315,1.1477,1.1488,1.1313
2015-02-08,1.1315,1.1477,1.1488,1.1313
2015-02-09,1.1324,1.1315,1.1359,1.1271
2015-02-10,1.1321,1.1327,1.1347,1.1274
2015-02-11,1.1334,1.1321,1.1349,1.128
2015-02-12,1.1403,1.1334,1.1423,1.1302
2015-02-13,1.1385,1.1403,1.1443,1.138
2015-02-14,1.1385,1.1403,1.1443,1.138
2015-02-15,1.1385,1.1403,1.1443,1.138
2015-02-16,1.1353,1.1385,1.1429,1.1317
2015-02-17,1.1412,1.1354,1.145,1.1322
2015-02-18,1.1397,1.1412,1.1418,1.1334
2015-02-19,1.1366,1.1397,1.145,1.1355
2015-02-20,1.1381,1.137,1.1431,1.128
2015-02-21,1.1381,1.137,1.1431,1.128
2015-02-22,1.1381,1.137,1.1431,1.128
2015-02-23,1.1332,1.1385,1.1414,1.1296
2015-02-24,1.1341,1.1336,1.136,1.1289
2015-02-25,1.1362,1.134,1.1389,1.1334
2015-02-26,1.1198,1.1361,1.1381,1.1184
2015-02-27,1.1195,1.1199,1.1248,1.1178
2015-02-28,1.1195,1.1199,1.1248,1.1178
2015-03-01,1.1195,1.1199,1.1248,1.1178
2015-03-02,1.1185,1.1187,1.1242,1.1159
2015-03-03,1.1176,1.1183,1.1219,1.1155
2015-03-04,1.1079,1.1178,1.1187,1.1062
2015-03-05,1.1031,1.1079,1.1115,1.0989
2015-03-06,1.0844,1.1033,1.1035,1.0842
2015-03-07,1.0844,1.1033,1.1035,1.0842
2015-03-08,1.0844,1.1033,1.1035,1.0842
2015-03-09,1.0852,1.0832,1.0908,1.0823
2015-03-10,1.0698,1.0851,1.0856,1.0692
2015-03-11,1.0547,1.0699,1.0718,1.0511
2015-03-12,1.0635,1.0547,1.0684,1.0495
2015-03-13,1.0495,1.0637,1.0639,1.0462
2015-03-14,1.0495,1.0637,1.0639,1.0462
2015-03-15,1.0495,1.0637,1.0639,1.0462
2015-03-16,1.0568,1.0494,1.0621,1.0459
2015-03-17,1.0598,1.0566,1.065,1.0551
2015-03-18,1.0867,1.0598,1.1033,1.0581
2015-03-19,1.066,1.0866,1.0915,1.0613
2015-03-20,1.0822,1.0661,1.0883,1.065
2015-03-21,1.0822,1.0661,1.0883,1.065
2015-03-22,1.0822,1.0661,1.0883,1.065
2015-03-23,1.0947,1.0837,1.0972,1.0768
2015-03-24,1.0926,1.0947,1.1031,1.0892
2015-03-25,1.0972,1.0926,1.1016,1.0901
2015-03-26,1.0884,1.0969,1.1052,1.0856
2015-03-27,1.0888,1.0886,1.0949,1.0802
2015-03-28,1.0888,1.0886,1.0949,1.0802
2015-03-29,1.0888,1.0886,1.0949,1.0802
2015-03-30,1.0834,1.0889,1.0897,1.0811
2015-03-31,1.0731,1.0833,1.0846,1.0713
2015-04-01,1.0764,1.0735,1.0801,1.0719
2015-04-02,1.0884,1.0764,1.0905,1.0751
2015-04-03,1.0978,1.0883,1.1028,1.0864
2015-04-04,1.0978,1.0883,1.1028,1.0864
2015-04-05,1.0978,1.0883,1.1028,1.0864
2015-04-06,1.0924,1.0991,1.1037,1.0911
2015-04-07,1.0816,1.0922,1.0957,1.0805
2015-04-08,1.0781,1.0816,1.0888,1.0764
2015-04-09,1.0659,1.0781,1.0789,1.0638
2015-04-10,1.0604,1.066,1.0685,1.0569
2015-04-11,1.0604,1.066,1.0685,1.0569
2015-04-12,1.0604,1.066,1.0685,1.0569
2015-04-13,1.0568,1.0602,1.0619,1.052
2015-04-14,1.0654,1.0566,1.0709,1.053
2015-04-15,1.0686,1.0655,1.0703,1.0572
2015-04-16,1.0762,1.0684,1.0819,1.0625
2015-04-17,1.0807,1.0762,1.085,1.0737
2015-04-18,1.0807,1.0762,1.085,1.0737
2015-04-19,1.0807,1.0762,1.085,1.0737
2015-04-20,1.0737,1.0821,1.0825,1.0713
2015-04-21,1.0736,1.074,1.0784,1.0661
2015-04-22,1.0726,1.0736,1.0802,1.0709
2015-04-23,1.0827,1.0726,1.0848,1.0667
2015-04-24,1.0874,1.0825,1.0901,1.0785
2015-04-25,1.0874,1.0825,1.0901,1.0785
2015-04-26,1.0874,1.0825,1.0901,1.0785
2015-04-27,1.0888,1.0873,1.0928,1.0821
2015-04-28,1.0981,1.0894,1.0991,1.0859
2015-04-29,1.1132,1.0983,1.1189,1.096
2015-04-30,1.1225,1.113,1.1269,1.1073
2015-05-01,1.1202,1.1223,1.129,1.1176
2015-05-02,1.1202,1.1223,1.129,1.1176
2015-05-03,1.1202,1.1223,1.129,1.1176
2015-05-04,1.1146,1.1202,1.1226,1.1123
2015-05-05,1.1186,1.1147,1.1223,1.1067
2015-05-06,1.1353,1.1187,1.1372,1.1176
2015-05-07,1.1267,1.1347,1.1393,1.1237
2015-05-08,1.1204,1.1267,1.129,1.1178
2015-05-09,1.1204,1.1267,1.129,1.1178
2015-05-10,1.1204,1.1267,1.129,1.1178
2015-05-11,1.1155,1.1197,1.1207,1.1131
2015-05-12,1.1214,1.1155,1.1277,1.1134
2015-05-13,1.1357,1.1214,1.1385,1.1204
2015-05-14,1.141,1.1359,1.1447,1.1341
2015-05-15,1.1452,1.141,1.1467,1.1324
2015-05-16,1.1452,1.141,1.1467,1.1324
2015-05-17,1.1452,1.141,1.1467,1.1324
2015-05-18,1.1315,1.1441,1.145,1.1298
2015-05-19,1.1149,1.1317,1.1328,1.1119
2015-05-20,1.1093,1.115,1.1156,1.1063
2015-05-21,1.1113,1.1092,1.1181,1.108
2015-05-22,1.1018,1.1115,1.1211,1.1004
2015-05-23,1.1018,1.1115,1.1211,1.1004
2015-05-24,1.1018,1.1115,1.1211,1.1004
2015-05-25,1.0978,1.1006,1.1012,1.0961
2015-05-26,1.0873,1.0978,1.0985,1.0863
2015-05-27,1.0905,1.0873,1.0931,1.082
2015-05-28,1.0949,1.0905,1.096,1.0869
2015-05-29,1.0988,1.0948,1.1006,1.0926
2015-05-30,1.0988,1.0948,1.1006,1.0926
2015-05-31,1.0988,1.0948,1.1006,1.0926
2015-06-01,1.0928,1.0989,1.0991,1.0888
2015-06-02,1.1155,1.0928,1.1193,1.0915
2015-06-03,1.1275,1.1151,1.1284,1.1079
2015-06-04,1.1239,1.1276,1.1381,1.1227
2015-06-05,1.1113,1.1239,1.1281,1.105
2015-06-06,1.1113,1.1239,1.1281,1.105
2015-06-07,1.1113,1.1239,1.1281,1.105
2015-06-08,1.1292,1.1113,1.1307,1.108
2015-06-09,1.1284,1.1292,1.1345,1.1214
2015-06-10,1.1326,1.1286,1.1387,1.1261
2015-06-11,1.1258,1.1325,1.1332,1.1183
2015-06-12,1.1269,1.1258,1.1298,1.1151
2015-06-13,1.1269,1.1258,1.1298,1.1151
2015-06-14,1.1269,1.1258,1.1298,1.1151
2015-06-15,1.1284,1.1225,1.1294,1.1189
2015-06-16,1.1248,1.1283,1.1331,1.1206
2015-06-17,1.1337,1.1249,1.136,1.1213
2015-06-18,1.136,1.1337,1.1438,1.1331
2015-06-19,1.1353,1.136,1.1393,1.1292
2015-06-20,1.1353,1.136,1.1393,1.1292
2015-06-21,1.1353,1.136,1.1393,1.1292
2015-06-22,1.1341,1.1363,1.1411,1.1312
2015-06-23,1.117,1.1341,1.1348,1.1135
2015-06-24,1.1207,1.1171,1.1237,1.1156
2015-06-25,1.1204,1.1204,1.1227,1.1153
2015-06-26,1.1166,1.1207,1.1221,1.1131
2015-06-27,1.1166,1.1207,1.1221,1.1131
2015-06-28,1.1166,1.1207,1.1221,1.1131
2015-06-29,1.1236,1.1031,1.1279,1.0954
2015-06-30,1.1138,1.1237,1.1246,1.1114
2015-07-01,1.1054,1.1139,1.1172,1.1042
2015-07-02,1.1084,1.1054,1.1124,1.1031
2015-07-03,1.1114,1.1086,1.1119,1.1066
2015-07-04,1.1114,1.1086,1.1119,1.1066
2015-07-05,1.1114,1.1086,1.1119,1.1066
2015-07-06,1.1057,1.0993,1.1097,1.0969
2015-07-07,1.1012,1.1056,1.1061,1.0917
2015-07-08,1.1077,1.1012,1.1094,1.0974
2015-07-09,1.1038,1.1078,1.1126,1.0992
2015-07-10,1.1164,1.1037,1.1218,1.1031
2015-07-11,1.1164,1.1037,1.1218,1.1031
2015-07-12,1.1164,1.1037,1.1218,1.1031
2015-07-13,1.1004,1.1107,1.1197,1.0995
2015-07-14,1.1012,1.1004,1.1084,1.0966
2015-07-15,1.0949,1.101,1.1035,1.093
2015-07-16,1.0875,1.0947,1.0964,1.0856
2015-07-17,1.0829,1.0875,1.0907,1.0827
2015-07-18,1.0829,1.0875,1.0907,1.0827
2015-07-19,1.0829,1.0875,1.0907,1.0827
2015-07-20,1.0827,1.0833,1.0872,1.081
2015-07-21,1.0937,1.0825,1.097,1.0811
2015-07-22,1.0934,1.0936,1.0966,1.0869
2015-07-23,1.0983,1.0928,1.1019,1.0922
2015-07-24,1.0984,1.0983,1.0997,1.0926
2015-07-25,1.0984,1.0983,1.0997,1.0926
2015-07-26,1.0984,1.0983,1.0997,1.0926
2015-07-27,1.1094,1.0974,1.113,1.097
2015-07-28,1.1059,1.1089,1.1101,1.1022
2015-07-29,1.0986,1.1061,1.1086,1.0967
2015-07-30,1.0933,1.0987,1.0992,1.0894
2015-07-31,1.0988,1.0934,1.1114,1.0921
2015-08-01,1.0988,1.0934,1.1114,1.0921
2015-08-02,1.0988,1.0934,1.1114,1.0921
2015-08-03,1.0951,1.097,1.0997,1.0941
2015-08-04,1.0882,1.0951,1.0989,1.0877
2015-08-05,1.0906,1.0883,1.0938,1.0849
2015-08-06,1.0925,1.0909,1.0944,1.0876
2015-08-07,1.0968,1.093,1.0981,1.0857
2015-08-08,1.0968,1.093,1.0981,1.0857
2015-08-09,1.0968,1.093,1.0981,1.0857
2015-08-10,1.1019,1.0969,1.1044,1.0927
2015-08-11,1.104,1.1019,1.1088,1.096
2015-08-12,1.1157,1.104,1.1212,1.1023
2015-08-13,1.1149,1.1157,1.1189,1.108
2015-08-14,1.1107,1.1149,1.1189,1.1096
2015-08-15,1.1107,1.1149,1.1189,1.1096
2015-08-16,1.1107,1.1149,1.1189,1.1096
2015-08-17,1.1081,1.1106,1.1125,1.1058
2015-08-18,1.1021,1.1083,1.1096,1.1018
2015-08-19,1.1119,1.1023,1.1137,1.1019
2015-08-20,1.1242,1.1117,1.1246,1.1105
2015-08-21,1.1389,1.1244,1.1393,1.1229
2015-08-22,1.1389,1.1244,1.1393,1.1229
2015-08-23,1.1389,1.1244,1.1393,1.1229
2015-08-24,1.162,1.1363,1.1713,1.1363
2015-08-25,1.1517,1.1619,1.1625,1.1399
2015-08-26,1.1315,1.1515,1.1561,1.129
2015-08-27,1.1245,1.1314,1.1366,1.1204
2015-08-28,1.1179,1.1247,1.131,1.1156
2015-08-29,1.1179,1.1247,1.131,1.1156
2015-08-30,1.1179,1.1247,1.131,1.1156
2015-08-31,1.1214,1.1176,1.1265,1.1162
2015-09-01,1.1319,1.1211,1.1333,1.1206
2015-09-02,1.1227,1.1311,1.1319,1.1214
2015-09-03,1.1124,1.1227,1.1246,1.1088
2015-09-04,1.1147,1.1124,1.1181,1.1089
2015-09-05,1.1147,1.1124,1.1181,1.1089
2015-09-06,1.1147,1.1124,1.1181,1.1089
2015-09-07,1.1168,1.1157,1.1178,1.112
2015-09-08,1.12,1.117,1.1229,1.1152
2015-09-09,1.1207,1.1202,1.1219,1.1133
2015-09-10,1.128,1.1209,1.1299,1.1174
2015-09-11,1.134,1.1279,1.1349,1.1254
2015-09-12,1.134,1.1279,1.1349,1.1254
2015-09-13,1.134,1.1279,1.1349,1.1254
2015-09-14,1.1321,1.1338,1.1375,1.1285
2015-09-15,1.1267,1.1313,1.1328,1.1258
2015-09-16,1.129,1.1267,1.1321,1.1212
2015-09-17,1.1437,1.129,1.1442,1.1284
2015-09-18,1.1305,1.1435,1.146,1.1267
2015-09-19,1.1305,1.1435,1.146,1.1267
2015-09-20,1.1305,1.1435,1.146,1.1267
2015-09-21,1.1189,1.1284,1.1332,1.1183
2015-09-22,1.112,1.1188,1.1209,1.1114
2015-09-23,1.1187,1.112,1.1214,1.1105
2015-09-24,1.123,1.1185,1.1296,1.1164
2015-09-25,1.1195,1.1227,1.1231,1.1115
2015-09-26,1.1195,1.1227,1.1231,1.1115
2015-09-27,1.1195,1.1227,1.1231,1.1115
2015-09-28,1.1246,1.1195,1.125,1.1149
2015-09-29,1.1249,1.1247,1.1285,1.1196
2015-09-30,1.1177,1.1246,1.1262,1.1157
2015-10-01,1.1195,1.1176,1.121,1.1134
2015-10-02,1.1211,1.1196,1.1319,1.1151
2015-10-03,1.1211,1.1196,1.1319,1.1151
2015-10-04,1.1211,1.1196,1.1319,1.1151
2015-10-05,1.1185,1.122,1.129,1.117
2015-10-06,1.1271,1.1193,1.1282,1.1174
2015-10-07,1.1235,1.1269,1.1284,1.121
2015-10-08,1.1279,1.1235,1.1325,1.1232
2015-10-09,1.1358,1.1282,1.1391,1.1269
2015-10-10,1.1358,1.1282,1.1391,1.1269
2015-10-11,1.1358,1.1282,1.1391,1.1269
2015-10-12,1.1355,1.1355,1.1397,1.1351
2015-10-13,1.1379,1.1358,1.1413,1.1346
2015-10-14,1.1473,1.1378,1.149,1.1374
2015-10-15,1.1383,1.1474,1.1496,1.1363
2015-10-16,1.1347,1.1383,1.1397,1.1334
2015-10-17,1.1347,1.1383,1.1397,1.1334
2015-10-18,1.1347,1.1383,1.1397,1.1334
2015-10-19,1.1327,1.1352,1.1382,1.1307
2015-10-20,1.1345,1.1326,1.1387,1.1324
2015-10-21,1.1339,1.1347,1.138,1.1335
2015-10-22,1.1107,1.1338,1.1351,1.1098
2015-10-23,1.1018,1.1111,1.1142,1.0997
2015-10-24,1.1018,1.1111,1.1142,1.0997
2015-10-25,1.1018,1.1111,1.1142,1.0997
2015-10-26,1.1056,1.1008,1.1069,1.0987
2015-10-27,1.1048,1.1056,1.1079,1.1029
2015-10-28,1.092,1.105,1.1096,1.0894
2015-10-29,1.0976,1.0924,1.0985,1.0903
2015-10-30,1.1006,1.0976,1.1073,1.0964
2015-10-31,1.1006,1.0976,1.1073,1.0964
2015-11-01,1.1006,1.0976,1.1073,1.0964
2015-11-02,1.1015,1.1015,1.1053,1.1001
2015-11-03,1.0968,1.1014,1.1031,1.0936
2015-11-04,1.0863,1.0962,1.0968,1.0842
2015-11-05,1.0884,1.0865,1.0898,1.0835
2015-11-06,1.0741,1.0886,1.0896,1.0709
2015-11-07,1.0741,1.0886,1.0896,1.0709
2015-11-08,1.0741,1.0886,1.0896,1.0709
2015-11-09,1.0752,1.0738,1.0793,1.0719
2015-11-10,1.0724,1.0751,1.0764,1.0673
2015-11-11,1.0744,1.0724,1.0774,1.0705
2015-11-12,1.0817,1.0743,1.0829,1.069
2015-11-13,1.0779,1.0816,1.0818,1.0715
2015-11-14,1.0779,1.0816,1.0818,1.0715
2015-11-15,1.0779,1.0816,1.0818,1.0715
2015-11-16,1.0686,1.0751,1.0781,1.0675
2015-11-17,1.0644,1.069,1.0696,1.0633
2015-11-18,1.0659,1.064,1.0694,1.0617
2015-11-19,1.0734,1.0657,1.0764,1.0654
2015-11-20,1.0646,1.0736,1.0745,1.0641
2015-11-21,1.0646,1.0736,1.0745,1.0641
2015-11-22,1.0646,1.0736,1.0745,1.0641
2015-11-23,1.0636,1.0647,1.0658,1.0593
2015-11-24,1.0641,1.0634,1.0674,1.062
2015-11-25,1.0627,1.0642,1.069,1.0566
2015-11-26,1.061,1.0627,1.0633,1.06
2015-11-27,1.0593,1.061,1.064,1.057
2015-11-28,1.0593,1.061,1.064,1.057
2015-11-29,1.0593,1.061,1.064,1.057
2015-11-30,1.0564,1.0591,1.0596,1.0558
2015-12-01,1.0631,1.0566,1.0638,1.0562
2015-12-02,1.0615,1.0633,1.0644,1.0553
2015-12-03,1.0941,1.0616,1.0983,1.0541
2015-12-04,1.0886,1.0939,1.0957,1.0837
2015-12-05,1.0886,1.0939,1.0957,1.0837
2015-12-06,1.0886,1.0939,1.0957,1.0837
2015-12-07,1.0835,1.0859,1.0888,1.0795
2015-12-08,1.0894,1.0835,1.0901,1.0827
2015-12-09,1.1025,1.0888,1.1042,1.0877
2015-12-10,1.0941,1.1027,1.1029,1.0924
2015-12-11,1.0989,1.0943,1.1033,1.0926
2015-12-12,1.0989,1.0943,1.1033,1.0926
2015-12-13,1.0989,1.0943,1.1033,1.0926
2015-12-14,1.0992,1.0985,1.105,1.0946
2015-12-15,1.0928,1.0991,1.1059,1.0903
2015-12-16,1.0913,1.0932,1.1008,1.0888
2015-12-17,1.0825,1.0915,1.0915,1.08
2015-12-18,1.0868,1.0828,1.0877,1.0806
2015-12-19,1.0868,1.0828,1.0877,1.0806
2015-12-20,1.0868,1.0828,1.0877,1.0806
2015-12-21,1.0915,1.0863,1.0941,1.0848
2015-12-22,1.0955,1.0913,1.0985,1.0901
2015-12-23,1.0909,1.0955,1.0957,1.0869
2015-12-24,1.0972,1.0913,1.0976,1.0903
2015-12-25,1.0977,1.0973,1.0979,1.0945
2015-12-26,1.0977,1.0973,1.0979,1.0945
2015-12-27,1.0977,1.0973,1.0979,1.0945
2015-12-28,1.0968,1.0965,1.0995,1.0951
2015-12-29,1.0917,1.0968,1.0992,1.0899
2015-12-30,1.0932,1.092,1.0947,1.0903
2015-12-31,1.0861,1.0932,1.0938,1.085
2016-01-01,1.086,1.0862,1.0869,1.0845
2016-01-02,1.086,1.0862,1.0869,1.0845
2016-01-03,1.086,1.0862,1.0869,1.0845
2016-01-04,1.0831,1.0858,1.0949,1.0783
2016-01-05,1.0748,1.0831,1.084,1.0711
2016-01-06,1.0781,1.0749,1.0802,1.0721
2016-01-07,1.0936,1.0779,1.0941,1.077
2016-01-08,1.0932,1.0934,1.0936,1.0804
2016-01-09,1.0932,1.0934,1.0936,1.0804
2016-01-10,1.0932,1.0934,1.0936,1.0804
2016-01-11,1.086,1.0923,1.0969,1.0847
2016-01-12,1.0857,1.0859,1.0904,1.0822
2016-01-13,1.0877,1.0858,1.0891,1.0807
2016-01-14,1.0865,1.088,1.0945,1.0835
2016-01-15,1.0917,1.0866,1.0987,1.0855
2016-01-16,1.0917,1.0866,1.0987,1.0855
2016-01-17,1.0917,1.0866,1.0987,1.0855
2016-01-18,1.0892,1.0918,1.0941,1.0869
2016-01-19,1.0909,1.0892,1.0941,1.0861
2016-01-20,1.0891,1.091,1.0977,1.0877
2016-01-21,1.0874,1.0893,1.0922,1.0779
2016-01-22,1.0797,1.0874,1.0879,1.079
2016-01-23,1.0797,1.0874,1.0879,1.079
2016-01-24,1.0797,1.0874,1.0879,1.079
2016-01-25,1.0849,1.0799,1.0858,1.0788
2016-01-26,1.0871,1.085,1.0875,1.0819
2016-01-27,1.0893,1.0871,1.0917,1.0851
2016-01-28,1.0939,1.0891,1.0969,1.0869
2016-01-29,1.0837,1.0938,1.0951,1.0812
2016-01-30,1.0837,1.0938,1.0951,1.0812
2016-01-31,1.0837,1.0938,1.0951,1.0812
2016-02-01,1.0888,1.0833,1.0915,1.0814
2016-02-02,1.0919,1.0892,1.0944,1.0886
2016-02-03,1.1104,1.0917,1.1146,1.0903
2016-02-04,1.1208,1.1104,1.124,1.107
2016-02-05,1.1159,1.1209,1.1246,1.111
2016-02-06,1.1159,1.1209,1.1246,1.111
2016-02-07,1.1159,1.1209,1.1246,1.111
2016-02-08,1.1198,1.1159,1.1218,1.1087
2016-02-09,1.1293,1.1197,1.1339,1.1163
2016-02-10,1.129,1.1292,1.1311,1.1159
2016-02-11,1.1324,1.1292,1.1378,1.1274
2016-02-12,1.126,1.1328,1.1335,1.1215
2016-02-13,1.126,1.1328,1.1335,1.1215
2016-02-14,1.126,1.1328,1.1335,1.1215
2016-02-15,1.1155,1.1251,1.1253,1.1127
2016-02-16,1.1144,1.1155,1.1196,1.1123
2016-02-17,1.1128,1.1143,1.118,1.1104
2016-02-18,1.1107,1.113,1.1153,1.1072
2016-02-19,1.1134,1.1107,1.114,1.1067
2016-02-20,1.1134,1.1107,1.114,1.1067
2016-02-21,1.1134,1.1107,1.114,1.1067
2016-02-22,1.1029,1.1128,1.1137,1.1003
2016-02-23,1.102,1.1031,1.1055,1.0991
2016-02-24,1.1013,1.1019,1.1047,1.0957
2016-02-25,1.1023,1.1014,1.1052,1.0987
2016-02-26,1.0934,1.102,1.1071,1.0913
2016-02-27,1.0934,1.102,1.1071,1.0913
2016-02-28,1.0934,1.102,1.1071,1.0913
2016-02-29,1.0873,1.0932,1.0964,1.0858
2016-03-01,1.0867,1.0873,1.0896,1.0835
2016-03-02,1.0868,1.0868,1.0881,1.0825
2016-03-03,1.0957,1.0867,1.0974,1.0853
2016-03-04,1.1004,1.0958,1.1045,1.0903
2016-03-05,1.1004,1.0958,1.1045,1.0903
2016-03-06,1.1004,1.0958,1.1045,1.0903
2016-03-07,1.1014,1.1008,1.1027,1.094
2016-03-08,1.1011,1.1014,1.1059,1.0992
2016-03-09,1.0999,1.1012,1.1037,1.0946
2016-03-10,1.1177,1.0998,1.1218,1.0821
2016-03-11,1.1153,1.1177,1.1212,1.1081
2016-03-12,1.1153,1.1177,1.1212,1.1081
2016-03-13,1.1153,1.1177,1.1212,1.1081
2016-03-14,1.1106,1.1151,1.1177,1.1076
2016-03-15,1.1109,1.11,1.1125,1.1071
2016-03-16,1.1225,1.111,1.1245,1.1058
2016-03-17,1.1319,1.1224,1.1344,1.1205
2016-03-18,1.127,1.1319,1.1339,1.1257
2016-03-19,1.127,1.1319,1.1339,1.1257
2016-03-20,1.127,1.1319,1.1339,1.1257
2016-03-21,1.1241,1.127,1.1286,1.1235
2016-03-22,1.1217,1.1245,1.1263,1.119
2016-03-23,1.1184,1.1218,1.1224,1.1158
2016-03-24,1.1174,1.1179,1.1188,1.1143
2016-03-25,1.1166,1.1176,1.1189,1.1153
2016-03-26,1.1166,1.1176,1.1189,1.1153
2016-03-27,1.1166,1.1176,1.1189,1.1153
2016-03-28,1.1196,1.1164,1.1221,1.1154
2016-03-29,1.1291,1.1198,1.1305,1.1168
2016-03-30,1.1338,1.129,1.1366,1.1281
2016-03-31,1.138,1.1338,1.1413,1.1309
2016-04-01,1.1387,1.138,1.1439,1.1334
2016-04-02,1.1387,1.138,1.1439,1.1334
2016-04-03,1.1387,1.138,1.1439,1.1334
2016-04-04,1.1392,1.1393,1.1414,1.1357
2016-04-05,1.1384,1.1389,1.1406,1.1336
2016-04-06,1.1399,1.1384,1.1434,1.1327
2016-04-07,1.1377,1.1398,1.1455,1.1337
2016-04-08,1.1401,1.1379,1.1421,1.135
2016-04-09,1.1401,1.1379,1.1421,1.135
2016-04-10,1.1401,1.1379,1.1421,1.135
2016-04-11,1.1408,1.1407,1.1448,1.1373
2016-04-12,1.1386,1.1408,1.1466,1.1347
2016-04-13,1.1274,1.1385,1.1393,1.1266
2016-04-14,1.1268,1.1274,1.1296,1.1234
2016-04-15,1.1283,1.1271,1.132,1.1246
2016-04-16,1.1283,1.1271,1.132,1.1246
2016-04-17,1.1283,1.1271,1.132,1.1246
2016-04-18,1.1314,1.1297,1.1334,1.1274
2016-04-19,1.1358,1.1314,1.1387,1.1302
2016-04-20,1.1297,1.1356,1.1388,1.1288
2016-04-21,1.1288,1.1297,1.1396,1.1272
2016-04-22,1.1233,1.129,1.1311,1.122
2016-04-23,1.1233,1.129,1.1311,1.122
2016-04-24,1.1233,1.129,1.1311,1.122
2016-04-25,1.1266,1.1231,1.128,1.1216
2016-04-26,1.1298,1.1265,1.1338,1.1254
2016-04-27,1.1321,1.1298,1.1364,1.1274
2016-04-28,1.1353,1.132,1.137,1.1296
2016-04-29,1.1456,1.1354,1.1461,1.1335
2016-04-30,1.1456,1.1354,1.1461,1.1335
2016-05-01,1.1456,1.1354,1.1461,1.1335
2016-05-02,1.1532,1.1447,1.1539,1.1446
2016-05-03,1.1497,1.1533,1.1616,1.1495
2016-05-04,1.1487,1.1496,1.153,1.1467
2016-05-05,1.1405,1.1486,1.1496,1.1385
2016-05-06,1.1405,1.1408,1.1479,1.1387
2016-05-07,1.1405,1.1408,1.1479,1.1387
2016-05-08,1.1405,1.1408,1.1479,1.1387
2016-05-09,1.1383,1.1401,1.1422,1.1375
2016-05-10,1.1372,1.1385,1.1413,1.1361
2016-05-11,1.1427,1.1373,1.1448,1.1368
2016-05-12,1.1377,1.1426,1.1434,1.1368
2016-05-13,1.1308,1.1378,1.1383,1.1284
2016-05-14,1.1308,1.1378,1.1383,1.1284
2016-05-15,1.1308,1.1378,1.1383,1.1284
2016-05-16,1.132,1.1311,1.1346,1.1302
2016-05-17,1.1314,1.1321,1.135,1.1303
2016-05-18,1.1217,1.1313,1.1327,1.1212
2016-05-19,1.1203,1.1216,1.123,1.1179
2016-05-20,1.1224,1.1204,1.1239,1.1194
2016-05-21,1.1224,1.1204,1.1239,1.1194
2016-05-22,1.1224,1.1204,1.1239,1.1194
2016-05-23,1.1219,1.1218,1.1246,1.1187
2016-05-24,1.1141,1.1219,1.1228,1.113
2016-05-25,1.1155,1.1141,1.1169,1.1128
2016-05-26,1.1194,1.1154,1.1218,1.1144
2016-05-27,1.1115,1.1193,1.1201,1.1107
2016-05-28,1.1115,1.1193,1.1201,1.1107
2016-05-29,1.1115,1.1193,1.1201,1.1107
2016-05-30,1.1147,1.1117,1.1149,1.1098
2016-05-31,1.1132,1.1138,1.1176,1.1123
2016-06-01,1.1188,1.1133,1.1198,1.1114
2016-06-02,1.1151,1.1189,1.1221,1.1142
2016-06-03,1.1367,1.1152,1.1377,1.1136
2016-06-04,1.1367,1.1152,1.1377,1.1136
2016-06-05,1.1367,1.1152,1.1377,1.1136
2016-06-06,1.1355,1.1353,1.1395,1.1328
2016-06-07,1.1358,1.1355,1.1382,1.1338
2016-06-08,1.1394,1.1358,1.1412,1.1349
2016-06-09,1.1316,1.1399,1.1417,1.1305
2016-06-10,1.1251,1.1317,1.1329,1.1245
2016-06-11,1.1251,1.1317,1.1329,1.1245
2016-06-12,1.1251,1.1317,1.1329,1.1245
2016-06-13,1.1292,1.1253,1.1304,1.1233
2016-06-14,1.1208,1.1293,1.1304,1.1188
2016-06-15,1.1259,1.1205,1.1299,1.119
2016-06-16,1.1226,1.126,1.1298,1.1132
2016-06-17,1.1277,1.1226,1.1299,1.1221
2016-06-18,1.1277,1.1226,1.1299,1.1221
2016-06-19,1.1277,1.1226,1.1299,1.1221
2016-06-20,1.1314,1.1285,1.1386,1.1284
2016-06-21,1.1242,1.1312,1.1351,1.1241
2016-06-22,1.1297,1.1242,1.1339,1.1236
2016-06-23,1.1389,1.1298,1.1424,1.1296
2016-06-24,1.1117,1.1392,1.1434,1.0911
2016-06-25,1.1117,1.1392,1.1434,1.0911
2016-06-26,1.1117,1.1392,1.1434,1.0911
2016-06-27,1.1026,1.1072,1.1087,1.0972
2016-06-28,1.1067,1.1025,1.1111,1.1008
2016-06-29,1.1125,1.1065,1.1131,1.1048
2016-06-30,1.1105,1.1124,1.1157,1.1023
2016-07-01,1.1136,1.1104,1.1169,1.107
2016-07-02,1.1136,1.1104,1.1169,1.107
2016-07-03,1.1136,1.1104,1.1169,1.107
2016-07-04,1.1156,1.1142,1.1166,1.1097
2016-07-05,1.1076,1.1154,1.1184,1.1059
2016-07-06,1.1099,1.1075,1.1111,1.1029
2016-07-07,1.1063,1.1101,1.1113,1.1053
2016-07-08,1.1054,1.1063,1.1115,1.1002
2016-07-09,1.1054,1.1063,1.1115,1.1002
2016-07-10,1.1054,1.1063,1.1115,1.1002
2016-07-11,1.1058,1.1052,1.1076,1.1016
2016-07-12,1.1059,1.1058,1.1128,1.1051
2016-07-13,1.109,1.1061,1.1121,1.1043
2016-07-14,1.112,1.1089,1.1166,1.1085
2016-07-15,1.1036,1.1118,1.115,1.1023
2016-07-16,1.1036,1.1118,1.115,1.1023
2016-07-17,1.1036,1.1118,1.115,1.1023
2016-07-18,1.1074,1.1043,1.1086,1.1038
2016-07-19,1.1022,1.1073,1.1086,1.0999
2016-07-20,1.1015,1.102,1.1032,1.0981
2016-07-21,1.1025,1.1013,1.106,1.0981
2016-07-22,1.0976,1.103,1.1043,1.0954
2016-07-23,1.0976,1.103,1.1043,1.0954
2016-07-24,1.0976,1.103,1.1043,1.0954
2016-07-25,1.0994,1.0972,1.1002,1.0954
2016-07-26,1.0987,1.0997,1.1031,1.0978
2016-07-27,1.1058,1.0986,1.1068,1.0963
2016-07-28,1.1075,1.1058,1.1119,1.1048
2016-07-29,1.1174,1.1079,1.12,1.1071
2016-07-30,1.1174,1.1079,1.12,1.1071
2016-07-31,1.1174,1.1079,1.12,1.1071
2016-08-01,1.1162,1.1177,1.1187,1.1157
2016-08-02,1.1227,1.1162,1.1235,1.1155
2016-08-03,1.1149,1.1224,1.1233,1.1139
2016-08-04,1.113,1.1149,1.1158,1.1114
2016-08-05,1.1086,1.1128,1.1162,1.1044
2016-08-06,1.1086,1.1128,1.1162,1.1044
2016-08-07,1.1086,1.1128,1.1162,1.1044
2016-08-08,1.1092,1.1088,1.1107,1.1073
2016-08-09,1.1119,1.109,1.1125,1.107
2016-08-10,1.1176,1.1117,1.1193,1.1103
2016-08-11,1.1137,1.1175,1.1194,1.1133
2016-08-12,1.1161,1.1139,1.1224,1.113
2016-08-13,1.1161,1.1139,1.1224,1.113
2016-08-14,1.1161,1.1139,1.1224,1.113
2016-08-15,1.1184,1.1162,1.1203,1.1153
2016-08-16,1.1278,1.1182,1.1324,1.1175
2016-08-17,1.1288,1.1279,1.1317,1.1241
2016-08-18,1.1354,1.1293,1.1367,1.1283
2016-08-19,1.1326,1.1351,1.1363,1.1303
2016-08-20,1.1326,1.1351,1.1363,1.1303
2016-08-21,1.1326,1.1351,1.1363,1.1303
2016-08-22,1.1319,1.1306,1.1334,1.1273
2016-08-23,1.1306,1.1321,1.1357,1.1302
2016-08-24,1.1263,1.1305,1.1315,1.1244
2016-08-25,1.1283,1.1266,1.1301,1.1258
2016-08-26,1.1198,1.1284,1.1343,1.118
2016-08-27,1.1198,1.1284,1.1343,1.118
2016-08-28,1.1198,1.1284,1.1343,1.118
2016-08-29,1.1189,1.1192,1.1208,1.1157
2016-08-30,1.1143,1.1189,1.1198,1.113
2016-08-31,1.1158,1.1143,1.1167,1.1123
2016-09-01,1.1198,1.1157,1.1207,1.1128
2016-09-02,1.1156,1.1197,1.1254,1.1151
2016-09-03,1.1156,1.1197,1.1254,1.1151
2016-09-04,1.1156,1.1197,1.1254,1.1151
2016-09-05,1.1147,1.1153,1.1185,1.114
2016-09-06,1.1256,1.1147,1.1267,1.114
2016-09-07,1.1239,1.1255,1.1271,1.1228
2016-09-08,1.1261,1.124,1.1329,1.1234
2016-09-09,1.1233,1.1262,1.1288,1.12
2016-09-10,1.1233,1.1262,1.1288,1.12
2016-09-11,1.1233,1.1262,1.1288,1.12
2016-09-12,1.1234,1.1232,1.1269,1.1211
2016-09-13,1.122,1.1236,1.1262,1.1203
2016-09-14,1.125,1.1216,1.1274,1.1208
2016-09-15,1.1244,1.1249,1.1286,1.122
2016-09-16,1.1155,1.1244,1.1256,1.1147
2016-09-17,1.1155,1.1244,1.1256,1.1147
2016-09-18,1.1155,1.1244,1.1256,1.1147
2016-09-19,1.1174,1.1161,1.1198,1.1147
2016-09-20,1.1155,1.1178,1.1216,1.1147
2016-09-21,1.1189,1.1152,1.12,1.1123
2016-09-22,1.1208,1.1193,1.1258,1.1181
2016-09-23,1.1226,1.1209,1.1244,1.1195
2016-09-24,1.1226,1.1209,1.1244,1.1195
2016-09-25,1.1226,1.1209,1.1244,1.1195
2016-09-26,1.1254,1.1221,1.1279,1.122
2016-09-27,1.1215,1.1253,1.1262,1.119
2016-09-28,1.1216,1.1214,1.1238,1.1181
2016-09-29,1.1223,1.1217,1.1251,1.1197
2016-09-30,1.1241,1.1225,1.1253,1.1153
2016-10-01,1.1241,1.1225,1.1253,1.1153
2016-10-02,1.1241,1.1225,1.1253,1.1153
2016-10-03,1.1211,1.1235,1.1245,1.1205
2016-10-04,1.1204,1.121,1.124,1.1138
2016-10-05,1.1206,1.1206,1.1237,1.1191
2016-10-06,1.1151,1.1205,1.1214,1.1139
2016-10-07,1.1201,1.1151,1.1207,1.1103
2016-10-08,1.1201,1.1151,1.1207,1.1103
2016-10-09,1.1201,1.1151,1.1207,1.1103
2016-10-10,1.1138,1.1196,1.1202,1.1128
2016-10-11,1.1054,1.1136,1.1144,1.1047
2016-10-12,1.1008,1.1053,1.1072,1.1003
2016-10-13,1.1056,1.1004,1.1058,1.0983
2016-10-14,1.0971,1.1056,1.1062,1.0968
2016-10-15,1.0971,1.1056,1.1062,1.0968
2016-10-16,1.0971,1.1056,1.1062,1.0968
2016-10-17,1.0999,1.0975,1.1011,1.0965
2016-10-18,1.0981,1.1,1.1029,1.097
2016-10-19,1.0974,1.0981,1.1006,1.0955
2016-10-20,1.093,1.0974,1.1041,1.0916
2016-10-21,1.0884,1.0929,1.0933,1.0859
2016-10-22,1.0884,1.0929,1.0933,1.0859
2016-10-23,1.0884,1.0929,1.0933,1.0859
2016-10-24,1.0883,1.0879,1.0903,1.0861
2016-10-25,1.0888,1.0882,1.0906,1.085
2016-10-26,1.0909,1.0889,1.0947,1.0872
2016-10-27,1.0897,1.0909,1.0945,1.0884
2016-10-28,1.0987,1.0899,1.0995,1.0893
2016-10-29,1.0987,1.0899,1.0995,1.0893
2016-10-30,1.0987,1.0899,1.0995,1.0893
2016-10-31,1.0981,1.0986,1.0994,1.0936
2016-11-01,1.1056,1.0981,1.1071,1.0958
2016-11-02,1.1097,1.1056,1.1126,1.1051
2016-11-03,1.1105,1.1098,1.1128,1.1059
2016-11-04,1.1138,1.1105,1.1146,1.108
2016-11-05,1.1138,1.1105,1.1146,1.108
2016-11-06,1.1138,1.1105,1.1146,1.108
2016-11-07,1.104,1.1137,1.1139,1.1029
2016-11-08,1.1026,1.1042,1.107,1.1008
2016-11-09,1.0909,1.1023,1.13,1.0903
2016-11-10,1.0893,1.0911,1.0958,1.0866
2016-11-11,1.0856,1.0897,1.0929,1.0833
2016-11-12,1.0856,1.0897,1.0929,1.0833
2016-11-13,1.0856,1.0897,1.0929,1.0833
2016-11-14,1.0737,1.085,1.0852,1.0709
2016-11-15,1.0722,1.0736,1.0817,1.0711
2016-11-16,1.069,1.0724,1.0764,1.0667
2016-11-17,1.0626,1.069,1.0746,1.0617
2016-11-18,1.0588,1.0625,1.0645,1.057
2016-11-19,1.0588,1.0625,1.0645,1.057
2016-11-20,1.0588,1.0625,1.0645,1.057
2016-11-21,1.0629,1.0583,1.0652,1.0579
2016-11-22,1.0626,1.0627,1.066,1.0583
2016-11-23,1.056,1.0629,1.0646,1.0526
2016-11-24,1.0554,1.0554,1.0587,1.0517
2016-11-25,1.0587,1.0551,1.0631,1.0538
2016-11-26,1.0587,1.0551,1.0631,1.0538
2016-11-27,1.0587,1.0551,1.0631,1.0538
2016-11-28,1.0615,1.0595,1.0686,1.0563
2016-11-29,1.065,1.0615,1.0657,1.0565
2016-11-30,1.0588,1.0649,1.0669,1.0554
2016-12-01,1.0662,1.059,1.067,1.0584
2016-12-02,1.0673,1.0663,1.0692,1.0625
2016-12-03,1.0673,1.0663,1.0692,1.0625
2016-12-04,1.0673,1.0663,1.0692,1.0625
2016-12-05,1.0764,1.0674,1.0798,1.0505
2016-12-06,1.0719,1.0764,1.0787,1.0698
2016-12-07,1.0753,1.0721,1.077,1.0709
2016-12-08,1.0615,1.0753,1.0873,1.0596
2016-12-09,1.0562,1.0618,1.0632,1.0531
2016-12-10,1.0562,1.0618,1.0632,1.0531
2016-12-11,1.0562,1.0618,1.0632,1.0531
2016-12-12,1.0635,1.0551,1.0652,1.0524
2016-12-13,1.0627,1.0635,1.0668,1.0603
2016-12-14,1.0537,1.0627,1.0671,1.0495
2016-12-15,1.0414,1.0536,1.0544,1.0366
2016-12-16,1.0451,1.0419,1.0477,1.0402
2016-12-17,1.0451,1.0419,1.0477,1.0402
2016-12-18,1.0451,1.0419,1.0477,1.0402
2016-12-19,1.0402,1.0442,1.048,1.0391
2016-12-20,1.0387,1.0405,1.0419,1.0352
2016-12-21,1.0425,1.0389,1.0452,1.0381
2016-12-22,1.0437,1.0423,1.0501,1.0421
2016-12-23,1.0457,1.0438,1.0469,1.0427
2016-12-24,1.0457,1.0438,1.0469,1.0427
2016-12-25,1.0457,1.0438,1.0469,1.0427
2016-12-26,1.0456,1.0454,1.0473,1.0439
2016-12-27,1.0457,1.0453,1.0465,1.0431
2016-12-28,1.0412,1.0459,1.0484,1.0373
2016-12-29,1.0492,1.0417,1.0494,1.0406
2016-12-30,1.0516,1.0492,1.0654,1.0482
2016-12-31,1.0516,1.0492,1.0654,1.0482
2017-01-01,1.0516,1.0492,1.0654,1.0482
2017-01-02,1.0459,1.0532,1.0534,1.0448
2017-01-03,1.0406,1.0455,1.0492,1.0341
2017-01-04,1.0488,1.0405,1.0501,1.0389
2017-01-05,1.0607,1.0493,1.0619,1.0482
2017-01-06,1.0533,1.0606,1.0624,1.0523
2017-01-07,1.0533,1.0606,1.0624,1.0523
2017-01-08,1.0533,1.0606,1.0624,1.0523
2017-01-09,1.0574,1.0539,1.0584,1.051
2017-01-10,1.0554,1.0573,1.0628,1.0551
2017-01-11,1.0582,1.0556,1.0624,1.0454
2017-01-12,1.0613,1.0583,1.0687,1.0573
2017-01-13,1.0644,1.0612,1.0674,1.0598
2017-01-14,1.0644,1.0612,1.0674,1.0598
2017-01-15,1.0644,1.0612,1.0674,1.0598
2017-01-16,1.0603,1.0618,1.0638,1.058
2017-01-17,1.0713,1.06,1.072,1.0595
2017-01-18,1.0631,1.0713,1.0715,1.0625
2017-01-19,1.0664,1.0629,1.0677,1.0588
2017-01-20,1.0703,1.0667,1.0713,1.0627
2017-01-21,1.0703,1.0667,1.0713,1.0627
2017-01-22,1.0703,1.0667,1.0713,1.0627
2017-01-23,1.0765,1.0687,1.0773,1.0686
2017-01-24,1.0731,1.0763,1.0775,1.0718
2017-01-25,1.0748,1.0734,1.0773,1.0713
2017-01-26,1.0682,1.0746,1.0767,1.0657
2017-01-27,1.0699,1.0685,1.0729,1.0661
2017-01-28,1.0699,1.0685,1.0729,1.0661
2017-01-29,1.0699,1.0685,1.0729,1.0661
2017-01-30,1.0695,1.0692,1.0743,1.062
2017-01-31,1.0798,1.0695,1.0814,1.0684
2017-02-01,1.0769,1.0798,1.081,1.0731
2017-02-02,1.0758,1.0766,1.0829,1.0753
2017-02-03,1.0784,1.0759,1.08,1.0714
2017-02-04,1.0784,1.0759,1.08,1.0714
2017-02-05,1.0784,1.0759,1.08,1.0714
2017-02-06,1.075,1.0781,1.0801,1.0703
2017-02-07,1.0681,1.075,1.0751,1.0654
2017-02-08,1.0699,1.0682,1.0715,1.064
2017-02-09,1.0656,1.0699,1.0711,1.065
2017-02-10,1.0641,1.0658,1.067,1.0609
2017-02-11,1.0641,1.0658,1.067,1.0609
2017-02-12,1.0641,1.0658,1.067,1.0609
2017-02-13,1.0598,1.0633,1.0659,1.0591
2017-02-14,1.0577,1.0596,1.0633,1.056
2017-02-15,1.0601,1.0577,1.0611,1.0523
2017-02-16,1.0674,1.06,1.0682,1.0588
2017-02-17,1.0614,1.0675,1.0679,1.0605
2017-02-18,1.0614,1.0675,1.0679,1.0605
2017-02-19,1.0614,1.0675,1.0679,1.0605
2017-02-20,1.0614,1.0618,1.0637,1.0606
2017-02-21,1.0537,1.0611,1.0618,1.0526
2017-02-22,1.0556,1.0534,1.0574,1.0493
2017-02-23,1.0581,1.0558,1.0598,1.0539
2017-02-24,1.0563,1.0583,1.062,1.0557
2017-02-25,1.0563,1.0583,1.062,1.0557
2017-02-26,1.0563,1.0583,1.062,1.0557
2017-02-27,1.0587,1.0562,1.0633,1.0551
2017-02-28,1.0577,1.0587,1.0632,1.057
2017-03-01,1.0547,1.0574,1.0589,1.0514
2017-03-02,1.0507,1.0547,1.0551,1.0492
2017-03-03,1.0623,1.0508,1.0626,1.0502
2017-03-04,1.0623,1.0508,1.0626,1.0502
2017-03-05,1.0623,1.0508,1.0626,1.0502
2017-03-06,1.0581,1.0617,1.0644,1.0575
2017-03-07,1.0566,1.0583,1.0603,1.0557
2017-03-08,1.0541,1.0566,1.0576,1.0535
2017-03-09,1.0577,1.0541,1.0617,1.0525
2017-03-10,1.0672,1.0577,1.0702,1.0572
2017-03-11,1.0672,1.0577,1.0702,1.0572
2017-03-12,1.0672,1.0577,1.0702,1.0572
2017-03-13,1.0654,1.0671,1.0715,1.065
2017-03-14,1.0604,1.0655,1.0664,1.0599
2017-03-15,1.0735,1.0605,1.0743,1.0604
2017-03-16,1.0766,1.0734,1.0772,1.0706
2017-03-17,1.0738,1.0765,1.0784,1.0728
2017-03-18,1.0738,1.0765,1.0784,1.0728
2017-03-19,1.0738,1.0765,1.0784,1.0728
2017-03-20,1.0739,1.074,1.0779,1.0725
2017-03-21,1.0811,1.074,1.0822,1.072
2017-03-22,1.0797,1.081,1.0827,1.0776
2017-03-23,1.0783,1.0797,1.0807,1.0769
2017-03-24,1.0799,1.0784,1.082,1.0761
2017-03-25,1.0799,1.0784,1.082,1.0761
2017-03-26,1.0799,1.0784,1.082,1.0761
2017-03-27,1.0865,1.0797,1.0905,1.0795
2017-03-28,1.0813,1.0864,1.0873,1.0797
2017-03-29,1.0767,1.0811,1.0827,1.0739
2017-03-30,1.0675,1.0766,1.0772,1.0671
2017-03-31,1.0652,1.0675,1.0705,1.0652
2017-04-01,1.0652,1.0675,1.0705,1.0652
2017-04-02,1.0652,1.0675,1.0705,1.0652
2017-04-03,1.0671,1.0661,1.0684,1.0644
2017-04-04,1.0673,1.0669,1.0678,1.0635
2017-04-05,1.0663,1.0672,1.069,1.0633
2017-04-06,1.0644,1.0663,1.0686,1.0629
2017-04-07,1.059,1.0644,1.0668,1.058
2017-04-08,1.059,1.0644,1.0668,1.058
2017-04-09,1.059,1.0644,1.0668,1.058
2017-04-10,1.0596,1.0593,1.0609,1.0571
2017-04-11,1.0602,1.0595,1.0631,1.0577
2017-04-12,1.0666,1.0606,1.0677,1.0589
2017-04-13,1.0614,1.0664,1.0679,1.0609
2017-04-14,1.0612,1.0615,1.0633,1.0606
2017-04-15,1.0612,1.0615,1.0633,1.0606
2017-04-16,1.0612,1.0615,1.0633,1.0606
2017-04-17,1.0644,1.0615,1.0673,1.0604
2017-04-18,1.0734,1.0644,1.0737,1.0636
2017-04-19,1.0711,1.073,1.0738,1.07
2017-04-20,1.0717,1.0711,1.078,1.0709
2017-04-21,1.0728,1.0719,1.0739,1.0682
2017-04-22,1.0728,1.0719,1.0739,1.0682
2017-04-23,1.0728,1.0719,1.0739,1.0682
2017-04-24,1.0867,1.089,1.0936,1.0819
2017-04-25,1.0926,1.0868,1.0951,1.0851
2017-04-26,1.0903,1.0924,1.0951,1.0856
2017-04-27,1.0873,1.0903,1.0933,1.0851
2017-04-28,1.0897,1.0877,1.0949,1.0857
2017-04-29,1.0897,1.0877,1.0949,1.0857
2017-04-30,1.0897,1.0877,1.0949,1.0857
2017-05-01,1.0899,1.0906,1.0924,1.0883
2017-05-02,1.093,1.0901,1.0936,1.0889
2017-05-03,1.0885,1.093,1.0939,1.0883
2017-05-04,1.0985,1.0884,1.0987,1.0873
2017-05-05,1.0998,1.0991,1.1003,1.0951
2017-05-06,1.0998,1.0991,1.1003,1.0951
2017-05-07,1.0998,1.0991,1.1003,1.0951
2017-05-08,1.0924,1.0998,1.1024,1.0917
2017-05-09,1.0873,1.0924,1.0934,1.0863
2017-05-10,1.0868,1.0874,1.09,1.0853
2017-05-11,1.0861,1.0869,1.0894,1.0838
2017-05-12,1.0931,1.0863,1.0937,1.0857
2017-05-13,1.0931,1.0863,1.0937,1.0857
2017-05-14,1.0931,1.0863,1.0937,1.0857
2017-05-15,1.0975,1.0926,1.0991,1.0922
2017-05-16,1.1082,1.0976,1.1098,1.0972
2017-05-17,1.1159,1.1083,1.1163,1.1079
2017-05-18,1.1103,1.116,1.1173,1.1075
2017-05-19,1.1207,1.1103,1.1214,1.1097
2017-05-20,1.1207,1.1103,1.1214,1.1097
2017-05-21,1.1207,1.1103,1.1214,1.1097
2017-05-22,1.1238,1.1202,1.1265,1.1162
2017-05-23,1.1183,1.1237,1.1269,1.1174
2017-05-24,1.1219,1.1184,1.1222,1.1169
2017-05-25,1.121,1.1218,1.1252,1.1193
2017-05-26,1.1183,1.1211,1.1235,1.1159
2017-05-27,1.1183,1.1211,1.1235,1.1159
2017-05-28,1.1183,1.1211,1.1235,1.1159
2017-05-29,1.1166,1.1178,1.1191,1.116
2017-05-30,1.1185,1.1166,1.1208,1.1111
2017-05-31,1.1244,1.1187,1.1254,1.1166
2017-06-01,1.1213,1.1242,1.1258,1.1203
2017-06-02,1.1282,1.1213,1.1287,1.1205
2017-06-03,1.1282,1.1213,1.1287,1.1205
2017-06-04,1.1282,1.1213,1.1287,1.1205
2017-06-05,1.1254,1.1279,1.1286,1.1235
2017-06-06,1.1277,1.1254,1.1286,1.124
2017-06-07,1.1257,1.1277,1.1284,1.1205
2017-06-08,1.1214,1.1257,1.127,1.1195
2017-06-09,1.1195,1.1216,1.124,1.1168
2017-06-10,1.1195,1.1216,1.124,1.1168
2017-06-11,1.1195,1.1216,1.124,1.1168
2017-06-12,1.1203,1.1196,1.1235,1.1193
2017-06-13,1.1216,1.1204,1.1225,1.1185
2017-06-14,1.1218,1.121,1.1296,1.1191
2017-06-15,1.1145,1.1219,1.1231,1.1132
2017-06-16,1.1197,1.1143,1.1202,1.1138
2017-06-17,1.1197,1.1143,1.1202,1.1138
2017-06-18,1.1197,1.1143,1.1202,1.1138
2017-06-19,1.1149,1.1199,1.1214,1.1141
2017-06-20,1.1134,1.1147,1.1166,1.1117
2017-06-21,1.1168,1.1133,1.1171,1.1128
2017-06-22,1.1153,1.1168,1.1179,1.114
2017-06-23,1.1194,1.1152,1.1211,1.1145
2017-06-24,1.1194,1.1152,1.1211,1.1145
2017-06-25,1.1194,1.1152,1.1211,1.1145
2017-06-26,1.1182,1.1202,1.1222,1.1173
2017-06-27,1.1339,1.1183,1.1351,1.1178
2017-06-28,1.1378,1.1339,1.1392,1.1292
2017-06-29,1.1441,1.1376,1.1446,1.1373
2017-06-30,1.1426,1.1442,1.1448,1.1393
2017-07-01,1.1426,1.1442,1.1448,1.1393
2017-07-02,1.1426,1.1442,1.1448,1.1393
2017-07-03,1.1364,1.1422,1.1431,1.1357
2017-07-04,1.1345,1.1366,1.138,1.1338
2017-07-05,1.1353,1.1345,1.1369,1.1312
2017-07-06,1.1423,1.1351,1.1425,1.1329
2017-07-07,1.1401,1.1423,1.144,1.1379
2017-07-08,1.1401,1.1423,1.144,1.1379
2017-07-09,1.1401,1.1423,1.144,1.1379
2017-07-10,1.14,1.1391,1.1418,1.1381
2017-07-11,1.1467,1.1399,1.1481,1.1383
2017-07-12,1.1412,1.1467,1.1491,1.1392
2017-07-13,1.1399,1.1413,1.1459,1.1373
2017-07-14,1.1469,1.14,1.1473,1.1392
2017-07-15,1.1469,1.14,1.1473,1.1392
2017-07-16,1.1469,1.14,1.1473,1.1392
2017-07-17,1.1479,1.1463,1.1488,1.1433
2017-07-18,1.1555,1.1479,1.1585,1.1473
2017-07-19,1.1515,1.1553,1.1559,1.1509
2017-07-20,1.1631,1.1513,1.1657,1.1479
2017-07-21,1.1663,1.1634,1.1684,1.162
2017-07-22,1.1663,1.1634,1.1684,1.162
2017-07-23,1.1663,1.1634,1.1684,1.162
2017-07-24,1.1642,1.1662,1.1688,1.1628
2017-07-25,1.1652,1.1639,1.1713,1.1631
2017-07-26,1.1734,1.1648,1.1741,1.1613
2017-07-27,1.1677,1.1734,1.1777,1.1649
2017-07-28,1.1752,1.1677,1.1765,1.1671
2017-07-29,1.1752,1.1677,1.1765,1.1671
2017-07-30,1.1752,1.1677,1.1765,1.1671
2017-07-31,1.1842,1.1737,1.1847,1.1723
2017-08-01,1.1801,1.1841,1.1846,1.1784
2017-08-02,1.1856,1.1802,1.1911,1.1794
2017-08-03,1.187,1.1856,1.1894,1.1831
2017-08-04,1.1772,1.1871,1.1893,1.1731
2017-08-05,1.1772,1.1871,1.1893,1.1731
2017-08-06,1.1772,1.1871,1.1893,1.1731
2017-08-07,1.1795,1.1768,1.1816,1.1768
2017-08-08,1.175,1.1794,1.1825,1.1714
2017-08-09,1.1759,1.1752,1.1765,1.1689
2017-08-10,1.1772,1.1759,1.1786,1.1704
2017-08-11,1.182,1.1772,1.1846,1.1747
2017-08-12,1.182,1.1772,1.1846,1.1747
2017-08-13,1.182,1.1772,1.1846,1.1747
2017-08-14,1.178,1.1806,1.184,1.177
2017-08-15,1.1735,1.178,1.1794,1.1688
2017-08-16,1.177,1.1734,1.178,1.1682
2017-08-17,1.1724,1.1767,1.179,1.1662
2017-08-18,1.1762,1.1723,1.1775,1.1707
2017-08-19,1.1762,1.1723,1.1775,1.1707
2017-08-20,1.1762,1.1723,1.1775,1.1707
2017-08-21,1.1816,1.175,1.183,1.1731
2017-08-22,1.1762,1.1815,1.1826,1.1745
2017-08-23,1.1808,1.1763,1.1825,1.174
2017-08-24,1.1799,1.1807,1.1821,1.1784
2017-08-25,1.1926,1.1799,1.1942,1.1773
2017-08-26,1.1926,1.1799,1.1942,1.1773
2017-08-27,1.1926,1.1799,1.1942,1.1773
2017-08-28,1.1979,1.1926,1.1985,1.1917
2017-08-29,1.1972,1.1978,1.2069,1.1944
2017-08-30,1.1883,1.1974,1.1986,1.1881
2017-08-31,1.191,1.1884,1.1914,1.1823
2017-09-01,1.1859,1.1911,1.1981,1.185
2017-09-02,1.1859,1.1911,1.1981,1.185
2017-09-03,1.1859,1.1911,1.1981,1.185
2017-09-04,1.1896,1.1858,1.1923,1.1853
2017-09-05,1.1914,1.1896,1.1941,1.1868
2017-09-06,1.1917,1.1914,1.1951,1.1903
2017-09-07,1.2023,1.1917,1.2061,1.1914
2017-09-08,1.2035,1.2024,1.2094,1.2016
2017-09-09,1.2035,1.2024,1.2094,1.2016
2017-09-10,1.2035,1.2024,1.2094,1.2016
2017-09-11,1.1953,1.2041,1.2041,1.1948
2017-09-12,1.1967,1.1953,1.198,1.1926
2017-09-13,1.1886,1.1968,1.1996,1.1873
2017-09-14,1.1919,1.1884,1.1922,1.1837
2017-09-15,1.1943,1.1919,1.1988,1.1901
2017-09-16,1.1943,1.1919,1.1988,1.1901
2017-09-17,1.1943,1.1919,1.1988,1.1901
2017-09-18,1.1954,1.1949,1.1971,1.1915
2017-09-19,1.1994,1.1955,1.2008,1.195
2017-09-20,1.1893,1.1994,1.2033,1.1862
2017-09-21,1.1941,1.1894,1.1955,1.1866
2017-09-22,1.1954,1.1942,1.2006,1.1937
2017-09-23,1.1954,1.1942,1.2006,1.1937
2017-09-24,1.1954,1.1942,1.2006,1.1937
2017-09-25,1.1848,1.1953,1.1962,1.1833
2017-09-26,1.1793,1.1848,1.1863,1.1758
2017-09-27,1.1744,1.1793,1.1797,1.1717
2017-09-28,1.1786,1.1746,1.1805,1.1721
2017-09-29,1.1814,1.1787,1.1834,1.1773
2017-09-30,1.1814,1.1787,1.1834,1.1773
2017-10-01,1.1814,1.1787,1.1834,1.1773
2017-10-02,1.1732,1.1818,1.1818,1.173
2017-10-03,1.1744,1.1733,1.1775,1.1696
2017-10-04,1.1759,1.1742,1.1789,1.1734
2017-10-05,1.1711,1.1758,1.178,1.1698
2017-10-06,1.1734,1.171,1.1739,1.1668
2017-10-07,1.1734,1.171,1.1739,1.1668
2017-10-08,1.1734,1.171,1.1739,1.1668
2017-10-09,1.174,1.1728,1.1757,1.1717
2017-10-10,1.1806,1.1738,1.1825,1.1738
2017-10-11,1.1859,1.1808,1.1871,1.1795
2017-10-12,1.1831,1.1862,1.1881,1.1827
2017-10-13,1.1823,1.1829,1.1875,1.1804
2017-10-14,1.1823,1.1829,1.1875,1.1804
2017-10-15,1.1823,1.1829,1.1875,1.1804
2017-10-16,1.1797,1.1825,1.1827,1.178
2017-10-17,1.1766,1.1797,1.1801,1.1734
2017-10-18,1.1787,1.1764,1.1806,1.173
2017-10-19,1.1852,1.1788,1.186,1.1768
2017-10-20,1.1785,1.1853,1.1859,1.1763
2017-10-21,1.1785,1.1853,1.1859,1.1763
2017-10-22,1.1785,1.1853,1.1859,1.1763
2017-10-23,1.1749,1.1773,1.1779,1.1725
2017-10-24,1.1761,1.1749,1.1794,1.1743
2017-10-25,1.1813,1.176,1.1819,1.1752
2017-10-26,1.165,1.1812,1.1837,1.1639
2017-10-27,1.161,1.165,1.1659,1.1575
2017-10-28,1.161,1.165,1.1659,1.1575
2017-10-29,1.161,1.165,1.1659,1.1575
2017-10-30,1.1651,1.1603,1.166,1.1594
2017-10-31,1.1646,1.1651,1.1663,1.1625
2017-11-01,1.1619,1.1646,1.1659,1.1607
2017-11-02,1.1658,1.1619,1.1689,1.1613
2017-11-03,1.1609,1.166,1.1692,1.1599
2017-11-04,1.1609,1.166,1.1692,1.1599
2017-11-05,1.1609,1.166,1.1692,1.1599
2017-11-06,1.161,1.1609,1.1625,1.1579
2017-11-07,1.1587,1.161,1.1618,1.1553
2017-11-08,1.1595,1.1587,1.1612,1.1578
2017-11-09,1.1642,1.1596,1.1657,1.1586
2017-11-10,1.1665,1.1642,1.168,1.1623
2017-11-11,1.1665,1.1642,1.168,1.1623
2017-11-12,1.1665,1.1642,1.168,1.1623
2017-11-13,1.1667,1.1666,1.1677,1.1638
2017-11-14,1.1798,1.1667,1.1807,1.166
2017-11-15,1.1792,1.1797,1.1861,1.1784
2017-11-16,1.177,1.1792,1.1802,1.1756
2017-11-17,1.1795,1.1771,1.1823,1.1766
2017-11-18,1.1795,1.1771,1.1823,1.1766
2017-11-19,1.1795,1.1771,1.1823,1.1766
2017-11-20,1.1732,1.1789,1.1808,1.1721
2017-11-21,1.1738,1.1732,1.1759,1.1713
2017-11-22,1.1822,1.1738,1.1829,1.1733
2017-11-23,1.1852,1.1822,1.1856,1.1812
2017-11-24,1.193,1.185,1.1944,1.1835
2017-11-25,1.193,1.185,1.1944,1.1835
2017-11-26,1.193,1.185,1.1944,1.1835
2017-11-27,1.1898,1.1933,1.1962,1.1896
2017-11-28,1.1841,1.1898,1.1921,1.1827
2017-11-29,1.1848,1.1841,1.1883,1.1816
2017-11-30,1.1904,1.1847,1.1933,1.1809
2017-12-01,1.1891,1.1904,1.1942,1.1851
2017-12-02,1.1891,1.1904,1.1942,1.1851
2017-12-03,1.1891,1.1904,1.1942,1.1851
2017-12-04,1.1866,1.1882,1.189,1.183
2017-12-05,1.1826,1.1866,1.1879,1.1801
2017-12-06,1.1796,1.1825,1.1849,1.178
2017-12-07,1.1773,1.1796,1.1816,1.1772
2017-12-08,1.1764,1.1772,1.1778,1.1729
2017-12-09,1.1764,1.1772,1.1778,1.1729
2017-12-10,1.1764,1.1772,1.1778,1.1729
2017-12-11,1.1768,1.1768,1.1812,1.1761
2017-12-12,1.1742,1.177,1.1794,1.1718
2017-12-13,1.1826,1.1743,1.1832,1.1729
2017-12-14,1.1778,1.1826,1.1863,1.177
2017-12-15,1.1754,1.1778,1.1814,1.1751
2017-12-16,1.1754,1.1778,1.1814,1.1751
2017-12-17,1.1754,1.1778,1.1814,1.1751
2017-12-18,1.1782,1.1753,1.1834,1.1737
2017-12-19,1.184,1.1782,1.1851,1.1777
2017-12-20,1.1871,1.184,1.1903,1.1829
2017-12-21,1.1873,1.1871,1.1889,1.1848
2017-12-22,1.1859,1.1874,1.1878,1.1817
2017-12-23,1.1859,1.1874,1.1878,1.1817
2017-12-24,1.1859,1.1874,1.1878,1.1817
2017-12-25,1.1869,1.185,1.1882,1.1842
2017-12-26,1.1859,1.1867,1.1879,1.1845
2017-12-27,1.1888,1.1859,1.1912,1.1855
2017-12-28,1.1943,1.1888,1.1961,1.1888
2017-12-29,1.1998,1.1943,1.203,1.1937
2017-12-30,1.1998,1.1943,1.203,1.1937
2017-12-31,1.1998,1.1943,1.203,1.1937
2018-01-01,1.201,1.2003,1.2014,1.1995
2018-01-02,1.2059,1.2013,1.2084,1.2003
2018-01-03,1.2014,1.2058,1.207,1.2001
2018-01-04,1.2068,1.2015,1.209,1.2004
2018-01-05,1.203,1.2068,1.2085,1.2021
2018-01-06,1.203,1.2068,1.2085,1.2021
2018-01-07,1.203,1.2068,1.2085,1.2021
2018-01-08,1.1967,1.2029,1.2054,1.1956
2018-01-09,1.1937,1.1967,1.1977,1.1916
2018-01-10,1.1947,1.1938,1.2019,1.1923
2018-01-11,1.2032,1.1946,1.206,1.1928
2018-01-12,1.2187,1.2033,1.219,1.2031
2018-01-13,1.2187,1.2033,1.219,1.2031
2018-01-14,1.2187,1.2033,1.219,1.2031
2018-01-15,1.2263,1.2198,1.2298,1.2188
2018-01-16,1.2261,1.2265,1.2284,1.2194
2018-01-17,1.2186,1.226,1.2324,1.2176
2018-01-18,1.2239,1.2186,1.2267,1.2165
2018-01-19,1.2222,1.2236,1.2296,1.2219
2018-01-20,1.2222,1.2236,1.2296,1.2219
2018-01-21,1.2222,1.2236,1.2296,1.2219
2018-01-22,1.2262,1.2268,1.2276,1.2214
2018-01-23,1.2299,1.2263,1.2308,1.2223
2018-01-24,1.2408,1.2299,1.2417,1.2293
2018-01-25,1.2396,1.2408,1.2537,1.2364
2018-01-26,1.2421,1.2395,1.2495,1.2371
2018-01-27,1.2421,1.2395,1.2495,1.2371
2018-01-28,1.2421,1.2395,1.2495,1.2371
2018-01-29,1.2383,1.2427,1.2436,1.2336
2018-01-30,1.2402,1.2383,1.2455,1.2335
2018-01-31,1.2421,1.2401,1.2476,1.2386
2018-02-01,1.251,1.2414,1.2524,1.2386
2018-02-02,1.2462,1.2508,1.2519,1.2409
2018-02-03,1.2462,1.2508,1.2519,1.2409
2018-02-04,1.2462,1.2508,1.2519,1.2409
2018-02-05,1.2368,1.2455,1.2475,1.2362
2018-02-06,1.2377,1.2367,1.2434,1.2314
2018-02-07,1.2264,1.2378,1.2407,1.2247
2018-02-08,1.2247,1.2264,1.2297,1.2212
2018-02-09,1.2235,1.2245,1.2289,1.2206
2018-02-10,1.2235,1.2245,1.2289,1.2206
2018-02-11,1.2235,1.2245,1.2289,1.2206
2018-02-12,1.2292,1.2253,1.2298,1.2234
2018-02-13,1.2352,1.2293,1.2373,1.2285
2018-02-14,1.245,1.2352,1.2467,1.2276
2018-02-15,1.2506,1.2449,1.2511,1.2447
2018-02-16,1.2406,1.2506,1.2557,1.2394
2018-02-17,1.2406,1.2506,1.2557,1.2394
2018-02-18,1.2406,1.2506,1.2557,1.2394
2018-02-19,1.2408,1.2409,1.2435,1.2368
2018-02-20,1.2338,1.2409,1.2414,1.232
2018-02-21,1.2284,1.2338,1.2361,1.2281
2018-02-22,1.2331,1.2283,1.2354,1.226
2018-02-23,1.2293,1.2329,1.2337,1.2279
2018-02-24,1.2293,1.2329,1.2337,1.2279
2018-02-25,1.2293,1.2329,1.2337,1.2279
2018-02-26,1.2318,1.2299,1.2356,1.2278
2018-02-27,1.2232,1.2317,1.2348,1.2221
2018-02-28,1.2194,1.2232,1.2243,1.2188
2018-03-01,1.2268,1.2193,1.2272,1.2153
2018-03-02,1.2317,1.2266,1.2336,1.225
2018-03-03,1.2317,1.2266,1.2336,1.225
2018-03-04,1.2317,1.2266,1.2336,1.225
2018-03-05,1.2336,1.2323,1.2366,1.2268
2018-03-06,1.2404,1.2336,1.2422,1.2328
2018-03-07,1.2413,1.2404,1.2445,1.2385
2018-03-08,1.2312,1.2411,1.2448,1.2298
2018-03-09,1.2307,1.2312,1.2336,1.2273
2018-03-10,1.2307,1.2312,1.2336,1.2273
2018-03-11,1.2307,1.2312,1.2336,1.2273
2018-03-12,1.2334,1.2311,1.2347,1.2291
2018-03-13,1.239,1.2334,1.2408,1.2314
2018-03-14,1.2367,1.239,1.2414,1.2347
2018-03-15,1.2305,1.2366,1.2385,1.2299
2018-03-16,1.2289,1.2305,1.2338,1.2261
2018-03-17,1.2289,1.2305,1.2338,1.2261
2018-03-18,1.2289,1.2305,1.2338,1.2261
2018-03-19,1.2335,1.2284,1.2361,1.2258
2018-03-20,1.2242,1.2335,1.2356,1.2239
2018-03-21,1.2338,1.2242,1.2351,1.2241
2018-03-22,1.2302,1.2337,1.2389,1.2285
2018-03-23,1.2353,1.2302,1.2375,1.2301
2018-03-24,1.2353,1.2302,1.2375,1.2301
2018-03-25,1.2353,1.2302,1.2375,1.2301
2018-03-26,1.2443,1.2348,1.2463,1.2341
2018-03-27,1.2403,1.2444,1.2478,1.2373
2018-03-28,1.2308,1.2403,1.2424,1.23
2018-03-29,1.2302,1.2308,1.2335,1.2282
2018-03-30,1.2323,1.2301,1.2331,1.2293
2018-03-31,1.2323,1.2301,1.2331,1.2293
2018-04-01,1.2323,1.2301,1.2331,1.2293
2018-04-02,1.2302,1.2323,1.2346,1.2282
2018-04-03,1.227,1.2304,1.2336,1.2253
2018-04-04,1.2278,1.2269,1.2315,1.2256
2018-04-05,1.224,1.2278,1.2292,1.2218
2018-04-06,1.2283,1.224,1.2292,1.2214
2018-04-07,1.2283,1.224,1.2292,1.2214
2018-04-08,1.2283,1.224,1.2292,1.2214
2018-04-09,1.2321,1.2279,1.2331,1.2261
2018-04-10,1.2356,1.232,1.2379,1.2303
2018-04-11,1.2367,1.2357,1.2397,1.2347
2018-04-12,1.2327,1.2368,1.2382,1.23
2018-04-13,1.2331,1.2327,1.2348,1.2307
2018-04-14,1.2331,1.2327,1.2348,1.2307
2018-04-15,1.2331,1.2327,1.2348,1.2307
2018-04-16,1.238,1.233,1.2395,1.2325
2018-04-17,1.237,1.2378,1.2413,1.2335
2018-04-18,1.2373,1.2369,1.2398,1.2343
2018-04-19,1.2346,1.2373,1.2402,1.2329
2018-04-20,1.2288,1.2346,1.2354,1.225
2018-04-21,1.2288,1.2346,1.2354,1.225
2018-04-22,1.2288,1.2346,1.2354,1.225
2018-04-23,1.2209,1.2289,1.2292,1.2198
2018-04-24,1.2232,1.2209,1.2247,1.2182
2018-04-25,1.2161,1.2232,1.224,1.216
2018-04-26,1.2103,1.2161,1.2211,1.2096
2018-04-27,1.213,1.2105,1.2135,1.2055
2018-04-28,1.213,1.2105,1.2135,1.2055
2018-04-29,1.213,1.2105,1.2135,1.2055
2018-04-30,1.2079,1.2125,1.2141,1.2064
2018-05-01,1.1993,1.2076,1.2086,1.1981
2018-05-02,1.1951,1.1992,1.2033,1.1938
2018-05-03,1.1988,1.1951,1.2009,1.1946
2018-05-04,1.196,1.1989,1.1997,1.1911
2018-05-05,1.196,1.1989,1.1997,1.1911
2018-05-06,1.196,1.1989,1.1997,1.1911
2018-05-07,1.1922,1.1953,1.198,1.1898
2018-05-08,1.1864,1.1924,1.1941,1.1838
2018-05-09,1.185,1.1863,1.1898,1.1822
2018-05-10,1.1915,1.1852,1.1948,1.1843
2018-05-11,1.1944,1.1917,1.197,1.1891
2018-05-12,1.1944,1.1917,1.197,1.1891
2018-05-13,1.1944,1.1917,1.197,1.1891
2018-05-14,1.1927,1.1947,1.1998,1.1926
2018-05-15,1.1838,1.1925,1.1939,1.1817
2018-05-16,1.1807,1.1837,1.1854,1.1762
2018-05-17,1.1795,1.1808,1.1839,1.1775
2018-05-18,1.1778,1.1796,1.1825,1.1749
2018-05-19,1.1778,1.1796,1.1825,1.1749
2018-05-20,1.1778,1.1796,1.1825,1.1749
2018-05-21,1.1791,1.1764,1.1797,1.1717
2018-05-22,1.1779,1.1792,1.183,1.1754
2018-05-23,1.1697,1.1778,1.179,1.1675
2018-05-24,1.172,1.1695,1.175,1.1688
2018-05-25,1.1652,1.172,1.1735,1.1645
2018-05-26,1.1652,1.172,1.1735,1.1645
2018-05-27,1.1652,1.172,1.1735,1.1645
2018-05-28,1.1623,1.1651,1.1729,1.1605
2018-05-29,1.154,1.1625,1.1641,1.1508
2018-05-30,1.1663,1.154,1.1678,1.1518
2018-05-31,1.1692,1.1665,1.1726,1.1641
2018-06-01,1.1661,1.1691,1.1718,1.1617
2018-06-02,1.1661,1.1691,1.1718,1.1617
2018-06-03,1.1661,1.1691,1.1718,1.1617
2018-06-04,1.1699,1.1656,1.1744,1.1652
2018-06-05,1.1718,1.1698,1.1733,1.1652
2018-06-06,1.1773,1.1717,1.1797,1.1708
2018-06-07,1.1799,1.1774,1.1842,1.1772
2018-06-08,1.1768,1.18,1.1812,1.1726
2018-06-09,1.1768,1.18,1.1812,1.1726
2018-06-10,1.1768,1.18,1.1812,1.1726
2018-06-11,1.1784,1.1766,1.1822,1.1754
2018-06-12,1.1745,1.1784,1.1811,1.1733
2018-06-13,1.1791,1.1745,1.1803,1.1725
2018-06-14,1.1569,1.1791,1.1853,1.1562
2018-06-15,1.1609,1.1568,1.1629,1.1543
2018-06-16,1.1609,1.1568,1.1629,1.1543
2018-06-17,1.1609,1.1568,1.1629,1.1543
2018-06-18,1.1623,1.1609,1.1625,1.1563
2018-06-19,1.159,1.1624,1.1646,1.153
2018-06-20,1.1572,1.159,1.1602,1.1537
2018-06-21,1.1603,1.1572,1.1635,1.1509
2018-06-22,1.1657,1.1604,1.1677,1.16
2018-06-23,1.1657,1.1604,1.1677,1.16
2018-06-24,1.1657,1.1604,1.1677,1.16
2018-06-25,1.1704,1.1659,1.1715,1.1627
2018-06-26,1.1647,1.1704,1.1722,1.1635
2018-06-27,1.1554,1.1647,1.1674,1.1541
2018-06-28,1.1569,1.1555,1.1602,1.1527
2018-06-29,1.1685,1.1569,1.1692,1.1558
2018-06-30,1.1685,1.1569,1.1692,1.1558
2018-07-01,1.1685,1.1569,1.1692,1.1558
2018-07-02,1.1641,1.1651,1.1699,1.159
2018-07-03,1.1657,1.1641,1.1675,1.1621
2018-07-04,1.1656,1.1658,1.1684,1.1629
2018-07-05,1.1691,1.1655,1.1722,1.1649
2018-07-06,1.1747,1.169,1.1769,1.1679
2018-07-07,1.1747,1.169,1.1769,1.1679
2018-07-08,1.1747,1.169,1.1769,1.1679
2018-07-09,1.1751,1.1748,1.1792,1.1731
2018-07-10,1.1744,1.1751,1.1764,1.169
2018-07-11,1.1674,1.1745,1.176,1.1665
2018-07-12,1.1672,1.1674,1.1697,1.1648
2018-07-13,1.1685,1.1669,1.1688,1.161
2018-07-14,1.1685,1.1669,1.1688,1.161
2018-07-15,1.1685,1.1669,1.1688,1.161
2018-07-16,1.171,1.1676,1.1726,1.1674
2018-07-17,1.1661,1.1711,1.1746,1.165
2018-07-18,1.1639,1.166,1.1665,1.1601
2018-07-19,1.1643,1.1639,1.168,1.1574
2018-07-20,1.172,1.1644,1.174,1.1626
2018-07-21,1.172,1.1644,1.174,1.1626
2018-07-22,1.172,1.1644,1.174,1.1626
2018-07-23,1.1692,1.173,1.1752,1.1682
2018-07-24,1.1686,1.1692,1.1719,1.1654
2018-07-25,1.1728,1.1684,1.1739,1.1663
2018-07-26,1.1643,1.1728,1.1744,1.1639
2018-07-27,1.1658,1.1643,1.1665,1.1621
2018-07-28,1.1658,1.1643,1.1665,1.1621
2018-07-29,1.1658,1.1643,1.1665,1.1621
2018-07-30,1.1706,1.166,1.1721,1.1648
2018-07-31,1.1691,1.1706,1.1745,1.1682
2018-08-01,1.166,1.1691,1.1701,1.1656
2018-08-02,1.1584,1.166,1.1669,1.1582
2018-08-03,1.1567,1.1583,1.1611,1.1559
2018-08-04,1.1567,1.1583,1.1611,1.1559
2018-08-05,1.1567,1.1583,1.1611,1.1559
2018-08-06,1.1554,1.1571,1.1574,1.1527
2018-08-07,1.1599,1.1555,1.161,1.1547
2018-08-08,1.1611,1.1598,1.1629,1.1571
2018-08-09,1.1527,1.1609,1.162,1.1525
2018-08-10,1.1411,1.1526,1.1537,1.1384
2018-08-11,1.1411,1.1526,1.1537,1.1384
2018-08-12,1.1411,1.1526,1.1537,1.1384
2018-08-13,1.1409,1.1389,1.1434,1.1364
2018-08-14,1.1344,1.141,1.1431,1.133
2018-08-15,1.1345,1.1344,1.1357,1.1299
2018-08-16,1.1377,1.1345,1.1411,1.1335
2018-08-17,1.1439,1.1377,1.1447,1.1365
2018-08-18,1.1439,1.1377,1.1447,1.1365
2018-08-19,1.1439,1.1377,1.1447,1.1365
2018-08-20,1.1481,1.1442,1.1486,1.1394
2018-08-21,1.1571,1.1482,1.1602,1.1479
2018-08-22,1.1597,1.157,1.1624,1.1551
2018-08-23,1.1539,1.1596,1.1601,1.153
2018-08-24,1.1623,1.154,1.1641,1.1533
2018-08-25,1.1623,1.154,1.1641,1.1533
2018-08-26,1.1623,1.154,1.1641,1.1533
2018-08-27,1.1678,1.1631,1.1694,1.1592
2018-08-28,1.1695,1.1678,1.1735,1.1662
2018-08-29,1.1708,1.1695,1.1712,1.1652
2018-08-30,1.1671,1.1707,1.172,1.1641
2018-08-31,1.1601,1.1671,1.1692,1.1585
2018-09-01,1.1601,1.1671,1.1692,1.1585
2018-09-02,1.1601,1.1671,1.1692,1.1585
2018-09-03,1.1624,1.1596,1.1629,1.1583
2018-09-04,1.1582,1.1623,1.1629,1.1528
2018-09-05,1.1629,1.1581,1.164,1.1542
2018-09-06,1.1622,1.1629,1.166,1.1603
2018-09-07,1.1553,1.1624,1.1651,1.155
2018-09-08,1.1553,1.1624,1.1651,1.155
2018-09-09,1.1553,1.1624,1.1651,1.155
2018-09-10,1.1594,1.156,1.1617,1.1526
2018-09-11,1.1607,1.1594,1.1645,1.1565
2018-09-12,1.1626,1.1604,1.1651,1.157
2018-09-13,1.169,1.1627,1.1703,1.1608
2018-09-14,1.163,1.169,1.1724,1.1619
2018-09-15,1.163,1.169,1.1724,1.1619
2018-09-16,1.163,1.169,1.1724,1.1619
2018-09-17,1.1683,1.1623,1.1699,1.1617
2018-09-18,1.1667,1.1684,1.1726,1.1651
2018-09-19,1.1673,1.1667,1.1716,1.1648
2018-09-20,1.1777,1.1671,1.1786,1.1665
2018-09-21,1.175,1.1776,1.1804,1.1731
2018-09-22,1.175,1.1776,1.1804,1.1731
2018-09-23,1.175,1.1776,1.1804,1.1731
2018-09-24,1.1748,1.1751,1.1817,1.1723
2018-09-25,1.1772,1.1748,1.1793,1.173
2018-09-26,1.174,1.1767,1.1799,1.1726
2018-09-27,1.1641,1.174,1.1759,1.1637
2018-09-28,1.1609,1.1641,1.1652,1.1567
2018-09-29,1.1609,1.1641,1.1652,1.1567
2018-09-30,1.1609,1.1641,1.1652,1.1567
2018-10-01,1.1578,1.1609,1.163,1.1563
2018-10-02,1.1548,1.1578,1.1582,1.1506
2018-10-03,1.1478,1.1548,1.1595,1.1465
2018-10-04,1.1515,1.1478,1.1543,1.1464
2018-10-05,1.1524,1.1513,1.155,1.1483
2018-10-06,1.1524,1.1513,1.155,1.1483
2018-10-07,1.1524,1.1513,1.155,1.1483
2018-10-08,1.1492,1.152,1.1536,1.1459
2018-10-09,1.149,1.1491,1.1504,1.143
2018-10-10,1.152,1.1491,1.1547,1.1479
2018-10-11,1.1594,1.1519,1.16,1.1517
2018-10-12,1.1563,1.1592,1.1611,1.1534
2018-10-13,1.1563,1.1592,1.1611,1.1534
2018-10-14,1.1563,1.1592,1.1611,1.1534
2018-10-15,1.1579,1.1559,1.1608,1.1537
2018-10-16,1.1575,1.158,1.1623,1.1564
2018-10-17,1.1501,1.1575,1.1585,1.1495
2018-10-18,1.1453,1.15,1.1528,1.1448
2018-10-19,1.1515,1.1451,1.1536,1.1433
2018-10-20,1.1515,1.1451,1.1536,1.1433
2018-10-21,1.1515,1.1451,1.1536,1.1433
2018-10-22,1.1465,1.1507,1.1552,1.1455
2018-10-23,1.1471,1.1466,1.1495,1.1438
2018-10-24,1.1392,1.147,1.1477,1.1378
2018-10-25,1.1376,1.1392,1.1434,1.1355
2018-10-26,1.1403,1.1376,1.1422,1.1334
2018-10-27,1.1403,1.1376,1.1422,1.1334
2018-10-28,1.1403,1.1376,1.1422,1.1334
2018-10-29,1.1373,1.1408,1.1418,1.1361
2018-10-30,1.1344,1.1372,1.1387,1.1338
2018-10-31,1.1312,1.1345,1.1363,1.1301
2018-11-01,1.1409,1.1311,1.1426,1.1306
2018-11-02,1.1387,1.1408,1.1458,1.1372
2018-11-03,1.1387,1.1408,1.1458,1.1372
2018-11-04,1.1387,1.1408,1.1458,1.1372
2018-11-05,1.1407,1.1391,1.1425,1.1356
2018-11-06,1.1427,1.1406,1.144,1.1389
2018-11-07,1.1426,1.1427,1.1502,1.1395
2018-11-08,1.1363,1.1425,1.1448,1.1352
2018-11-09,1.1336,1.1364,1.1371,1.1315
2018-11-10,1.1336,1.1364,1.1371,1.1315
2018-11-11,1.1336,1.1364,1.1371,1.1315
2018-11-12,1.1218,1.1331,1.1333,1.1214
2018-11-13,1.1291,1.1219,1.1296,1.1216
2018-11-14,1.131,1.129,1.1349,1.1262
2018-11-15,1.1328,1.1309,1.1364,1.1271
2018-11-16,1.142,1.133,1.1423,1.132
2018-11-17,1.142,1.133,1.1423,1.132
2018-11-18,1.142,1.133,1.1423,1.132
2018-11-19,1.1453,1.1403,1.1467,1.1393
2018-11-20,1.1371,1.1453,1.1473,1.1357
2018-11-21,1.1385,1.1371,1.1426,1.1363
2018-11-22,1.1408,1.1382,1.1434,1.1378
2018-11-23,1.1341,1.1403,1.1422,1.1325
2018-11-24,1.1341,1.1403,1.1422,1.1325
2018-11-25,1.1341,1.1403,1.1422,1.1325
2018-11-26,1.1328,1.1343,1.1385,1.1323
2018-11-27,1.1288,1.1326,1.1344,1.1276
2018-11-28,1.1366,1.1291,1.1387,1.1264
2018-11-29,1.1393,1.1367,1.1403,1.1348
2018-11-30,1.1317,1.1395,1.1402,1.1304
2018-12-01,1.1317,1.1395,1.1402,1.1304
2018-12-02,1.1317,1.1395,1.1402,1.1304
2018-12-03,1.1354,1.1315,1.1382,1.1315
2018-12-04,1.1345,1.1354,1.1421,1.1318
2018-12-05,1.1344,1.1342,1.1361,1.1309
2018-12-06,1.1376,1.1345,1.1414,1.1321
2018-12-07,1.1378,1.1377,1.1425,1.1359
2018-12-08,1.1378,1.1377,1.1425,1.1359
2018-12-09,1.1378,1.1377,1.1425,1.1359
2018-12-10,1.1356,1.1401,1.1444,1.1349
2018-12-11,1.1316,1.1361,1.1402,1.1304
2018-12-12,1.1368,1.1317,1.1388,1.1312
2018-12-13,1.1363,1.1369,1.1396,1.133
2018-12-14,1.1309,1.1362,1.1374,1.1268
2018-12-15,1.1309,1.1362,1.1374,1.1268
2018-12-16,1.1309,1.1362,1.1374,1.1268
2018-12-17,1.1347,1.1308,1.136,1.1299
2018-12-18,1.1361,1.1346,1.1402,1.1336
2018-12-19,1.1377,1.1361,1.1442,1.136
2018-12-20,1.1446,1.1377,1.1487,1.1371
2018-12-21,1.1369,1.1447,1.1477,1.1353
2018-12-22,1.1369,1.1447,1.1477,1.1353
2018-12-23,1.1369,1.1447,1.1477,1.1353
2018-12-24,1.14,1.137,1.1439,1.135
2018-12-25,1.1362,1.14,1.1429,1.1361
2018-12-26,1.1353,1.1363,1.1423,1.1342
2018-12-27,1.143,1.1353,1.1457,1.1349
2018-12-28,1.1438,1.1429,1.1478,1.1424
2018-12-29,1.1438,1.1429,1.1478,1.1424
2018-12-30,1.1438,1.1429,1.1478,1.1424
2018-12-31,1.147,1.1443,1.147,1.1421
2019-01-01,1.1464,1.1466,1.1481,1.1425
2019-01-02,1.1343,1.1464,1.1499,1.1325
2019-01-03,1.1394,1.1345,1.1413,1.1309
2019-01-04,1.1395,1.1393,1.1422,1.1345
2019-01-05,1.1395,1.1393,1.1422,1.1345
2019-01-06,1.1395,1.1393,1.1422,1.1345
2019-01-07,1.1476,1.1392,1.1485,1.1392
2019-01-08,1.1442,1.1476,1.1487,1.1422
2019-01-09,1.1543,1.1444,1.1556,1.1435
2019-01-10,1.15,1.1542,1.1572,1.1485
2019-01-11,1.1469,1.1499,1.1542,1.1457
2019-01-12,1.1469,1.1499,1.1542,1.1457
2019-01-13,1.1469,1.1499,1.1542,1.1457
2019-01-14,1.1477,1.1471,1.1485,1.144
2019-01-15,1.1417,1.1473,1.1494,1.1381
2019-01-16,1.14,1.1414,1.1429,1.1377
2019-01-17,1.1398,1.1396,1.141,1.1369
2019-01-18,1.1363,1.1389,1.1413,1.1352
2019-01-19,1.1363,1.1389,1.1413,1.1352
2019-01-20,1.1363,1.1389,1.1413,1.1352
2019-01-21,1.1366,1.1371,1.1409,1.1355
2019-01-22,1.1359,1.1365,1.1386,1.1334
2019-01-23,1.1381,1.1358,1.1397,1.1348
2019-01-24,1.1306,1.138,1.1398,1.1287
2019-01-25,1.1415,1.1306,1.1421,1.1298
2019-01-26,1.1415,1.1306,1.1421,1.1298
2019-01-27,1.1415,1.1306,1.1421,1.1298
2019-01-28,1.1434,1.1404,1.1445,1.1388
2019-01-29,1.1432,1.1428,1.1453,1.141
2019-01-30,1.1479,1.1433,1.1503,1.1404
2019-01-31,1.1446,1.148,1.1517,1.1434
2019-02-01,1.1456,1.1447,1.149,1.1433
2019-02-02,1.1456,1.1447,1.149,1.1433
2019-02-03,1.1456,1.1447,1.149,1.1433
2019-02-04,1.1438,1.1457,1.1467,1.1421
2019-02-05,1.1415,1.1442,1.1456,1.14
2019-02-06,1.1362,1.1406,1.142,1.1359
2019-02-07,1.1341,1.136,1.1375,1.1322
2019-02-08,1.133,1.1346,1.1355,1.132
2019-02-09,1.133,1.1346,1.1355,1.132
2019-02-10,1.133,1.1346,1.1355,1.132
2019-02-11,1.1276,1.1328,1.1331,1.1264
2019-02-12,1.1325,1.128,1.1342,1.1256
2019-02-13,1.1267,1.1326,1.1346,1.126
2019-02-14,1.1301,1.1262,1.1313,1.1247
2019-02-15,1.1295,1.1295,1.1313,1.1233
2019-02-16,1.1295,1.1295,1.1313,1.1233
2019-02-17,1.1295,1.1295,1.1313,1.1233
2019-02-18,1.1311,1.1288,1.1337,1.1284
2019-02-19,1.1341,1.131,1.1358,1.1274
2019-02-20,1.1337,1.1342,1.1374,1.1324
2019-02-21,1.1336,1.1338,1.1368,1.132
2019-02-22,1.1343,1.1337,1.136,1.1315
2019-02-23,1.1343,1.1337,1.136,1.1315
2019-02-24,1.1343,1.1337,1.136,1.1315
2019-02-25,1.1359,1.1338,1.1369,1.1323
2019-02-26,1.1387,1.1366,1.1404,1.1343
2019-02-27,1.1369,1.1396,1.1404,1.136
2019-02-28,1.1371,1.1371,1.1421,1.1357
2019-03-01,1.1377,1.1372,1.141,1.1353
2019-03-02,1.1377,1.1372,1.141,1.1353
2019-03-03,1.1377,1.1372,1.141,1.1353
2019-03-04,1.134,1.138,1.1398,1.1309
2019-03-05,1.1308,1.1339,1.1353,1.129
2019-03-06,1.1307,1.1313,1.1328,1.1286
2019-03-07,1.1194,1.1306,1.1322,1.1176
2019-03-08,1.124,1.1194,1.1248,1.1185
2019-03-09,1.124,1.1194,1.1248,1.1185
2019-03-10,1.124,1.1194,1.1248,1.1185
2019-03-11,1.1247,1.1238,1.1259,1.1221
2019-03-12,1.1286,1.125,1.1308,1.1243
2019-03-13,1.1325,1.1287,1.1341,1.1277
2019-03-14,1.1302,1.1329,1.1342,1.1293
2019-03-15,1.1325,1.1305,1.1346,1.1296
2019-03-16,1.1325,1.1305,1.1346,1.1296
2019-03-17,1.1325,1.1305,1.1346,1.1296
2019-03-18,1.1336,1.1323,1.136,1.1317
2019-03-19,1.1349,1.1337,1.1364,1.1332
2019-03-20,1.1411,1.1351,1.145,1.1335
2019-03-21,1.1373,1.1414,1.1439,1.1342
2019-03-22,1.1313,1.1375,1.1394,1.1272
2019-03-23,1.1313,1.1375,1.1394,1.1272
2019-03-24,1.1313,1.1375,1.1394,1.1272
2019-03-25,1.1311,1.1294,1.1333,1.1284
2019-03-26,1.1264,1.1313,1.1329,1.1262
2019-03-27,1.1247,1.1269,1.1287,1.1242
2019-03-28,1.122,1.1244,1.1264,1.1213
2019-03-29,1.1217,1.1221,1.1249,1.1208
2019-03-30,1.1217,1.1221,1.1249,1.1208
2019-03-31,1.1217,1.1221,1.1249,1.1208
2019-04-01,1.1212,1.1218,1.125,1.1202
2019-04-02,1.1202,1.1216,1.1219,1.1183
2019-04-03,1.1234,1.1205,1.1256,1.12
2019-04-04,1.122,1.1235,1.125,1.1205
2019-04-05,1.1214,1.1223,1.1247,1.1209
2019-04-06,1.1214,1.1223,1.1247,1.1209
2019-04-07,1.1214,1.1223,1.1247,1.1209
2019-04-08,1.1259,1.1218,1.1277,1.1213
2019-04-09,1.1261,1.1272,1.1286,1.1253
2019-04-10,1.1273,1.1264,1.1288,1.1229
2019-04-11,1.125,1.1273,1.1291,1.1249
2019-04-12,1.13,1.1254,1.1327,1.1252
2019-04-13,1.13,1.1254,1.1327,1.1252
2019-04-14,1.13,1.1254,1.1327,1.1252
2019-04-15,1.1307,1.13,1.1322,1.1294
2019-04-16,1.128,1.1303,1.1315,1.1279
2019-04-17,1.1294,1.1281,1.1326,1.1279
2019-04-18,1.1229,1.1297,1.1307,1.1226
2019-04-19,1.1246,1.1241,1.1254,1.1228
2019-04-20,1.1246,1.1241,1.1254,1.1228
2019-04-21,1.1246,1.1241,1.1254,1.1228
2019-04-22,1.1255,1.1244,1.1264,1.1236
2019-04-23,1.1225,1.1257,1.1264,1.1192
2019-04-24,1.1152,1.1229,1.1233,1.114
2019-04-25,1.113,1.1161,1.1164,1.1118
2019-04-26,1.1148,1.1131,1.1176,1.1111
2019-04-27,1.1148,1.1131,1.1176,1.1111
2019-04-28,1.1148,1.1131,1.1176,1.1111
2019-04-29,1.1185,1.1152,1.1192,1.1141
2019-04-30,1.1215,1.1186,1.1231,1.1175
2019-05-01,1.1194,1.1215,1.1266,1.1187
2019-05-02,1.1176,1.1202,1.1221,1.117
2019-05-03,1.12,1.1178,1.1207,1.1135
2019-05-04,1.12,1.1178,1.1207,1.1135
2019-05-05,1.12,1.1178,1.1207,1.1135
2019-05-06,1.1197,1.1172,1.1211,1.1159
2019-05-07,1.119,1.1199,1.1222,1.1165
2019-05-08,1.1191,1.1191,1.1215,1.1182
2019-05-09,1.122,1.1192,1.1253,1.1172
2019-05-10,1.1233,1.1215,1.1255,1.1214
2019-05-11,1.1233,1.1215,1.1255,1.1214
2019-05-12,1.1233,1.1215,1.1255,1.1214
2019-05-13,1.1223,1.1242,1.1266,1.1221
2019-05-14,1.1203,1.1224,1.1247,1.12
2019-05-15,1.12,1.1204,1.1226,1.1177
2019-05-16,1.1172,1.1202,1.1227,1.1165
2019-05-17,1.1156,1.1174,1.1185,1.1154
2019-05-18,1.1156,1.1174,1.1185,1.1154
2019-05-19,1.1156,1.1174,1.1185,1.1154
2019-05-20,1.117,1.1158,1.1177,1.1149
2019-05-21,1.1158,1.1171,1.1188,1.1141
2019-05-22,1.1152,1.1167,1.1181,1.1147
2019-05-23,1.118,1.1151,1.1189,1.1107
2019-05-24,1.1202,1.1182,1.1214,1.1174
2019-05-25,1.1202,1.1182,1.1214,1.1174
2019-05-26,1.1202,1.1182,1.1214,1.1174
2019-05-27,1.1196,1.1196,1.1216,1.1185
2019-05-28,1.116,1.1199,1.1204,1.1158
2019-05-29,1.1129,1.1161,1.1174,1.1123
2019-05-30,1.113,1.1132,1.1145,1.1115
2019-05-31,1.1167,1.1135,1.118,1.1125
2019-06-01,1.1167,1.1135,1.118,1.1125
2019-06-02,1.1167,1.1135,1.118,1.1125
2019-06-03,1.124,1.1168,1.1264,1.1156
2019-06-04,1.1251,1.1241,1.1279,1.1226
2019-06-05,1.1219,1.1251,1.1307,1.1219
2019-06-06,1.1274,1.1229,1.1309,1.1214
2019-06-07,1.1331,1.1276,1.1349,1.125
2019-06-08,1.1331,1.1276,1.1349,1.125
2019-06-09,1.1331,1.1276,1.1349,1.125
2019-06-10,1.1312,1.1324,1.1331,1.1289
2019-06-11,1.1329,1.1312,1.1338,1.1301
2019-06-12,1.1287,1.1326,1.1344,1.1281
2019-06-13,1.1275,1.1287,1.1305,1.1267
2019-06-14,1.1207,1.1283,1.1291,1.1201
2019-06-15,1.1207,1.1283,1.1291,1.1201
2019-06-16,1.1207,1.1283,1.1291,1.1201
2019-06-17,1.1217,1.1216,1.1248,1.1204
2019-06-18,1.1191,1.1219,1.1243,1.118
2019-06-19,1.1224,1.1193,1.1254,1.1186
2019-06-20,1.1291,1.1226,1.1319,1.1226
2019-06-21,1.1366,1.1292,1.1379,1.1282
2019-06-22,1.1366,1.1292,1.1379,1.1282
2019-06-23,1.1366,1.1292,1.1379,1.1282
2019-06-24,1.1396,1.1361,1.1405,1.1361
2019-06-25,1.1365,1.1399,1.1413,1.1343
2019-06-26,1.1368,1.1365,1.1392,1.1348
2019-06-27,1.1368,1.1369,1.1382,1.1348
2019-06-28,1.1368,1.137,1.1394,1.1351
2019-06-29,1.1368,1.137,1.1394,1.1351
2019-06-30,1.1368,1.137,1.1394,1.1351
2019-07-01,1.1285,1.1376,1.1376,1.128
2019-07-02,1.1283,1.1286,1.1321,1.1274
2019-07-03,1.1277,1.1285,1.1312,1.1268
2019-07-04,1.1284,1.1278,1.1296,1.1272
2019-07-05,1.1224,1.1285,1.1288,1.1207
2019-07-06,1.1224,1.1285,1.1288,1.1207
2019-07-07,1.1224,1.1285,1.1288,1.1207
2019-07-08,1.1214,1.1223,1.1235,1.1207
2019-07-09,1.1206,1.1215,1.122,1.1193
2019-07-10,1.1249,1.1208,1.1264,1.1201
2019-07-11,1.1252,1.1251,1.1286,1.1244
2019-07-12,1.1269,1.1254,1.1276,1.1237
2019-07-13,1.1269,1.1254,1.1276,1.1237
2019-07-14,1.1269,1.1254,1.1276,1.1237
2019-07-15,1.1257,1.1269,1.1285,1.1252
2019-07-16,1.1209,1.1257,1.1264,1.1201
2019-07-17,1.1223,1.1211,1.1235,1.12
2019-07-18,1.1275,1.1224,1.1281,1.1205
2019-07-19,1.122,1.1277,1.1283,1.1203
2019-07-20,1.122,1.1277,1.1283,1.1203
2019-07-21,1.122,1.1277,1.1283,1.1203
2019-07-22,1.1208,1.1218,1.1226,1.1206
2019-07-23,1.1151,1.121,1.1211,1.1145
2019-07-24,1.1139,1.1152,1.1159,1.1127
2019-07-25,1.1145,1.1141,1.1188,1.1101
2019-07-26,1.1125,1.1147,1.1151,1.1112
2019-07-27,1.1125,1.1147,1.1151,1.1112
2019-07-28,1.1125,1.1147,1.1151,1.1112
2019-07-29,1.1144,1.1127,1.1151,1.1113
2019-07-30,1.1153,1.1144,1.1162,1.1132
2019-07-31,1.1074,1.1155,1.1163,1.1059
2019-08-01,1.1083,1.1076,1.1096,1.1027
2019-08-02,1.1107,1.1085,1.1118,1.107
2019-08-03,1.1107,1.1085,1.1118,1.107
2019-08-04,1.1107,1.1085,1.1118,1.107
2019-08-05,1.1202,1.1103,1.1214,1.1103
2019-08-06,1.1198,1.1203,1.125,1.1168
2019-08-07,1.1197,1.1199,1.1243,1.1179
2019-08-08,1.1178,1.1199,1.1233,1.1177
2019-08-09,1.1198,1.118,1.1223,1.1179
2019-08-10,1.1198,1.118,1.1223,1.1179
2019-08-11,1.1198,1.118,1.1223,1.1179
2019-08-12,1.1212,1.1204,1.1231,1.1162
2019-08-13,1.1169,1.1214,1.1229,1.117
2019-08-14,1.1138,1.1171,1.1192,1.113
2019-08-15,1.1106,1.1139,1.1159,1.1091
2019-08-16,1.1089,1.1107,1.1114,1.1066
2019-08-17,1.1089,1.1107,1.1114,1.1066
2019-08-18,1.1089,1.1107,1.1114,1.1066
2019-08-19,1.1076,1.1092,1.1114,1.1076
2019-08-20,1.1099,1.1079,1.1107,1.1065
2019-08-21,1.1083,1.11,1.1108,1.108
2019-08-22,1.1078,1.1085,1.1114,1.1063
2019-08-23,1.1144,1.1079,1.1154,1.1051
2019-08-24,1.1144,1.1079,1.1154,1.1051
2019-08-25,1.1144,1.1079,1.1154,1.1051
2019-08-26,1.11,1.1145,1.1166,1.1093
2019-08-27,1.109,1.1103,1.1116,1.1085
2019-08-28,1.1077,1.1091,1.1099,1.1072
2019-08-29,1.1055,1.1077,1.1092,1.1042
2019-08-30,1.0989,1.1056,1.1062,1.0963
2019-08-31,1.0989,1.1056,1.1062,1.0963
2019-09-01,1.0989,1.1056,1.1062,1.0963
2019-09-02,1.0966,1.0989,1.1,1.0957
2019-09-03,1.0972,1.097,1.0979,1.0926
2019-09-04,1.1033,1.0974,1.1039,1.0968
2019-09-05,1.1033,1.1037,1.1085,1.1016
2019-09-06,1.1027,1.1034,1.1057,1.102
2019-09-07,1.1027,1.1034,1.1057,1.102
2019-09-08,1.1027,1.1034,1.1057,1.102
2019-09-09,1.1046,1.1024,1.1069,1.1015
2019-09-10,1.1043,1.1047,1.1061,1.103
2019-09-11,1.1009,1.1044,1.1056,1.0984
2019-09-12,1.1061,1.1011,1.1087,1.0927
2019-09-13,1.1073,1.1063,1.111,1.1055
2019-09-14,1.1073,1.1063,1.111,1.1055
2019-09-15,1.1073,1.1063,1.111,1.1055
2019-09-16,1.1,1.1087,1.1093,1.0993
2019-09-17,1.1071,1.1,1.1076,1.099
2019-09-18,1.1029,1.1073,1.1077,1.1013
2019-09-19,1.104,1.103,1.1075,1.1022
2019-09-20,1.1017,1.1042,1.1069,1.0996
2019-09-21,1.1017,1.1042,1.1069,1.0996
2019-09-22,1.1017,1.1042,1.1069,1.0996
2019-09-23,1.0991,1.1016,1.1027,1.0965
2019-09-24,1.1018,1.0994,1.1025,1.0983
2019-09-25,1.0941,1.102,1.1025,1.0937
2019-09-26,1.0921,1.0942,1.0969,1.0908
2019-09-27,1.0938,1.0921,1.096,1.0905
2019-09-28,1.0938,1.0921,1.096,1.0905
2019-09-29,1.0938,1.0921,1.096,1.0905
2019-09-30,1.0898,1.094,1.0948,1.0884
2019-10-01,1.093,1.09,1.0943,1.0878
2019-10-02,1.0958,1.0933,1.0964,1.0904
2019-10-03,1.0964,1.0959,1.1,1.0941
2019-10-04,1.0976,1.0963,1.0999,1.0956
2019-10-05,1.0976,1.0963,1.0999,1.0956
2019-10-06,1.0976,1.0963,1.0999,1.0956
2019-10-07,1.097,1.0976,1.1001,1.0962
2019-10-08,1.0954,1.0971,1.0997,1.0941
2019-10-09,1.0969,1.0956,1.0991,1.0951
2019-10-10,1.1004,1.0971,1.1035,1.097
2019-10-11,1.104,1.1006,1.1063,1.1
2019-10-12,1.104,1.1006,1.1063,1.1
2019-10-13,1.104,1.1006,1.1063,1.1
2019-10-14,1.1028,1.1044,1.105,1.1013
2019-10-15,1.1031,1.1028,1.1047,1.0991
2019-10-16,1.107,1.1033,1.1086,1.1021
2019-10-17,1.1122,1.1072,1.1141,1.1064
2019-10-18,1.1169,1.1125,1.1173,1.1114
2019-10-19,1.1169,1.1125,1.1173,1.1114
2019-10-20,1.1169,1.1125,1.1173,1.1114
2019-10-21,1.1148,1.1143,1.118,1.1137
2019-10-22,1.1124,1.115,1.1158,1.1118
2019-10-23,1.1129,1.1125,1.1141,1.1106
2019-10-24,1.1104,1.1131,1.1164,1.1092
2019-10-25,1.1078,1.1104,1.1123,1.1072
2019-10-26,1.1078,1.1104,1.1123,1.1072
2019-10-27,1.1078,1.1104,1.1123,1.1072
2019-10-28,1.1098,1.1082,1.1108,1.1076
2019-10-29,1.111,1.1099,1.112,1.1073
2019-10-30,1.1148,1.1112,1.1152,1.1079
2019-10-31,1.115,1.1151,1.1176,1.113
2019-11-01,1.1165,1.1152,1.1172,1.1128
2019-11-02,1.1165,1.1152,1.1172,1.1128
2019-11-03,1.1165,1.1152,1.1172,1.1128
2019-11-04,1.1126,1.1165,1.1176,1.1124
2019-11-05,1.1074,1.1128,1.1141,1.1063
2019-11-06,1.1065,1.1075,1.1094,1.1064
2019-11-07,1.1049,1.1066,1.1092,1.1035
2019-11-08,1.1016,1.105,1.1056,1.1016
2019-11-09,1.1016,1.105,1.1056,1.1016
2019-11-10,1.1016,1.105,1.1056,1.1016
2019-11-11,1.1032,1.1022,1.1044,1.1016
2019-11-12,1.1007,1.1033,1.104,1.1002
2019-11-13,1.1006,1.101,1.1021,1.0994
2019-11-14,1.1021,1.1006,1.1028,1.0989
2019-11-15,1.105,1.1021,1.1058,1.1014
2019-11-16,1.105,1.1021,1.1058,1.1014
2019-11-17,1.105,1.1021,1.1058,1.1014
2019-11-18,1.107,1.1052,1.1091,1.1048
2019-11-19,1.1078,1.1072,1.1085,1.1062
2019-11-20,1.1072,1.1078,1.1083,1.1053
2019-11-21,1.1057,1.1074,1.1098,1.1051
2019-11-22,1.1022,1.1058,1.1086,1.1014
2019-11-23,1.1022,1.1058,1.1086,1.1014
2019-11-24,1.1022,1.1058,1.1086,1.1014
2019-11-25,1.1013,1.1024,1.1033,1.1004
2019-11-26,1.1018,1.1014,1.1027,1.1006
2019-11-27,1.0998,1.102,1.1026,1.0991
2019-11-28,1.1007,1.0999,1.1019,1.0999
2019-11-29,1.1015,1.1008,1.1029,1.098
2019-11-30,1.1015,1.1008,1.1029,1.098
2019-12-01,1.1015,1.1008,1.1029,1.098
2019-12-02,1.1077,1.1014,1.109,1.1003
2019-12-03,1.1081,1.1078,1.1094,1.1065
2019-12-04,1.1076,1.1082,1.1116,1.1066
2019-12-05,1.1102,1.1079,1.1109,1.1077
2019-12-06,1.1057,1.1105,1.1111,1.104
2019-12-07,1.1057,1.1105,1.1111,1.104
2019-12-08,1.1057,1.1105,1.1111,1.104
2019-12-09,1.1062,1.1055,1.1079,1.1052
2019-12-10,1.1092,1.1063,1.1099,1.1062
2019-12-11,1.1128,1.1092,1.1145,1.107
2019-12-12,1.1128,1.113,1.1155,1.1102
2019-12-13,1.1119,1.1129,1.12,1.1111
2019-12-14,1.1119,1.1129,1.12,1.1111
2019-12-15,1.1119,1.1129,1.12,1.1111
2019-12-16,1.1142,1.1122,1.1159,1.1122
2019-12-17,1.1149,1.1143,1.1176,1.1128
2019-12-18,1.1111,1.115,1.1156,1.111
2019-12-19,1.112,1.1113,1.1145,1.1107
2019-12-20,1.1078,1.1122,1.1127,1.1065
2019-12-21,1.1078,1.1122,1.1127,1.1065
2019-12-22,1.1078,1.1122,1.1127,1.1065
2019-12-23,1.1086,1.1081,1.1097,1.1069
2019-12-24,1.1087,1.1089,1.1095,1.1069
2019-12-25,1.109,1.1089,1.1107,1.1073
2019-12-26,1.1096,1.1091,1.111,1.1082
2019-12-27,1.1175,1.1097,1.1188,1.1095
2019-12-28,1.1175,1.1097,1.1188,1.1095
2019-12-29,1.1175,1.1097,1.1188,1.1095
2019-12-30,1.1197,1.1175,1.1223,1.117
2019-12-31,1.121,1.1198,1.124,1.1198
2020-01-01,1.121,1.1213,1.1223,1.1205
2020-01-02,1.117,1.1212,1.1227,1.1163
2020-01-03,1.1158,1.1172,1.1181,1.1125
2020-01-04,1.1158,1.1172,1.1181,1.1125
2020-01-05,1.1158,1.1172,1.1181,1.1125
2020-01-06,1.1193,1.1168,1.1207,1.1155
2020-01-07,1.1151,1.1198,1.1198,1.1133
2020-01-08,1.1103,1.1154,1.1169,1.1101
2020-01-09,1.1105,1.1106,1.1121,1.1092
2020-01-10,1.112,1.1106,1.113,1.1085
2020-01-11,1.112,1.1106,1.113,1.1085
2020-01-12,1.112,1.1106,1.113,1.1085
2020-01-13,1.1133,1.1125,1.1148,1.1112
2020-01-14,1.1127,1.1135,1.1145,1.1104
2020-01-15,1.1149,1.113,1.1164,1.1118
2020-01-16,1.1135,1.1151,1.1173,1.1128
2020-01-17,1.1088,1.1136,1.1143,1.1085
2020-01-18,1.1088,1.1136,1.1143,1.1085
2020-01-19,1.1088,1.1136,1.1143,1.1085
2020-01-20,1.1094,1.1092,1.1104,1.1076
2020-01-21,1.1082,1.1095,1.1119,1.108
2020-01-22,1.1091,1.1084,1.1099,1.107
2020-01-23,1.1052,1.1092,1.1109,1.1036
2020-01-24,1.1023,1.1055,1.1063,1.102
2020-01-25,1.1023,1.1055,1.1063,1.102
2020-01-26,1.1023,1.1055,1.1063,1.102
2020-01-27,1.1016,1.1021,1.1039,1.1009
2020-01-28,1.102,1.1019,1.1026,1.0998
2020-01-29,1.1009,1.1022,1.1028,1.0991
2020-01-30,1.103,1.101,1.104,1.1006
2020-01-31,1.1093,1.1032,1.1097,1.1016
2020-02-01,1.1093,1.1032,1.1097,1.1016
2020-02-02,1.1093,1.1032,1.1097,1.1016
2020-02-03,1.1058,1.1092,1.1096,1.1035
2020-02-04,1.1042,1.1059,1.1065,1.1033
2020-02-05,1.0997,1.1044,1.1049,1.0993
2020-02-06,1.098,1.0999,1.1014,1.0964
2020-02-07,1.0943,1.0983,1.0986,1.0941
2020-02-08,1.0943,1.0983,1.0986,1.0941
2020-02-09,1.0943,1.0983,1.0986,1.0941
2020-02-10,1.0909,1.0951,1.0958,1.0907
2020-02-11,1.0914,1.0911,1.0926,1.0891
2020-02-12,1.0871,1.0916,1.0927,1.0864
2020-02-13,1.084,1.0874,1.089,1.0833
2020-02-14,1.083,1.0841,1.0862,1.0827
2020-02-15,1.083,1.0841,1.0862,1.0827
2020-02-16,1.083,1.0841,1.0862,1.0827
2020-02-17,1.0834,1.0832,1.0852,1.0821
2020-02-18,1.0791,1.0838,1.0839,1.0785
2020-02-19,1.0804,1.0791,1.0812,1.0782
2020-02-20,1.0783,1.0806,1.0821,1.0776
2020-02-21,1.0843,1.0785,1.0864,1.0783
2020-02-22,1.0843,1.0785,1.0864,1.0783
2020-02-23,1.0843,1.0785,1.0864,1.0783
2020-02-24,1.0852,1.0841,1.0872,1.0805
2020-02-25,1.0879,1.0854,1.0891,1.0829
2020-02-26,1.0879,1.0881,1.091,1.0855
2020-02-27,1.0998,1.0881,1.1006,1.0878
2020-02-28,1.1025,1.1001,1.1054,1.095
2020-02-29,1.1025,1.1001,1.1054,1.095
2020-03-01,1.1025,1.1001,1.1054,1.095
2020-03-02,1.1132,1.1003,1.1186,1.1003
2020-03-03,1.1171,1.1133,1.1214,1.1095
2020-03-04,1.1134,1.1172,1.1187,1.1094
2020-03-05,1.1239,1.1136,1.1245,1.1119
2020-03-06,1.1285,1.1238,1.1356,1.1212
2020-03-07,1.1285,1.1238,1.1356,1.1212
2020-03-08,1.1285,1.1238,1.1356,1.1212
2020-03-09,1.1447,1.1292,1.1494,1.1284
2020-03-10,1.1279,1.1446,1.1459,1.1274
2020-03-11,1.1267,1.128,1.1367,1.1257
2020-03-12,1.1183,1.1269,1.1334,1.1055
2020-03-13,1.1105,1.1185,1.1222,1.1054
2020-03-14,1.1105,1.1185,1.1222,1.1054
2020-03-15,1.1105,1.1185,1.1222,1.1054
2020-03-16,1.1181,1.1085,1.1237,1.1046
2020-03-17,1.0996,1.1183,1.119,1.0955
2020-03-18,1.0913,1.0997,1.1046,1.0802
2020-03-19,1.069,1.0915,1.0982,1.0654
2020-03-20,1.0694,1.0691,1.0832,1.0637
2020-03-21,1.0694,1.0691,1.0832,1.0637
2020-03-22,1.0694,1.0691,1.0832,1.0637
2020-03-23,1.0721,1.0696,1.0828,1.0637
2020-03-24,1.0787,1.0726,1.0889,1.0722
2020-03-25,1.088,1.0789,1.0895,1.0761
2020-03-26,1.1028,1.0881,1.1059,1.0869
2020-03-27,1.114,1.103,1.1148,1.0953
2020-03-28,1.114,1.103,1.1148,1.0953
2020-03-29,1.114,1.103,1.1148,1.0953
2020-03-30,1.1046,1.1136,1.1145,1.101
2020-03-31,1.1029,1.1049,1.1056,1.0926
2020-04-01,1.0962,1.1031,1.104,1.0903
2020-04-02,1.0856,1.0964,1.097,1.082
2020-04-03,1.0808,1.0858,1.0865,1.0773
2020-04-04,1.0808,1.0858,1.0865,1.0773
2020-04-05,1.0808,1.0858,1.0865,1.0773
2020-04-06,1.0791,1.0813,1.0835,1.0768
2020-04-07,1.0889,1.0793,1.0926,1.0783
2020-04-08,1.0856,1.0891,1.0904,1.0829
2020-04-09,1.0927,1.0857,1.0953,1.0841
2020-04-10,1.0935,1.093,1.0953,1.0919
2020-04-11,1.0935,1.093,1.0953,1.0919
2020-04-12,1.0935,1.093,1.0953,1.0919
2020-04-13,1.0913,1.0941,1.0969,1.0892
2020-04-14,1.0979,1.0914,1.0988,1.0904
2020-04-15,1.0907,1.098,1.0991,1.0856
2020-04-16,1.0835,1.0911,1.0913,1.0817
2020-04-17,1.0876,1.0835,1.0893,1.0812
2020-04-18,1.0876,1.0835,1.0893,1.0812
2020-04-19,1.0876,1.0835,1.0893,1.0812
2020-04-20,1.0862,1.0875,1.0898,1.0841
2020-04-21,1.0856,1.0862,1.0882,1.0816
2020-04-22,1.0822,1.0857,1.0886,1.0802
2020-04-23,1.0776,1.0824,1.0848,1.0755
2020-04-24,1.082,1.0778,1.0831,1.0726
2020-04-25,1.082,1.0778,1.0831,1.0726
2020-04-26,1.082,1.0778,1.0831,1.0726
2020-04-27,1.0828,1.0809,1.0862,1.0808
2020-04-28,1.0818,1.0829,1.089,1.081
2020-04-29,1.0873,1.0819,1.0886,1.0818
2020-04-30,1.0955,1.0872,1.0973,1.0833
2020-05-01,1.0983,1.0956,1.1019,1.0934
2020-05-02,1.0983,1.0956,1.1019,1.0934
2020-05-03,1.0983,1.0956,1.1019,1.0934
2020-05-04,1.0906,1.098,1.098,1.0895
2020-05-05,1.0838,1.0907,1.0927,1.0826
2020-05-06,1.0794,1.0836,1.0848,1.0782
2020-05-07,1.0832,1.0795,1.0835,1.0766
2020-05-08,1.084,1.0833,1.0876,1.0814
2020-05-09,1.084,1.0833,1.0876,1.0814
2020-05-10,1.084,1.0833,1.0876,1.0814
2020-05-11,1.0806,1.0838,1.0851,1.08
2020-05-12,1.0846,1.0807,1.0885,1.0784
2020-05-13,1.0816,1.0848,1.0897,1.0811
2020-05-14,1.0804,1.0819,1.0826,1.0775
2020-05-15,1.0815,1.0805,1.0851,1.0789
2020-05-16,1.0815,1.0805,1.0851,1.0789
2020-05-17,1.0815,1.0805,1.0851,1.0789
2020-05-18,1.0912,1.0816,1.0927,1.0799
2020-05-19,1.0921,1.0913,1.0977,1.0901
2020-05-20,1.0977,1.0928,1.1,1.0918
2020-05-21,1.0949,1.0979,1.101,1.0936
2020-05-22,1.09,1.0949,1.0961,1.0885
2020-05-23,1.09,1.0949,1.0961,1.0885
2020-05-24,1.09,1.0949,1.0961,1.0885
2020-05-25,1.0899,1.0903,1.0915,1.087
2020-05-26,1.098,1.0899,1.0997,1.0891
2020-05-27,1.1003,1.0983,1.1032,1.0934
2020-05-28,1.1076,1.1005,1.1094,1.0991
2020-05-29,1.1098,1.1078,1.1146,1.107
2020-05-30,1.1098,1.1078,1.1146,1.107
2020-05-31,1.1098,1.1078,1.1146,1.107
2020-06-01,1.1134,1.1097,1.1155,1.1095
2020-06-02,1.1169,1.1137,1.1197,1.1114
2020-06-03,1.1232,1.1172,1.1257,1.1166
2020-06-04,1.1336,1.1234,1.1363,1.1194
2020-06-05,1.1284,1.1337,1.1385,1.1278
2020-06-06,1.1284,1.1337,1.1385,1.1278
2020-06-07,1.1284,1.1337,1.1385,1.1278
2020-06-08,1.1292,1.1289,1.1321,1.1267
2020-06-09,1.134,1.1297,1.1365,1.1241
2020-06-10,1.1369,1.134,1.1423,1.1322
2020-06-11,1.1297,1.1373,1.1404,1.1287
2020-06-12,1.1254,1.1299,1.1341,1.1212
2020-06-13,1.1254,1.1299,1.1341,1.1212
2020-06-14,1.1254,1.1299,1.1341,1.1212
2020-06-15,1.1322,1.1245,1.1334,1.1226
2020-06-16,1.1263,1.1325,1.1353,1.1228
2020-06-17,1.1243,1.1264,1.1295,1.1207
2020-06-18,1.1202,1.1244,1.1264,1.1185
2020-06-19,1.1175,1.1205,1.1255,1.1168
2020-06-20,1.1175,1.1205,1.1255,1.1168
2020-06-21,1.1175,1.1205,1.1255,1.1168
2020-06-22,1.1258,1.1185,1.1271,1.1168
2020-06-23,1.1306,1.1259,1.135,1.1233
2020-06-24,1.125,1.1308,1.1327,1.1248
2020-06-25,1.1217,1.1251,1.1261,1.119
2020-06-26,1.1217,1.1218,1.1241,1.1194
2020-06-27,1.1217,1.1218,1.1241,1.1194
2020-06-28,1.1217,1.1218,1.1241,1.1194
2020-06-29,1.124,1.1227,1.1289,1.1216
2020-06-30,1.1231,1.1242,1.1263,1.1191
2020-07-01,1.125,1.1233,1.1276,1.1185
2020-07-02,1.1238,1.1252,1.1303,1.1222
2020-07-03,1.1248,1.1239,1.1254,1.1219
2020-07-04,1.1248,1.1239,1.1254,1.1219
2020-07-05,1.1248,1.1239,1.1254,1.1219
2020-07-06,1.1308,1.1242,1.1346,1.124
2020-07-07,1.127,1.1308,1.1334,1.1258
2020-07-08,1.1329,1.1273,1.1352,1.1262
2020-07-09,1.1281,1.1329,1.1372,1.1279
2020-07-10,1.1298,1.1285,1.1326,1.1255
2020-07-11,1.1298,1.1285,1.1326,1.1255
2020-07-12,1.1298,1.1285,1.1326,1.1255
2020-07-13,1.134,1.13,1.1375,1.1297
2020-07-14,1.1396,1.1343,1.1409,1.1324
2020-07-15,1.141,1.14,1.1452,1.1391
2020-07-16,1.1383,1.1411,1.1443,1.137
2020-07-17,1.1426,1.1384,1.1444,1.1377
2020-07-18,1.1426,1.1384,1.1444,1.1377
2020-07-19,1.1426,1.1384,1.1444,1.1377
2020-07-20,1.1444,1.141,1.1468,1.1401
2020-07-21,1.1526,1.1447,1.154,1.1422
2020-07-22,1.1568,1.1528,1.1602,1.1507
2020-07-23,1.1594,1.1575,1.1628,1.1539
2020-07-24,1.1654,1.1597,1.1659,1.158
2020-07-25,1.1654,1.1597,1.1659,1.158
2020-07-26,1.1654,1.1597,1.1659,1.158
2020-07-27,1.1751,1.1646,1.1782,1.1637
2020-07-28,1.1714,1.1753,1.1774,1.1698
2020-07-29,1.179,1.1718,1.1807,1.1714
2020-07-30,1.1846,1.1788,1.1849,1.1731
2020-07-31,1.1774,1.1846,1.191,1.176
2020-08-01,1.1774,1.1846,1.191,1.176
2020-08-02,1.1774,1.1846,1.191,1.176
2020-08-03,1.1761,1.1783,1.1797,1.1696
2020-08-04,1.18,1.1765,1.1807,1.172
2020-08-05,1.1861,1.1802,1.1906,1.1793
2020-08-06,1.1875,1.1863,1.1917,1.1818
2020-08-07,1.1786,1.1877,1.1884,1.1755
2020-08-08,1.1786,1.1877,1.1884,1.1755
2020-08-09,1.1786,1.1877,1.1884,1.1755
2020-08-10,1.1736,1.1788,1.1803,1.1736
2020-08-11,1.1739,1.1738,1.1808,1.1722
2020-08-12,1.1782,1.174,1.1816,1.171
2020-08-13,1.1812,1.1786,1.1865,1.1781
2020-08-14,1.1841,1.1815,1.1852,1.1782
2020-08-15,1.1841,1.1815,1.1852,1.1782
2020-08-16,1.1841,1.1815,1.1852,1.1782
2020-08-17,1.1869,1.184,1.1882,1.1829
2020-08-18,1.1929,1.187,1.1967,1.1865
2020-08-19,1.1836,1.1931,1.1954,1.183
2020-08-20,1.1859,1.1839,1.1869,1.1802
2020-08-21,1.1795,1.186,1.1883,1.1754
2020-08-22,1.1795,1.186,1.1883,1.1754
2020-08-23,1.1795,1.186,1.1883,1.1754
2020-08-24,1.1787,1.1787,1.1851,1.1783
2020-08-25,1.1833,1.1793,1.1845,1.1783
2020-08-26,1.1829,1.1834,1.1841,1.1772
2020-08-27,1.1821,1.1831,1.1902,1.1762
2020-08-28,1.1903,1.1822,1.192,1.181
2020-08-29,1.1903,1.1822,1.192,1.181
2020-08-30,1.1903,1.1822,1.192,1.181
2020-08-31,1.1936,1.1899,1.1967,1.1883
2020-09-01,1.191,1.1936,1.2012,1.1901
2020-09-02,1.1853,1.1911,1.1931,1.1822
2020-09-03,1.1849,1.1852,1.1866,1.1789
2020-09-04,1.1838,1.185,1.1866,1.1781
2020-09-05,1.1838,1.185,1.1866,1.1781
2020-09-06,1.1838,1.185,1.1866,1.1781
2020-09-07,1.1817,1.1833,1.1849,1.1811
2020-09-08,1.1779,1.1817,1.1829,1.1765
2020-09-09,1.1802,1.1777,1.1834,1.1753
2020-09-10,1.1813,1.1801,1.1918,1.18
2020-09-11,1.1845,1.1814,1.1875,1.1812
2020-09-12,1.1845,1.1814,1.1875,1.1812
2020-09-13,1.1845,1.1814,1.1875,1.1812
2020-09-14,1.1868,1.184,1.1889,1.183
2020-09-15,1.1845,1.1865,1.1901,1.1839
2020-09-16,1.1814,1.185,1.1883,1.1787
2020-09-17,1.1847,1.1816,1.1854,1.1737
2020-09-18,1.1837,1.1848,1.1871,1.1826
2020-09-19,1.1837,1.1848,1.1871,1.1826
2020-09-20,1.1837,1.1848,1.1871,1.1826
2020-09-21,1.1769,1.1848,1.1873,1.1731
2020-09-22,1.1706,1.177,1.1774,1.1691
2020-09-23,1.1659,1.1708,1.1719,1.1651
2020-09-24,1.1672,1.166,1.1688,1.1626
2020-09-25,1.163,1.1671,1.1686,1.1612
2020-09-26,1.163,1.1671,1.1686,1.1612
2020-09-27,1.163,1.1671,1.1686,1.1612
2020-09-28,1.1664,1.1638,1.1679,1.1615
2020-09-29,1.1742,1.1666,1.1746,1.166
2020-09-30,1.1718,1.1743,1.1756,1.1684
2020-10-01,1.1747,1.1719,1.177,1.1717
2020-10-02,1.1713,1.1748,1.1751,1.1695
2020-10-03,1.1713,1.1748,1.1751,1.1695
2020-10-04,1.1713,1.1748,1.1751,1.1695
2020-10-05,1.1781,1.1716,1.1798,1.1707
2020-10-06,1.1734,1.1782,1.1809,1.1731
2020-10-07,1.176,1.1735,1.1783,1.1724
2020-10-08,1.1758,1.1762,1.1782,1.1732
2020-10-09,1.1824,1.1759,1.1832,1.1753
2020-10-10,1.1824,1.1759,1.1832,1.1753
2020-10-11,1.1824,1.1759,1.1832,1.1753
2020-10-12,1.1813,1.1819,1.1827,1.1786
2020-10-13,1.1744,1.1813,1.1817,1.1731
2020-10-14,1.1746,1.1746,1.1772,1.1719
2020-10-15,1.1706,1.1747,1.176,1.1688
2020-10-16,1.1718,1.1708,1.1746,1.1694
2020-10-17,1.1718,1.1708,1.1746,1.1694
2020-10-18,1.1718,1.1708,1.1746,1.1694
2020-10-19,1.1766,1.1722,1.1795,1.1703
2020-10-20,1.1821,1.1769,1.1841,1.176
2020-10-21,1.1861,1.1822,1.1882,1.1821
2020-10-22,1.1816,1.1862,1.1868,1.1811
2020-10-23,1.1859,1.1819,1.1866,1.1787
2020-10-24,1.1859,1.1819,1.1866,1.1787
2020-10-25,1.1859,1.1819,1.1866,1.1787
2020-10-26,1.1808,1.1858,1.1861,1.1803
2020-10-27,1.1795,1.181,1.1839,1.1793
2020-10-28,1.1744,1.1796,1.1798,1.1717
2020-10-29,1.1674,1.1746,1.176,1.165
2020-10-30,1.1647,1.1674,1.1705,1.1639
2020-10-31,1.1647,1.1674,1.1705,1.1639
2020-11-01,1.1647,1.1674,1.1705,1.1639
2020-11-02,1.164,1.1658,1.1658,1.1622
2020-11-03,1.1711,1.164,1.174,1.1633
2020-11-04,1.1722,1.1715,1.177,1.1603
2020-11-05,1.1821,1.1725,1.1861,1.171
2020-11-06,1.1872,1.1826,1.1891,1.1795
2020-11-07,1.1872,1.1826,1.1891,1.1795
2020-11-08,1.1872,1.1826,1.1891,1.1795
2020-11-09,1.1813,1.1882,1.192,1.1795
2020-11-10,1.1814,1.1812,1.1844,1.178
2020-11-11,1.1777,1.181,1.1834,1.1745
2020-11-12,1.1804,1.1777,1.1824,1.1758
2020-11-13,1.1832,1.1805,1.1838,1.1798
2020-11-14,1.1832,1.1805,1.1838,1.1798
2020-11-15,1.1832,1.1805,1.1838,1.1798
2020-11-16,1.1853,1.1829,1.1869,1.1813
2020-11-17,1.1861,1.1852,1.1895,1.1842
2020-11-18,1.1852,1.1863,1.1892,1.1848
2020-11-19,1.1873,1.1853,1.1883,1.1816
2020-11-20,1.1853,1.1875,1.1891,1.1849
2020-11-21,1.1853,1.1875,1.1891,1.1849
2020-11-22,1.1853,1.1875,1.1891,1.1849
2020-11-23,1.184,1.1853,1.1906,1.18
2020-11-24,1.1888,1.1842,1.1897,1.1837
2020-11-25,1.1913,1.1891,1.1931,1.1882
2020-11-26,1.1913,1.1916,1.1941,1.1884
2020-11-27,1.1962,1.1914,1.1965,1.1907
2020-11-28,1.1962,1.1914,1.1965,1.1907
2020-11-29,1.1962,1.1914,1.1965,1.1907
2020-11-30,1.1928,1.1957,1.2004,1.1924
2020-12-01,1.207,1.1928,1.2077,1.1926
2020-12-02,1.2115,1.207,1.2119,1.204
2020-12-03,1.214,1.2115,1.2177,1.21
2020-12-04,1.212,1.2142,1.2178,1.211
2020-12-05,1.212,1.2142,1.2178,1.211
2020-12-06,1.212,1.2142,1.2178,1.211
2020-12-07,1.2108,1.2128,1.2167,1.2078
2020-12-08,1.2101,1.2109,1.2134,1.2095
2020-12-09,1.2081,1.2103,1.2148,1.2059
2020-12-10,1.2136,1.2083,1.216,1.2075
2020-12-11,1.2111,1.2137,1.2163,1.2105
2020-12-12,1.2111,1.2137,1.2163,1.2105
2020-12-13,1.2111,1.2137,1.2163,1.2105
2020-12-14,1.2143,1.2131,1.2177,1.2115
2020-12-15,1.2151,1.2143,1.217,1.2121
2020-12-16,1.2197,1.2152,1.2213,1.2125
2020-12-17,1.2266,1.2199,1.2274,1.2191
2020-12-18,1.2255,1.2268,1.2273,1.2225
2020-12-19,1.2255,1.2268,1.2273,1.2225
2020-12-20,1.2255,1.2268,1.2273,1.2225
2020-12-21,1.2242,1.2242,1.2254,1.2129
2020-12-22,1.2161,1.2244,1.2257,1.2151
2020-12-23,1.2185,1.2163,1.2221,1.2154
2020-12-24,1.2186,1.2188,1.2217,1.2177
2020-12-25,1.2204,1.2186,1.2212,1.2165
2020-12-26,1.2204,1.2186,1.2212,1.2165
2020-12-27,1.2204,1.2186,1.2212,1.2165
2020-12-28,1.2214,1.2202,1.2251,1.2181
2020-12-29,1.2247,1.2217,1.2276,1.2207
2020-12-30,1.2295,1.2248,1.2311,1.2246
2020-12-31,1.2213,1.2298,1.231,1.2209
2021-01-01,1.2212,1.2216,1.2217,1.221
2021-01-02,1.2212,1.2216,1.2217,1.221
2021-01-03,1.2212,1.2216,1.2217,1.221
2021-01-04,1.2248,1.2231,1.231,1.2223
2021-01-05,1.2294,1.2247,1.2307,1.2246
2021-01-06,1.2325,1.2296,1.235,1.2265
2021-01-07,1.227,1.2327,1.2346,1.2244
2021-01-08,1.2218,1.2273,1.2284,1.2191
2021-01-09,1.2218,1.2273,1.2284,1.2191
2021-01-10,1.2218,1.2273,1.2284,1.2191
2021-01-11,1.2149,1.2217,1.2227,1.2132
2021-01-12,1.2207,1.2152,1.2211,1.2136
2021-01-13,1.2157,1.2208,1.2224,1.214
2021-01-14,1.2156,1.2157,1.2179,1.2111
2021-01-15,1.2078,1.2155,1.2163,1.2074
2021-01-16,1.2078,1.2155,1.2163,1.2074
2021-01-17,1.2078,1.2155,1.2163,1.2074
2021-01-18,1.2076,1.2085,1.2091,1.2054
2021-01-19,1.2128,1.2078,1.2146,1.2074
2021-01-20,1.2104,1.2127,1.2158,1.2076
2021-01-21,1.2162,1.2106,1.2175,1.2103
2021-01-22,1.2167,1.2164,1.2191,1.2151
2021-01-23,1.2167,1.2164,1.2191,1.2151
2021-01-24,1.2167,1.2164,1.2191,1.2151
2021-01-25,1.2137,1.2168,1.2184,1.2115
2021-01-26,1.216,1.2138,1.2177,1.2107
2021-01-27,1.2108,1.216,1.217,1.2057
2021-01-28,1.2121,1.2109,1.2142,1.2079
2021-01-29,1.2136,1.2121,1.2156,1.2093
2021-01-30,1.2136,1.2121,1.2156,1.2093
2021-01-31,1.2136,1.2121,1.2156,1.2093
2021-02-01,1.2059,1.214,1.2146,1.2054
2021-02-02,1.2042,1.2059,1.2089,1.2011
2021-02-03,1.2034,1.2044,1.205,1.2003
2021-02-04,1.1962,1.2033,1.2043,1.1957
2021-02-05,1.2042,1.1964,1.205,1.1952
2021-02-06,1.2042,1.1964,1.205,1.1952
2021-02-07,1.2042,1.1964,1.205,1.1952
2021-02-08,1.2048,1.2042,1.2067,1.2019
2021-02-09,1.2117,1.2048,1.2122,1.2045
2021-02-10,1.2116,1.2119,1.2145,1.2108
2021-02-11,1.2128,1.2118,1.215,1.2112
2021-02-12,1.2118,1.213,1.2135,1.2081
2021-02-13,1.2118,1.213,1.2135,1.2081
2021-02-14,1.2118,1.213,1.2135,1.2081
2021-02-15,1.2127,1.2123,1.2146,1.2116
2021-02-16,1.2104,1.213,1.217,1.2095
2021-02-17,1.2036,1.2107,1.2111,1.2023
2021-02-18,1.2088,1.2037,1.2096,1.2035
2021-02-19,1.2117,1.2091,1.2145,1.2082
2021-02-20,1.2117,1.2091,1.2145,1.2082
2021-02-21,1.2117,1.2091,1.2145,1.2082
2021-02-22,1.2154,1.2117,1.217,1.2091
2021-02-23,1.2149,1.2155,1.2181,1.2135
2021-02-24,1.2164,1.215,1.2176,1.2109
2021-02-25,1.2176,1.2163,1.2243,1.2155
2021-02-26,1.2074,1.2176,1.2185,1.2062
2021-02-27,1.2074,1.2176,1.2185,1.2062
2021-02-28,1.2074,1.2176,1.2185,1.2062
2021-03-01,1.2047,1.2079,1.2102,1.2027
2021-03-02,1.2089,1.2049,1.2095,1.1991
2021-03-03,1.2062,1.2091,1.2113,1.2042
2021-03-04,1.1966,1.2063,1.2068,1.1961
2021-03-05,1.1917,1.1968,1.1978,1.1894
2021-03-06,1.1917,1.1968,1.1978,1.1894
2021-03-07,1.1917,1.1968,1.1978,1.1894
2021-03-08,1.1843,1.1922,1.1933,1.1844
2021-03-09,1.1898,1.1847,1.1917,1.1835
2021-03-10,1.1925,1.19,1.1931,1.1868
2021-03-11,1.1984,1.1928,1.199,1.1916
2021-03-12,1.1952,1.1983,1.199,1.191
2021-03-13,1.1952,1.1983,1.199,1.191
2021-03-14,1.1952,1.1983,1.199,1.191
2021-03-15,1.1928,1.1952,1.1968,1.1911
2021-03-16,1.19,1.1929,1.1953,1.1882
2021-03-17,1.1978,1.1906,1.1986,1.1885
2021-03-18,1.1915,1.1979,1.199,1.1906
2021-03-19,1.1903,1.1915,1.1939,1.1874
2021-03-20,1.1903,1.1915,1.1939,1.1874
2021-03-21,1.1903,1.1915,1.1939,1.1874
2021-03-22,1.1931,1.1899,1.1947,1.1871
2021-03-23,1.1849,1.1935,1.1941,1.1841
2021-03-24,1.1812,1.1851,1.1854,1.1809
2021-03-25,1.1764,1.1813,1.1829,1.1761
2021-03-26,1.1796,1.1763,1.1805,1.1763
2021-03-27,1.1796,1.1763,1.1805,1.1763
2021-03-28,1.1796,1.1763,1.1805,1.1763
2021-03-29,1.1762,1.1795,1.1797,1.176
2021-03-30,1.1714,1.1764,1.1774,1.1711
2021-03-31,1.1728,1.1716,1.176,1.1703
2021-04-01,1.1775,1.1731,1.1781,1.1712
2021-04-02,1.1762,1.1777,1.1788,1.1748
2021-04-03,1.1762,1.1777,1.1788,1.1748
2021-04-04,1.1762,1.1777,1.1788,1.1748
2021-04-05,1.1811,1.1761,1.182,1.1738
2021-04-06,1.1875,1.1814,1.1878,1.1795
2021-04-07,1.187,1.1875,1.1916,1.1861
2021-04-08,1.1912,1.1867,1.1928,1.1861
2021-04-09,1.1896,1.1913,1.1921,1.1867
2021-04-10,1.1896,1.1913,1.1921,1.1867
2021-04-11,1.1896,1.1913,1.1921,1.1867
2021-04-12,1.1909,1.1891,1.192,1.187
2021-04-13,1.1946,1.1911,1.1956,1.1878
2021-04-14,1.1978,1.1948,1.1988,1.1947
2021-04-15,1.1965,1.198,1.1995,1.1955
2021-04-16,1.1983,1.1967,1.1996,1.195
2021-04-17,1.1983,1.1967,1.1996,1.195
2021-04-18,1.1983,1.1967,1.1996,1.195
2021-04-19,1.2033,1.1984,1.2049,1.1942
2021-04-20,1.2033,1.2036,1.2081,1.2022
2021-04-21,1.2033,1.2037,1.2045,1.1998
2021-04-22,1.2015,1.2035,1.207,1.1993
2021-04-23,1.2099,1.2015,1.21,1.2012
2021-04-24,1.2099,1.2015,1.21,1.2012
2021-04-25,1.2099,1.2015,1.21,1.2012
2021-04-26,1.2083,1.2093,1.2118,1.2061
2021-04-27,1.209,1.2086,1.2093,1.2056
2021-04-28,1.2123,1.2091,1.2135,1.2055
2021-04-29,1.2118,1.2126,1.215,1.2102
2021-04-30,1.2018,1.2116,1.2127,1.2016
2021-05-01,1.2018,1.2116,1.2127,1.2016
2021-05-02,1.2018,1.2116,1.2127,1.2016
2021-05-03,1.2061,1.2031,1.2076,1.2012
2021-05-04,1.2013,1.2064,1.2066,1.1998
2021-05-05,1.2005,1.2013,1.2027,1.1985
2021-05-06,1.2064,1.2005,1.2072,1.1992
2021-05-07,1.2163,1.2066,1.2172,1.2053
2021-05-08,1.2163,1.2066,1.2172,1.2053
2021-05-09,1.2163,1.2066,1.2172,1.2053
2021-05-10,1.2129,1.2161,1.2178,1.2127
2021-05-11,1.2146,1.2129,1.2182,1.2122
2021-05-12,1.2069,1.2148,1.2153,1.2065
2021-05-13,1.2078,1.2073,1.2108,1.205
2021-05-14,1.214,1.208,1.215,1.207
2021-05-15,1.214,1.208,1.215,1.207
2021-05-16,1.214,1.208,1.215,1.207
2021-05-17,1.2151,1.214,1.217,1.2126
2021-05-18,1.222,1.2153,1.2234,1.2151
2021-05-19,1.2172,1.2222,1.2246,1.216
2021-05-20,1.2226,1.2171,1.223,1.2169
2021-05-21,1.2179,1.2228,1.2241,1.2161
2021-05-22,1.2179,1.2228,1.2241,1.2161
2021-05-23,1.2179,1.2228,1.2241,1.2161
2021-05-24,1.2215,1.2178,1.223,1.2172
2021-05-25,1.225,1.2217,1.2267,1.2211
2021-05-26,1.219,1.2251,1.2263,1.2182
2021-05-27,1.2192,1.2192,1.2216,1.2175
2021-05-28,1.2189,1.2195,1.2205,1.2132
2021-05-29,1.2189,1.2195,1.2205,1.2132
2021-05-30,1.2189,1.2195,1.2205,1.2132
2021-05-31,1.2225,1.2192,1.2233,1.2183
2021-06-01,1.2211,1.2227,1.2255,1.2211
2021-06-02,1.2209,1.2214,1.2227,1.2163
2021-06-03,1.2124,1.221,1.2217,1.2118
2021-06-04,1.2165,1.2129,1.2186,1.2104
2021-06-05,1.2165,1.2129,1.2186,1.2104
2021-06-06,1.2165,1.2129,1.2186,1.2104
2021-06-07,1.2189,1.2168,1.2203,1.2145
2021-06-08,1.2171,1.219,1.2196,1.2163
2021-06-09,1.2178,1.2173,1.2219,1.217
2021-06-10,1.2169,1.2181,1.2195,1.2142
2021-06-11,1.2106,1.217,1.2196,1.2092
2021-06-12,1.2106,1.217,1.2196,1.2092
2021-06-13,1.2106,1.217,1.2196,1.2092
2021-06-14,1.2118,1.211,1.2131,1.2093
2021-06-15,1.2124,1.212,1.2149,1.21
2021-06-16,1.1994,1.2127,1.2135,1.1993
2021-06-17,1.1906,1.1996,1.2007,1.1891
2021-06-18,1.186,1.1908,1.1926,1.1846
2021-06-19,1.186,1.1908,1.1926,1.1846
2021-06-20,1.186,1.1908,1.1926,1.1846
2021-06-21,1.1915,1.1868,1.1922,1.1847
2021-06-22,1.1938,1.1918,1.1954,1.1881
2021-06-23,1.1925,1.1939,1.197,1.1911
2021-06-24,1.193,1.1927,1.1957,1.1918
2021-06-25,1.1933,1.1932,1.1976,1.1925
2021-06-26,1.1933,1.1932,1.1976,1.1925
2021-06-27,1.1933,1.1932,1.1976,1.1925
2021-06-28,1.1924,1.1935,1.1946,1.1902
2021-06-29,1.1895,1.1926,1.1932,1.1877
2021-06-30,1.1855,1.1897,1.191,1.1845
2021-07-01,1.1848,1.1859,1.1885,1.1837
2021-07-02,1.1864,1.1849,1.1875,1.1806
2021-07-03,1.1864,1.1849,1.1875,1.1806
2021-07-04,1.1864,1.1849,1.1875,1.1806
2021-07-05,1.1861,1.1862,1.1882,1.1851
2021-07-06,1.1822,1.1863,1.1896,1.1806
2021-07-07,1.1789,1.1823,1.1839,1.1782
2021-07-08,1.1842,1.1792,1.1868,1.1783
2021-07-09,1.1873,1.1844,1.1882,1.1825
2021-07-10,1.1873,1.1844,1.1882,1.1825
2021-07-11,1.1873,1.1844,1.1882,1.1825
2021-07-12,1.1859,1.1872,1.1881,1.1836
2021-07-13,1.1774,1.1862,1.1876,1.1772
2021-07-14,1.1835,1.1776,1.1839,1.1772
2021-07-15,1.1812,1.1837,1.1852,1.1796
2021-07-16,1.1805,1.1814,1.1823,1.1791
2021-07-17,1.1805,1.1814,1.1823,1.1791
2021-07-18,1.1805,1.1814,1.1823,1.1791
2021-07-19,1.1798,1.1808,1.1825,1.1763
2021-07-20,1.1779,1.1801,1.1805,1.1755
2021-07-21,1.1792,1.1782,1.1805,1.1752
2021-07-22,1.177,1.1793,1.1831,1.1757
2021-07-23,1.1771,1.1769,1.1788,1.1753
2021-07-24,1.1771,1.1769,1.1788,1.1753
2021-07-25,1.1771,1.1769,1.1788,1.1753
2021-07-26,1.1799,1.1778,1.1818,1.1763
2021-07-27,1.1814,1.1804,1.1841,1.1769
2021-07-28,1.1842,1.1817,1.1851,1.1773
2021-07-29,1.1886,1.1845,1.1894,1.184
2021-07-30,1.187,1.1888,1.191,1.1851
2021-07-31,1.187,1.1888,1.191,1.1851
2021-08-01,1.187,1.1888,1.191,1.1851
2021-08-02,1.1867,1.1864,1.1897,1.1858
2021-08-03,1.186,1.1868,1.1894,1.1853
2021-08-04,1.1835,1.1864,1.1901,1.1832
2021-08-05,1.1832,1.1837,1.1858,1.1827
2021-08-06,1.176,1.1834,1.1837,1.1753
2021-08-07,1.176,1.1834,1.1837,1.1753
2021-08-08,1.176,1.1834,1.1837,1.1753
2021-08-09,1.1737,1.1762,1.1769,1.1734
2021-08-10,1.1718,1.1738,1.1744,1.171
2021-08-11,1.1737,1.172,1.1753,1.1705
2021-08-12,1.1727,1.1738,1.1749,1.1724
2021-08-13,1.1791,1.173,1.1805,1.1727
2021-08-14,1.1791,1.173,1.1805,1.1727
2021-08-15,1.1791,1.173,1.1805,1.1727
2021-08-16,1.1777,1.1794,1.1802,1.1767
2021-08-17,1.1708,1.1776,1.1786,1.1708
2021-08-18,1.171,1.171,1.1743,1.1694
2021-08-19,1.1674,1.1711,1.1717,1.1666
2021-08-20,1.1696,1.1675,1.1705,1.1664
2021-08-21,1.1696,1.1675,1.1705,1.1664
2021-08-22,1.1696,1.1675,1.1705,1.1664
2021-08-23,1.1743,1.1694,1.1751,1.1691
2021-08-24,1.1753,1.1746,1.1766,1.1726
2021-08-25,1.177,1.1754,1.1775,1.1725
2021-08-26,1.175,1.1772,1.1781,1.1746
2021-08-27,1.1793,1.1752,1.1803,1.1734
2021-08-28,1.1793,1.1752,1.1803,1.1734
2021-08-29,1.1793,1.1752,1.1803,1.1734
2021-08-30,1.1795,1.1793,1.181,1.1782
2021-08-31,1.1807,1.1797,1.1848,1.1795
2021-09-01,1.1837,1.181,1.1858,1.1793
2021-09-02,1.1873,1.1839,1.1877,1.1834
2021-09-03,1.1882,1.1875,1.191,1.1866
2021-09-04,1.1882,1.1875,1.191,1.1866
2021-09-05,1.1882,1.1875,1.191,1.1866
2021-09-06,1.1868,1.1879,1.1888,1.1855
2021-09-07,1.1839,1.187,1.1885,1.1837
2021-09-08,1.1813,1.184,1.1852,1.1802
2021-09-09,1.1825,1.1817,1.1842,1.1804
2021-09-10,1.1814,1.1826,1.1852,1.1809
2021-09-11,1.1814,1.1826,1.1852,1.1809
2021-09-12,1.1814,1.1826,1.1852,1.1809
2021-09-13,1.1808,1.1813,1.1818,1.1769
2021-09-14,1.1802,1.1812,1.1846,1.1799
2021-09-15,1.1815,1.1806,1.1833,1.1798
2021-09-16,1.1764,1.1816,1.1822,1.1751
2021-09-17,1.1725,1.1762,1.1789,1.1724
2021-09-18,1.1725,1.1762,1.1789,1.1724
2021-09-19,1.1725,1.1762,1.1789,1.1724
2021-09-20,1.1725,1.1732,1.1737,1.17
2021-09-21,1.1723,1.1726,1.1751,1.1715
2021-09-22,1.1686,1.1726,1.1757,1.1683
2021-09-23,1.1736,1.1686,1.1751,1.1683
2021-09-24,1.1714,1.1738,1.1748,1.17
2021-09-25,1.1714,1.1738,1.1748,1.17
2021-09-26,1.1714,1.1738,1.1748,1.17
2021-09-27,1.1694,1.1724,1.1728,1.1684
2021-09-28,1.1681,1.1696,1.1704,1.1667
2021-09-29,1.1595,1.1683,1.1691,1.1589
2021-09-30,1.1581,1.1596,1.1611,1.1562
2021-10-01,1.1594,1.1582,1.1608,1.1563
2021-10-02,1.1594,1.1582,1.1608,1.1563
2021-10-03,1.1594,1.1582,1.1608,1.1563
2021-10-04,1.1621,1.1593,1.1641,1.1587
2021-10-05,1.1596,1.1623,1.1623,1.158
2021-10-06,1.1556,1.1603,1.1605,1.1529
2021-10-07,1.155,1.1556,1.1573,1.1547
2021-10-08,1.1567,1.1551,1.1586,1.154
2021-10-09,1.1567,1.1551,1.1586,1.154
2021-10-10,1.1567,1.1551,1.1586,1.154
2021-10-11,1.1551,1.1571,1.1588,1.1549
2021-10-12,1.1527,1.1555,1.1571,1.1524
2021-10-13,1.1592,1.1528,1.1598,1.1527
2021-10-14,1.1594,1.1593,1.1625,1.1583
2021-10-15,1.16,1.1599,1.1621,1.1588
2021-10-16,1.16,1.1599,1.1621,1.1588
2021-10-17,1.16,1.1599,1.1621,1.1588
2021-10-18,1.1609,1.1597,1.1624,1.1571
2021-10-19,1.1632,1.1611,1.167,1.1608
2021-10-20,1.1649,1.1634,1.1659,1.1616
2021-10-21,1.1621,1.165,1.1668,1.1619
2021-10-22,1.1647,1.1623,1.1656,1.1621
2021-10-23,1.1647,1.1623,1.1656,1.1621
2021-10-24,1.1647,1.1623,1.1656,1.1621
2021-10-25,1.1606,1.1644,1.1666,1.159
2021-10-26,1.1595,1.1607,1.1626,1.1585
2021-10-27,1.1604,1.1597,1.1626,1.1585
2021-10-28,1.1679,1.1605,1.1693,1.1581
2021-10-29,1.1561,1.168,1.169,1.1535
2021-10-30,1.1561,1.168,1.169,1.1535
2021-10-31,1.1561,1.168,1.169,1.1535
2021-11-01,1.1606,1.1559,1.161,1.1545
2021-11-02,1.1577,1.1605,1.1615,1.1574
2021-11-03,1.161,1.1579,1.1617,1.1561
2021-11-04,1.1552,1.1611,1.1617,1.1528
2021-11-05,1.1566,1.1553,1.1574,1.1513
2021-11-06,1.1566,1.1553,1.1574,1.1513
2021-11-07,1.1566,1.1553,1.1574,1.1513
2021-11-08,1.1586,1.1555,1.1595,1.155
2021-11-09,1.1591,1.1588,1.1609,1.1569
2021-11-10,1.1478,1.1593,1.1596,1.1475
2021-11-11,1.145,1.1482,1.1488,1.1443
2021-11-12,1.145,1.1454,1.1463,1.1432
2021-11-13,1.145,1.1454,1.1463,1.1432
2021-11-14,1.145,1.1454,1.1463,1.1432
2021-11-15,1.1367,1.1452,1.1465,1.1356
2021-11-16,1.1319,1.1368,1.1386,1.1309
2021-11-17,1.1319,1.1321,1.1333,1.1264
2021-11-18,1.1369,1.1319,1.1375,1.1314
2021-11-19,1.1288,1.1371,1.1374,1.125
2021-11-20,1.1288,1.1371,1.1374,1.125
2021-11-21,1.1288,1.1371,1.1374,1.125
2021-11-22,1.1234,1.1292,1.1293,1.123
2021-11-23,1.1246,1.1237,1.1276,1.1226
2021-11-24,1.1197,1.1248,1.1256,1.1185
2021-11-25,1.1206,1.1198,1.1231,1.1198
2021-11-26,1.1317,1.1209,1.1331,1.1205
2021-11-27,1.1317,1.1209,1.1331,1.1205
2021-11-28,1.1317,1.1209,1.1331,1.1205
2021-11-29,1.1291,1.1309,1.1316,1.1258
2021-11-30,1.1336,1.1291,1.1384,1.1236
2021-12-01,1.1319,1.1339,1.136,1.1302
2021-12-02,1.1299,1.132,1.1349,1.1294
2021-12-03,1.1313,1.1301,1.1334,1.1265
2021-12-04,1.1313,1.1301,1.1334,1.1265
2021-12-05,1.1313,1.1301,1.1334,1.1265
2021-12-06,1.1285,1.1321,1.1321,1.1266
2021-12-07,1.1263,1.1287,1.1301,1.1228
2021-12-08,1.1342,1.1267,1.1356,1.1264
2021-12-09,1.1292,1.1342,1.1348,1.1278
2021-12-10,1.1311,1.1293,1.1325,1.1264
2021-12-11,1.1311,1.1293,1.1325,1.1264
2021-12-12,1.1311,1.1293,1.1325,1.1264
2021-12-13,1.1283,1.1316,1.1321,1.1259
2021-12-14,1.1257,1.1285,1.1327,1.1253
2021-12-15,1.1285,1.1259,1.13,1.1221
2021-12-16,1.1328,1.1286,1.1361,1.128
2021-12-17,1.1239,1.133,1.135,1.1235
2021-12-18,1.1239,1.133,1.135,1.1235
2021-12-19,1.1239,1.133,1.135,1.1235
2021-12-20,1.1275,1.1242,1.1305,1.1234
2021-12-21,1.1283,1.1277,1.1303,1.126
2021-12-22,1.1324,1.1279,1.1343,1.1264
2021-12-23,1.1328,1.1325,1.1343,1.1289
2021-12-24,1.1317,1.133,1.1344,1.1303
2021-12-25,1.1317,1.133,1.1344,1.1303
2021-12-26,1.1317,1.133,1.1344,1.1303
2021-12-27,1.1325,1.1318,1.1335,1.1302
2021-12-28,1.1309,1.1329,1.1335,1.1289
2021-12-29,1.1348,1.131,1.137,1.1273
2021-12-30,1.1323,1.1349,1.136,1.1298
2021-12-31,1.1368,1.1324,1.1387,1.1302
2022-01-01,1.1368,1.1324,1.1387,1.1302
2022-01-02,1.1368,1.1324,1.1387,1.1302
2022-01-03,1.1294,1.1365,1.1381,1.1279
2022-01-04,1.1285,1.1298,1.1323,1.1272
2022-01-05,1.1313,1.1287,1.1347,1.1277
2022-01-06,1.1291,1.1314,1.1332,1.1285
2022-01-07,1.1359,1.1293,1.1365,1.1289
2022-01-08,1.1359,1.1293,1.1365,1.1289
2022-01-09,1.1359,1.1293,1.1365,1.1289
2022-01-10,1.1324,1.1353,1.1362,1.1285
2022-01-11,1.1364,1.1325,1.1375,1.1313
2022-01-12,1.1442,1.1366,1.1453,1.1354
2022-01-13,1.1453,1.1443,1.1482,1.1435
2022-01-14,1.1414,1.1454,1.1484,1.1398
2022-01-15,1.1414,1.1454,1.1484,1.1398
2022-01-16,1.1414,1.1454,1.1484,1.1398
2022-01-17,1.1407,1.1414,1.1436,1.1392
2022-01-18,1.1325,1.1408,1.1422,1.1314
2022-01-19,1.1341,1.1321,1.1358,1.1318
2022-01-20,1.131,1.1342,1.137,1.1302
2022-01-21,1.134,1.1312,1.136,1.13
2022-01-22,1.134,1.1312,1.136,1.13
2022-01-23,1.134,1.1312,1.136,1.13
2022-01-24,1.1323,1.1343,1.1346,1.129
2022-01-25,1.1299,1.1324,1.133,1.1263
2022-01-26,1.1237,1.1301,1.1312,1.1235
2022-01-27,1.1143,1.124,1.1244,1.1132
2022-01-28,1.1143,1.1146,1.1174,1.1121
2022-01-29,1.1143,1.1146,1.1174,1.1121
2022-01-30,1.1143,1.1146,1.1174,1.1121
2022-01-31,1.1233,1.1147,1.1249,1.1138
2022-02-01,1.1269,1.1234,1.1279,1.1221
2022-02-02,1.1303,1.127,1.1331,1.1266
2022-02-03,1.1438,1.1306,1.1452,1.1267
2022-02-04,1.1446,1.1439,1.1485,1.1411
2022-02-05,1.1446,1.1439,1.1485,1.1411
2022-02-06,1.1446,1.1439,1.1485,1.1411
2022-02-07,1.1442,1.1468,1.1469,1.1415
2022-02-08,1.1414,1.1443,1.145,1.1395
2022-02-09,1.1422,1.1416,1.1449,1.1402
2022-02-10,1.1427,1.1429,1.1496,1.1374
2022-02-11,1.1349,1.1428,1.1431,1.1329
2022-02-12,1.1349,1.1428,1.1431,1.1329
2022-02-13,1.1349,1.1428,1.1431,1.1329
2022-02-14,1.1305,1.1344,1.137,1.1279
2022-02-15,1.1356,1.1307,1.1369,1.1301
2022-02-16,1.1373,1.136,1.1396,1.1344
2022-02-17,1.136,1.1374,1.1386,1.1322
2022-02-18,1.1321,1.1362,1.1378,1.1314
2022-02-19,1.1321,1.1362,1.1378,1.1314
2022-02-20,1.1321,1.1362,1.1378,1.1314
2022-02-21,1.131,1.1315,1.1391,1.1306
2022-02-22,1.1325,1.1312,1.1367,1.1287
2022-02-23,1.1309,1.1327,1.1359,1.13
2022-02-24,1.1191,1.1313,1.1314,1.1106
2022-02-25,1.1267,1.1192,1.1275,1.1165
2022-02-26,1.1267,1.1192,1.1275,1.1165
2022-02-27,1.1267,1.1192,1.1275,1.1165
2022-02-28,1.1219,1.1179,1.1247,1.1122
2022-03-01,1.1126,1.1218,1.1234,1.109
2022-03-02,1.1121,1.1127,1.1147,1.1057
2022-03-03,1.1064,1.1118,1.1125,1.1033
2022-03-04,1.0926,1.1068,1.1069,1.0886
2022-03-05,1.0926,1.1068,1.1069,1.0886
2022-03-06,1.0926,1.1068,1.1069,1.0886
2022-03-07,1.0852,1.0953,1.0953,1.0805
2022-03-08,1.0899,1.0855,1.096,1.0848
2022-03-09,1.1075,1.0903,1.1096,1.089
2022-03-10,1.0983,1.1075,1.1121,1.0976
2022-03-11,1.0909,1.0984,1.1044,1.0901
2022-03-12,1.0909,1.0984,1.1044,1.0901
2022-03-13,1.0909,1.0984,1.1044,1.0901
2022-03-14,1.0939,1.0943,1.0994,1.09
2022-03-15,1.0951,1.094,1.102,1.0926
2022-03-16,1.1032,1.0956,1.1048,1.0948
2022-03-17,1.1089,1.1036,1.1138,1.1008
2022-03-18,1.1055,1.1091,1.112,1.1003
2022-03-19,1.1055,1.1091,1.112,1.1003
2022-03-20,1.1055,1.1091,1.112,1.1003
2022-03-21,1.1014,1.1059,1.107,1.101
2022-03-22,1.1027,1.1018,1.1047,1.096
2022-03-23,1.1004,1.1027,1.1044,1.0963
2022-03-24,1.0996,1.1004,1.1014,1.0965
2022-03-25,1.0981,1.0994,1.1039,1.0979
2022-03-26,1.0981,1.0994,1.1039,1.0979
2022-03-27,1.0981,1.0994,1.1039,1.0979
2022-03-28,1.0978,1.0989,1.1,1.0944
2022-03-29,1.1085,1.098,1.1137,1.097
2022-03-30,1.1156,1.1087,1.1171,1.1083
2022-03-31,1.1065,1.1158,1.1185,1.1061
2022-04-01,1.1053,1.1065,1.1077,1.1027
2022-04-02,1.1053,1.1065,1.1077,1.1027
2022-04-03,1.1053,1.1065,1.1077,1.1027
2022-04-04,1.097,1.1039,1.1056,1.096
2022-04-05,1.0903,1.0973,1.099,1.0899
2022-04-06,1.0893,1.0906,1.0939,1.0874
2022-04-07,1.0878,1.0893,1.0939,1.0864
2022-04-08,1.0876,1.0879,1.0892,1.0836
2022-04-09,1.0876,1.0879,1.0892,1.0836
2022-04-10,1.0876,1.0879,1.0892,1.0836
2022-04-11,1.0883,1.0935,1.0951,1.0872
2022-04-12,1.0826,1.0882,1.0905,1.0821
2022-04-13,1.0885,1.083,1.0896,1.0809
2022-04-14,1.0827,1.0887,1.0925,1.0757
2022-04-15,1.0806,1.0828,1.0832,1.0796
2022-04-16,1.0806,1.0828,1.0832,1.0796
2022-04-17,1.0806,1.0828,1.0832,1.0796
2022-04-18,1.078,1.0805,1.0822,1.0769
2022-04-19,1.0786,1.0783,1.0815,1.0761
2022-04-20,1.085,1.0788,1.0868,1.0783
2022-04-21,1.0836,1.0853,1.0937,1.0824
2022-04-22,1.0794,1.0838,1.0853,1.077
2022-04-23,1.0794,1.0838,1.0853,1.077
2022-04-24,1.0794,1.0838,1.0853,1.077
2022-04-25,1.0711,1.0841,1.0842,1.0697
2022-04-26,1.0636,1.0713,1.074,1.0635
2022-04-27,1.0555,1.0638,1.0655,1.0513
2022-04-28,1.0494,1.0557,1.0566,1.0471
2022-04-29,1.0541,1.0498,1.0593,1.0491
2022-04-30,1.0541,1.0498,1.0593,1.0491
2022-05-01,1.0541,1.0498,1.0593,1.0491
2022-05-02,1.0504,1.055,1.0569,1.049
2022-05-03,1.052,1.0502,1.0579,1.0491
2022-05-04,1.0621,1.0516,1.0632,1.0505
2022-05-05,1.054,1.0623,1.0642,1.0493
2022-05-06,1.0551,1.0544,1.0601,1.0482
2022-05-07,1.0551,1.0544,1.0601,1.0482
2022-05-08,1.0551,1.0544,1.0601,1.0482
2022-05-09,1.0555,1.0552,1.0594,1.0495
2022-05-10,1.0527,1.0557,1.0586,1.0525
2022-05-11,1.0511,1.0529,1.0577,1.0502
2022-05-12,1.0379,1.0512,1.053,1.0353
2022-05-13,1.0411,1.0379,1.0421,1.035
2022-05-14,1.0411,1.0379,1.0421,1.035
2022-05-15,1.0411,1.0379,1.0421,1.035
2022-05-16,1.0431,1.0405,1.0444,1.0388
2022-05-17,1.0547,1.0434,1.0556,1.0429
2022-05-18,1.0466,1.0549,1.0565,1.046
2022-05-19,1.0586,1.047,1.0608,1.046
2022-05-20,1.056,1.0586,1.0599,1.0532
2022-05-21,1.056,1.0586,1.0599,1.0532
2022-05-22,1.056,1.0586,1.0599,1.0532
2022-05-23,1.0689,1.0572,1.0698,1.0558
2022-05-24,1.0734,1.069,1.0749,1.0661
2022-05-25,1.068,1.0735,1.074,1.0642
2022-05-26,1.0724,1.0684,1.0733,1.0662
2022-05-27,1.0727,1.0726,1.0766,1.0697
2022-05-28,1.0727,1.0726,1.0766,1.0697
2022-05-29,1.0727,1.0726,1.0766,1.0697
2022-05-30,1.0777,1.0737,1.0788,1.0726
2022-05-31,1.0733,1.0778,1.078,1.0678
2022-06-01,1.0646,1.0734,1.0739,1.0626
2022-06-02,1.0745,1.0649,1.0751,1.0645
2022-06-03,1.0718,1.0747,1.0765,1.0704
2022-06-04,1.0718,1.0747,1.0765,1.0704
2022-06-05,1.0718,1.0747,1.0765,1.0704
2022-06-06,1.0694,1.0722,1.0753,1.0683
2022-06-07,1.0699,1.0695,1.0715,1.0652
2022-06-08,1.0714,1.07,1.0749,1.0671
2022-06-09,1.0614,1.0717,1.0775,1.0611
2022-06-10,1.0515,1.0617,1.0644,1.0505
2022-06-11,1.0515,1.0617,1.0644,1.0505
2022-06-12,1.0515,1.0617,1.0644,1.0505
2022-06-13,1.0408,1.0513,1.052,1.04
2022-06-14,1.0414,1.0411,1.0486,1.0396
2022-06-15,1.0443,1.0417,1.0509,1.0359
2022-06-16,1.0547,1.0442,1.0602,1.0381
2022-06-17,1.0498,1.0548,1.056,1.0445
2022-06-18,1.0498,1.0548,1.056,1.0445
2022-06-19,1.0498,1.0548,1.056,1.0445
2022-06-20,1.0509,1.0472,1.0546,1.0472
2022-06-21,1.0525,1.051,1.0583,1.0508
2022-06-22,1.0565,1.0527,1.0606,1.0468
2022-06-23,1.0523,1.0567,1.0582,1.0482
2022-06-24,1.0554,1.0526,1.0572,1.0511
2022-06-25,1.0554,1.0526,1.0572,1.0511
2022-06-26,1.0554,1.0526,1.0572,1.0511
2022-06-27,1.0583,1.0555,1.0616,1.0549
2022-06-28,1.0518,1.0585,1.0607,1.0503
2022-06-29,1.0439,1.0518,1.0537,1.0434
2022-06-30,1.0482,1.0441,1.0489,1.0382
2022-07-01,1.0428,1.0481,1.0487,1.0366
2022-07-02,1.0428,1.0481,1.0487,1.0366
2022-07-03,1.0428,1.0481,1.0487,1.0366
2022-07-04,1.0421,1.0424,1.0464,1.0417
2022-07-05,1.0266,1.0419,1.045,1.0235
2022-07-06,1.0181,1.0268,1.0277,1.0161
2022-07-07,1.0159,1.0181,1.0222,1.0144
2022-07-08,1.0183,1.0159,1.0193,1.0072
2022-07-09,1.0183,1.0159,1.0193,1.0072
2022-07-10,1.0183,1.0159,1.0193,1.0072
2022-07-11,1.0039,1.0173,1.0185,1.0034
2022-07-12,1.0036,1.004,1.0074,0.9999
2022-07-13,1.006,1.004,1.0123,0.9998
2022-07-14,1.0016,1.0061,1.0065,0.9952
2022-07-15,1.0087,1.0018,1.0099,1.0007
2022-07-16,1.0087,1.0018,1.0099,1.0007
2022-07-17,1.0087,1.0018,1.0099,1.0007
2022-07-18,1.0141,1.0085,1.0202,1.0078
2022-07-19,1.0224,1.0143,1.027,1.012
2022-07-20,1.0177,1.0228,1.0274,1.0155
2022-07-21,1.0228,1.0178,1.0279,1.0153
2022-07-22,1.021,1.023,1.0256,1.0129
2022-07-23,1.021,1.023,1.0256,1.0129
2022-07-24,1.021,1.023,1.0256,1.0129
2022-07-25,1.022,1.0212,1.0259,1.0179
2022-07-26,1.0114,1.022,1.0251,1.0107
2022-07-27,1.0202,1.0116,1.0222,1.0096
2022-07-28,1.0196,1.0198,1.0236,1.0114
2022-07-29,1.0218,1.0196,1.0255,1.0145
2022-07-30,1.0218,1.0196,1.0255,1.0145
2022-07-31,1.0218,1.0196,1.0255,1.0145
2022-08-01,1.0261,1.0218,1.0276,1.0205
2022-08-02,1.0164,1.0261,1.0295,1.0163
2022-08-03,1.0164,1.0166,1.021,1.0122
2022-08-04,1.0243,1.0162,1.0254,1.0154
2022-08-05,1.0181,1.0247,1.0253,1.0141
2022-08-06,1.0181,1.0247,1.0253,1.0141
2022-08-07,1.0181,1.0247,1.0253,1.0141
2022-08-08,1.0195,1.0179,1.0223,1.0158
2022-08-09,1.0211,1.0198,1.0248,1.0188
2022-08-10,1.0297,1.0214,1.0369,1.0201
2022-08-11,1.0317,1.0299,1.0366,1.0275
2022-08-12,1.0258,1.0316,1.0329,1.0237
2022-08-13,1.0258,1.0316,1.0329,1.0237
2022-08-14,1.0258,1.0316,1.0329,1.0237
2022-08-15,1.016,1.0263,1.027,1.0155
2022-08-16,1.017,1.0162,1.0195,1.0122
2022-08-17,1.018,1.017,1.0203,1.0145
2022-08-18,1.0088,1.018,1.0194,1.0079
2022-08-19,1.0034,1.0089,1.0096,1.0031
2022-08-20,1.0034,1.0089,1.0096,1.0031
2022-08-21,1.0034,1.0089,1.0096,1.0031
2022-08-22,0.9941,1.0041,1.0048,0.9926
2022-08-23,0.9967,0.9944,1.0019,0.99
2022-08-24,0.9965,0.997,1.0,0.9909
2022-08-25,0.9974,0.9967,1.0035,0.9948
2022-08-26,0.9961,0.9974,1.0091,0.9947
2022-08-27,0.9961,0.9974,1.0091,0.9947
2022-08-28,0.9961,0.9974,1.0091,0.9947
2022-08-29,0.9995,0.9977,1.0029,0.9913
2022-08-30,1.0012,0.9996,1.0056,0.9981
2022-08-31,1.0057,1.0014,1.0079,0.9971
2022-09-01,0.9944,1.0055,1.0057,0.9911
2022-09-02,0.9951,0.9945,1.0035,0.9942
2022-09-03,0.9951,0.9945,1.0035,0.9942
2022-09-04,0.9951,0.9945,1.0035,0.9942
2022-09-05,0.9926,0.995,0.995,0.9877
2022-09-06,0.9902,0.9927,0.9987,0.9863
2022-09-07,0.9999,0.9904,1.0012,0.9875
2022-09-08,0.9994,1.0002,1.003,0.993
2022-09-09,1.0039,0.9995,1.0114,0.9995
2022-09-10,1.0039,0.9995,1.0114,0.9995
2022-09-11,1.0039,0.9995,1.0114,0.9995
2022-09-12,1.0119,1.008,1.0199,1.0059
2022-09-13,0.997,1.0123,1.0188,0.9966
2022-09-14,0.9977,0.9969,1.0024,0.9955
2022-09-15,0.9999,0.998,1.0019,0.9955
2022-09-16,1.0015,1.0001,1.0037,0.9944
2022-09-17,1.0015,1.0001,1.0037,0.9944
2022-09-18,1.0015,1.0001,1.0037,0.9944
2022-09-19,1.0022,1.0012,1.003,0.9966
2022-09-20,0.997,1.0023,1.0051,0.9955
2022-09-21,0.9837,0.9972,0.9978,0.9813
2022-09-22,0.9836,0.9837,0.9908,0.9808
2022-09-23,0.969,0.9837,0.9852,0.9668
2022-09-24,0.969,0.9837,0.9852,0.9668
2022-09-25,0.969,0.9837,0.9852,0.9668
2022-09-26,0.9606,0.9679,0.9711,0.9567
2022-09-27,0.9592,0.961,0.9671,0.9568
2022-09-28,0.9734,0.9594,0.9751,0.9535
2022-09-29,0.9814,0.9735,0.9816,0.9635
2022-09-30,0.9799,0.9816,0.9855,0.9735
2022-10-01,0.9799,0.9816,0.9855,0.9735
2022-10-02,0.9799,0.9816,0.9855,0.9735
2022-10-03,0.9824,0.98,0.9845,0.9753
2022-10-04,0.9983,0.9826,1.0,0.9805
2022-10-05,0.9882,0.9986,0.9995,0.9834
2022-10-06,0.9788,0.9879,0.9927,0.9787
2022-10-07,0.9741,0.979,0.9818,0.9725
2022-10-08,0.9741,0.979,0.9818,0.9725
2022-10-09,0.9741,0.979,0.9818,0.9725
2022-10-10,0.97,0.9736,0.9754,0.9682
2022-10-11,0.9703,0.97,0.9776,0.9672
2022-10-12,0.9704,0.9708,0.9735,0.9668
2022-10-13,0.9773,0.9702,0.9807,0.9632
2022-10-14,0.9719,0.9778,0.9809,0.9707
2022-10-15,0.9719,0.9778,0.9809,0.9707
2022-10-16,0.9719,0.9778,0.9809,0.9707
2022-10-17,0.9838,0.9726,0.9853,0.9719
2022-10-18,0.9852,0.9838,0.9876,0.9812
2022-10-19,0.9771,0.9858,0.9873,0.9757
2022-10-20,0.9783,0.9773,0.9846,0.9754
2022-10-21,0.986,0.9786,0.9869,0.9704
2022-10-22,0.986,0.9786,0.9869,0.9704
2022-10-23,0.986,0.9786,0.9869,0.9704
2022-10-24,0.9874,0.9867,0.99,0.9807
2022-10-25,0.9964,0.9874,0.9977,0.9848
2022-10-26,1.0077,0.9966,1.0089,0.9943
2022-10-27,0.9962,1.0079,1.0094,0.9957
2022-10-28,0.9963,0.9965,0.9998,0.9926
2022-10-29,0.9963,0.9965,0.9998,0.9926
2022-10-30,0.9963,0.9965,0.9998,0.9926
2022-10-31,0.9883,0.9947,0.9966,0.9872
2022-11-01,0.9874,0.9882,0.9955,0.9852
2022-11-02,0.9817,0.9875,0.9977,0.9812
2022-11-03,0.9751,0.9819,0.984,0.9729
2022-11-04,0.996,0.975,0.9967,0.9742
2022-11-05,0.996,0.975,0.9967,0.9742
2022-11-06,0.996,0.975,0.9967,0.9742
2022-11-07,1.0019,0.9911,1.0035,0.9899
2022-11-08,1.0072,1.0022,1.0097,0.9972
2022-11-09,1.0011,1.0074,1.0089,0.9992
2022-11-10,1.0208,1.0008,1.0223,0.9935
2022-11-11,1.0352,1.0209,1.0365,1.0163
2022-11-12,1.0352,1.0209,1.0365,1.0163
2022-11-13,1.0352,1.0209,1.0365,1.0163
2022-11-14,1.0325,1.0366,1.0368,1.0271
2022-11-15,1.0348,1.0325,1.0481,1.028
2022-11-16,1.0392,1.0349,1.0439,1.033
2022-11-17,1.036,1.0395,1.0408,1.0304
2022-11-18,1.0324,1.0362,1.0396,1.0313
2022-11-19,1.0324,1.0362,1.0396,1.0313
2022-11-20,1.0324,1.0362,1.0396,1.0313
2022-11-21,1.0241,1.0318,1.0334,1.0223
2022-11-22,1.0302,1.0243,1.0309,1.0239
2022-11-23,1.0395,1.0304,1.0405,1.0296
2022-11-24,1.0408,1.0398,1.045,1.0381
2022-11-25,1.0395,1.0409,1.043,1.0354
2022-11-26,1.0395,1.0409,1.043,1.0354
2022-11-27,1.0395,1.0409,1.043,1.0354
2022-11-28,1.0337,1.0382,1.0497,1.033
2022-11-29,1.0327,1.034,1.0395,1.0319
2022-11-30,1.0405,1.0329,1.043,1.0289
2022-12-01,1.0522,1.0407,1.0534,1.0393
2022-12-02,1.0538,1.0524,1.0546,1.0428
2022-12-03,1.0538,1.0524,1.0546,1.0428
2022-12-04,1.0538,1.0524,1.0546,1.0428
2022-12-05,1.0491,1.0517,1.0596,1.048
2022-12-06,1.0469,1.0489,1.0533,1.0459
2022-12-07,1.0505,1.0469,1.0551,1.0443
2022-12-08,1.0556,1.0508,1.0566,1.0489
2022-12-09,1.053,1.0559,1.0589,1.0507
2022-12-10,1.053,1.0559,1.0589,1.0507
2022-12-11,1.053,1.0559,1.0589,1.0507
2022-12-12,1.0535,1.0528,1.0581,1.0506
2022-12-13,1.063,1.0534,1.0674,1.0527
2022-12-14,1.0682,1.0633,1.0696,1.0618
2022-12-15,1.0626,1.0683,1.0737,1.0592
2022-12-16,1.0582,1.0626,1.0663,1.0584
2022-12-17,1.0582,1.0626,1.0663,1.0584
2022-12-18,1.0582,1.0626,1.0663,1.0584
2022-12-19,1.0605,1.0591,1.0659,1.0575
2022-12-20,1.0621,1.0606,1.066,1.0579
2022-12-21,1.0603,1.0625,1.0647,1.0589
2022-12-22,1.0593,1.0607,1.066,1.0573
2022-12-23,1.0614,1.0595,1.0633,1.0586
2022-12-24,1.0614,1.0595,1.0633,1.0586
2022-12-25,1.0614,1.0595,1.0633,1.0586
2022-12-26,1.0635,1.0611,1.0638,1.0604
2022-12-27,1.0638,1.0638,1.067,1.0611
2022-12-28,1.0608,1.0642,1.0675,1.0606
2022-12-29,1.0661,1.0609,1.0691,1.0609
2022-12-30,1.0702,1.0663,1.0714,1.0639
2022-12-31,1.0702,1.0663,1.0714,1.0639
2023-01-01,1.0702,1.0663,1.0714,1.0639
2023-01-02,1.0662,1.0702,1.0708,1.065
2023-01-03,1.0546,1.0663,1.0684,1.0519
2023-01-04,1.0599,1.0552,1.0636,1.054
2023-01-05,1.052,1.0604,1.0632,1.0515
2023-01-06,1.0644,1.0522,1.0648,1.0483
2023-01-07,1.0644,1.0522,1.0648,1.0483
2023-01-08,1.0644,1.0522,1.0648,1.0483
2023-01-09,1.0728,1.0637,1.0761,1.0636
2023-01-10,1.0734,1.0725,1.076,1.0711
2023-01-11,1.0755,1.0736,1.0777,1.0725
2023-01-12,1.0846,1.0757,1.0868,1.073
2023-01-13,1.0828,1.0854,1.0869,1.078
2023-01-14,1.0828,1.0854,1.0869,1.078
2023-01-15,1.0828,1.0854,1.0869,1.078
2023-01-16,1.0816,1.0834,1.0875,1.0801
2023-01-17,1.0788,1.0822,1.087,1.0775
2023-01-18,1.0792,1.079,1.0889,1.0766
2023-01-19,1.0827,1.079,1.0841,1.0782
2023-01-20,1.0855,1.0833,1.086,1.0802
2023-01-21,1.0855,1.0833,1.086,1.0802
2023-01-22,1.0855,1.0833,1.086,1.0802
2023-01-23,1.0868,1.086,1.0927,1.0846
2023-01-24,1.0885,1.0872,1.0898,1.0834
2023-01-25,1.0915,1.0881,1.0925,1.0856
2023-01-26,1.0889,1.0917,1.093,1.0849
2023-01-27,1.0867,1.0892,1.0901,1.0836
2023-01-28,1.0867,1.0892,1.0901,1.0836
2023-01-29,1.0867,1.0892,1.0901,1.0836
2023-01-30,1.0844,1.0875,1.0914,1.0839
2023-01-31,1.0862,1.085,1.0876,1.0802
2023-02-01,1.0989,1.0864,1.1001,1.0852
2023-02-02,1.091,1.099,1.1034,1.0885
2023-02-03,1.0793,1.0909,1.0941,1.0791
2023-02-04,1.0793,1.0909,1.0941,1.0791
2023-02-05,1.0793,1.0909,1.0941,1.0791
2023-02-06,1.073,1.079,1.0799,1.0709
2023-02-07,1.0723,1.0727,1.0768,1.0667
2023-02-08,1.0709,1.0726,1.0761,1.0709
2023-02-09,1.0736,1.0711,1.0793,1.0709
2023-02-10,1.0675,1.0738,1.0754,1.0666
2023-02-11,1.0675,1.0738,1.0754,1.0666
2023-02-12,1.0675,1.0738,1.0754,1.0666
2023-02-13,1.072,1.0679,1.0731,1.0655
2023-02-14,1.0735,1.0723,1.0805,1.0706
2023-02-15,1.0689,1.0738,1.0746,1.066
2023-02-16,1.0668,1.069,1.0723,1.0654
2023-02-17,1.0694,1.0674,1.0699,1.0612
2023-02-18,1.0694,1.0674,1.0699,1.0612
2023-02-19,1.0694,1.0674,1.0699,1.0612
2023-02-20,1.0682,1.0688,1.0705,1.067
2023-02-21,1.0646,1.0686,1.0698,1.0637
2023-02-22,1.0601,1.0648,1.0664,1.0598
2023-02-23,1.0595,1.0603,1.0628,1.0576
2023-02-24,1.0546,1.0597,1.0616,1.0536
2023-02-25,1.0546,1.0597,1.0616,1.0536
2023-02-26,1.0546,1.0597,1.0616,1.0536
2023-02-27,1.0607,1.0541,1.062,1.0532
2023-02-28,1.0576,1.0605,1.0646,1.0574
2023-03-01,1.0665,1.0576,1.0692,1.0565
2023-03-02,1.0596,1.0668,1.0674,1.0575
2023-03-03,1.0632,1.0598,1.0639,1.0587
2023-03-04,1.0632,1.0598,1.0639,1.0587
2023-03-05,1.0632,1.0598,1.0639,1.0587
2023-03-06,1.0678,1.0619,1.0695,1.0615
2023-03-07,1.0547,1.0681,1.0695,1.0546
2023-03-08,1.0544,1.0549,1.0575,1.0524
2023-03-09,1.058,1.0545,1.0591,1.0538
2023-03-10,1.0643,1.058,1.0702,1.0573
2023-03-11,1.0643,1.058,1.0702,1.0573
2023-03-12,1.0643,1.058,1.0702,1.0573
2023-03-13,1.0729,1.0647,1.0749,1.0647
2023-03-14,1.0732,1.0731,1.075,1.0678
2023-03-15,1.0575,1.0733,1.0761,1.0516
2023-03-16,1.0605,1.0577,1.0637,1.055
2023-03-17,1.0666,1.0609,1.0686,1.0605
2023-03-18,1.0666,1.0609,1.0686,1.0605
2023-03-19,1.0666,1.0609,1.0686,1.0605
2023-03-20,1.0719,1.0697,1.0732,1.0631
2023-03-21,1.0767,1.0721,1.0789,1.0704
2023-03-22,1.0855,1.0768,1.0913,1.0759
2023-03-23,1.083,1.0856,1.0931,1.0824
2023-03-24,1.0759,1.0829,1.084,1.0713
2023-03-25,1.0759,1.0829,1.084,1.0713
2023-03-26,1.0759,1.0829,1.084,1.0713
2023-03-27,1.0796,1.0767,1.08,1.0745
2023-03-28,1.0843,1.0797,1.0849,1.0795
2023-03-29,1.0843,1.0844,1.0872,1.0817
2023-03-30,1.0901,1.0844,1.0927,1.0823
2023-03-31,1.0839,1.0906,1.0927,1.0836
2023-04-01,1.0839,1.0906,1.0927,1.0836
2023-04-02,1.0839,1.0906,1.0927,1.0836
2023-04-03,1.0895,1.0847,1.0918,1.0788
2023-04-04,1.0952,1.0901,1.0974,1.0883
2023-04-05,1.0903,1.0953,1.097,1.0891
2023-04-06,1.092,1.0903,1.0939,1.0884
2023-04-07,1.0897,1.0923,1.0926,1.0876
2023-04-08,1.0897,1.0923,1.0926,1.0876
2023-04-09,1.0897,1.0923,1.0926,1.0876
2023-04-10,1.0859,1.0901,1.0918,1.0831
2023-04-11,1.091,1.0863,1.0928,1.0857
2023-04-12,1.0989,1.0913,1.1001,1.0911
2023-04-13,1.1044,1.0992,1.1069,1.0977
2023-04-14,1.1,1.1043,1.1077,1.0972
2023-04-15,1.1,1.1043,1.1077,1.0972
2023-04-16,1.1,1.1043,1.1077,1.0972
2023-04-17,1.0926,1.099,1.1,1.0908
2023-04-18,1.0971,1.0924,1.0984,1.0921
2023-04-19,1.0954,1.0972,1.0984,1.0917
2023-04-20,1.0967,1.0956,1.0991,1.0933
2023-04-21,1.0987,1.097,1.0994,1.0938
2023-04-22,1.0987,1.097,1.0994,1.0938
2023-04-23,1.0987,1.097,1.0994,1.0938
2023-04-24,1.1041,1.0991,1.1051,1.0965
2023-04-25,1.0972,1.1046,1.1068,1.0963
2023-04-26,1.104,1.0972,1.1096,1.0967
2023-04-27,1.1027,1.1042,1.1064,1.0992
2023-04-28,1.102,1.1028,1.1046,1.0962
2023-04-29,1.102,1.1028,1.1046,1.0962
2023-04-30,1.102,1.1028,1.1046,1.0962
2023-05-01,1.0975,1.1035,1.1038,1.0963
2023-05-02,1.0999,1.0973,1.1009,1.0941
2023-05-03,1.1059,1.0999,1.1092,1.0999
2023-05-04,1.1011,1.106,1.1092,1.0985
2023-05-05,1.1017,1.1012,1.1049,1.0967
2023-05-06,1.1017,1.1012,1.1049,1.0967
2023-05-07,1.1017,1.1012,1.1049,1.0967
2023-05-08,1.1004,1.1033,1.1055,1.0999
2023-05-09,1.096,1.1006,1.1006,1.0941
2023-05-10,1.098,1.0961,1.1007,1.0941
2023-05-11,1.0914,1.0981,1.0999,1.0899
2023-05-12,1.0848,1.0916,1.0936,1.0848
2023-05-13,1.0848,1.0916,1.0936,1.0848
2023-05-14,1.0848,1.0916,1.0936,1.0848
2023-05-15,1.0872,1.0856,1.0891,1.0845
2023-05-16,1.0861,1.0874,1.0905,1.0855
2023-05-17,1.0839,1.0862,1.0875,1.081
2023-05-18,1.0769,1.084,1.0848,1.0762
2023-05-19,1.0802,1.0771,1.0829,1.076
2023-05-20,1.0802,1.0771,1.0829,1.076
2023-05-21,1.0802,1.0771,1.0829,1.076
2023-05-22,1.0811,1.0814,1.0832,1.0795
2023-05-23,1.0768,1.0812,1.0821,1.076
2023-05-24,1.0748,1.0775,1.0802,1.0747
2023-05-25,1.0719,1.075,1.0757,1.0707
2023-05-26,1.0724,1.0722,1.076,1.0701
2023-05-27,1.0724,1.0722,1.076,1.0701
2023-05-28,1.0724,1.0722,1.076,1.0701
2023-05-29,1.0705,1.0726,1.0745,1.0705
2023-05-30,1.0733,1.0707,1.0747,1.0672
2023-05-31,1.0688,1.0736,1.0737,1.0634
2023-06-01,1.0761,1.069,1.0769,1.0661
2023-06-02,1.0706,1.0762,1.078,1.0704
2023-06-03,1.0706,1.0762,1.078,1.0704
2023-06-04,1.0706,1.0762,1.078,1.0704
2023-06-05,1.0712,1.0712,1.0724,1.0674
2023-06-06,1.0691,1.0714,1.0733,1.0667
2023-06-07,1.0697,1.0695,1.074,1.0668
2023-06-08,1.0781,1.0699,1.0788,1.0696
2023-06-09,1.0747,1.0782,1.0786,1.0742
2023-06-10,1.0747,1.0782,1.0786,1.0742
2023-06-11,1.0747,1.0782,1.0786,1.0742
2023-06-12,1.0757,1.0751,1.0791,1.0733
2023-06-13,1.0791,1.0755,1.0825,1.0754
2023-06-14,1.0831,1.0792,1.0864,1.0774
2023-06-15,1.0945,1.083,1.0954,1.0803
2023-06-16,1.0933,1.0944,1.0971,1.0918
2023-06-17,1.0933,1.0944,1.0971,1.0918
2023-06-18,1.0933,1.0944,1.0971,1.0918
2023-06-19,1.0922,1.0942,1.0947,1.0906
2023-06-20,1.0916,1.0921,1.0947,1.0892
2023-06-21,1.0984,1.0916,1.0991,1.0905
2023-06-22,1.0956,1.0986,1.1012,1.0948
2023-06-23,1.0889,1.0957,1.096,1.0843
2023-06-24,1.0889,1.0957,1.096,1.0843
2023-06-25,1.0889,1.0957,1.096,1.0843
2023-06-26,1.0904,1.0897,1.0921,1.0887
2023-06-27,1.0959,1.091,1.0977,1.0902
2023-06-28,1.0911,1.0961,1.0963,1.0897
2023-06-29,1.0864,1.0914,1.0942,1.086
2023-06-30,1.091,1.0864,1.0933,1.0834
2023-07-01,1.091,1.0864,1.0933,1.0834
2023-07-02,1.091,1.0864,1.0933,1.0834
2023-07-03,1.0911,1.0911,1.0934,1.087
2023-07-04,1.0877,1.0911,1.0918,1.0876
2023-07-05,1.0851,1.0878,1.0908,1.085
2023-07-06,1.0887,1.0858,1.0901,1.0833
2023-07-07,1.0967,1.0887,1.0975,1.0867
2023-07-08,1.0967,1.0887,1.0975,1.0867
2023-07-09,1.0967,1.0887,1.0975,1.0867
2023-07-10,1.0999,1.0971,1.1003,1.0943
2023-07-11,1.1006,1.1,1.1027,1.0977
2023-07-12,1.1128,1.1008,1.1141,1.1004
2023-07-13,1.1224,1.1131,1.1228,1.1128
2023-07-14,1.1227,1.1227,1.1245,1.1204
2023-07-15,1.1227,1.1227,1.1245,1.1204
2023-07-16,1.1227,1.1227,1.1245,1.1204
2023-07-17,1.1234,1.1235,1.125,1.1203
2023-07-18,1.1226,1.1237,1.1277,1.1208
2023-07-19,1.1198,1.1227,1.1241,1.1174
2023-07-20,1.1128,1.12,1.1229,1.1118
2023-07-21,1.1123,1.1133,1.1145,1.1107
2023-07-22,1.1123,1.1133,1.1145,1.1107
2023-07-23,1.1123,1.1133,1.1145,1.1107
2023-07-24,1.1062,1.1127,1.1148,1.1059
2023-07-25,1.1053,1.1065,1.1087,1.102
2023-07-26,1.1083,1.1053,1.1107,1.1037
2023-07-27,1.0973,1.1081,1.115,1.0965
2023-07-28,1.1015,1.0978,1.1048,1.0943
2023-07-29,1.1015,1.0978,1.1048,1.0943
2023-07-30,1.1015,1.0978,1.1048,1.0943
2023-07-31,1.0993,1.1023,1.1047,1.0993
2023-08-01,1.0982,1.0996,1.1004,1.0951
2023-08-02,1.0936,1.0983,1.102,1.0918
2023-08-03,1.0944,1.0938,1.0963,1.0912
2023-08-04,1.101,1.0946,1.1042,1.0934
2023-08-05,1.101,1.0946,1.1042,1.0934
2023-08-06,1.101,1.0946,1.1042,1.0934
2023-08-07,1.1002,1.1018,1.1019,1.0965
2023-08-08,1.0954,1.1001,1.1012,1.0928
2023-08-09,1.0973,1.0953,1.0996,1.0951
2023-08-10,1.0979,1.0975,1.1065,1.0967
2023-08-11,1.0944,1.0981,1.1006,1.0942
2023-08-12,1.0944,1.0981,1.1006,1.0942
2023-08-13,1.0944,1.0981,1.1006,1.0942
2023-08-14,1.0904,1.0953,1.0961,1.0874
2023-08-15,1.0904,1.0906,1.0954,1.0897
2023-08-16,1.0874,1.0907,1.0935,1.0871
2023-08-17,1.0871,1.0876,1.0919,1.0855
2023-08-18,1.0865,1.0872,1.0895,1.0845
2023-08-19,1.0865,1.0872,1.0895,1.0845
2023-08-20,1.0865,1.0872,1.0895,1.0845
2023-08-21,1.0891,1.0878,1.0914,1.0869
2023-08-22,1.0844,1.0893,1.0932,1.0833
2023-08-23,1.0859,1.0848,1.0872,1.0802
2023-08-24,1.0809,1.0863,1.0877,1.0805
2023-08-25,1.08,1.081,1.0842,1.0766
2023-08-26,1.08,1.081,1.0842,1.0766
2023-08-27,1.08,1.081,1.0842,1.0766
2023-08-28,1.0817,1.0801,1.0823,1.0793
2023-08-29,1.0877,1.0814,1.0892,1.0782
2023-08-30,1.0924,1.0879,1.0947,1.0855
2023-08-31,1.0841,1.0926,1.0941,1.0834
2023-09-01,1.0773,1.084,1.0883,1.0771
2023-09-02,1.0773,1.084,1.0883,1.0771
2023-09-03,1.0773,1.084,1.0883,1.0771
2023-09-04,1.0794,1.0777,1.081,1.0771
2023-09-05,1.072,1.0797,1.0799,1.0706
2023-09-06,1.0727,1.0729,1.0749,1.0703
2023-09-07,1.0699,1.0726,1.0733,1.0686
2023-09-08,1.0699,1.0697,1.0745,1.0694
2023-09-09,1.0699,1.0697,1.0745,1.0694
2023-09-10,1.0699,1.0697,1.0745,1.0694
2023-09-11,1.0748,1.0716,1.076,1.0707
2023-09-12,1.0752,1.0751,1.0769,1.0705
2023-09-13,1.0728,1.0754,1.0766,1.0711
2023-09-14,1.0641,1.0729,1.0753,1.0631
2023-09-15,1.0655,1.0639,1.0689,1.0632
2023-09-16,1.0655,1.0639,1.0689,1.0632
2023-09-17,1.0655,1.0639,1.0689,1.0632
2023-09-18,1.069,1.0663,1.0699,1.0654
2023-09-19,1.0677,1.0687,1.0718,1.0674
2023-09-20,1.0659,1.0682,1.0738,1.0649
2023-09-21,1.0658,1.066,1.0675,1.0617
2023-09-22,1.0652,1.066,1.0673,1.0614
2023-09-23,1.0652,1.066,1.0673,1.0614
2023-09-24,1.0652,1.066,1.0673,1.0614
2023-09-25,1.059,1.0655,1.0656,1.0574
2023-09-26,1.057,1.0593,1.0611,1.0561
2023-09-27,1.05,1.0569,1.0575,1.0488
2023-09-28,1.0559,1.0503,1.058,1.049
2023-09-29,1.057,1.0566,1.0618,1.0558
2023-09-30,1.057,1.0566,1.0618,1.0558
2023-10-01,1.057,1.0566,1.0618,1.0558
2023-10-02,1.0476,1.0568,1.0592,1.0476
2023-10-03,1.0465,1.0477,1.0495,1.0448
2023-10-04,1.0503,1.047,1.0533,1.0451
2023-10-05,1.0548,1.0509,1.0553,1.05
2023-10-06,1.0586,1.055,1.0601,1.0482
2023-10-07,1.0586,1.055,1.0601,1.0482
2023-10-08,1.0586,1.055,1.0601,1.0482
2023-10-09,1.0565,1.0563,1.0575,1.0519
2023-10-10,1.0603,1.0567,1.062,1.0554
2023-10-11,1.0617,1.0605,1.0635,1.058
2023-10-12,1.0526,1.0622,1.064,1.0525
2023-10-13,1.0509,1.0527,1.056,1.0495
2023-10-14,1.0509,1.0527,1.056,1.0495
2023-10-15,1.0509,1.0527,1.056,1.0495
2023-10-16,1.0558,1.0507,1.0563,1.0507
2023-10-17,1.0575,1.056,1.0596,1.0532
2023-10-18,1.0535,1.0575,1.0595,1.0523
2023-10-19,1.0579,1.0535,1.0618,1.0527
2023-10-20,1.0593,1.0586,1.0604,1.0564
2023-10-21,1.0593,1.0586,1.0604,1.0564
2023-10-22,1.0593,1.0586,1.0604,1.0564
2023-10-23,1.0668,1.0594,1.0678,1.057
2023-10-24,1.0588,1.0669,1.0695,1.0582
2023-10-25,1.0563,1.0591,1.0608,1.0565
2023-10-26,1.056,1.057,1.0575,1.0522
2023-10-27,1.0564,1.0558,1.0598,1.0535
2023-10-28,1.0564,1.0558,1.0598,1.0535
2023-10-29,1.0564,1.0558,1.0598,1.0535
2023-10-30,1.0613,1.0566,1.0626,1.0546
2023-10-31,1.0576,1.0616,1.0675,1.0555
2023-11-01,1.0568,1.0574,1.0582,1.0517
2023-11-02,1.062,1.0569,1.0668,1.0566
2023-11-03,1.0729,1.0623,1.0747,1.0615
2023-11-04,1.0729,1.0623,1.0747,1.0615
2023-11-05,1.0729,1.0623,1.0747,1.0615
2023-11-06,1.0715,1.0729,1.0757,1.0716
2023-11-07,1.0699,1.0717,1.0724,1.0663
2023-11-08,1.0707,1.0699,1.0717,1.0659
2023-11-09,1.0666,1.0707,1.0726,1.066
2023-11-10,1.0681,1.0668,1.0694,1.0655
2023-11-11,1.0681,1.0668,1.0694,1.0655
2023-11-12,1.0681,1.0668,1.0694,1.0655
2023-11-13,1.0697,1.0684,1.0706,1.0664
2023-11-14,1.0879,1.0698,1.0889,1.0692
2023-11-15,1.0846,1.0879,1.0886,1.0831
2023-11-16,1.085,1.0847,1.0897,1.0829
2023-11-17,1.0907,1.0848,1.0917,1.0825
2023-11-18,1.0907,1.0848,1.0917,1.0825
2023-11-19,1.0907,1.0848,1.0917,1.0825
2023-11-20,1.0938,1.0913,1.0953,1.0897
2023-11-21,1.0909,1.094,1.0965,1.0899
2023-11-22,1.0887,1.0911,1.0924,1.0852
2023-11-23,1.0904,1.0888,1.0932,1.0884
2023-11-24,1.0939,1.0905,1.0949,1.0895
2023-11-25,1.0939,1.0905,1.0949,1.0895
2023-11-26,1.0939,1.0905,1.0949,1.0895
2023-11-27,1.0953,1.0937,1.096,1.0925
2023-11-28,1.099,1.0954,1.101,1.0934
2023-11-29,1.0968,1.0992,1.1018,1.096
2023-11-30,1.0886,1.0971,1.0985,1.0878
2023-12-01,1.0881,1.0887,1.0913,1.0828
2023-12-02,1.0881,1.0887,1.0913,1.0828
2023-12-03,1.0881,1.0887,1.0913,1.0828
2023-12-04,1.0836,1.0887,1.0896,1.0804
2023-12-05,1.0795,1.0836,1.0848,1.0777
2023-12-06,1.0762,1.0793,1.0805,1.0759
2023-12-07,1.0792,1.0769,1.0818,1.0755
2023-12-08,1.0761,1.0794,1.0802,1.0723
2023-12-09,1.0761,1.0794,1.0802,1.0723
2023-12-10,1.0761,1.0794,1.0802,1.0723
2023-12-11,1.0761,1.0762,1.078,1.0741
2023-12-12,1.0792,1.0762,1.0829,1.0759
2023-12-13,1.0873,1.0793,1.0898,1.0773
2023-12-14,1.0991,1.0874,1.101,1.0872
2023-12-15,1.0894,1.0994,1.1005,1.0889
2023-12-16,1.0894,1.0994,1.1005,1.0889
2023-12-17,1.0894,1.0994,1.1005,1.0889
2023-12-18,1.0922,1.0903,1.0932,1.0891
2023-12-19,1.098,1.0924,1.0988,1.0914
2023-12-20,1.0938,1.098,1.0985,1.0929
2023-12-21,1.1008,1.0941,1.1013,1.0934
2023-12-22,1.101,1.101,1.1041,1.0993
2023-12-23,1.101,1.101,1.1041,1.0993
2023-12-24,1.101,1.101,1.1041,1.0993
2023-12-25,1.1007,1.1017,1.1022,1.0993
2023-12-26,1.1042,1.101,1.1046,1.1008
2023-12-27,1.1103,1.1043,1.1123,1.1028
2023-12-28,1.1059,1.1107,1.1141,1.1055
2023-12-29,1.1036,1.1061,1.1085,1.1034
2023-12-30,1.1036,1.1061,1.1085,1.1034
2023-12-31,1.1036,1.1061,1.1085,1.1034
