Date,Debt,Percentage,Debt_per_capita
1995-01-02,252452.0,59.39,6369 
1995-01-03,252452.0,59.39,6369 
1995-01-04,252452.0,59.39,6369 
1995-01-05,252452.0,59.39,6369 
1995-01-09,252452.0,59.39,6369 
1995-01-10,252452.0,59.39,6369 
1995-01-11,252452.0,59.39,6369 
1995-01-12,252452.0,59.39,6369 
1995-01-13,252452.0,59.39,6369 
1995-01-16,252452.0,59.39,6369 
1995-01-17,252452.0,59.39,6369 
1995-01-18,252452.0,59.39,6369 
1995-01-19,252452.0,59.39,6369 
1995-01-20,252452.0,59.39,6369 
1995-01-23,252452.0,59.39,6369 
1995-01-24,252452.0,59.39,6369 
1995-01-25,252452.0,59.39,6369 
1995-01-26,252452.0,59.39,6369 
1995-01-27,252452.0,59.39,6369 
1995-01-30,252452.0,59.39,6369 
1995-01-31,252452.0,59.39,6369 
1995-02-01,259119.0,60.96,6537 
1995-02-02,259119.0,60.96,6537 
1995-02-03,259119.0,60.96,6537 
1995-02-06,259119.0,60.96,6537 
1995-02-07,259119.0,60.96,6537 
1995-02-08,259119.0,60.96,6537 
1995-02-09,259119.0,60.96,6537 
1995-02-10,259119.0,60.96,6537 
1995-02-13,259119.0,60.96,6537 
1995-02-14,259119.0,60.96,6537 
1995-02-15,259119.0,60.96,6537 
1995-02-16,259119.0,60.96,6537 
1995-02-17,259119.0,60.96,6537 
1995-02-20,259119.0,60.96,6537 
1995-02-21,259119.0,60.96,6537 
1995-02-22,259119.0,60.96,6537 
1995-02-23,259119.0,60.96,6537 
1995-02-24,259119.0,60.96,6537 
1995-02-27,259119.0,60.96,6537 
1995-02-28,259119.0,60.96,6537 
1995-03-01,261636.0,60.32,6600 
1995-03-02,261636.0,60.32,6600 
1995-03-03,261636.0,60.32,6600 
1995-03-06,261636.0,60.32,6600 
1995-03-07,261636.0,60.32,6600 
1995-03-08,261636.0,60.32,6600 
1995-03-09,261636.0,60.32,6600 
1995-03-10,261636.0,60.32,6600 
1995-03-13,261636.0,60.32,6600 
1995-03-14,261636.0,60.32,6600 
1995-03-15,261636.0,60.32,6600 
1995-03-16,261636.0,60.32,6600 
1995-03-17,261636.0,60.32,6600 
1995-03-21,261636.0,60.32,6600 
1995-03-22,261636.0,60.32,6600 
1995-03-23,261636.0,60.32,6600 
1995-03-24,261636.0,60.32,6600 
1995-03-27,261636.0,60.32,6600 
1995-03-28,261636.0,60.32,6600 
1995-03-29,261636.0,60.32,6600 
1995-03-30,261636.0,60.32,6600 
1995-03-31,261636.0,60.32,6600 
1995-04-03,259881.0,59.91,6556 
1995-04-04,259881.0,59.91,6556 
1995-04-05,259881.0,59.91,6556 
1995-04-06,259881.0,59.91,6556 
1995-04-07,259881.0,59.91,6556 
1995-04-10,259881.0,59.91,6556 
1995-04-11,259881.0,59.91,6556 
1995-04-12,259881.0,59.91,6556 
1995-04-17,259881.0,59.91,6556 
1995-04-18,259881.0,59.91,6556 
1995-04-19,259881.0,59.91,6556 
1995-04-20,259881.0,59.91,6556 
1995-04-21,259881.0,59.91,6556 
1995-04-24,259881.0,59.91,6556 
1995-04-25,259881.0,59.91,6556 
1995-04-26,259881.0,59.91,6556 
1995-04-27,259881.0,59.91,6556 
1995-04-28,259881.0,59.91,6556 
1995-05-03,262931.0,60.62,6633 
1995-05-04,262931.0,60.62,6633 
1995-05-05,262931.0,60.62,6633 
1995-05-08,262931.0,60.62,6633 
1995-05-09,262931.0,60.62,6633 
1995-05-10,262931.0,60.62,6633 
1995-05-11,262931.0,60.62,6633 
1995-05-12,262931.0,60.62,6633 
1995-05-16,262931.0,60.62,6633 
1995-05-17,262931.0,60.62,6633 
1995-05-18,262931.0,60.62,6633 
1995-05-19,262931.0,60.62,6633 
1995-05-22,262931.0,60.62,6633 
1995-05-23,262931.0,60.62,6633 
1995-05-24,262931.0,60.62,6633 
1995-05-25,262931.0,60.62,6633 
1995-05-26,262931.0,60.62,6633 
1995-05-29,262931.0,60.62,6633 
1995-05-30,262931.0,60.62,6633 
1995-05-31,262931.0,60.62,6633 
1995-06-01,272563.0,61.58,6862 
1995-06-02,272563.0,61.58,6862 
1995-06-05,272563.0,61.58,6862 
1995-06-06,272563.0,61.58,6862 
1995-06-07,272563.0,61.58,6862 
1995-06-08,272563.0,61.58,6862 
1995-06-09,272563.0,61.58,6862 
1995-06-12,272563.0,61.58,6862 
1995-06-13,272563.0,61.58,6862 
1995-06-14,272563.0,61.58,6862 
1995-06-15,272563.0,61.58,6862 
1995-06-16,272563.0,61.58,6862 
1995-06-19,272563.0,61.58,6862 
1995-06-20,272563.0,61.58,6862 
1995-06-21,272563.0,61.58,6862 
1995-06-22,272563.0,61.58,6862 
1995-06-23,272563.0,61.58,6862 
1995-06-26,272563.0,61.58,6862 
1995-06-27,272563.0,61.58,6862 
1995-06-28,272563.0,61.58,6862 
1995-06-29,272563.0,61.58,6862 
1995-06-30,272563.0,61.58,6862 
1995-07-03,274380.0,61.99,6908 
1995-07-04,274380.0,61.99,6908 
1995-07-05,274380.0,61.99,6908 
1995-07-06,274380.0,61.99,6908 
1995-07-07,274380.0,61.99,6908 
1995-07-10,274380.0,61.99,6908 
1995-07-11,274380.0,61.99,6908 
1995-07-12,274380.0,61.99,6908 
1995-07-13,274380.0,61.99,6908 
1995-07-14,274380.0,61.99,6908 
1995-07-17,274380.0,61.99,6908 
1995-07-18,274380.0,61.99,6908 
1995-07-19,274380.0,61.99,6908 
1995-07-20,274380.0,61.99,6908 
1995-07-21,274380.0,61.99,6908 
1995-07-24,274380.0,61.99,6908 
1995-07-25,274380.0,61.99,6908 
1995-07-26,274380.0,61.99,6908 
1995-07-27,274380.0,61.99,6908 
1995-07-28,274380.0,61.99,6908 
1995-07-31,274380.0,61.99,6908 
1995-08-01,277030.0,62.59,6975 
1995-08-02,277030.0,62.59,6975 
1995-08-03,277030.0,62.59,6975 
1995-08-04,277030.0,62.59,6975 
1995-08-07,277030.0,62.59,6975 
1995-08-08,277030.0,62.59,6975 
1995-08-09,277030.0,62.59,6975 
1995-08-10,277030.0,62.59,6975 
1995-08-11,277030.0,62.59,6975 
1995-08-14,277030.0,62.59,6975 
1995-08-16,277030.0,62.59,6975 
1995-08-17,277030.0,62.59,6975 
1995-08-18,277030.0,62.59,6975 
1995-08-21,277030.0,62.59,6975 
1995-08-22,277030.0,62.59,6975 
1995-08-23,277030.0,62.59,6975 
1995-08-24,277030.0,62.59,6975 
1995-08-25,277030.0,62.59,6975 
1995-08-28,277030.0,62.59,6975 
1995-08-29,277030.0,62.59,6975 
1995-08-30,277030.0,62.59,6975 
1995-08-31,277030.0,62.59,6975 
1995-09-01,279731.0,62.05,7043 
1995-09-04,279731.0,62.05,7043 
1995-09-05,279731.0,62.05,7043 
1995-09-06,279731.0,62.05,7043 
1995-09-07,279731.0,62.05,7043 
1995-09-08,279731.0,62.05,7043 
1995-09-11,279731.0,62.05,7043 
1995-09-12,279731.0,62.05,7043 
1995-09-13,279731.0,62.05,7043 
1995-09-14,279731.0,62.05,7043 
1995-09-15,279731.0,62.05,7043 
1995-09-18,279731.0,62.05,7043 
1995-09-19,279731.0,62.05,7043 
1995-09-20,279731.0,62.05,7043 
1995-09-21,279731.0,62.05,7043 
1995-09-22,279731.0,62.05,7043 
1995-09-25,279731.0,62.05,7043 
1995-09-26,279731.0,62.05,7043 
1995-09-27,279731.0,62.05,7043 
1995-09-28,279731.0,62.05,7043 
1995-09-29,279731.0,62.05,7043 
1995-10-02,276833.0,61.4,6970 
1995-10-03,276833.0,61.4,6970 
1995-10-04,276833.0,61.4,6970 
1995-10-05,276833.0,61.4,6970 
1995-10-06,276833.0,61.4,6970 
1995-10-09,276833.0,61.4,6970 
1995-10-10,276833.0,61.4,6970 
1995-10-11,276833.0,61.4,6970 
1995-10-13,276833.0,61.4,6970 
1995-10-16,276833.0,61.4,6970 
1995-10-17,276833.0,61.4,6970 
1995-10-18,276833.0,61.4,6970 
1995-10-19,276833.0,61.4,6970 
1995-10-20,276833.0,61.4,6970 
1995-10-23,276833.0,61.4,6970 
1995-10-24,276833.0,61.4,6970 
1995-10-25,276833.0,61.4,6970 
1995-10-26,276833.0,61.4,6970 
1995-10-27,276833.0,61.4,6970 
1995-10-30,276833.0,61.4,6970 
1995-10-31,276833.0,61.4,6970 
1995-11-02,277777.0,61.61,6994 
1995-11-03,277777.0,61.61,6994 
1995-11-06,277777.0,61.61,6994 
1995-11-07,277777.0,61.61,6994 
1995-11-08,277777.0,61.61,6994 
1995-11-09,277777.0,61.61,6994 
1995-11-10,277777.0,61.61,6994 
1995-11-13,277777.0,61.61,6994 
1995-11-14,277777.0,61.61,6994 
1995-11-15,277777.0,61.61,6994 
1995-11-16,277777.0,61.61,6994 
1995-11-17,277777.0,61.61,6994 
1995-11-20,277777.0,61.61,6994 
1995-11-21,277777.0,61.61,6994 
1995-11-22,277777.0,61.61,6994 
1995-11-23,277777.0,61.61,6994 
1995-11-24,277777.0,61.61,6994 
1995-11-27,277777.0,61.61,6994 
1995-11-28,277777.0,61.61,6994 
1995-11-29,277777.0,61.61,6994 
1995-11-30,277777.0,61.61,6994 
1995-12-01,283457.0,61.71,7121 
1995-12-04,283457.0,61.71,7121 
1995-12-05,283457.0,61.71,7121 
1995-12-07,283457.0,61.71,7121 
1995-12-11,283457.0,61.71,7121 
1995-12-12,283457.0,61.71,7121 
1995-12-13,283457.0,61.71,7121 
1995-12-14,283457.0,61.71,7121 
1995-12-15,283457.0,61.71,7121 
1995-12-18,283457.0,61.71,7121 
1995-12-19,283457.0,61.71,7121 
1995-12-20,283457.0,61.71,7121 
1995-12-21,283457.0,61.71,7121 
1995-12-22,283457.0,61.71,7121 
1995-12-26,283457.0,61.71,7121 
1995-12-27,283457.0,61.71,7121 
1995-12-28,283457.0,61.71,7121 
1995-12-29,283457.0,61.71,7121 
1996-01-02,287316.0,62.55,7217 
1996-01-03,287316.0,62.55,7217 
1996-01-04,287316.0,62.55,7217 
1996-01-05,287316.0,62.55,7217 
1996-01-08,287316.0,62.55,7217 
1996-01-09,287316.0,62.55,7217 
1996-01-10,287316.0,62.55,7217 
1996-01-11,287316.0,62.55,7217 
1996-01-12,287316.0,62.55,7217 
1996-01-15,287316.0,62.55,7217 
1996-01-16,287316.0,62.55,7217 
1996-01-17,287316.0,62.55,7217 
1996-01-18,287316.0,62.55,7217 
1996-01-19,287316.0,62.55,7217 
1996-01-22,287316.0,62.55,7217 
1996-01-23,287316.0,62.55,7217 
1996-01-24,287316.0,62.55,7217 
1996-01-25,287316.0,62.55,7217 
1996-01-26,287316.0,62.55,7217 
1996-01-29,287316.0,62.55,7217 
1996-01-30,287316.0,62.55,7217 
1996-01-31,287316.0,62.55,7217 
1996-02-01,289159.0,62.95,7264 
1996-02-02,289159.0,62.95,7264 
1996-02-05,289159.0,62.95,7264 
1996-02-06,289159.0,62.95,7264 
1996-02-07,289159.0,62.95,7264 
1996-02-08,289159.0,62.95,7264 
1996-02-09,289159.0,62.95,7264 
1996-02-12,289159.0,62.95,7264 
1996-02-13,289159.0,62.95,7264 
1996-02-14,289159.0,62.95,7264 
1996-02-15,289159.0,62.95,7264 
1996-02-16,289159.0,62.95,7264 
1996-02-19,289159.0,62.95,7264 
1996-02-20,289159.0,62.95,7264 
1996-02-21,289159.0,62.95,7264 
1996-02-22,289159.0,62.95,7264 
1996-02-23,289159.0,62.95,7264 
1996-02-26,289159.0,62.95,7264 
1996-02-27,289159.0,62.95,7264 
1996-02-28,289159.0,62.95,7264 
1996-02-29,289159.0,62.95,7264 
1996-03-01,292786.0,62.66,7355 
1996-03-04,292786.0,62.66,7355 
1996-03-05,292786.0,62.66,7355 
1996-03-06,292786.0,62.66,7355 
1996-03-07,292786.0,62.66,7355 
1996-03-08,292786.0,62.66,7355 
1996-03-11,292786.0,62.66,7355 
1996-03-12,292786.0,62.66,7355 
1996-03-13,292786.0,62.66,7355 
1996-03-14,292786.0,62.66,7355 
1996-03-15,292786.0,62.66,7355 
1996-03-18,292786.0,62.66,7355 
1996-03-19,292786.0,62.66,7355 
1996-03-20,292786.0,62.66,7355 
1996-03-21,292786.0,62.66,7355 
1996-03-22,292786.0,62.66,7355 
1996-03-25,292786.0,62.66,7355 
1996-03-26,292786.0,62.66,7355 
1996-03-27,292786.0,62.66,7355 
1996-03-28,292786.0,62.66,7355 
1996-03-29,292786.0,62.66,7355 
1996-04-01,293587.0,62.83,7375 
1996-04-02,293587.0,62.83,7375 
1996-04-03,293587.0,62.83,7375 
1996-04-08,293587.0,62.83,7375 
1996-04-09,293587.0,62.83,7375 
1996-04-10,293587.0,62.83,7375 
1996-04-11,293587.0,62.83,7375 
1996-04-12,293587.0,62.83,7375 
1996-04-15,293587.0,62.83,7375 
1996-04-16,293587.0,62.83,7375 
1996-04-17,293587.0,62.83,7375 
1996-04-18,293587.0,62.83,7375 
1996-04-19,293587.0,62.83,7375 
1996-04-22,293587.0,62.83,7375 
1996-04-23,293587.0,62.83,7375 
1996-04-24,293587.0,62.83,7375 
1996-04-25,293587.0,62.83,7375 
1996-04-26,293587.0,62.83,7375 
1996-04-29,293587.0,62.83,7375 
1996-04-30,293587.0,62.83,7375 
1996-05-03,293016.0,62.71,7361 
1996-05-06,293016.0,62.71,7361 
1996-05-07,293016.0,62.71,7361 
1996-05-08,293016.0,62.71,7361 
1996-05-09,293016.0,62.71,7361 
1996-05-10,293016.0,62.71,7361 
1996-05-13,293016.0,62.71,7361 
1996-05-14,293016.0,62.71,7361 
1996-05-16,293016.0,62.71,7361 
1996-05-17,293016.0,62.71,7361 
1996-05-20,293016.0,62.71,7361 
1996-05-21,293016.0,62.71,7361 
1996-05-22,293016.0,62.71,7361 
1996-05-23,293016.0,62.71,7361 
1996-05-24,293016.0,62.71,7361 
1996-05-27,293016.0,62.71,7361 
1996-05-28,293016.0,62.71,7361 
1996-05-29,293016.0,62.71,7361 
1996-05-30,293016.0,62.71,7361 
1996-05-31,293016.0,62.71,7361 
1996-06-03,295758.0,62.38,7415 
1996-06-04,295758.0,62.38,7415 
1996-06-05,295758.0,62.38,7415 
1996-06-06,295758.0,62.38,7415 
1996-06-07,295758.0,62.38,7415 
1996-06-10,295758.0,62.38,7415 
1996-06-11,295758.0,62.38,7415 
1996-06-12,295758.0,62.38,7415 
1996-06-13,295758.0,62.38,7415 
1996-06-14,295758.0,62.38,7415 
1996-06-17,295758.0,62.38,7415 
1996-06-18,295758.0,62.38,7415 
1996-06-19,295758.0,62.38,7415 
1996-06-20,295758.0,62.38,7415 
1996-06-21,295758.0,62.38,7415 
1996-06-24,295758.0,62.38,7415 
1996-06-25,295758.0,62.38,7415 
1996-06-26,295758.0,62.38,7415 
1996-06-27,295758.0,62.38,7415 
1996-06-28,295758.0,62.38,7415 
1996-07-01,297224.0,62.69,7452 
1996-07-02,297224.0,62.69,7452 
1996-07-03,297224.0,62.69,7452 
1996-07-04,297224.0,62.69,7452 
1996-07-05,297224.0,62.69,7452 
1996-07-08,297224.0,62.69,7452 
1996-07-09,297224.0,62.69,7452 
1996-07-10,297224.0,62.69,7452 
1996-07-11,297224.0,62.69,7452 
1996-07-12,297224.0,62.69,7452 
1996-07-15,297224.0,62.69,7452 
1996-07-16,297224.0,62.69,7452 
1996-07-17,297224.0,62.69,7452 
1996-07-18,297224.0,62.69,7452 
1996-07-19,297224.0,62.69,7452 
1996-07-22,297224.0,62.69,7452 
1996-07-23,297224.0,62.69,7452 
1996-07-24,297224.0,62.69,7452 
1996-07-25,297224.0,62.69,7452 
1996-07-26,297224.0,62.69,7452 
1996-07-29,297224.0,62.69,7452 
1996-07-30,297224.0,62.69,7452 
1996-07-31,297224.0,62.69,7452 
1996-08-01,294999.0,62.22,7396 
1996-08-02,294999.0,62.22,7396 
1996-08-05,294999.0,62.22,7396 
1996-08-06,294999.0,62.22,7396 
1996-08-07,294999.0,62.22,7396 
1996-08-08,294999.0,62.22,7396 
1996-08-09,294999.0,62.22,7396 
1996-08-12,294999.0,62.22,7396 
1996-08-13,294999.0,62.22,7396 
1996-08-14,294999.0,62.22,7396 
1996-08-16,294999.0,62.22,7396 
1996-08-19,294999.0,62.22,7396 
1996-08-20,294999.0,62.22,7396 
1996-08-21,294999.0,62.22,7396 
1996-08-22,294999.0,62.22,7396 
1996-08-23,294999.0,62.22,7396 
1996-08-26,294999.0,62.22,7396 
1996-08-27,294999.0,62.22,7396 
1996-08-28,294999.0,62.22,7396 
1996-08-29,294999.0,62.22,7396 
1996-08-30,294999.0,62.22,7396 
1996-09-02,302928.0,62.84,7595 
1996-09-03,302928.0,62.84,7595 
1996-09-04,302928.0,62.84,7595 
1996-09-05,302928.0,62.84,7595 
1996-09-06,302928.0,62.84,7595 
1996-09-09,302928.0,62.84,7595 
1996-09-10,302928.0,62.84,7595 
1996-09-11,302928.0,62.84,7595 
1996-09-12,302928.0,62.84,7595 
1996-09-13,302928.0,62.84,7595 
1996-09-16,302928.0,62.84,7595 
1996-09-17,302928.0,62.84,7595 
1996-09-18,302928.0,62.84,7595 
1996-09-19,302928.0,62.84,7595 
1996-09-20,302928.0,62.84,7595 
1996-09-23,302928.0,62.84,7595 
1996-09-24,302928.0,62.84,7595 
1996-09-25,302928.0,62.84,7595 
1996-09-26,302928.0,62.84,7595 
1996-09-27,302928.0,62.84,7595 
1996-09-30,302928.0,62.84,7595 
1996-10-01,307766.0,63.84,7716 
1996-10-02,307766.0,63.84,7716 
1996-10-03,307766.0,63.84,7716 
1996-10-04,307766.0,63.84,7716 
1996-10-07,307766.0,63.84,7716 
1996-10-08,307766.0,63.84,7716 
1996-10-09,307766.0,63.84,7716 
1996-10-10,307766.0,63.84,7716 
1996-10-11,307766.0,63.84,7716 
1996-10-14,307766.0,63.84,7716 
1996-10-15,307766.0,63.84,7716 
1996-10-16,307766.0,63.84,7716 
1996-10-17,307766.0,63.84,7716 
1996-10-18,307766.0,63.84,7716 
1996-10-21,307766.0,63.84,7716 
1996-10-22,307766.0,63.84,7716 
1996-10-23,307766.0,63.84,7716 
1996-10-24,307766.0,63.84,7716 
1996-10-25,307766.0,63.84,7716 
1996-10-28,307766.0,63.84,7716 
1996-10-29,307766.0,63.84,7716 
1996-10-30,307766.0,63.84,7716 
1996-10-31,307766.0,63.84,7716 
1996-11-04,310233.0,64.36,7778 
1996-11-05,310233.0,64.36,7778 
1996-11-06,310233.0,64.36,7778 
1996-11-07,310233.0,64.36,7778 
1996-11-08,310233.0,64.36,7778 
1996-11-11,310233.0,64.36,7778 
1996-11-12,310233.0,64.36,7778 
1996-11-13,310233.0,64.36,7778 
1996-11-14,310233.0,64.36,7778 
1996-11-15,310233.0,64.36,7778 
1996-11-18,310233.0,64.36,7778 
1996-11-19,310233.0,64.36,7778 
1996-11-20,310233.0,64.36,7778 
1996-11-21,310233.0,64.36,7778 
1996-11-22,310233.0,64.36,7778 
1996-11-25,310233.0,64.36,7778 
1996-11-26,310233.0,64.36,7778 
1996-11-27,310233.0,64.36,7778 
1996-11-28,310233.0,64.36,7778 
1996-11-29,310233.0,64.36,7778 
1996-12-02,319976.0,65.41,8005 
1996-12-03,319976.0,65.41,8005 
1996-12-04,319976.0,65.41,8005 
1996-12-05,319976.0,65.41,8005 
1996-12-09,319976.0,65.41,8005 
1996-12-10,319976.0,65.41,8005 
1996-12-11,319976.0,65.41,8005 
1996-12-12,319976.0,65.41,8005 
1996-12-13,319976.0,65.41,8005 
1996-12-16,319976.0,65.41,8005 
1996-12-17,319976.0,65.41,8005 
1996-12-18,319976.0,65.41,8005 
1996-12-19,319976.0,65.41,8005 
1996-12-20,319976.0,65.41,8005 
1996-12-23,319976.0,65.41,8005 
1996-12-26,319976.0,65.41,8005 
1996-12-27,319976.0,65.41,8005 
1996-12-30,319976.0,65.41,8005 
1996-12-31,319976.0,65.41,8005 
1997-01-02,319259.0,65.26,7987 
1997-01-03,319259.0,65.26,7987 
1997-01-07,319259.0,65.26,7987 
1997-01-08,319259.0,65.26,7987 
1997-01-09,319259.0,65.26,7987 
1997-01-10,319259.0,65.26,7987 
1997-01-13,319259.0,65.26,7987 
1997-01-14,319259.0,65.26,7987 
1997-01-15,319259.0,65.26,7987 
1997-01-16,319259.0,65.26,7987 
1997-01-17,319259.0,65.26,7987 
1997-01-20,319259.0,65.26,7987 
1997-01-21,319259.0,65.26,7987 
1997-01-22,319259.0,65.26,7987 
1997-01-23,319259.0,65.26,7987 
1997-01-24,319259.0,65.26,7987 
1997-01-27,319259.0,65.26,7987 
1997-01-28,319259.0,65.26,7987 
1997-01-29,319259.0,65.26,7987 
1997-01-30,319259.0,65.26,7987 
1997-01-31,319259.0,65.26,7987 
1997-02-03,315010.0,64.39,7881 
1997-02-04,315010.0,64.39,7881 
1997-02-05,315010.0,64.39,7881 
1997-02-06,315010.0,64.39,7881 
1997-02-07,315010.0,64.39,7881 
1997-02-10,315010.0,64.39,7881 
1997-02-11,315010.0,64.39,7881 
1997-02-12,315010.0,64.39,7881 
1997-02-13,315010.0,64.39,7881 
1997-02-14,315010.0,64.39,7881 
1997-02-17,315010.0,64.39,7881 
1997-02-18,315010.0,64.39,7881 
1997-02-19,315010.0,64.39,7881 
1997-02-20,315010.0,64.39,7881 
1997-02-21,315010.0,64.39,7881 
1997-02-24,315010.0,64.39,7881 
1997-02-25,315010.0,64.39,7881 
1997-02-26,315010.0,64.39,7881 
1997-02-27,315010.0,64.39,7881 
1997-02-28,315010.0,64.39,7881 
1997-03-03,319311.0,64.39,7989 
1997-03-04,319311.0,64.39,7989 
1997-03-05,319311.0,64.39,7989 
1997-03-06,319311.0,64.39,7989 
1997-03-07,319311.0,64.39,7989 
1997-03-10,319311.0,64.39,7989 
1997-03-11,319311.0,64.39,7989 
1997-03-12,319311.0,64.39,7989 
1997-03-13,319311.0,64.39,7989 
1997-03-14,319311.0,64.39,7989 
1997-03-17,319311.0,64.39,7989 
1997-03-18,319311.0,64.39,7989 
1997-03-19,319311.0,64.39,7989 
1997-03-20,319311.0,64.39,7989 
1997-03-21,319311.0,64.39,7989 
1997-03-24,319311.0,64.39,7989 
1997-03-25,319311.0,64.39,7989 
1997-03-26,319311.0,64.39,7989 
1997-03-31,319311.0,64.39,7989 
1997-04-01,323017.0,65.14,8081 
1997-04-02,323017.0,65.14,8081 
1997-04-03,323017.0,65.14,8081 
1997-04-04,323017.0,65.14,8081 
1997-04-07,323017.0,65.14,8081 
1997-04-08,323017.0,65.14,8081 
1997-04-09,323017.0,65.14,8081 
1997-04-10,323017.0,65.14,8081 
1997-04-11,323017.0,65.14,8081 
1997-04-14,323017.0,65.14,8081 
1997-04-15,323017.0,65.14,8081 
1997-04-16,323017.0,65.14,8081 
1997-04-17,323017.0,65.14,8081 
1997-04-18,323017.0,65.14,8081 
1997-04-21,323017.0,65.14,8081 
1997-04-22,323017.0,65.14,8081 
1997-04-23,323017.0,65.14,8081 
1997-04-24,323017.0,65.14,8081 
1997-04-25,323017.0,65.14,8081 
1997-04-28,323017.0,65.14,8081 
1997-04-29,323017.0,65.14,8081 
1997-04-30,323017.0,65.14,8081 
1997-05-05,331668.0,66.88,8298 
1997-05-06,331668.0,66.88,8298 
1997-05-07,331668.0,66.88,8298 
1997-05-08,331668.0,66.88,8298 
1997-05-09,331668.0,66.88,8298 
1997-05-12,331668.0,66.88,8298 
1997-05-13,331668.0,66.88,8298 
1997-05-14,331668.0,66.88,8298 
1997-05-16,331668.0,66.88,8298 
1997-05-19,331668.0,66.88,8298 
1997-05-20,331668.0,66.88,8298 
1997-05-21,331668.0,66.88,8298 
1997-05-22,331668.0,66.88,8298 
1997-05-23,331668.0,66.88,8298 
1997-05-26,331668.0,66.88,8298 
1997-05-27,331668.0,66.88,8298 
1997-05-28,331668.0,66.88,8298 
1997-05-29,331668.0,66.88,8298 
1997-05-30,331668.0,66.88,8298 
1997-06-02,326860.0,65.06,8161 
1997-06-03,326860.0,65.06,8161 
1997-06-04,326860.0,65.06,8161 
1997-06-05,326860.0,65.06,8161 
1997-06-06,326860.0,65.06,8161 
1997-06-09,326860.0,65.06,8161 
1997-06-10,326860.0,65.06,8161 
1997-06-11,326860.0,65.06,8161 
1997-06-12,326860.0,65.06,8161 
1997-06-13,326860.0,65.06,8161 
1997-06-16,326860.0,65.06,8161 
1997-06-17,326860.0,65.06,8161 
1997-06-18,326860.0,65.06,8161 
1997-06-19,326860.0,65.06,8161 
1997-06-20,326860.0,65.06,8161 
1997-06-23,326860.0,65.06,8161 
1997-06-24,326860.0,65.06,8161 
1997-06-25,326860.0,65.06,8161 
1997-06-26,326860.0,65.06,8161 
1997-06-27,326860.0,65.06,8161 
1997-06-30,326860.0,65.06,8161 
1997-07-01,327154.0,65.12,8169 
1997-07-02,327154.0,65.12,8169 
1997-07-03,327154.0,65.12,8169 
1997-07-04,327154.0,65.12,8169 
1997-07-07,327154.0,65.12,8169 
1997-07-08,327154.0,65.12,8169 
1997-07-09,327154.0,65.12,8169 
1997-07-10,327154.0,65.12,8169 
1997-07-11,327154.0,65.12,8169 
1997-07-14,327154.0,65.12,8169 
1997-07-15,327154.0,65.12,8169 
1997-07-16,327154.0,65.12,8169 
1997-07-17,327154.0,65.12,8169 
1997-07-18,327154.0,65.12,8169 
1997-07-21,327154.0,65.12,8169 
1997-07-22,327154.0,65.12,8169 
1997-07-23,327154.0,65.12,8169 
1997-07-24,327154.0,65.12,8169 
1997-07-28,327154.0,65.12,8169 
1997-07-29,327154.0,65.12,8169 
1997-07-30,327154.0,65.12,8169 
1997-07-31,327154.0,65.12,8169 
1997-08-01,330666.0,65.82,8256 
1997-08-04,330666.0,65.82,8256 
1997-08-05,330666.0,65.82,8256 
1997-08-06,330666.0,65.82,8256 
1997-08-07,330666.0,65.82,8256 
1997-08-08,330666.0,65.82,8256 
1997-08-11,330666.0,65.82,8256 
1997-08-12,330666.0,65.82,8256 
1997-08-13,330666.0,65.82,8256 
1997-08-14,330666.0,65.82,8256 
1997-08-18,330666.0,65.82,8256 
1997-08-19,330666.0,65.82,8256 
1997-08-20,330666.0,65.82,8256 
1997-08-21,330666.0,65.82,8256 
1997-08-22,330666.0,65.82,8256 
1997-08-25,330666.0,65.82,8256 
1997-08-26,330666.0,65.82,8256 
1997-08-27,330666.0,65.82,8256 
1997-08-28,330666.0,65.82,8256 
1997-08-29,330666.0,65.82,8256 
1997-09-01,330961.0,64.97,8264 
1997-09-02,330961.0,64.97,8264 
1997-09-03,330961.0,64.97,8264 
1997-09-04,330961.0,64.97,8264 
1997-09-05,330961.0,64.97,8264 
1997-09-08,330961.0,64.97,8264 
1997-09-09,330961.0,64.97,8264 
1997-09-10,330961.0,64.97,8264 
1997-09-11,330961.0,64.97,8264 
1997-09-12,330961.0,64.97,8264 
1997-09-15,330961.0,64.97,8264 
1997-09-16,330961.0,64.97,8264 
1997-09-17,330961.0,64.97,8264 
1997-09-18,330961.0,64.97,8264 
1997-09-19,330961.0,64.97,8264 
1997-09-22,330961.0,64.97,8264 
1997-09-23,330961.0,64.97,8264 
1997-09-24,330961.0,64.97,8264 
1997-09-25,330961.0,64.97,8264 
1997-09-26,330961.0,64.97,8264 
1997-09-29,330961.0,64.97,8264 
1997-09-30,330961.0,64.97,8264 
1997-10-01,330723.0,64.92,8258 
1997-10-02,330723.0,64.92,8258 
1997-10-03,330723.0,64.92,8258 
1997-10-06,330723.0,64.92,8258 
1997-10-07,330723.0,64.92,8258 
1997-10-08,330723.0,64.92,8258 
1997-10-09,330723.0,64.92,8258 
1997-10-10,330723.0,64.92,8258 
1997-10-13,330723.0,64.92,8258 
1997-10-14,330723.0,64.92,8258 
1997-10-15,330723.0,64.92,8258 
1997-10-16,330723.0,64.92,8258 
1997-10-17,330723.0,64.92,8258 
1997-10-20,330723.0,64.92,8258 
1997-10-21,330723.0,64.92,8258 
1997-10-22,330723.0,64.92,8258 
1997-10-23,330723.0,64.92,8258 
1997-10-24,330723.0,64.92,8258 
1997-10-27,330723.0,64.92,8258 
1997-10-28,330723.0,64.92,8258 
1997-10-29,330723.0,64.92,8258 
1997-10-30,330723.0,64.92,8258 
1997-10-31,330723.0,64.92,8258 
1997-11-03,329328.0,64.65,8223 
1997-11-04,329328.0,64.65,8223 
1997-11-05,329328.0,64.65,8223 
1997-11-06,329328.0,64.65,8223 
1997-11-07,329328.0,64.65,8223 
1997-11-10,329328.0,64.65,8223 
1997-11-11,329328.0,64.65,8223 
1997-11-12,329328.0,64.65,8223 
1997-11-13,329328.0,64.65,8223 
1997-11-14,329328.0,64.65,8223 
1997-11-17,329328.0,64.65,8223 
1997-11-18,329328.0,64.65,8223 
1997-11-19,329328.0,64.65,8223 
1997-11-20,329328.0,64.65,8223 
1997-11-21,329328.0,64.65,8223 
1997-11-24,329328.0,64.65,8223 
1997-11-25,329328.0,64.65,8223 
1997-11-26,329328.0,64.65,8223 
1997-11-27,329328.0,64.65,8223 
1997-11-28,329328.0,64.65,8223 
1997-12-01,333627.0,64.25,8311 
1997-12-02,333627.0,64.25,8311 
1997-12-03,333627.0,64.25,8311 
1997-12-04,333627.0,64.25,8311 
1997-12-05,333627.0,64.25,8311 
1997-12-09,333627.0,64.25,8311 
1997-12-10,333627.0,64.25,8311 
1997-12-11,333627.0,64.25,8311 
1997-12-12,333627.0,64.25,8311 
1997-12-15,333627.0,64.25,8311 
1997-12-16,333627.0,64.25,8311 
1997-12-17,333627.0,64.25,8311 
1997-12-18,333627.0,64.25,8311 
1997-12-19,333627.0,64.25,8311 
1997-12-22,333627.0,64.25,8311 
1997-12-23,333627.0,64.25,8311 
1997-12-26,333627.0,64.25,8311 
1997-12-29,333627.0,64.25,8311 
1997-12-30,333627.0,64.25,8311 
1997-12-31,333627.0,64.25,8311 
1998-01-02,336645.0,64.83,8386 
1998-01-05,336645.0,64.83,8386 
1998-01-07,336645.0,64.83,8386 
1998-01-08,336645.0,64.83,8386 
1998-01-09,336645.0,64.83,8386 
1998-01-12,336645.0,64.83,8386 
1998-01-13,336645.0,64.83,8386 
1998-01-14,336645.0,64.83,8386 
1998-01-15,336645.0,64.83,8386 
1998-01-16,336645.0,64.83,8386 
1998-01-19,336645.0,64.83,8386 
1998-01-20,336645.0,64.83,8386 
1998-01-21,336645.0,64.83,8386 
1998-01-22,336645.0,64.83,8386 
1998-01-23,336645.0,64.83,8386 
1998-01-26,336645.0,64.83,8386 
1998-01-27,336645.0,64.83,8386 
1998-01-28,336645.0,64.83,8386 
1998-01-29,336645.0,64.83,8386 
1998-01-30,336645.0,64.83,8386 
1998-02-02,341262.0,65.72,8501 
1998-02-03,341262.0,65.72,8501 
1998-02-04,341262.0,65.72,8501 
1998-02-05,341262.0,65.72,8501 
1998-02-06,341262.0,65.72,8501 
1998-02-09,341262.0,65.72,8501 
1998-02-10,341262.0,65.72,8501 
1998-02-11,341262.0,65.72,8501 
1998-02-12,341262.0,65.72,8501 
1998-02-13,341262.0,65.72,8501 
1998-02-16,341262.0,65.72,8501 
1998-02-17,341262.0,65.72,8501 
1998-02-18,341262.0,65.72,8501 
1998-02-19,341262.0,65.72,8501 
1998-02-20,341262.0,65.72,8501 
1998-02-23,341262.0,65.72,8501 
1998-02-24,341262.0,65.72,8501 
1998-02-25,341262.0,65.72,8501 
1998-02-26,341262.0,65.72,8501 
1998-02-27,341262.0,65.72,8501 
1998-03-02,343789.0,65.17,8564 
1998-03-03,343789.0,65.17,8564 
1998-03-04,343789.0,65.17,8564 
1998-03-05,343789.0,65.17,8564 
1998-03-06,343789.0,65.17,8564 
1998-03-09,343789.0,65.17,8564 
1998-03-10,343789.0,65.17,8564 
1998-03-11,343789.0,65.17,8564 
1998-03-12,343789.0,65.17,8564 
1998-03-13,343789.0,65.17,8564 
1998-03-16,343789.0,65.17,8564 
1998-03-17,343789.0,65.17,8564 
1998-03-18,343789.0,65.17,8564 
1998-03-20,343789.0,65.17,8564 
1998-03-23,343789.0,65.17,8564 
1998-03-24,343789.0,65.17,8564 
1998-03-25,343789.0,65.17,8564 
1998-03-26,343789.0,65.17,8564 
1998-03-27,343789.0,65.17,8564 
1998-03-30,343789.0,65.17,8564 
1998-03-31,343789.0,65.17,8564 
1998-04-01,342183.0,64.86,8524 
1998-04-02,342183.0,64.86,8524 
1998-04-03,342183.0,64.86,8524 
1998-04-06,342183.0,64.86,8524 
1998-04-07,342183.0,64.86,8524 
1998-04-08,342183.0,64.86,8524 
1998-04-14,342183.0,64.86,8524 
1998-04-15,342183.0,64.86,8524 
1998-04-16,342183.0,64.86,8524 
1998-04-17,342183.0,64.86,8524 
1998-04-20,342183.0,64.86,8524 
1998-04-21,342183.0,64.86,8524 
1998-04-22,342183.0,64.86,8524 
1998-04-23,342183.0,64.86,8524 
1998-04-24,342183.0,64.86,8524 
1998-04-27,342183.0,64.86,8524 
1998-04-28,342183.0,64.86,8524 
1998-04-29,342183.0,64.86,8524 
1998-04-30,342183.0,64.86,8524 
1998-05-04,343092.0,65.03,8547 
1998-05-05,343092.0,65.03,8547 
1998-05-06,343092.0,65.03,8547 
1998-05-07,343092.0,65.03,8547 
1998-05-08,343092.0,65.03,8547 
1998-05-11,343092.0,65.03,8547 
1998-05-12,343092.0,65.03,8547 
1998-05-13,343092.0,65.03,8547 
1998-05-14,343092.0,65.03,8547 
1998-05-15,343092.0,65.03,8547 
1998-05-18,343092.0,65.03,8547 
1998-05-19,343092.0,65.03,8547 
1998-05-20,343092.0,65.03,8547 
1998-05-21,343092.0,65.03,8547 
1998-05-22,343092.0,65.03,8547 
1998-05-25,343092.0,65.03,8547 
1998-05-26,343092.0,65.03,8547 
1998-05-27,343092.0,65.03,8547 
1998-05-28,343092.0,65.03,8547 
1998-05-29,343092.0,65.03,8547 
1998-06-02,349356.0,,8687 
1998-06-03,349356.0,,8687 
1998-06-04,349356.0,,8687 
1998-06-05,349356.0,,8687 
1998-06-08,349356.0,,8687 
1998-06-09,349356.0,,8687 
1998-06-10,349356.0,,8687 
1998-06-11,349356.0,,8687 
1998-06-12,349356.0,,8687 
1998-06-15,349356.0,,8687 
1998-06-16,349356.0,,8687 
1998-06-17,349356.0,,8687 
1998-06-18,349356.0,,8687 
1998-06-19,349356.0,,8687 
1998-06-22,349356.0,,8687 
1998-06-23,349356.0,,8687 
1998-06-24,349356.0,,8687 
1998-06-25,349356.0,,8687 
1998-06-26,349356.0,,8687 
1998-06-29,349356.0,,8687 
1998-06-30,349356.0,,8687 
1998-07-01,350028.0,65.12,8704 
1998-07-02,350028.0,65.12,8704 
1998-07-03,350028.0,65.12,8704 
1998-07-06,350028.0,65.12,8704 
1998-07-07,350028.0,65.12,8704 
1998-07-08,350028.0,65.12,8704 
1998-07-09,350028.0,65.12,8704 
1998-07-10,350028.0,65.12,8704 
1998-07-13,350028.0,65.12,8704 
1998-07-14,350028.0,65.12,8704 
1998-07-15,350028.0,65.12,8704 
1998-07-16,350028.0,65.12,8704 
1998-07-17,350028.0,65.12,8704 
1998-07-20,350028.0,65.12,8704 
1998-07-21,350028.0,65.12,8704 
1998-07-22,350028.0,65.12,8704 
1998-07-23,350028.0,65.12,8704 
1998-07-24,350028.0,65.12,8704 
1998-07-27,350028.0,65.12,8704 
1998-07-28,350028.0,65.12,8704 
1998-07-29,350028.0,65.12,8704 
1998-07-30,350028.0,65.12,8704 
1998-07-31,350028.0,65.12,8704 
1998-08-03,347904.0,64.73,8651 
1998-08-04,347904.0,64.73,8651 
1998-08-05,347904.0,64.73,8651 
1998-08-06,347904.0,64.73,8651 
1998-08-07,347904.0,64.73,8651 
1998-08-10,347904.0,64.73,8651 
1998-08-11,347904.0,64.73,8651 
1998-08-12,347904.0,64.73,8651 
1998-08-13,347904.0,64.73,8651 
1998-08-14,347904.0,64.73,8651 
1998-08-17,347904.0,64.73,8651 
1998-08-18,347904.0,64.73,8651 
1998-08-19,347904.0,64.73,8651 
1998-08-20,347904.0,64.73,8651 
1998-08-21,347904.0,64.73,8651 
1998-08-24,347904.0,64.73,8651 
1998-08-25,347904.0,64.73,8651 
1998-08-26,347904.0,64.73,8651 
1998-08-27,347904.0,64.73,8651 
1998-08-28,347904.0,64.73,8651 
1998-08-31,347904.0,64.73,8651 
1998-09-01,353728.0,64.69,8796 
1998-09-02,353728.0,64.69,8796 
1998-09-03,353728.0,64.69,8796 
1998-09-04,353728.0,64.69,8796 
1998-09-07,353728.0,64.69,8796 
1998-09-08,353728.0,64.69,8796 
1998-09-09,353728.0,64.69,8796 
1998-09-10,353728.0,64.69,8796 
1998-09-11,353728.0,64.69,8796 
1998-09-14,353728.0,64.69,8796 
1998-09-15,353728.0,64.69,8796 
1998-09-16,353728.0,64.69,8796 
1998-09-17,353728.0,64.69,8796 
1998-09-18,353728.0,64.69,8796 
1998-09-21,353728.0,64.69,8796 
1998-09-22,353728.0,64.69,8796 
1998-09-23,353728.0,64.69,8796 
1998-09-24,353728.0,64.69,8796 
1998-09-25,353728.0,64.69,8796 
1998-09-28,353728.0,64.69,8796 
1998-09-29,353728.0,64.69,8796 
1998-09-30,353728.0,64.69,8796 
1998-10-01,357794.0,65.43,8897 
1998-10-02,357794.0,65.43,8897 
1998-10-05,357794.0,65.43,8897 
1998-10-06,357794.0,65.43,8897 
1998-10-07,357794.0,65.43,8897 
1998-10-08,357794.0,65.43,8897 
1998-10-09,357794.0,65.43,8897 
1998-10-13,357794.0,65.43,8897 
1998-10-14,357794.0,65.43,8897 
1998-10-15,357794.0,65.43,8897 
1998-10-16,357794.0,65.43,8897 
1998-10-19,357794.0,65.43,8897 
1998-10-20,357794.0,65.43,8897 
1998-10-21,357794.0,65.43,8897 
1998-10-22,357794.0,65.43,8897 
1998-10-23,357794.0,65.43,8897 
1998-10-26,357794.0,65.43,8897 
1998-10-27,357794.0,65.43,8897 
1998-10-28,357794.0,65.43,8897 
1998-10-29,357794.0,65.43,8897 
1998-10-30,357794.0,65.43,8897 
1998-11-02,354815.0,64.89,8823 
1998-11-03,354815.0,64.89,8823 
1998-11-04,354815.0,64.89,8823 
1998-11-05,354815.0,64.89,8823 
1998-11-06,354815.0,64.89,8823 
1998-11-09,354815.0,64.89,8823 
1998-11-10,354815.0,64.89,8823 
1998-11-11,354815.0,64.89,8823 
1998-11-12,354815.0,64.89,8823 
1998-11-13,354815.0,64.89,8823 
1998-11-16,354815.0,64.89,8823 
1998-11-17,354815.0,64.89,8823 
1998-11-18,354815.0,64.89,8823 
1998-11-19,354815.0,64.89,8823 
1998-11-20,354815.0,64.89,8823 
1998-11-23,354815.0,64.89,8823 
1998-11-24,354815.0,64.89,8823 
1998-11-25,354815.0,64.89,8823 
1998-11-26,354815.0,64.89,8823 
1998-11-27,354815.0,64.89,8823 
1998-11-30,354815.0,64.89,8823 
1998-12-01,346417.0,62.31,8595 
1998-12-02,346417.0,62.31,8595 
1998-12-03,346417.0,62.31,8595 
1998-12-04,346417.0,62.31,8595 
1998-12-07,346417.0,62.31,8595 
1998-12-09,346417.0,62.31,8595 
1998-12-10,346417.0,62.31,8595 
1998-12-11,346417.0,62.31,8595 
1998-12-14,346417.0,62.31,8595 
1998-12-15,346417.0,62.31,8595 
1998-12-16,346417.0,62.31,8595 
1998-12-17,346417.0,62.31,8595 
1998-12-18,346417.0,62.31,8595 
1998-12-21,346417.0,62.31,8595 
1998-12-22,346417.0,62.31,8595 
1998-12-23,346417.0,62.31,8595 
1998-12-28,346417.0,62.31,8595 
1998-12-29,346417.0,62.31,8595 
1998-12-30,346417.0,62.31,8595 
1999-01-04,345035.0,62.06,8561 
1999-01-05,345035.0,62.06,8561 
1999-01-07,345035.0,62.06,8561 
1999-01-08,345035.0,62.06,8561 
1999-01-11,345035.0,62.06,8561 
1999-01-12,345035.0,62.06,8561 
1999-01-13,345035.0,62.06,8561 
1999-01-14,345035.0,62.06,8561 
1999-01-15,345035.0,62.06,8561 
1999-01-18,345035.0,62.06,8561 
1999-01-19,345035.0,62.06,8561 
1999-01-20,345035.0,62.06,8561 
1999-01-21,345035.0,62.06,8561 
1999-01-22,345035.0,62.06,8561 
1999-01-25,345035.0,62.06,8561 
1999-01-26,345035.0,62.06,8561 
1999-01-27,345035.0,62.06,8561 
1999-01-28,345035.0,62.06,8561 
1999-01-29,345035.0,62.06,8561 
1999-02-01,347792.0,62.55,8629 
1999-02-02,347792.0,62.55,8629 
1999-02-03,347792.0,62.55,8629 
1999-02-04,347792.0,62.55,8629 
1999-02-05,347792.0,62.55,8629 
1999-02-08,347792.0,62.55,8629 
1999-02-09,347792.0,62.55,8629 
1999-02-10,347792.0,62.55,8629 
1999-02-11,347792.0,62.55,8629 
1999-02-12,347792.0,62.55,8629 
1999-02-15,347792.0,62.55,8629 
1999-02-16,347792.0,62.55,8629 
1999-02-17,347792.0,62.55,8629 
1999-02-18,347792.0,62.55,8629 
1999-02-19,347792.0,62.55,8629 
1999-02-22,347792.0,62.55,8629 
1999-02-23,347792.0,62.55,8629 
1999-02-24,347792.0,62.55,8629 
1999-02-25,347792.0,62.55,8629 
1999-02-26,347792.0,62.55,8629 
1999-03-01,350851.0,61.93,8705 
1999-03-02,350851.0,61.93,8705 
1999-03-03,350851.0,61.93,8705 
1999-03-04,350851.0,61.93,8705 
1999-03-05,350851.0,61.93,8705 
1999-03-08,350851.0,61.93,8705 
1999-03-09,350851.0,61.93,8705 
1999-03-10,350851.0,61.93,8705 
1999-03-11,350851.0,61.93,8705 
1999-03-12,350851.0,61.93,8705 
1999-03-15,350851.0,61.93,8705 
1999-03-16,350851.0,61.93,8705 
1999-03-17,350851.0,61.93,8705 
1999-03-18,350851.0,61.93,8705 
1999-03-19,350851.0,61.93,8705 
1999-03-22,350851.0,61.93,8705 
1999-03-23,350851.0,61.93,8705 
1999-03-24,350851.0,61.93,8705 
1999-03-25,350851.0,61.93,8705 
1999-03-26,350851.0,61.93,8705 
1999-03-29,350851.0,61.93,8705 
1999-03-30,350851.0,61.93,8705 
1999-03-31,350851.0,61.93,8705 
1999-04-06,347209.0,61.29,8615 
1999-04-07,347209.0,61.29,8615 
1999-04-08,347209.0,61.29,8615 
1999-04-09,347209.0,61.29,8615 
1999-04-12,347209.0,61.29,8615 
1999-04-13,347209.0,61.29,8615 
1999-04-14,347209.0,61.29,8615 
1999-04-15,347209.0,61.29,8615 
1999-04-16,347209.0,61.29,8615 
1999-04-19,347209.0,61.29,8615 
1999-04-20,347209.0,61.29,8615 
1999-04-21,347209.0,61.29,8615 
1999-04-22,347209.0,61.29,8615 
1999-04-23,347209.0,61.29,8615 
1999-04-26,347209.0,61.29,8615 
1999-04-27,347209.0,61.29,8615 
1999-04-28,347209.0,61.29,8615 
1999-04-29,347209.0,61.29,8615 
1999-04-30,347209.0,61.29,8615 
1999-05-03,351299.0,62.01,8716 
1999-05-04,351299.0,62.01,8716 
1999-05-05,351299.0,62.01,8716 
1999-05-06,351299.0,62.01,8716 
1999-05-07,351299.0,62.01,8716 
1999-05-10,351299.0,62.01,8716 
1999-05-11,351299.0,62.01,8716 
1999-05-12,351299.0,62.01,8716 
1999-05-13,351299.0,62.01,8716 
1999-05-14,351299.0,62.01,8716 
1999-05-17,351299.0,62.01,8716 
1999-05-18,351299.0,62.01,8716 
1999-05-19,351299.0,62.01,8716 
1999-05-20,351299.0,62.01,8716 
1999-05-21,351299.0,62.01,8716 
1999-05-24,351299.0,62.01,8716 
1999-05-25,351299.0,62.01,8716 
1999-05-26,351299.0,62.01,8716 
1999-05-27,351299.0,62.01,8716 
1999-05-28,351299.0,62.01,8716 
1999-05-31,351299.0,62.01,8716 
1999-06-01,353860.0,61.44,8765 
1999-06-02,353860.0,61.44,8765 
1999-06-03,353860.0,61.44,8765 
1999-06-04,353860.0,61.44,8765 
1999-06-07,353860.0,61.44,8765 
1999-06-08,353860.0,61.44,8765 
1999-06-09,353860.0,61.44,8765 
1999-06-10,353860.0,61.44,8765 
1999-06-11,353860.0,61.44,8765 
1999-06-14,353860.0,61.44,8765 
1999-06-15,353860.0,61.44,8765 
1999-06-16,353860.0,61.44,8765 
1999-06-17,353860.0,61.44,8765 
1999-06-18,353860.0,61.44,8765 
1999-06-21,353860.0,61.44,8765 
1999-06-22,353860.0,61.44,8765 
1999-06-23,353860.0,61.44,8765 
1999-06-24,353860.0,61.44,8765 
1999-06-25,353860.0,61.44,8765 
1999-06-28,353860.0,61.44,8765 
1999-06-29,353860.0,61.44,8765 
1999-06-30,353860.0,61.44,8765 
1999-07-01,347214.0,60.29,8601 
1999-07-02,347214.0,60.29,8601 
1999-07-05,347214.0,60.29,8601 
1999-07-06,347214.0,60.29,8601 
1999-07-07,347214.0,60.29,8601 
1999-07-08,347214.0,60.29,8601 
1999-07-09,347214.0,60.29,8601 
1999-07-12,347214.0,60.29,8601 
1999-07-13,347214.0,60.29,8601 
1999-07-14,347214.0,60.29,8601 
1999-07-15,347214.0,60.29,8601 
1999-07-16,347214.0,60.29,8601 
1999-07-19,347214.0,60.29,8601 
1999-07-20,347214.0,60.29,8601 
1999-07-21,347214.0,60.29,8601 
1999-07-22,347214.0,60.29,8601 
1999-07-23,347214.0,60.29,8601 
1999-07-26,347214.0,60.29,8601 
1999-07-27,347214.0,60.29,8601 
1999-07-28,347214.0,60.29,8601 
1999-07-29,347214.0,60.29,8601 
1999-07-30,347214.0,60.29,8601 
1999-08-02,349134.0,60.62,8648 
1999-08-03,349134.0,60.62,8648 
1999-08-04,349134.0,60.62,8648 
1999-08-05,349134.0,60.62,8648 
1999-08-06,349134.0,60.62,8648 
1999-08-09,349134.0,60.62,8648 
1999-08-10,349134.0,60.62,8648 
1999-08-11,349134.0,60.62,8648 
1999-08-12,349134.0,60.62,8648 
1999-08-13,349134.0,60.62,8648 
1999-08-16,349134.0,60.62,8648 
1999-08-17,349134.0,60.62,8648 
1999-08-18,349134.0,60.62,8648 
1999-08-19,349134.0,60.62,8648 
1999-08-20,349134.0,60.62,8648 
1999-08-23,349134.0,60.62,8648 
1999-08-24,349134.0,60.62,8648 
1999-08-25,349134.0,60.62,8648 
1999-08-26,349134.0,60.62,8648 
1999-08-27,349134.0,60.62,8648 
1999-08-30,349134.0,60.62,8648 
1999-08-31,349134.0,60.62,8648 
1999-09-01,352144.0,60.1,8723 
1999-09-02,352144.0,60.1,8723 
1999-09-03,352144.0,60.1,8723 
1999-09-06,352144.0,60.1,8723 
1999-09-07,352144.0,60.1,8723 
1999-09-08,352144.0,60.1,8723 
1999-09-09,352144.0,60.1,8723 
1999-09-10,352144.0,60.1,8723 
1999-09-13,352144.0,60.1,8723 
1999-09-14,352144.0,60.1,8723 
1999-09-15,352144.0,60.1,8723 
1999-09-16,352144.0,60.1,8723 
1999-09-17,352144.0,60.1,8723 
1999-09-20,352144.0,60.1,8723 
1999-09-21,352144.0,60.1,8723 
1999-09-22,352144.0,60.1,8723 
1999-09-23,352144.0,60.1,8723 
1999-09-24,352144.0,60.1,8723 
1999-09-27,352144.0,60.1,8723 
1999-09-28,352144.0,60.1,8723 
1999-09-29,352144.0,60.1,8723 
1999-09-30,352144.0,60.1,8723 
1999-10-01,350653.0,59.85,8686 
1999-10-04,350653.0,59.85,8686 
1999-10-05,350653.0,59.85,8686 
1999-10-06,350653.0,59.85,8686 
1999-10-07,350653.0,59.85,8686 
1999-10-08,350653.0,59.85,8686 
1999-10-11,350653.0,59.85,8686 
1999-10-13,350653.0,59.85,8686 
1999-10-14,350653.0,59.85,8686 
1999-10-15,350653.0,59.85,8686 
1999-10-18,350653.0,59.85,8686 
1999-10-19,350653.0,59.85,8686 
1999-10-20,350653.0,59.85,8686 
1999-10-21,350653.0,59.85,8686 
1999-10-22,350653.0,59.85,8686 
1999-10-25,350653.0,59.85,8686 
1999-10-26,350653.0,59.85,8686 
1999-10-27,350653.0,59.85,8686 
1999-10-28,350653.0,59.85,8686 
1999-10-29,350653.0,59.85,8686 
1999-11-02,355647.0,60.7,8810 
1999-11-03,355647.0,60.7,8810 
1999-11-04,355647.0,60.7,8810 
1999-11-05,355647.0,60.7,8810 
1999-11-08,355647.0,60.7,8810 
1999-11-09,355647.0,60.7,8810 
1999-11-10,355647.0,60.7,8810 
1999-11-11,355647.0,60.7,8810 
1999-11-12,355647.0,60.7,8810 
1999-11-15,355647.0,60.7,8810 
1999-11-16,355647.0,60.7,8810 
1999-11-17,355647.0,60.7,8810 
1999-11-18,355647.0,60.7,8810 
1999-11-19,355647.0,60.7,8810 
1999-11-22,355647.0,60.7,8810 
1999-11-23,355647.0,60.7,8810 
1999-11-24,355647.0,60.7,8810 
1999-11-25,355647.0,60.7,8810 
1999-11-26,355647.0,60.7,8810 
1999-11-29,355647.0,60.7,8810 
1999-11-30,355647.0,60.7,8810 
1999-12-01,362223.0,60.8,8950 
1999-12-02,362223.0,60.8,8950 
1999-12-03,362223.0,60.8,8950 
1999-12-07,362223.0,60.8,8950 
1999-12-09,362223.0,60.8,8950 
1999-12-10,362223.0,60.8,8950 
1999-12-13,362223.0,60.8,8950 
1999-12-14,362223.0,60.8,8950 
1999-12-15,362223.0,60.8,8950 
1999-12-16,362223.0,60.8,8950 
1999-12-17,362223.0,60.8,8950 
1999-12-20,362223.0,60.8,8950 
1999-12-21,362223.0,60.8,8950 
1999-12-22,362223.0,60.8,8950 
1999-12-23,362223.0,60.8,8950 
1999-12-27,362223.0,60.8,8950 
1999-12-28,362223.0,60.8,8950 
1999-12-29,362223.0,60.8,8950 
1999-12-30,362223.0,60.8,8950 
2000-01-03,361469.0,60.68,8932 
2000-01-04,361469.0,60.68,8932 
2000-01-05,361469.0,60.68,8932 
2000-01-07,361469.0,60.68,8932 
2000-01-10,361469.0,60.68,8932 
2000-01-11,361469.0,60.68,8932 
2000-01-12,361469.0,60.68,8932 
2000-01-13,361469.0,60.68,8932 
2000-01-14,361469.0,60.68,8932 
2000-01-17,361469.0,60.68,8932 
2000-01-18,361469.0,60.68,8932 
2000-01-19,361469.0,60.68,8932 
2000-01-20,361469.0,60.68,8932 
2000-01-21,361469.0,60.68,8932 
2000-01-24,361469.0,60.68,8932 
2000-01-25,361469.0,60.68,8932 
2000-01-26,361469.0,60.68,8932 
2000-01-27,361469.0,60.68,8932 
2000-01-28,361469.0,60.68,8932 
2000-01-31,361469.0,60.68,8932 
2000-02-01,363674.0,61.05,8986 
2000-02-02,363674.0,61.05,8986 
2000-02-03,363674.0,61.05,8986 
2000-02-04,363674.0,61.05,8986 
2000-02-07,363674.0,61.05,8986 
2000-02-08,363674.0,61.05,8986 
2000-02-09,363674.0,61.05,8986 
2000-02-10,363674.0,61.05,8986 
2000-02-11,363674.0,61.05,8986 
2000-02-14,363674.0,61.05,8986 
2000-02-15,363674.0,61.05,8986 
2000-02-16,363674.0,61.05,8986 
2000-02-17,363674.0,61.05,8986 
2000-02-18,363674.0,61.05,8986 
2000-02-21,363674.0,61.05,8986 
2000-02-22,363674.0,61.05,8986 
2000-02-23,363674.0,61.05,8986 
2000-02-24,363674.0,61.05,8986 
2000-02-25,363674.0,61.05,8986 
2000-02-28,363674.0,61.05,8986 
2000-02-29,363674.0,61.05,8986 
2000-03-01,362694.0,59.64,8962 
2000-03-02,362694.0,59.64,8962 
2000-03-03,362694.0,59.64,8962 
2000-03-06,362694.0,59.64,8962 
2000-03-07,362694.0,59.64,8962 
2000-03-08,362694.0,59.64,8962 
2000-03-09,362694.0,59.64,8962 
2000-03-10,362694.0,59.64,8962 
2000-03-13,362694.0,59.64,8962 
2000-03-14,362694.0,59.64,8962 
2000-03-15,362694.0,59.64,8962 
2000-03-16,362694.0,59.64,8962 
2000-03-17,362694.0,59.64,8962 
2000-03-20,362694.0,59.64,8962 
2000-03-21,362694.0,59.64,8962 
2000-03-22,362694.0,59.64,8962 
2000-03-23,362694.0,59.64,8962 
2000-03-24,362694.0,59.64,8962 
2000-03-27,362694.0,59.64,8962 
2000-03-28,362694.0,59.64,8962 
2000-03-29,362694.0,59.64,8962 
2000-03-30,362694.0,59.64,8962 
2000-03-31,362694.0,59.64,8962 
2000-04-03,360996.0,59.36,8920 
2000-04-04,360996.0,59.36,8920 
2000-04-05,360996.0,59.36,8920 
2000-04-06,360996.0,59.36,8920 
2000-04-07,360996.0,59.36,8920 
2000-04-10,360996.0,59.36,8920 
2000-04-11,360996.0,59.36,8920 
2000-04-12,360996.0,59.36,8920 
2000-04-13,360996.0,59.36,8920 
2000-04-14,360996.0,59.36,8920 
2000-04-17,360996.0,59.36,8920 
2000-04-18,360996.0,59.36,8920 
2000-04-19,360996.0,59.36,8920 
2000-04-20,360996.0,59.36,8920 
2000-04-25,360996.0,59.36,8920 
2000-04-26,360996.0,59.36,8920 
2000-04-27,360996.0,59.36,8920 
2000-04-28,360996.0,59.36,8920 
2000-05-02,362887.0,59.67,8967 
2000-05-03,362887.0,59.67,8967 
2000-05-04,362887.0,59.67,8967 
2000-05-05,362887.0,59.67,8967 
2000-05-08,362887.0,59.67,8967 
2000-05-09,362887.0,59.67,8967 
2000-05-10,362887.0,59.67,8967 
2000-05-11,362887.0,59.67,8967 
2000-05-12,362887.0,59.67,8967 
2000-05-15,362887.0,59.67,8967 
2000-05-16,362887.0,59.67,8967 
2000-05-17,362887.0,59.67,8967 
2000-05-18,362887.0,59.67,8967 
2000-05-19,362887.0,59.67,8967 
2000-05-22,362887.0,59.67,8967 
2000-05-23,362887.0,59.67,8967 
2000-05-24,362887.0,59.67,8967 
2000-05-25,362887.0,59.67,8967 
2000-05-26,362887.0,59.67,8967 
2000-05-29,362887.0,59.67,8967 
2000-05-30,362887.0,59.67,8967 
2000-05-31,362887.0,59.67,8967 
2000-06-01,365743.0,58.87,9019 
2000-06-02,365743.0,58.87,9019 
2000-06-05,365743.0,58.87,9019 
2000-06-06,365743.0,58.87,9019 
2000-06-07,365743.0,58.87,9019 
2000-06-08,365743.0,58.87,9019 
2000-06-09,365743.0,58.87,9019 
2000-06-12,365743.0,58.87,9019 
2000-06-13,365743.0,58.87,9019 
2000-06-14,365743.0,58.87,9019 
2000-06-15,365743.0,58.87,9019 
2000-06-16,365743.0,58.87,9019 
2000-06-19,365743.0,58.87,9019 
2000-06-20,365743.0,58.87,9019 
2000-06-21,365743.0,58.87,9019 
2000-06-22,365743.0,58.87,9019 
2000-06-23,365743.0,58.87,9019 
2000-06-26,365743.0,58.87,9019 
2000-06-27,365743.0,58.87,9019 
2000-06-28,365743.0,58.87,9019 
2000-06-29,365743.0,58.87,9019 
2000-06-30,365743.0,58.87,9019 
2000-07-03,369436.0,59.46,9110 
2000-07-04,369436.0,59.46,9110 
2000-07-05,369436.0,59.46,9110 
2000-07-06,369436.0,59.46,9110 
2000-07-07,369436.0,59.46,9110 
2000-07-10,369436.0,59.46,9110 
2000-07-11,369436.0,59.46,9110 
2000-07-12,369436.0,59.46,9110 
2000-07-13,369436.0,59.46,9110 
2000-07-14,369436.0,59.46,9110 
2000-07-17,369436.0,59.46,9110 
2000-07-18,369436.0,59.46,9110 
2000-07-19,369436.0,59.46,9110 
2000-07-20,369436.0,59.46,9110 
2000-07-21,369436.0,59.46,9110 
2000-07-24,369436.0,59.46,9110 
2000-07-25,369436.0,59.46,9110 
2000-07-26,369436.0,59.46,9110 
2000-07-27,369436.0,59.46,9110 
2000-07-28,369436.0,59.46,9110 
2000-07-31,369436.0,59.46,9110 
2000-08-01,367763.0,59.19,9068 
2000-08-02,367763.0,59.19,9068 
2000-08-03,367763.0,59.19,9068 
2000-08-04,367763.0,59.19,9068 
2000-08-07,367763.0,59.19,9068 
2000-08-08,367763.0,59.19,9068 
2000-08-09,367763.0,59.19,9068 
2000-08-10,367763.0,59.19,9068 
2000-08-11,367763.0,59.19,9068 
2000-08-14,367763.0,59.19,9068 
2000-08-15,367763.0,59.19,9068 
2000-08-16,367763.0,59.19,9068 
2000-08-17,367763.0,59.19,9068 
2000-08-18,367763.0,59.19,9068 
2000-08-21,367763.0,59.19,9068 
2000-08-22,367763.0,59.19,9068 
2000-08-23,367763.0,59.19,9068 
2000-08-24,367763.0,59.19,9068 
2000-08-25,367763.0,59.19,9068 
2000-08-28,367763.0,59.19,9068 
2000-08-29,367763.0,59.19,9068 
2000-08-30,367763.0,59.19,9068 
2000-08-31,367763.0,59.19,9068 
2000-09-01,369100.0,58.16,9101 
2000-09-04,369100.0,58.16,9101 
2000-09-05,369100.0,58.16,9101 
2000-09-06,369100.0,58.16,9101 
2000-09-07,369100.0,58.16,9101 
2000-09-08,369100.0,58.16,9101 
2000-09-11,369100.0,58.16,9101 
2000-09-12,369100.0,58.16,9101 
2000-09-13,369100.0,58.16,9101 
2000-09-14,369100.0,58.16,9101 
2000-09-15,369100.0,58.16,9101 
2000-09-18,369100.0,58.16,9101 
2000-09-19,369100.0,58.16,9101 
2000-09-20,369100.0,58.16,9101 
2000-09-21,369100.0,58.16,9101 
2000-09-22,369100.0,58.16,9101 
2000-09-25,369100.0,58.16,9101 
2000-09-26,369100.0,58.16,9101 
2000-09-27,369100.0,58.16,9101 
2000-09-28,369100.0,58.16,9101 
2000-09-29,369100.0,58.16,9101 
2000-10-02,371977.0,58.61,9172 
2000-10-03,371977.0,58.61,9172 
2000-10-04,371977.0,58.61,9172 
2000-10-05,371977.0,58.61,9172 
2000-10-06,371977.0,58.61,9172 
2000-10-09,371977.0,58.61,9172 
2000-10-10,371977.0,58.61,9172 
2000-10-11,371977.0,58.61,9172 
2000-10-13,371977.0,58.61,9172 
2000-10-16,371977.0,58.61,9172 
2000-10-17,371977.0,58.61,9172 
2000-10-18,371977.0,58.61,9172 
2000-10-19,371977.0,58.61,9172 
2000-10-20,371977.0,58.61,9172 
2000-10-23,371977.0,58.61,9172 
2000-10-24,371977.0,58.61,9172 
2000-10-25,371977.0,58.61,9172 
2000-10-26,371977.0,58.61,9172 
2000-10-27,371977.0,58.61,9172 
2000-10-30,371977.0,58.61,9172 
2000-10-31,371977.0,58.61,9172 
2000-11-02,373649.0,58.87,9214 
2000-11-03,373649.0,58.87,9214 
2000-11-06,373649.0,58.87,9214 
2000-11-07,373649.0,58.87,9214 
2000-11-08,373649.0,58.87,9214 
2000-11-09,373649.0,58.87,9214 
2000-11-10,373649.0,58.87,9214 
2000-11-13,373649.0,58.87,9214 
2000-11-14,373649.0,58.87,9214 
2000-11-15,373649.0,58.87,9214 
2000-11-16,373649.0,58.87,9214 
2000-11-17,373649.0,58.87,9214 
2000-11-20,373649.0,58.87,9214 
2000-11-21,373649.0,58.87,9214 
2000-11-22,373649.0,58.87,9214 
2000-11-23,373649.0,58.87,9214 
2000-11-24,373649.0,58.87,9214 
2000-11-27,373649.0,58.87,9214 
2000-11-28,373649.0,58.87,9214 
2000-11-29,373649.0,58.87,9214 
2000-11-30,373649.0,58.87,9214 
2000-12-01,374557.0,57.82,9211 
2000-12-04,374557.0,57.82,9211 
2000-12-05,374557.0,57.82,9211 
2000-12-07,374557.0,57.82,9211 
2000-12-11,374557.0,57.82,9211 
2000-12-12,374557.0,57.82,9211 
2000-12-13,374557.0,57.82,9211 
2000-12-14,374557.0,57.82,9211 
2000-12-15,374557.0,57.82,9211 
2000-12-18,374557.0,57.82,9211 
2000-12-19,374557.0,57.82,9211 
2000-12-20,374557.0,57.82,9211 
2000-12-21,374557.0,57.82,9211 
2000-12-22,374557.0,57.82,9211 
2000-12-27,374557.0,57.82,9211 
2000-12-28,374557.0,57.82,9211 
2000-12-29,374557.0,57.82,9211 
2001-01-02,369689.0,57.06,9091 
2001-01-03,369689.0,57.06,9091 
2001-01-04,369689.0,57.06,9091 
2001-01-05,369689.0,57.06,9091 
2001-01-08,369689.0,57.06,9091 
2001-01-09,369689.0,57.06,9091 
2001-01-10,369689.0,57.06,9091 
2001-01-11,369689.0,57.06,9091 
2001-01-12,369689.0,57.06,9091 
2001-01-15,369689.0,57.06,9091 
2001-01-16,369689.0,57.06,9091 
2001-01-17,369689.0,57.06,9091 
2001-01-18,369689.0,57.06,9091 
2001-01-19,369689.0,57.06,9091 
2001-01-22,369689.0,57.06,9091 
2001-01-23,369689.0,57.06,9091 
2001-01-24,369689.0,57.06,9091 
2001-01-25,369689.0,57.06,9091 
2001-01-26,369689.0,57.06,9091 
2001-01-29,369689.0,57.06,9091 
2001-01-30,369689.0,57.06,9091 
2001-01-31,369689.0,57.06,9091 
2001-02-01,369286.0,,9081 
2001-02-02,369286.0,,9081 
2001-02-05,369286.0,,9081 
2001-02-06,369286.0,,9081 
2001-02-07,369286.0,,9081 
2001-02-08,369286.0,,9081 
2001-02-09,369286.0,,9081 
2001-02-12,369286.0,,9081 
2001-02-13,369286.0,,9081 
2001-02-14,369286.0,,9081 
2001-02-15,369286.0,,9081 
2001-02-16,369286.0,,9081 
2001-02-19,369286.0,,9081 
2001-02-20,369286.0,,9081 
2001-02-21,369286.0,,9081 
2001-02-22,369286.0,,9081 
2001-02-23,369286.0,,9081 
2001-02-26,369286.0,,9081 
2001-02-27,369286.0,,9081 
2001-02-28,369286.0,,9081 
2001-03-01,372830.0,56.39,9.168 
2001-03-02,372830.0,56.39,9.168 
2001-03-05,372830.0,56.39,9.168 
2001-03-06,372830.0,56.39,9.168 
2001-03-07,372830.0,56.39,9.168 
2001-03-08,372830.0,56.39,9.168 
2001-03-09,372830.0,56.39,9.168 
2001-03-12,372830.0,56.39,9.168 
2001-03-13,372830.0,56.39,9.168 
2001-03-14,372830.0,56.39,9.168 
2001-03-15,372830.0,56.39,9.168 
2001-03-16,372830.0,56.39,9.168 
2001-03-19,372830.0,56.39,9.168 
2001-03-20,372830.0,56.39,9.168 
2001-03-21,372830.0,56.39,9.168 
2001-03-22,372830.0,56.39,9.168 
2001-03-23,372830.0,56.39,9.168 
2001-03-26,372830.0,56.39,9.168 
2001-03-27,372830.0,56.39,9.168 
2001-03-28,372830.0,56.39,9.168 
2001-03-29,372830.0,56.39,9.168 
2001-03-30,372830.0,56.39,9.168 
2001-04-02,372356.0,56.32,9157 
2001-04-03,372356.0,56.32,9157 
2001-04-04,372356.0,56.32,9157 
2001-04-05,372356.0,56.32,9157 
2001-04-06,372356.0,56.32,9157 
2001-04-09,372356.0,56.32,9157 
2001-04-10,372356.0,56.32,9157 
2001-04-11,372356.0,56.32,9157 
2001-04-12,372356.0,56.32,9157 
2001-04-17,372356.0,56.32,9157 
2001-04-18,372356.0,56.32,9157 
2001-04-19,372356.0,56.32,9157 
2001-04-20,372356.0,56.32,9157 
2001-04-23,372356.0,56.32,9157 
2001-04-24,372356.0,56.32,9157 
2001-04-25,372356.0,56.32,9157 
2001-04-26,372356.0,56.32,9157 
2001-04-27,372356.0,56.32,9157 
2001-04-30,372356.0,56.32,9157 
2001-05-02,374287.0,56.61,9204 
2001-05-03,374287.0,56.61,9204 
2001-05-04,374287.0,56.61,9204 
2001-05-07,374287.0,56.61,9204 
2001-05-08,374287.0,56.61,9204 
2001-05-09,374287.0,56.61,9204 
2001-05-10,374287.0,56.61,9204 
2001-05-11,374287.0,56.61,9204 
2001-05-14,374287.0,56.61,9204 
2001-05-15,374287.0,56.61,9204 
2001-05-16,374287.0,56.61,9204 
2001-05-17,374287.0,56.61,9204 
2001-05-18,374287.0,56.61,9204 
2001-05-21,374287.0,56.61,9204 
2001-05-22,374287.0,56.61,9204 
2001-05-23,374287.0,56.61,9204 
2001-05-24,374287.0,56.61,9204 
2001-05-25,374287.0,56.61,9204 
2001-05-28,374287.0,56.61,9204 
2001-05-29,374287.0,56.61,9204 
2001-05-30,374287.0,56.61,9204 
2001-05-31,374287.0,56.61,9204 
2001-06-01,377138.0,55.93,9251 
2001-06-04,377138.0,55.93,9251 
2001-06-05,377138.0,55.93,9251 
2001-06-06,377138.0,55.93,9251 
2001-06-07,377138.0,55.93,9251 
2001-06-08,377138.0,55.93,9251 
2001-06-11,377138.0,55.93,9251 
2001-06-12,377138.0,55.93,9251 
2001-06-13,377138.0,55.93,9251 
2001-06-14,377138.0,55.93,9251 
2001-06-15,377138.0,55.93,9251 
2001-06-18,377138.0,55.93,9251 
2001-06-19,377138.0,55.93,9251 
2001-06-20,377138.0,55.93,9251 
2001-06-21,377138.0,55.93,9251 
2001-06-22,377138.0,55.93,9251 
2001-06-25,377138.0,55.93,9251 
2001-06-26,377138.0,55.93,9251 
2001-06-27,377138.0,55.93,9251 
2001-06-28,377138.0,55.93,9251 
2001-06-29,377138.0,55.93,9251 
2001-07-02,379194.0,56.24,9302 
2001-07-03,379194.0,56.24,9302 
2001-07-04,379194.0,56.24,9302 
2001-07-05,379194.0,56.24,9302 
2001-07-06,379194.0,56.24,9302 
2001-07-09,379194.0,56.24,9302 
2001-07-10,379194.0,56.24,9302 
2001-07-11,379194.0,56.24,9302 
2001-07-12,379194.0,56.24,9302 
2001-07-13,379194.0,56.24,9302 
2001-07-16,379194.0,56.24,9302 
2001-07-17,379194.0,56.24,9302 
2001-07-18,379194.0,56.24,9302 
2001-07-19,379194.0,56.24,9302 
2001-07-20,379194.0,56.24,9302 
2001-07-23,379194.0,56.24,9302 
2001-07-24,379194.0,56.24,9302 
2001-07-25,379194.0,56.24,9302 
2001-07-26,379194.0,56.24,9302 
2001-07-27,379194.0,56.24,9302 
2001-07-30,379194.0,56.24,9302 
2001-07-31,379194.0,56.24,9302 
2001-08-01,377142.0,55.94,9251 
2001-08-02,377142.0,55.94,9251 
2001-08-03,377142.0,55.94,9251 
2001-08-06,377142.0,55.94,9251 
2001-08-07,377142.0,55.94,9251 
2001-08-08,377142.0,55.94,9251 
2001-08-09,377142.0,55.94,9251 
2001-08-10,377142.0,55.94,9251 
2001-08-13,377142.0,55.94,9251 
2001-08-14,377142.0,55.94,9251 
2001-08-16,377142.0,55.94,9251 
2001-08-17,377142.0,55.94,9251 
2001-08-20,377142.0,55.94,9251 
2001-08-21,377142.0,55.94,9251 
2001-08-22,377142.0,55.94,9251 
2001-08-23,377142.0,55.94,9251 
2001-08-24,377142.0,55.94,9251 
2001-08-27,377142.0,55.94,9251 
2001-08-28,377142.0,55.94,9251 
2001-08-29,377142.0,55.94,9251 
2001-08-30,377142.0,55.94,9251 
2001-08-31,377142.0,55.94,9251 
2001-09-03,378281.0,54.99,9279 
2001-09-04,378281.0,54.99,9279 
2001-09-05,378281.0,54.99,9279 
2001-09-06,378281.0,54.99,9279 
2001-09-07,378281.0,54.99,9279 
2001-09-10,378281.0,54.99,9279 
2001-09-12,378281.0,54.99,9279 
2001-09-13,378281.0,54.99,9279 
2001-09-14,378281.0,54.99,9279 
2001-09-17,378281.0,54.99,9279 
2001-09-18,378281.0,54.99,9279 
2001-09-19,378281.0,54.99,9279 
2001-09-20,378281.0,54.99,9279 
2001-09-21,378281.0,54.99,9279 
2001-09-24,378281.0,54.99,9279 
2001-09-25,378281.0,54.99,9279 
2001-09-26,378281.0,54.99,9279 
2001-09-27,378281.0,54.99,9279 
2001-09-28,378281.0,54.99,9279 
2001-10-01,378223.0,54.98,9278 
2001-10-02,378223.0,54.98,9278 
2001-10-03,378223.0,54.98,9278 
2001-10-04,378223.0,54.98,9278 
2001-10-05,378223.0,54.98,9278 
2001-10-08,378223.0,54.98,9278 
2001-10-09,378223.0,54.98,9278 
2001-10-10,378223.0,54.98,9278 
2001-10-11,378223.0,54.98,9278 
2001-10-15,378223.0,54.98,9278 
2001-10-16,378223.0,54.98,9278 
2001-10-17,378223.0,54.98,9278 
2001-10-18,378223.0,54.98,9278 
2001-10-19,378223.0,54.98,9278 
2001-10-22,378223.0,54.98,9278 
2001-10-23,378223.0,54.98,9278 
2001-10-24,378223.0,54.98,9278 
2001-10-25,378223.0,54.98,9278 
2001-10-26,378223.0,54.98,9278 
2001-10-29,378223.0,54.98,9278 
2001-10-30,378223.0,54.98,9278 
2001-10-31,378223.0,54.98,9278 
2001-11-01,377539.0,54.88,9261 
2001-11-02,377539.0,54.88,9261 
2001-11-05,377539.0,54.88,9261 
2001-11-06,377539.0,54.88,9261 
2001-11-07,377539.0,54.88,9261 
2001-11-08,377539.0,54.88,9261 
2001-11-09,377539.0,54.88,9261 
2001-11-12,377539.0,54.88,9261 
2001-11-13,377539.0,54.88,9261 
2001-11-14,377539.0,54.88,9261 
2001-11-15,377539.0,54.88,9261 
2001-11-16,377539.0,54.88,9261 
2001-11-19,377539.0,54.88,9261 
2001-11-20,377539.0,54.88,9261 
2001-11-21,377539.0,54.88,9261 
2001-11-22,377539.0,54.88,9261 
2001-11-23,377539.0,54.88,9261 
2001-11-26,377539.0,54.88,9261 
2001-11-27,377539.0,54.88,9261 
2001-11-28,377539.0,54.88,9261 
2001-11-29,377539.0,54.88,9261 
2001-11-30,377539.0,54.88,9261 
2001-12-03,378883.0,54.05,9233 
2001-12-04,378883.0,54.05,9233 
2001-12-05,378883.0,54.05,9233 
2001-12-07,378883.0,54.05,9233 
2001-12-10,378883.0,54.05,9233 
2001-12-11,378883.0,54.05,9233 
2001-12-12,378883.0,54.05,9233 
2001-12-13,378883.0,54.05,9233 
2001-12-14,378883.0,54.05,9233 
2001-12-17,378883.0,54.05,9233 
2001-12-18,378883.0,54.05,9233 
2001-12-19,378883.0,54.05,9233 
2001-12-20,378883.0,54.05,9233 
2001-12-21,378883.0,54.05,9233 
2001-12-27,378883.0,54.05,9233 
2001-12-28,378883.0,54.05,9233 
2002-01-02,379018.0,54.07,9236 
2002-01-03,379018.0,54.07,9236 
2002-01-04,379018.0,54.07,9236 
2002-01-07,379018.0,54.07,9236 
2002-01-08,379018.0,54.07,9236 
2002-01-09,379018.0,54.07,9236 
2002-01-10,379018.0,54.07,9236 
2002-01-11,379018.0,54.07,9236 
2002-01-14,379018.0,54.07,9236 
2002-01-15,379018.0,54.07,9236 
2002-01-16,379018.0,54.07,9236 
2002-01-17,379018.0,54.07,9236 
2002-01-18,379018.0,54.07,9236 
2002-01-21,379018.0,54.07,9236 
2002-01-22,379018.0,54.07,9236 
2002-01-23,379018.0,54.07,9236 
2002-01-24,379018.0,54.07,9236 
2002-01-25,379018.0,54.07,9236 
2002-01-28,379018.0,54.07,9236 
2002-01-29,379018.0,54.07,9236 
2002-01-30,379018.0,54.07,9236 
2002-01-31,379018.0,54.07,9236 
2002-02-01,375773.0,53.61,9157 
2002-02-04,375773.0,53.61,9157 
2002-02-05,375773.0,53.61,9157 
2002-02-06,375773.0,53.61,9157 
2002-02-07,375773.0,53.61,9157 
2002-02-08,375773.0,53.61,9157 
2002-02-11,375773.0,53.61,9157 
2002-02-12,375773.0,53.61,9157 
2002-02-13,375773.0,53.61,9157 
2002-02-14,375773.0,53.61,9157 
2002-02-15,375773.0,53.61,9157 
2002-02-18,375773.0,53.61,9157 
2002-02-19,375773.0,53.61,9157 
2002-02-20,375773.0,53.61,9157 
2002-02-21,375773.0,53.61,9157 
2002-02-22,375773.0,53.61,9157 
2002-02-25,375773.0,53.61,9157 
2002-02-26,375773.0,53.61,9157 
2002-02-27,375773.0,53.61,9157 
2002-02-28,375773.0,53.61,9157 
2002-03-01,379002.0,53.16,9236 
2002-03-04,379002.0,53.16,9236 
2002-03-05,379002.0,53.16,9236 
2002-03-06,379002.0,53.16,9236 
2002-03-07,379002.0,53.16,9236 
2002-03-08,379002.0,53.16,9236 
2002-03-11,379002.0,53.16,9236 
2002-03-12,379002.0,53.16,9236 
2002-03-13,379002.0,53.16,9236 
2002-03-14,379002.0,53.16,9236 
2002-03-15,379002.0,53.16,9236 
2002-03-18,379002.0,53.16,9236 
2002-03-19,379002.0,53.16,9236 
2002-03-20,379002.0,53.16,9236 
2002-03-21,379002.0,53.16,9236 
2002-03-22,379002.0,53.16,9236 
2002-03-25,379002.0,53.16,9236 
2002-03-26,379002.0,53.16,9236 
2002-03-27,379002.0,53.16,9236 
2002-03-28,379002.0,53.16,9236 
2002-04-02,382310.0,53.62,9317 
2002-04-03,382310.0,53.62,9317 
2002-04-04,382310.0,53.62,9317 
2002-04-05,382310.0,53.62,9317 
2002-04-08,382310.0,53.62,9317 
2002-04-09,382310.0,53.62,9317 
2002-04-10,382310.0,53.62,9317 
2002-04-11,382310.0,53.62,9317 
2002-04-12,382310.0,53.62,9317 
2002-04-15,382310.0,53.62,9317 
2002-04-16,382310.0,53.62,9317 
2002-04-17,382310.0,53.62,9317 
2002-04-18,382310.0,53.62,9317 
2002-04-19,382310.0,53.62,9317 
2002-04-22,382310.0,53.62,9317 
2002-04-23,382310.0,53.62,9317 
2002-04-24,382310.0,53.62,9317 
2002-04-25,382310.0,53.62,9317 
2002-04-26,382310.0,53.62,9317 
2002-04-29,382310.0,53.62,9317 
2002-04-30,382310.0,53.62,9317 
2002-05-02,385278.0,54.04,9389 
2002-05-03,385278.0,54.04,9389 
2002-05-06,385278.0,54.04,9389 
2002-05-07,385278.0,54.04,9389 
2002-05-08,385278.0,54.04,9389 
2002-05-09,385278.0,54.04,9389 
2002-05-10,385278.0,54.04,9389 
2002-05-13,385278.0,54.04,9389 
2002-05-14,385278.0,54.04,9389 
2002-05-15,385278.0,54.04,9389 
2002-05-16,385278.0,54.04,9389 
2002-05-17,385278.0,54.04,9389 
2002-05-20,385278.0,54.04,9389 
2002-05-21,385278.0,54.04,9389 
2002-05-22,385278.0,54.04,9389 
2002-05-23,385278.0,54.04,9389 
2002-05-24,385278.0,54.04,9389 
2002-05-27,385278.0,54.04,9389 
2002-05-28,385278.0,54.04,9389 
2002-05-29,385278.0,54.04,9389 
2002-05-30,385278.0,54.04,9389 
2002-05-31,385278.0,54.04,9389 
2002-06-03,383191.0,52.79,9251 
2002-06-04,383191.0,52.79,9251 
2002-06-05,383191.0,52.79,9251 
2002-06-06,383191.0,52.79,9251 
2002-06-07,383191.0,52.79,9251 
2002-06-10,383191.0,52.79,9251 
2002-06-11,383191.0,52.79,9251 
2002-06-12,383191.0,52.79,9251 
2002-06-13,383191.0,52.79,9251 
2002-06-14,383191.0,52.79,9251 
2002-06-17,383191.0,52.79,9251 
2002-06-18,383191.0,52.79,9251 
2002-06-19,383191.0,52.79,9251 
2002-06-20,383191.0,52.79,9251 
2002-06-21,383191.0,52.79,9251 
2002-06-24,383191.0,52.79,9251 
2002-06-25,383191.0,52.79,9251 
2002-06-26,383191.0,52.79,9251 
2002-06-27,383191.0,52.79,9251 
2002-06-28,383191.0,52.79,9251 
2002-07-01,378386.0,52.13,9135 
2002-07-02,378386.0,52.13,9135 
2002-07-03,378386.0,52.13,9135 
2002-07-04,378386.0,52.13,9135 
2002-07-05,378386.0,52.13,9135 
2002-07-08,378386.0,52.13,9135 
2002-07-09,378386.0,52.13,9135 
2002-07-10,378386.0,52.13,9135 
2002-07-11,378386.0,52.13,9135 
2002-07-12,378386.0,52.13,9135 
2002-07-15,378386.0,52.13,9135 
2002-07-16,378386.0,52.13,9135 
2002-07-17,378386.0,52.13,9135 
2002-07-18,378386.0,52.13,9135 
2002-07-19,378386.0,52.13,9135 
2002-07-22,378386.0,52.13,9135 
2002-07-23,378386.0,52.13,9135 
2002-07-24,378386.0,52.13,9135 
2002-07-25,378386.0,52.13,9135 
2002-07-26,378386.0,52.13,9135 
2002-07-29,378386.0,52.13,9135 
2002-07-30,378386.0,52.13,9135 
2002-07-31,378386.0,52.13,9135 
2002-08-01,375566.0,51.74,9066 
2002-08-02,375566.0,51.74,9066 
2002-08-05,375566.0,51.74,9066 
2002-08-06,375566.0,51.74,9066 
2002-08-07,375566.0,51.74,9066 
2002-08-08,375566.0,51.74,9066 
2002-08-09,375566.0,51.74,9066 
2002-08-12,375566.0,51.74,9066 
2002-08-13,375566.0,51.74,9066 
2002-08-14,375566.0,51.74,9066 
2002-08-16,375566.0,51.74,9066 
2002-08-19,375566.0,51.74,9066 
2002-08-20,375566.0,51.74,9066 
2002-08-21,375566.0,51.74,9066 
2002-08-22,375566.0,51.74,9066 
2002-08-23,375566.0,51.74,9066 
2002-08-26,375566.0,51.74,9066 
2002-08-27,375566.0,51.74,9066 
2002-08-28,375566.0,51.74,9066 
2002-08-29,375566.0,51.74,9066 
2002-08-30,375566.0,51.74,9066 
2002-09-02,381131.0,51.65,9201 
2002-09-03,381131.0,51.65,9201 
2002-09-04,381131.0,51.65,9201 
2002-09-05,381131.0,51.65,9201 
2002-09-06,381131.0,51.65,9201 
2002-09-09,381131.0,51.65,9201 
2002-09-10,381131.0,51.65,9201 
2002-09-11,381131.0,51.65,9201 
2002-09-12,381131.0,51.65,9201 
2002-09-13,381131.0,51.65,9201 
2002-09-16,381131.0,51.65,9201 
2002-09-17,381131.0,51.65,9201 
2002-09-18,381131.0,51.65,9201 
2002-09-19,381131.0,51.65,9201 
2002-09-20,381131.0,51.65,9201 
2002-09-23,381131.0,51.65,9201 
2002-09-24,381131.0,51.65,9201 
2002-09-25,381131.0,51.65,9201 
2002-09-26,381131.0,51.65,9201 
2002-09-27,381131.0,51.65,9201 
2002-09-30,381131.0,51.65,9201 
2002-10-01,382508.0,51.84,9234 
2002-10-02,382508.0,51.84,9234 
2002-10-03,382508.0,51.84,9234 
2002-10-04,382508.0,51.84,9234 
2002-10-07,382508.0,51.84,9234 
2002-10-08,382508.0,51.84,9234 
2002-10-09,382508.0,51.84,9234 
2002-10-10,382508.0,51.84,9234 
2002-10-11,382508.0,51.84,9234 
2002-10-14,382508.0,51.84,9234 
2002-10-15,382508.0,51.84,9234 
2002-10-16,382508.0,51.84,9234 
2002-10-17,382508.0,51.84,9234 
2002-10-18,382508.0,51.84,9234 
2002-10-21,382508.0,51.84,9234 
2002-10-22,382508.0,51.84,9234 
2002-10-23,382508.0,51.84,9234 
2002-10-24,382508.0,51.84,9234 
2002-10-25,382508.0,51.84,9234 
2002-10-28,382508.0,51.84,9234 
2002-10-29,382508.0,51.84,9234 
2002-10-30,382508.0,51.84,9234 
2002-10-31,382508.0,51.84,9234 
2002-11-04,382560.0,51.84,9235 
2002-11-05,382560.0,51.84,9235 
2002-11-06,382560.0,51.84,9235 
2002-11-07,382560.0,51.84,9235 
2002-11-08,382560.0,51.84,9235 
2002-11-11,382560.0,51.84,9235 
2002-11-12,382560.0,51.84,9235 
2002-11-13,382560.0,51.84,9235 
2002-11-14,382560.0,51.84,9235 
2002-11-15,382560.0,51.84,9235 
2002-11-18,382560.0,51.84,9235 
2002-11-19,382560.0,51.84,9235 
2002-11-20,382560.0,51.84,9235 
2002-11-21,382560.0,51.84,9235 
2002-11-22,382560.0,51.84,9235 
2002-11-25,382560.0,51.84,9235 
2002-11-26,382560.0,51.84,9235 
2002-11-27,382560.0,51.84,9235 
2002-11-28,382560.0,51.84,9235 
2002-11-29,382560.0,51.84,9235 
2002-12-02,384145.0,51.25,9184 
2002-12-03,384145.0,51.25,9184 
2002-12-04,384145.0,51.25,9184 
2002-12-05,384145.0,51.25,9184 
2002-12-09,384145.0,51.25,9184 
2002-12-10,384145.0,51.25,9184 
2002-12-11,384145.0,51.25,9184 
2002-12-12,384145.0,51.25,9184 
2002-12-13,384145.0,51.25,9184 
2002-12-16,384145.0,51.25,9184 
2002-12-17,384145.0,51.25,9184 
2002-12-18,384145.0,51.25,9184 
2002-12-19,384145.0,51.25,9184 
2002-12-20,384145.0,51.25,9184 
2002-12-23,384145.0,51.25,9184 
2002-12-27,384145.0,51.25,9184 
2002-12-30,384145.0,51.25,9184 
2003-01-02,379077.0,50.57,9063 
2003-01-03,379077.0,50.57,9063 
2003-01-07,379077.0,50.57,9063 
2003-01-08,379077.0,50.57,9063 
2003-01-09,379077.0,50.57,9063 
2003-01-10,379077.0,50.57,9063 
2003-01-13,379077.0,50.57,9063 
2003-01-14,379077.0,50.57,9063 
2003-01-15,379077.0,50.57,9063 
2003-01-16,379077.0,50.57,9063 
2003-01-17,379077.0,50.57,9063 
2003-01-20,379077.0,50.57,9063 
2003-01-21,379077.0,50.57,9063 
2003-01-22,379077.0,50.57,9063 
2003-01-23,379077.0,50.57,9063 
2003-01-24,379077.0,50.57,9063 
2003-01-27,379077.0,50.57,9063 
2003-01-28,379077.0,50.57,9063 
2003-01-29,379077.0,50.57,9063 
2003-01-30,379077.0,50.57,9063 
2003-01-31,379077.0,50.57,9063 
2003-02-03,381225.0,50.86,9114 
2003-02-04,381225.0,50.86,9114 
2003-02-05,381225.0,50.86,9114 
2003-02-06,381225.0,50.86,9114 
2003-02-07,381225.0,50.86,9114 
2003-02-10,381225.0,50.86,9114 
2003-02-11,381225.0,50.86,9114 
2003-02-12,381225.0,50.86,9114 
2003-02-13,381225.0,50.86,9114 
2003-02-14,381225.0,50.86,9114 
2003-02-17,381225.0,50.86,9114 
2003-02-18,381225.0,50.86,9114 
2003-02-19,381225.0,50.86,9114 
2003-02-20,381225.0,50.86,9114 
2003-02-21,381225.0,50.86,9114 
2003-02-24,381225.0,50.86,9114 
2003-02-25,381225.0,50.86,9114 
2003-02-26,381225.0,50.86,9114 
2003-02-27,381225.0,50.86,9114 
2003-02-28,381225.0,50.86,9114 
2003-03-03,381976.0,50.12,9132 
2003-03-04,381976.0,50.12,9132 
2003-03-05,381976.0,50.12,9132 
2003-03-06,381976.0,50.12,9132 
2003-03-07,381976.0,50.12,9132 
2003-03-10,381976.0,50.12,9132 
2003-03-11,381976.0,50.12,9132 
2003-03-12,381976.0,50.12,9132 
2003-03-13,381976.0,50.12,9132 
2003-03-14,381976.0,50.12,9132 
2003-03-17,381976.0,50.12,9132 
2003-03-18,381976.0,50.12,9132 
2003-03-19,381976.0,50.12,9132 
2003-03-20,381976.0,50.12,9132 
2003-03-21,381976.0,50.12,9132 
2003-03-24,381976.0,50.12,9132 
2003-03-25,381976.0,50.12,9132 
2003-03-26,381976.0,50.12,9132 
2003-03-27,381976.0,50.12,9132 
2003-03-28,381976.0,50.12,9132 
2003-03-31,381976.0,50.12,9132 
2003-04-01,388749.0,,9294 
2003-04-02,388749.0,,9294 
2003-04-03,388749.0,,9294 
2003-04-04,388749.0,,9294 
2003-04-07,388749.0,,9294 
2003-04-08,388749.0,,9294 
2003-04-09,388749.0,,9294 
2003-04-10,388749.0,,9294 
2003-04-11,388749.0,,9294 
2003-04-14,388749.0,,9294 
2003-04-15,388749.0,,9294 
2003-04-16,388749.0,,9294 
2003-04-17,388749.0,,9294 
2003-04-22,388749.0,,9294 
2003-04-23,388749.0,,9294 
2003-04-24,388749.0,,9294 
2003-04-25,388749.0,,9294 
2003-04-28,388749.0,,9294 
2003-04-29,388749.0,,9294 
2003-04-30,388749.0,,9294 
2003-05-02,385294.0,50.55,9211 
2003-05-05,385294.0,50.55,9211 
2003-05-06,385294.0,50.55,9211 
2003-05-07,385294.0,50.55,9211 
2003-05-08,385294.0,50.55,9211 
2003-05-09,385294.0,50.55,9211 
2003-05-12,385294.0,50.55,9211 
2003-05-13,385294.0,50.55,9211 
2003-05-14,385294.0,50.55,9211 
2003-05-15,385294.0,50.55,9211 
2003-05-16,385294.0,50.55,9211 
2003-05-19,385294.0,50.55,9211 
2003-05-20,385294.0,50.55,9211 
2003-05-21,385294.0,50.55,9211 
2003-05-22,385294.0,50.55,9211 
2003-05-23,385294.0,50.55,9211 
2003-05-26,385294.0,50.55,9211 
2003-05-27,385294.0,50.55,9211 
2003-05-28,385294.0,50.55,9211 
2003-05-29,385294.0,50.55,9211 
2003-05-30,385294.0,50.55,9211 
2003-06-02,389134.0,50.19,9222 
2003-06-03,389134.0,50.19,9222 
2003-06-04,389134.0,50.19,9222 
2003-06-05,389134.0,50.19,9222 
2003-06-06,389134.0,50.19,9222 
2003-06-09,389134.0,50.19,9222 
2003-06-10,389134.0,50.19,9222 
2003-06-11,389134.0,50.19,9222 
2003-06-12,389134.0,50.19,9222 
2003-06-13,389134.0,50.19,9222 
2003-06-16,389134.0,50.19,9222 
2003-06-17,389134.0,50.19,9222 
2003-06-18,389134.0,50.19,9222 
2003-06-19,389134.0,50.19,9222 
2003-06-20,389134.0,50.19,9222 
2003-06-23,389134.0,50.19,9222 
2003-06-24,389134.0,50.19,9222 
2003-06-25,389134.0,50.19,9222 
2003-06-26,389134.0,50.19,9222 
2003-06-27,389134.0,50.19,9222 
2003-06-30,389134.0,50.19,9222 
2003-07-01,386588.0,49.86,9162 
2003-07-02,386588.0,49.86,9162 
2003-07-03,386588.0,49.86,9162 
2003-07-04,386588.0,49.86,9162 
2003-07-07,386588.0,49.86,9162 
2003-07-08,386588.0,49.86,9162 
2003-07-09,386588.0,49.86,9162 
2003-07-10,386588.0,49.86,9162 
2003-07-11,386588.0,49.86,9162 
2003-07-14,386588.0,49.86,9162 
2003-07-15,386588.0,49.86,9162 
2003-07-16,386588.0,49.86,9162 
2003-07-17,386588.0,49.86,9162 
2003-07-18,386588.0,49.86,9162 
2003-07-21,386588.0,49.86,9162 
2003-07-22,386588.0,49.86,9162 
2003-07-23,386588.0,49.86,9162 
2003-07-24,386588.0,49.86,9162 
2003-07-25,386588.0,49.86,9162 
2003-07-28,386588.0,49.86,9162 
2003-07-29,386588.0,49.86,9162 
2003-07-30,386588.0,49.86,9162 
2003-07-31,386588.0,49.86,9162 
2003-08-01,379466.0,48.94,8993 
2003-08-04,379466.0,48.94,8993 
2003-08-05,379466.0,48.94,8993 
2003-08-06,379466.0,48.94,8993 
2003-08-07,379466.0,48.94,8993 
2003-08-08,379466.0,48.94,8993 
2003-08-11,379466.0,48.94,8993 
2003-08-12,379466.0,48.94,8993 
2003-08-13,379466.0,48.94,8993 
2003-08-14,379466.0,48.94,8993 
2003-08-18,379466.0,48.94,8993 
2003-08-19,379466.0,48.94,8993 
2003-08-20,379466.0,48.94,8993 
2003-08-21,379466.0,48.94,8993 
2003-08-22,379466.0,48.94,8993 
2003-08-25,379466.0,48.94,8993 
2003-08-26,379466.0,48.94,8993 
2003-08-27,379466.0,48.94,8993 
2003-08-28,379466.0,48.94,8993 
2003-08-29,379466.0,48.94,8993 
2003-09-01,382788.0,48.55,9072 
2003-09-02,382788.0,48.55,9072 
2003-09-03,382788.0,48.55,9072 
2003-09-04,382788.0,48.55,9072 
2003-09-05,382788.0,48.55,9072 
2003-09-08,382788.0,48.55,9072 
2003-09-09,382788.0,48.55,9072 
2003-09-10,382788.0,48.55,9072 
2003-09-11,382788.0,48.55,9072 
2003-09-12,382788.0,48.55,9072 
2003-09-15,382788.0,48.55,9072 
2003-09-16,382788.0,48.55,9072 
2003-09-17,382788.0,48.55,9072 
2003-09-18,382788.0,48.55,9072 
2003-09-19,382788.0,48.55,9072 
2003-09-22,382788.0,48.55,9072 
2003-09-23,382788.0,48.55,9072 
2003-09-24,382788.0,48.55,9072 
2003-09-25,382788.0,48.55,9072 
2003-09-26,382788.0,48.55,9072 
2003-09-29,382788.0,48.55,9072 
2003-09-30,382788.0,48.55,9072 
2003-10-01,381215.0,48.35,9034 
2003-10-02,381215.0,48.35,9034 
2003-10-03,381215.0,48.35,9034 
2003-10-06,381215.0,48.35,9034 
2003-10-07,381215.0,48.35,9034 
2003-10-08,381215.0,48.35,9034 
2003-10-09,381215.0,48.35,9034 
2003-10-10,381215.0,48.35,9034 
2003-10-13,381215.0,48.35,9034 
2003-10-14,381215.0,48.35,9034 
2003-10-15,381215.0,48.35,9034 
2003-10-16,381215.0,48.35,9034 
2003-10-17,381215.0,48.35,9034 
2003-10-20,381215.0,48.35,9034 
2003-10-21,381215.0,48.35,9034 
2003-10-22,381215.0,48.35,9034 
2003-10-23,381215.0,48.35,9034 
2003-10-24,381215.0,48.35,9034 
2003-10-27,381215.0,48.35,9034 
2003-10-28,381215.0,48.35,9034 
2003-10-29,381215.0,48.35,9034 
2003-10-30,381215.0,48.35,9034 
2003-10-31,381215.0,48.35,9034 
2003-11-03,381203.0,48.35,9034 
2003-11-04,381203.0,48.35,9034 
2003-11-05,381203.0,48.35,9034 
2003-11-06,381203.0,48.35,9034 
2003-11-07,381203.0,48.35,9034 
2003-11-10,381203.0,48.35,9034 
2003-11-11,381203.0,48.35,9034 
2003-11-12,381203.0,48.35,9034 
2003-11-13,381203.0,48.35,9034 
2003-11-14,381203.0,48.35,9034 
2003-11-17,381203.0,48.35,9034 
2003-11-18,381203.0,48.35,9034 
2003-11-19,381203.0,48.35,9034 
2003-11-20,381203.0,48.35,9034 
2003-11-21,381203.0,48.35,9034 
2003-11-24,381203.0,48.35,9034 
2003-11-25,381203.0,48.35,9034 
2003-11-26,381203.0,48.35,9034 
2003-11-27,381203.0,48.35,9034 
2003-11-28,381203.0,48.35,9034 
2003-12-01,382775.0,47.71,8996 
2003-12-02,382775.0,47.71,8996 
2003-12-03,382775.0,47.71,8996 
2003-12-04,382775.0,47.71,8996 
2003-12-05,382775.0,47.71,8996 
2003-12-09,382775.0,47.71,8996 
2003-12-10,382775.0,47.71,8996 
2003-12-11,382775.0,47.71,8996 
2003-12-12,382775.0,47.71,8996 
2003-12-15,382775.0,47.71,8996 
2003-12-16,382775.0,47.71,8996 
2003-12-17,382775.0,47.71,8996 
2003-12-18,382775.0,47.71,8996 
2003-12-19,382775.0,47.71,8996 
2003-12-22,382775.0,47.71,8996 
2003-12-23,382775.0,47.71,8996 
2003-12-29,382775.0,47.71,8996 
2003-12-30,382775.0,47.71,8996 
2004-01-02,386087.0,48.12,9074 
2004-01-05,386087.0,48.12,9074 
2004-01-07,386087.0,48.12,9074 
2004-01-08,386087.0,48.12,9074 
2004-01-09,386087.0,48.12,9074 
2004-01-12,386087.0,48.12,9074 
2004-01-13,386087.0,48.12,9074 
2004-01-14,386087.0,48.12,9074 
2004-01-15,386087.0,48.12,9074 
2004-01-16,386087.0,48.12,9074 
2004-01-19,386087.0,48.12,9074 
2004-01-20,386087.0,48.12,9074 
2004-01-21,386087.0,48.12,9074 
2004-01-22,386087.0,48.12,9074 
2004-01-23,386087.0,48.12,9074 
2004-01-26,386087.0,48.12,9074 
2004-01-27,386087.0,48.12,9074 
2004-01-28,386087.0,48.12,9074 
2004-01-29,386087.0,48.12,9074 
2004-01-30,386087.0,48.12,9074 
2004-02-02,385067.0,,9050 
2004-02-03,385067.0,,9050 
2004-02-04,385067.0,,9050 
2004-02-05,385067.0,,9050 
2004-02-06,385067.0,,9050 
2004-02-09,385067.0,,9050 
2004-02-10,385067.0,,9050 
2004-02-11,385067.0,,9050 
2004-02-12,385067.0,,9050 
2004-02-13,385067.0,,9050 
2004-02-16,385067.0,,9050 
2004-02-17,385067.0,,9050 
2004-02-18,385067.0,,9050 
2004-02-19,385067.0,,9050 
2004-02-20,385067.0,,9050 
2004-02-23,385067.0,,9050 
2004-02-24,385067.0,,9050 
2004-02-25,385067.0,,9050 
2004-02-26,385067.0,,9050 
2004-02-27,385067.0,,9050 
2004-03-01,388781.0,47.64,9138 
2004-03-02,388781.0,47.64,9138 
2004-03-03,388781.0,47.64,9138 
2004-03-04,388781.0,47.64,9138 
2004-03-05,388781.0,47.64,9138 
2004-03-08,388781.0,47.64,9138 
2004-03-09,388781.0,47.64,9138 
2004-03-10,388781.0,47.64,9138 
2004-03-11,388781.0,47.64,9138 
2004-03-12,388781.0,47.64,9138 
2004-03-15,388781.0,47.64,9138 
2004-03-16,388781.0,47.64,9138 
2004-03-17,388781.0,47.64,9138 
2004-03-18,388781.0,47.64,9138 
2004-03-19,388781.0,47.64,9138 
2004-03-22,388781.0,47.64,9138 
2004-03-23,388781.0,47.64,9138 
2004-03-24,388781.0,47.64,9138 
2004-03-25,388781.0,47.64,9138 
2004-03-26,388781.0,47.64,9138 
2004-03-29,388781.0,47.64,9138 
2004-03-30,388781.0,47.64,9138 
2004-03-31,388781.0,47.64,9138 
2004-04-01,389000.0,47.67,9143 
2004-04-02,389000.0,47.67,9143 
2004-04-05,389000.0,47.67,9143 
2004-04-06,389000.0,47.67,9143 
2004-04-07,389000.0,47.67,9143 
2004-04-08,389000.0,47.67,9143 
2004-04-13,389000.0,47.67,9143 
2004-04-14,389000.0,47.67,9143 
2004-04-15,389000.0,47.67,9143 
2004-04-16,389000.0,47.67,9143 
2004-04-19,389000.0,47.67,9143 
2004-04-20,389000.0,47.67,9143 
2004-04-21,389000.0,47.67,9143 
2004-04-22,389000.0,47.67,9143 
2004-04-23,389000.0,47.67,9143 
2004-04-26,389000.0,47.67,9143 
2004-04-27,389000.0,47.67,9143 
2004-04-28,389000.0,47.67,9143 
2004-04-29,389000.0,47.67,9143 
2004-04-30,389000.0,47.67,9143 
2004-05-03,389477.0,47.73,9154 
2004-05-04,389477.0,47.73,9154 
2004-05-05,389477.0,47.73,9154 
2004-05-06,389477.0,47.73,9154 
2004-05-07,389477.0,47.73,9154 
2004-05-10,389477.0,47.73,9154 
2004-05-11,389477.0,47.73,9154 
2004-05-12,389477.0,47.73,9154 
2004-05-13,389477.0,47.73,9154 
2004-05-14,389477.0,47.73,9154 
2004-05-17,389477.0,47.73,9154 
2004-05-18,389477.0,47.73,9154 
2004-05-19,389477.0,47.73,9154 
2004-05-20,389477.0,47.73,9154 
2004-05-21,389477.0,47.73,9154 
2004-05-24,389477.0,47.73,9154 
2004-05-25,389477.0,47.73,9154 
2004-05-26,389477.0,47.73,9154 
2004-05-27,389477.0,47.73,9154 
2004-05-28,389477.0,47.73,9154 
2004-05-31,389477.0,47.73,9154 
2004-06-01,390340.0,47.08,9108 
2004-06-02,390340.0,47.08,9108 
2004-06-03,390340.0,47.08,9108 
2004-06-04,390340.0,47.08,9108 
2004-06-07,390340.0,47.08,9108 
2004-06-08,390340.0,47.08,9108 
2004-06-09,390340.0,47.08,9108 
2004-06-10,390340.0,47.08,9108 
2004-06-11,390340.0,47.08,9108 
2004-06-14,390340.0,47.08,9108 
2004-06-15,390340.0,47.08,9108 
2004-06-16,390340.0,47.08,9108 
2004-06-17,390340.0,47.08,9108 
2004-06-18,390340.0,47.08,9108 
2004-06-21,390340.0,47.08,9108 
2004-06-22,390340.0,47.08,9108 
2004-06-23,390340.0,47.08,9108 
2004-06-24,390340.0,47.08,9108 
2004-06-25,390340.0,47.08,9108 
2004-06-28,390340.0,47.08,9108 
2004-06-29,390340.0,47.08,9108 
2004-06-30,390340.0,47.08,9108 
2004-07-01,384469.0,46.37,8971 
2004-07-02,384469.0,46.37,8971 
2004-07-05,384469.0,46.37,8971 
2004-07-06,384469.0,46.37,8971 
2004-07-07,384469.0,46.37,8971 
2004-07-08,384469.0,46.37,8971 
2004-07-09,384469.0,46.37,8971 
2004-07-12,384469.0,46.37,8971 
2004-07-13,384469.0,46.37,8971 
2004-07-14,384469.0,46.37,8971 
2004-07-15,384469.0,46.37,8971 
2004-07-16,384469.0,46.37,8971 
2004-07-19,384469.0,46.37,8971 
2004-07-20,384469.0,46.37,8971 
2004-07-21,384469.0,46.37,8971 
2004-07-22,384469.0,46.37,8971 
2004-07-23,384469.0,46.37,8971 
2004-07-26,384469.0,46.37,8971 
2004-07-27,384469.0,46.37,8971 
2004-07-28,384469.0,46.37,8971 
2004-07-29,384469.0,46.37,8971 
2004-07-30,384469.0,46.37,8971 
2004-08-02,380286.0,45.86,8873 
2004-08-03,380286.0,45.86,8873 
2004-08-04,380286.0,45.86,8873 
2004-08-05,380286.0,45.86,8873 
2004-08-06,380286.0,45.86,8873 
2004-08-09,380286.0,45.86,8873 
2004-08-10,380286.0,45.86,8873 
2004-08-11,380286.0,45.86,8873 
2004-08-12,380286.0,45.86,8873 
2004-08-13,380286.0,45.86,8873 
2004-08-17,380286.0,45.86,8873 
2004-08-18,380286.0,45.86,8873 
2004-08-19,380286.0,45.86,8873 
2004-08-20,380286.0,45.86,8873 
2004-08-23,380286.0,45.86,8873 
2004-08-24,380286.0,45.86,8873 
2004-08-25,380286.0,45.86,8873 
2004-08-26,380286.0,45.86,8873 
2004-08-27,380286.0,45.86,8873 
2004-08-30,380286.0,45.86,8873 
2004-08-31,380286.0,45.86,8873 
2004-09-01,386682.0,45.83,9022 
2004-09-02,386682.0,45.83,9022 
2004-09-03,386682.0,45.83,9022 
2004-09-06,386682.0,45.83,9022 
2004-09-07,386682.0,45.83,9022 
2004-09-08,386682.0,45.83,9022 
2004-09-09,386682.0,45.83,9022 
2004-09-10,386682.0,45.83,9022 
2004-09-13,386682.0,45.83,9022 
2004-09-14,386682.0,45.83,9022 
2004-09-15,386682.0,45.83,9022 
2004-09-16,386682.0,45.83,9022 
2004-09-17,386682.0,45.83,9022 
2004-09-20,386682.0,45.83,9022 
2004-09-21,386682.0,45.83,9022 
2004-09-22,386682.0,45.83,9022 
2004-09-23,386682.0,45.83,9022 
2004-09-24,386682.0,45.83,9022 
2004-09-27,386682.0,45.83,9022 
2004-09-28,386682.0,45.83,9022 
2004-09-29,386682.0,45.83,9022 
2004-09-30,386682.0,45.83,9022 
2004-10-01,378020.0,44.81,8820 
2004-10-04,378020.0,44.81,8820 
2004-10-05,378020.0,44.81,8820 
2004-10-06,378020.0,44.81,8820 
2004-10-07,378020.0,44.81,8820 
2004-10-08,378020.0,44.81,8820 
2004-10-11,378020.0,44.81,8820 
2004-10-13,378020.0,44.81,8820 
2004-10-14,378020.0,44.81,8820 
2004-10-15,378020.0,44.81,8820 
2004-10-18,378020.0,44.81,8820 
2004-10-19,378020.0,44.81,8820 
2004-10-20,378020.0,44.81,8820 
2004-10-21,378020.0,44.81,8820 
2004-10-22,378020.0,44.81,8820 
2004-10-25,378020.0,44.81,8820 
2004-10-26,378020.0,44.81,8820 
2004-10-27,378020.0,44.81,8820 
2004-10-28,378020.0,44.81,8820 
2004-10-29,378020.0,44.81,8820 
2004-11-02,387556.0,45.94,9043 
2004-11-03,387556.0,45.94,9043 
2004-11-04,387556.0,45.94,9043 
2004-11-05,387556.0,45.94,9043 
2004-11-08,387556.0,45.94,9043 
2004-11-09,387556.0,45.94,9043 
2004-11-10,387556.0,45.94,9043 
2004-11-11,387556.0,45.94,9043 
2004-11-12,387556.0,45.94,9043 
2004-11-15,387556.0,45.94,9043 
2004-11-16,387556.0,45.94,9043 
2004-11-17,387556.0,45.94,9043 
2004-11-18,387556.0,45.94,9043 
2004-11-19,387556.0,45.94,9043 
2004-11-22,387556.0,45.94,9043 
2004-11-23,387556.0,45.94,9043 
2004-11-24,387556.0,45.94,9043 
2004-11-25,387556.0,45.94,9043 
2004-11-26,387556.0,45.94,9043 
2004-11-29,387556.0,45.94,9043 
2004-11-30,387556.0,45.94,9043 
2004-12-01,389888.0,45.37,9005 
2004-12-02,389888.0,45.37,9005 
2004-12-03,389888.0,45.37,9005 
2004-12-07,389888.0,45.37,9005 
2004-12-09,389888.0,45.37,9005 
2004-12-10,389888.0,45.37,9005 
2004-12-13,389888.0,45.37,9005 
2004-12-14,389888.0,45.37,9005 
2004-12-15,389888.0,45.37,9005 
2004-12-16,389888.0,45.37,9005 
2004-12-17,389888.0,45.37,9005 
2004-12-20,389888.0,45.37,9005 
2004-12-21,389888.0,45.37,9005 
2004-12-22,389888.0,45.37,9005 
2004-12-23,389888.0,45.37,9005 
2004-12-27,389888.0,45.37,9005 
2004-12-28,389888.0,45.37,9005 
2004-12-29,389888.0,45.37,9005 
2004-12-30,389888.0,45.37,9005 
2005-01-03,396026.0,46.08,9147 
2005-01-04,396026.0,46.08,9147 
2005-01-05,396026.0,46.08,9147 
2005-01-07,396026.0,46.08,9147 
2005-01-10,396026.0,46.08,9147 
2005-01-11,396026.0,46.08,9147 
2005-01-12,396026.0,46.08,9147 
2005-01-13,396026.0,46.08,9147 
2005-01-14,396026.0,46.08,9147 
2005-01-17,396026.0,46.08,9147 
2005-01-18,396026.0,46.08,9147 
2005-01-19,396026.0,46.08,9147 
2005-01-20,396026.0,46.08,9147 
2005-01-21,396026.0,46.08,9147 
2005-01-24,396026.0,46.08,9147 
2005-01-25,396026.0,46.08,9147 
2005-01-26,396026.0,46.08,9147 
2005-01-27,396026.0,46.08,9147 
2005-01-28,396026.0,46.08,9147 
2005-01-31,396026.0,46.08,9147 
2005-02-01,391778.0,45.59,9049 
2005-02-02,391778.0,45.59,9049 
2005-02-03,391778.0,45.59,9049 
2005-02-04,391778.0,45.59,9049 
2005-02-07,391778.0,45.59,9049 
2005-02-08,391778.0,45.59,9049 
2005-02-09,391778.0,45.59,9049 
2005-02-10,391778.0,45.59,9049 
2005-02-11,391778.0,45.59,9049 
2005-02-14,391778.0,45.59,9049 
2005-02-15,391778.0,45.59,9049 
2005-02-16,391778.0,45.59,9049 
2005-02-17,391778.0,45.59,9049 
2005-02-18,391778.0,45.59,9049 
2005-02-21,391778.0,45.59,9049 
2005-02-22,391778.0,45.59,9049 
2005-02-23,391778.0,45.59,9049 
2005-02-24,391778.0,45.59,9049 
2005-02-25,391778.0,45.59,9049 
2005-02-28,391778.0,45.59,9049 
2005-03-01,394722.0,45.11,9117 
2005-03-02,394722.0,45.11,9117 
2005-03-03,394722.0,45.11,9117 
2005-03-04,394722.0,45.11,9117 
2005-03-07,394722.0,45.11,9117 
2005-03-08,394722.0,45.11,9117 
2005-03-09,394722.0,45.11,9117 
2005-03-10,394722.0,45.11,9117 
2005-03-11,394722.0,45.11,9117 
2005-03-14,394722.0,45.11,9117 
2005-03-15,394722.0,45.11,9117 
2005-03-16,394722.0,45.11,9117 
2005-03-17,394722.0,45.11,9117 
2005-03-18,394722.0,45.11,9117 
2005-03-21,394722.0,45.11,9117 
2005-03-22,394722.0,45.11,9117 
2005-03-23,394722.0,45.11,9117 
2005-03-24,394722.0,45.11,9117 
2005-03-29,394722.0,45.11,9117 
2005-03-30,394722.0,45.11,9117 
2005-03-31,394722.0,45.11,9117 
2005-04-01,388022.0,44.34,8962 
2005-04-04,388022.0,44.34,8962 
2005-04-05,388022.0,44.34,8962 
2005-04-06,388022.0,44.34,8962 
2005-04-07,388022.0,44.34,8962 
2005-04-08,388022.0,44.34,8962 
2005-04-11,388022.0,44.34,8962 
2005-04-12,388022.0,44.34,8962 
2005-04-13,388022.0,44.34,8962 
2005-04-14,388022.0,44.34,8962 
2005-04-15,388022.0,44.34,8962 
2005-04-18,388022.0,44.34,8962 
2005-04-19,388022.0,44.34,8962 
2005-04-20,388022.0,44.34,8962 
2005-04-21,388022.0,44.34,8962 
2005-04-22,388022.0,44.34,8962 
2005-04-25,388022.0,44.34,8962 
2005-04-26,388022.0,44.34,8962 
2005-04-27,388022.0,44.34,8962 
2005-04-28,388022.0,44.34,8962 
2005-04-29,388022.0,44.34,8962 
2005-05-02,382682.0,43.73,8839 
2005-05-03,382682.0,43.73,8839 
2005-05-04,382682.0,43.73,8839 
2005-05-05,382682.0,43.73,8839 
2005-05-06,382682.0,43.73,8839 
2005-05-09,382682.0,43.73,8839 
2005-05-10,382682.0,43.73,8839 
2005-05-11,382682.0,43.73,8839 
2005-05-12,382682.0,43.73,8839 
2005-05-13,382682.0,43.73,8839 
2005-05-16,382682.0,43.73,8839 
2005-05-17,382682.0,43.73,8839 
2005-05-18,382682.0,43.73,8839 
2005-05-19,382682.0,43.73,8839 
2005-05-20,382682.0,43.73,8839 
2005-05-23,382682.0,43.73,8839 
2005-05-24,382682.0,43.73,8839 
2005-05-25,382682.0,43.73,8839 
2005-05-26,382682.0,43.73,8839 
2005-05-27,382682.0,43.73,8839 
2005-05-30,382682.0,43.73,8839 
2005-05-31,382682.0,43.73,8839 
2005-06-01,393037.0,44.06,9002 
2005-06-02,393037.0,44.06,9002 
2005-06-03,393037.0,44.06,9002 
2005-06-06,393037.0,44.06,9002 
2005-06-07,393037.0,44.06,9002 
2005-06-08,393037.0,44.06,9002 
2005-06-09,393037.0,44.06,9002 
2005-06-10,393037.0,44.06,9002 
2005-06-13,393037.0,44.06,9002 
2005-06-14,393037.0,44.06,9002 
2005-06-15,393037.0,44.06,9002 
2005-06-16,393037.0,44.06,9002 
2005-06-17,393037.0,44.06,9002 
2005-06-20,393037.0,44.06,9002 
2005-06-21,393037.0,44.06,9002 
2005-06-22,393037.0,44.06,9002 
2005-06-23,393037.0,44.06,9002 
2005-06-24,393037.0,44.06,9002 
2005-06-27,393037.0,44.06,9002 
2005-06-28,393037.0,44.06,9002 
2005-06-29,393037.0,44.06,9002 
2005-06-30,393037.0,44.06,9002 
2005-07-01,376933.0,42.25,8633 
2005-07-04,376933.0,42.25,8633 
2005-07-05,376933.0,42.25,8633 
2005-07-06,376933.0,42.25,8633 
2005-07-07,376933.0,42.25,8633 
2005-07-08,376933.0,42.25,8633 
2005-07-11,376933.0,42.25,8633 
2005-07-12,376933.0,42.25,8633 
2005-07-13,376933.0,42.25,8633 
2005-07-14,376933.0,42.25,8633 
2005-07-15,376933.0,42.25,8633 
2005-07-18,376933.0,42.25,8633 
2005-07-19,376933.0,42.25,8633 
2005-07-20,376933.0,42.25,8633 
2005-07-21,376933.0,42.25,8633 
2005-07-22,376933.0,42.25,8633 
2005-07-25,376933.0,42.25,8633 
2005-07-26,376933.0,42.25,8633 
2005-07-27,376933.0,42.25,8633 
2005-07-28,376933.0,42.25,8633 
2005-07-29,376933.0,42.25,8633 
2005-08-01,373286.0,41.84,8549 
2005-08-02,373286.0,41.84,8549 
2005-08-03,373286.0,41.84,8549 
2005-08-04,373286.0,41.84,8549 
2005-08-05,373286.0,41.84,8549 
2005-08-08,373286.0,41.84,8549 
2005-08-09,373286.0,41.84,8549 
2005-08-10,373286.0,41.84,8549 
2005-08-11,373286.0,41.84,8549 
2005-08-12,373286.0,41.84,8549 
2005-08-15,373286.0,41.84,8549 
2005-08-16,373286.0,41.84,8549 
2005-08-17,373286.0,41.84,8549 
2005-08-18,373286.0,41.84,8549 
2005-08-19,373286.0,41.84,8549 
2005-08-22,373286.0,41.84,8549 
2005-08-23,373286.0,41.84,8549 
2005-08-24,373286.0,41.84,8549 
2005-08-25,373286.0,41.84,8549 
2005-08-26,373286.0,41.84,8549 
2005-08-29,373286.0,41.84,8549 
2005-08-30,373286.0,41.84,8549 
2005-08-31,373286.0,41.84,8549 
2005-09-01,390459.0,42.93,8943 
2005-09-02,390459.0,42.93,8943 
2005-09-05,390459.0,42.93,8943 
2005-09-06,390459.0,42.93,8943 
2005-09-07,390459.0,42.93,8943 
2005-09-08,390459.0,42.93,8943 
2005-09-09,390459.0,42.93,8943 
2005-09-12,390459.0,42.93,8943 
2005-09-13,390459.0,42.93,8943 
2005-09-14,390459.0,42.93,8943 
2005-09-15,390459.0,42.93,8943 
2005-09-16,390459.0,42.93,8943 
2005-09-19,390459.0,42.93,8943 
2005-09-20,390459.0,42.93,8943 
2005-09-21,390459.0,42.93,8943 
2005-09-22,390459.0,42.93,8943 
2005-09-23,390459.0,42.93,8943 
2005-09-26,390459.0,42.93,8943 
2005-09-27,390459.0,42.93,8943 
2005-09-28,390459.0,42.93,8943 
2005-09-29,390459.0,42.93,8943 
2005-09-30,390459.0,42.93,8943 
2005-10-03,377689.0,41.53,8650 
2005-10-04,377689.0,41.53,8650 
2005-10-05,377689.0,41.53,8650 
2005-10-06,377689.0,41.53,8650 
2005-10-07,377689.0,41.53,8650 
2005-10-10,377689.0,41.53,8650 
2005-10-11,377689.0,41.53,8650 
2005-10-12,377689.0,41.53,8650 
2005-10-13,377689.0,41.53,8650 
2005-10-14,377689.0,41.53,8650 
2005-10-17,377689.0,41.53,8650 
2005-10-18,377689.0,41.53,8650 
2005-10-19,377689.0,41.53,8650 
2005-10-20,377689.0,41.53,8650 
2005-10-21,377689.0,41.53,8650 
2005-10-24,377689.0,41.53,8650 
2005-10-25,377689.0,41.53,8650 
2005-10-26,377689.0,41.53,8650 
2005-10-27,377689.0,41.53,8650 
2005-10-28,377689.0,41.53,8650 
2005-10-31,377689.0,41.53,8650 
2005-11-01,382665.0,42.07,8764 
2005-11-02,382665.0,42.07,8764 
2005-11-03,382665.0,42.07,8764 
2005-11-04,382665.0,42.07,8764 
2005-11-07,382665.0,42.07,8764 
2005-11-08,382665.0,42.07,8764 
2005-11-09,382665.0,42.07,8764 
2005-11-10,382665.0,42.07,8764 
2005-11-11,382665.0,42.07,8764 
2005-11-14,382665.0,42.07,8764 
2005-11-15,382665.0,42.07,8764 
2005-11-16,382665.0,42.07,8764 
2005-11-17,382665.0,42.07,8764 
2005-11-18,382665.0,42.07,8764 
2005-11-21,382665.0,42.07,8764 
2005-11-22,382665.0,42.07,8764 
2005-11-23,382665.0,42.07,8764 
2005-11-24,382665.0,42.07,8764 
2005-11-25,382665.0,42.07,8764 
2005-11-28,382665.0,42.07,8764 
2005-11-29,382665.0,42.07,8764 
2005-11-30,382665.0,42.07,8764 
2005-12-01,393479.0,42.43,8941 
2005-12-02,393479.0,42.43,8941 
2005-12-05,393479.0,42.43,8941 
2005-12-06,393479.0,42.43,8941 
2005-12-07,393479.0,42.43,8941 
2005-12-08,393479.0,42.43,8941 
2005-12-09,393479.0,42.43,8941 
2005-12-12,393479.0,42.43,8941 
2005-12-13,393479.0,42.43,8941 
2005-12-14,393479.0,42.43,8941 
2005-12-15,393479.0,42.43,8941 
2005-12-16,393479.0,42.43,8941 
2005-12-19,393479.0,42.43,8941 
2005-12-20,393479.0,42.43,8941 
2005-12-21,393479.0,42.43,8941 
2005-12-22,393479.0,42.43,8941 
2005-12-23,393479.0,42.43,8941 
2005-12-27,393479.0,42.43,8941 
2005-12-28,393479.0,42.43,8941 
2005-12-29,393479.0,42.43,8941 
2005-12-30,393479.0,42.43,8941 
2006-01-02,377945.0,40.76,8588 
2006-01-03,377945.0,40.76,8588 
2006-01-04,377945.0,40.76,8588 
2006-01-05,377945.0,40.76,8588 
2006-01-06,377945.0,40.76,8588 
2006-01-09,377945.0,40.76,8588 
2006-01-10,377945.0,40.76,8588 
2006-01-11,377945.0,40.76,8588 
2006-01-12,377945.0,40.76,8588 
2006-01-13,377945.0,40.76,8588 
2006-01-16,377945.0,40.76,8588 
2006-01-17,377945.0,40.76,8588 
2006-01-18,377945.0,40.76,8588 
2006-01-19,377945.0,40.76,8588 
2006-01-20,377945.0,40.76,8588 
2006-01-23,377945.0,40.76,8588 
2006-01-24,377945.0,40.76,8588 
2006-01-25,377945.0,40.76,8588 
2006-01-26,377945.0,40.76,8588 
2006-01-27,377945.0,40.76,8588 
2006-01-30,377945.0,40.76,8588 
2006-01-31,377945.0,40.76,8588 
2006-02-01,377948.0,40.76,8588 
2006-02-02,377948.0,40.76,8588 
2006-02-03,377948.0,40.76,8588 
2006-02-06,377948.0,40.76,8588 
2006-02-07,377948.0,40.76,8588 
2006-02-08,377948.0,40.76,8588 
2006-02-09,377948.0,40.76,8588 
2006-02-10,377948.0,40.76,8588 
2006-02-13,377948.0,40.76,8588 
2006-02-14,377948.0,40.76,8588 
2006-02-15,377948.0,40.76,8588 
2006-02-16,377948.0,40.76,8588 
2006-02-17,377948.0,40.76,8588 
2006-02-20,377948.0,40.76,8588 
2006-02-21,377948.0,40.76,8588 
2006-02-22,377948.0,40.76,8588 
2006-02-23,377948.0,40.76,8588 
2006-02-24,377948.0,40.76,8588 
2006-02-27,377948.0,40.76,8588 
2006-02-28,377948.0,40.76,8588 
2006-03-01,393984.0,41.64,8952 
2006-03-02,393984.0,41.64,8952 
2006-03-03,393984.0,41.64,8952 
2006-03-06,393984.0,41.64,8952 
2006-03-07,393984.0,41.64,8952 
2006-03-08,393984.0,41.64,8952 
2006-03-09,393984.0,41.64,8952 
2006-03-10,393984.0,41.64,8952 
2006-03-13,393984.0,41.64,8952 
2006-03-14,393984.0,41.64,8952 
2006-03-15,393984.0,41.64,8952 
2006-03-16,393984.0,41.64,8952 
2006-03-17,393984.0,41.64,8952 
2006-03-20,393984.0,41.64,8952 
2006-03-21,393984.0,41.64,8952 
2006-03-22,393984.0,41.64,8952 
2006-03-23,393984.0,41.64,8952 
2006-03-24,393984.0,41.64,8952 
2006-03-27,393984.0,41.64,8952 
2006-03-28,393984.0,41.64,8952 
2006-03-29,393984.0,41.64,8952 
2006-03-30,393984.0,41.64,8952 
2006-03-31,393984.0,41.64,8952 
2006-04-03,379219.0,40.08,8617 
2006-04-04,379219.0,40.08,8617 
2006-04-05,379219.0,40.08,8617 
2006-04-06,379219.0,40.08,8617 
2006-04-07,379219.0,40.08,8617 
2006-04-10,379219.0,40.08,8617 
2006-04-11,379219.0,40.08,8617 
2006-04-12,379219.0,40.08,8617 
2006-04-13,379219.0,40.08,8617 
2006-04-18,379219.0,40.08,8617 
2006-04-19,379219.0,40.08,8617 
2006-04-20,379219.0,40.08,8617 
2006-04-21,379219.0,40.08,8617 
2006-04-24,379219.0,40.08,8617 
2006-04-25,379219.0,40.08,8617 
2006-04-26,379219.0,40.08,8617 
2006-04-27,379219.0,40.08,8617 
2006-04-28,379219.0,40.08,8617 
2006-05-02,379726.0,40.13,8628 
2006-05-03,379726.0,40.13,8628 
2006-05-04,379726.0,40.13,8628 
2006-05-05,379726.0,40.13,8628 
2006-05-08,379726.0,40.13,8628 
2006-05-09,379726.0,40.13,8628 
2006-05-10,379726.0,40.13,8628 
2006-05-11,379726.0,40.13,8628 
2006-05-12,379726.0,40.13,8628 
2006-05-15,379726.0,40.13,8628 
2006-05-16,379726.0,40.13,8628 
2006-05-17,379726.0,40.13,8628 
2006-05-18,379726.0,40.13,8628 
2006-05-19,379726.0,40.13,8628 
2006-05-22,379726.0,40.13,8628 
2006-05-23,379726.0,40.13,8628 
2006-05-24,379726.0,40.13,8628 
2006-05-25,379726.0,40.13,8628 
2006-05-26,379726.0,40.13,8628 
2006-05-29,379726.0,40.13,8628 
2006-05-30,379726.0,40.13,8628 
2006-05-31,379726.0,40.13,8628 
2006-06-01,390270.0,40.41,8798 
2006-06-02,390270.0,40.41,8798 
2006-06-05,390270.0,40.41,8798 
2006-06-06,390270.0,40.41,8798 
2006-06-07,390270.0,40.41,8798 
2006-06-08,390270.0,40.41,8798 
2006-06-09,390270.0,40.41,8798 
2006-06-12,390270.0,40.41,8798 
2006-06-13,390270.0,40.41,8798 
2006-06-14,390270.0,40.41,8798 
2006-06-15,390270.0,40.41,8798 
2006-06-16,390270.0,40.41,8798 
2006-06-19,390270.0,40.41,8798 
2006-06-20,390270.0,40.41,8798 
2006-06-21,390270.0,40.41,8798 
2006-06-22,390270.0,40.41,8798 
2006-06-23,390270.0,40.41,8798 
2006-06-26,390270.0,40.41,8798 
2006-06-27,390270.0,40.41,8798 
2006-06-28,390270.0,40.41,8798 
2006-06-29,390270.0,40.41,8798 
2006-06-30,390270.0,40.41,8798 
2006-07-03,383934.0,39.75,8655 
2006-07-04,383934.0,39.75,8655 
2006-07-05,383934.0,39.75,8655 
2006-07-06,383934.0,39.75,8655 
2006-07-07,383934.0,39.75,8655 
2006-07-10,383934.0,39.75,8655 
2006-07-11,383934.0,39.75,8655 
2006-07-12,383934.0,39.75,8655 
2006-07-13,383934.0,39.75,8655 
2006-07-14,383934.0,39.75,8655 
2006-07-17,383934.0,39.75,8655 
2006-07-18,383934.0,39.75,8655 
2006-07-19,383934.0,39.75,8655 
2006-07-20,383934.0,39.75,8655 
2006-07-21,383934.0,39.75,8655 
2006-07-24,383934.0,39.75,8655 
2006-07-25,383934.0,39.75,8655 
2006-07-26,383934.0,39.75,8655 
2006-07-27,383934.0,39.75,8655 
2006-07-28,383934.0,39.75,8655 
2006-07-31,383934.0,39.75,8655 
2006-08-01,379766.0,39.32,8561 
2006-08-02,379766.0,39.32,8561 
2006-08-03,379766.0,39.32,8561 
2006-08-04,379766.0,39.32,8561 
2006-08-07,379766.0,39.32,8561 
2006-08-08,379766.0,39.32,8561 
2006-08-09,379766.0,39.32,8561 
2006-08-10,379766.0,39.32,8561 
2006-08-11,379766.0,39.32,8561 
2006-08-14,379766.0,39.32,8561 
2006-08-15,379766.0,39.32,8561 
2006-08-16,379766.0,39.32,8561 
2006-08-17,379766.0,39.32,8561 
2006-08-18,379766.0,39.32,8561 
2006-08-21,379766.0,39.32,8561 
2006-08-22,379766.0,39.32,8561 
2006-08-23,379766.0,39.32,8561 
2006-08-24,379766.0,39.32,8561 
2006-08-25,379766.0,39.32,8561 
2006-08-28,379766.0,39.32,8561 
2006-08-29,379766.0,39.32,8561 
2006-08-30,379766.0,39.32,8561 
2006-08-31,379766.0,39.32,8561 
2006-09-01,394583.0,40.05,8895 
2006-09-04,394583.0,40.05,8895 
2006-09-05,394583.0,40.05,8895 
2006-09-06,394583.0,40.05,8895 
2006-09-07,394583.0,40.05,8895 
2006-09-08,394583.0,40.05,8895 
2006-09-11,394583.0,40.05,8895 
2006-09-12,394583.0,40.05,8895 
2006-09-13,394583.0,40.05,8895 
2006-09-14,394583.0,40.05,8895 
2006-09-15,394583.0,40.05,8895 
2006-09-18,394583.0,40.05,8895 
2006-09-19,394583.0,40.05,8895 
2006-09-20,394583.0,40.05,8895 
2006-09-21,394583.0,40.05,8895 
2006-09-22,394583.0,40.05,8895 
2006-09-25,394583.0,40.05,8895 
2006-09-26,394583.0,40.05,8895 
2006-09-27,394583.0,40.05,8895 
2006-09-28,394583.0,40.05,8895 
2006-09-29,394583.0,40.05,8895 
2006-10-02,377463.0,38.31,8509 
2006-10-03,377463.0,38.31,8509 
2006-10-04,377463.0,38.31,8509 
2006-10-05,377463.0,38.31,8509 
2006-10-06,377463.0,38.31,8509 
2006-10-09,377463.0,38.31,8509 
2006-10-10,377463.0,38.31,8509 
2006-10-11,377463.0,38.31,8509 
2006-10-12,377463.0,38.31,8509 
2006-10-13,377463.0,38.31,8509 
2006-10-16,377463.0,38.31,8509 
2006-10-17,377463.0,38.31,8509 
2006-10-18,377463.0,38.31,8509 
2006-10-19,377463.0,38.31,8509 
2006-10-20,377463.0,38.31,8509 
2006-10-23,377463.0,38.31,8509 
2006-10-24,377463.0,38.31,8509 
2006-10-25,377463.0,38.31,8509 
2006-10-26,377463.0,38.31,8509 
2006-10-27,377463.0,38.31,8509 
2006-10-30,377463.0,38.31,8509 
2006-10-31,377463.0,38.31,8509 
2006-11-01,381052.0,38.68,8590 
2006-11-02,381052.0,38.68,8590 
2006-11-03,381052.0,38.68,8590 
2006-11-06,381052.0,38.68,8590 
2006-11-07,381052.0,38.68,8590 
2006-11-08,381052.0,38.68,8590 
2006-11-09,381052.0,38.68,8590 
2006-11-10,381052.0,38.68,8590 
2006-11-13,381052.0,38.68,8590 
2006-11-14,381052.0,38.68,8590 
2006-11-15,381052.0,38.68,8590 
2006-11-16,381052.0,38.68,8590 
2006-11-17,381052.0,38.68,8590 
2006-11-20,381052.0,38.68,8590 
2006-11-21,381052.0,38.68,8590 
2006-11-22,381052.0,38.68,8590 
2006-11-23,381052.0,38.68,8590 
2006-11-24,381052.0,38.68,8590 
2006-11-27,381052.0,38.68,8590 
2006-11-28,381052.0,38.68,8590 
2006-11-29,381052.0,38.68,8590 
2006-11-30,381052.0,38.68,8590 
2006-12-01,392132.0,39.06,8756 
2006-12-04,392132.0,39.06,8756 
2006-12-05,392132.0,39.06,8756 
2006-12-06,392132.0,39.06,8756 
2006-12-07,392132.0,39.06,8756 
2006-12-08,392132.0,39.06,8756 
2006-12-11,392132.0,39.06,8756 
2006-12-12,392132.0,39.06,8756 
2006-12-13,392132.0,39.06,8756 
2006-12-14,392132.0,39.06,8756 
2006-12-15,392132.0,39.06,8756 
2006-12-18,392132.0,39.06,8756 
2006-12-19,392132.0,39.06,8756 
2006-12-20,392132.0,39.06,8756 
2006-12-21,392132.0,39.06,8756 
2006-12-22,392132.0,39.06,8756 
2006-12-27,392132.0,39.06,8756 
2006-12-28,392132.0,39.06,8756 
2006-12-29,392132.0,39.06,8756 
2007-01-02,386616.0,38.51,8633 
2007-01-03,386616.0,38.51,8633 
2007-01-04,386616.0,38.51,8633 
2007-01-05,386616.0,38.51,8633 
2007-01-08,386616.0,38.51,8633 
2007-01-09,386616.0,38.51,8633 
2007-01-10,386616.0,38.51,8633 
2007-01-11,386616.0,38.51,8633 
2007-01-12,386616.0,38.51,8633 
2007-01-15,386616.0,38.51,8633 
2007-01-16,386616.0,38.51,8633 
2007-01-17,386616.0,38.51,8633 
2007-01-18,386616.0,38.51,8633 
2007-01-19,386616.0,38.51,8633 
2007-01-22,386616.0,38.51,8633 
2007-01-23,386616.0,38.51,8633 
2007-01-24,386616.0,38.51,8633 
2007-01-25,386616.0,38.51,8633 
2007-01-26,386616.0,38.51,8633 
2007-01-29,386616.0,38.51,8633 
2007-01-30,386616.0,38.51,8633 
2007-01-31,386616.0,38.51,8633 
2007-02-01,387285.0,38.58,8648 
2007-02-02,387285.0,38.58,8648 
2007-02-05,387285.0,38.58,8648 
2007-02-06,387285.0,38.58,8648 
2007-02-07,387285.0,38.58,8648 
2007-02-08,387285.0,38.58,8648 
2007-02-09,387285.0,38.58,8648 
2007-02-12,387285.0,38.58,8648 
2007-02-13,387285.0,38.58,8648 
2007-02-14,387285.0,38.58,8648 
2007-02-15,387285.0,38.58,8648 
2007-02-16,387285.0,38.58,8648 
2007-02-19,387285.0,38.58,8648 
2007-02-20,387285.0,38.58,8648 
2007-02-21,387285.0,38.58,8648 
2007-02-22,387285.0,38.58,8648 
2007-02-23,387285.0,38.58,8648 
2007-02-26,387285.0,38.58,8648 
2007-02-27,387285.0,38.58,8648 
2007-02-28,387285.0,38.58,8648 
2007-03-01,398734.0,38.94,8903 
2007-03-02,398734.0,38.94,8903 
2007-03-05,398734.0,38.94,8903 
2007-03-06,398734.0,38.94,8903 
2007-03-07,398734.0,38.94,8903 
2007-03-08,398734.0,38.94,8903 
2007-03-09,398734.0,38.94,8903 
2007-03-12,398734.0,38.94,8903 
2007-03-13,398734.0,38.94,8903 
2007-03-14,398734.0,38.94,8903 
2007-03-15,398734.0,38.94,8903 
2007-03-16,398734.0,38.94,8903 
2007-03-19,398734.0,38.94,8903 
2007-03-20,398734.0,38.94,8903 
2007-03-21,398734.0,38.94,8903 
2007-03-22,398734.0,38.94,8903 
2007-03-23,398734.0,38.94,8903 
2007-03-26,398734.0,38.94,8903 
2007-03-27,398734.0,38.94,8903 
2007-03-28,398734.0,38.94,8903 
2007-03-29,398734.0,38.94,8903 
2007-03-30,398734.0,38.94,8903 
2007-04-02,386029.0,37.7,8620 
2007-04-03,386029.0,37.7,8620 
2007-04-04,386029.0,37.7,8620 
2007-04-05,386029.0,37.7,8620 
2007-04-10,386029.0,37.7,8620 
2007-04-11,386029.0,37.7,8620 
2007-04-12,386029.0,37.7,8620 
2007-04-13,386029.0,37.7,8620 
2007-04-16,386029.0,37.7,8620 
2007-04-17,386029.0,37.7,8620 
2007-04-18,386029.0,37.7,8620 
2007-04-19,386029.0,37.7,8620 
2007-04-20,386029.0,37.7,8620 
2007-04-23,386029.0,37.7,8620 
2007-04-24,386029.0,37.7,8620 
2007-04-25,386029.0,37.7,8620 
2007-04-26,386029.0,37.7,8620 
2007-04-27,386029.0,37.7,8620 
2007-04-30,386029.0,37.7,8620 
2007-05-02,387150.0,37.81,8645 
2007-05-03,387150.0,37.81,8645 
2007-05-04,387150.0,37.81,8645 
2007-05-07,387150.0,37.81,8645 
2007-05-08,387150.0,37.81,8645 
2007-05-09,387150.0,37.81,8645 
2007-05-10,387150.0,37.81,8645 
2007-05-11,387150.0,37.81,8645 
2007-05-14,387150.0,37.81,8645 
2007-05-15,387150.0,37.81,8645 
2007-05-16,387150.0,37.81,8645 
2007-05-17,387150.0,37.81,8645 
2007-05-18,387150.0,37.81,8645 
2007-05-21,387150.0,37.81,8645 
2007-05-22,387150.0,37.81,8645 
2007-05-23,387150.0,37.81,8645 
2007-05-24,387150.0,37.81,8645 
2007-05-25,387150.0,37.81,8645 
2007-05-28,387150.0,37.81,8645 
2007-05-29,387150.0,37.81,8645 
2007-05-30,387150.0,37.81,8645 
2007-05-31,387150.0,37.81,8645 
2007-06-01,400012.0,38.38,8843 
2007-06-04,400012.0,38.38,8843 
2007-06-05,400012.0,38.38,8843 
2007-06-06,400012.0,38.38,8843 
2007-06-07,400012.0,38.38,8843 
2007-06-08,400012.0,38.38,8843 
2007-06-11,400012.0,38.38,8843 
2007-06-12,400012.0,38.38,8843 
2007-06-13,400012.0,38.38,8843 
2007-06-14,400012.0,38.38,8843 
2007-06-15,400012.0,38.38,8843 
2007-06-18,400012.0,38.38,8843 
2007-06-19,400012.0,38.38,8843 
2007-06-20,400012.0,38.38,8843 
2007-06-21,400012.0,38.38,8843 
2007-06-22,400012.0,38.38,8843 
2007-06-25,400012.0,38.38,8843 
2007-06-26,400012.0,38.38,8843 
2007-06-27,400012.0,38.38,8843 
2007-06-28,400012.0,38.38,8843 
2007-06-29,400012.0,38.38,8843 
2007-07-02,380483.0,36.5,8411 
2007-07-03,380483.0,36.5,8411 
2007-07-04,380483.0,36.5,8411 
2007-07-05,380483.0,36.5,8411 
2007-07-06,380483.0,36.5,8411 
2007-07-09,380483.0,36.5,8411 
2007-07-10,380483.0,36.5,8411 
2007-07-11,380483.0,36.5,8411 
2007-07-12,380483.0,36.5,8411 
2007-07-13,380483.0,36.5,8411 
2007-07-16,380483.0,36.5,8411 
2007-07-17,380483.0,36.5,8411 
2007-07-18,380483.0,36.5,8411 
2007-07-19,380483.0,36.5,8411 
2007-07-20,380483.0,36.5,8411 
2007-07-23,380483.0,36.5,8411 
2007-07-24,380483.0,36.5,8411 
2007-07-25,380483.0,36.5,8411 
2007-07-26,380483.0,36.5,8411 
2007-07-27,380483.0,36.5,8411 
2007-07-30,380483.0,36.5,8411 
2007-07-31,380483.0,36.5,8411 
2007-08-01,375911.0,36.07,8310 
2007-08-02,375911.0,36.07,8310 
2007-08-03,375911.0,36.07,8310 
2007-08-06,375911.0,36.07,8310 
2007-08-07,375911.0,36.07,8310 
2007-08-08,375911.0,36.07,8310 
2007-08-09,375911.0,36.07,8310 
2007-08-10,375911.0,36.07,8310 
2007-08-13,375911.0,36.07,8310 
2007-08-14,375911.0,36.07,8310 
2007-08-15,375911.0,36.07,8310 
2007-08-16,375911.0,36.07,8310 
2007-08-17,375911.0,36.07,8310 
2007-08-20,375911.0,36.07,8310 
2007-08-21,375911.0,36.07,8310 
2007-08-22,375911.0,36.07,8310 
2007-08-23,375911.0,36.07,8310 
2007-08-24,375911.0,36.07,8310 
2007-08-27,375911.0,36.07,8310 
2007-08-28,375911.0,36.07,8310 
2007-08-29,375911.0,36.07,8310 
2007-08-30,375911.0,36.07,8310 
2007-08-31,375911.0,36.07,8310 
2007-09-03,391300.0,36.98,8650 
2007-09-04,391300.0,36.98,8650 
2007-09-05,391300.0,36.98,8650 
2007-09-06,391300.0,36.98,8650 
2007-09-07,391300.0,36.98,8650 
2007-09-10,391300.0,36.98,8650 
2007-09-11,391300.0,36.98,8650 
2007-09-12,391300.0,36.98,8650 
2007-09-13,391300.0,36.98,8650 
2007-09-14,391300.0,36.98,8650 
2007-09-17,391300.0,36.98,8650 
2007-09-18,391300.0,36.98,8650 
2007-09-19,391300.0,36.98,8650 
2007-09-20,391300.0,36.98,8650 
2007-09-21,391300.0,36.98,8650 
2007-09-24,391300.0,36.98,8650 
2007-09-25,391300.0,36.98,8650 
2007-09-26,391300.0,36.98,8650 
2007-09-27,391300.0,36.98,8650 
2007-09-28,391300.0,36.98,8650 
2007-10-01,371056.0,35.06,8203 
2007-10-02,371056.0,35.06,8203 
2007-10-03,371056.0,35.06,8203 
2007-10-04,371056.0,35.06,8203 
2007-10-05,371056.0,35.06,8203 
2007-10-08,371056.0,35.06,8203 
2007-10-09,371056.0,35.06,8203 
2007-10-10,371056.0,35.06,8203 
2007-10-11,371056.0,35.06,8203 
2007-10-12,371056.0,35.06,8203 
2007-10-15,371056.0,35.06,8203 
2007-10-16,371056.0,35.06,8203 
2007-10-17,371056.0,35.06,8203 
2007-10-18,371056.0,35.06,8203 
2007-10-19,371056.0,35.06,8203 
2007-10-22,371056.0,35.06,8203 
2007-10-23,371056.0,35.06,8203 
2007-10-24,371056.0,35.06,8203 
2007-10-25,371056.0,35.06,8203 
2007-10-26,371056.0,35.06,8203 
2007-10-29,371056.0,35.06,8203 
2007-10-30,371056.0,35.06,8203 
2007-10-31,371056.0,35.06,8203 
2007-11-01,374175.0,35.36,8272 
2007-11-02,374175.0,35.36,8272 
2007-11-05,374175.0,35.36,8272 
2007-11-06,374175.0,35.36,8272 
2007-11-07,374175.0,35.36,8272 
2007-11-08,374175.0,35.36,8272 
2007-11-09,374175.0,35.36,8272 
2007-11-12,374175.0,35.36,8272 
2007-11-13,374175.0,35.36,8272 
2007-11-14,374175.0,35.36,8272 
2007-11-15,374175.0,35.36,8272 
2007-11-16,374175.0,35.36,8272 
2007-11-19,374175.0,35.36,8272 
2007-11-20,374175.0,35.36,8272 
2007-11-21,374175.0,35.36,8272 
2007-11-22,374175.0,35.36,8272 
2007-11-23,374175.0,35.36,8272 
2007-11-26,374175.0,35.36,8272 
2007-11-27,374175.0,35.36,8272 
2007-11-28,374175.0,35.36,8272 
2007-11-29,374175.0,35.36,8272 
2007-11-30,374175.0,35.36,8272 
2007-12-03,384662.0,35.76,8423 
2007-12-04,384662.0,35.76,8423 
2007-12-05,384662.0,35.76,8423 
2007-12-06,384662.0,35.76,8423 
2007-12-07,384662.0,35.76,8423 
2007-12-10,384662.0,35.76,8423 
2007-12-11,384662.0,35.76,8423 
2007-12-12,384662.0,35.76,8423 
2007-12-13,384662.0,35.76,8423 
2007-12-14,384662.0,35.76,8423 
2007-12-17,384662.0,35.76,8423 
2007-12-18,384662.0,35.76,8423 
2007-12-19,384662.0,35.76,8423 
2007-12-20,384662.0,35.76,8423 
2007-12-21,384662.0,35.76,8423 
2007-12-27,384662.0,35.76,8423 
2007-12-28,384662.0,35.76,8423 
2008-01-02,365204.0,33.96,7997 
2008-01-03,365204.0,33.96,7997 
2008-01-04,365204.0,33.96,7997 
2008-01-07,365204.0,33.96,7997 
2008-01-08,365204.0,33.96,7997 
2008-01-09,365204.0,33.96,7997 
2008-01-10,365204.0,33.96,7997 
2008-01-11,365204.0,33.96,7997 
2008-01-14,365204.0,33.96,7997 
2008-01-15,365204.0,33.96,7997 
2008-01-16,365204.0,33.96,7997 
2008-01-17,365204.0,33.96,7997 
2008-01-18,365204.0,33.96,7997 
2008-01-21,365204.0,33.96,7997 
2008-01-22,365204.0,33.96,7997 
2008-01-23,365204.0,33.96,7997 
2008-01-24,365204.0,33.96,7997 
2008-01-25,365204.0,33.96,7997 
2008-01-28,365204.0,33.96,7997 
2008-01-29,365204.0,33.96,7997 
2008-01-30,365204.0,33.96,7997 
2008-01-31,365204.0,33.96,7997 
2008-02-01,369886.0,34.39,8099 
2008-02-04,369886.0,34.39,8099 
2008-02-05,369886.0,34.39,8099 
2008-02-06,369886.0,34.39,8099 
2008-02-07,369886.0,34.39,8099 
2008-02-08,369886.0,34.39,8099 
2008-02-11,369886.0,34.39,8099 
2008-02-12,369886.0,34.39,8099 
2008-02-13,369886.0,34.39,8099 
2008-02-14,369886.0,34.39,8099 
2008-02-15,369886.0,34.39,8099 
2008-02-18,369886.0,34.39,8099 
2008-02-19,369886.0,34.39,8099 
2008-02-20,369886.0,34.39,8099 
2008-02-21,369886.0,34.39,8099 
2008-02-22,369886.0,34.39,8099 
2008-02-25,369886.0,34.39,8099 
2008-02-26,369886.0,34.39,8099 
2008-02-27,369886.0,34.39,8099 
2008-02-28,369886.0,34.39,8099 
2008-02-29,369886.0,34.39,8099 
2008-03-03,380270.0,34.91,8327 
2008-03-04,380270.0,34.91,8327 
2008-03-05,380270.0,34.91,8327 
2008-03-06,380270.0,34.91,8327 
2008-03-07,380270.0,34.91,8327 
2008-03-10,380270.0,34.91,8327 
2008-03-11,380270.0,34.91,8327 
2008-03-12,380270.0,34.91,8327 
2008-03-13,380270.0,34.91,8327 
2008-03-14,380270.0,34.91,8327 
2008-03-17,380270.0,34.91,8327 
2008-03-18,380270.0,34.91,8327 
2008-03-19,380270.0,34.91,8327 
2008-03-20,380270.0,34.91,8327 
2008-03-25,380270.0,34.91,8327 
2008-03-26,380270.0,34.91,8327 
2008-03-27,380270.0,34.91,8327 
2008-03-28,380270.0,34.91,8327 
2008-03-31,380270.0,34.91,8327 
2008-04-01,368381.0,33.81,8066 
2008-04-02,368381.0,33.81,8066 
2008-04-03,368381.0,33.81,8066 
2008-04-04,368381.0,33.81,8066 
2008-04-07,368381.0,33.81,8066 
2008-04-08,368381.0,33.81,8066 
2008-04-09,368381.0,33.81,8066 
2008-04-10,368381.0,33.81,8066 
2008-04-11,368381.0,33.81,8066 
2008-04-14,368381.0,33.81,8066 
2008-04-15,368381.0,33.81,8066 
2008-04-16,368381.0,33.81,8066 
2008-04-17,368381.0,33.81,8066 
2008-04-18,368381.0,33.81,8066 
2008-04-21,368381.0,33.81,8066 
2008-04-22,368381.0,33.81,8066 
2008-04-23,368381.0,33.81,8066 
2008-04-24,368381.0,33.81,8066 
2008-04-25,368381.0,33.81,8066 
2008-04-28,368381.0,33.81,8066 
2008-04-29,368381.0,33.81,8066 
2008-04-30,368381.0,33.81,8066 
2008-05-02,373712.0,34.3,8183 
2008-05-05,373712.0,34.3,8183 
2008-05-06,373712.0,34.3,8183 
2008-05-07,373712.0,34.3,8183 
2008-05-08,373712.0,34.3,8183 
2008-05-09,373712.0,34.3,8183 
2008-05-12,373712.0,34.3,8183 
2008-05-13,373712.0,34.3,8183 
2008-05-14,373712.0,34.3,8183 
2008-05-15,373712.0,34.3,8183 
2008-05-16,373712.0,34.3,8183 
2008-05-19,373712.0,34.3,8183 
2008-05-20,373712.0,34.3,8183 
2008-05-21,373712.0,34.3,8183 
2008-05-22,373712.0,34.3,8183 
2008-05-23,373712.0,34.3,8183 
2008-05-26,373712.0,34.3,8183 
2008-05-27,373712.0,34.3,8183 
2008-05-28,373712.0,34.3,8183 
2008-05-29,373712.0,34.3,8183 
2008-05-30,373712.0,34.3,8183 
2008-06-02,390638.0,35.48,8495 
2008-06-03,390638.0,35.48,8495 
2008-06-04,390638.0,35.48,8495 
2008-06-05,390638.0,35.48,8495 
2008-06-06,390638.0,35.48,8495 
2008-06-09,390638.0,35.48,8495 
2008-06-10,390638.0,35.48,8495 
2008-06-11,390638.0,35.48,8495 
2008-06-12,390638.0,35.48,8495 
2008-06-13,390638.0,35.48,8495 
2008-06-16,390638.0,35.48,8495 
2008-06-17,390638.0,35.48,8495 
2008-06-18,390638.0,35.48,8495 
2008-06-19,390638.0,35.48,8495 
2008-06-20,390638.0,35.48,8495 
2008-06-23,390638.0,35.48,8495 
2008-06-24,390638.0,35.48,8495 
2008-06-25,390638.0,35.48,8495 
2008-06-26,390638.0,35.48,8495 
2008-06-27,390638.0,35.48,8495 
2008-06-30,390638.0,35.48,8495 
2008-07-01,377534.0,34.29,8210 
2008-07-02,377534.0,34.29,8210 
2008-07-03,377534.0,34.29,8210 
2008-07-04,377534.0,34.29,8210 
2008-07-07,377534.0,34.29,8210 
2008-07-08,377534.0,34.29,8210 
2008-07-09,377534.0,34.29,8210 
2008-07-10,377534.0,34.29,8210 
2008-07-11,377534.0,34.29,8210 
2008-07-14,377534.0,34.29,8210 
2008-07-15,377534.0,34.29,8210 
2008-07-16,377534.0,34.29,8210 
2008-07-17,377534.0,34.29,8210 
2008-07-18,377534.0,34.29,8210 
2008-07-21,377534.0,34.29,8210 
2008-07-22,377534.0,34.29,8210 
2008-07-23,377534.0,34.29,8210 
2008-07-24,377534.0,34.29,8210 
2008-07-25,377534.0,34.29,8210 
2008-07-28,377534.0,34.29,8210 
2008-07-29,377534.0,34.29,8210 
2008-07-30,377534.0,34.29,8210 
2008-07-31,377534.0,34.29,8210 
2008-08-01,378068.0,34.34,8222 
2008-08-04,378068.0,34.34,8222 
2008-08-05,378068.0,34.34,8222 
2008-08-06,378068.0,34.34,8222 
2008-08-07,378068.0,34.34,8222 
2008-08-08,378068.0,34.34,8222 
2008-08-11,378068.0,34.34,8222 
2008-08-12,378068.0,34.34,8222 
2008-08-13,378068.0,34.34,8222 
2008-08-14,378068.0,34.34,8222 
2008-08-15,378068.0,34.34,8222 
2008-08-18,378068.0,34.34,8222 
2008-08-19,378068.0,34.34,8222 
2008-08-20,378068.0,34.34,8222 
2008-08-21,378068.0,34.34,8222 
2008-08-22,378068.0,34.34,8222 
2008-08-25,378068.0,34.34,8222 
2008-08-26,378068.0,34.34,8222 
2008-08-27,378068.0,34.34,8222 
2008-08-28,378068.0,34.34,8222 
2008-08-29,378068.0,34.34,8222 
2008-09-01,403722.0,36.4,8780 
2008-09-02,403722.0,36.4,8780 
2008-09-03,403722.0,36.4,8780 
2008-09-04,403722.0,36.4,8780 
2008-09-05,403722.0,36.4,8780 
2008-09-08,403722.0,36.4,8780 
2008-09-09,403722.0,36.4,8780 
2008-09-10,403722.0,36.4,8780 
2008-09-11,403722.0,36.4,8780 
2008-09-12,403722.0,36.4,8780 
2008-09-15,403722.0,36.4,8780 
2008-09-16,403722.0,36.4,8780 
2008-09-17,403722.0,36.4,8780 
2008-09-18,403722.0,36.4,8780 
2008-09-19,403722.0,36.4,8780 
2008-09-22,403722.0,36.4,8780 
2008-09-23,403722.0,36.4,8780 
2008-09-24,403722.0,36.4,8780 
2008-09-25,403722.0,36.4,8780 
2008-09-26,403722.0,36.4,8780 
2008-09-29,403722.0,36.4,8780 
2008-09-30,403722.0,36.4,8780 
2008-10-01,387382.0,34.93,8424 
2008-10-02,387382.0,34.93,8424 
2008-10-03,387382.0,34.93,8424 
2008-10-06,387382.0,34.93,8424 
2008-10-07,387382.0,34.93,8424 
2008-10-08,387382.0,34.93,8424 
2008-10-09,387382.0,34.93,8424 
2008-10-10,387382.0,34.93,8424 
2008-10-13,387382.0,34.93,8424 
2008-10-14,387382.0,34.93,8424 
2008-10-15,387382.0,34.93,8424 
2008-10-16,387382.0,34.93,8424 
2008-10-17,387382.0,34.93,8424 
2008-10-20,387382.0,34.93,8424 
2008-10-21,387382.0,34.93,8424 
2008-10-22,387382.0,34.93,8424 
2008-10-23,387382.0,34.93,8424 
2008-10-24,387382.0,34.93,8424 
2008-10-27,387382.0,34.93,8424 
2008-10-28,387382.0,34.93,8424 
2008-10-29,387382.0,34.93,8424 
2008-10-30,387382.0,34.93,8424 
2008-10-31,387382.0,34.93,8424 
2008-11-03,406604.0,36.66,8842 
2008-11-04,406604.0,36.66,8842 
2008-11-05,406604.0,36.66,8842 
2008-11-06,406604.0,36.66,8842 
2008-11-07,406604.0,36.66,8842 
2008-11-10,406604.0,36.66,8842 
2008-11-11,406604.0,36.66,8842 
2008-11-12,406604.0,36.66,8842 
2008-11-13,406604.0,36.66,8842 
2008-11-14,406604.0,36.66,8842 
2008-11-17,406604.0,36.66,8842 
2008-11-18,406604.0,36.66,8842 
2008-11-19,406604.0,36.66,8842 
2008-11-20,406604.0,36.66,8842 
2008-11-21,406604.0,36.66,8842 
2008-11-24,406604.0,36.66,8842 
2008-11-25,406604.0,36.66,8842 
2008-11-26,406604.0,36.66,8842 
2008-11-27,406604.0,36.66,8842 
2008-11-28,406604.0,36.66,8842 
2008-12-01,440621.0,39.71,9529 
2008-12-02,440621.0,39.71,9529 
2008-12-03,440621.0,39.71,9529 
2008-12-04,440621.0,39.71,9529 
2008-12-05,440621.0,39.71,9529 
2008-12-08,440621.0,39.71,9529 
2008-12-09,440621.0,39.71,9529 
2008-12-10,440621.0,39.71,9529 
2008-12-11,440621.0,39.71,9529 
2008-12-12,440621.0,39.71,9529 
2008-12-15,440621.0,39.71,9529 
2008-12-16,440621.0,39.71,9529 
2008-12-17,440621.0,39.71,9529 
2008-12-18,440621.0,39.71,9529 
2008-12-19,440621.0,39.71,9529 
2008-12-22,440621.0,39.71,9529 
2008-12-23,440621.0,39.71,9529 
2008-12-29,440621.0,39.71,9529 
2008-12-30,440621.0,39.71,9529 
2009-01-02,440498.0,39.7,9527 
2009-01-05,440498.0,39.7,9527 
2009-01-06,440498.0,39.7,9527 
2009-01-07,440498.0,39.7,9527 
2009-01-08,440498.0,39.7,9527 
2009-01-09,440498.0,39.7,9527 
2009-01-12,440498.0,39.7,9527 
2009-01-13,440498.0,39.7,9527 
2009-01-14,440498.0,39.7,9527 
2009-01-15,440498.0,39.7,9527 
2009-01-16,440498.0,39.7,9527 
2009-01-19,440498.0,39.7,9527 
2009-01-20,440498.0,39.7,9527 
2009-01-21,440498.0,39.7,9527 
2009-01-22,440498.0,39.7,9527 
2009-01-23,440498.0,39.7,9527 
2009-01-26,440498.0,39.7,9527 
2009-01-27,440498.0,39.7,9527 
2009-01-28,440498.0,39.7,9527 
2009-01-29,440498.0,39.7,9527 
2009-01-30,440498.0,39.7,9527 
2009-02-02,457305.0,41.22,9890 
2009-02-03,457305.0,41.22,9890 
2009-02-04,457305.0,41.22,9890 
2009-02-05,457305.0,41.22,9890 
2009-02-06,457305.0,41.22,9890 
2009-02-09,457305.0,41.22,9890 
2009-02-10,457305.0,41.22,9890 
2009-02-11,457305.0,41.22,9890 
2009-02-12,457305.0,41.22,9890 
2009-02-13,457305.0,41.22,9890 
2009-02-16,457305.0,41.22,9890 
2009-02-17,457305.0,41.22,9890 
2009-02-18,457305.0,41.22,9890 
2009-02-19,457305.0,41.22,9890 
2009-02-20,457305.0,41.22,9890 
2009-02-23,457305.0,41.22,9890 
2009-02-24,457305.0,41.22,9890 
2009-02-25,457305.0,41.22,9890 
2009-02-26,457305.0,41.22,9890 
2009-02-27,457305.0,41.22,9890 
2009-03-02,473710.0,43.02,10245 
2009-03-03,473710.0,43.02,10245 
2009-03-04,473710.0,43.02,10245 
2009-03-05,473710.0,43.02,10245 
2009-03-06,473710.0,43.02,10245 
2009-03-09,473710.0,43.02,10245 
2009-03-10,473710.0,43.02,10245 
2009-03-11,473710.0,43.02,10245 
2009-03-12,473710.0,43.02,10245 
2009-03-13,473710.0,43.02,10245 
2009-03-16,473710.0,43.02,10245 
2009-03-17,473710.0,43.02,10245 
2009-03-18,473710.0,43.02,10245 
2009-03-19,473710.0,43.02,10245 
2009-03-20,473710.0,43.02,10245 
2009-03-23,473710.0,43.02,10245 
2009-03-24,473710.0,43.02,10245 
2009-03-25,473710.0,43.02,10245 
2009-03-26,473710.0,43.02,10245 
2009-03-27,473710.0,43.02,10245 
2009-03-30,473710.0,43.02,10245 
2009-03-31,473710.0,43.02,10245 
2009-04-01,486588.0,44.19,10523 
2009-04-02,486588.0,44.19,10523 
2009-04-03,486588.0,44.19,10523 
2009-04-06,486588.0,44.19,10523 
2009-04-07,486588.0,44.19,10523 
2009-04-08,486588.0,44.19,10523 
2009-04-09,486588.0,44.19,10523 
2009-04-14,486588.0,44.19,10523 
2009-04-15,486588.0,44.19,10523 
2009-04-16,486588.0,44.19,10523 
2009-04-17,486588.0,44.19,10523 
2009-04-20,486588.0,44.19,10523 
2009-04-21,486588.0,44.19,10523 
2009-04-22,486588.0,44.19,10523 
2009-04-23,486588.0,44.19,10523 
2009-04-24,486588.0,44.19,10523 
2009-04-27,486588.0,44.19,10523 
2009-04-28,486588.0,44.19,10523 
2009-04-29,486588.0,44.19,10523 
2009-04-30,486588.0,44.19,10523 
2009-05-04,492602.0,44.74,10653 
2009-05-05,492602.0,44.74,10653 
2009-05-06,492602.0,44.74,10653 
2009-05-07,492602.0,44.74,10653 
2009-05-08,492602.0,44.74,10653 
2009-05-11,492602.0,44.74,10653 
2009-05-12,492602.0,44.74,10653 
2009-05-13,492602.0,44.74,10653 
2009-05-14,492602.0,44.74,10653 
2009-05-15,492602.0,44.74,10653 
2009-05-18,492602.0,44.74,10653 
2009-05-19,492602.0,44.74,10653 
2009-05-20,492602.0,44.74,10653 
2009-05-21,492602.0,44.74,10653 
2009-05-22,492602.0,44.74,10653 
2009-05-25,492602.0,44.74,10653 
2009-05-26,492602.0,44.74,10653 
2009-05-27,492602.0,44.74,10653 
2009-05-28,492602.0,44.74,10653 
2009-05-29,492602.0,44.74,10653 
2009-06-01,511173.0,46.93,11024 
2009-06-02,511173.0,46.93,11024 
2009-06-03,511173.0,46.93,11024 
2009-06-04,511173.0,46.93,11024 
2009-06-05,511173.0,46.93,11024 
2009-06-08,511173.0,46.93,11024 
2009-06-09,511173.0,46.93,11024 
2009-06-10,511173.0,46.93,11024 
2009-06-11,511173.0,46.93,11024 
2009-06-12,511173.0,46.93,11024 
2009-06-15,511173.0,46.93,11024 
2009-06-16,511173.0,46.93,11024 
2009-06-17,511173.0,46.93,11024 
2009-06-18,511173.0,46.93,11024 
2009-06-19,511173.0,46.93,11024 
2009-06-22,511173.0,46.93,11024 
2009-06-23,511173.0,46.93,11024 
2009-06-24,511173.0,46.93,11024 
2009-06-25,511173.0,46.93,11024 
2009-06-26,511173.0,46.93,11024 
2009-06-29,511173.0,46.93,11024 
2009-06-30,511173.0,46.93,11024 
2009-07-01,510803.0,46.89,11016 
2009-07-02,510803.0,46.89,11016 
2009-07-03,510803.0,46.89,11016 
2009-07-06,510803.0,46.89,11016 
2009-07-07,510803.0,46.89,11016 
2009-07-08,510803.0,46.89,11016 
2009-07-09,510803.0,46.89,11016 
2009-07-10,510803.0,46.89,11016 
2009-07-13,510803.0,46.89,11016 
2009-07-14,510803.0,46.89,11016 
2009-07-15,510803.0,46.89,11016 
2009-07-16,510803.0,46.89,11016 
2009-07-17,510803.0,46.89,11016 
2009-07-20,510803.0,46.89,11016 
2009-07-21,510803.0,46.89,11016 
2009-07-22,510803.0,46.89,11016 
2009-07-23,510803.0,46.89,11016 
2009-07-24,510803.0,46.89,11016 
2009-07-27,510803.0,46.89,11016 
2009-07-28,510803.0,46.89,11016 
2009-07-29,510803.0,46.89,11016 
2009-07-30,510803.0,46.89,11016 
2009-07-31,510803.0,46.89,11016 
2009-08-03,513921.0,47.18,11084 
2009-08-04,513921.0,47.18,11084 
2009-08-05,513921.0,47.18,11084 
2009-08-06,513921.0,47.18,11084 
2009-08-07,513921.0,47.18,11084 
2009-08-10,513921.0,47.18,11084 
2009-08-11,513921.0,47.18,11084 
2009-08-12,513921.0,47.18,11084 
2009-08-13,513921.0,47.18,11084 
2009-08-14,513921.0,47.18,11084 
2009-08-17,513921.0,47.18,11084 
2009-08-18,513921.0,47.18,11084 
2009-08-19,513921.0,47.18,11084 
2009-08-20,513921.0,47.18,11084 
2009-08-21,513921.0,47.18,11084 
2009-08-24,513921.0,47.18,11084 
2009-08-25,513921.0,47.18,11084 
2009-08-26,513921.0,47.18,11084 
2009-08-27,513921.0,47.18,11084 
2009-08-28,513921.0,47.18,11084 
2009-08-31,513921.0,47.18,11084 
2009-09-01,533678.0,49.48,11510 
2009-09-02,533678.0,49.48,11510 
2009-09-03,533678.0,49.48,11510 
2009-09-04,533678.0,49.48,11510 
2009-09-07,533678.0,49.48,11510 
2009-09-08,533678.0,49.48,11510 
2009-09-09,533678.0,49.48,11510 
2009-09-10,533678.0,49.48,11510 
2009-09-11,533678.0,49.48,11510 
2009-09-14,533678.0,49.48,11510 
2009-09-15,533678.0,49.48,11510 
2009-09-16,533678.0,49.48,11510 
2009-09-17,533678.0,49.48,11510 
2009-09-18,533678.0,49.48,11510 
2009-09-21,533678.0,49.48,11510 
2009-09-22,533678.0,49.48,11510 
2009-09-23,533678.0,49.48,11510 
2009-09-24,533678.0,49.48,11510 
2009-09-25,533678.0,49.48,11510 
2009-09-28,533678.0,49.48,11510 
2009-09-29,533678.0,49.48,11510 
2009-09-30,533678.0,49.48,11510 
2009-10-01,544493.0,50.49,11743 
2009-10-02,544493.0,50.49,11743 
2009-10-05,544493.0,50.49,11743 
2009-10-06,544493.0,50.49,11743 
2009-10-07,544493.0,50.49,11743 
2009-10-08,544493.0,50.49,11743 
2009-10-09,544493.0,50.49,11743 
2009-10-12,544493.0,50.49,11743 
2009-10-13,544493.0,50.49,11743 
2009-10-14,544493.0,50.49,11743 
2009-10-15,544493.0,50.49,11743 
2009-10-16,544493.0,50.49,11743 
2009-10-19,544493.0,50.49,11743 
2009-10-20,544493.0,50.49,11743 
2009-10-21,544493.0,50.49,11743 
2009-10-22,544493.0,50.49,11743 
2009-10-23,544493.0,50.49,11743 
2009-10-26,544493.0,50.49,11743 
2009-10-27,544493.0,50.49,11743 
2009-10-28,544493.0,50.49,11743 
2009-10-29,544493.0,50.49,11743 
2009-10-30,544493.0,50.49,11743 
2009-11-02,560265.0,51.95,12083 
2009-11-03,560265.0,51.95,12083 
2009-11-04,560265.0,51.95,12083 
2009-11-05,560265.0,51.95,12083 
2009-11-06,560265.0,51.95,12083 
2009-11-09,560265.0,51.95,12083 
2009-11-10,560265.0,51.95,12083 
2009-11-11,560265.0,51.95,12083 
2009-11-12,560265.0,51.95,12083 
2009-11-13,560265.0,51.95,12083 
2009-11-16,560265.0,51.95,12083 
2009-11-17,560265.0,51.95,12083 
2009-11-18,560265.0,51.95,12083 
2009-11-19,560265.0,51.95,12083 
2009-11-20,560265.0,51.95,12083 
2009-11-23,560265.0,51.95,12083 
2009-11-24,560265.0,51.95,12083 
2009-11-25,560265.0,51.95,12083 
2009-11-26,560265.0,51.95,12083 
2009-11-27,560265.0,51.95,12083 
2009-11-30,560265.0,51.95,12083 
2009-12-01,569535.0,53.26,12252 
2009-12-02,569535.0,53.26,12252 
2009-12-03,569535.0,53.26,12252 
2009-12-04,569535.0,53.26,12252 
2009-12-07,569535.0,53.26,12252 
2009-12-08,569535.0,53.26,12252 
2009-12-09,569535.0,53.26,12252 
2009-12-10,569535.0,53.26,12252 
2009-12-11,569535.0,53.26,12252 
2009-12-14,569535.0,53.26,12252 
2009-12-15,569535.0,53.26,12252 
2009-12-16,569535.0,53.26,12252 
2009-12-17,569535.0,53.26,12252 
2009-12-18,569535.0,53.26,12252 
2009-12-21,569535.0,53.26,12252 
2009-12-22,569535.0,53.26,12252 
2009-12-23,569535.0,53.26,12252 
2009-12-28,569535.0,53.26,12252 
2009-12-29,569535.0,53.26,12252 
2009-12-30,569535.0,53.26,12252 
2010-01-04,561749.0,52.53,12084 
2010-01-05,561749.0,52.53,12084 
2010-01-06,561749.0,52.53,12084 
2010-01-07,561749.0,52.53,12084 
2010-01-08,561749.0,52.53,12084 
2010-01-11,561749.0,52.53,12084 
2010-01-12,561749.0,52.53,12084 
2010-01-13,561749.0,52.53,12084 
2010-01-14,561749.0,52.53,12084 
2010-01-15,561749.0,52.53,12084 
2010-01-18,561749.0,52.53,12084 
2010-01-19,561749.0,52.53,12084 
2010-01-20,561749.0,52.53,12084 
2010-01-21,561749.0,52.53,12084 
2010-01-22,561749.0,52.53,12084 
2010-01-25,561749.0,52.53,12084 
2010-01-26,561749.0,52.53,12084 
2010-01-27,561749.0,52.53,12084 
2010-01-28,561749.0,52.53,12084 
2010-01-29,561749.0,52.53,12084 
2010-02-01,569095.0,53.22,12242 
2010-02-02,569095.0,53.22,12242 
2010-02-03,569095.0,53.22,12242 
2010-02-04,569095.0,53.22,12242 
2010-02-05,569095.0,53.22,12242 
2010-02-08,569095.0,53.22,12242 
2010-02-09,569095.0,53.22,12242 
2010-02-10,569095.0,53.22,12242 
2010-02-11,569095.0,53.22,12242 
2010-02-12,569095.0,53.22,12242 
2010-02-15,569095.0,53.22,12242 
2010-02-16,569095.0,53.22,12242 
2010-02-17,569095.0,53.22,12242 
2010-02-18,569095.0,53.22,12242 
2010-02-19,569095.0,53.22,12242 
2010-02-22,569095.0,53.22,12242 
2010-02-23,569095.0,53.22,12242 
2010-02-24,569095.0,53.22,12242 
2010-02-25,569095.0,53.22,12242 
2010-02-26,569095.0,53.22,12242 
2010-03-01,586851.0,54.94,12624 
2010-03-02,586851.0,54.94,12624 
2010-03-03,586851.0,54.94,12624 
2010-03-04,586851.0,54.94,12624 
2010-03-05,586851.0,54.94,12624 
2010-03-08,586851.0,54.94,12624 
2010-03-09,586851.0,54.94,12624 
2010-03-10,586851.0,54.94,12624 
2010-03-11,586851.0,54.94,12624 
2010-03-12,586851.0,54.94,12624 
2010-03-15,586851.0,54.94,12624 
2010-03-16,586851.0,54.94,12624 
2010-03-17,586851.0,54.94,12624 
2010-03-18,586851.0,54.94,12624 
2010-03-19,586851.0,54.94,12624 
2010-03-22,586851.0,54.94,12624 
2010-03-23,586851.0,54.94,12624 
2010-03-24,586851.0,54.94,12624 
2010-03-25,586851.0,54.94,12624 
2010-03-26,586851.0,54.94,12624 
2010-03-29,586851.0,54.94,12624 
2010-03-30,586851.0,54.94,12624 
2010-03-31,586851.0,54.94,12624 
2010-04-01,586075.0,54.87,12607 
2010-04-06,586075.0,54.87,12607 
2010-04-07,586075.0,54.87,12607 
2010-04-08,586075.0,54.87,12607 
2010-04-09,586075.0,54.87,12607 
2010-04-12,586075.0,54.87,12607 
2010-04-13,586075.0,54.87,12607 
2010-04-14,586075.0,54.87,12607 
2010-04-15,586075.0,54.87,12607 
2010-04-16,586075.0,54.87,12607 
2010-04-19,586075.0,54.87,12607 
2010-04-20,586075.0,54.87,12607 
2010-04-21,586075.0,54.87,12607 
2010-04-22,586075.0,54.87,12607 
2010-04-23,586075.0,54.87,12607 
2010-04-26,586075.0,54.87,12607 
2010-04-27,586075.0,54.87,12607 
2010-04-28,586075.0,54.87,12607 
2010-04-29,586075.0,54.87,12607 
2010-04-30,586075.0,54.87,12607 
2010-05-03,594926.0,55.7,12798 
2010-05-04,594926.0,55.7,12798 
2010-05-05,594926.0,55.7,12798 
2010-05-06,594926.0,55.7,12798 
2010-05-07,594926.0,55.7,12798 
2010-05-10,594926.0,55.7,12798 
2010-05-11,594926.0,55.7,12798 
2010-05-12,594926.0,55.7,12798 
2010-05-13,594926.0,55.7,12798 
2010-05-14,594926.0,55.7,12798 
2010-05-17,594926.0,55.7,12798 
2010-05-18,594926.0,55.7,12798 
2010-05-19,594926.0,55.7,12798 
2010-05-20,594926.0,55.7,12798 
2010-05-21,594926.0,55.7,12798 
2010-05-24,594926.0,55.7,12798 
2010-05-25,594926.0,55.7,12798 
2010-05-26,594926.0,55.7,12798 
2010-05-27,594926.0,55.7,12798 
2010-05-28,594926.0,55.7,12798 
2010-05-31,594926.0,55.7,12798 
2010-06-01,609032.0,57.01,13080 
2010-06-02,609032.0,57.01,13080 
2010-06-03,609032.0,57.01,13080 
2010-06-04,609032.0,57.01,13080 
2010-06-07,609032.0,57.01,13080 
2010-06-08,609032.0,57.01,13080 
2010-06-09,609032.0,57.01,13080 
2010-06-10,609032.0,57.01,13080 
2010-06-11,609032.0,57.01,13080 
2010-06-14,609032.0,57.01,13080 
2010-06-15,609032.0,57.01,13080 
2010-06-16,609032.0,57.01,13080 
2010-06-17,609032.0,57.01,13080 
2010-06-18,609032.0,57.01,13080 
2010-06-21,609032.0,57.01,13080 
2010-06-22,609032.0,57.01,13080 
2010-06-23,609032.0,57.01,13080 
2010-06-24,609032.0,57.01,13080 
2010-06-25,609032.0,57.01,13080 
2010-06-28,609032.0,57.01,13080 
2010-06-29,609032.0,57.01,13080 
2010-06-30,609032.0,57.01,13080 
2010-07-01,608166.0,56.93,13061 
2010-07-02,608166.0,56.93,13061 
2010-07-05,608166.0,56.93,13061 
2010-07-06,608166.0,56.93,13061 
2010-07-07,608166.0,56.93,13061 
2010-07-08,608166.0,56.93,13061 
2010-07-09,608166.0,56.93,13061 
2010-07-12,608166.0,56.93,13061 
2010-07-13,608166.0,56.93,13061 
2010-07-14,608166.0,56.93,13061 
2010-07-15,608166.0,56.93,13061 
2010-07-16,608166.0,56.93,13061 
2010-07-19,608166.0,56.93,13061 
2010-07-20,608166.0,56.93,13061 
2010-07-21,608166.0,56.93,13061 
2010-07-22,608166.0,56.93,13061 
2010-07-23,608166.0,56.93,13061 
2010-07-26,608166.0,56.93,13061 
2010-07-27,608166.0,56.93,13061 
2010-07-28,608166.0,56.93,13061 
2010-07-29,608166.0,56.93,13061 
2010-07-30,608166.0,56.93,13061 
2010-08-02,608043.0,56.91,13059 
2010-08-03,608043.0,56.91,13059 
2010-08-04,608043.0,56.91,13059 
2010-08-05,608043.0,56.91,13059 
2010-08-06,608043.0,56.91,13059 
2010-08-09,608043.0,56.91,13059 
2010-08-10,608043.0,56.91,13059 
2010-08-11,608043.0,56.91,13059 
2010-08-12,608043.0,56.91,13059 
2010-08-13,608043.0,56.91,13059 
2010-08-16,608043.0,56.91,13059 
2010-08-17,608043.0,56.91,13059 
2010-08-18,608043.0,56.91,13059 
2010-08-19,608043.0,56.91,13059 
2010-08-20,608043.0,56.91,13059 
2010-08-23,608043.0,56.91,13059 
2010-08-24,608043.0,56.91,13059 
2010-08-25,608043.0,56.91,13059 
2010-08-26,608043.0,56.91,13059 
2010-08-27,608043.0,56.91,13059 
2010-08-30,608043.0,56.91,13059 
2010-08-31,608043.0,56.91,13059 
2010-09-01,620541.0,58.02,13327 
2010-09-02,620541.0,58.02,13327 
2010-09-03,620541.0,58.02,13327 
2010-09-06,620541.0,58.02,13327 
2010-09-07,620541.0,58.02,13327 
2010-09-08,620541.0,58.02,13327 
2010-09-09,620541.0,58.02,13327 
2010-09-10,620541.0,58.02,13327 
2010-09-13,620541.0,58.02,13327 
2010-09-14,620541.0,58.02,13327 
2010-09-15,620541.0,58.02,13327 
2010-09-16,620541.0,58.02,13327 
2010-09-17,620541.0,58.02,13327 
2010-09-20,620541.0,58.02,13327 
2010-09-21,620541.0,58.02,13327 
2010-09-22,620541.0,58.02,13327 
2010-09-23,620541.0,58.02,13327 
2010-09-24,620541.0,58.02,13327 
2010-09-27,620541.0,58.02,13327 
2010-09-28,620541.0,58.02,13327 
2010-09-29,620541.0,58.02,13327 
2010-09-30,620541.0,58.02,13327 
2010-10-01,634469.0,59.32,13626 
2010-10-04,634469.0,59.32,13626 
2010-10-05,634469.0,59.32,13626 
2010-10-06,634469.0,59.32,13626 
2010-10-07,634469.0,59.32,13626 
2010-10-08,634469.0,59.32,13626 
2010-10-11,634469.0,59.32,13626 
2010-10-12,634469.0,59.32,13626 
2010-10-13,634469.0,59.32,13626 
2010-10-14,634469.0,59.32,13626 
2010-10-15,634469.0,59.32,13626 
2010-10-18,634469.0,59.32,13626 
2010-10-19,634469.0,59.32,13626 
2010-10-20,634469.0,59.32,13626 
2010-10-21,634469.0,59.32,13626 
2010-10-22,634469.0,59.32,13626 
2010-10-25,634469.0,59.32,13626 
2010-10-26,634469.0,59.32,13626 
2010-10-27,634469.0,59.32,13626 
2010-10-28,634469.0,59.32,13626 
2010-10-29,634469.0,59.32,13626 
2010-11-01,640613.0,59.89,13758 
2010-11-02,640613.0,59.89,13758 
2010-11-03,640613.0,59.89,13758 
2010-11-04,640613.0,59.89,13758 
2010-11-05,640613.0,59.89,13758 
2010-11-08,640613.0,59.89,13758 
2010-11-09,640613.0,59.89,13758 
2010-11-10,640613.0,59.89,13758 
2010-11-11,640613.0,59.89,13758 
2010-11-12,640613.0,59.89,13758 
2010-11-15,640613.0,59.89,13758 
2010-11-16,640613.0,59.89,13758 
2010-11-17,640613.0,59.89,13758 
2010-11-18,640613.0,59.89,13758 
2010-11-19,640613.0,59.89,13758 
2010-11-22,640613.0,59.89,13758 
2010-11-23,640613.0,59.89,13758 
2010-11-24,640613.0,59.89,13758 
2010-11-25,640613.0,59.89,13758 
2010-11-26,640613.0,59.89,13758 
2010-11-29,640613.0,59.89,13758 
2010-11-30,640613.0,59.89,13758 
2010-12-01,649153.0,60.52,13910 
2010-12-02,649153.0,60.52,13910 
2010-12-03,649153.0,60.52,13910 
2010-12-06,649153.0,60.52,13910 
2010-12-07,649153.0,60.52,13910 
2010-12-08,649153.0,60.52,13910 
2010-12-09,649153.0,60.52,13910 
2010-12-10,649153.0,60.52,13910 
2010-12-13,649153.0,60.52,13910 
2010-12-14,649153.0,60.52,13910 
2010-12-15,649153.0,60.52,13910 
2010-12-16,649153.0,60.52,13910 
2010-12-17,649153.0,60.52,13910 
2010-12-20,649153.0,60.52,13910 
2010-12-21,649153.0,60.52,13910 
2010-12-22,649153.0,60.52,13910 
2010-12-23,649153.0,60.52,13910 
2010-12-27,649153.0,60.52,13910 
2010-12-28,649153.0,60.52,13910 
2010-12-29,649153.0,60.52,13910 
2010-12-30,649153.0,60.52,13910 
2011-01-03,662069.0,61.72,14187 
2011-01-04,662069.0,61.72,14187 
2011-01-05,662069.0,61.72,14187 
2011-01-06,662069.0,61.72,14187 
2011-01-07,662069.0,61.72,14187 
2011-01-10,662069.0,61.72,14187 
2011-01-11,662069.0,61.72,14187 
2011-01-12,662069.0,61.72,14187 
2011-01-13,662069.0,61.72,14187 
2011-01-14,662069.0,61.72,14187 
2011-01-17,662069.0,61.72,14187 
2011-01-18,662069.0,61.72,14187 
2011-01-19,662069.0,61.72,14187 
2011-01-20,662069.0,61.72,14187 
2011-01-21,662069.0,61.72,14187 
2011-01-24,662069.0,61.72,14187 
2011-01-25,662069.0,61.72,14187 
2011-01-26,662069.0,61.72,14187 
2011-01-27,662069.0,61.72,14187 
2011-01-28,662069.0,61.72,14187 
2011-01-31,662069.0,61.72,14187 
2011-02-01,678324.0,63.23,14535 
2011-02-02,678324.0,63.23,14535 
2011-02-03,678324.0,63.23,14535 
2011-02-04,678324.0,63.23,14535 
2011-02-07,678324.0,63.23,14535 
2011-02-08,678324.0,63.23,14535 
2011-02-09,678324.0,63.23,14535 
2011-02-10,678324.0,63.23,14535 
2011-02-11,678324.0,63.23,14535 
2011-02-14,678324.0,63.23,14535 
2011-02-15,678324.0,63.23,14535 
2011-02-16,678324.0,63.23,14535 
2011-02-17,678324.0,63.23,14535 
2011-02-18,678324.0,63.23,14535 
2011-02-21,678324.0,63.23,14535 
2011-02-22,678324.0,63.23,14535 
2011-02-23,678324.0,63.23,14535 
2011-02-24,678324.0,63.23,14535 
2011-02-25,678324.0,63.23,14535 
2011-02-28,678324.0,63.23,14535 
2011-03-01,691086.0,64.43,14809 
2011-03-02,691086.0,64.43,14809 
2011-03-03,691086.0,64.43,14809 
2011-03-04,691086.0,64.43,14809 
2011-03-07,691086.0,64.43,14809 
2011-03-08,691086.0,64.43,14809 
2011-03-09,691086.0,64.43,14809 
2011-03-10,691086.0,64.43,14809 
2011-03-11,691086.0,64.43,14809 
2011-03-14,691086.0,64.43,14809 
2011-03-15,691086.0,64.43,14809 
2011-03-16,691086.0,64.43,14809 
2011-03-17,691086.0,64.43,14809 
2011-03-18,691086.0,64.43,14809 
2011-03-21,691086.0,64.43,14809 
2011-03-22,691086.0,64.43,14809 
2011-03-23,691086.0,64.43,14809 
2011-03-24,691086.0,64.43,14809 
2011-03-25,691086.0,64.43,14809 
2011-03-28,691086.0,64.43,14809 
2011-03-29,691086.0,64.43,14809 
2011-03-30,691086.0,64.43,14809 
2011-03-31,691086.0,64.43,14809 
2011-04-01,684671.0,63.83,14671 
2011-04-04,684671.0,63.83,14671 
2011-04-05,684671.0,63.83,14671 
2011-04-06,684671.0,63.83,14671 
2011-04-07,684671.0,63.83,14671 
2011-04-08,684671.0,63.83,14671 
2011-04-11,684671.0,63.83,14671 
2011-04-12,684671.0,63.83,14671 
2011-04-13,684671.0,63.83,14671 
2011-04-14,684671.0,63.83,14671 
2011-04-15,684671.0,63.83,14671 
2011-04-18,684671.0,63.83,14671 
2011-04-19,684671.0,63.83,14671 
2011-04-20,684671.0,63.83,14671 
2011-04-21,684671.0,63.83,14671 
2011-04-26,684671.0,63.83,14671 
2011-04-27,684671.0,63.83,14671 
2011-04-28,684671.0,63.83,14671 
2011-04-29,684671.0,63.83,14671 
2011-05-02,692398.0,64.55,14837 
2011-05-03,692398.0,64.55,14837 
2011-05-04,692398.0,64.55,14837 
2011-05-05,692398.0,64.55,14837 
2011-05-06,692398.0,64.55,14837 
2011-05-09,692398.0,64.55,14837 
2011-05-10,692398.0,64.55,14837 
2011-05-11,692398.0,64.55,14837 
2011-05-12,692398.0,64.55,14837 
2011-05-13,692398.0,64.55,14837 
2011-05-16,692398.0,64.55,14837 
2011-05-17,692398.0,64.55,14837 
2011-05-18,692398.0,64.55,14837 
2011-05-19,692398.0,64.55,14837 
2011-05-20,692398.0,64.55,14837 
2011-05-23,692398.0,64.55,14837 
2011-05-24,692398.0,64.55,14837 
2011-05-25,692398.0,64.55,14837 
2011-05-26,692398.0,64.55,14837 
2011-05-27,692398.0,64.55,14837 
2011-05-30,692398.0,64.55,14837 
2011-05-31,692398.0,64.55,14837 
2011-06-01,710840.0,66.24,15210 
2011-06-02,710840.0,66.24,15210 
2011-06-03,710840.0,66.24,15210 
2011-06-06,710840.0,66.24,15210 
2011-06-07,710840.0,66.24,15210 
2011-06-08,710840.0,66.24,15210 
2011-06-09,710840.0,66.24,15210 
2011-06-10,710840.0,66.24,15210 
2011-06-13,710840.0,66.24,15210 
2011-06-14,710840.0,66.24,15210 
2011-06-15,710840.0,66.24,15210 
2011-06-16,710840.0,66.24,15210 
2011-06-17,710840.0,66.24,15210 
2011-06-20,710840.0,66.24,15210 
2011-06-21,710840.0,66.24,15210 
2011-06-22,710840.0,66.24,15210 
2011-06-23,710840.0,66.24,15210 
2011-06-24,710840.0,66.24,15210 
2011-06-27,710840.0,66.24,15210 
2011-06-28,710840.0,66.24,15210 
2011-06-29,710840.0,66.24,15210 
2011-06-30,710840.0,66.24,15210 
2011-07-01,704199.0,65.62,15068 
2011-07-04,704199.0,65.62,15068 
2011-07-05,704199.0,65.62,15068 
2011-07-06,704199.0,65.62,15068 
2011-07-07,704199.0,65.62,15068 
2011-07-08,704199.0,65.62,15068 
2011-07-11,704199.0,65.62,15068 
2011-07-12,704199.0,65.62,15068 
2011-07-13,704199.0,65.62,15068 
2011-07-14,704199.0,65.62,15068 
2011-07-15,704199.0,65.62,15068 
2011-07-18,704199.0,65.62,15068 
2011-07-19,704199.0,65.62,15068 
2011-07-20,704199.0,65.62,15068 
2011-07-21,704199.0,65.62,15068 
2011-07-22,704199.0,65.62,15068 
2011-07-25,704199.0,65.62,15068 
2011-07-26,704199.0,65.62,15068 
2011-07-27,704199.0,65.62,15068 
2011-07-28,704199.0,65.62,15068 
2011-07-29,704199.0,65.62,15068 
2011-08-01,703926.0,65.6,15062 
2011-08-02,703926.0,65.6,15062 
2011-08-03,703926.0,65.6,15062 
2011-08-04,703926.0,65.6,15062 
2011-08-05,703926.0,65.6,15062 
2011-08-08,703926.0,65.6,15062 
2011-08-09,703926.0,65.6,15062 
2011-08-10,703926.0,65.6,15062 
2011-08-11,703926.0,65.6,15062 
2011-08-12,703926.0,65.6,15062 
2011-08-15,703926.0,65.6,15062 
2011-08-16,703926.0,65.6,15062 
2011-08-17,703926.0,65.6,15062 
2011-08-18,703926.0,65.6,15062 
2011-08-19,703926.0,65.6,15062 
2011-08-22,703926.0,65.6,15062 
2011-08-23,703926.0,65.6,15062 
2011-08-24,703926.0,65.6,15062 
2011-08-25,703926.0,65.6,15062 
2011-08-26,703926.0,65.6,15062 
2011-08-29,703926.0,65.6,15062 
2011-08-30,703926.0,65.6,15062 
2011-08-31,703926.0,65.6,15062 
2011-09-01,713895.0,66.68,15275 
2011-09-02,713895.0,66.68,15275 
2011-09-05,713895.0,66.68,15275 
2011-09-06,713895.0,66.68,15275 
2011-09-07,713895.0,66.68,15275 
2011-09-08,713895.0,66.68,15275 
2011-09-09,713895.0,66.68,15275 
2011-09-12,713895.0,66.68,15275 
2011-09-13,713895.0,66.68,15275 
2011-09-14,713895.0,66.68,15275 
2011-09-15,713895.0,66.68,15275 
2011-09-16,713895.0,66.68,15275 
2011-09-19,713895.0,66.68,15275 
2011-09-20,713895.0,66.68,15275 
2011-09-21,713895.0,66.68,15275 
2011-09-22,713895.0,66.68,15275 
2011-09-23,713895.0,66.68,15275 
2011-09-26,713895.0,66.68,15275 
2011-09-27,713895.0,66.68,15275 
2011-09-28,713895.0,66.68,15275 
2011-09-29,713895.0,66.68,15275 
2011-09-30,713895.0,66.68,15275 
2011-10-03,711903.0,66.49,15232 
2011-10-04,711903.0,66.49,15232 
2011-10-05,711903.0,66.49,15232 
2011-10-06,711903.0,66.49,15232 
2011-10-07,711903.0,66.49,15232 
2011-10-10,711903.0,66.49,15232 
2011-10-11,711903.0,66.49,15232 
2011-10-12,711903.0,66.49,15232 
2011-10-13,711903.0,66.49,15232 
2011-10-14,711903.0,66.49,15232 
2011-10-17,711903.0,66.49,15232 
2011-10-18,711903.0,66.49,15232 
2011-10-19,711903.0,66.49,15232 
2011-10-20,711903.0,66.49,15232 
2011-10-21,711903.0,66.49,15232 
2011-10-24,711903.0,66.49,15232 
2011-10-25,711903.0,66.49,15232 
2011-10-26,711903.0,66.49,15232 
2011-10-27,711903.0,66.49,15232 
2011-10-28,711903.0,66.49,15232 
2011-10-31,711903.0,66.49,15232 
2011-11-01,723502.0,67.57,15481 
2011-11-02,723502.0,67.57,15481 
2011-11-03,723502.0,67.57,15481 
2011-11-04,723502.0,67.57,15481 
2011-11-07,723502.0,67.57,15481 
2011-11-08,723502.0,67.57,15481 
2011-11-09,723502.0,67.57,15481 
2011-11-10,723502.0,67.57,15481 
2011-11-11,723502.0,67.57,15481 
2011-11-14,723502.0,67.57,15481 
2011-11-15,723502.0,67.57,15481 
2011-11-16,723502.0,67.57,15481 
2011-11-17,723502.0,67.57,15481 
2011-11-18,723502.0,67.57,15481 
2011-11-21,723502.0,67.57,15481 
2011-11-22,723502.0,67.57,15481 
2011-11-23,723502.0,67.57,15481 
2011-11-24,723502.0,67.57,15481 
2011-11-25,723502.0,67.57,15481 
2011-11-28,723502.0,67.57,15481 
2011-11-29,723502.0,67.57,15481 
2011-11-30,723502.0,67.57,15481 
2011-12-01,743043.0,69.85,15871 
2011-12-02,743043.0,69.85,15871 
2011-12-05,743043.0,69.85,15871 
2011-12-06,743043.0,69.85,15871 
2011-12-07,743043.0,69.85,15871 
2011-12-08,743043.0,69.85,15871 
2011-12-09,743043.0,69.85,15871 
2011-12-12,743043.0,69.85,15871 
2011-12-13,743043.0,69.85,15871 
2011-12-14,743043.0,69.85,15871 
2011-12-15,743043.0,69.85,15871 
2011-12-16,743043.0,69.85,15871 
2011-12-19,743043.0,69.85,15871 
2011-12-20,743043.0,69.85,15871 
2011-12-21,743043.0,69.85,15871 
2011-12-22,743043.0,69.85,15871 
2011-12-23,743043.0,69.85,15871 
2011-12-27,743043.0,69.85,15871 
2011-12-28,743043.0,69.85,15871 
2011-12-29,743043.0,69.85,15871 
2011-12-30,743043.0,69.85,15871 
2012-01-02,757750.0,71.23,16185 
2012-01-03,757750.0,71.23,16185 
2012-01-04,757750.0,71.23,16185 
2012-01-05,757750.0,71.23,16185 
2012-01-06,757750.0,71.23,16185 
2012-01-09,757750.0,71.23,16185 
2012-01-10,757750.0,71.23,16185 
2012-01-11,757750.0,71.23,16185 
2012-01-12,757750.0,71.23,16185 
2012-01-13,757750.0,71.23,16185 
2012-01-16,757750.0,71.23,16185 
2012-01-17,757750.0,71.23,16185 
2012-01-18,757750.0,71.23,16185 
2012-01-19,757750.0,71.23,16185 
2012-01-20,757750.0,71.23,16185 
2012-01-23,757750.0,71.23,16185 
2012-01-24,757750.0,71.23,16185 
2012-01-25,757750.0,71.23,16185 
2012-01-26,757750.0,71.23,16185 
2012-01-27,757750.0,71.23,16185 
2012-01-30,757750.0,71.23,16185 
2012-01-31,757750.0,71.23,16185 
2012-02-01,770305.0,72.41,16453 
2012-02-02,770305.0,72.41,16453 
2012-02-03,770305.0,72.41,16453 
2012-02-06,770305.0,72.41,16453 
2012-02-07,770305.0,72.41,16453 
2012-02-08,770305.0,72.41,16453 
2012-02-09,770305.0,72.41,16453 
2012-02-10,770305.0,72.41,16453 
2012-02-13,770305.0,72.41,16453 
2012-02-14,770305.0,72.41,16453 
2012-02-15,770305.0,72.41,16453 
2012-02-16,770305.0,72.41,16453 
2012-02-17,770305.0,72.41,16453 
2012-02-20,770305.0,72.41,16453 
2012-02-21,770305.0,72.41,16453 
2012-02-22,770305.0,72.41,16453 
2012-02-23,770305.0,72.41,16453 
2012-02-24,770305.0,72.41,16453 
2012-02-27,770305.0,72.41,16453 
2012-02-28,770305.0,72.41,16453 
2012-02-29,770305.0,72.41,16453 
2012-03-01,781571.0,73.93,16694 
2012-03-02,781571.0,73.93,16694 
2012-03-05,781571.0,73.93,16694 
2012-03-06,781571.0,73.93,16694 
2012-03-07,781571.0,73.93,16694 
2012-03-08,781571.0,73.93,16694 
2012-03-09,781571.0,73.93,16694 
2012-03-12,781571.0,73.93,16694 
2012-03-13,781571.0,73.93,16694 
2012-03-14,781571.0,73.93,16694 
2012-03-15,781571.0,73.93,16694 
2012-03-16,781571.0,73.93,16694 
2012-03-19,781571.0,73.93,16694 
2012-03-20,781571.0,73.93,16694 
2012-03-21,781571.0,73.93,16694 
2012-03-22,781571.0,73.93,16694 
2012-03-23,781571.0,73.93,16694 
2012-03-26,781571.0,73.93,16694 
2012-03-27,781571.0,73.93,16694 
2012-03-28,781571.0,73.93,16694 
2012-03-29,781571.0,73.93,16694 
2012-03-30,781571.0,73.93,16694 
2012-04-02,775287.0,73.33,16560 
2012-04-03,775287.0,73.33,16560 
2012-04-04,775287.0,73.33,16560 
2012-04-05,775287.0,73.33,16560 
2012-04-10,775287.0,73.33,16560 
2012-04-11,775287.0,73.33,16560 
2012-04-12,775287.0,73.33,16560 
2012-04-13,775287.0,73.33,16560 
2012-04-16,775287.0,73.33,16560 
2012-04-17,775287.0,73.33,16560 
2012-04-18,775287.0,73.33,16560 
2012-04-19,775287.0,73.33,16560 
2012-04-20,775287.0,73.33,16560 
2012-04-23,775287.0,73.33,16560 
2012-04-24,775287.0,73.33,16560 
2012-04-25,775287.0,73.33,16560 
2012-04-26,775287.0,73.33,16560 
2012-04-27,775287.0,73.33,16560 
2012-04-30,775287.0,73.33,16560 
2012-05-02,792135.0,74.92,16919 
2012-05-03,792135.0,74.92,16919 
2012-05-04,792135.0,74.92,16919 
2012-05-07,792135.0,74.92,16919 
2012-05-08,792135.0,74.92,16919 
2012-05-09,792135.0,74.92,16919 
2012-05-10,792135.0,74.92,16919 
2012-05-11,792135.0,74.92,16919 
2012-05-14,792135.0,74.92,16919 
2012-05-15,792135.0,74.92,16919 
2012-05-16,792135.0,74.92,16919 
2012-05-17,792135.0,74.92,16919 
2012-05-18,792135.0,74.92,16919 
2012-05-21,792135.0,74.92,16919 
2012-05-22,792135.0,74.92,16919 
2012-05-23,792135.0,74.92,16919 
2012-05-24,792135.0,74.92,16919 
2012-05-25,792135.0,74.92,16919 
2012-05-28,792135.0,74.92,16919 
2012-05-29,792135.0,74.92,16919 
2012-05-30,792135.0,74.92,16919 
2012-05-31,792135.0,74.92,16919 
2012-06-01,810956.0,77.36,17341 
2012-06-04,810956.0,77.36,17341 
2012-06-05,810956.0,77.36,17341 
2012-06-06,810956.0,77.36,17341 
2012-06-07,810956.0,77.36,17341 
2012-06-08,810956.0,77.36,17341 
2012-06-11,810956.0,77.36,17341 
2012-06-12,810956.0,77.36,17341 
2012-06-13,810956.0,77.36,17341 
2012-06-14,810956.0,77.36,17341 
2012-06-15,810956.0,77.36,17341 
2012-06-18,810956.0,77.36,17341 
2012-06-19,810956.0,77.36,17341 
2012-06-20,810956.0,77.36,17341 
2012-06-21,810956.0,77.36,17341 
2012-06-22,810956.0,77.36,17341 
2012-06-25,810956.0,77.36,17341 
2012-06-26,810956.0,77.36,17341 
2012-06-27,810956.0,77.36,17341 
2012-06-28,810956.0,77.36,17341 
2012-06-29,810956.0,77.36,17341 
2012-07-02,810292.0,77.3,17326 
2012-07-03,810292.0,77.3,17326 
2012-07-04,810292.0,77.3,17326 
2012-07-05,810292.0,77.3,17326 
2012-07-06,810292.0,77.3,17326 
2012-07-09,810292.0,77.3,17326 
2012-07-10,810292.0,77.3,17326 
2012-07-11,810292.0,77.3,17326 
2012-07-12,810292.0,77.3,17326 
2012-07-13,810292.0,77.3,17326 
2012-07-16,810292.0,77.3,17326 
2012-07-17,810292.0,77.3,17326 
2012-07-18,810292.0,77.3,17326 
2012-07-19,810292.0,77.3,17326 
2012-07-20,810292.0,77.3,17326 
2012-07-23,810292.0,77.3,17326 
2012-07-24,810292.0,77.3,17326 
2012-07-25,810292.0,77.3,17326 
2012-07-26,810292.0,77.3,17326 
2012-07-27,810292.0,77.3,17326 
2012-07-30,810292.0,77.3,17326 
2012-07-31,810292.0,77.3,17326 
2012-08-01,807114.0,76.99,17258 
2012-08-02,807114.0,76.99,17258 
2012-08-03,807114.0,76.99,17258 
2012-08-06,807114.0,76.99,17258 
2012-08-07,807114.0,76.99,17258 
2012-08-08,807114.0,76.99,17258 
2012-08-09,807114.0,76.99,17258 
2012-08-10,807114.0,76.99,17258 
2012-08-13,807114.0,76.99,17258 
2012-08-14,807114.0,76.99,17258 
2012-08-15,807114.0,76.99,17258 
2012-08-16,807114.0,76.99,17258 
2012-08-17,807114.0,76.99,17258 
2012-08-20,807114.0,76.99,17258 
2012-08-21,807114.0,76.99,17258 
2012-08-22,807114.0,76.99,17258 
2012-08-23,807114.0,76.99,17258 
2012-08-24,807114.0,76.99,17258 
2012-08-27,807114.0,76.99,17258 
2012-08-28,807114.0,76.99,17258 
2012-08-29,807114.0,76.99,17258 
2012-08-30,807114.0,76.99,17258 
2012-08-31,807114.0,76.99,17258 
2012-09-03,823547.0,79.17,17610 
2012-09-04,823547.0,79.17,17610 
2012-09-05,823547.0,79.17,17610 
2012-09-06,823547.0,79.17,17610 
2012-09-07,823547.0,79.17,17610 
2012-09-10,823547.0,79.17,17610 
2012-09-11,823547.0,79.17,17610 
2012-09-12,823547.0,79.17,17610 
2012-09-13,823547.0,79.17,17610 
2012-09-14,823547.0,79.17,17610 
2012-09-17,823547.0,79.17,17610 
2012-09-18,823547.0,79.17,17610 
2012-09-19,823547.0,79.17,17610 
2012-09-20,823547.0,79.17,17610 
2012-09-21,823547.0,79.17,17610 
2012-09-24,823547.0,79.17,17610 
2012-09-25,823547.0,79.17,17610 
2012-09-26,823547.0,79.17,17610 
2012-09-27,823547.0,79.17,17610 
2012-09-28,823547.0,79.17,17610 
2012-10-01,823459.0,79.16,17608 
2012-10-02,823459.0,79.16,17608 
2012-10-03,823459.0,79.16,17608 
2012-10-04,823459.0,79.16,17608 
2012-10-05,823459.0,79.16,17608 
2012-10-08,823459.0,79.16,17608 
2012-10-09,823459.0,79.16,17608 
2012-10-10,823459.0,79.16,17608 
2012-10-11,823459.0,79.16,17608 
2012-10-12,823459.0,79.16,17608 
2012-10-15,823459.0,79.16,17608 
2012-10-16,823459.0,79.16,17608 
2012-10-17,823459.0,79.16,17608 
2012-10-18,823459.0,79.16,17608 
2012-10-19,823459.0,79.16,17608 
2012-10-22,823459.0,79.16,17608 
2012-10-23,823459.0,79.16,17608 
2012-10-24,823459.0,79.16,17608 
2012-10-25,823459.0,79.16,17608 
2012-10-26,823459.0,79.16,17608 
2012-10-29,823459.0,79.16,17608 
2012-10-30,823459.0,79.16,17608 
2012-10-31,823459.0,79.16,17608 
2012-11-01,837072.0,80.47,17899 
2012-11-02,837072.0,80.47,17899 
2012-11-05,837072.0,80.47,17899 
2012-11-06,837072.0,80.47,17899 
2012-11-07,837072.0,80.47,17899 
2012-11-08,837072.0,80.47,17899 
2012-11-09,837072.0,80.47,17899 
2012-11-12,837072.0,80.47,17899 
2012-11-13,837072.0,80.47,17899 
2012-11-14,837072.0,80.47,17899 
2012-11-15,837072.0,80.47,17899 
2012-11-16,837072.0,80.47,17899 
2012-11-19,837072.0,80.47,17899 
2012-11-20,837072.0,80.47,17899 
2012-11-21,837072.0,80.47,17899 
2012-11-22,837072.0,80.47,17899 
2012-11-23,837072.0,80.47,17899 
2012-11-26,837072.0,80.47,17899 
2012-11-27,837072.0,80.47,17899 
2012-11-28,837072.0,80.47,17899 
2012-11-29,837072.0,80.47,17899 
2012-11-30,837072.0,80.47,17899 
2012-12-03,927813.0,89.98,19856 
2012-12-04,927813.0,89.98,19856 
2012-12-05,927813.0,89.98,19856 
2012-12-06,927813.0,89.98,19856 
2012-12-07,927813.0,89.98,19856 
2012-12-10,927813.0,89.98,19856 
2012-12-11,927813.0,89.98,19856 
2012-12-12,927813.0,89.98,19856 
2012-12-13,927813.0,89.98,19856 
2012-12-14,927813.0,89.98,19856 
2012-12-17,927813.0,89.98,19856 
2012-12-18,927813.0,89.98,19856 
2012-12-19,927813.0,89.98,19856 
2012-12-20,927813.0,89.98,19856 
2012-12-21,927813.0,89.98,19856 
2012-12-24,927813.0,89.98,19856 
2012-12-27,927813.0,89.98,19856 
2012-12-28,927813.0,89.98,19856 
2012-12-31,927813.0,89.98,19856 
2013-01-02,941838.0,91.34,20156 
2013-01-03,941838.0,91.34,20156 
2013-01-04,941838.0,91.34,20156 
2013-01-07,941838.0,91.34,20156 
2013-01-08,941838.0,91.34,20156 
2013-01-09,941838.0,91.34,20156 
2013-01-10,941838.0,91.34,20156 
2013-01-11,941838.0,91.34,20156 
2013-01-14,941838.0,91.34,20156 
2013-01-15,941838.0,91.34,20156 
2013-01-16,941838.0,91.34,20156 
2013-01-17,941838.0,91.34,20156 
2013-01-18,941838.0,91.34,20156 
2013-01-21,941838.0,91.34,20156 
2013-01-22,941838.0,91.34,20156 
2013-01-23,941838.0,91.34,20156 
2013-01-24,941838.0,91.34,20156 
2013-01-25,941838.0,91.34,20156 
2013-01-28,941838.0,91.34,20156 
2013-01-29,941838.0,91.34,20156 
2013-01-30,941838.0,91.34,20156 
2013-01-31,941838.0,91.34,20156 
2013-02-01,986686.0,95.69,21116 
2013-02-04,986686.0,95.69,21116 
2013-02-05,986686.0,95.69,21116 
2013-02-06,986686.0,95.69,21116 
2013-02-07,986686.0,95.69,21116 
2013-02-08,986686.0,95.69,21116 
2013-02-11,986686.0,95.69,21116 
2013-02-12,986686.0,95.69,21116 
2013-02-13,986686.0,95.69,21116 
2013-02-14,986686.0,95.69,21116 
2013-02-15,986686.0,95.69,21116 
2013-02-18,986686.0,95.69,21116 
2013-02-19,986686.0,95.69,21116 
2013-02-20,986686.0,95.69,21116 
2013-02-21,986686.0,95.69,21116 
2013-02-22,986686.0,95.69,21116 
2013-02-25,986686.0,95.69,21116 
2013-02-26,986686.0,95.69,21116 
2013-02-27,986686.0,95.69,21116 
2013-02-28,986686.0,95.69,21116 
2013-03-01,1000221.0,97.53,21405 
2013-03-04,1000221.0,97.53,21405 
2013-03-05,1000221.0,97.53,21405 
2013-03-06,1000221.0,97.53,21405 
2013-03-07,1000221.0,97.53,21405 
2013-03-08,1000221.0,97.53,21405 
2013-03-11,1000221.0,97.53,21405 
2013-03-12,1000221.0,97.53,21405 
2013-03-13,1000221.0,97.53,21405 
2013-03-14,1000221.0,97.53,21405 
2013-03-15,1000221.0,97.53,21405 
2013-03-18,1000221.0,97.53,21405 
2013-03-19,1000221.0,97.53,21405 
2013-03-20,1000221.0,97.53,21405 
2013-03-21,1000221.0,97.53,21405 
2013-03-22,1000221.0,97.53,21405 
2013-03-25,1000221.0,97.53,21405 
2013-03-26,1000221.0,97.53,21405 
2013-03-27,1000221.0,97.53,21405 
2013-03-28,1000221.0,97.53,21405 
2013-04-02,991881.0,96.71,21227 
2013-04-03,991881.0,96.71,21227 
2013-04-04,991881.0,96.71,21227 
2013-04-05,991881.0,96.71,21227 
2013-04-08,991881.0,96.71,21227 
2013-04-09,991881.0,96.71,21227 
2013-04-10,991881.0,96.71,21227 
2013-04-11,991881.0,96.71,21227 
2013-04-12,991881.0,96.71,21227 
2013-04-15,991881.0,96.71,21227 
2013-04-16,991881.0,96.71,21227 
2013-04-17,991881.0,96.71,21227 
2013-04-18,991881.0,96.71,21227 
2013-04-19,991881.0,96.71,21227 
2013-04-22,991881.0,96.71,21227 
2013-04-23,991881.0,96.71,21227 
2013-04-24,991881.0,96.71,21227 
2013-04-25,991881.0,96.71,21227 
2013-04-26,991881.0,96.71,21227 
2013-04-29,991881.0,96.71,21227 
2013-04-30,991881.0,96.71,21227 
2013-05-02,1011822.0,98.66,21653 
2013-05-03,1011822.0,98.66,21653 
2013-05-06,1011822.0,98.66,21653 
2013-05-07,1011822.0,98.66,21653 
2013-05-08,1011822.0,98.66,21653 
2013-05-09,1011822.0,98.66,21653 
2013-05-10,1011822.0,98.66,21653 
2013-05-13,1011822.0,98.66,21653 
2013-05-14,1011822.0,98.66,21653 
2013-05-15,1011822.0,98.66,21653 
2013-05-16,1011822.0,98.66,21653 
2013-05-17,1011822.0,98.66,21653 
2013-05-20,1011822.0,98.66,21653 
2013-05-21,1011822.0,98.66,21653 
2013-05-22,1011822.0,98.66,21653 
2013-05-23,1011822.0,98.66,21653 
2013-05-24,1011822.0,98.66,21653 
2013-05-27,1011822.0,98.66,21653 
2013-05-28,1011822.0,98.66,21653 
2013-05-29,1011822.0,98.66,21653 
2013-05-30,1011822.0,98.66,21653 
2013-05-31,1011822.0,98.66,21653 
2013-06-03,1014560.0,99.27,21775 
2013-06-04,1014560.0,99.27,21775 
2013-06-05,1014560.0,99.27,21775 
2013-06-06,1014560.0,99.27,21775 
2013-06-07,1014560.0,99.27,21775 
2013-06-10,1014560.0,99.27,21775 
2013-06-11,1014560.0,99.27,21775 
2013-06-12,1014560.0,99.27,21775 
2013-06-13,1014560.0,99.27,21775 
2013-06-14,1014560.0,99.27,21775 
2013-06-17,1014560.0,99.27,21775 
2013-06-18,1014560.0,99.27,21775 
2013-06-19,1014560.0,99.27,21775 
2013-06-20,1014560.0,99.27,21775 
2013-06-21,1014560.0,99.27,21775 
2013-06-24,1014560.0,99.27,21775 
2013-06-25,1014560.0,99.27,21775 
2013-06-26,1014560.0,99.27,21775 
2013-06-27,1014560.0,99.27,21775 
2013-06-28,1014560.0,99.27,21775 
2013-07-01,1018219.0,99.63,21853 
2013-07-02,1018219.0,99.63,21853 
2013-07-03,1018219.0,99.63,21853 
2013-07-04,1018219.0,99.63,21853 
2013-07-05,1018219.0,99.63,21853 
2013-07-08,1018219.0,99.63,21853 
2013-07-09,1018219.0,99.63,21853 
2013-07-10,1018219.0,99.63,21853 
2013-07-11,1018219.0,99.63,21853 
2013-07-12,1018219.0,99.63,21853 
2013-07-15,1018219.0,99.63,21853 
2013-07-16,1018219.0,99.63,21853 
2013-07-17,1018219.0,99.63,21853 
2013-07-18,1018219.0,99.63,21853 
2013-07-19,1018219.0,99.63,21853 
2013-07-22,1018219.0,99.63,21853 
2013-07-23,1018219.0,99.63,21853 
2013-07-24,1018219.0,99.63,21853 
2013-07-25,1018219.0,99.63,21853 
2013-07-26,1018219.0,99.63,21853 
2013-07-29,1018219.0,99.63,21853 
2013-07-30,1018219.0,99.63,21853 
2013-07-31,1018219.0,99.63,21853 
2013-08-01,1015625.0,99.38,21798 
2013-08-02,1015625.0,99.38,21798 
2013-08-05,1015625.0,99.38,21798 
2013-08-06,1015625.0,99.38,21798 
2013-08-07,1015625.0,99.38,21798 
2013-08-08,1015625.0,99.38,21798 
2013-08-09,1015625.0,99.38,21798 
2013-08-12,1015625.0,99.38,21798 
2013-08-13,1015625.0,99.38,21798 
2013-08-14,1015625.0,99.38,21798 
2013-08-15,1015625.0,99.38,21798 
2013-08-16,1015625.0,99.38,21798 
2013-08-19,1015625.0,99.38,21798 
2013-08-20,1015625.0,99.38,21798 
2013-08-21,1015625.0,99.38,21798 
2013-08-22,1015625.0,99.38,21798 
2013-08-23,1015625.0,99.38,21798 
2013-08-26,1015625.0,99.38,21798 
2013-08-27,1015625.0,99.38,21798 
2013-08-28,1015625.0,99.38,21798 
2013-08-29,1015625.0,99.38,21798 
2013-08-30,1015625.0,99.38,21798 
2013-09-02,1024830.0,100.53,21995 
2013-09-03,1024830.0,100.53,21995 
2013-09-04,1024830.0,100.53,21995 
2013-09-05,1024830.0,100.53,21995 
2013-09-06,1024830.0,100.53,21995 
2013-09-09,1024830.0,100.53,21995 
2013-09-10,1024830.0,100.53,21995 
2013-09-11,1024830.0,100.53,21995 
2013-09-12,1024830.0,100.53,21995 
2013-09-13,1024830.0,100.53,21995 
2013-09-16,1024830.0,100.53,21995 
2013-09-17,1024830.0,100.53,21995 
2013-09-18,1024830.0,100.53,21995 
2013-09-19,1024830.0,100.53,21995 
2013-09-20,1024830.0,100.53,21995 
2013-09-23,1024830.0,100.53,21995 
2013-09-24,1024830.0,100.53,21995 
2013-09-25,1024830.0,100.53,21995 
2013-09-26,1024830.0,100.53,21995 
2013-09-27,1024830.0,100.53,21995 
2013-09-30,1024830.0,100.53,21995 
2013-10-01,1021403.0,100.2,21922 
2013-10-02,1021403.0,100.2,21922 
2013-10-03,1021403.0,100.2,21922 
2013-10-04,1021403.0,100.2,21922 
2013-10-07,1021403.0,100.2,21922 
2013-10-08,1021403.0,100.2,21922 
2013-10-09,1021403.0,100.2,21922 
2013-10-10,1021403.0,100.2,21922 
2013-10-11,1021403.0,100.2,21922 
2013-10-14,1021403.0,100.2,21922 
2013-10-15,1021403.0,100.2,21922 
2013-10-16,1021403.0,100.2,21922 
2013-10-17,1021403.0,100.2,21922 
2013-10-18,1021403.0,100.2,21922 
2013-10-21,1021403.0,100.2,21922 
2013-10-22,1021403.0,100.2,21922 
2013-10-23,1021403.0,100.2,21922 
2013-10-24,1021403.0,100.2,21922 
2013-10-25,1021403.0,100.2,21922 
2013-10-28,1021403.0,100.2,21922 
2013-10-29,1021403.0,100.2,21922 
2013-10-30,1021403.0,100.2,21922 
2013-10-31,1021403.0,100.2,21922 
2013-11-01,1018671.0,99.93,21863 
2013-11-04,1018671.0,99.93,21863 
2013-11-05,1018671.0,99.93,21863 
2013-11-06,1018671.0,99.93,21863 
2013-11-07,1018671.0,99.93,21863 
2013-11-08,1018671.0,99.93,21863 
2013-11-11,1018671.0,99.93,21863 
2013-11-12,1018671.0,99.93,21863 
2013-11-13,1018671.0,99.93,21863 
2013-11-14,1018671.0,99.93,21863 
2013-11-15,1018671.0,99.93,21863 
2013-11-18,1018671.0,99.93,21863 
2013-11-19,1018671.0,99.93,21863 
2013-11-20,1018671.0,99.93,21863 
2013-11-21,1018671.0,99.93,21863 
2013-11-22,1018671.0,99.93,21863 
2013-11-25,1018671.0,99.93,21863 
2013-11-26,1018671.0,99.93,21863 
2013-11-27,1018671.0,99.93,21863 
2013-11-28,1018671.0,99.93,21863 
2013-11-29,1018671.0,99.93,21863 
2013-12-02,1025655.0,100.49,22051 
2013-12-03,1025655.0,100.49,22051 
2013-12-04,1025655.0,100.49,22051 
2013-12-05,1025655.0,100.49,22051 
2013-12-06,1025655.0,100.49,22051 
2013-12-09,1025655.0,100.49,22051 
2013-12-10,1025655.0,100.49,22051 
2013-12-11,1025655.0,100.49,22051 
2013-12-12,1025655.0,100.49,22051 
2013-12-13,1025655.0,100.49,22051 
2013-12-16,1025655.0,100.49,22051 
2013-12-17,1025655.0,100.49,22051 
2013-12-18,1025655.0,100.49,22051 
2013-12-19,1025655.0,100.49,22051 
2013-12-20,1025655.0,100.49,22051 
2013-12-23,1025655.0,100.49,22051 
2013-12-24,1025655.0,100.49,22051 
2013-12-27,1025655.0,100.49,22051 
2013-12-30,1025655.0,100.49,22051 
2013-12-31,1025655.0,100.49,22051 
2014-01-02,1032511.0,101.16,22199 
2014-01-03,1032511.0,101.16,22199 
2014-01-06,1032511.0,101.16,22199 
2014-01-07,1032511.0,101.16,22199 
2014-01-08,1032511.0,101.16,22199 
2014-01-09,1032511.0,101.16,22199 
2014-01-10,1032511.0,101.16,22199 
2014-01-13,1032511.0,101.16,22199 
2014-01-14,1032511.0,101.16,22199 
2014-01-15,1032511.0,101.16,22199 
2014-01-16,1032511.0,101.16,22199 
2014-01-17,1032511.0,101.16,22199 
2014-01-20,1032511.0,101.16,22199 
2014-01-21,1032511.0,101.16,22199 
2014-01-22,1032511.0,101.16,22199 
2014-01-23,1032511.0,101.16,22199 
2014-01-24,1032511.0,101.16,22199 
2014-01-27,1032511.0,101.16,22199 
2014-01-28,1032511.0,101.16,22199 
2014-01-29,1032511.0,101.16,22199 
2014-01-30,1032511.0,101.16,22199 
2014-01-31,1032511.0,101.16,22199 
2014-02-03,1040848.0,101.98,22378 
2014-02-04,1040848.0,101.98,22378 
2014-02-05,1040848.0,101.98,22378 
2014-02-06,1040848.0,101.98,22378 
2014-02-07,1040848.0,101.98,22378 
2014-02-10,1040848.0,101.98,22378 
2014-02-11,1040848.0,101.98,22378 
2014-02-12,1040848.0,101.98,22378 
2014-02-13,1040848.0,101.98,22378 
2014-02-14,1040848.0,101.98,22378 
2014-02-17,1040848.0,101.98,22378 
2014-02-18,1040848.0,101.98,22378 
2014-02-19,1040848.0,101.98,22378 
2014-02-20,1040848.0,101.98,22378 
2014-02-21,1040848.0,101.98,22378 
2014-02-24,1040848.0,101.98,22378 
2014-02-25,1040848.0,101.98,22378 
2014-02-26,1040848.0,101.98,22378 
2014-02-27,1040848.0,101.98,22378 
2014-02-28,1040848.0,101.98,22378 
2014-03-03,1053452.0,103.16,22649 
2014-03-04,1053452.0,103.16,22649 
2014-03-05,1053452.0,103.16,22649 
2014-03-06,1053452.0,103.16,22649 
2014-03-07,1053452.0,103.16,22649 
2014-03-10,1053452.0,103.16,22649 
2014-03-11,1053452.0,103.16,22649 
2014-03-12,1053452.0,103.16,22649 
2014-03-13,1053452.0,103.16,22649 
2014-03-14,1053452.0,103.16,22649 
2014-03-17,1053452.0,103.16,22649 
2014-03-18,1053452.0,103.16,22649 
2014-03-19,1053452.0,103.16,22649 
2014-03-20,1053452.0,103.16,22649 
2014-03-21,1053452.0,103.16,22649 
2014-03-24,1053452.0,103.16,22649 
2014-03-25,1053452.0,103.16,22649 
2014-03-26,1053452.0,103.16,22649 
2014-03-27,1053452.0,103.16,22649 
2014-03-28,1053452.0,103.16,22649 
2014-03-31,1053452.0,103.16,22649 
2014-04-01,1045077.0,102.34,22469 
2014-04-02,1045077.0,102.34,22469 
2014-04-03,1045077.0,102.34,22469 
2014-04-04,1045077.0,102.34,22469 
2014-04-07,1045077.0,102.34,22469 
2014-04-08,1045077.0,102.34,22469 
2014-04-09,1045077.0,102.34,22469 
2014-04-10,1045077.0,102.34,22469 
2014-04-11,1045077.0,102.34,22469 
2014-04-14,1045077.0,102.34,22469 
2014-04-15,1045077.0,102.34,22469 
2014-04-16,1045077.0,102.34,22469 
2014-04-17,1045077.0,102.34,22469 
2014-04-22,1045077.0,102.34,22469 
2014-04-23,1045077.0,102.34,22469 
2014-04-24,1045077.0,102.34,22469 
2014-04-25,1045077.0,102.34,22469 
2014-04-28,1045077.0,102.34,22469 
2014-04-29,1045077.0,102.34,22469 
2014-04-30,1045077.0,102.34,22469 
2014-05-02,1058684.0,103.68,22761 
2014-05-05,1058684.0,103.68,22761 
2014-05-06,1058684.0,103.68,22761 
2014-05-07,1058684.0,103.68,22761 
2014-05-08,1058684.0,103.68,22761 
2014-05-09,1058684.0,103.68,22761 
2014-05-12,1058684.0,103.68,22761 
2014-05-13,1058684.0,103.68,22761 
2014-05-14,1058684.0,103.68,22761 
2014-05-15,1058684.0,103.68,22761 
2014-05-16,1058684.0,103.68,22761 
2014-05-19,1058684.0,103.68,22761 
2014-05-20,1058684.0,103.68,22761 
2014-05-21,1058684.0,103.68,22761 
2014-05-22,1058684.0,103.68,22761 
2014-05-23,1058684.0,103.68,22761 
2014-05-26,1058684.0,103.68,22761 
2014-05-27,1058684.0,103.68,22761 
2014-05-28,1058684.0,103.68,22761 
2014-05-29,1058684.0,103.68,22761 
2014-05-30,1058684.0,103.68,22761 
2014-06-02,1066099.0,104.21,22949 
2014-06-03,1066099.0,104.21,22949 
2014-06-04,1066099.0,104.21,22949 
2014-06-05,1066099.0,104.21,22949 
2014-06-06,1066099.0,104.21,22949 
2014-06-09,1066099.0,104.21,22949 
2014-06-10,1066099.0,104.21,22949 
2014-06-11,1066099.0,104.21,22949 
2014-06-12,1066099.0,104.21,22949 
2014-06-13,1066099.0,104.21,22949 
2014-06-16,1066099.0,104.21,22949 
2014-06-17,1066099.0,104.21,22949 
2014-06-18,1066099.0,104.21,22949 
2014-06-19,1066099.0,104.21,22949 
2014-06-20,1066099.0,104.21,22949 
2014-06-23,1066099.0,104.21,22949 
2014-06-24,1066099.0,104.21,22949 
2014-06-25,1066099.0,104.21,22949 
2014-06-26,1066099.0,104.21,22949 
2014-06-27,1066099.0,104.21,22949 
2014-06-30,1066099.0,104.21,22949 
2014-07-01,1059298.0,103.55,22803 
2014-07-02,1059298.0,103.55,22803 
2014-07-03,1059298.0,103.55,22803 
2014-07-04,1059298.0,103.55,22803 
2014-07-07,1059298.0,103.55,22803 
2014-07-08,1059298.0,103.55,22803 
2014-07-09,1059298.0,103.55,22803 
2014-07-10,1059298.0,103.55,22803 
2014-07-11,1059298.0,103.55,22803 
2014-07-14,1059298.0,103.55,22803 
2014-07-15,1059298.0,103.55,22803 
2014-07-16,1059298.0,103.55,22803 
2014-07-17,1059298.0,103.55,22803 
2014-07-18,1059298.0,103.55,22803 
2014-07-21,1059298.0,103.55,22803 
2014-07-22,1059298.0,103.55,22803 
2014-07-23,1059298.0,103.55,22803 
2014-07-24,1059298.0,103.55,22803 
2014-07-25,1059298.0,103.55,22803 
2014-07-28,1059298.0,103.55,22803 
2014-07-29,1059298.0,103.55,22803 
2014-07-30,1059298.0,103.55,22803 
2014-07-31,1059298.0,103.55,22803 
2014-08-01,1063328.0,103.94,22889 
2014-08-04,1063328.0,103.94,22889 
2014-08-05,1063328.0,103.94,22889 
2014-08-06,1063328.0,103.94,22889 
2014-08-07,1063328.0,103.94,22889 
2014-08-08,1063328.0,103.94,22889 
2014-08-11,1063328.0,103.94,22889 
2014-08-12,1063328.0,103.94,22889 
2014-08-13,1063328.0,103.94,22889 
2014-08-14,1063328.0,103.94,22889 
2014-08-15,1063328.0,103.94,22889 
2014-08-18,1063328.0,103.94,22889 
2014-08-19,1063328.0,103.94,22889 
2014-08-20,1063328.0,103.94,22889 
2014-08-21,1063328.0,103.94,22889 
2014-08-22,1063328.0,103.94,22889 
2014-08-25,1063328.0,103.94,22889 
2014-08-26,1063328.0,103.94,22889 
2014-08-27,1063328.0,103.94,22889 
2014-08-28,1063328.0,103.94,22889 
2014-08-29,1063328.0,103.94,22889 
2014-09-01,1073210.0,104.55,23102 
2014-09-02,1073210.0,104.55,23102 
2014-09-03,1073210.0,104.55,23102 
2014-09-04,1073210.0,104.55,23102 
2014-09-05,1073210.0,104.55,23102 
2014-09-08,1073210.0,104.55,23102 
2014-09-09,1073210.0,104.55,23102 
2014-09-10,1073210.0,104.55,23102 
2014-09-11,1073210.0,104.55,23102 
2014-09-12,1073210.0,104.55,23102 
2014-09-15,1073210.0,104.55,23102 
2014-09-16,1073210.0,104.55,23102 
2014-09-17,1073210.0,104.55,23102 
2014-09-18,1073210.0,104.55,23102 
2014-09-19,1073210.0,104.55,23102 
2014-09-22,1073210.0,104.55,23102 
2014-09-23,1073210.0,104.55,23102 
2014-09-24,1073210.0,104.55,23102 
2014-09-25,1073210.0,104.55,23102 
2014-09-26,1073210.0,104.55,23102 
2014-09-29,1073210.0,104.55,23102 
2014-09-30,1073210.0,104.55,23102 
2014-10-01,1068256.0,104.07,22995 
2014-10-02,1068256.0,104.07,22995 
2014-10-03,1068256.0,104.07,22995 
2014-10-06,1068256.0,104.07,22995 
2014-10-07,1068256.0,104.07,22995 
2014-10-08,1068256.0,104.07,22995 
2014-10-09,1068256.0,104.07,22995 
2014-10-10,1068256.0,104.07,22995 
2014-10-13,1068256.0,104.07,22995 
2014-10-14,1068256.0,104.07,22995 
2014-10-15,1068256.0,104.07,22995 
2014-10-16,1068256.0,104.07,22995 
2014-10-17,1068256.0,104.07,22995 
2014-10-20,1068256.0,104.07,22995 
2014-10-21,1068256.0,104.07,22995 
2014-10-22,1068256.0,104.07,22995 
2014-10-23,1068256.0,104.07,22995 
2014-10-24,1068256.0,104.07,22995 
2014-10-27,1068256.0,104.07,22995 
2014-10-28,1068256.0,104.07,22995 
2014-10-29,1068256.0,104.07,22995 
2014-10-30,1068256.0,104.07,22995 
2014-10-31,1068256.0,104.07,22995 
2014-11-03,1073958.0,104.62,23118 
2014-11-04,1073958.0,104.62,23118 
2014-11-05,1073958.0,104.62,23118 
2014-11-06,1073958.0,104.62,23118 
2014-11-07,1073958.0,104.62,23118 
2014-11-10,1073958.0,104.62,23118 
2014-11-11,1073958.0,104.62,23118 
2014-11-12,1073958.0,104.62,23118 
2014-11-13,1073958.0,104.62,23118 
2014-11-14,1073958.0,104.62,23118 
2014-11-17,1073958.0,104.62,23118 
2014-11-18,1073958.0,104.62,23118 
2014-11-19,1073958.0,104.62,23118 
2014-11-20,1073958.0,104.62,23118 
2014-11-21,1073958.0,104.62,23118 
2014-11-24,1073958.0,104.62,23118 
2014-11-25,1073958.0,104.62,23118 
2014-11-26,1073958.0,104.62,23118 
2014-11-27,1073958.0,104.62,23118 
2014-11-28,1073958.0,104.62,23118 
2014-12-01,1084846.0,105.06,23355 
2014-12-02,1084846.0,105.06,23355 
2014-12-03,1084846.0,105.06,23355 
2014-12-04,1084846.0,105.06,23355 
2014-12-05,1084846.0,105.06,23355 
2014-12-08,1084846.0,105.06,23355 
2014-12-09,1084846.0,105.06,23355 
2014-12-10,1084846.0,105.06,23355 
2014-12-11,1084846.0,105.06,23355 
2014-12-12,1084846.0,105.06,23355 
2014-12-15,1084846.0,105.06,23355 
2014-12-16,1084846.0,105.06,23355 
2014-12-17,1084846.0,105.06,23355 
2014-12-18,1084846.0,105.06,23355 
2014-12-19,1084846.0,105.06,23355 
2014-12-22,1084846.0,105.06,23355 
2014-12-23,1084846.0,105.06,23355 
2014-12-24,1084846.0,105.06,23355 
2014-12-29,1084846.0,105.06,23355 
2014-12-30,1084846.0,105.06,23355 
2014-12-31,1084846.0,105.06,23355 
2015-01-02,1085421.0,105.11,23368 
2015-01-05,1085421.0,105.11,23368 
2015-01-06,1085421.0,105.11,23368 
2015-01-07,1085421.0,105.11,23368 
2015-01-08,1085421.0,105.11,23368 
2015-01-09,1085421.0,105.11,23368 
2015-01-12,1085421.0,105.11,23368 
2015-01-13,1085421.0,105.11,23368 
2015-01-14,1085421.0,105.11,23368 
2015-01-15,1085421.0,105.11,23368 
2015-01-16,1085421.0,105.11,23368 
2015-01-19,1085421.0,105.11,23368 
2015-01-20,1085421.0,105.11,23368 
2015-01-21,1085421.0,105.11,23368 
2015-01-22,1085421.0,105.11,23368 
2015-01-23,1085421.0,105.11,23368 
2015-01-26,1085421.0,105.11,23368 
2015-01-27,1085421.0,105.11,23368 
2015-01-28,1085421.0,105.11,23368 
2015-01-29,1085421.0,105.11,23368 
2015-01-30,1085421.0,105.11,23368 
2015-02-02,1089702.0,105.53,23460 
2015-02-03,1089702.0,105.53,23460 
2015-02-04,1089702.0,105.53,23460 
2015-02-05,1089702.0,105.53,23460 
2015-02-06,1089702.0,105.53,23460 
2015-02-09,1089702.0,105.53,23460 
2015-02-10,1089702.0,105.53,23460 
2015-02-11,1089702.0,105.53,23460 
2015-02-12,1089702.0,105.53,23460 
2015-02-13,1089702.0,105.53,23460 
2015-02-16,1089702.0,105.53,23460 
2015-02-17,1089702.0,105.53,23460 
2015-02-18,1089702.0,105.53,23460 
2015-02-19,1089702.0,105.53,23460 
2015-02-20,1089702.0,105.53,23460 
2015-02-23,1089702.0,105.53,23460 
2015-02-24,1089702.0,105.53,23460 
2015-02-25,1089702.0,105.53,23460 
2015-02-26,1089702.0,105.53,23460 
2015-02-27,1089702.0,105.53,23460 
2015-03-02,1095614.0,105.13,23587 
2015-03-03,1095614.0,105.13,23587 
2015-03-04,1095614.0,105.13,23587 
2015-03-05,1095614.0,105.13,23587 
2015-03-06,1095614.0,105.13,23587 
2015-03-09,1095614.0,105.13,23587 
2015-03-10,1095614.0,105.13,23587 
2015-03-11,1095614.0,105.13,23587 
2015-03-12,1095614.0,105.13,23587 
2015-03-13,1095614.0,105.13,23587 
2015-03-16,1095614.0,105.13,23587 
2015-03-17,1095614.0,105.13,23587 
2015-03-18,1095614.0,105.13,23587 
2015-03-19,1095614.0,105.13,23587 
2015-03-20,1095614.0,105.13,23587 
2015-03-23,1095614.0,105.13,23587 
2015-03-24,1095614.0,105.13,23587 
2015-03-25,1095614.0,105.13,23587 
2015-03-26,1095614.0,105.13,23587 
2015-03-27,1095614.0,105.13,23587 
2015-03-30,1095614.0,105.13,23587 
2015-03-31,1095614.0,105.13,23587 
2015-04-01,1081721.0,103.8,23288 
2015-04-02,1081721.0,103.8,23288 
2015-04-07,1081721.0,103.8,23288 
2015-04-08,1081721.0,103.8,23288 
2015-04-09,1081721.0,103.8,23288 
2015-04-10,1081721.0,103.8,23288 
2015-04-13,1081721.0,103.8,23288 
2015-04-14,1081721.0,103.8,23288 
2015-04-15,1081721.0,103.8,23288 
2015-04-16,1081721.0,103.8,23288 
2015-04-17,1081721.0,103.8,23288 
2015-04-20,1081721.0,103.8,23288 
2015-04-21,1081721.0,103.8,23288 
2015-04-22,1081721.0,103.8,23288 
2015-04-23,1081721.0,103.8,23288 
2015-04-24,1081721.0,103.8,23288 
2015-04-27,1081721.0,103.8,23288 
2015-04-28,1081721.0,103.8,23288 
2015-04-29,1081721.0,103.8,23288 
2015-04-30,1081721.0,103.8,23288 
2015-05-04,1089543.0,104.55,23456 
2015-05-05,1089543.0,104.55,23456 
2015-05-06,1089543.0,104.55,23456 
2015-05-07,1089543.0,104.55,23456 
2015-05-08,1089543.0,104.55,23456 
2015-05-11,1089543.0,104.55,23456 
2015-05-12,1089543.0,104.55,23456 
2015-05-13,1089543.0,104.55,23456 
2015-05-14,1089543.0,104.55,23456 
2015-05-15,1089543.0,104.55,23456 
2015-05-18,1089543.0,104.55,23456 
2015-05-19,1089543.0,104.55,23456 
2015-05-20,1089543.0,104.55,23456 
2015-05-21,1089543.0,104.55,23456 
2015-05-22,1089543.0,104.55,23456 
2015-05-25,1089543.0,104.55,23456 
2015-05-26,1089543.0,104.55,23456 
2015-05-27,1089543.0,104.55,23456 
2015-05-28,1089543.0,104.55,23456 
2015-05-29,1089543.0,104.55,23456 
2015-06-01,1100882.0,104.51,23721 
2015-06-02,1100882.0,104.51,23721 
2015-06-03,1100882.0,104.51,23721 
2015-06-04,1100882.0,104.51,23721 
2015-06-05,1100882.0,104.51,23721 
2015-06-08,1100882.0,104.51,23721 
2015-06-09,1100882.0,104.51,23721 
2015-06-10,1100882.0,104.51,23721 
2015-06-11,1100882.0,104.51,23721 
2015-06-12,1100882.0,104.51,23721 
2015-06-15,1100882.0,104.51,23721 
2015-06-16,1100882.0,104.51,23721 
2015-06-17,1100882.0,104.51,23721 
2015-06-18,1100882.0,104.51,23721 
2015-06-19,1100882.0,104.51,23721 
2015-06-22,1100882.0,104.51,23721 
2015-06-23,1100882.0,104.51,23721 
2015-06-24,1100882.0,104.51,23721 
2015-06-25,1100882.0,104.51,23721 
2015-06-26,1100882.0,104.51,23721 
2015-06-29,1100882.0,104.51,23721 
2015-06-30,1100882.0,104.51,23721 
2015-07-01,1088122.0,103.3,23446 
2015-07-02,1088122.0,103.3,23446 
2015-07-03,1088122.0,103.3,23446 
2015-07-06,1088122.0,103.3,23446 
2015-07-07,1088122.0,103.3,23446 
2015-07-08,1088122.0,103.3,23446 
2015-07-09,1088122.0,103.3,23446 
2015-07-10,1088122.0,103.3,23446 
2015-07-13,1088122.0,103.3,23446 
2015-07-14,1088122.0,103.3,23446 
2015-07-15,1088122.0,103.3,23446 
2015-07-16,1088122.0,103.3,23446 
2015-07-17,1088122.0,103.3,23446 
2015-07-20,1088122.0,103.3,23446 
2015-07-21,1088122.0,103.3,23446 
2015-07-22,1088122.0,103.3,23446 
2015-07-23,1088122.0,103.3,23446 
2015-07-24,1088122.0,103.3,23446 
2015-07-27,1088122.0,103.3,23446 
2015-07-28,1088122.0,103.3,23446 
2015-07-29,1088122.0,103.3,23446 
2015-07-30,1088122.0,103.3,23446 
2015-07-31,1088122.0,103.3,23446 
2015-08-03,1097390.0,104.18,23645 
2015-08-04,1097390.0,104.18,23645 
2015-08-05,1097390.0,104.18,23645 
2015-08-06,1097390.0,104.18,23645 
2015-08-07,1097390.0,104.18,23645 
2015-08-10,1097390.0,104.18,23645 
2015-08-11,1097390.0,104.18,23645 
2015-08-12,1097390.0,104.18,23645 
2015-08-13,1097390.0,104.18,23645 
2015-08-14,1097390.0,104.18,23645 
2015-08-17,1097390.0,104.18,23645 
2015-08-18,1097390.0,104.18,23645 
2015-08-19,1097390.0,104.18,23645 
2015-08-20,1097390.0,104.18,23645 
2015-08-21,1097390.0,104.18,23645 
2015-08-24,1097390.0,104.18,23645 
2015-08-25,1097390.0,104.18,23645 
2015-08-26,1097390.0,104.18,23645 
2015-08-27,1097390.0,104.18,23645 
2015-08-28,1097390.0,104.18,23645 
2015-08-31,1097390.0,104.18,23645 
2015-09-01,1110817.0,104.23,23935 
2015-09-02,1110817.0,104.23,23935 
2015-09-03,1110817.0,104.23,23935 
2015-09-04,1110817.0,104.23,23935 
2015-09-07,1110817.0,104.23,23935 
2015-09-08,1110817.0,104.23,23935 
2015-09-09,1110817.0,104.23,23935 
2015-09-10,1110817.0,104.23,23935 
2015-09-11,1110817.0,104.23,23935 
2015-09-14,1110817.0,104.23,23935 
2015-09-15,1110817.0,104.23,23935 
2015-09-16,1110817.0,104.23,23935 
2015-09-17,1110817.0,104.23,23935 
2015-09-18,1110817.0,104.23,23935 
2015-09-21,1110817.0,104.23,23935 
2015-09-22,1110817.0,104.23,23935 
2015-09-23,1110817.0,104.23,23935 
2015-09-24,1110817.0,104.23,23935 
2015-09-25,1110817.0,104.23,23935 
2015-09-28,1110817.0,104.23,23935 
2015-09-29,1110817.0,104.23,23935 
2015-09-30,1110817.0,104.23,23935 
2015-10-01,1105136.0,103.7,23812 
2015-10-02,1105136.0,103.7,23812 
2015-10-05,1105136.0,103.7,23812 
2015-10-06,1105136.0,103.7,23812 
2015-10-07,1105136.0,103.7,23812 
2015-10-08,1105136.0,103.7,23812 
2015-10-09,1105136.0,103.7,23812 
2015-10-12,1105136.0,103.7,23812 
2015-10-13,1105136.0,103.7,23812 
2015-10-14,1105136.0,103.7,23812 
2015-10-15,1105136.0,103.7,23812 
2015-10-16,1105136.0,103.7,23812 
2015-10-19,1105136.0,103.7,23812 
2015-10-20,1105136.0,103.7,23812 
2015-10-21,1105136.0,103.7,23812 
2015-10-22,1105136.0,103.7,23812 
2015-10-23,1105136.0,103.7,23812 
2015-10-26,1105136.0,103.7,23812 
2015-10-27,1105136.0,103.7,23812 
2015-10-28,1105136.0,103.7,23812 
2015-10-29,1105136.0,103.7,23812 
2015-10-30,1105136.0,103.7,23812 
2015-11-02,1115423.0,104.66,24034 
2015-11-03,1115423.0,104.66,24034 
2015-11-04,1115423.0,104.66,24034 
2015-11-05,1115423.0,104.66,24034 
2015-11-06,1115423.0,104.66,24034 
2015-11-09,1115423.0,104.66,24034 
2015-11-10,1115423.0,104.66,24034 
2015-11-11,1115423.0,104.66,24034 
2015-11-12,1115423.0,104.66,24034 
2015-11-13,1115423.0,104.66,24034 
2015-11-16,1115423.0,104.66,24034 
2015-11-17,1115423.0,104.66,24034 
2015-11-18,1115423.0,104.66,24034 
2015-11-19,1115423.0,104.66,24034 
2015-11-20,1115423.0,104.66,24034 
2015-11-23,1115423.0,104.66,24034 
2015-11-24,1115423.0,104.66,24034 
2015-11-25,1115423.0,104.66,24034 
2015-11-26,1115423.0,104.66,24034 
2015-11-27,1115423.0,104.66,24034 
2015-11-30,1115423.0,104.66,24034 
2015-12-01,1113661.0,103.3,23981 
2015-12-02,1113661.0,103.3,23981 
2015-12-03,1113661.0,103.3,23981 
2015-12-04,1113661.0,103.3,23981 
2015-12-07,1113661.0,103.3,23981 
2015-12-08,1113661.0,103.3,23981 
2015-12-09,1113661.0,103.3,23981 
2015-12-10,1113661.0,103.3,23981 
2015-12-11,1113661.0,103.3,23981 
2015-12-14,1113661.0,103.3,23981 
2015-12-15,1113661.0,103.3,23981 
2015-12-16,1113661.0,103.3,23981 
2015-12-17,1113661.0,103.3,23981 
2015-12-18,1113661.0,103.3,23981 
2015-12-21,1113661.0,103.3,23981 
2015-12-22,1113661.0,103.3,23981 
2015-12-23,1113661.0,103.3,23981 
2015-12-24,1113661.0,103.3,23981 
2015-12-28,1113661.0,103.3,23981 
2015-12-29,1113661.0,103.3,23981 
2015-12-30,1113661.0,103.3,23981 
2015-12-31,1113661.0,103.3,23981 
2016-01-04,1115968.0,103.51,24030 
2016-01-05,1115968.0,103.51,24030 
2016-01-06,1115968.0,103.51,24030 
2016-01-07,1115968.0,103.51,24030 
2016-01-08,1115968.0,103.51,24030 
2016-01-11,1115968.0,103.51,24030 
2016-01-12,1115968.0,103.51,24030 
2016-01-13,1115968.0,103.51,24030 
2016-01-14,1115968.0,103.51,24030 
2016-01-15,1115968.0,103.51,24030 
2016-01-18,1115968.0,103.51,24030 
2016-01-19,1115968.0,103.51,24030 
2016-01-20,1115968.0,103.51,24030 
2016-01-21,1115968.0,103.51,24030 
2016-01-22,1115968.0,103.51,24030 
2016-01-25,1115968.0,103.51,24030 
2016-01-26,1115968.0,103.51,24030 
2016-01-27,1115968.0,103.51,24030 
2016-01-28,1115968.0,103.51,24030 
2016-01-29,1115968.0,103.51,24030 
2016-02-01,1121865.0,104.06,24157 
2016-02-02,1121865.0,104.06,24157 
2016-02-03,1121865.0,104.06,24157 
2016-02-04,1121865.0,104.06,24157 
2016-02-05,1121865.0,104.06,24157 
2016-02-08,1121865.0,104.06,24157 
2016-02-09,1121865.0,104.06,24157 
2016-02-10,1121865.0,104.06,24157 
2016-02-11,1121865.0,104.06,24157 
2016-02-12,1121865.0,104.06,24157 
2016-02-15,1121865.0,104.06,24157 
2016-02-16,1121865.0,104.06,24157 
2016-02-17,1121865.0,104.06,24157 
2016-02-18,1121865.0,104.06,24157 
2016-02-19,1121865.0,104.06,24157 
2016-02-22,1121865.0,104.06,24157 
2016-02-23,1121865.0,104.06,24157 
2016-02-24,1121865.0,104.06,24157 
2016-02-25,1121865.0,104.06,24157 
2016-02-26,1121865.0,104.06,24157 
2016-02-29,1121865.0,104.06,24157 
2016-03-01,1135747.0,104.46,24456 
2016-03-02,1135747.0,104.46,24456 
2016-03-03,1135747.0,104.46,24456 
2016-03-04,1135747.0,104.46,24456 
2016-03-07,1135747.0,104.46,24456 
2016-03-08,1135747.0,104.46,24456 
2016-03-09,1135747.0,104.46,24456 
2016-03-10,1135747.0,104.46,24456 
2016-03-11,1135747.0,104.46,24456 
2016-03-14,1135747.0,104.46,24456 
2016-03-15,1135747.0,104.46,24456 
2016-03-16,1135747.0,104.46,24456 
2016-03-17,1135747.0,104.46,24456 
2016-03-18,1135747.0,104.46,24456 
2016-03-21,1135747.0,104.46,24456 
2016-03-22,1135747.0,104.46,24456 
2016-03-23,1135747.0,104.46,24456 
2016-03-24,1135747.0,104.46,24456 
2016-03-29,1135747.0,104.46,24456 
2016-03-30,1135747.0,104.46,24456 
2016-03-31,1135747.0,104.46,24456 
2016-04-01,1121944.0,103.19,24159 
2016-04-04,1121944.0,103.19,24159 
2016-04-05,1121944.0,103.19,24159 
2016-04-06,1121944.0,103.19,24159 
2016-04-07,1121944.0,103.19,24159 
2016-04-08,1121944.0,103.19,24159 
2016-04-11,1121944.0,103.19,24159 
2016-04-12,1121944.0,103.19,24159 
2016-04-13,1121944.0,103.19,24159 
2016-04-14,1121944.0,103.19,24159 
2016-04-15,1121944.0,103.19,24159 
2016-04-18,1121944.0,103.19,24159 
2016-04-19,1121944.0,103.19,24159 
2016-04-20,1121944.0,103.19,24159 
2016-04-21,1121944.0,103.19,24159 
2016-04-22,1121944.0,103.19,24159 
2016-04-25,1121944.0,103.19,24159 
2016-04-26,1121944.0,103.19,24159 
2016-04-27,1121944.0,103.19,24159 
2016-04-28,1121944.0,103.19,24159 
2016-04-29,1121944.0,103.19,24159 
2016-05-02,1125627.0,103.53,24238 
2016-05-03,1125627.0,103.53,24238 
2016-05-04,1125627.0,103.53,24238 
2016-05-05,1125627.0,103.53,24238 
2016-05-06,1125627.0,103.53,24238 
2016-05-09,1125627.0,103.53,24238 
2016-05-10,1125627.0,103.53,24238 
2016-05-11,1125627.0,103.53,24238 
2016-05-12,1125627.0,103.53,24238 
2016-05-13,1125627.0,103.53,24238 
2016-05-16,1125627.0,103.53,24238 
2016-05-17,1125627.0,103.53,24238 
2016-05-18,1125627.0,103.53,24238 
2016-05-19,1125627.0,103.53,24238 
2016-05-20,1125627.0,103.53,24238 
2016-05-23,1125627.0,103.53,24238 
2016-05-24,1125627.0,103.53,24238 
2016-05-25,1125627.0,103.53,24238 
2016-05-26,1125627.0,103.53,24238 
2016-05-27,1125627.0,103.53,24238 
2016-05-30,1125627.0,103.53,24238 
2016-05-31,1125627.0,103.53,24238 
2016-06-01,1144690.0,104.46,24644 
2016-06-02,1144690.0,104.46,24644 
2016-06-03,1144690.0,104.46,24644 
2016-06-06,1144690.0,104.46,24644 
2016-06-07,1144690.0,104.46,24644 
2016-06-08,1144690.0,104.46,24644 
2016-06-09,1144690.0,104.46,24644 
2016-06-10,1144690.0,104.46,24644 
2016-06-13,1144690.0,104.46,24644 
2016-06-14,1144690.0,104.46,24644 
2016-06-15,1144690.0,104.46,24644 
2016-06-16,1144690.0,104.46,24644 
2016-06-17,1144690.0,104.46,24644 
2016-06-20,1144690.0,104.46,24644 
2016-06-21,1144690.0,104.46,24644 
2016-06-22,1144690.0,104.46,24644 
2016-06-23,1144690.0,104.46,24644 
2016-06-24,1144690.0,104.46,24644 
2016-06-27,1144690.0,104.46,24644 
2016-06-28,1144690.0,104.46,24644 
2016-06-29,1144690.0,104.46,24644 
2016-06-30,1144690.0,104.46,24644 
2016-07-01,1140638.0,104.09,24556 
2016-07-04,1140638.0,104.09,24556 
2016-07-05,1140638.0,104.09,24556 
2016-07-06,1140638.0,104.09,24556 
2016-07-07,1140638.0,104.09,24556 
2016-07-08,1140638.0,104.09,24556 
2016-07-11,1140638.0,104.09,24556 
2016-07-12,1140638.0,104.09,24556 
2016-07-13,1140638.0,104.09,24556 
2016-07-14,1140638.0,104.09,24556 
2016-07-15,1140638.0,104.09,24556 
2016-07-18,1140638.0,104.09,24556 
2016-07-19,1140638.0,104.09,24556 
2016-07-20,1140638.0,104.09,24556 
2016-07-21,1140638.0,104.09,24556 
2016-07-22,1140638.0,104.09,24556 
2016-07-25,1140638.0,104.09,24556 
2016-07-26,1140638.0,104.09,24556 
2016-07-27,1140638.0,104.09,24556 
2016-07-28,1140638.0,104.09,24556 
2016-07-29,1140638.0,104.09,24556 
2016-08-01,1141420.0,104.16,24573 
2016-08-02,1141420.0,104.16,24573 
2016-08-03,1141420.0,104.16,24573 
2016-08-04,1141420.0,104.16,24573 
2016-08-05,1141420.0,104.16,24573 
2016-08-08,1141420.0,104.16,24573 
2016-08-09,1141420.0,104.16,24573 
2016-08-10,1141420.0,104.16,24573 
2016-08-11,1141420.0,104.16,24573 
2016-08-12,1141420.0,104.16,24573 
2016-08-15,1141420.0,104.16,24573 
2016-08-16,1141420.0,104.16,24573 
2016-08-17,1141420.0,104.16,24573 
2016-08-18,1141420.0,104.16,24573 
2016-08-19,1141420.0,104.16,24573 
2016-08-22,1141420.0,104.16,24573 
2016-08-23,1141420.0,104.16,24573 
2016-08-24,1141420.0,104.16,24573 
2016-08-25,1141420.0,104.16,24573 
2016-08-26,1141420.0,104.16,24573 
2016-08-29,1141420.0,104.16,24573 
2016-08-30,1141420.0,104.16,24573 
2016-08-31,1141420.0,104.16,24573 
2016-09-01,1146320.0,103.7,24679 
2016-09-02,1146320.0,103.7,24679 
2016-09-05,1146320.0,103.7,24679 
2016-09-06,1146320.0,103.7,24679 
2016-09-07,1146320.0,103.7,24679 
2016-09-08,1146320.0,103.7,24679 
2016-09-09,1146320.0,103.7,24679 
2016-09-12,1146320.0,103.7,24679 
2016-09-13,1146320.0,103.7,24679 
2016-09-14,1146320.0,103.7,24679 
2016-09-15,1146320.0,103.7,24679 
2016-09-16,1146320.0,103.7,24679 
2016-09-19,1146320.0,103.7,24679 
2016-09-20,1146320.0,103.7,24679 
2016-09-21,1146320.0,103.7,24679 
2016-09-22,1146320.0,103.7,24679 
2016-09-23,1146320.0,103.7,24679 
2016-09-26,1146320.0,103.7,24679 
2016-09-27,1146320.0,103.7,24679 
2016-09-28,1146320.0,103.7,24679 
2016-09-29,1146320.0,103.7,24679 
2016-09-30,1146320.0,103.7,24679 
2016-10-03,1143757.0,103.47,24623 
2016-10-04,1143757.0,103.47,24623 
2016-10-05,1143757.0,103.47,24623 
2016-10-06,1143757.0,103.47,24623 
2016-10-07,1143757.0,103.47,24623 
2016-10-10,1143757.0,103.47,24623 
2016-10-11,1143757.0,103.47,24623 
2016-10-12,1143757.0,103.47,24623 
2016-10-13,1143757.0,103.47,24623 
2016-10-14,1143757.0,103.47,24623 
2016-10-17,1143757.0,103.47,24623 
2016-10-18,1143757.0,103.47,24623 
2016-10-19,1143757.0,103.47,24623 
2016-10-20,1143757.0,103.47,24623 
2016-10-21,1143757.0,103.47,24623 
2016-10-24,1143757.0,103.47,24623 
2016-10-25,1143757.0,103.47,24623 
2016-10-26,1143757.0,103.47,24623 
2016-10-27,1143757.0,103.47,24623 
2016-10-28,1143757.0,103.47,24623 
2016-10-31,1143757.0,103.47,24623 
2016-11-01,1138362.0,102.98,24507 
2016-11-02,1138362.0,102.98,24507 
2016-11-03,1138362.0,102.98,24507 
2016-11-04,1138362.0,102.98,24507 
2016-11-07,1138362.0,102.98,24507 
2016-11-08,1138362.0,102.98,24507 
2016-11-09,1138362.0,102.98,24507 
2016-11-10,1138362.0,102.98,24507 
2016-11-11,1138362.0,102.98,24507 
2016-11-14,1138362.0,102.98,24507 
2016-11-15,1138362.0,102.98,24507 
2016-11-16,1138362.0,102.98,24507 
2016-11-17,1138362.0,102.98,24507 
2016-11-18,1138362.0,102.98,24507 
2016-11-21,1138362.0,102.98,24507 
2016-11-22,1138362.0,102.98,24507 
2016-11-23,1138362.0,102.98,24507 
2016-11-24,1138362.0,102.98,24507 
2016-11-25,1138362.0,102.98,24507 
2016-11-28,1138362.0,102.98,24507 
2016-11-29,1138362.0,102.98,24507 
2016-11-30,1138362.0,102.98,24507 
2016-12-01,1145050.0,102.75,24610 
2016-12-02,1145050.0,102.75,24610 
2016-12-05,1145050.0,102.75,24610 
2016-12-06,1145050.0,102.75,24610 
2016-12-07,1145050.0,102.75,24610 
2016-12-08,1145050.0,102.75,24610 
2016-12-09,1145050.0,102.75,24610 
2016-12-12,1145050.0,102.75,24610 
2016-12-13,1145050.0,102.75,24610 
2016-12-14,1145050.0,102.75,24610 
2016-12-15,1145050.0,102.75,24610 
2016-12-16,1145050.0,102.75,24610 
2016-12-19,1145050.0,102.75,24610 
2016-12-20,1145050.0,102.75,24610 
2016-12-21,1145050.0,102.75,24610 
2016-12-22,1145050.0,102.75,24610 
2016-12-23,1145050.0,102.75,24610 
2016-12-27,1145050.0,102.75,24610 
2016-12-28,1145050.0,102.75,24610 
2016-12-29,1145050.0,102.75,24610 
2016-12-30,1145050.0,102.75,24610 
2017-01-03,1152691.0,103.43,24775 
2017-01-04,1152691.0,103.43,24775 
2017-01-05,1152691.0,103.43,24775 
2017-01-06,1152691.0,103.43,24775 
2017-01-09,1152691.0,103.43,24775 
2017-01-10,1152691.0,103.43,24775 
2017-01-11,1152691.0,103.43,24775 
2017-01-12,1152691.0,103.43,24775 
2017-01-13,1152691.0,103.43,24775 
2017-01-16,1152691.0,103.43,24775 
2017-01-17,1152691.0,103.43,24775 
2017-01-18,1152691.0,103.43,24775 
2017-01-19,1152691.0,103.43,24775 
2017-01-20,1152691.0,103.43,24775 
2017-01-23,1152691.0,103.43,24775 
2017-01-24,1152691.0,103.43,24775 
2017-01-25,1152691.0,103.43,24775 
2017-01-26,1152691.0,103.43,24775 
2017-01-27,1152691.0,103.43,24775 
2017-01-30,1152691.0,103.43,24775 
2017-01-31,1152691.0,103.43,24775 
2017-02-01,1155567.0,103.69,24836 
2017-02-02,1155567.0,103.69,24836 
2017-02-03,1155567.0,103.69,24836 
2017-02-06,1155567.0,103.69,24836 
2017-02-07,1155567.0,103.69,24836 
2017-02-08,1155567.0,103.69,24836 
2017-02-09,1155567.0,103.69,24836 
2017-02-10,1155567.0,103.69,24836 
2017-02-13,1155567.0,103.69,24836 
2017-02-14,1155567.0,103.69,24836 
2017-02-15,1155567.0,103.69,24836 
2017-02-16,1155567.0,103.69,24836 
2017-02-17,1155567.0,103.69,24836 
2017-02-20,1155567.0,103.69,24836 
2017-02-21,1155567.0,103.69,24836 
2017-02-22,1155567.0,103.69,24836 
2017-02-23,1155567.0,103.69,24836 
2017-02-24,1155567.0,103.69,24836 
2017-02-27,1155567.0,103.69,24836 
2017-02-28,1155567.0,103.69,24836 
2017-03-01,1165853.0,103.61,25058 
2017-03-02,1165853.0,103.61,25058 
2017-03-03,1165853.0,103.61,25058 
2017-03-06,1165853.0,103.61,25058 
2017-03-07,1165853.0,103.61,25058 
2017-03-08,1165853.0,103.61,25058 
2017-03-09,1165853.0,103.61,25058 
2017-03-10,1165853.0,103.61,25058 
2017-03-13,1165853.0,103.61,25058 
2017-03-14,1165853.0,103.61,25058 
2017-03-15,1165853.0,103.61,25058 
2017-03-16,1165853.0,103.61,25058 
2017-03-17,1165853.0,103.61,25058 
2017-03-20,1165853.0,103.61,25058 
2017-03-21,1165853.0,103.61,25058 
2017-03-22,1165853.0,103.61,25058 
2017-03-23,1165853.0,103.61,25058 
2017-03-24,1165853.0,103.61,25058 
2017-03-27,1165853.0,103.61,25058 
2017-03-28,1165853.0,103.61,25058 
2017-03-29,1165853.0,103.61,25058 
2017-03-30,1165853.0,103.61,25058 
2017-03-31,1165853.0,103.61,25058 
2017-04-03,1154257.0,102.58,24808 
2017-04-04,1154257.0,102.58,24808 
2017-04-05,1154257.0,102.58,24808 
2017-04-06,1154257.0,102.58,24808 
2017-04-07,1154257.0,102.58,24808 
2017-04-10,1154257.0,102.58,24808 
2017-04-11,1154257.0,102.58,24808 
2017-04-12,1154257.0,102.58,24808 
2017-04-13,1154257.0,102.58,24808 
2017-04-18,1154257.0,102.58,24808 
2017-04-19,1154257.0,102.58,24808 
2017-04-20,1154257.0,102.58,24808 
2017-04-21,1154257.0,102.58,24808 
2017-04-24,1154257.0,102.58,24808 
2017-04-25,1154257.0,102.58,24808 
2017-04-26,1154257.0,102.58,24808 
2017-04-27,1154257.0,102.58,24808 
2017-04-28,1154257.0,102.58,24808 
2017-05-02,1164583.0,103.49,25030 
2017-05-03,1164583.0,103.49,25030 
2017-05-04,1164583.0,103.49,25030 
2017-05-05,1164583.0,103.49,25030 
2017-05-08,1164583.0,103.49,25030 
2017-05-09,1164583.0,103.49,25030 
2017-05-10,1164583.0,103.49,25030 
2017-05-11,1164583.0,103.49,25030 
2017-05-12,1164583.0,103.49,25030 
2017-05-15,1164583.0,103.49,25030 
2017-05-16,1164583.0,103.49,25030 
2017-05-17,1164583.0,103.49,25030 
2017-05-18,1164583.0,103.49,25030 
2017-05-19,1164583.0,103.49,25030 
2017-05-22,1164583.0,103.49,25030 
2017-05-23,1164583.0,103.49,25030 
2017-05-24,1164583.0,103.49,25030 
2017-05-25,1164583.0,103.49,25030 
2017-05-26,1164583.0,103.49,25030 
2017-05-29,1164583.0,103.49,25030 
2017-05-30,1164583.0,103.49,25030 
2017-05-31,1164583.0,103.49,25030 
2017-06-01,1174893.0,103.24,25249 
2017-06-02,1174893.0,103.24,25249 
2017-06-05,1174893.0,103.24,25249 
2017-06-06,1174893.0,103.24,25249 
2017-06-07,1174893.0,103.24,25249 
2017-06-08,1174893.0,103.24,25249 
2017-06-09,1174893.0,103.24,25249 
2017-06-12,1174893.0,103.24,25249 
2017-06-13,1174893.0,103.24,25249 
2017-06-14,1174893.0,103.24,25249 
2017-06-15,1174893.0,103.24,25249 
2017-06-16,1174893.0,103.24,25249 
2017-06-19,1174893.0,103.24,25249 
2017-06-20,1174893.0,103.24,25249 
2017-06-21,1174893.0,103.24,25249 
2017-06-22,1174893.0,103.24,25249 
2017-06-23,1174893.0,103.24,25249 
2017-06-26,1174893.0,103.24,25249 
2017-06-27,1174893.0,103.24,25249 
2017-06-28,1174893.0,103.24,25249 
2017-06-29,1174893.0,103.24,25249 
2017-06-30,1174893.0,103.24,25249 
2017-07-03,1170391.0,102.85,25152 
2017-07-04,1170391.0,102.85,25152 
2017-07-05,1170391.0,102.85,25152 
2017-07-06,1170391.0,102.85,25152 
2017-07-07,1170391.0,102.85,25152 
2017-07-10,1170391.0,102.85,25152 
2017-07-11,1170391.0,102.85,25152 
2017-07-12,1170391.0,102.85,25152 
2017-07-13,1170391.0,102.85,25152 
2017-07-14,1170391.0,102.85,25152 
2017-07-17,1170391.0,102.85,25152 
2017-07-18,1170391.0,102.85,25152 
2017-07-19,1170391.0,102.85,25152 
2017-07-20,1170391.0,102.85,25152 
2017-07-21,1170391.0,102.85,25152 
2017-07-24,1170391.0,102.85,25152 
2017-07-25,1170391.0,102.85,25152 
2017-07-26,1170391.0,102.85,25152 
2017-07-27,1170391.0,102.85,25152 
2017-07-28,1170391.0,102.85,25152 
2017-07-31,1170391.0,102.85,25152 
2017-08-01,1169509.0,102.77,25133 
2017-08-02,1169509.0,102.77,25133 
2017-08-03,1169509.0,102.77,25133 
2017-08-04,1169509.0,102.77,25133 
2017-08-07,1169509.0,102.77,25133 
2017-08-08,1169509.0,102.77,25133 
2017-08-09,1169509.0,102.77,25133 
2017-08-10,1169509.0,102.77,25133 
2017-08-11,1169509.0,102.77,25133 
2017-08-14,1169509.0,102.77,25133 
2017-08-15,1169509.0,102.77,25133 
2017-08-16,1169509.0,102.77,25133 
2017-08-17,1169509.0,102.77,25133 
2017-08-18,1169509.0,102.77,25133 
2017-08-21,1169509.0,102.77,25133 
2017-08-22,1169509.0,102.77,25133 
2017-08-23,1169509.0,102.77,25133 
2017-08-24,1169509.0,102.77,25133 
2017-08-25,1169509.0,102.77,25133 
2017-08-28,1169509.0,102.77,25133 
2017-08-29,1169509.0,102.77,25133 
2017-08-30,1169509.0,102.77,25133 
2017-08-31,1169509.0,102.77,25133 
2017-09-01,1176715.0,102.41,25288 
2017-09-04,1176715.0,102.41,25288 
2017-09-05,1176715.0,102.41,25288 
2017-09-06,1176715.0,102.41,25288 
2017-09-07,1176715.0,102.41,25288 
2017-09-08,1176715.0,102.41,25288 
2017-09-11,1176715.0,102.41,25288 
2017-09-12,1176715.0,102.41,25288 
2017-09-13,1176715.0,102.41,25288 
2017-09-14,1176715.0,102.41,25288 
2017-09-15,1176715.0,102.41,25288 
2017-09-18,1176715.0,102.41,25288 
2017-09-19,1176715.0,102.41,25288 
2017-09-20,1176715.0,102.41,25288 
2017-09-21,1176715.0,102.41,25288 
2017-09-22,1176715.0,102.41,25288 
2017-09-25,1176715.0,102.41,25288 
2017-09-26,1176715.0,102.41,25288 
2017-09-27,1176715.0,102.41,25288 
2017-09-28,1176715.0,102.41,25288 
2017-09-29,1176715.0,102.41,25288 
2017-10-02,1170094.0,101.84,25146 
2017-10-03,1170094.0,101.84,25146 
2017-10-04,1170094.0,101.84,25146 
2017-10-05,1170094.0,101.84,25146 
2017-10-06,1170094.0,101.84,25146 
2017-10-09,1170094.0,101.84,25146 
2017-10-10,1170094.0,101.84,25146 
2017-10-11,1170094.0,101.84,25146 
2017-10-12,1170094.0,101.84,25146 
2017-10-13,1170094.0,101.84,25146 
2017-10-16,1170094.0,101.84,25146 
2017-10-17,1170094.0,101.84,25146 
2017-10-18,1170094.0,101.84,25146 
2017-10-19,1170094.0,101.84,25146 
2017-10-20,1170094.0,101.84,25146 
2017-10-23,1170094.0,101.84,25146 
2017-10-24,1170094.0,101.84,25146 
2017-10-25,1170094.0,101.84,25146 
2017-10-26,1170094.0,101.84,25146 
2017-10-27,1170094.0,101.84,25146 
2017-10-30,1170094.0,101.84,25146 
2017-10-31,1170094.0,101.84,25146 
2017-11-01,1179044.0,102.61,25338 
2017-11-02,1179044.0,102.61,25338 
2017-11-03,1179044.0,102.61,25338 
2017-11-06,1179044.0,102.61,25338 
2017-11-07,1179044.0,102.61,25338 
2017-11-08,1179044.0,102.61,25338 
2017-11-09,1179044.0,102.61,25338 
2017-11-10,1179044.0,102.61,25338 
2017-11-13,1179044.0,102.61,25338 
2017-11-14,1179044.0,102.61,25338 
2017-11-15,1179044.0,102.61,25338 
2017-11-16,1179044.0,102.61,25338 
2017-11-17,1179044.0,102.61,25338 
2017-11-20,1179044.0,102.61,25338 
2017-11-21,1179044.0,102.61,25338 
2017-11-22,1179044.0,102.61,25338 
2017-11-23,1179044.0,102.61,25338 
2017-11-24,1179044.0,102.61,25338 
2017-11-27,1179044.0,102.61,25338 
2017-11-28,1179044.0,102.61,25338 
2017-11-29,1179044.0,102.61,25338 
2017-11-30,1179044.0,102.61,25338 
2017-12-01,1183412.0,101.8,25363 
2017-12-04,1183412.0,101.8,25363 
2017-12-05,1183412.0,101.8,25363 
2017-12-06,1183412.0,101.8,25363 
2017-12-07,1183412.0,101.8,25363 
2017-12-08,1183412.0,101.8,25363 
2017-12-11,1183412.0,101.8,25363 
2017-12-12,1183412.0,101.8,25363 
2017-12-13,1183412.0,101.8,25363 
2017-12-14,1183412.0,101.8,25363 
2017-12-15,1183412.0,101.8,25363 
2017-12-18,1183412.0,101.8,25363 
2017-12-19,1183412.0,101.8,25363 
2017-12-20,1183412.0,101.8,25363 
2017-12-21,1183412.0,101.8,25363 
2017-12-22,1183412.0,101.8,25363 
2017-12-27,1183412.0,101.8,25363 
2017-12-28,1183412.0,101.8,25363 
2017-12-29,1183412.0,101.8,25363 
2018-01-02,1184350.0,101.88,25383 
2018-01-03,1184350.0,101.88,25383 
2018-01-04,1184350.0,101.88,25383 
2018-01-05,1184350.0,101.88,25383 
2018-01-08,1184350.0,101.88,25383 
2018-01-09,1184350.0,101.88,25383 
2018-01-10,1184350.0,101.88,25383 
2018-01-11,1184350.0,101.88,25383 
2018-01-12,1184350.0,101.88,25383 
2018-01-15,1184350.0,101.88,25383 
2018-01-16,1184350.0,101.88,25383 
2018-01-17,1184350.0,101.88,25383 
2018-01-18,1184350.0,101.88,25383 
2018-01-19,1184350.0,101.88,25383 
2018-01-22,1184350.0,101.88,25383 
2018-01-23,1184350.0,101.88,25383 
2018-01-24,1184350.0,101.88,25383 
2018-01-25,1184350.0,101.88,25383 
2018-01-26,1184350.0,101.88,25383 
2018-01-29,1184350.0,101.88,25383 
2018-01-30,1184350.0,101.88,25383 
2018-01-31,1184350.0,101.88,25383 
2018-02-01,1196175.0,102.9,25637 
2018-02-02,1196175.0,102.9,25637 
2018-02-05,1196175.0,102.9,25637 
2018-02-06,1196175.0,102.9,25637 
2018-02-07,1196175.0,102.9,25637 
2018-02-08,1196175.0,102.9,25637 
2018-02-09,1196175.0,102.9,25637 
2018-02-12,1196175.0,102.9,25637 
2018-02-13,1196175.0,102.9,25637 
2018-02-14,1196175.0,102.9,25637 
2018-02-15,1196175.0,102.9,25637 
2018-02-16,1196175.0,102.9,25637 
2018-02-19,1196175.0,102.9,25637 
2018-02-20,1196175.0,102.9,25637 
2018-02-21,1196175.0,102.9,25637 
2018-02-22,1196175.0,102.9,25637 
2018-02-23,1196175.0,102.9,25637 
2018-02-26,1196175.0,102.9,25637 
2018-02-27,1196175.0,102.9,25637 
2018-02-28,1196175.0,102.9,25637 
2018-03-01,1199832.0,102.29,25715 
2018-03-02,1199832.0,102.29,25715 
2018-03-05,1199832.0,102.29,25715 
2018-03-06,1199832.0,102.29,25715 
2018-03-07,1199832.0,102.29,25715 
2018-03-08,1199832.0,102.29,25715 
2018-03-09,1199832.0,102.29,25715 
2018-03-12,1199832.0,102.29,25715 
2018-03-13,1199832.0,102.29,25715 
2018-03-14,1199832.0,102.29,25715 
2018-03-15,1199832.0,102.29,25715 
2018-03-16,1199832.0,102.29,25715 
2018-03-19,1199832.0,102.29,25715 
2018-03-20,1199832.0,102.29,25715 
2018-03-21,1199832.0,102.29,25715 
2018-03-22,1199832.0,102.29,25715 
2018-03-23,1199832.0,102.29,25715 
2018-03-26,1199832.0,102.29,25715 
2018-03-27,1199832.0,102.29,25715 
2018-03-28,1199832.0,102.29,25715 
2018-03-29,1199832.0,102.29,25715 
2018-04-03,1190220.0,101.47,25509 
2018-04-04,1190220.0,101.47,25509 
2018-04-05,1190220.0,101.47,25509 
2018-04-06,1190220.0,101.47,25509 
2018-04-09,1190220.0,101.47,25509 
2018-04-10,1190220.0,101.47,25509 
2018-04-11,1190220.0,101.47,25509 
2018-04-12,1190220.0,101.47,25509 
2018-04-13,1190220.0,101.47,25509 
2018-04-16,1190220.0,101.47,25509 
2018-04-17,1190220.0,101.47,25509 
2018-04-18,1190220.0,101.47,25509 
2018-04-19,1190220.0,101.47,25509 
2018-04-20,1190220.0,101.47,25509 
2018-04-23,1190220.0,101.47,25509 
2018-04-24,1190220.0,101.47,25509 
2018-04-25,1190220.0,101.47,25509 
2018-04-26,1190220.0,101.47,25509 
2018-04-27,1190220.0,101.47,25509 
2018-04-30,1190220.0,101.47,25509 
2018-05-02,1194787.0,101.86,25607 
2018-05-03,1194787.0,101.86,25607 
2018-05-04,1194787.0,101.86,25607 
2018-05-07,1194787.0,101.86,25607 
2018-05-08,1194787.0,101.86,25607 
2018-05-09,1194787.0,101.86,25607 
2018-05-10,1194787.0,101.86,25607 
2018-05-11,1194787.0,101.86,25607 
2018-05-14,1194787.0,101.86,25607 
2018-05-15,1194787.0,101.86,25607 
2018-05-16,1194787.0,101.86,25607 
2018-05-17,1194787.0,101.86,25607 
2018-05-18,1194787.0,101.86,25607 
2018-05-21,1194787.0,101.86,25607 
2018-05-22,1194787.0,101.86,25607 
2018-05-23,1194787.0,101.86,25607 
2018-05-24,1194787.0,101.86,25607 
2018-05-25,1194787.0,101.86,25607 
2018-05-28,1194787.0,101.86,25607 
2018-05-29,1194787.0,101.86,25607 
2018-05-30,1194787.0,101.86,25607 
2018-05-31,1194787.0,101.86,25607 
2018-06-01,1202859.0,101.69,25741 
2018-06-04,1202859.0,101.69,25741 
2018-06-05,1202859.0,101.69,25741 
2018-06-06,1202859.0,101.69,25741 
2018-06-07,1202859.0,101.69,25741 
2018-06-08,1202859.0,101.69,25741 
2018-06-11,1202859.0,101.69,25741 
2018-06-12,1202859.0,101.69,25741 
2018-06-13,1202859.0,101.69,25741 
2018-06-14,1202859.0,101.69,25741 
2018-06-15,1202859.0,101.69,25741 
2018-06-18,1202859.0,101.69,25741 
2018-06-19,1202859.0,101.69,25741 
2018-06-20,1202859.0,101.69,25741 
2018-06-21,1202859.0,101.69,25741 
2018-06-22,1202859.0,101.69,25741 
2018-06-25,1202859.0,101.69,25741 
2018-06-26,1202859.0,101.69,25741 
2018-06-27,1202859.0,101.69,25741 
2018-06-28,1202859.0,101.69,25741 
2018-06-29,1202859.0,101.69,25741 
2018-07-02,1199667.0,101.42,25673 
2018-07-03,1199667.0,101.42,25673 
2018-07-04,1199667.0,101.42,25673 
2018-07-05,1199667.0,101.42,25673 
2018-07-06,1199667.0,101.42,25673 
2018-07-09,1199667.0,101.42,25673 
2018-07-10,1199667.0,101.42,25673 
2018-07-11,1199667.0,101.42,25673 
2018-07-12,1199667.0,101.42,25673 
2018-07-13,1199667.0,101.42,25673 
2018-07-16,1199667.0,101.42,25673 
2018-07-17,1199667.0,101.42,25673 
2018-07-18,1199667.0,101.42,25673 
2018-07-19,1199667.0,101.42,25673 
2018-07-20,1199667.0,101.42,25673 
2018-07-23,1199667.0,101.42,25673 
2018-07-24,1199667.0,101.42,25673 
2018-07-25,1199667.0,101.42,25673 
2018-07-26,1199667.0,101.42,25673 
2018-07-27,1199667.0,101.42,25673 
2018-07-30,1199667.0,101.42,25673 
2018-07-31,1199667.0,101.42,25673 
2018-08-01,1202009.0,101.62,25723 
2018-08-02,1202009.0,101.62,25723 
2018-08-03,1202009.0,101.62,25723 
2018-08-06,1202009.0,101.62,25723 
2018-08-07,1202009.0,101.62,25723 
2018-08-08,1202009.0,101.62,25723 
2018-08-09,1202009.0,101.62,25723 
2018-08-10,1202009.0,101.62,25723 
2018-08-13,1202009.0,101.62,25723 
2018-08-14,1202009.0,101.62,25723 
2018-08-15,1202009.0,101.62,25723 
2018-08-16,1202009.0,101.62,25723 
2018-08-17,1202009.0,101.62,25723 
2018-08-20,1202009.0,101.62,25723 
2018-08-21,1202009.0,101.62,25723 
2018-08-22,1202009.0,101.62,25723 
2018-08-23,1202009.0,101.62,25723 
2018-08-24,1202009.0,101.62,25723 
2018-08-27,1202009.0,101.62,25723 
2018-08-28,1202009.0,101.62,25723 
2018-08-29,1202009.0,101.62,25723 
2018-08-30,1202009.0,101.62,25723 
2018-08-31,1202009.0,101.62,25723 
2018-09-03,1214636.0,101.76,25993 
2018-09-04,1214636.0,101.76,25993 
2018-09-05,1214636.0,101.76,25993 
2018-09-06,1214636.0,101.76,25993 
2018-09-07,1214636.0,101.76,25993 
2018-09-10,1214636.0,101.76,25993 
2018-09-11,1214636.0,101.76,25993 
2018-09-12,1214636.0,101.76,25993 
2018-09-13,1214636.0,101.76,25993 
2018-09-14,1214636.0,101.76,25993 
2018-09-17,1214636.0,101.76,25993 
2018-09-18,1214636.0,101.76,25993 
2018-09-19,1214636.0,101.76,25993 
2018-09-20,1214636.0,101.76,25993 
2018-09-21,1214636.0,101.76,25993 
2018-09-24,1214636.0,101.76,25993 
2018-09-25,1214636.0,101.76,25993 
2018-09-26,1214636.0,101.76,25993 
2018-09-27,1214636.0,101.76,25993 
2018-09-28,1214636.0,101.76,25993 
2018-10-01,1199985.0,100.54,25680 
2018-10-02,1199985.0,100.54,25680 
2018-10-03,1199985.0,100.54,25680 
2018-10-04,1199985.0,100.54,25680 
2018-10-05,1199985.0,100.54,25680 
2018-10-08,1199985.0,100.54,25680 
2018-10-09,1199985.0,100.54,25680 
2018-10-10,1199985.0,100.54,25680 
2018-10-11,1199985.0,100.54,25680 
2018-10-12,1199985.0,100.54,25680 
2018-10-15,1199985.0,100.54,25680 
2018-10-16,1199985.0,100.54,25680 
2018-10-17,1199985.0,100.54,25680 
2018-10-18,1199985.0,100.54,25680 
2018-10-19,1199985.0,100.54,25680 
2018-10-22,1199985.0,100.54,25680 
2018-10-23,1199985.0,100.54,25680 
2018-10-24,1199985.0,100.54,25680 
2018-10-25,1199985.0,100.54,25680 
2018-10-26,1199985.0,100.54,25680 
2018-10-29,1199985.0,100.54,25680 
2018-10-30,1199985.0,100.54,25680 
2018-10-31,1199985.0,100.54,25680 
2018-11-01,1208939.0,101.29,25871 
2018-11-02,1208939.0,101.29,25871 
2018-11-05,1208939.0,101.29,25871 
2018-11-06,1208939.0,101.29,25871 
2018-11-07,1208939.0,101.29,25871 
2018-11-08,1208939.0,101.29,25871 
2018-11-09,1208939.0,101.29,25871 
2018-11-12,1208939.0,101.29,25871 
2018-11-13,1208939.0,101.29,25871 
2018-11-14,1208939.0,101.29,25871 
2018-11-15,1208939.0,101.29,25871 
2018-11-16,1208939.0,101.29,25871 
2018-11-19,1208939.0,101.29,25871 
2018-11-20,1208939.0,101.29,25871 
2018-11-21,1208939.0,101.29,25871 
2018-11-22,1208939.0,101.29,25871 
2018-11-23,1208939.0,101.29,25871 
2018-11-26,1208939.0,101.29,25871 
2018-11-27,1208939.0,101.29,25871 
2018-11-28,1208939.0,101.29,25871 
2018-11-29,1208939.0,101.29,25871 
2018-11-30,1208939.0,101.29,25871 
2018-12-03,1208861.0,100.42,25755 
2018-12-04,1208861.0,100.42,25755 
2018-12-05,1208861.0,100.42,25755 
2018-12-06,1208861.0,100.42,25755 
2018-12-07,1208861.0,100.42,25755 
2018-12-10,1208861.0,100.42,25755 
2018-12-11,1208861.0,100.42,25755 
2018-12-12,1208861.0,100.42,25755 
2018-12-13,1208861.0,100.42,25755 
2018-12-14,1208861.0,100.42,25755 
2018-12-17,1208861.0,100.42,25755 
2018-12-18,1208861.0,100.42,25755 
2018-12-19,1208861.0,100.42,25755 
2018-12-20,1208861.0,100.42,25755 
2018-12-21,1208861.0,100.42,25755 
2018-12-24,1208861.0,100.42,25755 
2018-12-27,1208861.0,100.42,25755 
2018-12-28,1208861.0,100.42,25755 
2018-12-31,1208861.0,100.42,25755 
2019-01-02,1209797.0,100.49,25775 
2019-01-03,1209797.0,100.49,25775 
2019-01-04,1209797.0,100.49,25775 
2019-01-07,1209797.0,100.49,25775 
2019-01-08,1209797.0,100.49,25775 
2019-01-09,1209797.0,100.49,25775 
2019-01-10,1209797.0,100.49,25775 
2019-01-11,1209797.0,100.49,25775 
2019-01-14,1209797.0,100.49,25775 
2019-01-15,1209797.0,100.49,25775 
2019-01-16,1209797.0,100.49,25775 
2019-01-17,1209797.0,100.49,25775 
2019-01-18,1209797.0,100.49,25775 
2019-01-21,1209797.0,100.49,25775 
2019-01-22,1209797.0,100.49,25775 
2019-01-23,1209797.0,100.49,25775 
2019-01-24,1209797.0,100.49,25775 
2019-01-25,1209797.0,100.49,25775 
2019-01-28,1209797.0,100.49,25775 
2019-01-29,1209797.0,100.49,25775 
2019-01-30,1209797.0,100.49,25775 
2019-01-31,1209797.0,100.49,25775 
2019-02-01,1219632.0,101.31,25984 
2019-02-04,1219632.0,101.31,25984 
2019-02-05,1219632.0,101.31,25984 
2019-02-06,1219632.0,101.31,25984 
2019-02-07,1219632.0,101.31,25984 
2019-02-08,1219632.0,101.31,25984 
2019-02-11,1219632.0,101.31,25984 
2019-02-12,1219632.0,101.31,25984 
2019-02-13,1219632.0,101.31,25984 
2019-02-14,1219632.0,101.31,25984 
2019-02-15,1219632.0,101.31,25984 
2019-02-18,1219632.0,101.31,25984 
2019-02-19,1219632.0,101.31,25984 
2019-02-20,1219632.0,101.31,25984 
2019-02-21,1219632.0,101.31,25984 
2019-02-22,1219632.0,101.31,25984 
2019-02-25,1219632.0,101.31,25984 
2019-02-26,1219632.0,101.31,25984 
2019-02-27,1219632.0,101.31,25984 
2019-02-28,1219632.0,101.31,25984 
2019-03-01,1231635.0,101.24,26240 
2019-03-04,1231635.0,101.24,26240 
2019-03-05,1231635.0,101.24,26240 
2019-03-06,1231635.0,101.24,26240 
2019-03-07,1231635.0,101.24,26240 
2019-03-08,1231635.0,101.24,26240 
2019-03-11,1231635.0,101.24,26240 
2019-03-12,1231635.0,101.24,26240 
2019-03-13,1231635.0,101.24,26240 
2019-03-14,1231635.0,101.24,26240 
2019-03-15,1231635.0,101.24,26240 
2019-03-18,1231635.0,101.24,26240 
2019-03-19,1231635.0,101.24,26240 
2019-03-20,1231635.0,101.24,26240 
2019-03-21,1231635.0,101.24,26240 
2019-03-22,1231635.0,101.24,26240 
2019-03-25,1231635.0,101.24,26240 
2019-03-26,1231635.0,101.24,26240 
2019-03-27,1231635.0,101.24,26240 
2019-03-28,1231635.0,101.24,26240 
2019-03-29,1231635.0,101.24,26240 
2019-04-01,1214968.0,99.87,25885 
2019-04-02,1214968.0,99.87,25885 
2019-04-03,1214968.0,99.87,25885 
2019-04-04,1214968.0,99.87,25885 
2019-04-05,1214968.0,99.87,25885 
2019-04-08,1214968.0,99.87,25885 
2019-04-09,1214968.0,99.87,25885 
2019-04-10,1214968.0,99.87,25885 
2019-04-11,1214968.0,99.87,25885 
2019-04-12,1214968.0,99.87,25885 
2019-04-15,1214968.0,99.87,25885 
2019-04-16,1214968.0,99.87,25885 
2019-04-17,1214968.0,99.87,25885 
2019-04-18,1214968.0,99.87,25885 
2019-04-23,1214968.0,99.87,25885 
2019-04-24,1214968.0,99.87,25885 
2019-04-25,1214968.0,99.87,25885 
2019-04-26,1214968.0,99.87,25885 
2019-04-29,1214968.0,99.87,25885 
2019-04-30,1214968.0,99.87,25885 
2019-05-02,1227132.0,100.87,26144 
2019-05-03,1227132.0,100.87,26144 
2019-05-06,1227132.0,100.87,26144 
2019-05-07,1227132.0,100.87,26144 
2019-05-08,1227132.0,100.87,26144 
2019-05-09,1227132.0,100.87,26144 
2019-05-10,1227132.0,100.87,26144 
2019-05-13,1227132.0,100.87,26144 
2019-05-14,1227132.0,100.87,26144 
2019-05-15,1227132.0,100.87,26144 
2019-05-16,1227132.0,100.87,26144 
2019-05-17,1227132.0,100.87,26144 
2019-05-20,1227132.0,100.87,26144 
2019-05-21,1227132.0,100.87,26144 
2019-05-22,1227132.0,100.87,26144 
2019-05-23,1227132.0,100.87,26144 
2019-05-24,1227132.0,100.87,26144 
2019-05-27,1227132.0,100.87,26144 
2019-05-28,1227132.0,100.87,26144 
2019-05-29,1227132.0,100.87,26144 
2019-05-30,1227132.0,100.87,26144 
2019-05-31,1227132.0,100.87,26144 
2019-06-03,1242270.0,101.24,26372 
2019-06-04,1242270.0,101.24,26372 
2019-06-05,1242270.0,101.24,26372 
2019-06-06,1242270.0,101.24,26372 
2019-06-07,1242270.0,101.24,26372 
2019-06-10,1242270.0,101.24,26372 
2019-06-11,1242270.0,101.24,26372 
2019-06-12,1242270.0,101.24,26372 
2019-06-13,1242270.0,101.24,26372 
2019-06-14,1242270.0,101.24,26372 
2019-06-17,1242270.0,101.24,26372 
2019-06-18,1242270.0,101.24,26372 
2019-06-19,1242270.0,101.24,26372 
2019-06-20,1242270.0,101.24,26372 
2019-06-21,1242270.0,101.24,26372 
2019-06-24,1242270.0,101.24,26372 
2019-06-25,1242270.0,101.24,26372 
2019-06-26,1242270.0,101.24,26372 
2019-06-27,1242270.0,101.24,26372 
2019-06-28,1242270.0,101.24,26372 
2019-07-01,1228604.0,100.12,26082 
2019-07-02,1228604.0,100.12,26082 
2019-07-03,1228604.0,100.12,26082 
2019-07-04,1228604.0,100.12,26082 
2019-07-05,1228604.0,100.12,26082 
2019-07-08,1228604.0,100.12,26082 
2019-07-09,1228604.0,100.12,26082 
2019-07-10,1228604.0,100.12,26082 
2019-07-11,1228604.0,100.12,26082 
2019-07-12,1228604.0,100.12,26082 
2019-07-15,1228604.0,100.12,26082 
2019-07-16,1228604.0,100.12,26082 
2019-07-17,1228604.0,100.12,26082 
2019-07-18,1228604.0,100.12,26082 
2019-07-19,1228604.0,100.12,26082 
2019-07-22,1228604.0,100.12,26082 
2019-07-23,1228604.0,100.12,26082 
2019-07-24,1228604.0,100.12,26082 
2019-07-25,1228604.0,100.12,26082 
2019-07-26,1228604.0,100.12,26082 
2019-07-29,1228604.0,100.12,26082 
2019-07-30,1228604.0,100.12,26082 
2019-07-31,1228604.0,100.12,26082 
2019-08-01,1230985.0,100.32,26133 
2019-08-02,1230985.0,100.32,26133 
2019-08-05,1230985.0,100.32,26133 
2019-08-06,1230985.0,100.32,26133 
2019-08-07,1230985.0,100.32,26133 
2019-08-08,1230985.0,100.32,26133 
2019-08-09,1230985.0,100.32,26133 
2019-08-12,1230985.0,100.32,26133 
2019-08-13,1230985.0,100.32,26133 
2019-08-14,1230985.0,100.32,26133 
2019-08-15,1230985.0,100.32,26133 
2019-08-16,1230985.0,100.32,26133 
2019-08-19,1230985.0,100.32,26133 
2019-08-20,1230985.0,100.32,26133 
2019-08-21,1230985.0,100.32,26133 
2019-08-22,1230985.0,100.32,26133 
2019-08-23,1230985.0,100.32,26133 
2019-08-26,1230985.0,100.32,26133 
2019-08-27,1230985.0,100.32,26133 
2019-08-28,1230985.0,100.32,26133 
2019-08-29,1230985.0,100.32,26133 
2019-08-30,1230985.0,100.32,26133 
2019-09-02,1238656.0,100.18,26295 
2019-09-03,1238656.0,100.18,26295 
2019-09-04,1238656.0,100.18,26295 
2019-09-05,1238656.0,100.18,26295 
2019-09-06,1238656.0,100.18,26295 
2019-09-09,1238656.0,100.18,26295 
2019-09-10,1238656.0,100.18,26295 
2019-09-11,1238656.0,100.18,26295 
2019-09-12,1238656.0,100.18,26295 
2019-09-13,1238656.0,100.18,26295 
2019-09-16,1238656.0,100.18,26295 
2019-09-17,1238656.0,100.18,26295 
2019-09-18,1238656.0,100.18,26295 
2019-09-19,1238656.0,100.18,26295 
2019-09-20,1238656.0,100.18,26295 
2019-09-23,1238656.0,100.18,26295 
2019-09-24,1238656.0,100.18,26295 
2019-09-25,1238656.0,100.18,26295 
2019-09-26,1238656.0,100.18,26295 
2019-09-27,1238656.0,100.18,26295 
2019-09-30,1238656.0,100.18,26295 
2019-10-01,1225812.0,99.14,26023 
2019-10-02,1225812.0,99.14,26023 
2019-10-03,1225812.0,99.14,26023 
2019-10-04,1225812.0,99.14,26023 
2019-10-07,1225812.0,99.14,26023 
2019-10-08,1225812.0,99.14,26023 
2019-10-09,1225812.0,99.14,26023 
2019-10-10,1225812.0,99.14,26023 
2019-10-11,1225812.0,99.14,26023 
2019-10-14,1225812.0,99.14,26023 
2019-10-15,1225812.0,99.14,26023 
2019-10-16,1225812.0,99.14,26023 
2019-10-17,1225812.0,99.14,26023 
2019-10-18,1225812.0,99.14,26023 
2019-10-21,1225812.0,99.14,26023 
2019-10-22,1225812.0,99.14,26023 
2019-10-23,1225812.0,99.14,26023 
2019-10-24,1225812.0,99.14,26023 
2019-10-25,1225812.0,99.14,26023 
2019-10-28,1225812.0,99.14,26023 
2019-10-29,1225812.0,99.14,26023 
2019-10-30,1225812.0,99.14,26023 
2019-10-31,1225812.0,99.14,26023 
2019-11-01,1222820.0,98.9,25959 
2019-11-04,1222820.0,98.9,25959 
2019-11-05,1222820.0,98.9,25959 
2019-11-06,1222820.0,98.9,25959 
2019-11-07,1222820.0,98.9,25959 
2019-11-08,1222820.0,98.9,25959 
2019-11-11,1222820.0,98.9,25959 
2019-11-12,1222820.0,98.9,25959 
2019-11-13,1222820.0,98.9,25959 
2019-11-14,1222820.0,98.9,25959 
2019-11-15,1222820.0,98.9,25959 
2019-11-18,1222820.0,98.9,25959 
2019-11-19,1222820.0,98.9,25959 
2019-11-20,1222820.0,98.9,25959 
2019-11-21,1222820.0,98.9,25959 
2019-11-22,1222820.0,98.9,25959 
2019-11-25,1222820.0,98.9,25959 
2019-11-26,1222820.0,98.9,25959 
2019-11-27,1222820.0,98.9,25959 
2019-11-28,1222820.0,98.9,25959 
2019-11-29,1222820.0,98.9,25959 
2019-12-02,1223355.0,98.22,25846 
2019-12-03,1223355.0,98.22,25846 
2019-12-04,1223355.0,98.22,25846 
2019-12-05,1223355.0,98.22,25846 
2019-12-06,1223355.0,98.22,25846 
2019-12-09,1223355.0,98.22,25846 
2019-12-10,1223355.0,98.22,25846 
2019-12-11,1223355.0,98.22,25846 
2019-12-12,1223355.0,98.22,25846 
2019-12-13,1223355.0,98.22,25846 
2019-12-16,1223355.0,98.22,25846 
2019-12-17,1223355.0,98.22,25846 
2019-12-18,1223355.0,98.22,25846 
2019-12-19,1223355.0,98.22,25846 
2019-12-20,1223355.0,98.22,25846 
2019-12-23,1223355.0,98.22,25846 
2019-12-24,1223355.0,98.22,25846 
2019-12-27,1223355.0,98.22,25846 
2019-12-30,1223355.0,98.22,25846 
2019-12-31,1223355.0,98.22,25846 
2020-01-02,1230352.0,98.78,25994 
2020-01-03,1230352.0,98.78,25994 
2020-01-06,1230352.0,98.78,25994 
2020-01-07,1230352.0,98.78,25994 
2020-01-08,1230352.0,98.78,25994 
2020-01-09,1230352.0,98.78,25994 
2020-01-10,1230352.0,98.78,25994 
2020-01-13,1230352.0,98.78,25994 
2020-01-14,1230352.0,98.78,25994 
2020-01-15,1230352.0,98.78,25994 
2020-01-16,1230352.0,98.78,25994 
2020-01-17,1230352.0,98.78,25994 
2020-01-20,1230352.0,98.78,25994 
2020-01-21,1230352.0,98.78,25994 
2020-01-22,1230352.0,98.78,25994 
2020-01-23,1230352.0,98.78,25994 
2020-01-24,1230352.0,98.78,25994 
2020-01-27,1230352.0,98.78,25994 
2020-01-28,1230352.0,98.78,25994 
2020-01-29,1230352.0,98.78,25994 
2020-01-30,1230352.0,98.78,25994 
2020-01-31,1230352.0,98.78,25994 
2020-02-03,1235938.0,99.23,26112 
2020-02-04,1235938.0,99.23,26112 
2020-02-05,1235938.0,99.23,26112 
2020-02-06,1235938.0,99.23,26112 
2020-02-07,1235938.0,99.23,26112 
2020-02-10,1235938.0,99.23,26112 
2020-02-11,1235938.0,99.23,26112 
2020-02-12,1235938.0,99.23,26112 
2020-02-13,1235938.0,99.23,26112 
2020-02-14,1235938.0,99.23,26112 
2020-02-17,1235938.0,99.23,26112 
2020-02-18,1235938.0,99.23,26112 
2020-02-19,1235938.0,99.23,26112 
2020-02-20,1235938.0,99.23,26112 
2020-02-21,1235938.0,99.23,26112 
2020-02-24,1235938.0,99.23,26112 
2020-02-25,1235938.0,99.23,26112 
2020-02-26,1235938.0,99.23,26112 
2020-02-27,1235938.0,99.23,26112 
2020-02-28,1235938.0,99.23,26112 
2020-03-02,1258745.0,101.95,26594 
2020-03-03,1258745.0,101.95,26594 
2020-03-04,1258745.0,101.95,26594 
2020-03-05,1258745.0,101.95,26594 
2020-03-06,1258745.0,101.95,26594 
2020-03-09,1258745.0,101.95,26594 
2020-03-10,1258745.0,101.95,26594 
2020-03-11,1258745.0,101.95,26594 
2020-03-12,1258745.0,101.95,26594 
2020-03-13,1258745.0,101.95,26594 
2020-03-16,1258745.0,101.95,26594 
2020-03-17,1258745.0,101.95,26594 
2020-03-18,1258745.0,101.95,26594 
2020-03-19,1258745.0,101.95,26594 
2020-03-20,1258745.0,101.95,26594 
2020-03-23,1258745.0,101.95,26594 
2020-03-24,1258745.0,101.95,26594 
2020-03-25,1258745.0,101.95,26594 
2020-03-26,1258745.0,101.95,26594 
2020-03-27,1258745.0,101.95,26594 
2020-03-30,1258745.0,101.95,26594 
2020-03-31,1258745.0,101.95,26594 
2020-04-01,1269679.0,102.83,26825 
2020-04-02,1269679.0,102.83,26825 
2020-04-03,1269679.0,102.83,26825 
2020-04-06,1269679.0,102.83,26825 
2020-04-07,1269679.0,102.83,26825 
2020-04-08,1269679.0,102.83,26825 
2020-04-09,1269679.0,102.83,26825 
2020-04-14,1269679.0,102.83,26825 
2020-04-15,1269679.0,102.83,26825 
2020-04-16,1269679.0,102.83,26825 
2020-04-17,1269679.0,102.83,26825 
2020-04-20,1269679.0,102.83,26825 
2020-04-21,1269679.0,102.83,26825 
2020-04-22,1269679.0,102.83,26825 
2020-04-23,1269679.0,102.83,26825 
2020-04-24,1269679.0,102.83,26825 
2020-04-27,1269679.0,102.83,26825 
2020-04-28,1269679.0,102.83,26825 
2020-04-29,1269679.0,102.83,26825 
2020-04-30,1269679.0,102.83,26825 
2020-05-04,1292802.0,104.7,27313 
2020-05-05,1292802.0,104.7,27313 
2020-05-06,1292802.0,104.7,27313 
2020-05-07,1292802.0,104.7,27313 
2020-05-08,1292802.0,104.7,27313 
2020-05-11,1292802.0,104.7,27313 
2020-05-12,1292802.0,104.7,27313 
2020-05-13,1292802.0,104.7,27313 
2020-05-14,1292802.0,104.7,27313 
2020-05-15,1292802.0,104.7,27313 
2020-05-18,1292802.0,104.7,27313 
2020-05-19,1292802.0,104.7,27313 
2020-05-20,1292802.0,104.7,27313 
2020-05-21,1292802.0,104.7,27313 
2020-05-22,1292802.0,104.7,27313 
2020-05-25,1292802.0,104.7,27313 
2020-05-26,1292802.0,104.7,27313 
2020-05-27,1292802.0,104.7,27313 
2020-05-28,1292802.0,104.7,27313 
2020-05-29,1292802.0,104.7,27313 
2020-06-01,1325134.0,113.28,27983 
2020-06-02,1325134.0,113.28,27983 
2020-06-03,1325134.0,113.28,27983 
2020-06-04,1325134.0,113.28,27983 
2020-06-05,1325134.0,113.28,27983 
2020-06-08,1325134.0,113.28,27983 
2020-06-09,1325134.0,113.28,27983 
2020-06-10,1325134.0,113.28,27983 
2020-06-11,1325134.0,113.28,27983 
2020-06-12,1325134.0,113.28,27983 
2020-06-15,1325134.0,113.28,27983 
2020-06-16,1325134.0,113.28,27983 
2020-06-17,1325134.0,113.28,27983 
2020-06-18,1325134.0,113.28,27983 
2020-06-19,1325134.0,113.28,27983 
2020-06-22,1325134.0,113.28,27983 
2020-06-23,1325134.0,113.28,27983 
2020-06-24,1325134.0,113.28,27983 
2020-06-25,1325134.0,113.28,27983 
2020-06-26,1325134.0,113.28,27983 
2020-06-29,1325134.0,113.28,27983 
2020-06-30,1325134.0,113.28,27983 
2020-07-01,1325051.0,113.28,27981 
2020-07-02,1325051.0,113.28,27981 
2020-07-03,1325051.0,113.28,27981 
2020-07-06,1325051.0,113.28,27981 
2020-07-07,1325051.0,113.28,27981 
2020-07-08,1325051.0,113.28,27981 
2020-07-09,1325051.0,113.28,27981 
2020-07-10,1325051.0,113.28,27981 
2020-07-13,1325051.0,113.28,27981 
2020-07-14,1325051.0,113.28,27981 
2020-07-15,1325051.0,113.28,27981 
2020-07-16,1325051.0,113.28,27981 
2020-07-17,1325051.0,113.28,27981 
2020-07-20,1325051.0,113.28,27981 
2020-07-21,1325051.0,113.28,27981 
2020-07-22,1325051.0,113.28,27981 
2020-07-23,1325051.0,113.28,27981 
2020-07-24,1325051.0,113.28,27981 
2020-07-27,1325051.0,113.28,27981 
2020-07-28,1325051.0,113.28,27981 
2020-07-29,1325051.0,113.28,27981 
2020-07-30,1325051.0,113.28,27981 
2020-07-31,1325051.0,113.28,27981 
2020-08-03,1332587.0,113.92,28140 
2020-08-04,1332587.0,113.92,28140 
2020-08-05,1332587.0,113.92,28140 
2020-08-06,1332587.0,113.92,28140 
2020-08-07,1332587.0,113.92,28140 
2020-08-10,1332587.0,113.92,28140 
2020-08-11,1332587.0,113.92,28140 
2020-08-12,1332587.0,113.92,28140 
2020-08-13,1332587.0,113.92,28140 
2020-08-14,1332587.0,113.92,28140 
2020-08-17,1332587.0,113.92,28140 
2020-08-18,1332587.0,113.92,28140 
2020-08-19,1332587.0,113.92,28140 
2020-08-20,1332587.0,113.92,28140 
2020-08-21,1332587.0,113.92,28140 
2020-08-24,1332587.0,113.92,28140 
2020-08-25,1332587.0,113.92,28140 
2020-08-26,1332587.0,113.92,28140 
2020-08-27,1332587.0,113.92,28140 
2020-08-28,1332587.0,113.92,28140 
2020-08-31,1332587.0,113.92,28140 
2020-09-01,1342410.0,117.31,28347 
2020-09-02,1342410.0,117.31,28347 
2020-09-03,1342410.0,117.31,28347 
2020-09-04,1342410.0,117.31,28347 
2020-09-07,1342410.0,117.31,28347 
2020-09-08,1342410.0,117.31,28347 
2020-09-09,1342410.0,117.31,28347 
2020-09-10,1342410.0,117.31,28347 
2020-09-11,1342410.0,117.31,28347 
2020-09-14,1342410.0,117.31,28347 
2020-09-15,1342410.0,117.31,28347 
2020-09-16,1342410.0,117.31,28347 
2020-09-17,1342410.0,117.31,28347 
2020-09-18,1342410.0,117.31,28347 
2020-09-21,1342410.0,117.31,28347 
2020-09-22,1342410.0,117.31,28347 
2020-09-23,1342410.0,117.31,28347 
2020-09-24,1342410.0,117.31,28347 
2020-09-25,1342410.0,117.31,28347 
2020-09-28,1342410.0,117.31,28347 
2020-09-29,1342410.0,117.31,28347 
2020-09-30,1342410.0,117.31,28347 
2020-10-01,1340252.0,117.12,28302 
2020-10-02,1340252.0,117.12,28302 
2020-10-05,1340252.0,117.12,28302 
2020-10-06,1340252.0,117.12,28302 
2020-10-07,1340252.0,117.12,28302 
2020-10-08,1340252.0,117.12,28302 
2020-10-09,1340252.0,117.12,28302 
2020-10-12,1340252.0,117.12,28302 
2020-10-13,1340252.0,117.12,28302 
2020-10-14,1340252.0,117.12,28302 
2020-10-15,1340252.0,117.12,28302 
2020-10-16,1340252.0,117.12,28302 
2020-10-19,1340252.0,117.12,28302 
2020-10-20,1340252.0,117.12,28302 
2020-10-21,1340252.0,117.12,28302 
2020-10-22,1340252.0,117.12,28302 
2020-10-23,1340252.0,117.12,28302 
2020-10-26,1340252.0,117.12,28302 
2020-10-27,1340252.0,117.12,28302 
2020-10-28,1340252.0,117.12,28302 
2020-10-29,1340252.0,117.12,28302 
2020-10-30,1340252.0,117.12,28302 
2020-11-02,1346815.0,117.7,28440 
2020-11-03,1346815.0,117.7,28440 
2020-11-04,1346815.0,117.7,28440 
2020-11-05,1346815.0,117.7,28440 
2020-11-06,1346815.0,117.7,28440 
2020-11-09,1346815.0,117.7,28440 
2020-11-10,1346815.0,117.7,28440 
2020-11-11,1346815.0,117.7,28440 
2020-11-12,1346815.0,117.7,28440 
2020-11-13,1346815.0,117.7,28440 
2020-11-16,1346815.0,117.7,28440 
2020-11-17,1346815.0,117.7,28440 
2020-11-18,1346815.0,117.7,28440 
2020-11-19,1346815.0,117.7,28440 
2020-11-20,1346815.0,117.7,28440 
2020-11-23,1346815.0,117.7,28440 
2020-11-24,1346815.0,117.7,28440 
2020-11-25,1346815.0,117.7,28440 
2020-11-26,1346815.0,117.7,28440 
2020-11-27,1346815.0,117.7,28440 
2020-11-30,1346815.0,117.7,28440 
2020-12-01,1345786.0,120.27,28393 
2020-12-02,1345786.0,120.27,28393 
2020-12-03,1345786.0,120.27,28393 
2020-12-04,1345786.0,120.27,28393 
2020-12-07,1345786.0,120.27,28393 
2020-12-08,1345786.0,120.27,28393 
2020-12-09,1345786.0,120.27,28393 
2020-12-10,1345786.0,120.27,28393 
2020-12-11,1345786.0,120.27,28393 
2020-12-14,1345786.0,120.27,28393 
2020-12-15,1345786.0,120.27,28393 
2020-12-16,1345786.0,120.27,28393 
2020-12-17,1345786.0,120.27,28393 
2020-12-18,1345786.0,120.27,28393 
2020-12-21,1345786.0,120.27,28393 
2020-12-22,1345786.0,120.27,28393 
2020-12-23,1345786.0,120.27,28393 
2020-12-24,1345786.0,120.27,28393 
