Date,Total
1999-12-27,9.414
1999-12-28,9.414
1999-12-29,9.414
1999-12-30,9.414
1999-12-31,9.414
2000-01-01,9.414
2000-01-02,9.414
2000-01-03,9.875
2000-01-04,9.875
2000-01-05,9.875
2000-01-06,9.875
2000-01-07,9.875
2000-01-08,9.875
2000-01-09,9.875
2000-01-10,9.626
2000-01-11,9.626
2000-01-12,9.626
2000-01-13,9.626
2000-01-14,9.626
2000-01-15,9.626
2000-01-16,9.626
2000-01-17,9.426
2000-01-18,9.426
2000-01-19,9.426
2000-01-20,9.426
2000-01-21,9.426
2000-01-22,9.426
2000-01-23,9.426
2000-01-24,8.759
2000-01-25,8.759
2000-01-26,8.759
2000-01-27,8.759
2000-01-28,8.759
2000-01-29,8.759
2000-01-30,8.759
2000-01-31,7.858
2000-02-01,7.858
2000-02-02,7.858
2000-02-03,7.858
2000-02-04,7.858
2000-02-05,7.858
2000-02-06,7.858
2000-02-07,7.514
2000-02-08,7.514
2000-02-09,7.514
2000-02-10,7.514
2000-02-11,7.514
2000-02-12,7.514
2000-02-13,7.514
2000-02-14,7.219
2000-02-15,7.219
2000-02-16,7.219
2000-02-17,7.219
2000-02-18,7.219
2000-02-19,7.219
2000-02-20,7.219
2000-02-21,7.014
2000-02-22,7.014
2000-02-23,7.014
2000-02-24,7.014
2000-02-25,7.014
2000-02-26,7.014
2000-02-27,7.014
2000-02-28,6.918
2000-02-29,6.918
2000-03-01,6.918
2000-03-02,6.918
2000-03-03,6.918
2000-03-04,6.918
2000-03-05,6.918
2000-03-06,6.647
2000-03-07,6.647
2000-03-08,6.647
2000-03-09,6.647
2000-03-10,6.647
2000-03-11,6.647
2000-03-12,6.647
2000-03-13,6.566
2000-03-14,6.566
2000-03-15,6.566
2000-03-16,6.566
2000-03-17,6.566
2000-03-18,6.566
2000-03-19,6.566
2000-03-20,6.846
2000-03-21,6.846
2000-03-22,6.846
2000-03-23,6.846
2000-03-24,6.846
2000-03-25,6.846
2000-03-26,6.846
2000-03-27,6.793
2000-03-28,6.793
2000-03-29,6.793
2000-03-30,6.793
2000-03-31,6.793
2000-04-01,6.793
2000-04-02,6.793
2000-04-03,7.011
2000-04-04,7.011
2000-04-05,7.011
2000-04-06,7.011
2000-04-07,7.011
2000-04-08,7.011
2000-04-09,7.011
2000-04-10,6.793
2000-04-11,6.793
2000-04-12,6.793
2000-04-13,6.793
2000-04-14,6.793
2000-04-15,6.793
2000-04-16,6.793
2000-04-17,6.553
2000-04-18,6.553
2000-04-19,6.553
2000-04-20,6.553
2000-04-21,6.553
2000-04-22,6.553
2000-04-23,6.553
2000-04-24,6.627
2000-04-25,6.627
2000-04-26,6.627
2000-04-27,6.627
2000-04-28,6.627
2000-04-29,6.627
2000-04-30,6.627
2000-05-01,6.305
2000-05-02,6.305
2000-05-03,6.305
2000-05-04,6.305
2000-05-05,6.305
2000-05-06,6.305
2000-05-07,6.305
2000-05-08,6.392
2000-05-09,6.392
2000-05-10,6.392
2000-05-11,6.392
2000-05-12,6.392
2000-05-13,6.392
2000-05-14,6.392
2000-05-15,6.052
2000-05-16,6.052
2000-05-17,6.052
2000-05-18,6.052
2000-05-19,6.052
2000-05-20,6.052
2000-05-21,6.052
2000-05-22,6.63
2000-05-23,6.63
2000-05-24,6.63
2000-05-25,6.63
2000-05-26,6.63
2000-05-27,6.63
2000-05-28,6.63
2000-05-29,6.147
2000-05-30,6.147
2000-05-31,6.147
2000-06-01,6.147
2000-06-02,6.147
2000-06-03,6.147
2000-06-04,6.147
2000-06-05,6.538
2000-06-06,6.538
2000-06-07,6.538
2000-06-08,6.538
2000-06-09,6.538
2000-06-10,6.538
2000-06-11,6.538
2000-06-12,6.324
2000-06-13,6.324
2000-06-14,6.324
2000-06-15,6.324
2000-06-16,6.324
2000-06-17,6.324
2000-06-18,6.324
2000-06-19,6.309
2000-06-20,6.309
2000-06-21,6.309
2000-06-22,6.309
2000-06-23,6.309
2000-06-24,6.309
2000-06-25,6.309
2000-06-26,6.385
2000-06-27,6.385
2000-06-28,6.385
2000-06-29,6.385
2000-06-30,6.385
2000-07-01,6.385
2000-07-02,6.385
2000-07-03,6.071
2000-07-04,6.071
2000-07-05,6.071
2000-07-06,6.071
2000-07-07,6.071
2000-07-08,6.071
2000-07-09,6.071
2000-07-10,6.359
2000-07-11,6.359
2000-07-12,6.359
2000-07-13,6.359
2000-07-14,6.359
2000-07-15,6.359
2000-07-16,6.359
2000-07-17,6.152
2000-07-18,6.152
2000-07-19,6.152
2000-07-20,6.152
2000-07-21,6.152
2000-07-22,6.152
2000-07-23,6.152
2000-07-24,6.355
2000-07-25,6.355
2000-07-26,6.355
2000-07-27,6.355
2000-07-28,6.355
2000-07-29,6.355
2000-07-30,6.355
2000-07-31,6.2
2000-08-01,6.2
2000-08-02,6.2
2000-08-03,6.2
2000-08-04,6.2
2000-08-05,6.2
2000-08-06,6.2
2000-08-07,6.489
2000-08-08,6.489
2000-08-09,6.489
2000-08-10,6.489
2000-08-11,6.489
2000-08-12,6.489
2000-08-13,6.489
2000-08-14,6.119
2000-08-15,6.119
2000-08-16,6.119
2000-08-17,6.119
2000-08-18,6.119
2000-08-19,6.119
2000-08-20,6.119
2000-08-21,6.056
2000-08-22,6.056
2000-08-23,6.056
2000-08-24,6.056
2000-08-25,6.056
2000-08-26,6.056
2000-08-27,6.056
2000-08-28,5.964
2000-08-29,5.964
2000-08-30,5.964
2000-08-31,5.964
2000-09-01,5.964
2000-09-02,5.964
2000-09-03,5.964
2000-09-04,6.077
2000-09-05,6.077
2000-09-06,6.077
2000-09-07,6.077
2000-09-08,6.077
2000-09-09,6.077
2000-09-10,6.077
2000-09-11,5.693
2000-09-12,5.693
2000-09-13,5.693
2000-09-14,5.693
2000-09-15,5.693
2000-09-16,5.693
2000-09-17,5.693
2000-09-18,5.899
2000-09-19,5.899
2000-09-20,5.899
2000-09-21,5.899
2000-09-22,5.899
2000-09-23,5.899
2000-09-24,5.899
2000-09-25,6.26
2000-09-26,6.26
2000-09-27,6.26
2000-09-28,6.26
2000-09-29,6.26
2000-09-30,6.26
2000-10-01,6.26
2000-10-02,6.382
2000-10-03,6.382
2000-10-04,6.382
2000-10-05,6.382
2000-10-06,6.382
2000-10-07,6.382
2000-10-08,6.382
2000-10-09,6.603
2000-10-10,6.603
2000-10-11,6.603
2000-10-12,6.603
2000-10-13,6.603
2000-10-14,6.603
2000-10-15,6.603
2000-10-16,6.614
2000-10-17,6.614
2000-10-18,6.614
2000-10-19,6.614
2000-10-20,6.614
2000-10-21,6.614
2000-10-22,6.614
2000-10-23,6.342
2000-10-24,6.342
2000-10-25,6.342
2000-10-26,6.342
2000-10-27,6.342
2000-10-28,6.342
2000-10-29,6.342
2000-10-30,6.742
2000-10-31,6.742
2000-11-01,6.742
2000-11-02,6.742
2000-11-03,6.742
2000-11-04,6.742
2000-11-05,6.742
2000-11-06,6.795
2000-11-07,6.795
2000-11-08,6.795
2000-11-09,6.795
2000-11-10,6.795
2000-11-11,6.795
2000-11-12,6.795
2000-11-13,6.949
2000-11-14,6.949
2000-11-15,6.949
2000-11-16,6.949
2000-11-17,6.949
2000-11-18,6.949
2000-11-19,6.949
2000-11-20,6.833
2000-11-21,6.833
2000-11-22,6.833
2000-11-23,6.833
2000-11-24,6.833
2000-11-25,6.833
2000-11-26,6.833
2000-11-27,6.624
2000-11-28,6.624
2000-11-29,6.624
2000-11-30,6.624
2000-12-01,6.624
2000-12-02,6.624
2000-12-03,6.624
2000-12-04,6.779
2000-12-05,6.779
2000-12-06,6.779
2000-12-07,6.779
2000-12-08,6.779
2000-12-09,6.779
2000-12-10,6.779
2000-12-11,6.969
2000-12-12,6.969
2000-12-13,6.969
2000-12-14,6.969
2000-12-15,6.969
2000-12-16,6.969
2000-12-17,6.969
2000-12-18,7.206
2000-12-19,7.206
2000-12-20,7.206
2000-12-21,7.206
2000-12-22,7.206
2000-12-23,7.206
2000-12-24,7.206
2001-01-01,7.281
2001-01-01,7.465
2001-01-02,7.281
2001-01-02,7.465
2001-01-03,7.281
2001-01-03,7.465
2001-01-04,7.465
2001-01-04,7.281
2001-01-05,7.465
2001-01-05,7.281
2001-01-06,7.281
2001-01-06,7.465
2001-01-07,7.281
2001-01-07,7.465
2001-01-08,7.138
2001-01-09,7.138
2001-01-10,7.138
2001-01-11,7.138
2001-01-12,7.138
2001-01-13,7.138
2001-01-14,7.138
2001-01-15,7.435
2001-01-16,7.435
2001-01-17,7.435
2001-01-18,7.435
2001-01-19,7.435
2001-01-20,7.435
2001-01-21,7.435
2001-01-22,7.359
2001-01-23,7.359
2001-01-24,7.359
2001-01-25,7.359
2001-01-26,7.359
2001-01-27,7.359
2001-01-28,7.359
2001-01-29,7.147
2001-01-30,7.147
2001-01-31,7.147
2001-02-01,7.147
2001-02-02,7.147
2001-02-03,7.147
2001-02-04,7.147
2001-02-05,7.239
2001-02-06,7.239
2001-02-07,7.239
2001-02-08,7.239
2001-02-09,7.239
2001-02-10,7.239
2001-02-11,7.239
2001-02-12,7.141
2001-02-13,7.141
2001-02-14,7.141
2001-02-15,7.141
2001-02-16,7.141
2001-02-17,7.141
2001-02-18,7.141
2001-02-19,7.425
2001-02-20,7.425
2001-02-21,7.425
2001-02-22,7.425
2001-02-23,7.425
2001-02-24,7.425
2001-02-25,7.425
2001-02-26,7.431
2001-02-27,7.431
2001-02-28,7.431
2001-03-01,7.431
2001-03-02,7.431
2001-03-03,7.431
2001-03-04,7.431
2001-03-05,6.829
2001-03-06,6.829
2001-03-07,6.829
2001-03-08,6.829
2001-03-09,6.829
2001-03-10,6.829
2001-03-11,6.829
2001-03-12,6.784
2001-03-13,6.784
2001-03-14,6.784
2001-03-15,6.784
2001-03-16,6.784
2001-03-17,6.784
2001-03-18,6.784
2001-03-19,6.591
2001-03-20,6.591
2001-03-21,6.591
2001-03-22,6.591
2001-03-23,6.591
2001-03-24,6.591
2001-03-25,6.591
2001-03-26,6.714
2001-03-27,6.714
2001-03-28,6.714
2001-03-29,6.714
2001-03-30,6.714
2001-03-31,6.714
2001-04-01,6.714
2001-04-02,6.629
2001-04-03,6.629
2001-04-04,6.629
2001-04-05,6.629
2001-04-06,6.629
2001-04-07,6.629
2001-04-08,6.629
2001-04-09,6.654
2001-04-10,6.654
2001-04-11,6.654
2001-04-12,6.654
2001-04-13,6.654
2001-04-14,6.654
2001-04-15,6.654
2001-04-16,6.796
2001-04-17,6.796
2001-04-18,6.796
2001-04-19,6.796
2001-04-20,6.796
2001-04-21,6.796
2001-04-22,6.796
2001-04-23,6.665
2001-04-24,6.665
2001-04-25,6.665
2001-04-26,6.665
2001-04-27,6.665
2001-04-28,6.665
2001-04-29,6.665
2001-04-30,6.769
2001-05-01,6.769
2001-05-02,6.769
2001-05-03,6.769
2001-05-04,6.769
2001-05-05,6.769
2001-05-06,6.769
2001-05-07,6.763
2001-05-08,6.763
2001-05-09,6.763
2001-05-10,6.763
2001-05-11,6.763
2001-05-12,6.763
2001-05-13,6.763
2001-05-14,6.752
2001-05-15,6.752
2001-05-16,6.752
2001-05-17,6.752
2001-05-18,6.752
2001-05-19,6.752
2001-05-20,6.752
2001-05-21,7.196
2001-05-22,7.196
2001-05-23,7.196
2001-05-24,7.196
2001-05-25,7.196
2001-05-26,7.196
2001-05-27,7.196
2001-05-28,6.56
2001-05-29,6.56
2001-05-30,6.56
2001-05-31,6.56
2001-06-01,6.56
2001-06-02,6.56
2001-06-03,6.56
2001-06-04,6.256
2001-06-05,6.256
2001-06-06,6.256
2001-06-07,6.256
2001-06-08,6.256
2001-06-09,6.256
2001-06-10,6.256
2001-06-11,6.539
2001-06-12,6.539
2001-06-13,6.539
2001-06-14,6.539
2001-06-15,6.539
2001-06-16,6.539
2001-06-17,6.539
2001-06-18,6.951
2001-06-19,6.951
2001-06-20,6.951
2001-06-21,6.951
2001-06-22,6.951
2001-06-23,6.951
2001-06-24,6.951
2001-06-25,6.763
2001-06-26,6.763
2001-06-27,6.763
2001-06-28,6.763
2001-06-29,6.763
2001-06-30,6.763
2001-07-01,6.763
2001-07-02,6.474
2001-07-03,6.474
2001-07-04,6.474
2001-07-05,6.474
2001-07-06,6.474
2001-07-07,6.474
2001-07-08,6.474
2001-07-09,6.129
2001-07-10,6.129
2001-07-11,6.129
2001-07-12,6.129
2001-07-13,6.129
2001-07-14,6.129
2001-07-15,6.129
2001-07-16,6.38
2001-07-17,6.38
2001-07-18,6.38
2001-07-19,6.38
2001-07-20,6.38
2001-07-21,6.38
2001-07-22,6.38
2001-07-23,7.179
2001-07-24,7.179
2001-07-25,7.179
2001-07-26,7.179
2001-07-27,7.179
2001-07-28,7.179
2001-07-29,7.179
2001-07-30,6.796
2001-07-31,6.796
2001-08-01,6.796
2001-08-02,6.796
2001-08-03,6.796
2001-08-04,6.796
2001-08-05,6.796
2001-08-06,6.546
2001-08-07,6.546
2001-08-08,6.546
2001-08-09,6.546
2001-08-10,6.546
2001-08-11,6.546
2001-08-12,6.546
2001-08-13,6.544
2001-08-14,6.544
2001-08-15,6.544
2001-08-16,6.544
2001-08-17,6.544
2001-08-18,6.544
2001-08-19,6.544
2001-08-20,6.299
2001-08-21,6.299
2001-08-22,6.299
2001-08-23,6.299
2001-08-24,6.299
2001-08-25,6.299
2001-08-26,6.299
2001-08-27,6.147
2001-08-28,6.147
2001-08-29,6.147
2001-08-30,6.147
2001-08-31,6.147
2001-09-01,6.147
2001-09-02,6.147
2001-09-03,6.02
2001-09-04,6.02
2001-09-05,6.02
2001-09-06,6.02
2001-09-07,6.02
2001-09-08,6.02
2001-09-09,6.02
2001-09-10,6.058
2001-09-11,6.058
2001-09-12,6.058
2001-09-13,6.058
2001-09-14,6.058
2001-09-15,6.058
2001-09-16,6.058
2001-09-17,6.172
2001-09-18,6.172
2001-09-19,6.172
2001-09-20,6.172
2001-09-21,6.172
2001-09-22,6.172
2001-09-23,6.172
2001-09-24,6.436
2001-09-25,6.436
2001-09-26,6.436
2001-09-27,6.436
2001-09-28,6.436
2001-09-29,6.436
2001-09-30,6.436
2001-10-01,6.395
2001-10-02,6.395
2001-10-03,6.395
2001-10-04,6.395
2001-10-05,6.395
2001-10-06,6.395
2001-10-07,6.395
2001-10-08,6.356
2001-10-09,6.356
2001-10-10,6.356
2001-10-11,6.356
2001-10-12,6.356
2001-10-13,6.356
2001-10-14,6.356
2001-10-15,6.516
2001-10-16,6.516
2001-10-17,6.516
2001-10-18,6.516
2001-10-19,6.516
2001-10-20,6.516
2001-10-21,6.516
2001-10-22,6.411
2001-10-23,6.411
2001-10-24,6.411
2001-10-25,6.411
2001-10-26,6.411
2001-10-27,6.411
2001-10-28,6.411
2001-10-29,6.634
2001-10-30,6.634
2001-10-31,6.634
2001-11-01,6.634
2001-11-02,6.634
2001-11-03,6.634
2001-11-04,6.634
2001-11-05,7.319
2001-11-06,7.319
2001-11-07,7.319
2001-11-08,7.319
2001-11-09,7.319
2001-11-10,7.319
2001-11-11,7.319
2001-11-12,7.275
2001-11-13,7.275
2001-11-14,7.275
2001-11-15,7.275
2001-11-16,7.275
2001-11-17,7.275
2001-11-18,7.275
2001-11-19,7.351
2001-11-20,7.351
2001-11-21,7.351
2001-11-22,7.351
2001-11-23,7.351
2001-11-24,7.351
2001-11-25,7.351
2001-11-26,7.327
2001-11-27,7.327
2001-11-28,7.327
2001-11-29,7.327
2001-11-30,7.327
2001-12-01,7.327
2001-12-02,7.327
2001-12-03,7.551
2001-12-04,7.551
2001-12-05,7.551
2001-12-06,7.551
2001-12-07,7.551
2001-12-08,7.551
2001-12-09,7.551
2001-12-10,8.002
2001-12-11,8.002
2001-12-12,8.002
2001-12-13,8.002
2001-12-14,8.002
2001-12-15,8.002
2001-12-16,8.002
2001-12-17,8.716
2001-12-18,8.716
2001-12-19,8.716
2001-12-20,8.716
2001-12-21,8.716
2001-12-22,8.716
2001-12-23,8.716
2001-12-31,9.12
2002-01-01,9.12
2002-01-02,9.12
2002-01-03,9.12
2002-01-04,9.12
2002-01-05,9.12
2002-01-06,9.12
2002-01-07,9.076
2002-01-08,9.076
2002-01-09,9.076
2002-01-10,9.076
2002-01-11,9.076
2002-01-12,9.076
2002-01-13,9.076
2002-01-14,8.968
2002-01-15,8.968
2002-01-16,8.968
2002-01-17,8.968
2002-01-18,8.968
2002-01-19,8.968
2002-01-20,8.968
2002-01-21,8.798
2002-01-22,8.798
2002-01-23,8.798
2002-01-24,8.798
2002-01-25,8.798
2002-01-26,8.798
2002-01-27,8.798
2002-01-28,8.845
2002-01-29,8.845
2002-01-30,8.845
2002-01-31,8.845
2002-02-01,8.845
2002-02-02,8.845
2002-02-03,8.845
2002-02-04,8.518
2002-02-05,8.518
2002-02-06,8.518
2002-02-07,8.518
2002-02-08,8.518
2002-02-09,8.518
2002-02-10,8.518
2002-02-11,8.186
2002-02-12,8.186
2002-02-13,8.186
2002-02-14,8.186
2002-02-15,8.186
2002-02-16,8.186
2002-02-17,8.186
2002-02-18,8.079
2002-02-19,8.079
2002-02-20,8.079
2002-02-21,8.079
2002-02-22,8.079
2002-02-23,8.079
2002-02-24,8.079
2002-02-25,7.874
2002-02-26,7.874
2002-02-27,7.874
2002-02-28,7.874
2002-03-01,7.874
2002-03-02,7.874
2002-03-03,7.874
2002-03-04,7.821
2002-03-05,7.821
2002-03-06,7.821
2002-03-07,7.821
2002-03-08,7.821
2002-03-09,7.821
2002-03-10,7.821
2002-03-11,7.545
2002-03-12,7.545
2002-03-13,7.545
2002-03-14,7.545
2002-03-15,7.545
2002-03-16,7.545
2002-03-17,7.545
2002-03-18,7.442
2002-03-19,7.442
2002-03-20,7.442
2002-03-21,7.442
2002-03-22,7.442
2002-03-23,7.442
2002-03-24,7.442
2002-03-25,6.847
2002-03-26,6.847
2002-03-27,6.847
2002-03-28,6.847
2002-03-29,6.847
2002-03-30,6.847
2002-03-31,6.847
2002-04-01,7.205
2002-04-02,7.205
2002-04-03,7.205
2002-04-04,7.205
2002-04-05,7.205
2002-04-06,7.205
2002-04-07,7.205
2002-04-08,7.029
2002-04-09,7.029
2002-04-10,7.029
2002-04-11,7.029
2002-04-12,7.029
2002-04-13,7.029
2002-04-14,7.029
2002-04-15,6.995
2002-04-16,6.995
2002-04-17,6.995
2002-04-18,6.995
2002-04-19,6.995
2002-04-20,6.995
2002-04-21,6.995
2002-04-22,6.999
2002-04-23,6.999
2002-04-24,6.999
2002-04-25,6.999
2002-04-26,6.999
2002-04-27,6.999
2002-04-28,6.999
2002-04-29,6.629
2002-04-30,6.629
2002-05-01,6.629
2002-05-02,6.629
2002-05-03,6.629
2002-05-04,6.629
2002-05-05,6.629
2002-05-06,6.466
2002-05-07,6.466
2002-05-08,6.466
2002-05-09,6.466
2002-05-10,6.466
2002-05-11,6.466
2002-05-12,6.466
2002-05-13,6.617
2002-05-14,6.617
2002-05-15,6.617
2002-05-16,6.617
2002-05-17,6.617
2002-05-18,6.617
2002-05-19,6.617
2002-05-20,6.562
2002-05-21,6.562
2002-05-22,6.562
2002-05-23,6.562
2002-05-24,6.562
2002-05-25,6.562
2002-05-26,6.562
2002-05-27,6.385
2002-05-28,6.385
2002-05-29,6.385
2002-05-30,6.385
2002-05-31,6.385
2002-06-01,6.385
2002-06-02,6.385
2002-06-03,6.27
2002-06-04,6.27
2002-06-05,6.27
2002-06-06,6.27
2002-06-07,6.27
2002-06-08,6.27
2002-06-09,6.27
2002-06-10,6.802
2002-06-11,6.802
2002-06-12,6.802
2002-06-13,6.802
2002-06-14,6.802
2002-06-15,6.802
2002-06-16,6.802
2002-06-17,6.981
2002-06-18,6.981
2002-06-19,6.981
2002-06-20,6.981
2002-06-21,6.981
2002-06-22,6.981
2002-06-23,6.981
2002-06-24,6.698
2002-06-25,6.698
2002-06-26,6.698
2002-06-27,6.698
2002-06-28,6.698
2002-06-29,6.698
2002-06-30,6.698
2002-07-01,6.47
2002-07-02,6.47
2002-07-03,6.47
2002-07-04,6.47
2002-07-05,6.47
2002-07-06,6.47
2002-07-07,6.47
2002-07-08,6.217
2002-07-09,6.217
2002-07-10,6.217
2002-07-11,6.217
2002-07-12,6.217
2002-07-13,6.217
2002-07-14,6.217
2002-07-15,6.504
2002-07-16,6.504
2002-07-17,6.504
2002-07-18,6.504
2002-07-19,6.504
2002-07-20,6.504
2002-07-21,6.504
2002-07-22,6.525
2002-07-23,6.525
2002-07-24,6.525
2002-07-25,6.525
2002-07-26,6.525
2002-07-27,6.525
2002-07-28,6.525
2002-07-29,6.477
2002-07-30,6.477
2002-07-31,6.477
2002-08-01,6.477
2002-08-02,6.477
2002-08-03,6.477
2002-08-04,6.477
2002-08-05,6.068
2002-08-06,6.068
2002-08-07,6.068
2002-08-08,6.068
2002-08-09,6.068
2002-08-10,6.068
2002-08-11,6.068
2002-08-12,6.116
2002-08-13,6.116
2002-08-14,6.116
2002-08-15,6.116
2002-08-16,6.116
2002-08-17,6.116
2002-08-18,6.116
2002-08-19,6.043
2002-08-20,6.043
2002-08-21,6.043
2002-08-22,6.043
2002-08-23,6.043
2002-08-24,6.043
2002-08-25,6.043
2002-08-26,6.044
2002-08-27,6.044
2002-08-28,6.044
2002-08-29,6.044
2002-08-30,6.044
2002-08-31,6.044
2002-09-01,6.044
2002-09-02,6.042
2002-09-03,6.042
2002-09-04,6.042
2002-09-05,6.042
2002-09-06,6.042
2002-09-07,6.042
2002-09-08,6.042
2002-09-09,6.034
2002-09-10,6.034
2002-09-11,6.034
2002-09-12,6.034
2002-09-13,6.034
2002-09-14,6.034
2002-09-15,6.034
2002-09-16,6.22
2002-09-17,6.22
2002-09-18,6.22
2002-09-19,6.22
2002-09-20,6.22
2002-09-21,6.22
2002-09-22,6.22
2002-09-23,6.18
2002-09-24,6.18
2002-09-25,6.18
2002-09-26,6.18
2002-09-27,6.18
2002-09-28,6.18
2002-09-29,6.18
2002-09-30,6.267
2002-10-01,6.267
2002-10-02,6.267
2002-10-03,6.267
2002-10-04,6.267
2002-10-05,6.267
2002-10-06,6.267
2002-10-07,6.39
2002-10-08,6.39
2002-10-09,6.39
2002-10-10,6.39
2002-10-11,6.39
2002-10-12,6.39
2002-10-13,6.39
2002-10-14,6.611
2002-10-15,6.611
2002-10-16,6.611
2002-10-17,6.611
2002-10-18,6.611
2002-10-19,6.611
2002-10-20,6.611
2002-10-21,6.646
2002-10-22,6.646
2002-10-23,6.646
2002-10-24,6.646
2002-10-25,6.646
2002-10-26,6.646
2002-10-27,6.646
2002-10-28,6.615
2002-10-29,6.615
2002-10-30,6.615
2002-10-31,6.615
2002-11-01,6.615
2002-11-02,6.615
2002-11-03,6.615
2002-11-04,6.682
2002-11-05,6.682
2002-11-06,6.682
2002-11-07,6.682
2002-11-08,6.682
2002-11-09,6.682
2002-11-10,6.682
2002-11-11,6.79
2002-11-12,6.79
2002-11-13,6.79
2002-11-14,6.79
2002-11-15,6.79
2002-11-16,6.79
2002-11-17,6.79
2002-11-18,6.699
2002-11-19,6.699
2002-11-20,6.699
2002-11-21,6.699
2002-11-22,6.699
2002-11-23,6.699
2002-11-24,6.699
2002-11-25,7.133
2002-11-26,7.133
2002-11-27,7.133
2002-11-28,7.133
2002-11-29,7.133
2002-11-30,7.133
2002-12-01,7.133
2002-12-02,7.222
2002-12-03,7.222
2002-12-04,7.222
2002-12-05,7.222
2002-12-06,7.222
2002-12-07,7.222
2002-12-08,7.222
2002-12-09,7.453
2002-12-10,7.453
2002-12-11,7.453
2002-12-12,7.453
2002-12-13,7.453
2002-12-14,7.453
2002-12-15,7.453
2002-12-16,7.497
2002-12-17,7.497
2002-12-18,7.497
2002-12-19,7.497
2002-12-20,7.497
2002-12-21,7.497
2002-12-22,7.497
2002-12-23,7.438
2002-12-24,7.438
2002-12-25,7.438
2002-12-26,7.438
2002-12-27,7.438
2002-12-28,7.438
2002-12-29,7.438
2003-01-01,7.783
2003-01-02,7.783
2003-01-03,7.783
2003-01-04,7.783
2003-01-05,7.783
2003-01-06,7.783
2003-01-06,7.673
2003-01-07,7.673
2003-01-07,7.783
2003-01-08,7.673
2003-01-09,7.673
2003-01-10,7.673
2003-01-11,7.673
2003-01-12,7.673
2003-01-13,8.41
2003-01-14,8.41
2003-01-15,8.41
2003-01-16,8.41
2003-01-17,8.41
2003-01-18,8.41
2003-01-19,8.41
2003-01-20,8.248
2003-01-21,8.248
2003-01-22,8.248
2003-01-23,8.248
2003-01-24,8.248
2003-01-25,8.248
2003-01-26,8.248
2003-01-27,8.051
2003-01-28,8.051
2003-01-29,8.051
2003-01-30,8.051
2003-01-31,8.051
2003-02-01,8.051
2003-02-02,8.051
2003-02-03,8.127
2003-02-04,8.127
2003-02-05,8.127
2003-02-06,8.127
2003-02-07,8.127
2003-02-08,8.127
2003-02-09,8.127
2003-02-10,7.658
2003-02-11,7.658
2003-02-12,7.658
2003-02-13,7.658
2003-02-14,7.658
2003-02-15,7.658
2003-02-16,7.658
2003-02-17,8.005
2003-02-18,8.005
2003-02-19,8.005
2003-02-20,8.005
2003-02-21,8.005
2003-02-22,8.005
2003-02-23,8.005
2003-02-24,7.694
2003-02-25,7.694
2003-02-26,7.694
2003-02-27,7.694
2003-02-28,7.694
2003-03-01,7.694
2003-03-02,7.694
2003-03-03,7.559
2003-03-04,7.559
2003-03-05,7.559
2003-03-06,7.559
2003-03-07,7.559
2003-03-08,7.559
2003-03-09,7.559
2003-03-10,7.207
2003-03-11,7.207
2003-03-12,7.207
2003-03-13,7.207
2003-03-14,7.207
2003-03-15,7.207
2003-03-16,7.207
2003-03-17,7.164
2003-03-18,7.164
2003-03-19,7.164
2003-03-20,7.164
2003-03-21,7.164
2003-03-22,7.164
2003-03-23,7.164
2003-03-24,7.206
2003-03-25,7.206
2003-03-26,7.206
2003-03-27,7.206
2003-03-28,7.206
2003-03-29,7.206
2003-03-30,7.206
2003-03-31,7.077
2003-04-01,7.077
2003-04-02,7.077
2003-04-03,7.077
2003-04-04,7.077
2003-04-05,7.077
2003-04-06,7.077
2003-04-07,7.194
2003-04-08,7.194
2003-04-09,7.194
2003-04-10,7.194
2003-04-11,7.194
2003-04-12,7.194
2003-04-13,7.194
2003-04-14,7.061
2003-04-15,7.061
2003-04-16,7.061
2003-04-17,7.061
2003-04-18,7.061
2003-04-19,7.061
2003-04-20,7.061
2003-04-21,7.062
2003-04-22,7.062
2003-04-23,7.062
2003-04-24,7.062
2003-04-25,7.062
2003-04-26,7.062
2003-04-27,7.062
2003-04-28,6.899
2003-04-29,6.899
2003-04-30,6.899
2003-05-01,6.899
2003-05-02,6.899
2003-05-03,6.899
2003-05-04,6.899
2003-05-05,6.69
2003-05-06,6.69
2003-05-07,6.69
2003-05-08,6.69
2003-05-09,6.69
2003-05-10,6.69
2003-05-11,6.69
2003-05-12,6.887
2003-05-13,6.887
2003-05-14,6.887
2003-05-15,6.887
2003-05-16,6.887
2003-05-17,6.887
2003-05-18,6.887
2003-05-19,6.75
2003-05-20,6.75
2003-05-21,6.75
2003-05-22,6.75
2003-05-23,6.75
2003-05-24,6.75
2003-05-25,6.75
2003-05-26,6.914
2003-05-27,6.914
2003-05-28,6.914
2003-05-29,6.914
2003-05-30,6.914
2003-05-31,6.914
2003-06-01,6.914
2003-06-02,6.805
2003-06-03,6.805
2003-06-04,6.805
2003-06-05,6.805
2003-06-06,6.805
2003-06-07,6.805
2003-06-08,6.805
2003-06-09,7.69
2003-06-10,7.69
2003-06-11,7.69
2003-06-12,7.69
2003-06-13,7.69
2003-06-14,7.69
2003-06-15,7.69
2003-06-16,7.727
2003-06-17,7.727
2003-06-18,7.727
2003-06-19,7.727
2003-06-20,7.727
2003-06-21,7.727
2003-06-22,7.727
2003-06-23,7.363
2003-06-24,7.363
2003-06-25,7.363
2003-06-26,7.363
2003-06-27,7.363
2003-06-28,7.363
2003-06-29,7.363
2003-06-30,6.65
2003-07-01,6.65
2003-07-02,6.65
2003-07-03,6.65
2003-07-04,6.65
2003-07-05,6.65
2003-07-06,6.65
2003-07-07,7.12
2003-07-08,7.12
2003-07-09,7.12
2003-07-10,7.12
2003-07-11,7.12
2003-07-12,7.12
2003-07-13,7.12
2003-07-14,6.855
2003-07-15,6.855
2003-07-16,6.855
2003-07-17,6.855
2003-07-18,6.855
2003-07-19,6.855
2003-07-20,6.855
2003-07-21,7.188
2003-07-22,7.188
2003-07-23,7.188
2003-07-24,7.188
2003-07-25,7.188
2003-07-26,7.188
2003-07-27,7.188
2003-07-28,7.777
2003-07-29,7.777
2003-07-30,7.777
2003-07-31,7.777
2003-08-01,7.777
2003-08-02,7.777
2003-08-03,7.777
2003-08-04,8.654
2003-08-05,8.654
2003-08-06,8.654
2003-08-07,8.654
2003-08-08,8.654
2003-08-09,8.654
2003-08-10,8.654
2003-08-11,8.774
2003-08-12,8.774
2003-08-13,8.774
2003-08-14,8.774
2003-08-15,8.774
2003-08-16,8.774
2003-08-17,8.774
2003-08-18,7.003
2003-08-19,7.003
2003-08-20,7.003
2003-08-21,7.003
2003-08-22,7.003
2003-08-23,7.003
2003-08-24,7.003
2003-08-25,6.564
2003-08-26,6.564
2003-08-27,6.564
2003-08-28,6.564
2003-08-29,6.564
2003-08-30,6.564
2003-08-31,6.564
2003-09-01,6.268
2003-09-02,6.268
2003-09-03,6.268
2003-09-04,6.268
2003-09-05,6.268
2003-09-06,6.268
2003-09-07,6.268
2003-09-08,6.198
2003-09-09,6.198
2003-09-10,6.198
2003-09-11,6.198
2003-09-12,6.198
2003-09-13,6.198
2003-09-14,6.198
2003-09-15,6.612
2003-09-16,6.612
2003-09-17,6.612
2003-09-18,6.612
2003-09-19,6.612
2003-09-20,6.612
2003-09-21,6.612
2003-09-22,6.473
2003-09-23,6.473
2003-09-24,6.473
2003-09-25,6.473
2003-09-26,6.473
2003-09-27,6.473
2003-09-28,6.473
2003-09-29,6.23
2003-09-30,6.23
2003-10-01,6.23
2003-10-02,6.23
2003-10-03,6.23
2003-10-04,6.23
2003-10-05,6.23
2003-10-06,6.551
2003-10-07,6.551
2003-10-08,6.551
2003-10-09,6.551
2003-10-10,6.551
2003-10-11,6.551
2003-10-12,6.551
2003-10-13,6.65
2003-10-14,6.65
2003-10-15,6.65
2003-10-16,6.65
2003-10-17,6.65
2003-10-18,6.65
2003-10-19,6.65
2003-10-20,6.822
2003-10-21,6.822
2003-10-22,6.822
2003-10-23,6.822
2003-10-24,6.822
2003-10-25,6.822
2003-10-26,6.822
2003-10-27,7.139
2003-10-28,7.139
2003-10-29,7.139
2003-10-30,7.139
2003-10-31,7.139
2003-11-01,7.139
2003-11-02,7.139
2003-11-03,7.496
2003-11-04,7.496
2003-11-05,7.496
2003-11-06,7.496
2003-11-07,7.496
2003-11-08,7.496
2003-11-09,7.496
2003-11-10,7.598
2003-11-11,7.598
2003-11-12,7.598
2003-11-13,7.598
2003-11-14,7.598
2003-11-15,7.598
2003-11-16,7.598
2003-11-17,7.444
2003-11-18,7.444
2003-11-19,7.444
2003-11-20,7.444
2003-11-21,7.444
2003-11-22,7.444
2003-11-23,7.444
2003-11-24,7.68
2003-11-25,7.68
2003-11-26,7.68
2003-11-27,7.68
2003-11-28,7.68
2003-11-29,7.68
2003-11-30,7.68
2003-12-01,7.977
2003-12-02,7.977
2003-12-03,7.977
2003-12-04,7.977
2003-12-05,7.977
2003-12-06,7.977
2003-12-07,7.977
2003-12-08,8.085
2003-12-09,8.085
2003-12-10,8.085
2003-12-11,8.085
2003-12-12,8.085
2003-12-13,8.085
2003-12-14,8.085
2003-12-15,8.031
2003-12-16,8.031
2003-12-17,8.031
2003-12-18,8.031
2003-12-19,8.031
2003-12-20,8.031
2003-12-21,8.031
2003-12-22,8.181
2003-12-23,8.181
2003-12-24,8.181
2003-12-25,8.181
2003-12-26,8.181
2003-12-27,8.181
2003-12-28,8.181
2003-12-29,8.684
2003-12-30,8.684
2003-12-31,8.684
2004-01-01,8.684
2004-01-02,8.684
2004-01-03,8.684
2004-01-04,8.684
2004-01-05,8.649
2004-01-06,8.649
2004-01-07,8.649
2004-01-08,8.649
2004-01-09,8.649
2004-01-10,8.649
2004-01-11,8.649
2004-01-12,8.053
2004-01-13,8.053
2004-01-14,8.053
2004-01-15,8.053
2004-01-16,8.053
2004-01-17,8.053
2004-01-18,8.053
2004-01-19,8.005
2004-01-20,8.005
2004-01-21,8.005
2004-01-22,8.005
2004-01-23,8.005
2004-01-24,8.005
2004-01-25,8.005
2004-01-26,7.669
2004-01-27,7.669
2004-01-28,7.669
2004-01-29,7.669
2004-01-30,7.669
2004-01-31,7.669
2004-02-01,7.669
2004-02-02,7.597
2004-02-03,7.597
2004-02-04,7.597
2004-02-05,7.597
2004-02-06,7.597
2004-02-07,7.597
2004-02-08,7.597
2004-02-09,7.339
2004-02-10,7.339
2004-02-11,7.339
2004-02-12,7.339
2004-02-13,7.339
2004-02-14,7.339
2004-02-15,7.339
2004-02-16,7.481
2004-02-17,7.481
2004-02-18,7.481
2004-02-19,7.481
2004-02-20,7.481
2004-02-21,7.481
2004-02-22,7.481
2004-02-23,7.579
2004-02-24,7.579
2004-02-25,7.579
2004-02-26,7.579
2004-02-27,7.579
2004-02-28,7.579
2004-02-29,7.579
2004-03-01,7.952
2004-03-02,7.952
2004-03-03,7.952
2004-03-04,7.952
2004-03-05,7.952
2004-03-06,7.952
2004-03-07,7.952
2004-03-08,7.751
2004-03-09,7.751
2004-03-10,7.751
2004-03-11,7.751
2004-03-12,7.751
2004-03-13,7.751
2004-03-14,7.751
2004-03-15,7.417
2004-03-16,7.417
2004-03-17,7.417
2004-03-18,7.417
2004-03-19,7.417
2004-03-20,7.417
2004-03-21,7.417
2004-03-22,7.171
2004-03-23,7.171
2004-03-24,7.171
2004-03-25,7.171
2004-03-26,7.171
2004-03-27,7.171
2004-03-28,7.171
2004-03-29,7.211
2004-03-30,7.211
2004-03-31,7.211
2004-04-01,7.211
2004-04-02,7.211
2004-04-03,7.211
2004-04-04,7.211
2004-04-05,7.07
2004-04-06,7.07
2004-04-07,7.07
2004-04-08,7.07
2004-04-09,7.07
2004-04-10,7.07
2004-04-11,7.07
2004-04-12,7.278
2004-04-13,7.278
2004-04-14,7.278
2004-04-15,7.278
2004-04-16,7.278
2004-04-17,7.278
2004-04-18,7.278
2004-04-19,7.029
2004-04-20,7.029
2004-04-21,7.029
2004-04-22,7.029
2004-04-23,7.029
2004-04-24,7.029
2004-04-25,7.029
2004-04-26,6.832
2004-04-27,6.832
2004-04-28,6.832
2004-04-29,6.832
2004-04-30,6.832
2004-05-01,6.832
2004-05-02,6.832
2004-05-03,6.827
2004-05-04,6.827
2004-05-05,6.827
2004-05-06,6.827
2004-05-07,6.827
2004-05-08,6.827
2004-05-09,6.827
2004-05-10,6.745
2004-05-11,6.745
2004-05-12,6.745
2004-05-13,6.745
2004-05-14,6.745
2004-05-15,6.745
2004-05-16,6.745
2004-05-17,6.927
2004-05-18,6.927
2004-05-19,6.927
2004-05-20,6.927
2004-05-21,6.927
2004-05-22,6.927
2004-05-23,6.927
2004-05-24,6.624
2004-05-25,6.624
2004-05-26,6.624
2004-05-27,6.624
2004-05-28,6.624
2004-05-29,6.624
2004-05-30,6.624
2004-05-31,6.512
2004-06-01,6.512
2004-06-02,6.512
2004-06-03,6.512
2004-06-04,6.512
2004-06-05,6.512
2004-06-06,6.512
2004-06-07,6.59
2004-06-08,6.59
2004-06-09,6.59
2004-06-10,6.59
2004-06-11,6.59
2004-06-12,6.59
2004-06-13,6.59
2004-06-14,6.421
2004-06-15,6.421
2004-06-16,6.421
2004-06-17,6.421
2004-06-18,6.421
2004-06-19,6.421
2004-06-20,6.421
2004-06-21,6.395
2004-06-22,6.395
2004-06-23,6.395
2004-06-24,6.395
2004-06-25,6.395
2004-06-26,6.395
2004-06-27,6.395
2004-06-28,6.868
2004-06-29,6.868
2004-06-30,6.868
2004-07-01,6.868
2004-07-02,6.868
2004-07-03,6.868
2004-07-04,6.868
2004-07-05,6.223
2004-07-06,6.223
2004-07-07,6.223
2004-07-08,6.223
2004-07-09,6.223
2004-07-10,6.223
2004-07-11,6.223
2004-07-12,6.274
2004-07-13,6.274
2004-07-14,6.274
2004-07-15,6.274
2004-07-16,6.274
2004-07-17,6.274
2004-07-18,6.274
2004-07-19,6.738
2004-07-20,6.738
2004-07-21,6.738
2004-07-22,6.738
2004-07-23,6.738
2004-07-24,6.738
2004-07-25,6.738
2004-07-26,7.034
2004-07-27,7.034
2004-07-28,7.034
2004-07-29,7.034
2004-07-30,7.034
2004-07-31,7.034
2004-08-01,7.034
2004-08-02,6.693
2004-08-03,6.693
2004-08-04,6.693
2004-08-05,6.693
2004-08-06,6.693
2004-08-07,6.693
2004-08-08,6.693
2004-08-09,6.507
2004-08-10,6.507
2004-08-11,6.507
2004-08-12,6.507
2004-08-13,6.507
2004-08-14,6.507
2004-08-15,6.507
2004-08-16,6.296
2004-08-17,6.296
2004-08-18,6.296
2004-08-19,6.296
2004-08-20,6.296
2004-08-21,6.296
2004-08-22,6.296
2004-08-23,6.381
2004-08-24,6.381
2004-08-25,6.381
2004-08-26,6.381
2004-08-27,6.381
2004-08-28,6.381
2004-08-29,6.381
2004-08-30,6.277
2004-08-31,6.277
2004-09-01,6.277
2004-09-02,6.277
2004-09-03,6.277
2004-09-04,6.277
2004-09-05,6.277
2004-09-06,6.235
2004-09-07,6.235
2004-09-08,6.235
2004-09-09,6.235
2004-09-10,6.235
2004-09-11,6.235
2004-09-12,6.235
2004-09-13,6.158
2004-09-14,6.158
2004-09-15,6.158
2004-09-16,6.158
2004-09-17,6.158
2004-09-18,6.158
2004-09-19,6.158
2004-09-20,6.2
2004-09-21,6.2
2004-09-22,6.2
2004-09-23,6.2
2004-09-24,6.2
2004-09-25,6.2
2004-09-26,6.2
2004-09-27,6.296
2004-09-28,6.296
2004-09-29,6.296
2004-09-30,6.296
2004-10-01,6.296
2004-10-02,6.296
2004-10-03,6.296
2004-10-04,6.609
2004-10-05,6.609
2004-10-06,6.609
2004-10-07,6.609
2004-10-08,6.609
2004-10-09,6.609
2004-10-10,6.609
2004-10-11,6.621
2004-10-12,6.621
2004-10-13,6.621
2004-10-14,6.621
2004-10-15,6.621
2004-10-16,6.621
2004-10-17,6.621
2004-10-18,7.021
2004-10-19,7.021
2004-10-20,7.021
2004-10-21,7.021
2004-10-22,7.021
2004-10-23,7.021
2004-10-24,7.021
2004-10-25,6.633
2004-10-26,6.633
2004-10-27,6.633
2004-10-28,6.633
2004-10-29,6.633
2004-10-30,6.633
2004-10-31,6.633
2004-11-01,7.067
2004-11-02,7.067
2004-11-03,7.067
2004-11-04,7.067
2004-11-05,7.067
2004-11-06,7.067
2004-11-07,7.067
2004-11-08,6.892
2004-11-09,6.892
2004-11-10,6.892
2004-11-11,6.892
2004-11-12,6.892
2004-11-13,6.892
2004-11-14,6.892
2004-11-15,7.338
2004-11-16,7.338
2004-11-17,7.338
2004-11-18,7.338
2004-11-19,7.338
2004-11-20,7.338
2004-11-21,7.338
2004-11-22,7.389
2004-11-23,7.389
2004-11-24,7.389
2004-11-25,7.389
2004-11-26,7.389
2004-11-27,7.389
2004-11-28,7.389
2004-11-29,7.513
2004-11-30,7.513
2004-12-01,7.513
2004-12-02,7.513
2004-12-03,7.513
2004-12-04,7.513
2004-12-05,7.513
2004-12-06,7.537
2004-12-07,7.537
2004-12-08,7.537
2004-12-09,7.537
2004-12-10,7.537
2004-12-11,7.537
2004-12-12,7.537
2004-12-13,7.837
2004-12-14,7.837
2004-12-15,7.837
2004-12-16,7.837
2004-12-17,7.837
2004-12-18,7.837
2004-12-19,7.837
2004-12-20,8.296
2004-12-21,8.296
2004-12-22,8.296
2004-12-23,8.296
2004-12-24,8.296
2004-12-25,8.296
2004-12-26,8.296
2004-12-27,10.846
2004-12-27,9.596
2004-12-28,9.596
2004-12-28,10.846
2004-12-29,10.846
2004-12-29,9.596
2004-12-30,9.596
2004-12-30,10.846
2004-12-31,9.596
2004-12-31,10.846
2005-01-01,10.846
2005-01-01,9.596
2005-01-02,10.846
2005-01-02,9.596
2005-01-03,11.299
2005-01-04,11.299
2005-01-05,11.299
2005-01-06,11.299
2005-01-07,11.299
2005-01-08,11.299
2005-01-09,11.299
2005-01-10,11.057
2005-01-11,11.057
2005-01-12,11.057
2005-01-13,11.057
2005-01-14,11.057
2005-01-15,11.057
2005-01-16,11.057
2005-01-17,10.154
2005-01-18,10.154
2005-01-19,10.154
2005-01-20,10.154
2005-01-21,10.154
2005-01-22,10.154
2005-01-23,10.154
2005-01-24,10.247
2005-01-25,10.247
2005-01-26,10.247
2005-01-27,10.247
2005-01-28,10.247
2005-01-29,10.247
2005-01-30,10.247
2005-01-31,9.599
2005-02-01,9.599
2005-02-02,9.599
2005-02-03,9.599
2005-02-04,9.599
2005-02-05,9.599
2005-02-06,9.599
2005-02-07,8.866
2005-02-08,8.866
2005-02-09,8.866
2005-02-10,8.866
2005-02-11,8.866
2005-02-12,8.866
2005-02-13,8.866
2005-02-14,8.823
2005-02-15,8.823
2005-02-16,8.823
2005-02-17,8.823
2005-02-18,8.823
2005-02-19,8.823
2005-02-20,8.823
2005-02-21,8.567
2005-02-22,8.567
2005-02-23,8.567
2005-02-24,8.567
2005-02-25,8.567
2005-02-26,8.567
2005-02-27,8.567
2005-02-28,9.0
2005-03-01,9.0
2005-03-02,9.0
2005-03-03,9.0
2005-03-04,9.0
2005-03-05,9.0
2005-03-06,9.0
2005-03-07,8.595
2005-03-08,8.595
2005-03-09,8.595
2005-03-10,8.595
2005-03-11,8.595
2005-03-12,8.595
2005-03-13,8.595
2005-03-14,7.894
2005-03-15,7.894
2005-03-16,7.894
2005-03-17,7.894
2005-03-18,7.894
2005-03-19,7.894
2005-03-20,7.894
2005-03-21,7.536
2005-03-22,7.536
2005-03-23,7.536
2005-03-24,7.536
2005-03-25,7.536
2005-03-26,7.536
2005-03-27,7.536
2005-03-28,7.113
2005-03-29,7.113
2005-03-30,7.113
2005-03-31,7.113
2005-04-01,7.113
2005-04-02,7.113
2005-04-03,7.113
2005-04-04,7.004
2005-04-05,7.004
2005-04-06,7.004
2005-04-07,7.004
2005-04-08,7.004
2005-04-09,7.004
2005-04-10,7.004
2005-04-11,7.022
2005-04-12,7.022
2005-04-13,7.022
2005-04-14,7.022
2005-04-15,7.022
2005-04-16,7.022
2005-04-17,7.022
2005-04-18,6.957
2005-04-19,6.957
2005-04-20,6.957
2005-04-21,6.957
2005-04-22,6.957
2005-04-23,6.957
2005-04-24,6.957
2005-04-25,6.816
2005-04-26,6.816
2005-04-27,6.816
2005-04-28,6.816
2005-04-29,6.816
2005-04-30,6.816
2005-05-01,6.816
2005-05-02,6.525
2005-05-03,6.525
2005-05-04,6.525
2005-05-05,6.525
2005-05-06,6.525
2005-05-07,6.525
2005-05-08,6.525
2005-05-09,6.627
2005-05-10,6.627
2005-05-11,6.627
2005-05-12,6.627
2005-05-13,6.627
2005-05-14,6.627
2005-05-15,6.627
2005-05-16,6.787
2005-05-17,6.787
2005-05-18,6.787
2005-05-19,6.787
2005-05-20,6.787
2005-05-21,6.787
2005-05-22,6.787
2005-05-23,6.528
2005-05-24,6.528
2005-05-25,6.528
2005-05-26,6.528
2005-05-27,6.528
2005-05-28,6.528
2005-05-29,6.528
2005-05-30,6.516
2005-05-31,6.516
2005-06-01,6.516
2005-06-02,6.516
2005-06-03,6.516
2005-06-04,6.516
2005-06-05,6.516
2005-06-06,6.578
2005-06-07,6.578
2005-06-08,6.578
2005-06-09,6.578
2005-06-10,6.578
2005-06-11,6.578
2005-06-12,6.578
2005-06-13,6.908
2005-06-14,6.908
2005-06-15,6.908
2005-06-16,6.908
2005-06-17,6.908
2005-06-18,6.908
2005-06-19,6.908
2005-06-20,6.57
2005-06-21,6.57
2005-06-22,6.57
2005-06-23,6.57
2005-06-24,6.57
2005-06-25,6.57
2005-06-26,6.57
2005-06-27,6.271
2005-06-28,6.271
2005-06-29,6.271
2005-06-30,6.271
2005-07-01,6.271
2005-07-02,6.271
2005-07-03,6.271
2005-07-04,6.489
2005-07-05,6.489
2005-07-06,6.489
2005-07-07,6.489
2005-07-08,6.489
2005-07-09,6.489
2005-07-10,6.489
2005-07-11,6.423
2005-07-12,6.423
2005-07-13,6.423
2005-07-14,6.423
2005-07-15,6.423
2005-07-16,6.423
2005-07-17,6.423
2005-07-18,6.369
2005-07-19,6.369
2005-07-20,6.369
2005-07-21,6.369
2005-07-22,6.369
2005-07-23,6.369
2005-07-24,6.369
2005-07-25,6.233
2005-07-26,6.233
2005-07-27,6.233
2005-07-28,6.233
2005-07-29,6.233
2005-07-30,6.233
2005-07-31,6.233
2005-08-01,6.374
2005-08-02,6.374
2005-08-03,6.374
2005-08-04,6.374
2005-08-05,6.374
2005-08-06,6.374
2005-08-07,6.374
2005-08-08,6.096
2005-08-09,6.096
2005-08-10,6.096
2005-08-11,6.096
2005-08-12,6.096
2005-08-13,6.096
2005-08-14,6.096
2005-08-15,6.079
2005-08-16,6.079
2005-08-17,6.079
2005-08-18,6.079
2005-08-19,6.079
2005-08-20,6.079
2005-08-21,6.079
2005-08-22,6.321
2005-08-23,6.321
2005-08-24,6.321
2005-08-25,6.321
2005-08-26,6.321
2005-08-27,6.321
2005-08-28,6.321
2005-08-29,5.942
2005-08-30,5.942
2005-08-31,5.942
2005-09-01,5.942
2005-09-02,5.942
2005-09-03,5.942
2005-09-04,5.942
2005-09-05,6.143
2005-09-06,6.143
2005-09-07,6.143
2005-09-08,6.143
2005-09-09,6.143
2005-09-10,6.143
2005-09-11,6.143
2005-09-12,6.006
2005-09-13,6.006
2005-09-14,6.006
2005-09-15,6.006
2005-09-16,6.006
2005-09-17,6.006
2005-09-18,6.006
2005-09-19,6.338
2005-09-20,6.338
2005-09-21,6.338
2005-09-22,6.338
2005-09-23,6.338
2005-09-24,6.338
2005-09-25,6.338
2005-09-26,6.375
2005-09-27,6.375
2005-09-28,6.375
2005-09-29,6.375
2005-09-30,6.375
2005-10-01,6.375
2005-10-02,6.375
2005-10-03,6.565
2005-10-04,6.565
2005-10-05,6.565
2005-10-06,6.565
2005-10-07,6.565
2005-10-08,6.565
2005-10-09,6.565
2005-10-10,6.533
2005-10-11,6.533
2005-10-12,6.533
2005-10-13,6.533
2005-10-14,6.533
2005-10-15,6.533
2005-10-16,6.533
2005-10-17,6.665
2005-10-18,6.665
2005-10-19,6.665
2005-10-20,6.665
2005-10-21,6.665
2005-10-22,6.665
2005-10-23,6.665
2005-10-24,6.452
2005-10-25,6.452
2005-10-26,6.452
2005-10-27,6.452
2005-10-28,6.452
2005-10-29,6.452
2005-10-30,6.452
2005-10-31,6.784
2005-11-01,6.784
2005-11-02,6.784
2005-11-03,6.784
2005-11-04,6.784
2005-11-05,6.784
2005-11-06,6.784
2005-11-07,7.051
2005-11-08,7.051
2005-11-09,7.051
2005-11-10,7.051
2005-11-11,7.051
2005-11-12,7.051
2005-11-13,7.051
2005-11-14,7.025
2005-11-15,7.025
2005-11-16,7.025
2005-11-17,7.025
2005-11-18,7.025
2005-11-19,7.025
2005-11-20,7.025
2005-11-21,7.528
2005-11-22,7.528
2005-11-23,7.528
2005-11-24,7.528
2005-11-25,7.528
2005-11-26,7.528
2005-11-27,7.528
2005-11-28,7.153
2005-11-29,7.153
2005-11-30,7.153
2005-12-01,7.153
2005-12-02,7.153
2005-12-03,7.153
2005-12-04,7.153
2005-12-05,7.493
2005-12-06,7.493
2005-12-07,7.493
2005-12-08,7.493
2005-12-09,7.493
2005-12-10,7.493
2005-12-11,7.493
2005-12-12,7.833
2005-12-13,7.833
2005-12-14,7.833
2005-12-15,7.833
2005-12-16,7.833
2005-12-17,7.833
2005-12-18,7.833
2005-12-19,8.245
2005-12-20,8.245
2005-12-21,8.245
2005-12-22,8.245
2005-12-23,8.245
2005-12-24,8.245
2005-12-25,8.245
2005-12-26,8.24
2005-12-27,8.24
2005-12-28,8.24
2005-12-29,8.24
2005-12-30,8.24
2005-12-31,8.24
2006-01-01,8.24
2006-01-02,7.923
2006-01-03,7.923
2006-01-04,7.923
2006-01-05,7.923
2006-01-06,7.923
2006-01-07,7.923
2006-01-08,7.923
2006-01-09,7.936
2006-01-10,7.936
2006-01-11,7.936
2006-01-12,7.936
2006-01-13,7.936
2006-01-14,7.936
2006-01-15,7.936
2006-01-16,7.665
2006-01-17,7.665
2006-01-18,7.665
2006-01-19,7.665
2006-01-20,7.665
2006-01-21,7.665
2006-01-22,7.665
2006-01-23,7.936
2006-01-24,7.936
2006-01-25,7.936
2006-01-26,7.936
2006-01-27,7.936
2006-01-28,7.936
2006-01-29,7.936
2006-01-30,7.862
2006-01-31,7.862
2006-02-01,7.862
2006-02-02,7.862
2006-02-03,7.862
2006-02-04,7.862
2006-02-05,7.862
2006-02-06,7.978
2006-02-07,7.978
2006-02-08,7.978
2006-02-09,7.978
2006-02-10,7.978
2006-02-11,7.978
2006-02-12,7.978
2006-02-13,7.577
2006-02-14,7.577
2006-02-15,7.577
2006-02-16,7.577
2006-02-17,7.577
2006-02-18,7.577
2006-02-19,7.577
2006-02-20,7.893
2006-02-21,7.893
2006-02-22,7.893
2006-02-23,7.893
2006-02-24,7.893
2006-02-25,7.893
2006-02-26,7.893
2006-02-27,7.956
2006-02-28,7.956
2006-03-01,7.956
2006-03-02,7.956
2006-03-03,7.956
2006-03-04,7.956
2006-03-05,7.956
2006-03-06,7.597
2006-03-07,7.597
2006-03-08,7.597
2006-03-09,7.597
2006-03-10,7.597
2006-03-11,7.597
2006-03-12,7.597
2006-03-13,7.3
2006-03-14,7.3
2006-03-15,7.3
2006-03-16,7.3
2006-03-17,7.3
2006-03-18,7.3
2006-03-19,7.3
2006-03-20,7.248
2006-03-21,7.248
2006-03-22,7.248
2006-03-23,7.248
2006-03-24,7.248
2006-03-25,7.248
2006-03-26,7.248
2006-03-27,7.014
2006-03-28,7.014
2006-03-29,7.014
2006-03-30,7.014
2006-03-31,7.014
2006-04-01,7.014
2006-04-02,7.014
2006-04-03,6.869
2006-04-04,6.869
2006-04-05,6.869
2006-04-06,6.869
2006-04-07,6.869
2006-04-08,6.869
2006-04-09,6.869
2006-04-10,6.735
2006-04-11,6.735
2006-04-12,6.735
2006-04-13,6.735
2006-04-14,6.735
2006-04-15,6.735
2006-04-16,6.735
2006-04-17,6.851
2006-04-18,6.851
2006-04-19,6.851
2006-04-20,6.851
2006-04-21,6.851
2006-04-22,6.851
2006-04-23,6.851
2006-04-24,6.776
2006-04-25,6.776
2006-04-26,6.776
2006-04-27,6.776
2006-04-28,6.776
2006-04-29,6.776
2006-04-30,6.776
2006-05-01,6.699
2006-05-02,6.699
2006-05-03,6.699
2006-05-04,6.699
2006-05-05,6.699
2006-05-06,6.699
2006-05-07,6.699
2006-05-08,6.865
2006-05-09,6.865
2006-05-10,6.865
2006-05-11,6.865
2006-05-12,6.865
2006-05-13,6.865
2006-05-14,6.865
2006-05-15,6.523
2006-05-16,6.523
2006-05-17,6.523
2006-05-18,6.523
2006-05-19,6.523
2006-05-20,6.523
2006-05-21,6.523
2006-05-22,6.484
2006-05-23,6.484
2006-05-24,6.484
2006-05-25,6.484
2006-05-26,6.484
2006-05-27,6.484
2006-05-28,6.484
2006-05-29,6.817
2006-05-30,6.817
2006-05-31,6.817
2006-06-01,6.817
2006-06-02,6.817
2006-06-03,6.817
2006-06-04,6.817
2006-06-05,6.588
2006-06-06,6.588
2006-06-07,6.588
2006-06-08,6.588
2006-06-09,6.588
2006-06-10,6.588
2006-06-11,6.588
2006-06-12,6.629
2006-06-13,6.629
2006-06-14,6.629
2006-06-15,6.629
2006-06-16,6.629
2006-06-17,6.629
2006-06-18,6.629
2006-06-19,6.6
2006-06-20,6.6
2006-06-21,6.6
2006-06-22,6.6
2006-06-23,6.6
2006-06-24,6.6
2006-06-25,6.6
2006-06-26,6.63
2006-06-27,6.63
2006-06-28,6.63
2006-06-29,6.63
2006-06-30,6.63
2006-07-01,6.63
2006-07-02,6.63
2006-07-03,7.154
2006-07-04,7.154
2006-07-05,7.154
2006-07-06,7.154
2006-07-07,7.154
2006-07-08,7.154
2006-07-09,7.154
2006-07-10,7.433
2006-07-11,7.433
2006-07-12,7.433
2006-07-13,7.433
2006-07-14,7.433
2006-07-15,7.433
2006-07-16,7.433
2006-07-17,7.349
2006-07-18,7.349
2006-07-19,7.349
2006-07-20,7.349
2006-07-21,7.349
2006-07-22,7.349
2006-07-23,7.349
2006-07-24,6.883
2006-07-25,6.883
2006-07-26,6.883
2006-07-27,6.883
2006-07-28,6.883
2006-07-29,6.883
2006-07-30,6.883
2006-07-31,6.554
2006-08-01,6.554
2006-08-02,6.554
2006-08-03,6.554
2006-08-04,6.554
2006-08-05,6.554
2006-08-06,6.554
2006-08-07,6.142
2006-08-08,6.142
2006-08-09,6.142
2006-08-10,6.142
2006-08-11,6.142
2006-08-12,6.142
2006-08-13,6.142
2006-08-14,6.449
2006-08-15,6.449
2006-08-16,6.449
2006-08-17,6.449
2006-08-18,6.449
2006-08-19,6.449
2006-08-20,6.449
2006-08-21,6.586
2006-08-22,6.586
2006-08-23,6.586
2006-08-24,6.586
2006-08-25,6.586
2006-08-26,6.586
2006-08-27,6.586
2006-08-28,6.755
2006-08-29,6.755
2006-08-30,6.755
2006-08-31,6.755
2006-09-01,6.755
2006-09-02,6.755
2006-09-03,6.755
2006-09-04,6.275
2006-09-05,6.275
2006-09-06,6.275
2006-09-07,6.275
2006-09-08,6.275
2006-09-09,6.275
2006-09-10,6.275
2006-09-11,6.389
2006-09-12,6.389
2006-09-13,6.389
2006-09-14,6.389
2006-09-15,6.389
2006-09-16,6.389
2006-09-17,6.389
2006-09-18,6.475
2006-09-19,6.475
2006-09-20,6.475
2006-09-21,6.475
2006-09-22,6.475
2006-09-23,6.475
2006-09-24,6.475
2006-09-25,6.342
2006-09-26,6.342
2006-09-27,6.342
2006-09-28,6.342
2006-09-29,6.342
2006-09-30,6.342
2006-10-01,6.342
2006-10-02,6.572
2006-10-03,6.572
2006-10-04,6.572
2006-10-05,6.572
2006-10-06,6.572
2006-10-07,6.572
2006-10-08,6.572
2006-10-09,6.686
2006-10-10,6.686
2006-10-11,6.686
2006-10-12,6.686
2006-10-13,6.686
2006-10-14,6.686
2006-10-15,6.686
2006-10-16,6.841
2006-10-17,6.841
2006-10-18,6.841
2006-10-19,6.841
2006-10-20,6.841
2006-10-21,6.841
2006-10-22,6.841
2006-10-23,6.852
2006-10-24,6.852
2006-10-25,6.852
2006-10-26,6.852
2006-10-27,6.852
2006-10-28,6.852
2006-10-29,6.852
2006-10-30,6.726
2006-10-31,6.726
2006-11-01,6.726
2006-11-02,6.726
2006-11-03,6.726
2006-11-04,6.726
2006-11-05,6.726
2006-11-06,6.935
2006-11-07,6.935
2006-11-08,6.935
2006-11-09,6.935
2006-11-10,6.935
2006-11-11,6.935
2006-11-12,6.935
2006-11-13,7.254
2006-11-14,7.254
2006-11-15,7.254
2006-11-16,7.254
2006-11-17,7.254
2006-11-18,7.254
2006-11-19,7.254
2006-11-20,7.044
2006-11-21,7.044
2006-11-22,7.044
2006-11-23,7.044
2006-11-24,7.044
2006-11-25,7.044
2006-11-26,7.044
2006-11-27,7.248
2006-11-28,7.248
2006-11-29,7.248
2006-11-30,7.248
2006-12-01,7.248
2006-12-02,7.248
2006-12-03,7.248
2006-12-04,7.593
2006-12-05,7.593
2006-12-06,7.593
2006-12-07,7.593
2006-12-08,7.593
2006-12-09,7.593
2006-12-10,7.593
2006-12-11,7.909
2006-12-12,7.909
2006-12-13,7.909
2006-12-14,7.909
2006-12-15,7.909
2006-12-16,7.909
2006-12-17,7.909
2006-12-18,8.529
2006-12-19,8.529
2006-12-20,8.529
2006-12-21,8.529
2006-12-22,8.529
2006-12-23,8.529
2006-12-24,8.529
2007-01-01,8.807
2007-01-01,8.742
2007-01-02,8.807
2007-01-02,8.742
2007-01-03,8.742
2007-01-03,8.807
2007-01-04,8.742
2007-01-04,8.807
2007-01-05,8.742
2007-01-05,8.807
2007-01-06,8.742
2007-01-06,8.807
2007-01-07,8.807
2007-01-07,8.742
2007-01-08,8.477
2007-01-09,8.477
2007-01-10,8.477
2007-01-11,8.477
2007-01-12,8.477
2007-01-13,8.477
2007-01-14,8.477
2007-01-15,8.505
2007-01-16,8.505
2007-01-17,8.505
2007-01-18,8.505
2007-01-19,8.505
2007-01-20,8.505
2007-01-21,8.505
2007-01-22,9.021
2007-01-23,9.021
2007-01-24,9.021
2007-01-25,9.021
2007-01-26,9.021
2007-01-27,9.021
2007-01-28,9.021
2007-01-29,9.198
2007-01-30,9.198
2007-01-31,9.198
2007-02-01,9.198
2007-02-02,9.198
2007-02-03,9.198
2007-02-04,9.198
2007-02-05,8.466
2007-02-06,8.466
2007-02-07,8.466
2007-02-08,8.466
2007-02-09,8.466
2007-02-10,8.466
2007-02-11,8.466
2007-02-12,8.009
2007-02-13,8.009
2007-02-14,8.009
2007-02-15,8.009
2007-02-16,8.009
2007-02-17,8.009
2007-02-18,8.009
2007-02-19,8.016
2007-02-20,8.016
2007-02-21,8.016
2007-02-22,8.016
2007-02-23,8.016
2007-02-24,8.016
2007-02-25,8.016
2007-02-26,7.503
2007-02-27,7.503
2007-02-28,7.503
2007-03-01,7.503
2007-03-02,7.503
2007-03-03,7.503
2007-03-04,7.503
2007-03-05,7.396
2007-03-06,7.396
2007-03-07,7.396
2007-03-08,7.396
2007-03-09,7.396
2007-03-10,7.396
2007-03-11,7.396
2007-03-12,7.704
2007-03-13,7.704
2007-03-14,7.704
2007-03-15,7.704
2007-03-16,7.704
2007-03-17,7.704
2007-03-18,7.704
2007-03-19,7.756
2007-03-20,7.756
2007-03-21,7.756
2007-03-22,7.756
2007-03-23,7.756
2007-03-24,7.756
2007-03-25,7.756
2007-03-26,7.628
2007-03-27,7.628
2007-03-28,7.628
2007-03-29,7.628
2007-03-30,7.628
2007-03-31,7.628
2007-04-01,7.628
2007-04-02,7.568
2007-04-03,7.568
2007-04-04,7.568
2007-04-05,7.568
2007-04-06,7.568
2007-04-07,7.568
2007-04-08,7.568
2007-04-09,7.46
2007-04-10,7.46
2007-04-11,7.46
2007-04-12,7.46
2007-04-13,7.46
2007-04-14,7.46
2007-04-15,7.46
2007-04-16,7.029
2007-04-17,7.029
2007-04-18,7.029
2007-04-19,7.029
2007-04-20,7.029
2007-04-21,7.029
2007-04-22,7.029
2007-04-23,6.82
2007-04-24,6.82
2007-04-25,6.82
2007-04-26,6.82
2007-04-27,6.82
2007-04-28,6.82
2007-04-29,6.82
2007-04-30,7.162
2007-05-01,7.162
2007-05-02,7.162
2007-05-03,7.162
2007-05-04,7.162
2007-05-05,7.162
2007-05-06,7.162
2007-05-07,7.086
2007-05-08,7.086
2007-05-09,7.086
2007-05-10,7.086
2007-05-11,7.086
2007-05-12,7.086
2007-05-13,7.086
2007-05-14,6.711
2007-05-15,6.711
2007-05-16,6.711
2007-05-17,6.711
2007-05-18,6.711
2007-05-19,6.711
2007-05-20,6.711
2007-05-21,6.772
2007-05-22,6.772
2007-05-23,6.772
2007-05-24,6.772
2007-05-25,6.772
2007-05-26,6.772
2007-05-27,6.772
2007-05-28,6.844
2007-05-29,6.844
2007-05-30,6.844
2007-05-31,6.844
2007-06-01,6.844
2007-06-02,6.844
2007-06-03,6.844
2007-06-04,6.789
2007-06-05,6.789
2007-06-06,6.789
2007-06-07,6.789
2007-06-08,6.789
2007-06-09,6.789
2007-06-10,6.789
2007-06-11,6.717
2007-06-12,6.717
2007-06-13,6.717
2007-06-14,6.717
2007-06-15,6.717
2007-06-16,6.717
2007-06-17,6.717
2007-06-18,6.565
2007-06-19,6.565
2007-06-20,6.565
2007-06-21,6.565
2007-06-22,6.565
2007-06-23,6.565
2007-06-24,6.565
2007-06-25,6.723
2007-06-26,6.723
2007-06-27,6.723
2007-06-28,6.723
2007-06-29,6.723
2007-06-30,6.723
2007-07-01,6.723
2007-07-02,6.68
2007-07-03,6.68
2007-07-04,6.68
2007-07-05,6.68
2007-07-06,6.68
2007-07-07,6.68
2007-07-08,6.68
2007-07-09,6.623
2007-07-10,6.623
2007-07-11,6.623
2007-07-12,6.623
2007-07-13,6.623
2007-07-14,6.623
2007-07-15,6.623
2007-07-16,6.715
2007-07-17,6.715
2007-07-18,6.715
2007-07-19,6.715
2007-07-20,6.715
2007-07-21,6.715
2007-07-22,6.715
2007-07-23,7.268
2007-07-24,7.268
2007-07-25,7.268
2007-07-26,7.268
2007-07-27,7.268
2007-07-28,7.268
2007-07-29,7.268
2007-07-30,6.608
2007-07-31,6.608
2007-08-01,6.608
2007-08-02,6.608
2007-08-03,6.608
2007-08-04,6.608
2007-08-05,6.608
2007-08-06,6.418
2007-08-07,6.418
2007-08-08,6.418
2007-08-09,6.418
2007-08-10,6.418
2007-08-11,6.418
2007-08-12,6.418
2007-08-13,6.304
2007-08-14,6.304
2007-08-15,6.304
2007-08-16,6.304
2007-08-17,6.304
2007-08-18,6.304
2007-08-19,6.304
2007-08-20,6.492
2007-08-21,6.492
2007-08-22,6.492
2007-08-23,6.492
2007-08-24,6.492
2007-08-25,6.492
2007-08-26,6.492
2007-08-27,6.396
2007-08-28,6.396
2007-08-29,6.396
2007-08-30,6.396
2007-08-31,6.396
2007-09-01,6.396
2007-09-02,6.396
2007-09-03,6.557
2007-09-04,6.557
2007-09-05,6.557
2007-09-06,6.557
2007-09-07,6.557
2007-09-08,6.557
2007-09-09,6.557
2007-09-10,6.243
2007-09-11,6.243
2007-09-12,6.243
2007-09-13,6.243
2007-09-14,6.243
2007-09-15,6.243
2007-09-16,6.243
2007-09-17,6.46
2007-09-18,6.46
2007-09-19,6.46
2007-09-20,6.46
2007-09-21,6.46
2007-09-22,6.46
2007-09-23,6.46
2007-09-24,6.732
2007-09-25,6.732
2007-09-26,6.732
2007-09-27,6.732
2007-09-28,6.732
2007-09-29,6.732
2007-09-30,6.732
2007-10-01,6.612
2007-10-02,6.612
2007-10-03,6.612
2007-10-04,6.612
2007-10-05,6.612
2007-10-06,6.612
2007-10-07,6.612
2007-10-08,7.109
2007-10-09,7.109
2007-10-10,7.109
2007-10-11,7.109
2007-10-12,7.109
2007-10-13,7.109
2007-10-14,7.109
2007-10-15,6.995
2007-10-16,6.995
2007-10-17,6.995
2007-10-18,6.995
2007-10-19,6.995
2007-10-20,6.995
2007-10-21,6.995
2007-10-22,7.249
2007-10-23,7.249
2007-10-24,7.249
2007-10-25,7.249
2007-10-26,7.249
2007-10-27,7.249
2007-10-28,7.249
2007-10-29,7.42
2007-10-30,7.42
2007-10-31,7.42
2007-11-01,7.42
2007-11-02,7.42
2007-11-03,7.42
2007-11-04,7.42
2007-11-05,7.543
2007-11-06,7.543
2007-11-07,7.543
2007-11-08,7.543
2007-11-09,7.543
2007-11-10,7.543
2007-11-11,7.543
2007-11-12,7.837
2007-11-13,7.837
2007-11-14,7.837
2007-11-15,7.837
2007-11-16,7.837
2007-11-17,7.837
2007-11-18,7.837
2007-11-19,7.803
2007-11-20,7.803
2007-11-21,7.803
2007-11-22,7.803
2007-11-23,7.803
2007-11-24,7.803
2007-11-25,7.803
2007-11-26,7.934
2007-11-27,7.934
2007-11-28,7.934
2007-11-29,7.934
2007-11-30,7.934
2007-12-01,7.934
2007-12-02,7.934
2007-12-03,7.861
2007-12-04,7.861
2007-12-05,7.861
2007-12-06,7.861
2007-12-07,7.861
2007-12-08,7.861
2007-12-09,7.861
2007-12-10,8.473
2007-12-11,8.473
2007-12-12,8.473
2007-12-13,8.473
2007-12-14,8.473
2007-12-15,8.473
2007-12-16,8.473
2007-12-17,8.287
2007-12-18,8.287
2007-12-19,8.287
2007-12-20,8.287
2007-12-21,8.287
2007-12-22,8.287
2007-12-23,8.287
2007-12-31,9.001
2008-01-01,9.001
2008-01-02,9.001
2008-01-03,9.001
2008-01-04,9.001
2008-01-05,9.001
2008-01-06,9.001
2008-01-07,8.982
2008-01-08,8.982
2008-01-09,8.982
2008-01-10,8.982
2008-01-11,8.982
2008-01-12,8.982
2008-01-13,8.982
2008-01-14,8.69
2008-01-15,8.69
2008-01-16,8.69
2008-01-17,8.69
2008-01-18,8.69
2008-01-19,8.69
2008-01-20,8.69
2008-01-21,8.15
2008-01-22,8.15
2008-01-23,8.15
2008-01-24,8.15
2008-01-25,8.15
2008-01-26,8.15
2008-01-27,8.15
2008-01-28,8.095
2008-01-29,8.095
2008-01-30,8.095
2008-01-31,8.095
2008-02-01,8.095
2008-02-02,8.095
2008-02-03,8.095
2008-02-04,8.283
2008-02-05,8.283
2008-02-06,8.283
2008-02-07,8.283
2008-02-08,8.283
2008-02-09,8.283
2008-02-10,8.283
2008-02-11,8.347
2008-02-12,8.347
2008-02-13,8.347
2008-02-14,8.347
2008-02-15,8.347
2008-02-16,8.347
2008-02-17,8.347
2008-02-18,8.188
2008-02-19,8.188
2008-02-20,8.188
2008-02-21,8.188
2008-02-22,8.188
2008-02-23,8.188
2008-02-24,8.188
2008-02-25,8.19
2008-02-26,8.19
2008-02-27,8.19
2008-02-28,8.19
2008-02-29,8.19
2008-03-01,8.19
2008-03-02,8.19
2008-03-03,7.796
2008-03-04,7.796
2008-03-05,7.796
2008-03-06,7.796
2008-03-07,7.796
2008-03-08,7.796
2008-03-09,7.796
2008-03-10,7.908
2008-03-11,7.908
2008-03-12,7.908
2008-03-13,7.908
2008-03-14,7.908
2008-03-15,7.908
2008-03-16,7.908
2008-03-17,7.518
2008-03-18,7.518
2008-03-19,7.518
2008-03-20,7.518
2008-03-21,7.518
2008-03-22,7.518
2008-03-23,7.518
2008-03-24,7.731
2008-03-25,7.731
2008-03-26,7.731
2008-03-27,7.731
2008-03-28,7.731
2008-03-29,7.731
2008-03-30,7.731
2008-03-31,7.738
2008-04-01,7.738
2008-04-02,7.738
2008-04-03,7.738
2008-04-04,7.738
2008-04-05,7.738
2008-04-06,7.738
2008-04-07,7.496
2008-04-08,7.496
2008-04-09,7.496
2008-04-10,7.496
2008-04-11,7.496
2008-04-12,7.496
2008-04-13,7.496
2008-04-14,7.347
2008-04-15,7.347
2008-04-16,7.347
2008-04-17,7.347
2008-04-18,7.347
2008-04-19,7.347
2008-04-20,7.347
2008-04-21,7.322
2008-04-22,7.322
2008-04-23,7.322
2008-04-24,7.322
2008-04-25,7.322
2008-04-26,7.322
2008-04-27,7.322
2008-04-28,6.981
2008-04-29,6.981
2008-04-30,6.981
2008-05-01,6.981
2008-05-02,6.981
2008-05-03,6.981
2008-05-04,6.981
2008-05-05,7.075
2008-05-06,7.075
2008-05-07,7.075
2008-05-08,7.075
2008-05-09,7.075
2008-05-10,7.075
2008-05-11,7.075
2008-05-12,6.527
2008-05-13,6.527
2008-05-14,6.527
2008-05-15,6.527
2008-05-16,6.527
2008-05-17,6.527
2008-05-18,6.527
2008-05-19,6.775
2008-05-20,6.775
2008-05-21,6.775
2008-05-22,6.775
2008-05-23,6.775
2008-05-24,6.775
2008-05-25,6.775
2008-05-26,6.44
2008-05-27,6.44
2008-05-28,6.44
2008-05-29,6.44
2008-05-30,6.44
2008-05-31,6.44
2008-06-01,6.44
2008-06-02,6.556
2008-06-03,6.556
2008-06-04,6.556
2008-06-05,6.556
2008-06-06,6.556
2008-06-07,6.556
2008-06-08,6.556
2008-06-09,6.771
2008-06-10,6.771
2008-06-11,6.771
2008-06-12,6.771
2008-06-13,6.771
2008-06-14,6.771
2008-06-15,6.771
2008-06-16,7.015
2008-06-17,7.015
2008-06-18,7.015
2008-06-19,7.015
2008-06-20,7.015
2008-06-21,7.015
2008-06-22,7.015
2008-06-23,7.283
2008-06-24,7.283
2008-06-25,7.283
2008-06-26,7.283
2008-06-27,7.283
2008-06-28,7.283
2008-06-29,7.283
2008-06-30,7.127
2008-07-01,7.127
2008-07-02,7.127
2008-07-03,7.127
2008-07-04,7.127
2008-07-05,7.127
2008-07-06,7.127
2008-07-07,6.754
2008-07-08,6.754
2008-07-09,6.754
2008-07-10,6.754
2008-07-11,6.754
2008-07-12,6.754
2008-07-13,6.754
2008-07-14,6.645
2008-07-15,6.645
2008-07-16,6.645
2008-07-17,6.645
2008-07-18,6.645
2008-07-19,6.645
2008-07-20,6.645
2008-07-21,6.673
2008-07-22,6.673
2008-07-23,6.673
2008-07-24,6.673
2008-07-25,6.673
2008-07-26,6.673
2008-07-27,6.673
2008-07-28,6.953
2008-07-29,6.953
2008-07-30,6.953
2008-07-31,6.953
2008-08-01,6.953
2008-08-02,6.953
2008-08-03,6.953
2008-08-04,6.87
2008-08-05,6.87
2008-08-06,6.87
2008-08-07,6.87
2008-08-08,6.87
2008-08-09,6.87
2008-08-10,6.87
2008-08-11,6.764
2008-08-12,6.764
2008-08-13,6.764
2008-08-14,6.764
2008-08-15,6.764
2008-08-16,6.764
2008-08-17,6.764
2008-08-18,6.577
2008-08-19,6.577
2008-08-20,6.577
2008-08-21,6.577
2008-08-22,6.577
2008-08-23,6.577
2008-08-24,6.577
2008-08-25,6.379
2008-08-26,6.379
2008-08-27,6.379
2008-08-28,6.379
2008-08-29,6.379
2008-08-30,6.379
2008-08-31,6.379
2008-09-01,6.375
2008-09-02,6.375
2008-09-03,6.375
2008-09-04,6.375
2008-09-05,6.375
2008-09-06,6.375
2008-09-07,6.375
2008-09-08,6.289
2008-09-09,6.289
2008-09-10,6.289
2008-09-11,6.289
2008-09-12,6.289
2008-09-13,6.289
2008-09-14,6.289
2008-09-15,6.378
2008-09-16,6.378
2008-09-17,6.378
2008-09-18,6.378
2008-09-19,6.378
2008-09-20,6.378
2008-09-21,6.378
2008-09-22,6.161
2008-09-23,6.161
2008-09-24,6.161
2008-09-25,6.161
2008-09-26,6.161
2008-09-27,6.161
2008-09-28,6.161
2008-09-29,6.539
2008-09-30,6.539
2008-10-01,6.539
2008-10-02,6.539
2008-10-03,6.539
2008-10-04,6.539
2008-10-05,6.539
2008-10-06,7.096
2008-10-07,7.096
2008-10-08,7.096
2008-10-09,7.096
2008-10-10,7.096
2008-10-11,7.096
2008-10-12,7.096
2008-10-13,7.047
2008-10-14,7.047
2008-10-15,7.047
2008-10-16,7.047
2008-10-17,7.047
2008-10-18,7.047
2008-10-19,7.047
2008-10-20,6.846
2008-10-21,6.846
2008-10-22,6.846
2008-10-23,6.846
2008-10-24,6.846
2008-10-25,6.846
2008-10-26,6.846
2008-10-27,7.199
2008-10-28,7.199
2008-10-29,7.199
2008-10-30,7.199
2008-10-31,7.199
2008-11-01,7.199
2008-11-02,7.199
2008-11-03,7.054
2008-11-04,7.054
2008-11-05,7.054
2008-11-06,7.054
2008-11-07,7.054
2008-11-08,7.054
2008-11-09,7.054
2008-11-10,7.529
2008-11-11,7.529
2008-11-12,7.529
2008-11-13,7.529
2008-11-14,7.529
2008-11-15,7.529
2008-11-16,7.529
2008-11-17,7.403
2008-11-18,7.403
2008-11-19,7.403
2008-11-20,7.403
2008-11-21,7.403
2008-11-22,7.403
2008-11-23,7.403
2008-11-24,7.527
2008-11-25,7.527
2008-11-26,7.527
2008-11-27,7.527
2008-11-28,7.527
2008-11-29,7.527
2008-11-30,7.527
2008-12-01,8.102
2008-12-02,8.102
2008-12-03,8.102
2008-12-04,8.102
2008-12-05,8.102
2008-12-06,8.102
2008-12-07,8.102
2008-12-08,7.938
2008-12-09,7.938
2008-12-10,7.938
2008-12-11,7.938
2008-12-12,7.938
2008-12-13,7.938
2008-12-14,7.938
2008-12-15,8.205
2008-12-16,8.205
2008-12-17,8.205
2008-12-18,8.205
2008-12-19,8.205
2008-12-20,8.205
2008-12-21,8.205
2008-12-22,8.713
2008-12-23,8.713
2008-12-24,8.713
2008-12-25,8.713
2008-12-26,8.713
2008-12-27,8.713
2008-12-28,8.713
2008-12-29,9.494
2008-12-30,9.494
2008-12-31,9.494
2009-01-01,9.494
2009-01-02,9.494
2009-01-03,9.494
2009-01-04,9.494
2009-01-05,9.319
2009-01-06,9.319
2009-01-07,9.319
2009-01-08,9.319
2009-01-09,9.319
2009-01-10,9.319
2009-01-11,9.319
2009-01-12,9.868
2009-01-13,9.868
2009-01-14,9.868
2009-01-15,9.868
2009-01-16,9.868
2009-01-17,9.868
2009-01-18,9.868
2009-01-19,9.522
2009-01-20,9.522
2009-01-21,9.522
2009-01-22,9.522
2009-01-23,9.522
2009-01-24,9.522
2009-01-25,9.522
2009-01-26,8.868
2009-01-27,8.868
2009-01-28,8.868
2009-01-29,8.868
2009-01-30,8.868
2009-01-31,8.868
2009-02-01,8.868
2009-02-02,8.451
2009-02-03,8.451
2009-02-04,8.451
2009-02-05,8.451
2009-02-06,8.451
2009-02-07,8.451
2009-02-08,8.451
2009-02-09,8.046
2009-02-10,8.046
2009-02-11,8.046
2009-02-12,8.046
2009-02-13,8.046
2009-02-14,8.046
2009-02-15,8.046
2009-02-16,7.986
2009-02-17,7.986
2009-02-18,7.986
2009-02-19,7.986
2009-02-20,7.986
2009-02-21,7.986
2009-02-22,7.986
2009-02-23,7.844
2009-02-24,7.844
2009-02-25,7.844
2009-02-26,7.844
2009-02-27,7.844
2009-02-28,7.844
2009-03-01,7.844
2009-03-02,7.743
2009-03-03,7.743
2009-03-04,7.743
2009-03-05,7.743
2009-03-06,7.743
2009-03-07,7.743
2009-03-08,7.743
2009-03-09,7.652
2009-03-10,7.652
2009-03-11,7.652
2009-03-12,7.652
2009-03-13,7.652
2009-03-14,7.652
2009-03-15,7.652
2009-03-16,7.425
2009-03-17,7.425
2009-03-18,7.425
2009-03-19,7.425
2009-03-20,7.425
2009-03-21,7.425
2009-03-22,7.425
2009-03-23,7.337
2009-03-24,7.337
2009-03-25,7.337
2009-03-26,7.337
2009-03-27,7.337
2009-03-28,7.337
2009-03-29,7.337
2009-03-30,7.377
2009-03-31,7.377
2009-04-01,7.377
2009-04-02,7.377
2009-04-03,7.377
2009-04-04,7.377
2009-04-05,7.377
2009-04-06,7.285
2009-04-07,7.285
2009-04-08,7.285
2009-04-09,7.285
2009-04-10,7.285
2009-04-11,7.285
2009-04-12,7.285
2009-04-13,7.176
2009-04-14,7.176
2009-04-15,7.176
2009-04-16,7.176
2009-04-17,7.176
2009-04-18,7.176
2009-04-19,7.176
2009-04-20,7.286
2009-04-21,7.286
2009-04-22,7.286
2009-04-23,7.286
2009-04-24,7.286
2009-04-25,7.286
2009-04-26,7.286
2009-04-27,6.994
2009-04-28,6.994
2009-04-29,6.994
2009-04-30,6.994
2009-05-01,6.994
2009-05-02,6.994
2009-05-03,6.994
2009-05-04,7.31
2009-05-05,7.31
2009-05-06,7.31
2009-05-07,7.31
2009-05-08,7.31
2009-05-09,7.31
2009-05-10,7.31
2009-05-11,7.03
2009-05-12,7.03
2009-05-13,7.03
2009-05-14,7.03
2009-05-15,7.03
2009-05-16,7.03
2009-05-17,7.03
2009-05-18,7.053
2009-05-19,7.053
2009-05-20,7.053
2009-05-21,7.053
2009-05-22,7.053
2009-05-23,7.053
2009-05-24,7.053
2009-05-25,6.712
2009-05-26,6.712
2009-05-27,6.712
2009-05-28,6.712
2009-05-29,6.712
2009-05-30,6.712
2009-05-31,6.712
2009-06-01,6.759
2009-06-02,6.759
2009-06-03,6.759
2009-06-04,6.759
2009-06-05,6.759
2009-06-06,6.759
2009-06-07,6.759
2009-06-08,6.803
2009-06-09,6.803
2009-06-10,6.803
2009-06-11,6.803
2009-06-12,6.803
2009-06-13,6.803
2009-06-14,6.803
2009-06-15,7.016
2009-06-16,7.016
2009-06-17,7.016
2009-06-18,7.016
2009-06-19,7.016
2009-06-20,7.016
2009-06-21,7.016
2009-06-22,6.714
2009-06-23,6.714
2009-06-24,6.714
2009-06-25,6.714
2009-06-26,6.714
2009-06-27,6.714
2009-06-28,6.714
2009-06-29,7.041
2009-06-30,7.041
2009-07-01,7.041
2009-07-02,7.041
2009-07-03,7.041
2009-07-04,7.041
2009-07-05,7.041
2009-07-06,6.519
2009-07-07,6.519
2009-07-08,6.519
2009-07-09,6.519
2009-07-10,6.519
2009-07-11,6.519
2009-07-12,6.519
2009-07-13,6.588
2009-07-14,6.588
2009-07-15,6.588
2009-07-16,6.588
2009-07-17,6.588
2009-07-18,6.588
2009-07-19,6.588
2009-07-20,6.693
2009-07-21,6.693
2009-07-22,6.693
2009-07-23,6.693
2009-07-24,6.693
2009-07-25,6.693
2009-07-26,6.693
2009-07-27,6.759
2009-07-28,6.759
2009-07-29,6.759
2009-07-30,6.759
2009-07-31,6.759
2009-08-01,6.759
2009-08-02,6.759
2009-08-03,6.703
2009-08-04,6.703
2009-08-05,6.703
2009-08-06,6.703
2009-08-07,6.703
2009-08-08,6.703
2009-08-09,6.703
2009-08-10,6.679
2009-08-11,6.679
2009-08-12,6.679
2009-08-13,6.679
2009-08-14,6.679
2009-08-15,6.679
2009-08-16,6.679
2009-08-17,6.997
2009-08-18,6.997
2009-08-19,6.997
2009-08-20,6.997
2009-08-21,6.997
2009-08-22,6.997
2009-08-23,6.997
2009-08-24,6.786
2009-08-25,6.786
2009-08-26,6.786
2009-08-27,6.786
2009-08-28,6.786
2009-08-29,6.786
2009-08-30,6.786
2009-08-31,6.482
2009-09-01,6.482
2009-09-02,6.482
2009-09-03,6.482
2009-09-04,6.482
2009-09-05,6.482
2009-09-06,6.482
2009-09-07,6.315
2009-09-08,6.315
2009-09-09,6.315
2009-09-10,6.315
2009-09-11,6.315
2009-09-12,6.315
2009-09-13,6.315
2009-09-14,6.259
2009-09-15,6.259
2009-09-16,6.259
2009-09-17,6.259
2009-09-18,6.259
2009-09-19,6.259
2009-09-20,6.259
2009-09-21,6.539
2009-09-22,6.539
2009-09-23,6.539
2009-09-24,6.539
2009-09-25,6.539
2009-09-26,6.539
2009-09-27,6.539
2009-09-28,6.778
2009-09-29,6.778
2009-09-30,6.778
2009-10-01,6.778
2009-10-02,6.778
2009-10-03,6.778
2009-10-04,6.778
2009-10-05,6.908
2009-10-06,6.908
2009-10-07,6.908
2009-10-08,6.908
2009-10-09,6.908
2009-10-10,6.908
2009-10-11,6.908
2009-10-12,6.685
2009-10-13,6.685
2009-10-14,6.685
2009-10-15,6.685
2009-10-16,6.685
2009-10-17,6.685
2009-10-18,6.685
2009-10-19,7.042
2009-10-20,7.042
2009-10-21,7.042
2009-10-22,7.042
2009-10-23,7.042
2009-10-24,7.042
2009-10-25,7.042
2009-10-26,7.144
2009-10-27,7.144
2009-10-28,7.144
2009-10-29,7.144
2009-10-30,7.144
2009-10-31,7.144
2009-11-01,7.144
2009-11-02,6.918
2009-11-03,6.918
2009-11-04,6.918
2009-11-05,6.918
2009-11-06,6.918
2009-11-07,6.918
2009-11-08,6.918
2009-11-09,7.313
2009-11-10,7.313
2009-11-11,7.313
2009-11-12,7.313
2009-11-13,7.313
2009-11-14,7.313
2009-11-15,7.313
2009-11-16,7.365
2009-11-17,7.365
2009-11-18,7.365
2009-11-19,7.365
2009-11-20,7.365
2009-11-21,7.365
2009-11-22,7.365
2009-11-23,7.219
2009-11-24,7.219
2009-11-25,7.219
2009-11-26,7.219
2009-11-27,7.219
2009-11-28,7.219
2009-11-29,7.219
2009-11-30,7.509
2009-12-01,7.509
2009-12-02,7.509
2009-12-03,7.509
2009-12-04,7.509
2009-12-05,7.509
2009-12-06,7.509
2009-12-07,7.547
2009-12-08,7.547
2009-12-09,7.547
2009-12-10,7.547
2009-12-11,7.547
2009-12-12,7.547
2009-12-13,7.547
2009-12-14,7.969
2009-12-15,7.969
2009-12-16,7.969
2009-12-17,7.969
2009-12-18,7.969
2009-12-19,7.969
2009-12-20,7.969
2009-12-21,8.568
2009-12-22,8.568
2009-12-23,8.568
2009-12-24,8.568
2009-12-25,8.568
2009-12-26,8.568
2009-12-27,8.568
2009-12-28,8.345
2009-12-28,8.205
2009-12-29,8.205
2009-12-29,8.345
2009-12-30,8.205
2009-12-30,8.345
2009-12-31,8.205
2009-12-31,8.345
2010-01-01,8.205
2010-01-01,8.345
2010-01-02,8.205
2010-01-02,8.345
2010-01-03,8.345
2010-01-03,8.205
2010-01-04,8.64
2010-01-05,8.64
2010-01-06,8.64
2010-01-07,8.64
2010-01-08,8.64
2010-01-09,8.64
2010-01-10,8.64
2010-01-11,8.322
2010-01-12,8.322
2010-01-13,8.322
2010-01-14,8.322
2010-01-15,8.322
2010-01-16,8.322
2010-01-17,8.322
2010-01-18,8.063
2010-01-19,8.063
2010-01-20,8.063
2010-01-21,8.063
2010-01-22,8.063
2010-01-23,8.063
2010-01-24,8.063
2010-01-25,8.154
2010-01-26,8.154
2010-01-27,8.154
2010-01-28,8.154
2010-01-29,8.154
2010-01-30,8.154
2010-01-31,8.154
2010-02-01,7.954
2010-02-02,7.954
2010-02-03,7.954
2010-02-04,7.954
2010-02-05,7.954
2010-02-06,7.954
2010-02-07,7.954
2010-02-08,8.283
2010-02-09,8.283
2010-02-10,8.283
2010-02-11,8.283
2010-02-12,8.283
2010-02-13,8.283
2010-02-14,8.283
2010-02-15,8.059
2010-02-16,8.059
2010-02-17,8.059
2010-02-18,8.059
2010-02-19,8.059
2010-02-20,8.059
2010-02-21,8.059
2010-02-22,7.471
2010-02-23,7.471
2010-02-24,7.471
2010-02-25,7.471
2010-02-26,7.471
2010-02-27,7.471
2010-02-28,7.471
2010-03-01,7.498
2010-03-02,7.498
2010-03-03,7.498
2010-03-04,7.498
2010-03-05,7.498
2010-03-06,7.498
2010-03-07,7.498
2010-03-08,7.778
2010-03-09,7.778
2010-03-10,7.778
2010-03-11,7.778
2010-03-12,7.778
2010-03-13,7.778
2010-03-14,7.778
2010-03-15,7.568
2010-03-16,7.568
2010-03-17,7.568
2010-03-18,7.568
2010-03-19,7.568
2010-03-20,7.568
2010-03-21,7.568
2010-03-22,7.237
2010-03-23,7.237
2010-03-24,7.237
2010-03-25,7.237
2010-03-26,7.237
2010-03-27,7.237
2010-03-28,7.237
2010-03-29,7.299
2010-03-30,7.299
2010-03-31,7.299
2010-04-01,7.299
2010-04-02,7.299
2010-04-03,7.299
2010-04-04,7.299
2010-04-05,7.476
2010-04-06,7.476
2010-04-07,7.476
2010-04-08,7.476
2010-04-09,7.476
2010-04-10,7.476
2010-04-11,7.476
2010-04-12,7.156
2010-04-13,7.156
2010-04-14,7.156
2010-04-15,7.156
2010-04-16,7.156
2010-04-17,7.156
2010-04-18,7.156
2010-04-19,7.228
2010-04-20,7.228
2010-04-21,7.228
2010-04-22,7.228
2010-04-23,7.228
2010-04-24,7.228
2010-04-25,7.228
2010-04-26,6.815
2010-04-27,6.815
2010-04-28,6.815
2010-04-29,6.815
2010-04-30,6.815
2010-05-01,6.815
2010-05-02,6.815
2010-05-03,6.884
2010-05-04,6.884
2010-05-05,6.884
2010-05-06,6.884
2010-05-07,6.884
2010-05-08,6.884
2010-05-09,6.884
2010-05-10,7.272
2010-05-11,7.272
2010-05-12,7.272
2010-05-13,7.272
2010-05-14,7.272
2010-05-15,7.272
2010-05-16,7.272
2010-05-17,7.159
2010-05-18,7.159
2010-05-19,7.159
2010-05-20,7.159
2010-05-21,7.159
2010-05-22,7.159
2010-05-23,7.159
2010-05-24,7.162
2010-05-25,7.162
2010-05-26,7.162
2010-05-27,7.162
2010-05-28,7.162
2010-05-29,7.162
2010-05-30,7.162
2010-05-31,6.475
2010-06-01,6.475
2010-06-02,6.475
2010-06-03,6.475
2010-06-04,6.475
2010-06-05,6.475
2010-06-06,6.475
2010-06-07,6.496
2010-06-08,6.496
2010-06-09,6.496
2010-06-10,6.496
2010-06-11,6.496
2010-06-12,6.496
2010-06-13,6.496
2010-06-14,6.808
2010-06-15,6.808
2010-06-16,6.808
2010-06-17,6.808
2010-06-18,6.808
2010-06-19,6.808
2010-06-20,6.808
2010-06-21,7.22
2010-06-22,7.22
2010-06-23,7.22
2010-06-24,7.22
2010-06-25,7.22
2010-06-26,7.22
2010-06-27,7.22
2010-06-28,7.355
2010-06-29,7.355
2010-06-30,7.355
2010-07-01,7.355
2010-07-02,7.355
2010-07-03,7.355
2010-07-04,7.355
2010-07-05,7.298
2010-07-06,7.298
2010-07-07,7.298
2010-07-08,7.298
2010-07-09,7.298
2010-07-10,7.298
2010-07-11,7.298
2010-07-12,6.888
2010-07-13,6.888
2010-07-14,6.888
2010-07-15,6.888
2010-07-16,6.888
2010-07-17,6.888
2010-07-18,6.888
2010-07-19,6.648
2010-07-20,6.648
2010-07-21,6.648
2010-07-22,6.648
2010-07-23,6.648
2010-07-24,6.648
2010-07-25,6.648
2010-07-26,6.651
2010-07-27,6.651
2010-07-28,6.651
2010-07-29,6.651
2010-07-30,6.651
2010-07-31,6.651
2010-08-01,6.651
2010-08-02,6.752
2010-08-03,6.752
2010-08-04,6.752
2010-08-05,6.752
2010-08-06,6.752
2010-08-07,6.752
2010-08-08,6.752
2010-08-09,6.545
2010-08-10,6.545
2010-08-11,6.545
2010-08-12,6.545
2010-08-13,6.545
2010-08-14,6.545
2010-08-15,6.545
2010-08-16,6.822
2010-08-17,6.822
2010-08-18,6.822
2010-08-19,6.822
2010-08-20,6.822
2010-08-21,6.822
2010-08-22,6.822
2010-08-23,6.557
2010-08-24,6.557
2010-08-25,6.557
2010-08-26,6.557
2010-08-27,6.557
2010-08-28,6.557
2010-08-29,6.557
2010-08-30,6.41
2010-08-31,6.41
2010-09-01,6.41
2010-09-02,6.41
2010-09-03,6.41
2010-09-04,6.41
2010-09-05,6.41
2010-09-06,6.329
2010-09-07,6.329
2010-09-08,6.329
2010-09-09,6.329
2010-09-10,6.329
2010-09-11,6.329
2010-09-12,6.329
2010-09-13,6.486
2010-09-14,6.486
2010-09-15,6.486
2010-09-16,6.486
2010-09-17,6.486
2010-09-18,6.486
2010-09-19,6.486
2010-09-20,6.655
2010-09-21,6.655
2010-09-22,6.655
2010-09-23,6.655
2010-09-24,6.655
2010-09-25,6.655
2010-09-26,6.655
2010-09-27,6.942
2010-09-28,6.942
2010-09-29,6.942
2010-09-30,6.942
2010-10-01,6.942
2010-10-02,6.942
2010-10-03,6.942
2010-10-04,6.682
2010-10-05,6.682
2010-10-06,6.682
2010-10-07,6.682
2010-10-08,6.682
2010-10-09,6.682
2010-10-10,6.682
2010-10-11,7.074
2010-10-12,7.074
2010-10-13,7.074
2010-10-14,7.074
2010-10-15,7.074
2010-10-16,7.074
2010-10-17,7.074
2010-10-18,7.305
2010-10-19,7.305
2010-10-20,7.305
2010-10-21,7.305
2010-10-22,7.305
2010-10-23,7.305
2010-10-24,7.305
2010-10-25,7.292
2010-10-26,7.292
2010-10-27,7.292
2010-10-28,7.292
2010-10-29,7.292
2010-10-30,7.292
2010-10-31,7.292
2010-11-01,7.299
2010-11-02,7.299
2010-11-03,7.299
2010-11-04,7.299
2010-11-05,7.299
2010-11-06,7.299
2010-11-07,7.299
2010-11-08,7.354
2010-11-09,7.354
2010-11-10,7.354
2010-11-11,7.354
2010-11-12,7.354
2010-11-13,7.354
2010-11-14,7.354
2010-11-15,7.531
2010-11-16,7.531
2010-11-17,7.531
2010-11-18,7.531
2010-11-19,7.531
2010-11-20,7.531
2010-11-21,7.531
2010-11-22,7.752
2010-11-23,7.752
2010-11-24,7.752
2010-11-25,7.752
2010-11-26,7.752
2010-11-27,7.752
2010-11-28,7.752
2010-11-29,7.782
2010-11-30,7.782
2010-12-01,7.782
2010-12-02,7.782
2010-12-03,7.782
2010-12-04,7.782
2010-12-05,7.782
2010-12-06,7.681
2010-12-07,7.681
2010-12-08,7.681
2010-12-09,7.681
2010-12-10,7.681
2010-12-11,7.681
2010-12-12,7.681
2010-12-13,7.917
2010-12-14,7.917
2010-12-15,7.917
2010-12-16,7.917
2010-12-17,7.917
2010-12-18,7.917
2010-12-19,7.917
2010-12-20,8.499
2010-12-21,8.499
2010-12-22,8.499
2010-12-23,8.499
2010-12-24,8.499
2010-12-25,8.499
2010-12-26,8.499
2010-12-27,8.886
2010-12-28,8.886
2010-12-29,8.886
2010-12-30,8.886
2010-12-31,8.886
2011-01-01,8.886
2011-01-02,8.886
2011-01-03,8.44
2011-01-04,8.44
2011-01-05,8.44
2011-01-06,8.44
2011-01-07,8.44
2011-01-08,8.44
2011-01-09,8.44
2011-01-10,8.419
2011-01-11,8.419
2011-01-12,8.419
2011-01-13,8.419
2011-01-14,8.419
2011-01-15,8.419
2011-01-16,8.419
2011-01-17,8.699
2011-01-18,8.699
2011-01-19,8.699
2011-01-20,8.699
2011-01-21,8.699
2011-01-22,8.699
2011-01-23,8.699
2011-01-24,8.657
2011-01-25,8.657
2011-01-26,8.657
2011-01-27,8.657
2011-01-28,8.657
2011-01-29,8.657
2011-01-30,8.657
2011-01-31,8.684
2011-02-01,8.684
2011-02-02,8.684
2011-02-03,8.684
2011-02-04,8.684
2011-02-05,8.684
2011-02-06,8.684
2011-02-07,8.496
2011-02-08,8.496
2011-02-09,8.496
2011-02-10,8.496
2011-02-11,8.496
2011-02-12,8.496
2011-02-13,8.496
2011-02-14,8.135
2011-02-15,8.135
2011-02-16,8.135
2011-02-17,8.135
2011-02-18,8.135
2011-02-19,8.135
2011-02-20,8.135
2011-02-21,7.822
2011-02-22,7.822
2011-02-23,7.822
2011-02-24,7.822
2011-02-25,7.822
2011-02-26,7.822
2011-02-27,7.822
2011-02-28,7.97
2011-03-01,7.97
2011-03-02,7.97
2011-03-03,7.97
2011-03-04,7.97
2011-03-05,7.97
2011-03-06,7.97
2011-03-07,7.851
2011-03-08,7.851
2011-03-09,7.851
2011-03-10,7.851
2011-03-11,7.851
2011-03-12,7.851
2011-03-13,7.851
2011-03-14,7.529
2011-03-15,7.529
2011-03-16,7.529
2011-03-17,7.529
2011-03-18,7.529
2011-03-19,7.529
2011-03-20,7.529
2011-03-21,7.625
2011-03-22,7.625
2011-03-23,7.625
2011-03-24,7.625
2011-03-25,7.625
2011-03-26,7.625
2011-03-27,7.625
2011-03-28,7.545
2011-03-29,7.545
2011-03-30,7.545
2011-03-31,7.545
2011-04-01,7.545
2011-04-02,7.545
2011-04-03,7.545
2011-04-04,7.071
2011-04-05,7.071
2011-04-06,7.071
2011-04-07,7.071
2011-04-08,7.071
2011-04-09,7.071
2011-04-10,7.071
2011-04-11,6.915
2011-04-12,6.915
2011-04-13,6.915
2011-04-14,6.915
2011-04-15,6.915
2011-04-16,6.915
2011-04-17,6.915
2011-04-18,7.09
2011-04-19,7.09
2011-04-20,7.09
2011-04-21,7.09
2011-04-22,7.09
2011-04-23,7.09
2011-04-24,7.09
2011-04-25,6.941
2011-04-26,6.941
2011-04-27,6.941
2011-04-28,6.941
2011-04-29,6.941
2011-04-30,6.941
2011-05-01,6.941
2011-05-02,6.988
2011-05-03,6.988
2011-05-04,6.988
2011-05-05,6.988
2011-05-06,6.988
2011-05-07,6.988
2011-05-08,6.988
2011-05-09,6.855
2011-05-10,6.855
2011-05-11,6.855
2011-05-12,6.855
2011-05-13,6.855
2011-05-14,6.855
2011-05-15,6.855
2011-05-16,7.218
2011-05-17,7.218
2011-05-18,7.218
2011-05-19,7.218
2011-05-20,7.218
2011-05-21,7.218
2011-05-22,7.218
2011-05-23,6.743
2011-05-24,6.743
2011-05-25,6.743
2011-05-26,6.743
2011-05-27,6.743
2011-05-28,6.743
2011-05-29,6.743
2011-05-30,6.69
2011-05-31,6.69
2011-06-01,6.69
2011-06-02,6.69
2011-06-03,6.69
2011-06-04,6.69
2011-06-05,6.69
2011-06-06,6.851
2011-06-07,6.851
2011-06-08,6.851
2011-06-09,6.851
2011-06-10,6.851
2011-06-11,6.851
2011-06-12,6.851
2011-06-13,7.03
2011-06-14,7.03
2011-06-15,7.03
2011-06-16,7.03
2011-06-17,7.03
2011-06-18,7.03
2011-06-19,7.03
2011-06-20,7.393
2011-06-21,7.393
2011-06-22,7.393
2011-06-23,7.393
2011-06-24,7.393
2011-06-25,7.393
2011-06-26,7.393
2011-06-27,6.873
2011-06-28,6.873
2011-06-29,6.873
2011-06-30,6.873
2011-07-01,6.873
2011-07-02,6.873
2011-07-03,6.873
2011-07-04,6.827
2011-07-05,6.827
2011-07-06,6.827
2011-07-07,6.827
2011-07-08,6.827
2011-07-09,6.827
2011-07-10,6.827
2011-07-11,6.618
2011-07-12,6.618
2011-07-13,6.618
2011-07-14,6.618
2011-07-15,6.618
2011-07-16,6.618
2011-07-17,6.618
2011-07-18,6.698
2011-07-19,6.698
2011-07-20,6.698
2011-07-21,6.698
2011-07-22,6.698
2011-07-23,6.698
2011-07-24,6.698
2011-07-25,6.892
2011-07-26,6.892
2011-07-27,6.892
2011-07-28,6.892
2011-07-29,6.892
2011-07-30,6.892
2011-07-31,6.892
2011-08-01,6.821
2011-08-02,6.821
2011-08-03,6.821
2011-08-04,6.821
2011-08-05,6.821
2011-08-06,6.821
2011-08-07,6.821
2011-08-08,7.051
2011-08-09,7.051
2011-08-10,7.051
2011-08-11,7.051
2011-08-12,7.051
2011-08-13,7.051
2011-08-14,7.051
2011-08-15,6.887
2011-08-16,6.887
2011-08-17,6.887
2011-08-18,6.887
2011-08-19,6.887
2011-08-20,6.887
2011-08-21,6.887
2011-08-22,6.635
2011-08-23,6.635
2011-08-24,6.635
2011-08-25,6.635
2011-08-26,6.635
2011-08-27,6.635
2011-08-28,6.635
2011-08-29,6.605
2011-08-30,6.605
2011-08-31,6.605
2011-09-01,6.605
2011-09-02,6.605
2011-09-03,6.605
2011-09-04,6.605
2011-09-05,6.69
2011-09-06,6.69
2011-09-07,6.69
2011-09-08,6.69
2011-09-09,6.69
2011-09-10,6.69
2011-09-11,6.69
2011-09-12,6.371
2011-09-13,6.371
2011-09-14,6.371
2011-09-15,6.371
2011-09-16,6.371
2011-09-17,6.371
2011-09-18,6.371
2011-09-19,6.756
2011-09-20,6.756
2011-09-21,6.756
2011-09-22,6.756
2011-09-23,6.756
2011-09-24,6.756
2011-09-25,6.756
2011-09-26,6.9
2011-09-27,6.9
2011-09-28,6.9
2011-09-29,6.9
2011-09-30,6.9
2011-10-01,6.9
2011-10-02,6.9
2011-10-03,7.089
2011-10-04,7.089
2011-10-05,7.089
2011-10-06,7.089
2011-10-07,7.089
2011-10-08,7.089
2011-10-09,7.089
2011-10-10,7.141
2011-10-11,7.141
2011-10-12,7.141
2011-10-13,7.141
2011-10-14,7.141
2011-10-15,7.141
2011-10-16,7.141
2011-10-17,7.308
2011-10-18,7.308
2011-10-19,7.308
2011-10-20,7.308
2011-10-21,7.308
2011-10-22,7.308
2011-10-23,7.308
2011-10-24,7.434
2011-10-25,7.434
2011-10-26,7.434
2011-10-27,7.434
2011-10-28,7.434
2011-10-29,7.434
2011-10-30,7.434
2011-10-31,7.408
2011-11-01,7.408
2011-11-02,7.408
2011-11-03,7.408
2011-11-04,7.408
2011-11-05,7.408
2011-11-06,7.408
2011-11-07,7.407
2011-11-08,7.407
2011-11-09,7.407
2011-11-10,7.407
2011-11-11,7.407
2011-11-12,7.407
2011-11-13,7.407
2011-11-14,7.32
2011-11-15,7.32
2011-11-16,7.32
2011-11-17,7.32
2011-11-18,7.32
2011-11-19,7.32
2011-11-20,7.32
2011-11-21,7.654
2011-11-22,7.654
2011-11-23,7.654
2011-11-24,7.654
2011-11-25,7.654
2011-11-26,7.654
2011-11-27,7.654
2011-11-28,7.816
2011-11-29,7.816
2011-11-30,7.816
2011-12-01,7.816
2011-12-02,7.816
2011-12-03,7.816
2011-12-04,7.816
2011-12-05,8.006
2011-12-06,8.006
2011-12-07,8.006
2011-12-08,8.006
2011-12-09,8.006
2011-12-10,8.006
2011-12-11,8.006
2011-12-12,8.38
2011-12-13,8.38
2011-12-14,8.38
2011-12-15,8.38
2011-12-16,8.38
2011-12-17,8.38
2011-12-18,8.38
2011-12-19,8.724
2011-12-20,8.724
2011-12-21,8.724
2011-12-22,8.724
2011-12-23,8.724
2011-12-24,8.724
2011-12-25,8.724
2011-12-26,8.698
2011-12-27,8.698
2011-12-28,8.698
2011-12-29,8.698
2011-12-30,8.698
2011-12-31,8.698
2012-01-01,8.698
2012-01-02,9.131
2012-01-03,9.131
2012-01-04,9.131
2012-01-05,9.131
2012-01-06,9.131
2012-01-07,9.131
2012-01-08,9.131
2012-01-09,9.241
2012-01-10,9.241
2012-01-11,9.241
2012-01-12,9.241
2012-01-13,9.241
2012-01-14,9.241
2012-01-15,9.241
2012-01-16,8.936
2012-01-17,8.936
2012-01-18,8.936
2012-01-19,8.936
2012-01-20,8.936
2012-01-21,8.936
2012-01-22,8.936
2012-01-23,9.256
2012-01-24,9.256
2012-01-25,9.256
2012-01-26,9.256
2012-01-27,9.256
2012-01-28,9.256
2012-01-29,9.256
2012-01-30,10.064
2012-01-31,10.064
2012-02-01,10.064
2012-02-02,10.064
2012-02-03,10.064
2012-02-04,10.064
2012-02-05,10.064
2012-02-06,11.103
2012-02-07,11.103
2012-02-08,11.103
2012-02-09,11.103
2012-02-10,11.103
2012-02-11,11.103
2012-02-12,11.103
2012-02-13,10.993
2012-02-14,10.993
2012-02-15,10.993
2012-02-16,10.993
2012-02-17,10.993
2012-02-18,10.993
2012-02-19,10.993
2012-02-20,10.535
2012-02-21,10.535
2012-02-22,10.535
2012-02-23,10.535
2012-02-24,10.535
2012-02-25,10.535
2012-02-26,10.535
2012-02-27,9.309
2012-02-28,9.309
2012-02-29,9.309
2012-03-01,9.309
2012-03-02,9.309
2012-03-03,9.309
2012-03-04,9.309
2012-03-05,8.907
2012-03-06,8.907
2012-03-07,8.907
2012-03-08,8.907
2012-03-09,8.907
2012-03-10,8.907
2012-03-11,8.907
2012-03-12,8.088
2012-03-13,8.088
2012-03-14,8.088
2012-03-15,8.088
2012-03-16,8.088
2012-03-17,8.088
2012-03-18,8.088
2012-03-19,8.135
2012-03-20,8.135
2012-03-21,8.135
2012-03-22,8.135
2012-03-23,8.135
2012-03-24,8.135
2012-03-25,8.135
2012-03-26,7.759
2012-03-27,7.759
2012-03-28,7.759
2012-03-29,7.759
2012-03-30,7.759
2012-03-31,7.759
2012-04-01,7.759
2012-04-02,7.626
2012-04-03,7.626
2012-04-04,7.626
2012-04-05,7.626
2012-04-06,7.626
2012-04-07,7.626
2012-04-08,7.626
2012-04-09,7.683
2012-04-10,7.683
2012-04-11,7.683
2012-04-12,7.683
2012-04-13,7.683
2012-04-14,7.683
2012-04-15,7.683
2012-04-16,7.551
2012-04-17,7.551
2012-04-18,7.551
2012-04-19,7.551
2012-04-20,7.551
2012-04-21,7.551
2012-04-22,7.551
2012-04-23,7.394
2012-04-24,7.394
2012-04-25,7.394
2012-04-26,7.394
2012-04-27,7.394
2012-04-28,7.394
2012-04-29,7.394
2012-04-30,7.625
2012-05-01,7.625
2012-05-02,7.625
2012-05-03,7.625
2012-05-04,7.625
2012-05-05,7.625
2012-05-06,7.625
2012-05-07,7.235
2012-05-08,7.235
2012-05-09,7.235
2012-05-10,7.235
2012-05-11,7.235
2012-05-12,7.235
2012-05-13,7.235
2012-05-14,6.972
2012-05-15,6.972
2012-05-16,6.972
2012-05-17,6.972
2012-05-18,6.972
2012-05-19,6.972
2012-05-20,6.972
2012-05-21,7.01
2012-05-22,7.01
2012-05-23,7.01
2012-05-24,7.01
2012-05-25,7.01
2012-05-26,7.01
2012-05-27,7.01
2012-05-28,6.771
2012-05-29,6.771
2012-05-30,6.771
2012-05-31,6.771
2012-06-01,6.771
2012-06-02,6.771
2012-06-03,6.771
2012-06-04,6.499
2012-06-05,6.499
2012-06-06,6.499
2012-06-07,6.499
2012-06-08,6.499
2012-06-09,6.499
2012-06-10,6.499
2012-06-11,6.589
2012-06-12,6.589
2012-06-13,6.589
2012-06-14,6.589
2012-06-15,6.589
2012-06-16,6.589
2012-06-17,6.589
2012-06-18,7.267
2012-06-19,7.267
2012-06-20,7.267
2012-06-21,7.267
2012-06-22,7.267
2012-06-23,7.267
2012-06-24,7.267
2012-06-25,6.451
2012-06-26,6.451
2012-06-27,6.451
2012-06-28,6.451
2012-06-29,6.451
2012-06-30,6.451
2012-07-01,6.451
2012-07-02,6.675
2012-07-03,6.675
2012-07-04,6.675
2012-07-05,6.675
2012-07-06,6.675
2012-07-07,6.675
2012-07-08,6.675
2012-07-09,6.612
2012-07-10,6.612
2012-07-11,6.612
2012-07-12,6.612
2012-07-13,6.612
2012-07-14,6.612
2012-07-15,6.612
2012-07-16,6.844
2012-07-17,6.844
2012-07-18,6.844
2012-07-19,6.844
2012-07-20,6.844
2012-07-21,6.844
2012-07-22,6.844
2012-07-23,6.742
2012-07-24,6.742
2012-07-25,6.742
2012-07-26,6.742
2012-07-27,6.742
2012-07-28,6.742
2012-07-29,6.742
2012-07-30,6.959
2012-07-31,6.959
2012-08-01,6.959
2012-08-02,6.959
2012-08-03,6.959
2012-08-04,6.959
2012-08-05,6.959
2012-08-06,6.842
2012-08-07,6.842
2012-08-08,6.842
2012-08-09,6.842
2012-08-10,6.842
2012-08-11,6.842
2012-08-12,6.842
2012-08-13,7.157
2012-08-14,7.157
2012-08-15,7.157
2012-08-16,7.157
2012-08-17,7.157
2012-08-18,7.157
2012-08-19,7.157
2012-08-20,6.536
2012-08-21,6.536
2012-08-22,6.536
2012-08-23,6.536
2012-08-24,6.536
2012-08-25,6.536
2012-08-26,6.536
2012-08-27,6.652
2012-08-28,6.652
2012-08-29,6.652
2012-08-30,6.652
2012-08-31,6.652
2012-09-01,6.652
2012-09-02,6.652
2012-09-03,6.524
2012-09-04,6.524
2012-09-05,6.524
2012-09-06,6.524
2012-09-07,6.524
2012-09-08,6.524
2012-09-09,6.524
2012-09-10,6.644
2012-09-11,6.644
2012-09-12,6.644
2012-09-13,6.644
2012-09-14,6.644
2012-09-15,6.644
2012-09-16,6.644
2012-09-17,6.268
2012-09-18,6.268
2012-09-19,6.268
2012-09-20,6.268
2012-09-21,6.268
2012-09-22,6.268
2012-09-23,6.268
2012-09-24,6.662
2012-09-25,6.662
2012-09-26,6.662
2012-09-27,6.662
2012-09-28,6.662
2012-09-29,6.662
2012-09-30,6.662
2012-10-01,6.845
2012-10-02,6.845
2012-10-03,6.845
2012-10-04,6.845
2012-10-05,6.845
2012-10-06,6.845
2012-10-07,6.845
2012-10-08,6.867
2012-10-09,6.867
2012-10-10,6.867
2012-10-11,6.867
2012-10-12,6.867
2012-10-13,6.867
2012-10-14,6.867
2012-10-15,6.696
2012-10-16,6.696
2012-10-17,6.696
2012-10-18,6.696
2012-10-19,6.696
2012-10-20,6.696
2012-10-21,6.696
2012-10-22,7.35
2012-10-23,7.35
2012-10-24,7.35
2012-10-25,7.35
2012-10-26,7.35
2012-10-27,7.35
2012-10-28,7.35
2012-10-29,7.366
2012-10-30,7.366
2012-10-31,7.366
2012-11-01,7.366
2012-11-02,7.366
2012-11-03,7.366
2012-11-04,7.366
2012-11-05,7.422
2012-11-06,7.422
2012-11-07,7.422
2012-11-08,7.422
2012-11-09,7.422
2012-11-10,7.422
2012-11-11,7.422
2012-11-12,7.308
2012-11-13,7.308
2012-11-14,7.308
2012-11-15,7.308
2012-11-16,7.308
2012-11-17,7.308
2012-11-18,7.308
2012-11-19,7.333
2012-11-20,7.333
2012-11-21,7.333
2012-11-22,7.333
2012-11-23,7.333
2012-11-24,7.333
2012-11-25,7.333
2012-11-26,7.747
2012-11-27,7.747
2012-11-28,7.747
2012-11-29,7.747
2012-11-30,7.747
2012-12-01,7.747
2012-12-02,7.747
2012-12-03,8.137
2012-12-04,8.137
2012-12-05,8.137
2012-12-06,8.137
2012-12-07,8.137
2012-12-08,8.137
2012-12-09,8.137
2012-12-10,7.866
2012-12-11,7.866
2012-12-12,7.866
2012-12-13,7.866
2012-12-14,7.866
2012-12-15,7.866
2012-12-16,7.866
2012-12-17,7.857
2012-12-18,7.857
2012-12-19,7.857
2012-12-20,7.857
2012-12-21,7.857
2012-12-22,7.857
2012-12-23,7.857
2012-12-31,7.914
2013-01-01,7.914
2013-01-02,7.914
2013-01-03,7.914
2013-01-04,7.914
2013-01-05,7.914
2013-01-06,7.914
2013-01-07,8.422
2013-01-08,8.422
2013-01-09,8.422
2013-01-10,8.422
2013-01-11,8.422
2013-01-12,8.422
2013-01-13,8.422
2013-01-14,8.562
2013-01-15,8.562
2013-01-16,8.562
2013-01-17,8.562
2013-01-18,8.562
2013-01-19,8.562
2013-01-20,8.562
2013-01-21,8.328
2013-01-22,8.328
2013-01-23,8.328
2013-01-24,8.328
2013-01-25,8.328
2013-01-26,8.328
2013-01-27,8.328
2013-01-28,8.359
2013-01-29,8.359
2013-01-30,8.359
2013-01-31,8.359
2013-02-01,8.359
2013-02-02,8.359
2013-02-03,8.359
2013-02-04,8.32
2013-02-05,8.32
2013-02-06,8.32
2013-02-07,8.32
2013-02-08,8.32
2013-02-09,8.32
2013-02-10,8.32
2013-02-11,8.609
2013-02-12,8.609
2013-02-13,8.609
2013-02-14,8.609
2013-02-15,8.609
2013-02-16,8.609
2013-02-17,8.609
2013-02-18,8.508
2013-02-19,8.508
2013-02-20,8.508
2013-02-21,8.508
2013-02-22,8.508
2013-02-23,8.508
2013-02-24,8.508
2013-02-25,8.472
2013-02-26,8.472
2013-02-27,8.472
2013-02-28,8.472
2013-03-01,8.472
2013-03-02,8.472
2013-03-03,8.472
2013-03-04,8.739
2013-03-05,8.739
2013-03-06,8.739
2013-03-07,8.739
2013-03-08,8.739
2013-03-09,8.739
2013-03-10,8.739
2013-03-11,7.947
2013-03-12,7.947
2013-03-13,7.947
2013-03-14,7.947
2013-03-15,7.947
2013-03-16,7.947
2013-03-17,7.947
2013-03-18,8.131
2013-03-19,8.131
2013-03-20,8.131
2013-03-21,8.131
2013-03-22,8.131
2013-03-23,8.131
2013-03-24,8.131
2013-03-25,7.703
2013-03-26,7.703
2013-03-27,7.703
2013-03-28,7.703
2013-03-29,7.703
2013-03-30,7.703
2013-03-31,7.703
2013-04-01,7.561
2013-04-02,7.561
2013-04-03,7.561
2013-04-04,7.561
2013-04-05,7.561
2013-04-06,7.561
2013-04-07,7.561
2013-04-08,7.551
2013-04-09,7.551
2013-04-10,7.551
2013-04-11,7.551
2013-04-12,7.551
2013-04-13,7.551
2013-04-14,7.551
2013-04-15,7.253
2013-04-16,7.253
2013-04-17,7.253
2013-04-18,7.253
2013-04-19,7.253
2013-04-20,7.253
2013-04-21,7.253
2013-04-22,7.02
2013-04-23,7.02
2013-04-24,7.02
2013-04-25,7.02
2013-04-26,7.02
2013-04-27,7.02
2013-04-28,7.02
2013-04-29,7.054
2013-04-30,7.054
2013-05-01,7.054
2013-05-02,7.054
2013-05-03,7.054
2013-05-04,7.054
2013-05-05,7.054
2013-05-06,7.166
2013-05-07,7.166
2013-05-08,7.166
2013-05-09,7.166
2013-05-10,7.166
2013-05-11,7.166
2013-05-12,7.166
2013-05-13,7.032
2013-05-14,7.032
2013-05-15,7.032
2013-05-16,7.032
2013-05-17,7.032
2013-05-18,7.032
2013-05-19,7.032
2013-05-20,6.94
2013-05-21,6.94
2013-05-22,6.94
2013-05-23,6.94
2013-05-24,6.94
2013-05-25,6.94
2013-05-26,6.94
2013-05-27,6.988
2013-05-28,6.988
2013-05-29,6.988
2013-05-30,6.988
2013-05-31,6.988
2013-06-01,6.988
2013-06-02,6.988
2013-06-03,7.173
2013-06-04,7.173
2013-06-05,7.173
2013-06-06,7.173
2013-06-07,7.173
2013-06-08,7.173
2013-06-09,7.173
2013-06-10,7.314
2013-06-11,7.314
2013-06-12,7.314
2013-06-13,7.314
2013-06-14,7.314
2013-06-15,7.314
2013-06-16,7.314
2013-06-17,6.67
2013-06-18,6.67
2013-06-19,6.67
2013-06-20,6.67
2013-06-21,6.67
2013-06-22,6.67
2013-06-23,6.67
2013-06-24,6.916
2013-06-25,6.916
2013-06-26,6.916
2013-06-27,6.916
2013-06-28,6.916
2013-06-29,6.916
2013-06-30,6.916
2013-07-01,7.301
2013-07-02,7.301
2013-07-03,7.301
2013-07-04,7.301
2013-07-05,7.301
2013-07-06,7.301
2013-07-07,7.301
2013-07-08,7.807
2013-07-09,7.807
2013-07-10,7.807
2013-07-11,7.807
2013-07-12,7.807
2013-07-13,7.807
2013-07-14,7.807
2013-07-15,7.063
2013-07-16,7.063
2013-07-17,7.063
2013-07-18,7.063
2013-07-19,7.063
2013-07-20,7.063
2013-07-21,7.063
2013-07-22,6.904
2013-07-23,6.904
2013-07-24,6.904
2013-07-25,6.904
2013-07-26,6.904
2013-07-27,6.904
2013-07-28,6.904
2013-07-29,6.795
2013-07-30,6.795
2013-07-31,6.795
2013-08-01,6.795
2013-08-02,6.795
2013-08-03,6.795
2013-08-04,6.795
2013-08-05,6.734
2013-08-06,6.734
2013-08-07,6.734
2013-08-08,6.734
2013-08-09,6.734
2013-08-10,6.734
2013-08-11,6.734
2013-08-12,6.771
2013-08-13,6.771
2013-08-14,6.771
2013-08-15,6.771
2013-08-16,6.771
2013-08-17,6.771
2013-08-18,6.771
2013-08-19,6.757
2013-08-20,6.757
2013-08-21,6.757
2013-08-22,6.757
2013-08-23,6.757
2013-08-24,6.757
2013-08-25,6.757
2013-08-26,6.477
2013-08-27,6.477
2013-08-28,6.477
2013-08-29,6.477
2013-08-30,6.477
2013-08-31,6.477
2013-09-01,6.477
2013-09-02,6.418
2013-09-03,6.418
2013-09-04,6.418
2013-09-05,6.418
2013-09-06,6.418
2013-09-07,6.418
2013-09-08,6.418
2013-09-09,6.376
2013-09-10,6.376
2013-09-11,6.376
2013-09-12,6.376
2013-09-13,6.376
2013-09-14,6.376
2013-09-15,6.376
2013-09-16,6.465
2013-09-17,6.465
2013-09-18,6.465
2013-09-19,6.465
2013-09-20,6.465
2013-09-21,6.465
2013-09-22,6.465
2013-09-23,6.907
2013-09-24,6.907
2013-09-25,6.907
2013-09-26,6.907
2013-09-27,6.907
2013-09-28,6.907
2013-09-29,6.907
2013-09-30,6.939
2013-10-01,6.939
2013-10-02,6.939
2013-10-03,6.939
2013-10-04,6.939
2013-10-05,6.939
2013-10-06,6.939
2013-10-07,6.52
2013-10-08,6.52
2013-10-09,6.52
2013-10-10,6.52
2013-10-11,6.52
2013-10-12,6.52
2013-10-13,6.52
2013-10-14,6.96
2013-10-15,6.96
2013-10-16,6.96
2013-10-17,6.96
2013-10-18,6.96
2013-10-19,6.96
2013-10-20,6.96
2013-10-21,7.017
2013-10-22,7.017
2013-10-23,7.017
2013-10-24,7.017
2013-10-25,7.017
2013-10-26,7.017
2013-10-27,7.017
2013-10-28,6.883
2013-10-29,6.883
2013-10-30,6.883
2013-10-31,6.883
2013-11-01,6.883
2013-11-02,6.883
2013-11-03,6.883
2013-11-04,7.366
2013-11-05,7.366
2013-11-06,7.366
2013-11-07,7.366
2013-11-08,7.366
2013-11-09,7.366
2013-11-10,7.366
2013-11-11,7.246
2013-11-12,7.246
2013-11-13,7.246
2013-11-14,7.246
2013-11-15,7.246
2013-11-16,7.246
2013-11-17,7.246
2013-11-18,7.474
2013-11-19,7.474
2013-11-20,7.474
2013-11-21,7.474
2013-11-22,7.474
2013-11-23,7.474
2013-11-24,7.474
2013-11-25,8.066
2013-11-26,8.066
2013-11-27,8.066
2013-11-28,8.066
2013-11-29,8.066
2013-11-30,8.066
2013-12-01,8.066
2013-12-02,8.183
2013-12-03,8.183
2013-12-04,8.183
2013-12-05,8.183
2013-12-06,8.183
2013-12-07,8.183
2013-12-08,8.183
2013-12-09,8.142
2013-12-10,8.142
2013-12-11,8.142
2013-12-12,8.142
2013-12-13,8.142
2013-12-14,8.142
2013-12-15,8.142
2013-12-16,8.459
2013-12-17,8.459
2013-12-18,8.459
2013-12-19,8.459
2013-12-20,8.459
2013-12-21,8.459
2013-12-22,8.459
2013-12-23,8.572
2013-12-24,8.572
2013-12-25,8.572
2013-12-26,8.572
2013-12-27,8.572
2013-12-28,8.572
2013-12-29,8.572
2014-01-01,9.049
2014-01-02,9.049
2014-01-03,9.049
2014-01-04,9.049
2014-01-05,9.049
2014-01-06,9.049
2014-01-06,9.009
2014-01-07,9.049
2014-01-07,9.009
2014-01-08,9.009
2014-01-09,9.009
2014-01-10,9.009
2014-01-11,9.009
2014-01-12,9.009
2014-01-13,9.126
2014-01-14,9.126
2014-01-15,9.126
2014-01-16,9.126
2014-01-17,9.126
2014-01-18,9.126
2014-01-19,9.126
2014-01-20,9.061
2014-01-21,9.061
2014-01-22,9.061
2014-01-23,9.061
2014-01-24,9.061
2014-01-25,9.061
2014-01-26,9.061
2014-01-27,8.867
2014-01-28,8.867
2014-01-29,8.867
2014-01-30,8.867
2014-01-31,8.867
2014-02-01,8.867
2014-02-02,8.867
2014-02-03,8.996
2014-02-04,8.996
2014-02-05,8.996
2014-02-06,8.996
2014-02-07,8.996
2014-02-08,8.996
2014-02-09,8.996
2014-02-10,8.829
2014-02-11,8.829
2014-02-12,8.829
2014-02-13,8.829
2014-02-14,8.829
2014-02-15,8.829
2014-02-16,8.829
2014-02-17,8.396
2014-02-18,8.396
2014-02-19,8.396
2014-02-20,8.396
2014-02-21,8.396
2014-02-22,8.396
2014-02-23,8.396
2014-02-24,8.252
2014-02-25,8.252
2014-02-26,8.252
2014-02-27,8.252
2014-02-28,8.252
2014-03-01,8.252
2014-03-02,8.252
2014-03-03,8.107
2014-03-04,8.107
2014-03-05,8.107
2014-03-06,8.107
2014-03-07,8.107
2014-03-08,8.107
2014-03-09,8.107
2014-03-10,7.813
2014-03-11,7.813
2014-03-12,7.813
2014-03-13,7.813
2014-03-14,7.813
2014-03-15,7.813
2014-03-16,7.813
2014-03-17,8.034
2014-03-18,8.034
2014-03-19,8.034
2014-03-20,8.034
2014-03-21,8.034
2014-03-22,8.034
2014-03-23,8.034
2014-03-24,7.728
2014-03-25,7.728
2014-03-26,7.728
2014-03-27,7.728
2014-03-28,7.728
2014-03-29,7.728
2014-03-30,7.728
2014-03-31,7.743
2014-04-01,7.743
2014-04-02,7.743
2014-04-03,7.743
2014-04-04,7.743
2014-04-05,7.743
2014-04-06,7.743
2014-04-07,7.635
2014-04-08,7.635
2014-04-09,7.635
2014-04-10,7.635
2014-04-11,7.635
2014-04-12,7.635
2014-04-13,7.635
2014-04-14,7.258
2014-04-15,7.258
2014-04-16,7.258
2014-04-17,7.258
2014-04-18,7.258
2014-04-19,7.258
2014-04-20,7.258
2014-04-21,6.999
2014-04-22,6.999
2014-04-23,6.999
2014-04-24,6.999
2014-04-25,6.999
2014-04-26,6.999
2014-04-27,6.999
2014-04-28,7.307
2014-04-29,7.307
2014-04-30,7.307
2014-05-01,7.307
2014-05-02,7.307
2014-05-03,7.307
2014-05-04,7.307
2014-05-05,7.344
2014-05-06,7.344
2014-05-07,7.344
2014-05-08,7.344
2014-05-09,7.344
2014-05-10,7.344
2014-05-11,7.344
2014-05-12,7.049
2014-05-13,7.049
2014-05-14,7.049
2014-05-15,7.049
2014-05-16,7.049
2014-05-17,7.049
2014-05-18,7.049
2014-05-19,6.904
2014-05-20,6.904
2014-05-21,6.904
2014-05-22,6.904
2014-05-23,6.904
2014-05-24,6.904
2014-05-25,6.904
2014-05-26,6.832
2014-05-27,6.832
2014-05-28,6.832
2014-05-29,6.832
2014-05-30,6.832
2014-05-31,6.832
2014-06-01,6.832
2014-06-02,7.136
2014-06-03,7.136
2014-06-04,7.136
2014-06-05,7.136
2014-06-06,7.136
2014-06-07,7.136
2014-06-08,7.136
2014-06-09,7.404
2014-06-10,7.404
2014-06-11,7.404
2014-06-12,7.404
2014-06-13,7.404
2014-06-14,7.404
2014-06-15,7.404
2014-06-16,7.248
2014-06-17,7.248
2014-06-18,7.248
2014-06-19,7.248
2014-06-20,7.248
2014-06-21,7.248
2014-06-22,7.248
2014-06-23,6.852
2014-06-24,6.852
2014-06-25,6.852
2014-06-26,6.852
2014-06-27,6.852
2014-06-28,6.852
2014-06-29,6.852
2014-06-30,6.851
2014-07-01,6.851
2014-07-02,6.851
2014-07-03,6.851
2014-07-04,6.851
2014-07-05,6.851
2014-07-06,6.851
2014-07-07,6.736
2014-07-08,6.736
2014-07-09,6.736
2014-07-10,6.736
2014-07-11,6.736
2014-07-12,6.736
2014-07-13,6.736
2014-07-14,7.065
2014-07-15,7.065
2014-07-16,7.065
2014-07-17,7.065
2014-07-18,7.065
2014-07-19,7.065
2014-07-20,7.065
2014-07-21,7.127
2014-07-22,7.127
2014-07-23,7.127
2014-07-24,7.127
2014-07-25,7.127
2014-07-26,7.127
2014-07-27,7.127
2014-07-28,6.867
2014-07-29,6.867
2014-07-30,6.867
2014-07-31,6.867
2014-08-01,6.867
2014-08-02,6.867
2014-08-03,6.867
2014-08-04,6.891
2014-08-05,6.891
2014-08-06,6.891
2014-08-07,6.891
2014-08-08,6.891
2014-08-09,6.891
2014-08-10,6.891
2014-08-11,6.724
2014-08-12,6.724
2014-08-13,6.724
2014-08-14,6.724
2014-08-15,6.724
2014-08-16,6.724
2014-08-17,6.724
2014-08-18,6.643
2014-08-19,6.643
2014-08-20,6.643
2014-08-21,6.643
2014-08-22,6.643
2014-08-23,6.643
2014-08-24,6.643
2014-08-25,6.995
2014-08-26,6.995
2014-08-27,6.995
2014-08-28,6.995
2014-08-29,6.995
2014-08-30,6.995
2014-08-31,6.995
2014-09-01,7.057
2014-09-02,7.057
2014-09-03,7.057
2014-09-04,7.057
2014-09-05,7.057
2014-09-06,7.057
2014-09-07,7.057
2014-09-08,6.687
2014-09-09,6.687
2014-09-10,6.687
2014-09-11,6.687
2014-09-12,6.687
2014-09-13,6.687
2014-09-14,6.687
2014-09-15,6.626
2014-09-16,6.626
2014-09-17,6.626
2014-09-18,6.626
2014-09-19,6.626
2014-09-20,6.626
2014-09-21,6.626
2014-09-22,6.508
2014-09-23,6.508
2014-09-24,6.508
2014-09-25,6.508
2014-09-26,6.508
2014-09-27,6.508
2014-09-28,6.508
2014-09-29,6.93
2014-09-30,6.93
2014-10-01,6.93
2014-10-02,6.93
2014-10-03,6.93
2014-10-04,6.93
2014-10-05,6.93
2014-10-06,6.987
2014-10-07,6.987
2014-10-08,6.987
2014-10-09,6.987
2014-10-10,6.987
2014-10-11,6.987
2014-10-12,6.987
2014-10-13,7.265
2014-10-14,7.265
2014-10-15,7.265
2014-10-16,7.265
2014-10-17,7.265
2014-10-18,7.265
2014-10-19,7.265
2014-10-20,7.322
2014-10-21,7.322
2014-10-22,7.322
2014-10-23,7.322
2014-10-24,7.322
2014-10-25,7.322
2014-10-26,7.322
2014-10-27,7.287
2014-10-28,7.287
2014-10-29,7.287
2014-10-30,7.287
2014-10-31,7.287
2014-11-01,7.287
2014-11-02,7.287
2014-11-03,7.333
2014-11-04,7.333
2014-11-05,7.333
2014-11-06,7.333
2014-11-07,7.333
2014-11-08,7.333
2014-11-09,7.333
2014-11-10,7.604
2014-11-11,7.604
2014-11-12,7.604
2014-11-13,7.604
2014-11-14,7.604
2014-11-15,7.604
2014-11-16,7.604
2014-11-17,7.628
2014-11-18,7.628
2014-11-19,7.628
2014-11-20,7.628
2014-11-21,7.628
2014-11-22,7.628
2014-11-23,7.628
2014-11-24,7.729
2014-11-25,7.729
2014-11-26,7.729
2014-11-27,7.729
2014-11-28,7.729
2014-11-29,7.729
2014-11-30,7.729
2014-12-01,7.645
2014-12-02,7.645
2014-12-03,7.645
2014-12-04,7.645
2014-12-05,7.645
2014-12-06,7.645
2014-12-07,7.645
2014-12-08,7.99
2014-12-09,7.99
2014-12-10,7.99
2014-12-11,7.99
2014-12-12,7.99
2014-12-13,7.99
2014-12-14,7.99
2014-12-15,8.245
2014-12-16,8.245
2014-12-17,8.245
2014-12-18,8.245
2014-12-19,8.245
2014-12-20,8.245
2014-12-21,8.245
2014-12-22,8.535
2014-12-23,8.535
2014-12-24,8.535
2014-12-25,8.535
2014-12-26,8.535
2014-12-27,8.535
2014-12-28,8.535
2014-12-29,9.605
2014-12-30,9.605
2014-12-31,9.605
2015-01-01,9.605
2015-01-02,9.605
2015-01-03,9.605
2015-01-04,9.605
2015-01-05,10.415
2015-01-06,10.415
2015-01-07,10.415
2015-01-08,10.415
2015-01-09,10.415
2015-01-10,10.415
2015-01-11,10.415
2015-01-12,10.738
2015-01-13,10.738
2015-01-14,10.738
2015-01-15,10.738
2015-01-16,10.738
2015-01-17,10.738
2015-01-18,10.738
2015-01-19,10.625
2015-01-20,10.625
2015-01-21,10.625
2015-01-22,10.625
2015-01-23,10.625
2015-01-24,10.625
2015-01-25,10.625
2015-01-26,11.046
2015-01-27,11.046
2015-01-28,11.046
2015-01-29,11.046
2015-01-30,11.046
2015-01-31,11.046
2015-02-01,11.046
2015-02-02,10.682
2015-02-03,10.682
2015-02-04,10.682
2015-02-05,10.682
2015-02-06,10.682
2015-02-07,10.682
2015-02-08,10.682
2015-02-09,10.857
2015-02-10,10.857
2015-02-11,10.857
2015-02-12,10.857
2015-02-13,10.857
2015-02-14,10.857
2015-02-15,10.857
2015-02-16,10.58
2015-02-17,10.58
2015-02-18,10.58
2015-02-19,10.58
2015-02-20,10.58
2015-02-21,10.58
2015-02-22,10.58
2015-02-23,10.058
2015-02-24,10.058
2015-02-25,10.058
2015-02-26,10.058
2015-02-27,10.058
2015-02-28,10.058
2015-03-01,10.058
2015-03-02,9.421
2015-03-03,9.421
2015-03-04,9.421
2015-03-05,9.421
2015-03-06,9.421
2015-03-07,9.421
2015-03-08,9.421
2015-03-09,8.785
2015-03-10,8.785
2015-03-11,8.785
2015-03-12,8.785
2015-03-13,8.785
2015-03-14,8.785
2015-03-15,8.785
2015-03-16,8.379
2015-03-17,8.379
2015-03-18,8.379
2015-03-19,8.379
2015-03-20,8.379
2015-03-21,8.379
2015-03-22,8.379
2015-03-23,8.366
2015-03-24,8.366
2015-03-25,8.366
2015-03-26,8.366
2015-03-27,8.366
2015-03-28,8.366
2015-03-29,8.366
2015-03-30,8.282
2015-03-31,8.282
2015-04-01,8.282
2015-04-02,8.282
2015-04-03,8.282
2015-04-04,8.282
2015-04-05,8.282
2015-04-06,7.894
2015-04-07,7.894
2015-04-08,7.894
2015-04-09,7.894
2015-04-10,7.894
2015-04-11,7.894
2015-04-12,7.894
2015-04-13,7.855
2015-04-14,7.855
2015-04-15,7.855
2015-04-16,7.855
2015-04-17,7.855
2015-04-18,7.855
2015-04-19,7.855
2015-04-20,7.802
2015-04-21,7.802
2015-04-22,7.802
2015-04-23,7.802
2015-04-24,7.802
2015-04-25,7.802
2015-04-26,7.802
2015-04-27,7.365
2015-04-28,7.365
2015-04-29,7.365
2015-04-30,7.365
2015-05-01,7.365
2015-05-02,7.365
2015-05-03,7.365
2015-05-04,7.464
2015-05-05,7.464
2015-05-06,7.464
2015-05-07,7.464
2015-05-08,7.464
2015-05-09,7.464
2015-05-10,7.464
2015-05-11,7.543
2015-05-12,7.543
2015-05-13,7.543
2015-05-14,7.543
2015-05-15,7.543
2015-05-16,7.543
2015-05-17,7.543
2015-05-18,7.234
2015-05-19,7.234
2015-05-20,7.234
2015-05-21,7.234
2015-05-22,7.234
2015-05-23,7.234
2015-05-24,7.234
2015-05-25,7.096
2015-05-26,7.096
2015-05-27,7.096
2015-05-28,7.096
2015-05-29,7.096
2015-05-30,7.096
2015-05-31,7.096
2015-06-01,7.364
2015-06-02,7.364
2015-06-03,7.364
2015-06-04,7.364
2015-06-05,7.364
2015-06-06,7.364
2015-06-07,7.364
2015-06-08,7.152
2015-06-09,7.152
2015-06-10,7.152
2015-06-11,7.152
2015-06-12,7.152
2015-06-13,7.152
2015-06-14,7.152
2015-06-15,6.956
2015-06-16,6.956
2015-06-17,6.956
2015-06-18,6.956
2015-06-19,6.956
2015-06-20,6.956
2015-06-21,6.956
2015-06-22,7.111
2015-06-23,7.111
2015-06-24,7.111
2015-06-25,7.111
2015-06-26,7.111
2015-06-27,7.111
2015-06-28,7.111
2015-06-29,8.146
2015-06-30,8.146
2015-07-01,8.146
2015-07-02,8.146
2015-07-03,8.146
2015-07-04,8.146
2015-07-05,8.146
2015-07-06,8.351
2015-07-07,8.351
2015-07-08,8.351
2015-07-09,8.351
2015-07-10,8.351
2015-07-11,8.351
2015-07-12,8.351
2015-07-13,8.164
2015-07-14,8.164
2015-07-15,8.164
2015-07-16,8.164
2015-07-17,8.164
2015-07-18,8.164
2015-07-19,8.164
2015-07-20,7.798
2015-07-21,7.798
2015-07-22,7.798
2015-07-23,7.798
2015-07-24,7.798
2015-07-25,7.798
2015-07-26,7.798
2015-07-27,7.349
2015-07-28,7.349
2015-07-29,7.349
2015-07-30,7.349
2015-07-31,7.349
2015-08-01,7.349
2015-08-02,7.349
2015-08-03,7.219
2015-08-04,7.219
2015-08-05,7.219
2015-08-06,7.219
2015-08-07,7.219
2015-08-08,7.219
2015-08-09,7.219
2015-08-10,7.075
2015-08-11,7.075
2015-08-12,7.075
2015-08-13,7.075
2015-08-14,7.075
2015-08-15,7.075
2015-08-16,7.075
2015-08-17,6.801
2015-08-18,6.801
2015-08-19,6.801
2015-08-20,6.801
2015-08-21,6.801
2015-08-22,6.801
2015-08-23,6.801
2015-08-24,6.954
2015-08-25,6.954
2015-08-26,6.954
2015-08-27,6.954
2015-08-28,6.954
2015-08-29,6.954
2015-08-30,6.954
2015-08-31,6.603
2015-09-01,6.603
2015-09-02,6.603
2015-09-03,6.603
2015-09-04,6.603
2015-09-05,6.603
2015-09-06,6.603
2015-09-07,6.66
2015-09-08,6.66
2015-09-09,6.66
2015-09-10,6.66
2015-09-11,6.66
2015-09-12,6.66
2015-09-13,6.66
2015-09-14,6.617
2015-09-15,6.617
2015-09-16,6.617
2015-09-17,6.617
2015-09-18,6.617
2015-09-19,6.617
2015-09-20,6.617
2015-09-21,6.898
2015-09-22,6.898
2015-09-23,6.898
2015-09-24,6.898
2015-09-25,6.898
2015-09-26,6.898
2015-09-27,6.898
2015-09-28,6.813
2015-09-29,6.813
2015-09-30,6.813
2015-10-01,6.813
2015-10-02,6.813
2015-10-03,6.813
2015-10-04,6.813
2015-10-05,7.055
2015-10-06,7.055
2015-10-07,7.055
2015-10-08,7.055
2015-10-09,7.055
2015-10-10,7.055
2015-10-11,7.055
2015-10-12,7.119
2015-10-13,7.119
2015-10-14,7.119
2015-10-15,7.119
2015-10-16,7.119
2015-10-17,7.119
2015-10-18,7.119
2015-10-19,7.267
2015-10-20,7.267
2015-10-21,7.267
2015-10-22,7.267
2015-10-23,7.267
2015-10-24,7.267
2015-10-25,7.267
2015-10-26,7.392
2015-10-27,7.392
2015-10-28,7.392
2015-10-29,7.392
2015-10-30,7.392
2015-10-31,7.392
2015-11-01,7.392
2015-11-02,7.412
2015-11-03,7.412
2015-11-04,7.412
2015-11-05,7.412
2015-11-06,7.412
2015-11-07,7.412
2015-11-08,7.412
2015-11-09,7.325
2015-11-10,7.325
2015-11-11,7.325
2015-11-12,7.325
2015-11-13,7.325
2015-11-14,7.325
2015-11-15,7.325
2015-11-16,7.397
2015-11-17,7.397
2015-11-18,7.397
2015-11-19,7.397
2015-11-20,7.397
2015-11-21,7.397
2015-11-22,7.397
2015-11-23,7.849
2015-11-24,7.849
2015-11-25,7.849
2015-11-26,7.849
2015-11-27,7.849
2015-11-28,7.849
2015-11-29,7.849
2015-11-30,8.08
2015-12-01,8.08
2015-12-02,8.08
2015-12-03,8.08
2015-12-04,8.08
2015-12-05,8.08
2015-12-06,8.08
2015-12-07,8.032
2015-12-08,8.032
2015-12-09,8.032
2015-12-10,8.032
2015-12-11,8.032
2015-12-12,8.032
2015-12-13,8.032
2015-12-14,8.342
2015-12-15,8.342
2015-12-16,8.342
2015-12-17,8.342
2015-12-18,8.342
2015-12-19,8.342
2015-12-20,8.342
2015-12-21,8.031
2015-12-22,8.031
2015-12-23,8.031
2015-12-24,8.031
2015-12-25,8.031
2015-12-26,8.031
2015-12-27,8.031
2015-12-28,8.658
2015-12-28,8.427
2015-12-29,8.658
2015-12-29,8.427
2015-12-30,8.427
2015-12-30,8.658
2015-12-31,8.427
2015-12-31,8.658
2016-01-01,8.427
2016-01-01,8.658
2016-01-02,8.658
2016-01-02,8.427
2016-01-03,8.427
2016-01-03,8.658
2016-01-04,8.671
2016-01-05,8.671
2016-01-06,8.671
2016-01-07,8.671
2016-01-08,8.671
2016-01-09,8.671
2016-01-10,8.671
2016-01-11,8.791
2016-01-12,8.791
2016-01-13,8.791
2016-01-14,8.791
2016-01-15,8.791
2016-01-16,8.791
2016-01-17,8.791
2016-01-18,8.491
2016-01-19,8.491
2016-01-20,8.491
2016-01-21,8.491
2016-01-22,8.491
2016-01-23,8.491
2016-01-24,8.491
2016-01-25,8.461
2016-01-26,8.461
2016-01-27,8.461
2016-01-28,8.461
2016-01-29,8.461
2016-01-30,8.461
2016-01-31,8.461
2016-02-01,8.556
2016-02-02,8.556
2016-02-03,8.556
2016-02-04,8.556
2016-02-05,8.556
2016-02-06,8.556
2016-02-07,8.556
2016-02-08,8.479
2016-02-09,8.479
2016-02-10,8.479
2016-02-11,8.479
2016-02-12,8.479
2016-02-13,8.479
2016-02-14,8.479
2016-02-15,8.67
2016-02-16,8.67
2016-02-17,8.67
2016-02-18,8.67
2016-02-19,8.67
2016-02-20,8.67
2016-02-21,8.67
2016-02-22,8.645
2016-02-23,8.645
2016-02-24,8.645
2016-02-25,8.645
2016-02-26,8.645
2016-02-27,8.645
2016-02-28,8.645
2016-02-29,8.653
2016-03-01,8.653
2016-03-02,8.653
2016-03-03,8.653
2016-03-04,8.653
2016-03-05,8.653
2016-03-06,8.653
2016-03-07,8.811
2016-03-08,8.811
2016-03-09,8.811
2016-03-10,8.811
2016-03-11,8.811
2016-03-12,8.811
2016-03-13,8.811
2016-03-14,8.291
2016-03-15,8.291
2016-03-16,8.291
2016-03-17,8.291
2016-03-18,8.291
2016-03-19,8.291
2016-03-20,8.291
2016-03-21,8.375
2016-03-22,8.375
2016-03-23,8.375
2016-03-24,8.375
2016-03-25,8.375
2016-03-26,8.375
2016-03-27,8.375
2016-03-28,7.998
2016-03-29,7.998
2016-03-30,7.998
2016-03-31,7.998
2016-04-01,7.998
2016-04-02,7.998
2016-04-03,7.998
2016-04-04,7.859
2016-04-05,7.859
2016-04-06,7.859
2016-04-07,7.859
2016-04-08,7.859
2016-04-09,7.859
2016-04-10,7.859
2016-04-11,7.589
2016-04-12,7.589
2016-04-13,7.589
2016-04-14,7.589
2016-04-15,7.589
2016-04-16,7.589
2016-04-17,7.589
2016-04-18,7.462
2016-04-19,7.462
2016-04-20,7.462
2016-04-21,7.462
2016-04-22,7.462
2016-04-23,7.462
2016-04-24,7.462
2016-04-25,7.606
2016-04-26,7.606
2016-04-27,7.606
2016-04-28,7.606
2016-04-29,7.606
2016-04-30,7.606
2016-05-01,7.606
2016-05-02,7.374
2016-05-03,7.374
2016-05-04,7.374
2016-05-05,7.374
2016-05-06,7.374
2016-05-07,7.374
2016-05-08,7.374
2016-05-09,7.533
2016-05-10,7.533
2016-05-11,7.533
2016-05-12,7.533
2016-05-13,7.533
2016-05-14,7.533
2016-05-15,7.533
2016-05-16,7.304
2016-05-17,7.304
2016-05-18,7.304
2016-05-19,7.304
2016-05-20,7.304
2016-05-21,7.304
2016-05-22,7.304
2016-05-23,7.255
2016-05-24,7.255
2016-05-25,7.255
2016-05-26,7.255
2016-05-27,7.255
2016-05-28,7.255
2016-05-29,7.255
2016-05-30,7.576
2016-05-31,7.576
2016-06-01,7.576
2016-06-02,7.576
2016-06-03,7.576
2016-06-04,7.576
2016-06-05,7.576
2016-06-06,7.14
2016-06-07,7.14
2016-06-08,7.14
2016-06-09,7.14
2016-06-10,7.14
2016-06-11,7.14
2016-06-12,7.14
2016-06-13,7.173
2016-06-14,7.173
2016-06-15,7.173
2016-06-16,7.173
2016-06-17,7.173
2016-06-18,7.173
2016-06-19,7.173
2016-06-20,7.345
2016-06-21,7.345
2016-06-22,7.345
2016-06-23,7.345
2016-06-24,7.345
2016-06-25,7.345
2016-06-26,7.345
2016-06-27,7.505
2016-06-28,7.505
2016-06-29,7.505
2016-06-30,7.505
2016-07-01,7.505
2016-07-02,7.505
2016-07-03,7.505
2016-07-04,7.423
2016-07-05,7.423
2016-07-06,7.423
2016-07-07,7.423
2016-07-08,7.423
2016-07-09,7.423
2016-07-10,7.423
2016-07-11,7.377
2016-07-12,7.377
2016-07-13,7.377
2016-07-14,7.377
2016-07-15,7.377
2016-07-16,7.377
2016-07-17,7.377
2016-07-18,7.295
2016-07-19,7.295
2016-07-20,7.295
2016-07-21,7.295
2016-07-22,7.295
2016-07-23,7.295
2016-07-24,7.295
2016-07-25,7.425
2016-07-26,7.425
2016-07-27,7.425
2016-07-28,7.425
2016-07-29,7.425
2016-07-30,7.425
2016-07-31,7.425
2016-08-01,7.233
2016-08-02,7.233
2016-08-03,7.233
2016-08-04,7.233
2016-08-05,7.233
2016-08-06,7.233
2016-08-07,7.233
2016-08-08,7.102
2016-08-09,7.102
2016-08-10,7.102
2016-08-11,7.102
2016-08-12,7.102
2016-08-13,7.102
2016-08-14,7.102
2016-08-15,7.184
2016-08-16,7.184
2016-08-17,7.184
2016-08-18,7.184
2016-08-19,7.184
2016-08-20,7.184
2016-08-21,7.184
2016-08-22,7.1
2016-08-23,7.1
2016-08-24,7.1
2016-08-25,7.1
2016-08-26,7.1
2016-08-27,7.1
2016-08-28,7.1
2016-08-29,7.203
2016-08-30,7.203
2016-08-31,7.203
2016-09-01,7.203
2016-09-02,7.203
2016-09-03,7.203
2016-09-04,7.203
2016-09-05,6.641
2016-09-06,6.641
2016-09-07,6.641
2016-09-08,6.641
2016-09-09,6.641
2016-09-10,6.641
2016-09-11,6.641
2016-09-12,6.956
2016-09-13,6.956
2016-09-14,6.956
2016-09-15,6.956
2016-09-16,6.956
2016-09-17,6.956
2016-09-18,6.956
2016-09-19,7.036
2016-09-20,7.036
2016-09-21,7.036
2016-09-22,7.036
2016-09-23,7.036
2016-09-24,7.036
2016-09-25,7.036
2016-09-26,7.072
2016-09-27,7.072
2016-09-28,7.072
2016-09-29,7.072
2016-09-30,7.072
2016-10-01,7.072
2016-10-02,7.072
2016-10-03,7.036
2016-10-04,7.036
2016-10-05,7.036
2016-10-06,7.036
2016-10-07,7.036
2016-10-08,7.036
2016-10-09,7.036
2016-10-10,7.185
2016-10-11,7.185
2016-10-12,7.185
2016-10-13,7.185
2016-10-14,7.185
2016-10-15,7.185
2016-10-16,7.185
2016-10-17,7.512
2016-10-18,7.512
2016-10-19,7.512
2016-10-20,7.512
2016-10-21,7.512
2016-10-22,7.512
2016-10-23,7.512
2016-10-24,7.244
2016-10-25,7.244
2016-10-26,7.244
2016-10-27,7.244
2016-10-28,7.244
2016-10-29,7.244
2016-10-30,7.244
2016-10-31,7.775
2016-11-01,7.775
2016-11-02,7.775
2016-11-03,7.775
2016-11-04,7.775
2016-11-05,7.775
2016-11-06,7.775
2016-11-07,8.076
2016-11-08,8.076
2016-11-09,8.076
2016-11-10,8.076
2016-11-11,8.076
2016-11-12,8.076
2016-11-13,8.076
2016-11-14,8.09
2016-11-15,8.09
2016-11-16,8.09
2016-11-17,8.09
2016-11-18,8.09
2016-11-19,8.09
2016-11-20,8.09
2016-11-21,8.321
2016-11-22,8.321
2016-11-23,8.321
2016-11-24,8.321
2016-11-25,8.321
2016-11-26,8.321
2016-11-27,8.321
2016-11-28,8.124
2016-11-29,8.124
2016-11-30,8.124
2016-12-01,8.124
2016-12-02,8.124
2016-12-03,8.124
2016-12-04,8.124
2016-12-05,8.612
2016-12-06,8.612
2016-12-07,8.612
2016-12-08,8.612
2016-12-09,8.612
2016-12-10,8.612
2016-12-11,8.612
2016-12-12,8.98
2016-12-13,8.98
2016-12-14,8.98
2016-12-15,8.98
2016-12-16,8.98
2016-12-17,8.98
2016-12-18,8.98
2016-12-19,9.855
2016-12-20,9.855
2016-12-21,9.855
2016-12-22,9.855
2016-12-23,9.855
2016-12-24,9.855
2016-12-25,9.855
2016-12-26,10.726
2016-12-27,10.726
2016-12-28,10.726
2016-12-29,10.726
2016-12-30,10.726
2016-12-31,10.726
2017-01-01,10.726
2017-01-02,11.414
2017-01-03,11.414
2017-01-04,11.414
2017-01-05,11.414
2017-01-06,11.414
2017-01-07,11.414
2017-01-08,11.414
2017-01-09,11.334
2017-01-10,11.334
2017-01-11,11.334
2017-01-12,11.334
2017-01-13,11.334
2017-01-14,11.334
2017-01-15,11.334
2017-01-16,11.068
2017-01-17,11.068
2017-01-18,11.068
2017-01-19,11.068
2017-01-20,11.068
2017-01-21,11.068
2017-01-22,11.068
2017-01-23,10.636
2017-01-24,10.636
2017-01-25,10.636
2017-01-26,10.636
2017-01-27,10.636
2017-01-28,10.636
2017-01-29,10.636
2017-01-30,9.66
2017-01-31,9.66
2017-02-01,9.66
2017-02-02,9.66
2017-02-03,9.66
2017-02-04,9.66
2017-02-05,9.66
2017-02-06,9.017
2017-02-07,9.017
2017-02-08,9.017
2017-02-09,9.017
2017-02-10,9.017
2017-02-11,9.017
2017-02-12,9.017
2017-02-13,8.67
2017-02-14,8.67
2017-02-15,8.67
2017-02-16,8.67
2017-02-17,8.67
2017-02-18,8.67
2017-02-19,8.67
2017-02-20,8.371
2017-02-21,8.371
2017-02-22,8.371
2017-02-23,8.371
2017-02-24,8.371
2017-02-25,8.371
2017-02-26,8.371
2017-02-27,8.213
2017-02-28,8.213
2017-03-01,8.213
2017-03-02,8.213
2017-03-03,8.213
2017-03-04,8.213
2017-03-05,8.213
2017-03-06,7.906
2017-03-07,7.906
2017-03-08,7.906
2017-03-09,7.906
2017-03-10,7.906
2017-03-11,7.906
2017-03-12,7.906
2017-03-13,7.875
2017-03-14,7.875
2017-03-15,7.875
2017-03-16,7.875
2017-03-17,7.875
2017-03-18,7.875
2017-03-19,7.875
2017-03-20,7.827
2017-03-21,7.827
2017-03-22,7.827
2017-03-23,7.827
2017-03-24,7.827
2017-03-25,7.827
2017-03-26,7.827
2017-03-27,7.814
2017-03-28,7.814
2017-03-29,7.814
2017-03-30,7.814
2017-03-31,7.814
2017-04-01,7.814
2017-04-02,7.814
2017-04-03,7.8
2017-04-04,7.8
2017-04-05,7.8
2017-04-06,7.8
2017-04-07,7.8
2017-04-08,7.8
2017-04-09,7.8
2017-04-10,7.574
2017-04-11,7.574
2017-04-12,7.574
2017-04-13,7.574
2017-04-14,7.574
2017-04-15,7.574
2017-04-16,7.574
2017-04-17,7.661
2017-04-18,7.661
2017-04-19,7.661
2017-04-20,7.661
2017-04-21,7.661
2017-04-22,7.661
2017-04-23,7.661
2017-04-24,7.52
2017-04-25,7.52
2017-04-26,7.52
2017-04-27,7.52
2017-04-28,7.52
2017-04-29,7.52
2017-04-30,7.52
2017-05-01,7.622
2017-05-02,7.622
2017-05-03,7.622
2017-05-04,7.622
2017-05-05,7.622
2017-05-06,7.622
2017-05-07,7.622
2017-05-08,7.494
2017-05-09,7.494
2017-05-10,7.494
2017-05-11,7.494
2017-05-12,7.494
2017-05-13,7.494
2017-05-14,7.494
2017-05-15,7.666
2017-05-16,7.666
2017-05-17,7.666
2017-05-18,7.666
2017-05-19,7.666
2017-05-20,7.666
2017-05-21,7.666
2017-05-22,7.092
2017-05-23,7.092
2017-05-24,7.092
2017-05-25,7.092
2017-05-26,7.092
2017-05-27,7.092
2017-05-28,7.092
2017-05-29,7.067
2017-05-30,7.067
2017-05-31,7.067
2017-06-01,7.067
2017-06-02,7.067
2017-06-03,7.067
2017-06-04,7.067
2017-06-05,7.819
2017-06-06,7.819
2017-06-07,7.819
2017-06-08,7.819
2017-06-09,7.819
2017-06-10,7.819
2017-06-11,7.819
2017-06-12,7.991
2017-06-13,7.991
2017-06-14,7.991
2017-06-15,7.991
2017-06-16,7.991
2017-06-17,7.991
2017-06-18,7.991
2017-06-19,7.137
2017-06-20,7.137
2017-06-21,7.137
2017-06-22,7.137
2017-06-23,7.137
2017-06-24,7.137
2017-06-25,7.137
2017-06-26,7.156
2017-06-27,7.156
2017-06-28,7.156
2017-06-29,7.156
2017-06-30,7.156
2017-07-01,7.156
2017-07-02,7.156
2017-07-03,7.214
2017-07-04,7.214
2017-07-05,7.214
2017-07-06,7.214
2017-07-07,7.214
2017-07-08,7.214
2017-07-09,7.214
2017-07-10,7.259
2017-07-11,7.259
2017-07-12,7.259
2017-07-13,7.259
2017-07-14,7.259
2017-07-15,7.259
2017-07-16,7.259
2017-07-17,7.11
2017-07-18,7.11
2017-07-19,7.11
2017-07-20,7.11
2017-07-21,7.11
2017-07-22,7.11
2017-07-23,7.11
2017-07-24,7.596
2017-07-25,7.596
2017-07-26,7.596
2017-07-27,7.596
2017-07-28,7.596
2017-07-29,7.596
2017-07-30,7.596
2017-07-31,7.186
2017-08-01,7.186
2017-08-02,7.186
2017-08-03,7.186
2017-08-04,7.186
2017-08-05,7.186
2017-08-06,7.186
2017-08-07,7.118
2017-08-08,7.118
2017-08-09,7.118
2017-08-10,7.118
2017-08-11,7.118
2017-08-12,7.118
2017-08-13,7.118
2017-08-14,7.219
2017-08-15,7.219
2017-08-16,7.219
2017-08-17,7.219
2017-08-18,7.219
2017-08-19,7.219
2017-08-20,7.219
2017-08-21,7.013
2017-08-22,7.013
2017-08-23,7.013
2017-08-24,7.013
2017-08-25,7.013
2017-08-26,7.013
2017-08-27,7.013
2017-08-28,6.68
2017-08-29,6.68
2017-08-30,6.68
2017-08-31,6.68
2017-09-01,6.68
2017-09-02,6.68
2017-09-03,6.68
2017-09-04,6.73
2017-09-05,6.73
2017-09-06,6.73
2017-09-07,6.73
2017-09-08,6.73
2017-09-09,6.73
2017-09-10,6.73
2017-09-11,7.091
2017-09-12,7.091
2017-09-13,7.091
2017-09-14,7.091
2017-09-15,7.091
2017-09-16,7.091
2017-09-17,7.091
2017-09-18,7.367
2017-09-19,7.367
2017-09-20,7.367
2017-09-21,7.367
2017-09-22,7.367
2017-09-23,7.367
2017-09-24,7.367
2017-09-25,7.388
2017-09-26,7.388
2017-09-27,7.388
2017-09-28,7.388
2017-09-29,7.388
2017-09-30,7.388
2017-10-01,7.388
2017-10-02,7.234
2017-10-03,7.234
2017-10-04,7.234
2017-10-05,7.234
2017-10-06,7.234
2017-10-07,7.234
2017-10-08,7.234
2017-10-09,7.392
2017-10-10,7.392
2017-10-11,7.392
2017-10-12,7.392
2017-10-13,7.392
2017-10-14,7.392
2017-10-15,7.392
2017-10-16,7.308
2017-10-17,7.308
2017-10-18,7.308
2017-10-19,7.308
2017-10-20,7.308
2017-10-21,7.308
2017-10-22,7.308
2017-10-23,7.511
2017-10-24,7.511
2017-10-25,7.511
2017-10-26,7.511
2017-10-27,7.511
2017-10-28,7.511
2017-10-29,7.511
2017-10-30,7.632
2017-10-31,7.632
2017-11-01,7.632
2017-11-02,7.632
2017-11-03,7.632
2017-11-04,7.632
2017-11-05,7.632
2017-11-06,8.063
2017-11-07,8.063
2017-11-08,8.063
2017-11-09,8.063
2017-11-10,8.063
2017-11-11,8.063
2017-11-12,8.063
2017-11-13,8.169
2017-11-14,8.169
2017-11-15,8.169
2017-11-16,8.169
2017-11-17,8.169
2017-11-18,8.169
2017-11-19,8.169
2017-11-20,8.257
2017-11-21,8.257
2017-11-22,8.257
2017-11-23,8.257
2017-11-24,8.257
2017-11-25,8.257
2017-11-26,8.257
2017-11-27,8.62
2017-11-28,8.62
2017-11-29,8.62
2017-11-30,8.62
2017-12-01,8.62
2017-12-02,8.62
2017-12-03,8.62
2017-12-04,9.262
2017-12-05,9.262
2017-12-06,9.262
2017-12-07,9.262
2017-12-08,9.262
2017-12-09,9.262
2017-12-10,9.262
2017-12-11,9.628
2017-12-12,9.628
2017-12-13,9.628
2017-12-14,9.628
2017-12-15,9.628
2017-12-16,9.628
2017-12-17,9.628
2017-12-18,10.412
2017-12-19,10.412
2017-12-20,10.412
2017-12-21,10.412
2017-12-22,10.412
2017-12-23,10.412
2017-12-24,10.412
2018-01-01,11.204
2018-01-01,10.905
2018-01-02,11.204
2018-01-02,10.905
2018-01-03,10.905
2018-01-03,11.204
2018-01-04,11.204
2018-01-04,10.905
2018-01-05,11.204
2018-01-05,10.905
2018-01-06,11.204
2018-01-06,10.905
2018-01-07,11.204
2018-01-07,10.905
2018-01-08,10.981
2018-01-09,10.981
2018-01-10,10.981
2018-01-11,10.981
2018-01-12,10.981
2018-01-13,10.981
2018-01-14,10.981
2018-01-15,10.324
2018-01-16,10.324
2018-01-17,10.324
2018-01-18,10.324
2018-01-19,10.324
2018-01-20,10.324
2018-01-21,10.324
2018-01-22,9.893
2018-01-23,9.893
2018-01-24,9.893
2018-01-25,9.893
2018-01-26,9.893
2018-01-27,9.893
2018-01-28,9.893
2018-01-29,10.015
2018-01-30,10.015
2018-01-31,10.015
2018-02-01,10.015
2018-02-02,10.015
2018-02-03,10.015
2018-02-04,10.015
2018-02-05,10.105
2018-02-06,10.105
2018-02-07,10.105
2018-02-08,10.105
2018-02-09,10.105
2018-02-10,10.105
2018-02-11,10.105
2018-02-12,9.656
2018-02-13,9.656
2018-02-14,9.656
2018-02-15,9.656
2018-02-16,9.656
2018-02-17,9.656
2018-02-18,9.656
2018-02-19,9.599
2018-02-20,9.599
2018-02-21,9.599
2018-02-22,9.599
2018-02-23,9.599
2018-02-24,9.599
2018-02-25,9.599
2018-02-26,9.203
2018-02-27,9.203
2018-02-28,9.203
2018-03-01,9.203
2018-03-02,9.203
2018-03-03,9.203
2018-03-04,9.203
2018-03-05,8.862
2018-03-06,8.862
2018-03-07,8.862
2018-03-08,8.862
2018-03-09,8.862
2018-03-10,8.862
2018-03-11,8.862
2018-03-12,8.616
2018-03-13,8.616
2018-03-14,8.616
2018-03-15,8.616
2018-03-16,8.616
2018-03-17,8.616
2018-03-18,8.616
2018-03-19,8.628
2018-03-20,8.628
2018-03-21,8.628
2018-03-22,8.628
2018-03-23,8.628
2018-03-24,8.628
2018-03-25,8.628
2018-03-26,8.414
2018-03-27,8.414
2018-03-28,8.414
2018-03-29,8.414
2018-03-30,8.414
2018-03-31,8.414
2018-04-01,8.414
2018-04-02,8.335
2018-04-03,8.335
2018-04-04,8.335
2018-04-05,8.335
2018-04-06,8.335
2018-04-07,8.335
2018-04-08,8.335
2018-04-09,8.112
2018-04-10,8.112
2018-04-11,8.112
2018-04-12,8.112
2018-04-13,8.112
2018-04-14,8.112
2018-04-15,8.112
2018-04-16,7.735
2018-04-17,7.735
2018-04-18,7.735
2018-04-19,7.735
2018-04-20,7.735
2018-04-21,7.735
2018-04-22,7.735
2018-04-23,7.359
2018-04-24,7.359
2018-04-25,7.359
2018-04-26,7.359
2018-04-27,7.359
2018-04-28,7.359
2018-04-29,7.359
2018-04-30,7.595
2018-05-01,7.595
2018-05-02,7.595
2018-05-03,7.595
2018-05-04,7.595
2018-05-05,7.595
2018-05-06,7.595
2018-05-07,7.511
2018-05-08,7.511
2018-05-09,7.511
2018-05-10,7.511
2018-05-11,7.511
2018-05-12,7.511
2018-05-13,7.511
2018-05-14,7.527
2018-05-15,7.527
2018-05-16,7.527
2018-05-17,7.527
2018-05-18,7.527
2018-05-19,7.527
2018-05-20,7.527
2018-05-21,7.306
2018-05-22,7.306
2018-05-23,7.306
2018-05-24,7.306
2018-05-25,7.306
2018-05-26,7.306
2018-05-27,7.306
2018-05-28,7.109
2018-05-29,7.109
2018-05-30,7.109
2018-05-31,7.109
2018-06-01,7.109
2018-06-02,7.109
2018-06-03,7.109
2018-06-04,7.154
2018-06-05,7.154
2018-06-06,7.154
2018-06-07,7.154
2018-06-08,7.154
2018-06-09,7.154
2018-06-10,7.154
2018-06-11,7.713
2018-06-12,7.713
2018-06-13,7.713
2018-06-14,7.713
2018-06-15,7.713
2018-06-16,7.713
2018-06-17,7.713
2018-06-18,7.698
2018-06-19,7.698
2018-06-20,7.698
2018-06-21,7.698
2018-06-22,7.698
2018-06-23,7.698
2018-06-24,7.698
2018-06-25,7.305
2018-06-26,7.305
2018-06-27,7.305
2018-06-28,7.305
2018-06-29,7.305
2018-06-30,7.305
2018-07-01,7.305
2018-07-02,7.366
2018-07-03,7.366
2018-07-04,7.366
2018-07-05,7.366
2018-07-06,7.366
2018-07-07,7.366
2018-07-08,7.366
2018-07-09,7.186
2018-07-10,7.186
2018-07-11,7.186
2018-07-12,7.186
2018-07-13,7.186
2018-07-14,7.186
2018-07-15,7.186
2018-07-16,7.155
2018-07-17,7.155
2018-07-18,7.155
2018-07-19,7.155
2018-07-20,7.155
2018-07-21,7.155
2018-07-22,7.155
2018-07-23,7.731
2018-07-24,7.731
2018-07-25,7.731
2018-07-26,7.731
2018-07-27,7.731
2018-07-28,7.731
2018-07-29,7.731
2018-07-30,8.003
2018-07-31,8.003
2018-08-01,8.003
2018-08-02,8.003
2018-08-03,8.003
2018-08-04,8.003
2018-08-05,8.003
2018-08-06,7.194
2018-08-07,7.194
2018-08-08,7.194
2018-08-09,7.194
2018-08-10,7.194
2018-08-11,7.194
2018-08-12,7.194
2018-08-13,7.015
2018-08-14,7.015
2018-08-15,7.015
2018-08-16,7.015
2018-08-17,7.015
2018-08-18,7.015
2018-08-19,7.015
2018-08-20,6.927
2018-08-21,6.927
2018-08-22,6.927
2018-08-23,6.927
2018-08-24,6.927
2018-08-25,6.927
2018-08-26,6.927
2018-08-27,6.906
2018-08-28,6.906
2018-08-29,6.906
2018-08-30,6.906
2018-08-31,6.906
2018-09-01,6.906
2018-09-02,6.906
2018-09-03,6.834
2018-09-04,6.834
2018-09-05,6.834
2018-09-06,6.834
2018-09-07,6.834
2018-09-08,6.834
2018-09-09,6.834
2018-09-10,7.153
2018-09-11,7.153
2018-09-12,7.153
2018-09-13,7.153
2018-09-14,7.153
2018-09-15,7.153
2018-09-16,7.153
2018-09-17,7.23
2018-09-18,7.23
2018-09-19,7.23
2018-09-20,7.23
2018-09-21,7.23
2018-09-22,7.23
2018-09-23,7.23
2018-09-24,7.21
2018-09-25,7.21
2018-09-26,7.21
2018-09-27,7.21
2018-09-28,7.21
2018-09-29,7.21
2018-09-30,7.21
2018-10-01,7.437
2018-10-02,7.437
2018-10-03,7.437
2018-10-04,7.437
2018-10-05,7.437
2018-10-06,7.437
2018-10-07,7.437
2018-10-08,7.35
2018-10-09,7.35
2018-10-10,7.35
2018-10-11,7.35
2018-10-12,7.35
2018-10-13,7.35
2018-10-14,7.35
2018-10-15,7.327
2018-10-16,7.327
2018-10-17,7.327
2018-10-18,7.327
2018-10-19,7.327
2018-10-20,7.327
2018-10-21,7.327
2018-10-22,7.794
2018-10-23,7.794
2018-10-24,7.794
2018-10-25,7.794
2018-10-26,7.794
2018-10-27,7.794
2018-10-28,7.794
2018-10-29,8.012
2018-10-30,8.012
2018-10-31,8.012
2018-11-01,8.012
2018-11-02,8.012
2018-11-03,8.012
2018-11-04,8.012
2018-11-05,7.999
2018-11-06,7.999
2018-11-07,7.999
2018-11-08,7.999
2018-11-09,7.999
2018-11-10,7.999
2018-11-11,7.999
2018-11-12,7.932
2018-11-13,7.932
2018-11-14,7.932
2018-11-15,7.932
2018-11-16,7.932
2018-11-17,7.932
2018-11-18,7.932
2018-11-19,7.929
2018-11-20,7.929
2018-11-21,7.929
2018-11-22,7.929
2018-11-23,7.929
2018-11-24,7.929
2018-11-25,7.929
2018-11-26,8.051
2018-11-27,8.051
2018-11-28,8.051
2018-11-29,8.051
2018-11-30,8.051
2018-12-01,8.051
2018-12-02,8.051
2018-12-03,8.312
2018-12-04,8.312
2018-12-05,8.312
2018-12-06,8.312
2018-12-07,8.312
2018-12-08,8.312
2018-12-09,8.312
2018-12-10,8.427
2018-12-11,8.427
2018-12-12,8.427
2018-12-13,8.427
2018-12-14,8.427
2018-12-15,8.427
2018-12-16,8.427
2018-12-17,8.65
2018-12-18,8.65
2018-12-19,8.65
2018-12-20,8.65
2018-12-21,8.65
2018-12-22,8.65
2018-12-23,8.65
2018-12-31,9.127
2019-01-01,9.127
2019-01-02,9.127
2019-01-03,9.127
2019-01-04,9.127
2019-01-05,9.127
2019-01-06,9.127
2019-01-07,10.025
2019-01-08,10.025
2019-01-09,10.025
2019-01-10,10.025
2019-01-11,10.025
2019-01-12,10.025
2019-01-13,10.025
2019-01-14,10.476
2019-01-15,10.476
2019-01-16,10.476
2019-01-17,10.476
2019-01-18,10.476
2019-01-19,10.476
2019-01-20,10.476
2019-01-21,10.141
2019-01-22,10.141
2019-01-23,10.141
2019-01-24,10.141
2019-01-25,10.141
2019-01-26,10.141
2019-01-27,10.141
2019-01-28,9.964
2019-01-29,9.964
2019-01-30,9.964
2019-01-31,9.964
2019-02-01,9.964
2019-02-02,9.964
2019-02-03,9.964
2019-02-04,9.686
2019-02-05,9.686
2019-02-06,9.686
2019-02-07,9.686
2019-02-08,9.686
2019-02-09,9.686
2019-02-10,9.686
2019-02-11,9.363
2019-02-12,9.363
2019-02-13,9.363
2019-02-14,9.363
2019-02-15,9.363
2019-02-16,9.363
2019-02-17,9.363
2019-02-18,9.216
2019-02-19,9.216
2019-02-20,9.216
2019-02-21,9.216
2019-02-22,9.216
2019-02-23,9.216
2019-02-24,9.216
2019-02-25,8.92
2019-02-26,8.92
2019-02-27,8.92
2019-02-28,8.92
2019-03-01,8.92
2019-03-02,8.92
2019-03-03,8.92
2019-03-04,8.595
2019-03-05,8.595
2019-03-06,8.595
2019-03-07,8.595
2019-03-08,8.595
2019-03-09,8.595
2019-03-10,8.595
2019-03-11,8.205
2019-03-12,8.205
2019-03-13,8.205
2019-03-14,8.205
2019-03-15,8.205
2019-03-16,8.205
2019-03-17,8.205
2019-03-18,8.027
2019-03-19,8.027
2019-03-20,8.027
2019-03-21,8.027
2019-03-22,8.027
2019-03-23,8.027
2019-03-24,8.027
2019-03-25,8.171
2019-03-26,8.171
2019-03-27,8.171
2019-03-28,8.171
2019-03-29,8.171
2019-03-30,8.171
2019-03-31,8.171
2019-04-01,8.087
2019-04-02,8.087
2019-04-03,8.087
2019-04-04,8.087
2019-04-05,8.087
2019-04-06,8.087
2019-04-07,8.087
2019-04-08,8.055
2019-04-09,8.055
2019-04-10,8.055
2019-04-11,8.055
2019-04-12,8.055
2019-04-13,8.055
2019-04-14,8.055
2019-04-15,7.801
2019-04-16,7.801
2019-04-17,7.801
2019-04-18,7.801
2019-04-19,7.801
2019-04-20,7.801
2019-04-21,7.801
2019-04-22,7.759
2019-04-23,7.759
2019-04-24,7.759
2019-04-25,7.759
2019-04-26,7.759
2019-04-27,7.759
2019-04-28,7.759
2019-04-29,7.744
2019-04-30,7.744
2019-05-01,7.744
2019-05-02,7.744
2019-05-03,7.744
2019-05-04,7.744
2019-05-05,7.744
2019-05-06,7.731
2019-05-07,7.731
2019-05-08,7.731
2019-05-09,7.731
2019-05-10,7.731
2019-05-11,7.731
2019-05-12,7.731
2019-05-13,7.536
2019-05-14,7.536
2019-05-15,7.536
2019-05-16,7.536
2019-05-17,7.536
2019-05-18,7.536
2019-05-19,7.536
2019-05-20,7.436
2019-05-21,7.436
2019-05-22,7.436
2019-05-23,7.436
2019-05-24,7.436
2019-05-25,7.436
2019-05-26,7.436
2019-05-27,7.618
2019-05-28,7.618
2019-05-29,7.618
2019-05-30,7.618
2019-05-31,7.618
2019-06-01,7.618
2019-06-02,7.618
2019-06-03,7.508
2019-06-04,7.508
2019-06-05,7.508
2019-06-06,7.508
2019-06-07,7.508
2019-06-08,7.508
2019-06-09,7.508
2019-06-10,7.016
2019-06-11,7.016
2019-06-12,7.016
2019-06-13,7.016
2019-06-14,7.016
2019-06-15,7.016
2019-06-16,7.016
2019-06-17,7.404
2019-06-18,7.404
2019-06-19,7.404
2019-06-20,7.404
2019-06-21,7.404
2019-06-22,7.404
2019-06-23,7.404
2019-06-24,7.57
2019-06-25,7.57
2019-06-26,7.57
2019-06-27,7.57
2019-06-28,7.57
2019-06-29,7.57
2019-06-30,7.57
2019-07-01,8.05
2019-07-02,8.05
2019-07-03,8.05
2019-07-04,8.05
2019-07-05,8.05
2019-07-06,8.05
2019-07-07,8.05
2019-07-08,7.463
2019-07-09,7.463
2019-07-10,7.463
2019-07-11,7.463
2019-07-12,7.463
2019-07-13,7.463
2019-07-14,7.463
2019-07-15,7.301
2019-07-16,7.301
2019-07-17,7.301
2019-07-18,7.301
2019-07-19,7.301
2019-07-20,7.301
2019-07-21,7.301
2019-07-22,7.464
2019-07-23,7.464
2019-07-24,7.464
2019-07-25,7.464
2019-07-26,7.464
2019-07-27,7.464
2019-07-28,7.464
2019-07-29,7.136
2019-07-30,7.136
2019-07-31,7.136
2019-08-01,7.136
2019-08-02,7.136
2019-08-03,7.136
2019-08-04,7.136
2019-08-05,7.317
2019-08-06,7.317
2019-08-07,7.317
2019-08-08,7.317
2019-08-09,7.317
2019-08-10,7.317
2019-08-11,7.317
2019-08-12,7.128
2019-08-13,7.128
2019-08-14,7.128
2019-08-15,7.128
2019-08-16,7.128
2019-08-17,7.128
2019-08-18,7.128
2019-08-19,6.92
2019-08-20,6.92
2019-08-21,6.92
2019-08-22,6.92
2019-08-23,6.92
2019-08-24,6.92
2019-08-25,6.92
2019-08-26,6.898
2019-08-27,6.898
2019-08-28,6.898
2019-08-29,6.898
2019-08-30,6.898
2019-08-31,6.898
2019-09-01,6.898
2019-09-02,6.904
2019-09-03,6.904
2019-09-04,6.904
2019-09-05,6.904
2019-09-06,6.904
2019-09-07,6.904
2019-09-08,6.904
2019-09-09,6.939
2019-09-10,6.939
2019-09-11,6.939
2019-09-12,6.939
2019-09-13,6.939
2019-09-14,6.939
2019-09-15,6.939
2019-09-16,6.996
2019-09-17,6.996
2019-09-18,6.996
2019-09-19,6.996
2019-09-20,6.996
2019-09-21,6.996
2019-09-22,6.996
2019-09-23,7.027
2019-09-24,7.027
2019-09-25,7.027
2019-09-26,7.027
2019-09-27,7.027
2019-09-28,7.027
2019-09-29,7.027
2019-09-30,6.978
2019-10-01,6.978
2019-10-02,6.978
2019-10-03,6.978
2019-10-04,6.978
2019-10-05,6.978
2019-10-06,6.978
2019-10-07,7.312
2019-10-08,7.312
2019-10-09,7.312
2019-10-10,7.312
2019-10-11,7.312
2019-10-12,7.312
2019-10-13,7.312
2019-10-14,7.314
2019-10-15,7.314
2019-10-16,7.314
2019-10-17,7.314
2019-10-18,7.314
2019-10-19,7.314
2019-10-20,7.314
2019-10-21,7.543
2019-10-22,7.543
2019-10-23,7.543
2019-10-24,7.543
2019-10-25,7.543
2019-10-26,7.543
2019-10-27,7.543
2019-10-28,7.698
2019-10-29,7.698
2019-10-30,7.698
2019-10-31,7.698
2019-11-01,7.698
2019-11-02,7.698
2019-11-03,7.698
2019-11-04,7.677
2019-11-05,7.677
2019-11-06,7.677
2019-11-07,7.677
2019-11-08,7.677
2019-11-09,7.677
2019-11-10,7.677
2019-11-11,8.036
2019-11-12,8.036
2019-11-13,8.036
2019-11-14,8.036
2019-11-15,8.036
2019-11-16,8.036
2019-11-17,8.036
2019-11-18,8.217
2019-11-19,8.217
2019-11-20,8.217
2019-11-21,8.217
2019-11-22,8.217
2019-11-23,8.217
2019-11-24,8.217
2019-11-25,8.328
2019-11-26,8.328
2019-11-27,8.328
2019-11-28,8.328
2019-11-29,8.328
2019-11-30,8.328
2019-12-01,8.328
2019-12-02,8.021
2019-12-03,8.021
2019-12-04,8.021
2019-12-05,8.021
2019-12-06,8.021
2019-12-07,8.021
2019-12-08,8.021
2019-12-09,8.34
2019-12-10,8.34
2019-12-11,8.34
2019-12-12,8.34
2019-12-13,8.34
2019-12-14,8.34
2019-12-15,8.34
2019-12-16,8.393
2019-12-17,8.393
2019-12-18,8.393
2019-12-19,8.393
2019-12-20,8.393
2019-12-21,8.393
2019-12-22,8.393
2019-12-23,8.333
2019-12-24,8.333
2019-12-25,8.333
2019-12-26,8.333
2019-12-27,8.333
2019-12-28,8.333
2019-12-29,8.333
2020-01-01,8.71
2020-01-02,8.71
2020-01-03,8.71
2020-01-04,8.71
2020-01-05,8.71
2020-01-06,8.71
2020-01-06,9.398
2020-01-07,8.71
2020-01-07,9.398
2020-01-08,9.398
2020-01-09,9.398
2020-01-10,9.398
2020-01-11,9.398
2020-01-12,9.398
2020-01-13,9.917
2020-01-14,9.917
2020-01-15,9.917
2020-01-16,9.917
2020-01-17,9.917
2020-01-18,9.917
2020-01-19,9.917
2020-01-20,9.954
2020-01-21,9.954
2020-01-22,9.954
2020-01-23,9.954
2020-01-24,9.954
2020-01-25,9.954
2020-01-26,9.954
2020-01-27,9.974
2020-01-28,9.974
2020-01-29,9.974
2020-01-30,9.974
2020-01-31,9.974
2020-02-01,9.974
2020-02-02,9.974
2020-02-03,9.192
2020-02-04,9.192
2020-02-05,9.192
2020-02-06,9.192
2020-02-07,9.192
2020-02-08,9.192
2020-02-09,9.192
2020-02-10,8.839
2020-02-11,8.839
2020-02-12,8.839
2020-02-13,8.839
2020-02-14,8.839
2020-02-15,8.839
2020-02-16,8.839
2020-02-17,8.413
2020-02-18,8.413
2020-02-19,8.413
2020-02-20,8.413
2020-02-21,8.413
2020-02-22,8.413
2020-02-23,8.413
2020-02-24,8.379
2020-02-25,8.379
2020-02-26,8.379
2020-02-27,8.379
2020-02-28,8.379
2020-02-29,8.379
2020-03-01,8.379
2020-03-02,8.465
2020-03-03,8.465
2020-03-04,8.465
2020-03-05,8.465
2020-03-06,8.465
2020-03-07,8.465
2020-03-08,8.465
2020-03-09,9.481
2020-03-10,9.481
2020-03-11,9.481
2020-03-12,9.481
2020-03-13,9.481
2020-03-14,9.481
2020-03-15,9.481
2020-03-16,12.843
2020-03-17,12.843
2020-03-18,12.843
2020-03-19,12.843
2020-03-20,12.843
2020-03-21,12.843
2020-03-22,12.843
2020-03-23,19.828
2020-03-24,19.828
2020-03-25,19.828
2020-03-26,19.828
2020-03-27,19.828
2020-03-28,19.828
2020-03-29,19.828
2020-03-30,20.967
2020-03-31,20.967
2020-04-01,20.967
2020-04-02,20.967
2020-04-03,20.967
2020-04-04,20.967
2020-04-05,20.967
2020-04-06,17.325
2020-04-07,17.325
2020-04-08,17.325
2020-04-09,17.325
2020-04-10,17.325
2020-04-11,17.325
2020-04-12,17.325
2020-04-13,13.244
2020-04-14,13.244
2020-04-15,13.244
2020-04-16,13.244
2020-04-17,13.244
2020-04-18,13.244
2020-04-19,13.244
2020-04-20,10.452
2020-04-21,10.452
2020-04-22,10.452
2020-04-23,10.452
2020-04-24,10.452
2020-04-25,10.452
2020-04-26,10.452
2020-04-27,9.008
2020-04-28,9.008
2020-04-29,9.008
2020-04-30,9.008
2020-05-01,9.008
2020-05-02,9.008
2020-05-03,9.008
2020-05-04,8.458
2020-05-05,8.458
2020-05-06,8.458
2020-05-07,8.458
2020-05-08,8.458
2020-05-09,8.458
2020-05-10,8.458
2020-05-11,7.536
2020-05-12,7.536
2020-05-13,7.536
2020-05-14,7.536
2020-05-15,7.536
2020-05-16,7.536
2020-05-17,7.536
2020-05-18,7.643
2020-05-19,7.643
2020-05-20,7.643
2020-05-21,7.643
2020-05-22,7.643
2020-05-23,7.643
2020-05-24,7.643
2020-05-25,7.62
2020-05-26,7.62
2020-05-27,7.62
2020-05-28,7.62
2020-05-29,7.62
2020-05-30,7.62
2020-05-31,7.62
2020-06-01,7.144
2020-06-02,7.144
2020-06-03,7.144
2020-06-04,7.144
2020-06-05,7.144
2020-06-06,7.144
2020-06-07,7.144
2020-06-08,6.849
2020-06-09,6.849
2020-06-10,6.849
2020-06-11,6.849
2020-06-12,6.849
2020-06-13,6.849
2020-06-14,6.849
2020-06-15,7.032
2020-06-16,7.032
2020-06-17,7.032
2020-06-18,7.032
2020-06-19,7.032
2020-06-20,7.032
2020-06-21,7.032
2020-06-22,7.512
2020-06-23,7.512
2020-06-24,7.512
2020-06-25,7.512
2020-06-26,7.512
2020-06-27,7.512
2020-06-28,7.512
2020-06-29,7.635
2020-06-30,7.635
2020-07-01,7.635
2020-07-02,7.635
2020-07-03,7.635
2020-07-04,7.635
2020-07-05,7.635
2020-07-06,7.732
2020-07-07,7.732
2020-07-08,7.732
2020-07-09,7.732
2020-07-10,7.732
2020-07-11,7.732
2020-07-12,7.732
2020-07-13,7.562
2020-07-14,7.562
2020-07-15,7.562
2020-07-16,7.562
2020-07-17,7.562
2020-07-18,7.562
2020-07-19,7.562
2020-07-20,7.827
2020-07-21,7.827
2020-07-22,7.827
2020-07-23,7.827
2020-07-24,7.827
2020-07-25,7.827
2020-07-26,7.827
2020-07-27,8.589
2020-07-28,8.589
2020-07-29,8.589
2020-07-30,8.589
2020-07-31,8.589
2020-08-01,8.589
2020-08-02,8.589
2020-08-03,8.394
2020-08-04,8.394
2020-08-05,8.394
2020-08-06,8.394
2020-08-07,8.394
2020-08-08,8.394
2020-08-09,8.394
2020-08-10,8.17
2020-08-11,8.17
2020-08-12,8.17
2020-08-13,8.17
2020-08-14,8.17
2020-08-15,8.17
2020-08-16,8.17
2020-08-17,7.886
2020-08-18,7.886
2020-08-19,7.886
2020-08-20,7.886
2020-08-21,7.886
2020-08-22,7.886
2020-08-23,7.886
2020-08-24,7.954
2020-08-25,7.954
2020-08-26,7.954
2020-08-27,7.954
2020-08-28,7.954
2020-08-29,7.954
2020-08-30,7.954
2020-08-31,7.777
2020-09-01,7.777
2020-09-02,7.777
2020-09-03,7.777
2020-09-04,7.777
2020-09-05,7.777
2020-09-06,7.777
2020-09-07,7.998
2020-09-08,7.998
2020-09-09,7.998
2020-09-10,7.998
2020-09-11,7.998
2020-09-12,7.998
2020-09-13,7.998
2020-09-14,8.168
2020-09-15,8.168
2020-09-16,8.168
2020-09-17,8.168
2020-09-18,8.168
2020-09-19,8.168
2020-09-20,8.168
2020-09-21,8.064
2020-09-22,8.064
2020-09-23,8.064
2020-09-24,8.064
2020-09-25,8.064
2020-09-26,8.064
2020-09-27,8.064
2020-09-28,8.188
2020-09-29,8.188
2020-09-30,8.188
2020-10-01,8.188
2020-10-02,8.188
2020-10-03,8.188
2020-10-04,8.188
2020-10-05,8.593
2020-10-06,8.593
2020-10-07,8.593
2020-10-08,8.593
2020-10-09,8.593
2020-10-10,8.593
2020-10-11,8.593
2020-10-12,8.594
2020-10-13,8.594
2020-10-14,8.594
2020-10-15,8.594
2020-10-16,8.594
2020-10-17,8.594
2020-10-18,8.594
2020-10-19,9.47
2020-10-20,9.47
2020-10-21,9.47
2020-10-22,9.47
2020-10-23,9.47
2020-10-24,9.47
2020-10-25,9.47
2020-10-26,9.596
2020-10-27,9.596
2020-10-28,9.596
2020-10-29,9.596
2020-10-30,9.596
2020-10-31,9.596
2020-11-01,9.596
2020-11-02,10.316
2020-11-03,10.316
2020-11-04,10.316
2020-11-05,10.316
2020-11-06,10.316
2020-11-07,10.316
2020-11-08,10.316
2020-11-09,10.03
2020-11-10,10.03
2020-11-11,10.03
2020-11-12,10.03
2020-11-13,10.03
2020-11-14,10.03
2020-11-15,10.03
2020-11-16,9.695
2020-11-17,9.695
2020-11-18,9.695
2020-11-19,9.695
2020-11-20,9.695
2020-11-21,9.695
2020-11-22,9.695
2020-11-23,9.534
2020-11-24,9.534
2020-11-25,9.534
2020-11-26,9.534
2020-11-27,9.534
2020-11-28,9.534
2020-11-29,9.534
2020-11-30,9.541
2020-12-01,9.541
2020-12-02,9.541
2020-12-03,9.541
2020-12-04,9.541
2020-12-05,9.541
2020-12-06,9.541
2020-12-07,9.534
2020-12-08,9.534
2020-12-09,9.534
2020-12-10,9.534
2020-12-11,9.534
2020-12-12,9.534
2020-12-13,9.534
2020-12-14,9.287
2020-12-15,9.287
2020-12-16,9.287
2020-12-17,9.287
2020-12-18,9.287
2020-12-19,9.287
2020-12-20,9.287
2020-12-21,9.015
2020-12-22,9.015
2020-12-23,9.015
2020-12-24,9.015
2020-12-25,9.015
2020-12-26,9.015
2020-12-27,9.015
2020-12-28,9.524
2020-12-28,10.47
2020-12-29,9.524
2020-12-29,10.47
2020-12-30,9.524
2020-12-30,10.47
2020-12-31,9.524
2020-12-31,10.47
2021-01-01,9.524
2021-01-01,10.47
2021-01-02,9.524
2021-01-02,10.47
2021-01-03,9.524
2021-01-03,10.47
2021-01-04,11.858
2021-01-05,11.858
2021-01-06,11.858
2021-01-07,11.858
2021-01-08,11.858
2021-01-09,11.858
2021-01-10,11.858
2021-01-11,12.95
2021-01-12,12.95
2021-01-13,12.95
2021-01-14,12.95
2021-01-15,12.95
2021-01-16,12.95
2021-01-17,12.95
2021-01-18,12.701
2021-01-19,12.701
2021-01-20,12.701
2021-01-21,12.701
2021-01-22,12.701
2021-01-23,12.701
2021-01-24,12.701
2021-01-25,11.571
2021-01-26,11.571
2021-01-27,11.571
2021-01-28,11.571
2021-01-29,11.571
2021-01-30,11.571
2021-01-31,11.571
2021-02-01,10.368
2021-02-02,10.368
2021-02-03,10.368
2021-02-04,10.368
2021-02-05,10.368
2021-02-06,10.368
2021-02-07,10.368
2021-02-08,9.488
2021-02-09,9.488
2021-02-10,9.488
2021-02-11,9.488
2021-02-12,9.488
2021-02-13,9.488
2021-02-14,9.488
2021-02-15,9.032
2021-02-16,9.032
2021-02-17,9.032
2021-02-18,9.032
2021-02-19,9.032
2021-02-20,9.032
2021-02-21,9.032
2021-02-22,8.542
2021-02-23,8.542
2021-02-24,8.542
2021-02-25,8.542
2021-02-26,8.542
2021-02-27,8.542
2021-02-28,8.542
2021-03-01,8.318
2021-03-02,8.318
2021-03-03,8.318
2021-03-04,8.318
2021-03-05,8.318
2021-03-06,8.318
2021-03-07,8.318
2021-03-08,8.077
2021-03-09,8.077
2021-03-10,8.077
2021-03-11,8.077
2021-03-12,8.077
2021-03-13,8.077
2021-03-14,8.077
2021-03-15,8.189
2021-03-16,8.189
2021-03-17,8.189
2021-03-18,8.189
2021-03-19,8.189
2021-03-20,8.189
2021-03-21,8.189
2021-03-22,8.195
2021-03-23,8.195
2021-03-24,8.195
2021-03-25,8.195
2021-03-26,8.195
2021-03-27,8.195
2021-03-28,8.195
2021-03-29,8.08
2021-03-30,8.08
2021-03-31,8.08
2021-04-01,8.08
2021-04-02,8.08
2021-04-03,8.08
2021-04-04,8.08
2021-04-05,7.947
2021-04-06,7.947
2021-04-07,7.947
2021-04-08,7.947
2021-04-09,7.947
2021-04-10,7.947
2021-04-11,7.947
2021-04-12,8.084
2021-04-13,8.084
2021-04-14,8.084
2021-04-15,8.084
2021-04-16,8.084
2021-04-17,8.084
2021-04-18,8.084
2021-04-19,7.867
2021-04-20,7.867
2021-04-21,7.867
2021-04-22,7.867
2021-04-23,7.867
2021-04-24,7.867
2021-04-25,7.867
2021-04-26,8.062
2021-04-27,8.062
2021-04-28,8.062
2021-04-29,8.062
2021-04-30,8.062
2021-05-01,8.062
2021-05-02,8.062
2021-05-03,7.738
2021-05-04,7.738
2021-05-05,7.738
2021-05-06,7.738
2021-05-07,7.738
2021-05-08,7.738
2021-05-09,7.738
2021-05-10,7.606
2021-05-11,7.606
2021-05-12,7.606
2021-05-13,7.606
2021-05-14,7.606
2021-05-15,7.606
2021-05-16,7.606
2021-05-17,7.437
2021-05-18,7.437
2021-05-19,7.437
2021-05-20,7.437
2021-05-21,7.437
2021-05-22,7.437
2021-05-23,7.437
2021-05-24,7.353
2021-05-25,7.353
2021-05-26,7.353
2021-05-27,7.353
2021-05-28,7.353
2021-05-29,7.353
2021-05-30,7.353
2021-05-31,7.71
2021-06-01,7.71
2021-06-02,7.71
2021-06-03,7.71
2021-06-04,7.71
2021-06-05,7.71
2021-06-06,7.71
2021-06-07,7.799
2021-06-08,7.799
2021-06-09,7.799
2021-06-10,7.799
2021-06-11,7.799
2021-06-12,7.799
2021-06-13,7.799
2021-06-14,7.285
2021-06-15,7.285
2021-06-16,7.285
2021-06-17,7.285
2021-06-18,7.285
2021-06-19,7.285
2021-06-20,7.285
2021-06-21,7.557
2021-06-22,7.557
2021-06-23,7.557
2021-06-24,7.557
2021-06-25,7.557
2021-06-26,7.557
2021-06-27,7.557
2021-06-28,7.544
2021-06-29,7.544
2021-06-30,7.544
2021-07-01,7.544
2021-07-02,7.544
2021-07-03,7.544
2021-07-04,7.544
2021-07-05,7.563
2021-07-06,7.563
2021-07-07,7.563
2021-07-08,7.563
2021-07-09,7.563
2021-07-10,7.563
2021-07-11,7.563
2021-07-12,8.481
2021-07-13,8.481
2021-07-14,8.481
2021-07-15,8.481
2021-07-16,8.481
2021-07-17,8.481
2021-07-18,8.481
2021-07-19,8.362
2021-07-20,8.362
2021-07-21,8.362
2021-07-22,8.362
2021-07-23,8.362
2021-07-24,8.362
2021-07-25,8.362
2021-07-26,8.642
2021-07-27,8.642
2021-07-28,8.642
2021-07-29,8.642
2021-07-30,8.642
2021-07-31,8.642
2021-08-01,8.642
2021-08-02,8.86
2021-08-03,8.86
2021-08-04,8.86
2021-08-05,8.86
2021-08-06,8.86
2021-08-07,8.86
2021-08-08,8.86
2021-08-09,8.766
2021-08-10,8.766
2021-08-11,8.766
2021-08-12,8.766
2021-08-13,8.766
2021-08-14,8.766
2021-08-15,8.766
2021-08-16,8.214
2021-08-17,8.214
2021-08-18,8.214
2021-08-19,8.214
2021-08-20,8.214
2021-08-21,8.214
2021-08-22,8.214
2021-08-23,7.936
2021-08-24,7.936
2021-08-25,7.936
2021-08-26,7.936
2021-08-27,7.936
2021-08-28,7.936
2021-08-29,7.936
2021-08-30,7.895
2021-08-31,7.895
2021-09-01,7.895
2021-09-02,7.895
2021-09-03,7.895
2021-09-04,7.895
2021-09-05,7.895
2021-09-06,7.504
2021-09-07,7.504
2021-09-08,7.504
2021-09-09,7.504
2021-09-10,7.504
2021-09-11,7.504
2021-09-12,7.504
2021-09-13,7.43
2021-09-14,7.43
2021-09-15,7.43
2021-09-16,7.43
2021-09-17,7.43
2021-09-18,7.43
2021-09-19,7.43
2021-09-20,7.548
2021-09-21,7.548
2021-09-22,7.548
2021-09-23,7.548
2021-09-24,7.548
2021-09-25,7.548
2021-09-26,7.548
2021-09-27,7.526
2021-09-28,7.526
2021-09-29,7.526
2021-09-30,7.526
2021-10-01,7.526
2021-10-02,7.526
2021-10-03,7.526
2021-10-04,7.586
2021-10-05,7.586
2021-10-06,7.586
2021-10-07,7.586
2021-10-08,7.586
2021-10-09,7.586
2021-10-10,7.586
2021-10-11,7.744
2021-10-12,7.744
2021-10-13,7.744
2021-10-14,7.744
2021-10-15,7.744
2021-10-16,7.744
2021-10-17,7.744
2021-10-18,8.179
2021-10-19,8.179
2021-10-20,8.179
2021-10-21,8.179
2021-10-22,8.179
2021-10-23,8.179
2021-10-24,8.179
2021-10-25,7.821
2021-10-26,7.821
2021-10-27,7.821
2021-10-28,7.821
2021-10-29,7.821
2021-10-30,7.821
2021-10-31,7.821
2021-11-01,8.717
2021-11-02,8.717
2021-11-03,8.717
2021-11-04,8.717
2021-11-05,8.717
2021-11-06,8.717
2021-11-07,8.717
2021-11-08,8.793
2021-11-09,8.793
2021-11-10,8.793
2021-11-11,8.793
2021-11-12,8.793
2021-11-13,8.793
2021-11-14,8.793
2021-11-15,8.846
2021-11-16,8.846
2021-11-17,8.846
2021-11-18,8.846
2021-11-19,8.846
2021-11-20,8.846
2021-11-21,8.846
2021-11-22,9.386
2021-11-23,9.386
2021-11-24,9.386
2021-11-25,9.386
2021-11-26,9.386
2021-11-27,9.386
2021-11-28,9.386
2021-11-29,9.017
2021-11-30,9.017
2021-12-01,9.017
2021-12-02,9.017
2021-12-03,9.017
2021-12-04,9.017
2021-12-05,9.017
2021-12-06,9.503
2021-12-07,9.503
2021-12-08,9.503
2021-12-09,9.503
2021-12-10,9.503
2021-12-11,9.503
2021-12-12,9.503
2021-12-13,9.78
2021-12-14,9.78
2021-12-15,9.78
2021-12-16,9.78
2021-12-17,9.78
2021-12-18,9.78
2021-12-19,9.78
2021-12-20,9.845
2021-12-21,9.845
2021-12-22,9.845
2021-12-23,9.845
2021-12-24,9.845
2021-12-25,9.845
2021-12-26,9.845
2021-12-27,9.904
2021-12-28,9.904
2021-12-29,9.904
2021-12-30,9.904
2021-12-31,9.904
2022-01-01,9.904
2022-01-02,9.904
2022-01-03,10.626
2022-01-04,10.626
2022-01-05,10.626
2022-01-06,10.626
2022-01-07,10.626
2022-01-08,10.626
2022-01-09,10.626
2022-01-10,10.815
2022-01-11,10.815
2022-01-12,10.815
2022-01-13,10.815
2022-01-14,10.815
2022-01-15,10.815
2022-01-16,10.815
2022-01-17,11.166
2022-01-18,11.166
2022-01-19,11.166
2022-01-20,11.166
2022-01-21,11.166
2022-01-22,11.166
2022-01-23,11.166
2022-01-24,10.848
2022-01-25,10.848
2022-01-26,10.848
2022-01-27,10.848
2022-01-28,10.848
2022-01-29,10.848
2022-01-30,10.848
2022-01-31,10.071
2022-02-01,10.071
2022-02-02,10.071
2022-02-03,10.071
2022-02-04,10.071
2022-02-05,10.071
2022-02-06,10.071
2022-02-07,9.281
2022-02-08,9.281
2022-02-09,9.281
2022-02-10,9.281
2022-02-11,9.281
2022-02-12,9.281
2022-02-13,9.281
2022-02-14,8.887
2022-02-15,8.887
2022-02-16,8.887
2022-02-17,8.887
2022-02-18,8.887
2022-02-19,8.887
2022-02-20,8.887
2022-02-21,8.657
2022-02-22,8.657
2022-02-23,8.657
2022-02-24,8.657
2022-02-25,8.657
2022-02-26,8.657
2022-02-27,8.657
2022-02-28,8.488
2022-03-01,8.488
2022-03-02,8.488
2022-03-03,8.488
2022-03-04,8.488
2022-03-05,8.488
2022-03-06,8.488
2022-03-07,8.535
2022-03-08,8.535
2022-03-09,8.535
2022-03-10,8.535
2022-03-11,8.535
2022-03-12,8.535
2022-03-13,8.535
2022-03-14,8.486
2022-03-15,8.486
2022-03-16,8.486
2022-03-17,8.486
2022-03-18,8.486
2022-03-19,8.486
2022-03-20,8.486
2022-03-21,8.483
2022-03-22,8.483
2022-03-23,8.483
2022-03-24,8.483
2022-03-25,8.483
2022-03-26,8.483
2022-03-27,8.483
2022-03-28,8.665
2022-03-29,8.665
2022-03-30,8.665
2022-03-31,8.665
2022-04-01,8.665
2022-04-02,8.665
2022-04-03,8.665
2022-04-04,8.67
2022-04-05,8.67
2022-04-06,8.67
2022-04-07,8.67
2022-04-08,8.67
2022-04-09,8.67
2022-04-10,8.67
2022-04-11,8.378
2022-04-12,8.378
2022-04-13,8.378
2022-04-14,8.378
2022-04-15,8.378
2022-04-16,8.378
2022-04-17,8.378
2022-04-18,8.468
2022-04-19,8.468
2022-04-20,8.468
2022-04-21,8.468
2022-04-22,8.468
2022-04-23,8.468
2022-04-24,8.468
2022-04-25,8.478
2022-04-26,8.478
2022-04-27,8.478
2022-04-28,8.478
2022-04-29,8.478
2022-04-30,8.478
2022-05-01,8.478
2022-05-02,8.8
2022-05-03,8.8
2022-05-04,8.8
2022-05-05,8.8
2022-05-06,8.8
2022-05-07,8.8
2022-05-08,8.8
2022-05-09,8.881
2022-05-10,8.881
2022-05-11,8.881
2022-05-12,8.881
2022-05-13,8.881
2022-05-14,8.881
2022-05-15,8.881
2022-05-16,8.194
2022-05-17,8.194
2022-05-18,8.194
2022-05-19,8.194
2022-05-20,8.194
2022-05-21,8.194
2022-05-22,8.194
2022-05-23,8.116
2022-05-24,8.116
2022-05-25,8.116
2022-05-26,8.116
2022-05-27,8.116
2022-05-28,8.116
2022-05-29,8.116
2022-05-30,8.14
2022-05-31,8.14
2022-06-01,8.14
2022-06-02,8.14
2022-06-03,8.14
2022-06-04,8.14
2022-06-05,8.14
2022-06-06,9.308
2022-06-07,9.308
2022-06-08,9.308
2022-06-09,9.308
2022-06-10,9.308
2022-06-11,9.308
2022-06-12,9.308
2022-06-13,8.52
2022-06-14,8.52
2022-06-15,8.52
2022-06-16,8.52
2022-06-17,8.52
2022-06-18,8.52
2022-06-19,8.52
2022-06-20,8.566
2022-06-21,8.566
2022-06-22,8.566
2022-06-23,8.566
2022-06-24,8.566
2022-06-25,8.566
2022-06-26,8.566
2022-06-27,9.067
2022-06-28,9.067
2022-06-29,9.067
2022-06-30,9.067
2022-07-01,9.067
2022-07-02,9.067
2022-07-03,9.067
2022-07-04,10.856
2022-07-05,10.856
2022-07-06,10.856
2022-07-07,10.856
2022-07-08,10.856
2022-07-09,10.856
2022-07-10,10.856
2022-07-11,10.965
2022-07-12,10.965
2022-07-13,10.965
2022-07-14,10.965
2022-07-15,10.965
2022-07-16,10.965
2022-07-17,10.965
2022-07-18,9.925
2022-07-19,9.925
2022-07-20,9.925
2022-07-21,9.925
2022-07-22,9.925
2022-07-23,9.925
2022-07-24,9.925
2022-07-25,9.437
2022-07-26,9.437
2022-07-27,9.437
2022-07-28,9.437
2022-07-29,9.437
2022-07-30,9.437
2022-07-31,9.437
2022-08-01,9.249
2022-08-02,9.249
2022-08-03,9.249
2022-08-04,9.249
2022-08-05,9.249
2022-08-06,9.249
2022-08-07,9.249
2022-08-08,8.08
2022-08-09,8.08
2022-08-10,8.08
2022-08-11,8.08
2022-08-12,8.08
2022-08-13,8.08
2022-08-14,8.08
2022-08-15,8.154
2022-08-16,8.154
2022-08-17,8.154
2022-08-18,8.154
2022-08-19,8.154
2022-08-20,8.154
2022-08-21,8.154
2022-08-22,7.645
2022-08-23,7.645
2022-08-24,7.645
2022-08-25,7.645
2022-08-26,7.645
2022-08-27,7.645
2022-08-28,7.645
2022-08-29,7.615
2022-08-30,7.615
2022-08-31,7.615
2022-09-01,7.615
2022-09-02,7.615
2022-09-03,7.615
2022-09-04,7.615
2022-09-05,7.567
2022-09-06,7.567
2022-09-07,7.567
2022-09-08,7.567
2022-09-09,7.567
2022-09-10,7.567
2022-09-11,7.567
2022-09-12,7.339
2022-09-13,7.339
2022-09-14,7.339
2022-09-15,7.339
2022-09-16,7.339
2022-09-17,7.339
2022-09-18,7.339
2022-09-19,7.495
2022-09-20,7.495
2022-09-21,7.495
2022-09-22,7.495
2022-09-23,7.495
2022-09-24,7.495
2022-09-25,7.495
2022-09-26,7.931
2022-09-27,7.931
2022-09-28,7.931
2022-09-29,7.931
2022-09-30,7.931
2022-10-01,7.931
2022-10-02,7.931
2022-10-03,7.743
2022-10-04,7.743
2022-10-05,7.743
2022-10-06,7.743
2022-10-07,7.743
2022-10-08,7.743
2022-10-09,7.743
2022-10-10,8.115
2022-10-11,8.115
2022-10-12,8.115
2022-10-13,8.115
2022-10-14,8.115
2022-10-15,8.115
2022-10-16,8.115
2022-10-17,7.904
2022-10-18,7.904
2022-10-19,7.904
2022-10-20,7.904
2022-10-21,7.904
2022-10-22,7.904
2022-10-23,7.904
2022-10-24,7.643
2022-10-25,7.643
2022-10-26,7.643
2022-10-27,7.643
2022-10-28,7.643
2022-10-29,7.643
2022-10-30,7.643
2022-10-31,8.187
2022-11-01,8.187
2022-11-02,8.187
2022-11-03,8.187
2022-11-04,8.187
2022-11-05,8.187
2022-11-06,8.187
2022-11-07,8.39
2022-11-08,8.39
2022-11-09,8.39
2022-11-10,8.39
2022-11-11,8.39
2022-11-12,8.39
2022-11-13,8.39
2022-11-14,8.498
2022-11-15,8.498
2022-11-16,8.498
2022-11-17,8.498
2022-11-18,8.498
2022-11-19,8.498
2022-11-20,8.498
2022-11-21,8.981
2022-11-22,8.981
2022-11-23,8.981
2022-11-24,8.981
2022-11-25,8.981
2022-11-26,8.981
2022-11-27,8.981
2022-11-28,9.422
2022-11-29,9.422
2022-11-30,9.422
2022-12-01,9.422
2022-12-02,9.422
2022-12-03,9.422
2022-12-04,9.422
2022-12-05,9.466
2022-12-06,9.466
2022-12-07,9.466
2022-12-08,9.466
2022-12-09,9.466
2022-12-10,9.466
2022-12-11,9.466
2022-12-12,9.717
2022-12-13,9.717
2022-12-14,9.717
2022-12-15,9.717
2022-12-16,9.717
2022-12-17,9.717
2022-12-18,9.717
2022-12-19,9.656
2022-12-20,9.656
2022-12-21,9.656
2022-12-22,9.656
2022-12-23,9.656
2022-12-24,9.656
2022-12-25,9.656
2022-12-26,9.975
2022-12-27,9.975
2022-12-28,9.975
2022-12-29,9.975
2022-12-30,9.975
2022-12-31,9.975
2023-01-01,9.975
2023-01-02,10.064
2023-01-03,10.064
2023-01-04,10.064
2023-01-05,10.064
2023-01-06,10.064
2023-01-07,10.064
2023-01-08,10.064
2023-01-09,9.902
2023-01-10,9.902
2023-01-11,9.902
2023-01-12,9.902
2023-01-13,9.902
2023-01-14,9.902
2023-01-15,9.902
2023-01-16,9.717
2023-01-17,9.717
2023-01-18,9.717
2023-01-19,9.717
2023-01-20,9.717
2023-01-21,9.717
2023-01-22,9.717
2023-01-23,10.166
2023-01-24,10.166
2023-01-25,10.166
2023-01-26,10.166
2023-01-27,10.166
2023-01-28,10.166
2023-01-29,10.166
2023-01-30,10.177
2023-01-31,10.177
2023-02-01,10.177
2023-02-02,10.177
2023-02-03,10.177
2023-02-04,10.177
2023-02-05,10.177
2023-02-06,9.814
2023-02-07,9.814
2023-02-08,9.814
2023-02-09,9.814
2023-02-10,9.814
2023-02-11,9.814
2023-02-12,9.814
2023-02-13,9.637
2023-02-14,9.637
2023-02-15,9.637
2023-02-16,9.637
2023-02-17,9.637
2023-02-18,9.637
2023-02-19,9.637
2023-02-20,9.589
2023-02-21,9.589
2023-02-22,9.589
2023-02-23,9.589
2023-02-24,9.589
2023-02-25,9.589
2023-02-26,9.589
2023-02-27,9.668
2023-02-28,9.668
2023-03-01,9.668
2023-03-02,9.668
2023-03-03,9.668
2023-03-04,9.668
2023-03-05,9.668
2023-03-06,8.915
2023-03-07,8.915
2023-03-08,8.915
2023-03-09,8.915
2023-03-10,8.915
2023-03-11,8.915
2023-03-12,8.915
2023-03-13,8.374
2023-03-14,8.374
2023-03-15,8.374
2023-03-16,8.374
2023-03-17,8.374
2023-03-18,8.374
2023-03-19,8.374
2023-03-20,8.3
2023-03-21,8.3
2023-03-22,8.3
2023-03-23,8.3
2023-03-24,8.3
2023-03-25,8.3
2023-03-26,8.3
2023-03-27,8.085
2023-03-28,8.085
2023-03-29,8.085
2023-03-30,8.085
2023-03-31,8.085
2023-04-01,8.085
2023-04-02,8.085
2023-04-03,8.173
2023-04-04,8.173
2023-04-05,8.173
2023-04-06,8.173
2023-04-07,8.173
2023-04-08,8.173
2023-04-09,8.173
2023-04-10,8.014
2023-04-11,8.014
2023-04-12,8.014
2023-04-13,8.014
2023-04-14,8.014
2023-04-15,8.014
2023-04-16,8.014
2023-04-17,8.108
2023-04-18,8.108
2023-04-19,8.108
2023-04-20,8.108
2023-04-21,8.108
2023-04-22,8.108
2023-04-23,8.108
2023-04-24,7.583
2023-04-25,7.583
2023-04-26,7.583
2023-04-27,7.583
2023-04-28,7.583
2023-04-29,7.583
2023-04-30,7.583
2023-05-01,7.529
2023-05-02,7.529
2023-05-03,7.529
2023-05-04,7.529
2023-05-05,7.529
2023-05-06,7.529
2023-05-07,7.529
2023-05-08,7.55
2023-05-09,7.55
2023-05-10,7.55
2023-05-11,7.55
2023-05-12,7.55
2023-05-13,7.55
2023-05-14,7.55
2023-05-15,7.75
2023-05-16,7.75
2023-05-17,7.75
2023-05-18,7.75
2023-05-19,7.75
2023-05-20,7.75
2023-05-21,7.75
2023-05-22,7.544
2023-05-23,7.544
2023-05-24,7.544
2023-05-25,7.544
2023-05-26,7.544
2023-05-27,7.544
2023-05-28,7.544
2023-05-29,7.638
2023-05-30,7.638
2023-05-31,7.638
2023-06-01,7.638
2023-06-02,7.638
2023-06-03,7.638
2023-06-04,7.638
2023-06-05,7.579
2023-06-06,7.579
2023-06-07,7.579
2023-06-08,7.579
2023-06-09,7.579
2023-06-10,7.579
2023-06-11,7.579
2023-06-12,7.429
2023-06-13,7.429
2023-06-14,7.429
2023-06-15,7.429
2023-06-16,7.429
2023-06-17,7.429
2023-06-18,7.429
2023-06-19,7.71
2023-06-20,7.71
2023-06-21,7.71
2023-06-22,7.71
2023-06-23,7.71
2023-06-24,7.71
2023-06-25,7.71
2023-06-26,7.41
2023-06-27,7.41
2023-06-28,7.41
2023-06-29,7.41
2023-06-30,7.41
2023-07-01,7.41
2023-07-02,7.41
2023-07-03,7.668
2023-07-04,7.668
2023-07-05,7.668
2023-07-06,7.668
2023-07-07,7.668
2023-07-08,7.668
2023-07-09,7.668
2023-07-10,7.821
2023-07-11,7.821
2023-07-12,7.821
2023-07-13,7.821
2023-07-14,7.821
2023-07-15,7.821
2023-07-16,7.821
2023-07-17,7.478
2023-07-18,7.478
2023-07-19,7.478
2023-07-20,7.478
2023-07-21,7.478
2023-07-22,7.478
2023-07-23,7.478
2023-07-24,7.628
2023-07-25,7.628
2023-07-26,7.628
2023-07-27,7.628
2023-07-28,7.628
2023-07-29,7.628
2023-07-30,7.628
2023-07-31,7.712
2023-08-01,7.712
2023-08-02,7.712
2023-08-03,7.712
2023-08-04,7.712
2023-08-05,7.712
2023-08-06,7.712
2023-08-07,7.802
2023-08-08,7.802
2023-08-09,7.802
2023-08-10,7.802
2023-08-11,7.802
2023-08-12,7.802
2023-08-13,7.802
2023-08-14,8.624
2023-08-15,8.624
2023-08-16,8.624
2023-08-17,8.624
2023-08-18,8.624
2023-08-19,8.624
2023-08-20,8.624
2023-08-21,7.83
2023-08-22,7.83
2023-08-23,7.83
2023-08-24,7.83
2023-08-25,7.83
2023-08-26,7.83
2023-08-27,7.83
2023-08-28,7.602
2023-08-29,7.602
2023-08-30,7.602
2023-08-31,7.602
2023-09-01,7.602
2023-09-02,7.602
2023-09-03,7.602
2023-09-04,7.31
2023-09-05,7.31
2023-09-06,7.31
2023-09-07,7.31
2023-09-08,7.31
2023-09-09,7.31
2023-09-10,7.31
2023-09-11,7.361
2023-09-12,7.361
2023-09-13,7.361
2023-09-14,7.361
2023-09-15,7.361
2023-09-16,7.361
2023-09-17,7.361
2023-09-18,7.478
2023-09-19,7.478
2023-09-20,7.478
2023-09-21,7.478
2023-09-22,7.478
2023-09-23,7.478
2023-09-24,7.478
2023-09-25,7.792
2023-09-26,7.792
2023-09-27,7.792
2023-09-28,7.792
2023-09-29,7.792
2023-09-30,7.792
2023-10-01,7.792
2023-10-02,7.549
2023-10-03,7.549
2023-10-04,7.549
2023-10-05,7.549
2023-10-06,7.549
2023-10-07,7.549
2023-10-08,7.549
2023-10-09,7.56
2023-10-10,7.56
2023-10-11,7.56
2023-10-12,7.56
2023-10-13,7.56
2023-10-14,7.56
2023-10-15,7.56
2023-10-16,7.668
2023-10-17,7.668
2023-10-18,7.668
2023-10-19,7.668
2023-10-20,7.668
2023-10-21,7.668
2023-10-22,7.668
2023-10-23,7.641
2023-10-24,7.641
2023-10-25,7.641
2023-10-26,7.641
2023-10-27,7.641
2023-10-28,7.641
2023-10-29,7.641
2023-10-30,8.075
2023-10-31,8.075
2023-11-01,8.075
2023-11-02,8.075
2023-11-03,8.075
2023-11-04,8.075
2023-11-05,8.075
2023-11-06,8.17
2023-11-07,8.17
2023-11-08,8.17
2023-11-09,8.17
2023-11-10,8.17
2023-11-11,8.17
2023-11-12,8.17
2023-11-13,7.976
2023-11-14,7.976
2023-11-15,7.976
2023-11-16,7.976
2023-11-17,7.976
2023-11-18,7.976
2023-11-19,7.976
2023-11-20,8.403
2023-11-21,8.403
2023-11-22,8.403
2023-11-23,8.403
2023-11-24,8.403
2023-11-25,8.403
2023-11-26,8.403
